[{"internal": false, "data": [["Han_Com_Sec", "0"], "0"], "perc": 7.479384961258982, "Vil_Nam": "Bore", "Stat_Nam": "JAMMU & KASHMIR", "metric": 4309055.124814324, "value_global_local": {"HIMACHAL PRADESH": {"global_perc": 0.1376027066215563, "local_perc": 0.06112590175197526}, "JAMMU & KASHMIR": {"global_perc": 0.07920036624446818, "local_perc": 0.011143077980075576}, "MANIPUR": {"global_perc": 0.0019372336303758234, "local_perc": 0.00010735142562693232}, "NAGALAND": {"global_perc": 0.037815126050420166, "local_perc": 0.0011593953967708691}, "RAJASTHAN": {"global_perc": 0.9657727435530086, "local_perc": 0.9262925111645482}, "UTTAR PRADESH": {"global_perc": 7.492460711409145e-05, "local_perc": 0.00017176228100309173}}, "partition_field": "Stat_Nam"}, {"internal": false, "data": [["Han_Com_Sec", "Nil"], "Nil"], "perc": 0.09651130113613553, "Vil_Nam": "Chorli", "Stat_Nam": "JAMMU & KASHMIR", "metric": 59842.18973061946, "value_global_local": {"JAMMU & KASHMIR": {"global_perc": 0.09171371890737066, "local_perc": 1.0}}, "partition_field": "Stat_Nam"}, {"internal": false, "data": [["Han_Com_Sec", "NIL"], "NIL"], "perc": 0.08575213778152475, "Vil_Nam": "Bhander Koot", "Stat_Nam": "JAMMU & KASHMIR", "metric": 53154.379862700225, "value_global_local": {"ASSAM": {"global_perc": 0.0007198333017616972, "local_perc": 0.035580524344569285}, "CHANDIGARH": {"global_perc": 1.0, "local_perc": 0.009363295880149813}, "JAMMU & KASHMIR": {"global_perc": 0.07675873645658476, "local_perc": 0.9419475655430711}, "NAGALAND": {"global_perc": 0.0014005602240896359, "local_perc": 0.003745318352059925}, "West Bengal": {"global_perc": 0.00012432244268735393, "local_perc": 0.009363295880149813}}, "partition_field": "Stat_Nam"}, {"internal": false, "data": [["Han_Com_Sec", "BASKET MAKING"], "BASKET MAKING"], "perc": 0.048496527359588905, "Vil_Nam": "Banhpur (288)", "Stat_Nam": "HARYANA", "metric": 29985.451041792123, "value_global_local": {"Arunachal Pradesh": {"global_perc": 0.0003578457684737878, "local_perc": 0.006622516556291391}, "HARYANA": {"global_perc": 0.03873702675047508, "local_perc": 0.8774834437086093}, "MANIPUR": {"global_perc": 0.0019372336303758234, "local_perc": 0.016556291390728478}, "NAGALAND": {"global_perc": 0.0196078431372549, "local_perc": 0.09271523178807947}, "UTTAR PRADESH": {"global_perc": 9.365575889261431e-06, "local_perc": 0.0033112582781456954}, "West Bengal": {"global_perc": 2.4864488537470783e-05, "local_perc": 0.0033112582781456954}}, "partition_field": "Stat_Nam"}, {"internal": false, "data": [["Han_Com_Sec", "BASKET"], "BASKET"], "perc": 0.0332409972299169, "Vil_Nam": "Purdam", "Stat_Nam": "UTTARAKHAND", "metric": 20493.18559556787, "value_global_local": {"Arunachal Pradesh": {"global_perc": 0.008409375559134014, "local_perc": 0.22705314009661837}, "BIHAR": {"global_perc": 2.2284619155858625e-05, "local_perc": 0.004830917874396135}, "DAMAN & DIU": {"global_perc": 0.05263157894736842, "local_perc": 0.004830917874396135}, "HARYANA": {"global_perc": 0.00058470983774302, "local_perc": 0.01932367149758454}, "JHARKHAND": {"global_perc": 0.0010495770821757117, "local_perc": 0.1642512077294686}, "MANIPUR": {"global_perc": 0.008136381247578458, "local_perc": 0.10144927536231885}, "Meghalaya": {"global_perc": 0.0010235414534288639, "local_perc": 0.033816425120772944}, "NAGALAND": {"global_perc": 0.021708683473389355, "local_perc": 0.1497584541062802}, "TRIPURA": {"global_perc": 0.036571428571428574, "local_perc": 0.15458937198067632}, "UTTAR PRADESH": {"global_perc": 3.7462303557045726e-05, "local_perc": 0.01932367149758454}, "UTTARAKHAND": {"global_perc": 5.954862144941345e-05, "local_perc": 0.004830917874396135}, "West Bengal": {"global_perc": 0.0005967477248992988, "local_perc": 0.11594202898550725}}, "partition_field": "Stat_Nam"}, {"internal": false, "data": [["Han_Com_Sec", "ATA"], "ATA"], "perc": 0.03308041270223614, "Vil_Nam": "Majhiari Amad Chail", "Stat_Nam": "UTTAR PRADESH", "metric": 20393.251595808746, "value_global_local": {"UTTAR PRADESH": {"global_perc": 0.0019293086331878548, "local_perc": 1.0}}, "partition_field": "Stat_Nam"}, {"internal": false, "data": [["Han_Com_Sec", "WEAVING"], "WEAVING"], "perc": 0.030189891203982494, "Vil_Nam": "Wani Gam Pain", "Stat_Nam": "JAMMU & KASHMIR", "metric": 18594.384680236057, "value_global_local": {"Arunachal Pradesh": {"global_perc": 0.029522275899087493, "local_perc": 0.8776595744680851}, "JAMMU & KASHMIR": {"global_perc": 0.00015260186174271325, "local_perc": 0.005319148936170213}, "MANIPUR": {"global_perc": 0.00581170089112747, "local_perc": 0.0797872340425532}, "ODISHA": {"global_perc": 7.795295539142128e-05, "local_perc": 0.02127659574468085}, "Tamil Nadu": {"global_perc": 6.258213905751299e-05, "local_perc": 0.005319148936170213}, "West Bengal": {"global_perc": 4.972897707494157e-05, "local_perc": 0.010638297872340425}}, "partition_field": "Stat_Nam"}, {"internal": false, "data": [["Han_Com_Sec", "BAMBOO CRAFT"], "BAMBOO CRAFT"], "perc": 0.02794170781645189, "Vil_Nam": "Mahung (UR)", "Stat_Nam": "NAGALAND", "metric": 17195.19402625557, "value_global_local": {"ASSAM": {"global_perc": 0.0033339647660541767, "local_perc": 0.5057471264367817}, "CHHATTISGARH": {"global_perc": 9.937394415184339e-05, "local_perc": 0.011494252873563218}, "Meghalaya": {"global_perc": 0.00014622020763269483, "local_perc": 0.005747126436781609}, "NAGALAND": {"global_perc": 0.055322128851540614, "local_perc": 0.4540229885057471}, "West Bengal": {"global_perc": 9.945795414988313e-05, "local_perc": 0.022988505747126436}}, "partition_field": "Stat_Nam"}, {"internal": false, "data": [["Han_Com_Sec", "-"], "-"], "perc": 0.32438074591513105, "Vil_Nam": "Chausana Jaddid", "Stat_Nam": "UTTAR PRADESH", "metric": 201145.39965474326, "value_global_local": {"": {"global_perc": 0.0043775236801388735, "local_perc": 0.3445544554455445}, "-": {"global_perc": 0.9803921568627451, "local_perc": 0.1485148514851485}, "0": {"global_perc": 0.039046988749172735, "local_perc": 0.05841584158415842}, "1": {"global_perc": 0.002107882186197122, "local_perc": 0.4034653465346535}, "2": {"global_perc": 0.001233764473006318, "local_perc": 0.04504950495049505}}, "partition_field": "Near_Non_For_Train_Cen_Gov_1_Priv_2"}]