[{"internal": false, "data": [["Stat_Tow_Out_th_Stat_UT_if_near_on_is_not_wit_th_Stat_UT_Nam", "UP"], "UP"], "perc": 0.13970853908225944, "Vil_Nam": "Baparsa", "Stat_Nam": "UTTAR PRADESH", "metric": 85879.85065638926, "value_global_local": {"UTTAR PRADESH": {"global_perc": 0.008148051023657444, "local_perc": 1.0}}, "partition_field": "Stat_Nam"}, {"internal": false, "data": [["Stat_Tow_Out_th_Stat_UT_if_near_on_is_not_wit_th_Stat_UT_Nam", "BIHAR"], "BIHAR"], "perc": 0.12075956481592998, "Vil_Nam": "Mukhapi", "Stat_Nam": "JHARKHAND", "metric": 74110.39640290658, "value_global_local": {"JHARKHAND": {"global_perc": 0.02321417546459221, "local_perc": 1.0}}, "partition_field": "Stat_Nam"}, {"internal": false, "data": [["Stat_Tow_Out_th_Stat_UT_if_near_on_is_not_wit_th_Stat_UT_Nam", "DEOGHAR(JHARKHAND)"], "DEOGHAR(JHARKHAND)"], "perc": 0.1100004014613192, "Vil_Nam": "Tola Majhila dih", "Stat_Nam": "BIHAR", "metric": 67425.74972901361, "value_global_local": {"BIHAR": {"global_perc": 0.01526496412176316, "local_perc": 1.0}}, "partition_field": "Stat_Nam"}, {"internal": false, "data": [["Stat_Tow_Out_th_Stat_UT_if_near_on_is_not_wit_th_Stat_UT_Nam", "JHARKHAND"], "JHARKHAND"], "perc": 0.10454052752017344, "Vil_Nam": "Bhojpur", "Stat_Nam": "JHARKHAND", "metric": 64032.98952185957, "value_global_local": {"JHARKHAND": {"global_perc": 0.02009631413224671, "local_perc": 1.0}}, "partition_field": "Stat_Nam"}, {"internal": false, "data": [["Stat_Tow_Out_th_Stat_UT_if_near_on_is_not_wit_th_Stat_UT_Nam", "UTTAR PRADESH"], "UTTAR PRADESH"], "perc": 0.038058533060339635, "Vil_Nam": "Pati Nanhakusingh", "Stat_Nam": "MADHYA PRADESH", "metric": 22691.360712995305, "value_global_local": {"JHARKHAND": {"global_perc": 0.0003395690559980243, "local_perc": 0.046413502109704644}, "MADHYA PRADESH": {"global_perc": 0.0032602954301222155, "local_perc": 0.7552742616033755}, "UTTAR PRADESH": {"global_perc": 0.00044018206679528725, "local_perc": 0.19831223628691982}}, "partition_field": "Stat_Nam"}, {"internal": false, "data": [["Stat_Tow_Out_th_Stat_UT_if_near_on_is_not_wit_th_Stat_UT_Nam", "-"], "-"], "perc": 0.07290537556706411, "Vil_Nam": "Dodra Kalan  (89)", "Stat_Nam": "HIMACHAL PRADESH", "metric": 44367.63001324823, "value_global_local": {"HIMACHAL PRADESH": {"global_perc": 4.833252779120348e-05, "local_perc": 0.0022026431718061676}, "SIKKIM": {"global_perc": 1.0, "local_perc": 0.9933920704845814}, "UTTAR PRADESH": {"global_perc": 1.8731151778522863e-05, "local_perc": 0.004405286343612335}}, "partition_field": "Stat_Nam"}, {"internal": false, "data": [["Stat_Tow_Out_th_Stat_UT_if_near_on_is_not_wit_th_Stat_UT_Nam", "TEZPUR"], "TEZPUR"], "perc": 0.047211851138142844, "Vil_Nam": "Dirang Village", "Stat_Nam": "Arunachal Pradesh", "metric": 28386.591834276765, "value_global_local": {"Arunachal Pradesh": {"global_perc": 0.052603327965646804, "local_perc": 1.0}}, "partition_field": "Stat_Nam"}, {"internal": false, "data": [["Stat_Tow_Out_th_Stat_UT_if_near_on_is_not_wit_th_Stat_UT_Nam", "Arunachal Pradesh"], "Arunachal Pradesh"], "perc": 0.040627885503231764, "Vil_Nam": "Bor Chapori", "Stat_Nam": "ASSAM", "metric": 24290.127423822716, "value_global_local": {"ASSAM": {"global_perc": 0.009585148702405758, "local_perc": 1.0}}, "partition_field": "Stat_Nam"}]