[{"internal": false, "data": [["Sub_Dis_Head_Quar_Nam", "LALGANJ"], "LALGANJ"], "perc": 0.2776506483600305, "Vil_Nam": "Aindhi", "Stat_Nam": "UTTAR PRADESH", "metric": 161550.20594965675, "value_global_local": {"UTTAR PRADESH": {"global_perc": 0.016193080712533014, "local_perc": 1.0}}, "partition_field": "Stat_Nam"}, {"internal": false, "data": [["Sub_Dis_Head_Quar_Nam", "HARRAIYA"], "HARRAIYA"], "perc": 0.24505198924083663, "Vil_Nam": "Maheva", "Stat_Nam": "UTTAR PRADESH", "metric": 141352.76133124574, "value_global_local": {"UTTAR PRADESH": {"global_perc": 0.014291868807012944, "local_perc": 1.0}}, "partition_field": "Stat_Nam"}, {"internal": false, "data": [["Sub_Dis_Head_Quar_Nam", "FATEHPUR"], "FATEHPUR"], "perc": 0.21871612670119234, "Vil_Nam": "Kothi  (6)", "Stat_Nam": "HIMACHAL PRADESH", "metric": 125025.94869324341, "value_global_local": {"HIMACHAL PRADESH": {"global_perc": 0.011696471725471242, "local_perc": 0.1776798825256975}, "JHARKHAND": {"global_perc": 0.004630487127245786, "local_perc": 0.11013215859030837}, "RAJASTHAN": {"global_perc": 0.0028429441260744985, "local_perc": 0.09324522760646109}, "UTTAR PRADESH": {"global_perc": 0.007895180474647386, "local_perc": 0.6189427312775331}}, "partition_field": "Stat_Nam"}, {"internal": false, "data": [["Sub_Dis_Head_Quar_Nam", "MOHAMMADABAD"], "MOHAMMADABAD"], "perc": 0.18194226986229875, "Vil_Nam": "Baluwa Khalispur", "Stat_Nam": "UTTAR PRADESH", "metric": 102213.691115661, "value_global_local": {"UTTAR PRADESH": {"global_perc": 0.0106111974825332, "local_perc": 1.0}}, "partition_field": "Stat_Nam"}, {"internal": false, "data": [["Sub_Dis_Head_Quar_Nam", "BASTI"], "BASTI"], "perc": 0.17696414950419528, "Vil_Nam": "Marwatiya", "Stat_Nam": "UTTAR PRADESH", "metric": 99124.27459954233, "value_global_local": {"UTTAR PRADESH": {"global_perc": 0.010320864629966097, "local_perc": 1.0}}, "partition_field": "Stat_Nam"}, {"internal": false, "data": [["Sub_Dis_Head_Quar_Nam", "PHULPUR"], "PHULPUR"], "perc": 0.16973784575856116, "Vil_Nam": "Saraijeetrai Urf Pure Bhawa", "Stat_Nam": "UTTAR PRADESH", "metric": 94639.08852222089, "value_global_local": {"UTTAR PRADESH": {"global_perc": 0.009899413714949332, "local_perc": 1.0}}, "partition_field": "Stat_Nam"}]