[{"internal": false, "data": [["Grav_kuc_Road_Stat", "1"], "1"], "perc": 78.09257698020797, "Vil_Nam": "Keran", "Stat_Nam": "JAMMU & KASHMIR", "metric": 78.09257698020797, "value_global_local": {"": {"global_perc": 0.8771699210937784, "local_perc": 0.9921016158683287}, "0": {"global_perc": 1.0, "local_perc": 0.0077256519611270365}, "a": {"global_perc": 0.0013300481869916927, "local_perc": 0.00012543645718092873}, "b": {"global_perc": 0.0009333333333333333, "local_perc": 2.8788695090704954e-05}, "c": {"global_perc": 0.0011401064099315936, "local_perc": 1.850701827259604e-05}}, "partition_field": "Dist_Grav_kuc_Road"}]