[{"internal": false, "data": [["Near_Vil_Tow_Nam_hav_Pol", "DUMKA"], "DUMKA"], "perc": 1.1051427194989762, "Vil_Nam": "Bhalsumiya", "Stat_Nam": "JHARKHAND", "metric": 680001.0386607251, "value_global_local": {"JHARKHAND": {"global_perc": 0.21244674939803668, "local_perc": 1.0}}, "partition_field": "Stat_Nam"}, {"internal": false, "data": [["Near_Vil_Tow_Nam_hav_Pol", "GAYA"], "GAYA"], "perc": 1.072222891324421, "Vil_Nam": "Khairulla Chak", "Stat_Nam": "BIHAR", "metric": 659947.2010919749, "value_global_local": {"BIHAR": {"global_perc": 0.14879440210366804, "local_perc": 1.0}}, "partition_field": "Stat_Nam"}, {"internal": false, "data": [["Near_Vil_Tow_Nam_hav_Pol", "GUWAHATI"], "GUWAHATI"], "perc": 0.9840619856276848, "Vil_Nam": "Morshing", "Stat_Nam": "Arunachal Pradesh", "metric": 606175.5725239873, "value_global_local": {"ASSAM": {"global_perc": 0.21966281492706952, "local_perc": 0.9461488250652742}, "Arunachal Pradesh": {"global_perc": 0.0010735373054213634, "local_perc": 0.0009791122715404699}, "Meghalaya": {"global_perc": 0.047375347272993126, "local_perc": 0.05287206266318538}}, "partition_field": "Stat_Nam"}, {"internal": false, "data": [["Near_Vil_Tow_Nam_hav_Pol", "RANCHI"], "RANCHI"], "perc": 0.9654341804167169, "Vil_Nam": "Khatanga", "Stat_Nam": "West Bengal", "metric": 594801.6023124171, "value_global_local": {"JHARKHAND": {"global_perc": 0.1855590541458295, "local_perc": 0.9998336660013307}, "West Bengal": {"global_perc": 2.4864488537470783e-05, "local_perc": 0.00016633399866932801}}, "partition_field": "Stat_Nam"}, {"internal": false, "data": [["Near_Vil_Tow_Nam_hav_Pol", "PATNA"], "PATNA"], "perc": 0.9105142719498976, "Vil_Nam": "Mangrahtia", "Stat_Nam": "BIHAR", "metric": 561242.8471636758, "value_global_local": {"BIHAR": {"global_perc": 0.1261977982796274, "local_perc": 0.9987654320987654}, "JHARKHAND": {"global_perc": 0.00018521948508983145, "local_perc": 0.0010582010582010583}, "Maharashtra": {"global_perc": 2.2901637467078896e-05, "local_perc": 0.0001763668430335097}}, "partition_field": "Stat_Nam"}, {"internal": false, "data": [["Near_Vil_Tow_Nam_hav_Pol", "SRINAGAR"], "SRINAGAR"], "perc": 0.8103095266771048, "Vil_Nam": "Keran", "Stat_Nam": "JAMMU & KASHMIR", "metric": 499916.0399855474, "value_global_local": {"JAMMU & KASHMIR": {"global_perc": 0.39279719212574393, "local_perc": 0.5101070154577884}, "UTTARAKHAND": {"global_perc": 0.14720419222295003, "local_perc": 0.48989298454221164}}, "partition_field": "Stat_Nam"}, {"internal": false, "data": [["Near_Vil_Tow_Nam_hav_Pol", "CUTTACK"], "CUTTACK"], "perc": 0.7724115781444458, "Vil_Nam": "Badapasi", "Stat_Nam": "ODISHA", "metric": 476689.3347785941, "value_global_local": {"": {"global_perc": 0.00019994901300168457, "local_perc": 0.016632016632016633}, "a": {"global_perc": 0.03145707420083012, "local_perc": 0.35925155925155927}, "b": {"global_perc": 0.020370050520316076, "local_perc": 0.3923076923076923}, "c": {"global_perc": 0.01568059403434261, "local_perc": 0.23180873180873182}}, "partition_field": "Dist_Nut_Cen_Other"}, {"internal": false, "data": [["Near_Vil_Tow_Nam_hav_Pol", "BHAGALPUR"], "BHAGALPUR"], "perc": 0.7645429362880887, "Vil_Nam": "Chanrarni", "Stat_Nam": "BIHAR", "metric": 471864.5983379501, "value_global_local": {"": {"global_perc": 0.011450177066219298, "local_perc": 0.762654904431842}, "0": {"global_perc": 1.0, "local_perc": 0.00021003990758244065}, "a": {"global_perc": 0.012408549705924544, "local_perc": 0.1090107120352867}, "b": {"global_perc": 0.005333681939996078, "local_perc": 0.0856962822936358}, "c": {"global_perc": 0.001078541299588873, "local_perc": 0.042428061331653014}}, "partition_field": "Dist_Cy_pul_Ric_man_driv"}, {"internal": false, "data": [["Near_Vil_Tow_Nam_hav_Pol", "NAGAON"], "NAGAON"], "perc": 0.7280902485045566, "Vil_Nam": "Chengmari Pathar", "Stat_Nam": "ASSAM", "metric": 449503.2073547714, "value_global_local": {"": {"global_perc": 0.004991076266364225, "local_perc": 0.5668284075871195}, "a": {"global_perc": 0.022554467027343178, "local_perc": 0.2721658579620644}, "b": {"global_perc": 0.01375806571237855, "local_perc": 0.08182620202911337}, "c": {"global_perc": 0.01618575293056808, "local_perc": 0.0791795324217027}}, "partition_field": "Dist_ASHA"}, {"internal": false, "data": [["Near_Vil_Tow_Nam_hav_Pol", "GORAKHPUR"], "GORAKHPUR"], "perc": 0.727126741338472, "Vil_Nam": "Kurwa Kalan", "Stat_Nam": "UTTAR PRADESH", "metric": 448911.93287566747, "value_global_local": {"UTTAR PRADESH": {"global_perc": 0.04240732762657576, "local_perc": 1.0}}, "partition_field": "Stat_Nam"}, {"internal": false, "data": [["Near_Vil_Tow_Nam_hav_Pol", "DHANBAD"], "DHANBAD"], "perc": 0.7078565980167811, "Vil_Nam": "Alkusha", "Stat_Nam": "West Bengal", "metric": 437084.01525553013, "value_global_local": {"": {"global_perc": 0.004438043783926578, "local_perc": 0.5907441016333939}, "a": {"global_perc": 0.02828603435399552, "local_perc": 0.06873865698729582}, "b": {"global_perc": 0.046201451131028595, "local_perc": 0.09823049001814882}, "c": {"global_perc": 0.08938734516237028, "local_perc": 0.2422867513611615}}, "partition_field": "Dist_Pin_Cod"}, {"internal": false, "data": [["Near_Vil_Tow_Nam_hav_Pol", "BERHAMPUR"], "BERHAMPUR"], "perc": 0.6434622024167972, "Vil_Nam": "Panchberia", "Stat_Nam": "West Bengal", "metric": 397525.5077281304, "value_global_local": {"": {"global_perc": 0.0010551048021922734, "local_perc": 0.10781133017219865}, "a": {"global_perc": 0.03327319040543409, "local_perc": 0.31295233341652107}, "b": {"global_perc": 0.023908236594803758, "local_perc": 0.2158722236086848}, "c": {"global_perc": 0.010443414767103244, "local_perc": 0.36336411280259545}}, "partition_field": "Dist_Nav_Wat_Riv_Can"}, {"internal": false, "data": [["Near_Vil_Tow_Nam_hav_Pol", "JHARGRAM"], "JHARGRAM"], "perc": 0.5861335260347665, "Vil_Nam": "Syamadihi", "Stat_Nam": "West Bengal", "metric": 362264.1294311293, "value_global_local": {"": {"global_perc": 0.004871245769881557, "local_perc": 0.8076712328767123}, "a": {"global_perc": 0.015811852245548763, "local_perc": 0.0326027397260274}, "b": {"global_perc": 0.060156571899464356, "local_perc": 0.04}, "c": {"global_perc": 0.12005494505494506, "local_perc": 0.11972602739726028}}, "partition_field": "Dist_Foot"}, {"internal": false, "data": [["Near_Vil_Tow_Nam_hav_Pol", "SUNDER NAGAR"], "SUNDER NAGAR"], "perc": 0.5801918985105785, "Vil_Nam": "Matiund  (322)", "Stat_Nam": "HIMACHAL PRADESH", "metric": 358607.24782207236, "value_global_local": {"HIMACHAL PRADESH": {"global_perc": 0.17462542290961816, "local_perc": 1.0}}, "partition_field": "Stat_Nam"}, {"internal": false, "data": [["Near_Vil_Tow_Nam_hav_Pol", "BASTI"], "BASTI"], "perc": 0.5501625918342767, "Vil_Nam": "Dafalipur", "Stat_Nam": "UTTAR PRADESH", "metric": 340118.44393592677, "value_global_local": {"UTTAR PRADESH": {"global_perc": 0.03208646299660966, "local_perc": 1.0}}, "partition_field": "Stat_Nam"}, {"internal": false, "data": [["Near_Vil_Tow_Nam_hav_Pol", "BHUBANESWAR"], "BHUBANESWAR"], "perc": 0.5403669356457506, "Vil_Nam": "Pipalpali", "Stat_Nam": "ODISHA", "metric": 334084.90746316593, "value_global_local": {"": {"global_perc": 0.0005815342445084306, "local_perc": 0.0549777117384844}, "a": {"global_perc": 0.042822324376021965, "local_perc": 0.412481426448737}, "b": {"global_perc": 0.024411285426718214, "local_perc": 0.22704309063893016}, "c": {"global_perc": 0.004267507991199303, "local_perc": 0.30549777117384846}}, "partition_field": "Dist_Sea_Riv_Fer_Ser"}, {"internal": false, "data": [["Near_Vil_Tow_Nam_hav_Pol", "TURA"], "TURA"], "perc": 0.5174033481874021, "Vil_Nam": "Burirjhar", "Stat_Nam": "Meghalaya", "metric": 319936.0308322293, "value_global_local": {"": {"global_perc": 0.004607609153446581, "local_perc": 0.5093109869646183}, "a": {"global_perc": 0.012223848103072915, "local_perc": 0.21260086902545003}, "b": {"global_perc": 0.0065611406476558725, "local_perc": 0.1685288640595903}, "c": {"global_perc": 0.0027626471324818432, "local_perc": 0.1095592799503414}}, "partition_field": "Dist_Trac"}, {"internal": false, "data": [["Near_Vil_Tow_Nam_hav_Pol", "DARBHANGA"], "DARBHANGA"], "perc": 0.45043960014452605, "Vil_Nam": "Pokharauni", "Stat_Nam": "BIHAR", "metric": 278639.2195591955, "value_global_local": {"": {"global_perc": 0.002610895910980417, "local_perc": 0.38110516934046346}, "a": {"global_perc": 0.012709615792825302, "local_perc": 0.17076648841354725}, "b": {"global_perc": 0.011636263128800442, "local_perc": 0.1500891265597148}, "c": {"global_perc": 0.005996356281111477, "local_perc": 0.2980392156862745}}, "partition_field": "Dist_Nav_Wat_Riv_Can"}, {"internal": false, "data": [["Near_Vil_Tow_Nam_hav_Pol", "MUZAFFARPUR"], "MUZAFFARPUR"], "perc": 0.5018266490023686, "Vil_Nam": "Bhaisalotan", "Stat_Nam": "BIHAR", "metric": 310334.8026817616, "value_global_local": {"": {"global_perc": 0.0030383110507573798, "local_perc": 0.39808}, "a": {"global_perc": 0.006288473784759075, "local_perc": 0.07584}, "b": {"global_perc": 0.005555555555555556, "local_perc": 0.06432}, "c": {"global_perc": 0.010350169992396964, "local_perc": 0.46176}}, "partition_field": "Dist_Nav_Wat_Riv_Can"}, {"internal": false, "data": [["Near_Vil_Tow_Nam_hav_Pol", "BISHNUPUR"], "BISHNUPUR"], "perc": 0.47500903287968205, "Vil_Nam": "Sulut", "Stat_Nam": "West Bengal", "metric": 293797.77333493915, "value_global_local": {"": {"global_perc": 0.0038203257191201353, "local_perc": 0.7816091954022989}, "a": {"global_perc": 0.019000797236247674, "local_perc": 0.04834347532116295}, "b": {"global_perc": 0.029254223320972394, "local_perc": 0.024002704530087897}, "c": {"global_perc": 0.11868131868131868, "local_perc": 0.1460446247464503}}, "partition_field": "Dist_Foot"}, {"internal": false, "data": [["Near_Vil_Tow_Nam_hav_Pol", "JAMMU"], "JAMMU"], "perc": 0.463768115942029, "Vil_Nam": "Darhal", "Stat_Nam": "JAMMU & KASHMIR", "metric": 286863.42028985504, "value_global_local": {"": {"global_perc": 0.0006513088631537624, "local_perc": 0.07583102493074792}, "0": {"global_perc": 0.05690103075504902, "local_perc": 0.7053324099722992}, "1": {"global_perc": 0.019610847249885092, "local_perc": 0.1329639889196676}, "2": {"global_perc": 0.0010751149896173371, "local_perc": 0.08587257617728532}}, "partition_field": "Other_Fun_in_Sum_mon_April_Sep_Stat"}, {"internal": false, "data": [["Near_Vil_Tow_Nam_hav_Pol", "REWA"], "REWA"], "perc": 0.4634469468866675, "Vil_Nam": "Ghughuwar", "Stat_Nam": "MADHYA PRADESH", "metric": 286665.2727929664, "value_global_local": {"": {"global_perc": 0.00143901117623842, "local_perc": 0.2033957033957034}, "a": {"global_perc": 0.005913978494623656, "local_perc": 0.07241857241857241}, "b": {"global_perc": 0.03142062940534101, "local_perc": 0.658004158004158}, "c": {"global_perc": 0.0016046779302175136, "local_perc": 0.06618156618156618}}, "partition_field": "Dist_Car_Driv_by_Anim"}, {"internal": false, "data": [["Near_Vil_Tow_Nam_hav_Pol", "GANGANAGAR"], "GANGANAGAR"], "perc": 0.4587899955839255, "Vil_Nam": "Patti Amra Urf Patti Sadiq (86)", "Stat_Nam": "Punjab", "metric": 283791.9897225902, "value_global_local": {"": {"global_perc": 0.0026586705870243667, "local_perc": 0.4791739586979349}, "a": {"global_perc": 0.020288053809036408, "local_perc": 0.38851942597129857}, "b": {"global_perc": 0.01123637172736038, "local_perc": 0.10605530276513826}, "c": {"global_perc": 0.003381424706943192, "local_perc": 0.026251312565628283}}, "partition_field": "Dist_ASHA"}, {"internal": false, "data": [["Near_Vil_Tow_Nam_hav_Pol", "AZAMGARH"], "AZAMGARH"], "perc": 0.4536512906981412, "Vil_Nam": "Devariya Pandit", "Stat_Nam": "UTTAR PRADESH", "metric": 280621.1570115219, "value_global_local": {"": {"global_perc": 0.004863710687661031, "local_perc": 0.7023008849557522}, "a": {"global_perc": 0.013808715336728918, "local_perc": 0.1727433628318584}, "b": {"global_perc": 0.004086832787319236, "local_perc": 0.08743362831858408}, "c": {"global_perc": 0.0008905542439950599, "local_perc": 0.03752212389380531}}, "partition_field": "Dist_Car_Driv_by_Anim"}]