[{"internal": false, "data": [["Near_Vil_Tow_Nam_hav_Sen_Sec_School", "DUMKA"], "DUMKA"], "perc": 0.22979645911116467, "Vil_Nam": "Harikurua", "Stat_Nam": "JHARKHAND", "metric": 142372.08045284837, "value_global_local": {"": {"global_perc": 0.0010089561905086536, "local_perc": 0.413696715583508}, "a": {"global_perc": 0.0020537714712471995, "local_perc": 0.015373864430468204}, "b": {"global_perc": 0.0335040546308152, "local_perc": 0.2194269741439553}, "c": {"global_perc": 0.04209909608302645, "local_perc": 0.35150244584206847}}, "partition_field": "Dist_Pin_Cod"}, {"internal": false, "data": [["Near_Vil_Tow_Nam_hav_Sen_Sec_School", "DEOGHAR"], "DEOGHAR"], "perc": 0.14500782849572444, "Vil_Nam": "Bhalsumiya", "Stat_Nam": "JHARKHAND", "metric": 89769.63796218234, "value_global_local": {"": {"global_perc": 0.000671501248412854, "local_perc": 0.4363233665559247}, "a": {"global_perc": 0.0009335324869305452, "local_perc": 0.01107419712070875}, "b": {"global_perc": 0.002987622705932565, "local_perc": 0.031007751937984496}, "c": {"global_perc": 0.03942082356879813, "local_perc": 0.521594684385382}}, "partition_field": "Dist_Pin_Cod"}, {"internal": false, "data": [["Near_Vil_Tow_Nam_hav_Sen_Sec_School", "GAYA"], "GAYA"], "perc": 0.1321610662812638, "Vil_Nam": "Bargawan", "Stat_Nam": "BIHAR", "metric": 81791.76008671564, "value_global_local": {"BIHAR": {"global_perc": 0.01834024156527165, "local_perc": 1.0}}, "partition_field": "Stat_Nam"}, {"internal": false, "data": [["Near_Vil_Tow_Nam_hav_Sen_Sec_School", "RAMPUR"], "RAMPUR"], "perc": 0.12027781123288772, "Vil_Nam": "Manji Dhara", "Stat_Nam": "JAMMU & KASHMIR", "metric": 74410.3930306315, "value_global_local": {"ASSAM": {"global_perc": 0.0003409736692555408, "local_perc": 0.012016021361815754}, "BIHAR": {"global_perc": 0.00178276953246869, "local_perc": 0.1068090787716956}, "CHHATTISGARH": {"global_perc": 0.0018881049388850245, "local_perc": 0.050734312416555405}, "HARYANA": {"global_perc": 0.000146177459435755, "local_perc": 0.0013351134846461949}, "HIMACHAL PRADESH": {"global_perc": 0.00222329627839536, "local_perc": 0.06141522029372497}, "JAMMU & KASHMIR": {"global_perc": 0.000610407446970853, "local_perc": 0.0053404539385847796}, "JHARKHAND": {"global_perc": 0.0006791381119960486, "local_perc": 0.029372496662216287}, "KARNATAKA": {"global_perc": 0.0014655760054533061, "local_perc": 0.05740987983978638}, "MADHYA PRADESH": {"global_perc": 0.0013114037484290475, "local_perc": 0.09612817089452604}, "Maharashtra": {"global_perc": 0.00027481964960494675, "local_perc": 0.01602136181575434}, "ODISHA": {"global_perc": 0.00046771773234852767, "local_perc": 0.03204272363150868}, "Punjab": {"global_perc": 7.948493760432397e-05, "local_perc": 0.0013351134846461949}, "RAJASTHAN": {"global_perc": 8.954154727793696e-05, "local_perc": 0.0053404539385847796}, "UTTAR PRADESH": {"global_perc": 0.0028845973738925207, "local_perc": 0.411214953271028}, "UTTARAKHAND": {"global_perc": 0.0008336807002917883, "local_perc": 0.018691588785046728}, "West Bengal": {"global_perc": 0.0017653786861604257, "local_perc": 0.09479305740987984}}, "partition_field": "Stat_Nam"}, {"internal": false, "data": [["Near_Vil_Tow_Nam_hav_Sen_Sec_School", "MUZAFFARPUR"], "MUZAFFARPUR"], "perc": 0.07932875667429443, "Vil_Nam": "Barhmaul", "Stat_Nam": "BIHAR", "metric": 48961.12890922959, "value_global_local": {"1": {"global_perc": 0.014360313315926894, "local_perc": 0.022267206477732792}, "2": {"global_perc": 0.00083419400969254, "local_perc": 0.9777327935222672}}, "partition_field": "Gov_Pol_Stat"}, {"internal": false, "data": [["Near_Vil_Tow_Nam_hav_Sen_Sec_School", "CUTTACK"], "CUTTACK"], "perc": 0.07354771367778715, "Vil_Nam": "Chuasol", "Stat_Nam": "ODISHA", "metric": 45366.60933799029, "value_global_local": {"ODISHA": {"global_perc": 0.008925613392317736, "local_perc": 1.0}}, "partition_field": "Stat_Nam"}, {"internal": false, "data": [["Near_Vil_Tow_Nam_hav_Sen_Sec_School", "JAMTARA"], "JAMTARA"], "perc": 0.11867196595608014, "Vil_Nam": "Amrargar", "Stat_Nam": "West Bengal", "metric": 73412.77610502228, "value_global_local": {"": {"global_perc": 0.0007328566924302721, "local_perc": 0.5818673883626523}, "a": {"global_perc": 0.0016803584764749813, "local_perc": 0.02435723951285521}, "b": {"global_perc": 0.006402048655569782, "local_perc": 0.08119079837618404}, "c": {"global_perc": 0.019333779712085705, "local_perc": 0.3125845737483085}}, "partition_field": "Dist_Pin_Cod"}, {"internal": false, "data": [["Near_Vil_Tow_Nam_hav_Sen_Sec_School", "RAMGARH"], "RAMGARH"], "perc": 0.11208800032116906, "Vil_Nam": "Chak Baglan", "Stat_Nam": "JAMMU & KASHMIR", "metric": 69322.21092777711, "value_global_local": {"BIHAR": {"global_perc": 0.0022507465347417215, "local_perc": 0.14469914040114612}, "CHHATTISGARH": {"global_perc": 0.0009937394415184338, "local_perc": 0.02865329512893983}, "HARYANA": {"global_perc": 0.000438532378307265, "local_perc": 0.004297994269340974}, "HIMACHAL PRADESH": {"global_perc": 4.833252779120348e-05, "local_perc": 0.0014326647564469914}, "JAMMU & KASHMIR": {"global_perc": 0.00839310239584923, "local_perc": 0.07879656160458452}, "JHARKHAND": {"global_perc": 0.00453787738470087, "local_perc": 0.21060171919770773}, "MADHYA PRADESH": {"global_perc": 0.00030963699615685846, "local_perc": 0.024355300859598854}, "Punjab": {"global_perc": 0.0003179397504172959, "local_perc": 0.0057306590257879654}, "RAJASTHAN": {"global_perc": 0.004611389684813754, "local_perc": 0.29512893982808025}, "UTTAR PRADESH": {"global_perc": 0.0008709985577013131, "local_perc": 0.1332378223495702}, "UTTARAKHAND": {"global_perc": 0.0001190972428988269, "local_perc": 0.0028653295128939827}, "West Bengal": {"global_perc": 0.0012183599383360684, "local_perc": 0.07020057306590258}}, "partition_field": "Stat_Nam"}, {"internal": false, "data": [["Near_Vil_Tow_Nam_hav_Sen_Sec_School", "RAMNAGAR"], "RAMNAGAR"], "perc": 0.10132883696655827, "Vil_Nam": "Nalla Ghorian", "Stat_Nam": "JAMMU & KASHMIR", "metric": 62636.46681922197, "value_global_local": {"BIHAR": {"global_perc": 0.002807862013638187, "local_perc": 0.19968304278922344}, "HIMACHAL PRADESH": {"global_perc": 0.0006766553890768487, "local_perc": 0.022187004754358162}, "JAMMU & KASHMIR": {"global_perc": 0.00747749122539295, "local_perc": 0.07765451664025357}, "KARNATAKA": {"global_perc": 0.001738241308793456, "local_perc": 0.08082408874801902}, "MADHYA PRADESH": {"global_perc": 0.001129264338925013, "local_perc": 0.098256735340729}, "Maharashtra": {"global_perc": 0.00034352456200618345, "local_perc": 0.02377179080824089}, "RAJASTHAN": {"global_perc": 8.954154727793696e-05, "local_perc": 0.006339144215530904}, "UTTAR PRADESH": {"global_perc": 0.002135351302751606, "local_perc": 0.3613312202852615}, "UTTARAKHAND": {"global_perc": 0.0016078127791341631, "local_perc": 0.042789223454833596}, "West Bengal": {"global_perc": 0.0013675468695608932, "local_perc": 0.08716323296354993}}, "partition_field": "Stat_Nam"}, {"internal": false, "data": [["Near_Vil_Tow_Nam_hav_Sen_Sec_School", "MADHUPUR"], "MADHUPUR"], "perc": 0.09715363924685858, "Vil_Nam": "Dhotwa", "Stat_Nam": "UTTAR PRADESH", "metric": 60041.61066281264, "value_global_local": {"ASSAM": {"global_perc": 0.000644061375260466, "local_perc": 0.02809917355371901}, "JHARKHAND": {"global_perc": 0.016669753658084832, "local_perc": 0.8925619834710744}, "MADHYA PRADESH": {"global_perc": 7.285576380161376e-05, "local_perc": 0.006611570247933884}, "ODISHA": {"global_perc": 1.948823884785532e-05, "local_perc": 0.001652892561983471}, "TRIPURA": {"global_perc": 0.008, "local_perc": 0.011570247933884297}, "UTTAR PRADESH": {"global_perc": 0.00019667709367449004, "local_perc": 0.03471074380165289}, "West Bengal": {"global_perc": 0.00037296732806206176, "local_perc": 0.024793388429752067}}, "partition_field": "Stat_Nam"}, {"internal": false, "data": [["Near_Vil_Tow_Nam_hav_Sen_Sec_School", "GIRIDIH"], "GIRIDIH"], "perc": 0.09121201172267052, "Vil_Nam": "Suknudih", "Stat_Nam": "JHARKHAND", "metric": 56348.556425388415, "value_global_local": {"JHARKHAND": {"global_perc": 0.01753411125517071, "local_perc": 1.0}}, "partition_field": "Stat_Nam"}, {"internal": false, "data": [["Near_Vil_Tow_Nam_hav_Sen_Sec_School", "HARICHANDANPUR"], "HARICHANDANPUR"], "perc": 0.08527038419848247, "Vil_Nam": "Hatikucha", "Stat_Nam": "ODISHA", "metric": 52655.0625075274, "value_global_local": {"ODISHA": {"global_perc": 0.010348254828211174, "local_perc": 1.0}}, "partition_field": "Stat_Nam"}, {"internal": false, "data": [["Near_Vil_Tow_Nam_hav_Sen_Sec_School", "FATEHPUR"], "FATEHPUR"], "perc": 0.08157694006182505, "Vil_Nam": "Batahra  (105)", "Stat_Nam": "HIMACHAL PRADESH", "metric": 50358.88522220884, "value_global_local": {"ASSAM": {"global_perc": 7.577192650123129e-05, "local_perc": 0.003937007874015748}, "BIHAR": {"global_perc": 0.0032535543967553596, "local_perc": 0.2874015748031496}, "HARYANA": {"global_perc": 0.00029235491887151, "local_perc": 0.003937007874015748}, "HIMACHAL PRADESH": {"global_perc": 0.0013533107781536974, "local_perc": 0.05511811023622047}, "JHARKHAND": {"global_perc": 0.0001234796567265543, "local_perc": 0.007874015748031496}, "MADHYA PRADESH": {"global_perc": 0.00025499517330564815, "local_perc": 0.027559055118110236}, "Punjab": {"global_perc": 0.0014307288768778317, "local_perc": 0.03543307086614173}, "RAJASTHAN": {"global_perc": 0.0007834885386819484, "local_perc": 0.0688976377952756}, "UTTAR PRADESH": {"global_perc": 0.002416318579429449, "local_perc": 0.5078740157480315}, "West Bengal": {"global_perc": 2.4864488537470783e-05, "local_perc": 0.001968503937007874}}, "partition_field": "Stat_Nam"}]