[{"internal": false, "data": [["Near_Vil_Tow_Nam_hav_Voc_Train_School_IT", "GAYA"], "GAYA"], "perc": 1.0600184672206832, "Vil_Nam": "Nanauri", "Stat_Nam": "BIHAR", "metric": 652410.2382271468, "value_global_local": {"BIHAR": {"global_perc": 0.14195302402281945, "local_perc": 0.9650053022269353}, "JHARKHAND": {"global_perc": 0.007130950175958511, "local_perc": 0.03499469777306469}}, "partition_field": "Stat_Nam"}, {"internal": false, "data": [["Near_Vil_Tow_Nam_hav_Voc_Train_School_IT", "DUMKA"], "DUMKA"], "perc": 0.9167770685294473, "Vil_Nam": "Bhalsumiya", "Stat_Nam": "JHARKHAND", "metric": 564972.5371552451, "value_global_local": {"": {"global_perc": 0.004502807863722742, "local_perc": 0.4627780697144859}, "a": {"global_perc": 0.015309932785660941, "local_perc": 0.028726572079173236}, "b": {"global_perc": 0.09571062740076824, "local_perc": 0.15712033631108777}, "c": {"global_perc": 0.167894208235688, "local_perc": 0.3513750218952531}}, "partition_field": "Dist_Pin_Cod"}, {"internal": false, "data": [["Near_Vil_Tow_Nam_hav_Voc_Train_School_IT", "RANCHI"], "RANCHI"], "perc": 0.6815207354771368, "Vil_Nam": "Niranjan Chak", "Stat_Nam": "JHARKHAND", "metric": 420812.3966437834, "value_global_local": {"": {"global_perc": 0.004504512181612115, "local_perc": 0.6227615457115928}, "a": {"global_perc": 0.02389843166542196, "local_perc": 0.060320452403393024}, "b": {"global_perc": 0.0548442168160478, "local_perc": 0.12111215834118756}, "c": {"global_perc": 0.06955138935386676, "local_perc": 0.19580584354382657}}, "partition_field": "Dist_Pin_Cod"}, {"internal": false, "data": [["Near_Vil_Tow_Nam_hav_Voc_Train_School_IT", "BHAGALPUR"], "BHAGALPUR"], "perc": 0.5334618009554779, "Vil_Nam": "Chilhania", "Stat_Nam": "BIHAR", "metric": 329731.57412983256, "value_global_local": {"": {"global_perc": 0.0027603432473428348, "local_perc": 0.31005418422636966}, "11": {"global_perc": 1.0, "local_perc": 0.00030102347983142685}, "a": {"global_perc": 0.005656575465514312, "local_perc": 0.07013847080072245}, "b": {"global_perc": 0.023494905835134302, "local_perc": 0.45815773630343165}, "c": {"global_perc": 0.0037323046284755347, "local_perc": 0.1613485851896448}}, "partition_field": "Dist_Cy_pul_Ric_mac_driv"}, {"internal": false, "data": [["Near_Vil_Tow_Nam_hav_Voc_Train_School_IT", "REWA"], "REWA"], "perc": 0.5148339957445099, "Vil_Nam": "Dedhawal Uparhar", "Stat_Nam": "UTTAR PRADESH", "metric": 318253.0460476133, "value_global_local": {"": {"global_perc": 0.0008972711958450595, "local_perc": 0.11197754210854648}, "a": {"global_perc": 0.013780674288210878, "local_perc": 0.23611977542108548}, "b": {"global_perc": 0.022421088993479856, "local_perc": 0.6478477854023705}, "c": {"global_perc": 0.0001828230694587031, "local_perc": 0.004054897067997504}}, "partition_field": "Dist_Nut_Cen_Other"}, {"internal": false, "data": [["Near_Vil_Tow_Nam_hav_Voc_Train_School_IT", "BASTI"], "BASTI"], "perc": 0.5056806776667068, "Vil_Nam": "Shahabpura", "Stat_Nam": "UTTAR PRADESH", "metric": 312611.15131077124, "value_global_local": {"": {"global_perc": 0.0062291778514852215, "local_perc": 0.8069228326452842}, "a": {"global_perc": 0.010271646859083192, "local_perc": 0.11527469037789774}, "b": {"global_perc": 0.0021675105066348986, "local_perc": 0.041600508097808825}, "c": {"global_perc": 0.0009577658850512909, "local_perc": 0.03620196887900921}}, "partition_field": "Dist_Car_Driv_by_Anim"}, {"internal": false, "data": [["Near_Vil_Tow_Nam_hav_Voc_Train_School_IT", "DHANBAD"], "DHANBAD"], "perc": 0.4523666144766952, "Vil_Nam": "Alkusha", "Stat_Nam": "West Bengal", "metric": 279728.84981332044, "value_global_local": {"": {"global_perc": 0.0028547324646993155, "local_perc": 0.5946041888533902}, "a": {"global_perc": 0.017923823749066467, "local_perc": 0.06815761448349308}, "b": {"global_perc": 0.030943235168587283, "local_perc": 0.10294639687610933}, "c": {"global_perc": 0.055239370605959154, "local_perc": 0.23429179978700745}}, "partition_field": "Dist_Pin_Cod"}, {"internal": false, "data": [["Near_Vil_Tow_Nam_hav_Voc_Train_School_IT", "GORAKHPUR"], "GORAKHPUR"], "perc": 0.4520454454213336, "Vil_Nam": "Kurwa Kalan", "Stat_Nam": "UTTAR PRADESH", "metric": 279530.6563892569, "value_global_local": {"UTTAR PRADESH": {"global_perc": 0.02636409612827093, "local_perc": 1.0}}, "partition_field": "Stat_Nam"}, {"internal": false, "data": [["Near_Vil_Tow_Nam_hav_Voc_Train_School_IT", "TURA"], "TURA"], "perc": 0.4518848608936529, "Vil_Nam": "Burirjhar", "Stat_Nam": "Meghalaya", "metric": 279431.5591954715, "value_global_local": {"": {"global_perc": 0.0038101923346904394, "local_perc": 0.4822316986496091}, "a": {"global_perc": 0.01172418715871373, "local_perc": 0.23347547974413646}, "b": {"global_perc": 0.006065732237796037, "local_perc": 0.17839374555792467}, "c": {"global_perc": 0.002332206361131981, "local_perc": 0.10589907604832978}}, "partition_field": "Dist_Trac"}, {"internal": false, "data": [["Near_Vil_Tow_Nam_hav_Voc_Train_School_IT", "GUWAHATI"], "GUWAHATI"], "perc": 0.4208920470512666, "Vil_Nam": "Rowta", "Stat_Nam": "Arunachal Pradesh", "metric": 260299.788189008, "value_global_local": {"": {"global_perc": 0.0004323897406161429, "local_perc": 0.06600534147272033}, "a": {"global_perc": 0.014308599723294254, "local_perc": 0.2998855398702785}, "b": {"global_perc": 0.007750766440692603, "local_perc": 0.2739412438000763}, "c": {"global_perc": 0.013275767505308901, "local_perc": 0.36016787485692486}}, "partition_field": "Dist_Nut_Cen_Other"}, {"internal": false, "data": [["Near_Vil_Tow_Nam_hav_Voc_Train_School_IT", "HAZARIBAGH"], "HAZARIBAGH"], "perc": 0.368220321971978, "Vil_Nam": "Lenjwa", "Stat_Nam": "JHARKHAND", "metric": 227758.24834397205, "value_global_local": {"": {"global_perc": 0.0022224305277420346, "local_perc": 0.5686873092019189}, "a": {"global_perc": 0.011389096340552652, "local_perc": 0.053205407762756216}, "b": {"global_perc": 0.020806658130601792, "local_perc": 0.085041430440471}, "c": {"global_perc": 0.056243722798794776, "local_perc": 0.2930658525948539}}, "partition_field": "Dist_Pin_Cod"}, {"internal": false, "data": [["Near_Vil_Tow_Nam_hav_Voc_Train_School_IT", "SHILLONG"], "SHILLONG"], "perc": 0.3544100525914328, "Vil_Nam": "Riangdo", "Stat_Nam": "Meghalaya", "metric": 219220.29788429884, "value_global_local": {"Meghalaya": {"global_perc": 0.3227079982453575, "local_perc": 1.0}}, "partition_field": "Stat_Nam"}, {"internal": false, "data": [["Near_Vil_Tow_Nam_hav_Voc_Train_School_IT", "AZAMGARH"], "AZAMGARH"], "perc": 0.34895017865028705, "Vil_Nam": "Chak Madhopur", "Stat_Nam": "UTTAR PRADESH", "metric": 215844.1739130435, "value_global_local": {"": {"global_perc": 0.0038095798430570777, "local_perc": 0.7151403589507593}, "a": {"global_perc": 0.01035653650254669, "local_perc": 0.1684307409111827}, "b": {"global_perc": 0.0028624375392964693, "local_perc": 0.0796134376438104}, "c": {"global_perc": 0.0006721164105623094, "local_perc": 0.03681546249424758}}, "partition_field": "Dist_Car_Driv_by_Anim"}, {"internal": false, "data": [["Near_Vil_Tow_Nam_hav_Voc_Train_School_IT", "SAGAR"], "SAGAR"], "perc": 0.32887711269019226, "Vil_Nam": "Hansero", "Stat_Nam": "UTTAR PRADESH", "metric": 203428.76181299932, "value_global_local": {"": {"global_perc": 0.000742310710768754, "local_perc": 0.14501953125}, "a": {"global_perc": 0.025959367945823927, "local_perc": 0.6962890625}, "b": {"global_perc": 0.002202167623817954, "local_perc": 0.099609375}, "c": {"global_perc": 0.0017016608772694672, "local_perc": 0.05908203125}}, "partition_field": "Dist_Nut_Cen_Other"}, {"internal": false, "data": [["Near_Vil_Tow_Nam_hav_Voc_Train_School_IT", "GONDA"], "GONDA"], "perc": 0.32518366855353487, "Vil_Nam": "Ghureharipur", "Stat_Nam": "UTTAR PRADESH", "metric": 201143.77935685895, "value_global_local": {"": {"global_perc": 0.001665105630138412, "local_perc": 0.08691358024691358}, "0": {"global_perc": 0.0967741935483871, "local_perc": 0.025185185185185185}, "1": {"global_perc": 0.0027097912109307894, "local_perc": 0.5841975308641976}, "2": {"global_perc": 0.007693943677830183, "local_perc": 0.3037037037037037}}, "partition_field": "Near_Sen_Sec_School_Gov_1_Priv_2"}, {"internal": false, "data": [["Near_Vil_Tow_Nam_hav_Voc_Train_School_IT", "GWALIOR"], "GWALIOR"], "perc": 0.3142639206712433, "Vil_Nam": "Arrod", "Stat_Nam": "MADHYA PRADESH", "metric": 194387.1853546911, "value_global_local": {"": {"global_perc": 0.002619332070322068, "local_perc": 0.5355135411343894}, "a": {"global_perc": 0.01296147964756426, "local_perc": 0.36382217680122636}, "b": {"global_perc": 0.0015220864458741741, "local_perc": 0.07204905467552376}, "c": {"global_perc": 0.0007875455299759518, "local_perc": 0.0286152273888605}}, "partition_field": "Dist_Nut_Cen_Other"}, {"internal": false, "data": [["Near_Vil_Tow_Nam_hav_Voc_Train_School_IT", "TEZPUR"], "TEZPUR"], "perc": 0.30816170861937453, "Vil_Nam": "Elephant Flat", "Stat_Nam": "Arunachal Pradesh", "metric": 190610.79481311975, "value_global_local": {"": {"global_perc": 0.0006228049179607169, "local_perc": 0.13288170922355394}, "a": {"global_perc": 0.010586924219910848, "local_perc": 0.2079207920792079}, "b": {"global_perc": 0.008706467661691543, "local_perc": 0.1641479937467431}, "c": {"global_perc": 0.00681404122853577, "local_perc": 0.49504950495049505}}, "partition_field": "Dist_Nav_Wat_Riv_Can"}, {"internal": false, "data": [["Near_Vil_Tow_Nam_hav_Voc_Train_School_IT", "NAGAON"], "NAGAON"], "perc": 0.302541250150548, "Vil_Nam": "Chengmari Pathar", "Stat_Nam": "ASSAM", "metric": 187132.13007346742, "value_global_local": {"": {"global_perc": 0.0003272778784577885, "local_perc": 0.07112526539278131}, "a": {"global_perc": 0.008119295266397793, "local_perc": 0.1624203821656051}, "b": {"global_perc": 0.011663902708678828, "local_perc": 0.22399150743099788}, "c": {"global_perc": 0.007330473826909007, "local_perc": 0.5424628450106157}}, "partition_field": "Dist_Nav_Wat_Riv_Can"}]