[{"internal": false, "data": [["CD_Bloc_Nam", "Ramnagar"], "Ramnagar"], "perc": 0.23557750210767195, "Vil_Nam": "Kot Walat", "Stat_Nam": "JAMMU & KASHMIR", "metric": 132187.85980970733, "value_global_local": {"BIHAR": {"global_perc": 0.0033872621116905113, "local_perc": 0.10361281526925699}, "JAMMU & KASHMIR": {"global_perc": 0.005341065160994964, "local_perc": 0.023858214042263123}, "MADHYA PRADESH": {"global_perc": 0.0035152906034278636, "local_perc": 0.13156100886162236}, "UTTAR PRADESH": {"global_perc": 0.008429018300335288, "local_perc": 0.6134969325153374}, "UTTARAKHAND": {"global_perc": 0.011135592211040315, "local_perc": 0.1274710293115201}}, "partition_field": "Stat_Nam"}, {"internal": false, "data": [["CD_Bloc_Nam", "Rajgarh"], "Rajgarh"], "perc": 0.16909550764783815, "Vil_Nam": "Kunthal Pishog (1)", "Stat_Nam": "HIMACHAL PRADESH", "metric": 90945.95399253281, "value_global_local": {"HIMACHAL PRADESH": {"global_perc": 0.006766553890768487, "local_perc": 0.13295346628679963}, "MADHYA PRADESH": {"global_perc": 0.007067009088756534, "local_perc": 0.3684710351377018}, "RAJASTHAN": {"global_perc": 0.008148280802292263, "local_perc": 0.345679012345679}, "UTTAR PRADESH": {"global_perc": 0.0015078577181710903, "local_perc": 0.15289648622981955}}, "partition_field": "Stat_Nam"}, {"internal": false, "data": [["CD_Bloc_Nam", "Fatehpur"], "Fatehpur"], "perc": 0.16219037295756553, "Vil_Nam": "Garan  (311)", "Stat_Nam": "HIMACHAL PRADESH", "metric": 86659.21875627284, "value_global_local": {"BIHAR": {"global_perc": 0.003877523733119401, "local_perc": 0.17227722772277226}, "HIMACHAL PRADESH": {"global_perc": 0.014983083615273078, "local_perc": 0.3069306930693069}, "JHARKHAND": {"global_perc": 0.005525714638513305, "local_perc": 0.17722772277227722}, "RAJASTHAN": {"global_perc": 0.0033801934097421205, "local_perc": 0.1495049504950495}, "UTTAR PRADESH": {"global_perc": 0.0018356528742952405, "local_perc": 0.19405940594059407}}, "partition_field": "Stat_Nam"}, {"internal": false, "data": [["CD_Bloc_Nam", "Mohanpur"], "Mohanpur"], "perc": 0.1355333413625597, "Vil_Nam": "Dasdih", "Stat_Nam": "JHARKHAND", "metric": 70104.85559436349, "value_global_local": {"BIHAR": {"global_perc": 0.005883139457146677, "local_perc": 0.3127962085308057}, "JHARKHAND": {"global_perc": 0.014107550781008829, "local_perc": 0.5414691943127962}, "TRIPURA": {"global_perc": 0.022857142857142857, "local_perc": 0.023696682464454975}, "West Bengal": {"global_perc": 0.0025610423193594906, "local_perc": 0.12203791469194313}}, "partition_field": "Stat_Nam"}]