[{"internal": false, "data": [["Dis_Head_Quar_Nam", "Midnapur"], "Midnapur"], "perc": 1.3962824681841906, "Vil_Nam": "Dhenkia", "Stat_Nam": "West Bengal", "metric": 847104.5373158295, "value_global_local": {"West Bengal": {"global_perc": 0.21619672783330846, "local_perc": 1.0}}, "partition_field": "Stat_Nam"}, {"internal": false, "data": [["Dis_Head_Quar_Nam", "Palakkad"], "Palakkad"], "perc": 0.021036573126179292, "Vil_Nam": "Anakkara", "Stat_Nam": "KERALA", "metric": 2699.432012525593, "value_global_local": {"KERALA": {"global_perc": 0.12868369351669942, "local_perc": 1.0}}, "partition_field": "Stat_Nam"}, {"internal": false, "data": [["Dis_Head_Quar_Nam", "RAMBAN"], "RAMBAN"], "perc": 0.02071540407081778, "Vil_Nam": "Mangot", "Stat_Nam": "JAMMU & KASHMIR", "metric": 2499.4821148982296, "value_global_local": {"JAMMU & KASHMIR": {"global_perc": 0.01968564016481001, "local_perc": 1.0}}, "partition_field": "Stat_Nam"}, {"internal": false, "data": [["Dis_Head_Quar_Nam", "Barnala"], "Barnala"], "perc": 0.020554819543137016, "Vil_Nam": "Kot Duna (80)", "Stat_Nam": "Punjab", "metric": 2399.5066843309646, "value_global_local": {"Punjab": {"global_perc": 0.010174072013353469, "local_perc": 1.0}}, "partition_field": "Stat_Nam"}, {"internal": false, "data": [["Dis_Head_Quar_Nam", "PORT BLAIR"], "PORT BLAIR"], "perc": 0.020554819543137016, "Vil_Nam": "Shoal Bay (RV)", "Stat_Nam": "ANDAMAN & NICOBAR ISLANDS", "metric": 2399.5066843309646, "value_global_local": {"ANDAMAN & NICOBAR ISLANDS": {"global_perc": 0.23063063063063063, "local_perc": 1.0}}, "partition_field": "Stat_Nam"}, {"internal": false, "data": [["Dis_Head_Quar_Nam", "KARGIL"], "KARGIL"], "perc": 0.02039423501545626, "Vil_Nam": "Chulichan", "Stat_Nam": "JAMMU & KASHMIR", "metric": 2299.5309325946446, "value_global_local": {"JAMMU & KASHMIR": {"global_perc": 0.019380436441324585, "local_perc": 1.0}}, "partition_field": "Stat_Nam"}, {"internal": false, "data": [["Dis_Head_Quar_Nam", "Gyalshing"], "Gyalshing"], "perc": 0.020073065960094744, "Vil_Nam": "Dubdi", "Stat_Nam": "SIKKIM", "metric": 2099.578465614838, "value_global_local": {"SIKKIM": {"global_perc": 0.2771618625277162, "local_perc": 1.0}}, "partition_field": "Stat_Nam"}, {"internal": false, "data": [["Dis_Head_Quar_Nam", "Gangtok"], "Gangtok"], "perc": 0.01975189690473323, "Vil_Nam": "Rakdong", "Stat_Nam": "SIKKIM", "metric": 1899.62471395881, "value_global_local": {"SIKKIM": {"global_perc": 0.2727272727272727, "local_perc": 1.0}}, "partition_field": "Stat_Nam"}, {"internal": false, "data": [["Dis_Head_Quar_Nam", "MAMIT"], "MAMIT"], "perc": 0.01975189690473323, "Vil_Nam": "Kanhmun", "Stat_Nam": "MIZORAM", "metric": 1899.62471395881, "value_global_local": {"MIZORAM": {"global_perc": 0.14819277108433734, "local_perc": 1.0}}, "partition_field": "Stat_Nam"}, {"internal": false, "data": [["Dis_Head_Quar_Nam", "SARIKELA-KHARSWANA"], "SARIKELA-KHARSWANA"], "perc": 0.019591312377052472, "Vil_Nam": "Chunidih", "Stat_Nam": "JHARKHAND", "metric": 1799.6473563772129, "value_global_local": {"JHARKHAND": {"global_perc": 0.003766129530159906, "local_perc": 1.0}}, "partition_field": "Stat_Nam"}, {"internal": false, "data": [["Dis_Head_Quar_Nam", "DEVGHAR"], "DEVGHAR"], "perc": 0.019430727849371714, "Vil_Nam": "Kusmaha", "Stat_Nam": "JHARKHAND", "metric": 1699.6696776265608, "value_global_local": {"JHARKHAND": {"global_perc": 0.0037352596159782674, "local_perc": 1.0}}, "partition_field": "Stat_Nam"}]