[{"internal": false, "data": [["Near_Vil_Tow_Nam_hav_Other", "0"], "0"], "perc": 7.200770805732867, "Vil_Nam": "Nonaath", "Stat_Nam": "JAMMU & KASHMIR", "metric": 4160560.6416957723, "value_global_local": {"Arunachal Pradesh": {"global_perc": 0.05099302200751476, "local_perc": 0.006355790459624005}, "BIHAR": {"global_perc": 0.00037883852564959665, "local_perc": 0.00037911732566178275}, "HIMACHAL PRADESH": {"global_perc": 0.05065248912518125, "local_perc": 0.023371468076091077}, "JAMMU & KASHMIR": {"global_perc": 0.00015260186174271325, "local_perc": 2.2301019156575454e-05}, "MANIPUR": {"global_perc": 0.05501743510267338, "local_perc": 0.0031667447202337147}, "ODISHA": {"global_perc": 0.0010913413754798978, "local_perc": 0.0012488570727682256}, "RAJASTHAN": {"global_perc": 0.9684813753581661, "local_perc": 0.9648312927900805}, "Tamil Nadu": {"global_perc": 0.00025032855623005195, "local_perc": 8.920407662630182e-05}, "UTTAR PRADESH": {"global_perc": 2.809672766778429e-05, "local_perc": 6.690305746972637e-05}, "West Bengal": {"global_perc": 0.0005221542592868865, "local_perc": 0.0004683214022880846}}, "partition_field": "Stat_Nam"}, {"internal": false, "data": [["Near_Vil_Tow_Nam_hav_Other", "RANCHI"], "RANCHI"], "perc": 1.1422377453932313, "Vil_Nam": "Khokha", "Stat_Nam": "JHARKHAND", "metric": 702483.2585812357, "value_global_local": {"JHARKHAND": {"global_perc": 0.21957769957399517, "local_perc": 1.0}}, "partition_field": "Stat_Nam"}, {"internal": false, "data": [["Near_Vil_Tow_Nam_hav_Other", "GAYA"], "GAYA"], "perc": 0.9922517965394034, "Vil_Nam": "Babuka Bahuara", "Stat_Nam": "BIHAR", "metric": 611075.8219117587, "value_global_local": {"BIHAR": {"global_perc": 0.13767437714489458, "local_perc": 0.9998381615148082}, "JHARKHAND": {"global_perc": 3.086991418163858e-05, "local_perc": 0.0001618384851917786}}, "partition_field": "Stat_Nam"}, {"internal": false, "data": [["Near_Vil_Tow_Nam_hav_Other", "100"], "100"], "perc": 0.5808342366213015, "Vil_Nam": "Manuha  (136)", "Stat_Nam": "HIMACHAL PRADESH", "metric": 358903.1884057971, "value_global_local": {"": {"global_perc": 0.003348963933991984, "local_perc": 0.29361349184406965}, "a": {"global_perc": 0.0021278630516903363, "local_perc": 0.024606027094277026}, "b": {"global_perc": 0.0017125302307340348, "local_perc": 0.036217860105059445}, "c": {"global_perc": 0.012467296705643654, "local_perc": 0.6455626209565939}}, "partition_field": "Dist_Cy_pul_Ric_man_driv"}, {"internal": false, "data": [["Near_Vil_Tow_Nam_hav_Other", "SRINAGAR"], "SRINAGAR"], "perc": 0.579870729455217, "Vil_Nam": "Keran", "Stat_Nam": "JAMMU & KASHMIR", "metric": 358310.14589104336, "value_global_local": {"BIHAR": {"global_perc": 4.456923831171725e-05, "local_perc": 0.0005538631957906397}, "JAMMU & KASHMIR": {"global_perc": 0.357088356477949, "local_perc": 0.6480199390750485}, "UTTARAKHAND": {"global_perc": 0.07556720061930566, "local_perc": 0.3514261977291609}}, "partition_field": "Stat_Nam"}, {"internal": false, "data": [["Near_Vil_Tow_Nam_hav_Other", "DUMKA"], "DUMKA"], "perc": 0.5403669356457506, "Vil_Nam": "Malbhita Tola", "Stat_Nam": "JHARKHAND", "metric": 333985.4478301016, "value_global_local": {"": {"global_perc": 0.0025632941056165795, "local_perc": 0.4469539375928678}, "a": {"global_perc": 0.006908140403286034, "local_perc": 0.02199108469539376}, "b": {"global_perc": 0.07671788305591122, "local_perc": 0.21367013372956908}, "c": {"global_perc": 0.08938734516237028, "local_perc": 0.3173848439821694}}, "partition_field": "Dist_Pin_Cod"}, {"internal": false, "data": [["Near_Vil_Tow_Nam_hav_Other", "TURA"], "TURA"], "perc": 0.5310530330402666, "Vil_Nam": "Burirjhar", "Stat_Nam": "Meghalaya", "metric": 328247.5249909671, "value_global_local": {"": {"global_perc": 0.004801347746735926, "local_perc": 0.5170849712730572}, "a": {"global_perc": 0.012313073271708483, "local_perc": 0.2086483217417599}, "b": {"global_perc": 0.006585306911551474, "local_perc": 0.16480193528878137}, "c": {"global_perc": 0.0028330828950663663, "local_perc": 0.10946477169640158}}, "partition_field": "Dist_Trac"}, {"internal": false, "data": [["Near_Vil_Tow_Nam_hav_Other", "PATNA"], "PATNA"], "perc": 0.5156369183829138, "Vil_Nam": "Khairatia", "Stat_Nam": "BIHAR", "metric": 318747.89931350114, "value_global_local": {"": {"global_perc": 0.0014947318031057206, "local_perc": 0.19059483027094362}, "a": {"global_perc": 0.0033167055826788367, "local_perc": 0.03892868265337901}, "b": {"global_perc": 0.01238253178551686, "local_perc": 0.13952039862971036}, "c": {"global_perc": 0.014531839504224705, "local_perc": 0.630956088445967}}, "partition_field": "Dist_Nav_Wat_Riv_Can"}, {"internal": false, "data": [["Near_Vil_Tow_Nam_hav_Other", "BHAGALPUR"], "BHAGALPUR"], "perc": 0.47597254004576656, "Vil_Nam": "Pachkonia", "Stat_Nam": "BIHAR", "metric": 294292.5491990847, "value_global_local": {"": {"global_perc": 0.002393190795997234, "local_perc": 0.30128205128205127}, "11": {"global_perc": 1.0, "local_perc": 0.00033738191632928474}, "a": {"global_perc": 0.0047097666966084825, "local_perc": 0.06545209176788123}, "b": {"global_perc": 0.022136461870947824, "local_perc": 0.48380566801619435}, "c": {"global_perc": 0.0030777586675115416, "local_perc": 0.14912280701754385}}, "partition_field": "Dist_Cy_pul_Ric_mac_driv"}, {"internal": false, "data": [["Near_Vil_Tow_Nam_hav_Other", "JAMMU"], "JAMMU"], "perc": 0.41687743385924764, "Vil_Nam": "Mandhar", "Stat_Nam": "JAMMU & KASHMIR", "metric": 257820.70432373844, "value_global_local": {"": {"global_perc": 0.0006513088631537624, "local_perc": 0.08436055469953775}, "0": {"global_perc": 0.04885611329925417, "local_perc": 0.673728813559322}, "1": {"global_perc": 0.019202287932179152, "local_perc": 0.1448382126348228}, "2": {"global_perc": 0.001092455553966004, "local_perc": 0.0970724191063174}}, "partition_field": "Other_Fun_in_Sum_mon_April_Sep_Stat"}, {"internal": false, "data": [["Near_Vil_Tow_Nam_hav_Other", "REWA"], "REWA"], "perc": 0.4072423621984022, "Vil_Nam": "Karaudi", "Stat_Nam": "MADHYA PRADESH", "metric": 251870.08406600024, "value_global_local": {"": {"global_perc": 0.0011840585998690917, "local_perc": 0.19045741324921137}, "a": {"global_perc": 0.005744199207696661, "local_perc": 0.08004731861198738}, "b": {"global_perc": 0.027912902478573084, "local_perc": 0.6652208201892744}, "c": {"global_perc": 0.0013694371865207054, "local_perc": 0.06427444794952682}}, "partition_field": "Dist_Car_Driv_by_Anim"}, {"internal": false, "data": [["Near_Vil_Tow_Nam_hav_Other", "JABALPUR"], "JABALPUR"], "perc": 0.3666144766951704, "Vil_Nam": "Sagra", "Stat_Nam": "MADHYA PRADESH", "metric": 226765.58545104178, "value_global_local": {"": {"global_perc": 0.0012121908913227126, "local_perc": 0.21243977222952257}, "a": {"global_perc": 0.002257336343115124, "local_perc": 0.05431449846692948}, "b": {"global_perc": 0.017520186536551664, "local_perc": 0.7109067017082786}, "c": {"global_perc": 0.0007172289647995275, "local_perc": 0.022339027595269383}}, "partition_field": "Dist_Nut_Cen_Other"}, {"internal": false, "data": [["Near_Vil_Tow_Nam_hav_Other", "GUWAHATI"], "GUWAHATI"], "perc": 0.3621181099201092, "Vil_Nam": "Migo-Jara", "Stat_Nam": "Arunachal Pradesh", "metric": 223985.9584888996, "value_global_local": {"": {"global_perc": 0.00043229988423155644, "local_perc": 0.07849223946784922}, "a": {"global_perc": 0.010241986839312248, "local_perc": 0.17117516629711751}, "b": {"global_perc": 0.010392482034273079, "local_perc": 0.16674057649667406}, "c": {"global_perc": 0.009439240270266392, "local_perc": 0.5835920177383592}}, "partition_field": "Dist_Nav_Wat_Riv_Can"}, {"internal": false, "data": [["Near_Vil_Tow_Nam_hav_Other", "ITANAGAR"], "ITANAGAR"], "perc": 0.3373880926572725, "Vil_Nam": "Lanka", "Stat_Nam": "Arunachal Pradesh", "metric": 208693.50933397567, "value_global_local": {"": {"global_perc": 0.0015667555805138284, "local_perc": 0.2655878153260352}, "a": {"global_perc": 0.0015168278668046683, "local_perc": 0.0404569252736792}, "b": {"global_perc": 0.0017520541324311262, "local_perc": 0.06901475487862922}, "c": {"global_perc": 0.010275795141497622, "local_perc": 0.6249405045216564}}, "partition_field": "Dist_Trac"}, {"internal": false, "data": [["Near_Vil_Tow_Nam_hav_Other", "INDORE"], "INDORE"], "perc": 0.31779678028022, "Vil_Nam": "Kundlakhurd", "Stat_Nam": "MADHYA PRADESH", "metric": 196573.3047492874, "value_global_local": {"MADHYA PRADESH": {"global_perc": 0.036045389140848406, "local_perc": 1.0}}, "partition_field": "Stat_Nam"}, {"internal": false, "data": [["Near_Vil_Tow_Nam_hav_Other", "SAGAR"], "SAGAR"], "perc": 0.31651210405877395, "Vil_Nam": "Piprasar", "Stat_Nam": "MADHYA PRADESH", "metric": 195778.37022762856, "value_global_local": {"": {"global_perc": 0.0006248406656302643, "local_perc": 0.12683916793505834}, "a": {"global_perc": 0.028526177819849997, "local_perc": 0.7950279046169457}, "b": {"global_perc": 0.000874390085927717, "local_perc": 0.0410958904109589}, "c": {"global_perc": 0.0010266218515757942, "local_perc": 0.037037037037037035}}, "partition_field": "Dist_Nut_Cen_Other"}, {"internal": false, "data": [["Near_Vil_Tow_Nam_hav_Other", "CHHINDWARA"], "CHHINDWARA"], "perc": 0.30607410975952465, "Vil_Nam": "Sabarvani", "Stat_Nam": "MADHYA PRADESH", "metric": 189318.76526556668, "value_global_local": {"": {"global_perc": 0.00011255768581397966, "local_perc": 0.022035676810073453}, "a": {"global_perc": 0.002087834721176956, "local_perc": 0.04512067156348373}, "b": {"global_perc": 0.005248533497993208, "local_perc": 0.1783840503672613}, "c": {"global_perc": 0.010013160551768319, "local_perc": 0.7544596012591815}}, "partition_field": "Dist_Cy_pul_Ric_mac_driv"}, {"internal": false, "data": [["Near_Vil_Tow_Nam_hav_Other", "JAMSHEDPUR"], "JAMSHEDPUR"], "perc": 0.29130033321289495, "Vil_Nam": "Mollahad", "Stat_Nam": "West Bengal", "metric": 180173.6202978843, "value_global_local": {"": {"global_perc": 0.0017878294659519893, "local_perc": 0.5782800441014333}, "a": {"global_perc": 0.019417475728155338, "local_perc": 0.11466372657111357}, "b": {"global_perc": 0.02710200597524541, "local_perc": 0.14002205071664828}, "c": {"global_perc": 0.02535989286909943, "local_perc": 0.16703417861080486}}, "partition_field": "Dist_Pin_Cod"}]