[{"internal": false, "data": [["Nut_Cen_Angan_Cen_Stat", "1"], "1"], "perc": 76.73114135453048, "Vil_Nam": "Bore", "Stat_Nam": "JAMMU & KASHMIR", "metric": 76.73114135453048, "value_global_local": {"": {"global_perc": 0.9167698091606006, "local_perc": 0.9920954158853469}, "0": {"global_perc": 1.0, "local_perc": 0.007722508706134476}, "a": {"global_perc": 0.0007120717098098349, "local_perc": 0.00010673386016608626}, "b": {"global_perc": 0.0008020381204000755, "local_perc": 3.557795338869542e-05}, "c": {"global_perc": 0.002140845070422535, "local_perc": 3.976359496383606e-05}}, "partition_field": "Dist_Nut_Cen_Angan_Cen"}]