[{"internal": false, "data": [["Near_Vil_Tow_Nam_hav_Med_Col", "GUWAHATI"], "GUWAHATI"], "perc": 3.0199526275643342, "Vil_Nam": "Dirang Village", "Stat_Nam": "Arunachal Pradesh", "metric": 1823515.8307439077, "value_global_local": {"ASSAM": {"global_perc": 0.5460125023678727, "local_perc": 0.7663511645219611}, "Arunachal Pradesh": {"global_perc": 0.14224369296833064, "local_perc": 0.04227374242263107}, "MIZORAM": {"global_perc": 0.027710843373493974, "local_perc": 0.0012230139317239179}, "Meghalaya": {"global_perc": 0.5190817370960666, "local_perc": 0.18876954163564819}, "NAGALAND": {"global_perc": 0.018207282913165267, "local_perc": 0.0013825374880357332}}, "partition_field": "Stat_Nam"}, {"internal": false, "data": [["Near_Vil_Tow_Nam_hav_Med_Col", "CUTTACK"], "CUTTACK"], "perc": 2.984302862419206, "Vil_Nam": "Talabahal", "Stat_Nam": "ODISHA", "metric": 1802648.6685133886, "value_global_local": {"ODISHA": {"global_perc": 0.36216943074854324, "local_perc": 1.0}}, "partition_field": "Stat_Nam"}, {"internal": false, "data": [["Near_Vil_Tow_Nam_hav_Med_Col", "BRAHMAPUR"], "BRAHMAPUR"], "perc": 2.094985748123168, "Vil_Nam": "Jamupatna", "Stat_Nam": "ODISHA", "metric": 1276975.1008872297, "value_global_local": {"ODISHA": {"global_perc": 0.2542435640091205, "local_perc": 1.0}}, "partition_field": "Stat_Nam"}, {"internal": false, "data": [["Near_Vil_Tow_Nam_hav_Med_Col", "BURLA"], "BURLA"], "perc": 1.874182022562126, "Vil_Nam": "Jogendanathpur", "Stat_Nam": "ODISHA", "metric": 1144932.044160745, "value_global_local": {"ODISHA": {"global_perc": 0.22744723559331942, "local_perc": 1.0}}, "partition_field": "Stat_Nam"}, {"internal": false, "data": [["Near_Vil_Tow_Nam_hav_Med_Col", "JABALPUR"], "JABALPUR"], "perc": 1.809145288851419, "Vil_Nam": "Jhalai", "Stat_Nam": "MADHYA PRADESH", "metric": 1105923.5966116665, "value_global_local": {"MADHYA PRADESH": {"global_perc": 0.20519825874724515, "local_perc": 1.0}}, "partition_field": "Stat_Nam"}, {"internal": false, "data": [["Near_Vil_Tow_Nam_hav_Med_Col", "RANCHI"], "RANCHI"], "perc": 1.6959331968364848, "Vil_Nam": "Dhumadi", "Stat_Nam": "West Bengal", "metric": 1037894.3373078004, "value_global_local": {"JHARKHAND": {"global_perc": 0.32308452182502934, "local_perc": 0.9910046397121485}, "West Bengal": {"global_perc": 0.0023621264110597244, "local_perc": 0.00899536028785153}}, "partition_field": "Stat_Nam"}, {"internal": false, "data": [["Near_Vil_Tow_Nam_hav_Med_Col", "LUCKNOW"], "LUCKNOW"], "perc": 1.6389256895098157, "Vil_Nam": "Safar Shikoh Pur", "Stat_Nam": "UTTAR PRADESH", "metric": 1003578.0411899313, "value_global_local": {"UTTAR PRADESH": {"global_perc": 0.09558506752580216, "local_perc": 1.0}}, "partition_field": "Stat_Nam"}, {"internal": false, "data": [["Near_Vil_Tow_Nam_hav_Med_Col", "SHIMLA"], "SHIMLA"], "perc": 1.37074952828295, "Vil_Nam": "Ori (74)", "Stat_Nam": "HIMACHAL PRADESH", "metric": 841603.3942751616, "value_global_local": {"HIMACHAL PRADESH": {"global_perc": 0.4125664572257129, "local_perc": 1.0}}, "partition_field": "Stat_Nam"}, {"internal": false, "data": [["Near_Vil_Tow_Nam_hav_Med_Col", "SRINAGAR"], "SRINAGAR"], "perc": 1.328836966558272, "Vil_Nam": "Keran", "Stat_Nam": "JAMMU & KASHMIR", "metric": 816207.86061263, "value_global_local": {"JAMMU & KASHMIR": {"global_perc": 0.4428506027773539, "local_perc": 0.3506948640483384}, "UTTARAKHAND": {"global_perc": 0.31995474304769844, "local_perc": 0.6493051359516616}}, "partition_field": "Stat_Nam"}, {"internal": false, "data": [["Near_Vil_Tow_Nam_hav_Med_Col", "DHANBAD"], "DHANBAD"], "perc": 1.321610662812638, "Vil_Nam": "Karkara", "Stat_Nam": "West Bengal", "metric": 811827.1090770405, "value_global_local": {"JHARKHAND": {"global_perc": 0.2536889547447058, "local_perc": 0.9985419198055893}, "West Bengal": {"global_perc": 0.0002983738624496494, "local_perc": 0.0014580801944106927}}, "partition_field": "Stat_Nam"}, {"internal": false, "data": [["Near_Vil_Tow_Nam_hav_Med_Col", "BHOPAL"], "BHOPAL"], "perc": 1.3119755911517925, "Vil_Nam": "Sildhara", "Stat_Nam": "MADHYA PRADESH", "metric": 805985.0953470633, "value_global_local": {"MADHYA PRADESH": {"global_perc": 0.1488078975647961, "local_perc": 1.0}}, "partition_field": "Stat_Nam"}, {"internal": false, "data": [["Near_Vil_Tow_Nam_hav_Med_Col", "REWA"], "REWA"], "perc": 1.2491870408286163, "Vil_Nam": "Charkhar", "Stat_Nam": "CHHATTISGARH", "metric": 767886.3215705167, "value_global_local": {"CHHATTISGARH": {"global_perc": 0.00014906091622776508, "local_perc": 0.0003856536829926726}, "MADHYA PRADESH": {"global_perc": 0.14163160483033713, "local_perc": 0.9996143463170073}}, "partition_field": "Stat_Nam"}, {"internal": false, "data": [["Near_Vil_Tow_Nam_hav_Med_Col", "RAIPUR"], "RAIPUR"], "perc": 1.184953229756313, "Vil_Nam": "Chak Matka", "Stat_Nam": "UTTAR PRADESH", "metric": 728859.7849773174, "value_global_local": {"CHHATTISGARH": {"global_perc": 0.36505018384179666, "local_perc": 0.9956633690201925}, "MADHYA PRADESH": {"global_perc": 0.0004917764056608929, "local_perc": 0.0036590323892126304}, "UTTAR PRADESH": {"global_perc": 3.7462303557045726e-05, "local_perc": 0.0005420788724759452}, "West Bengal": {"global_perc": 2.4864488537470783e-05, "local_perc": 0.0001355197181189863}}, "partition_field": "Stat_Nam"}, {"internal": false, "data": [["Near_Vil_Tow_Nam_hav_Med_Col", "INDORE"], "INDORE"], "perc": 1.6310570476534587, "Vil_Nam": "Lapiya", "Stat_Nam": "MADHYA PRADESH", "metric": 998838.2467381269, "value_global_local": {"MADHYA PRADESH": {"global_perc": 0.18499899823324772, "local_perc": 1.0}}, "partition_field": "Stat_Nam"}, {"internal": false, "data": [["Near_Vil_Tow_Nam_hav_Med_Col", "UDAIPUR"], "UDAIPUR"], "perc": 1.5226624914689468, "Vil_Nam": "Manadar", "Stat_Nam": "RAJASTHAN", "metric": 933466.6822433658, "value_global_local": {"CHHATTISGARH": {"global_perc": 4.9686972075921695e-05, "local_perc": 0.0001054629824931449}, "RAJASTHAN": {"global_perc": 0.2122358524355301, "local_perc": 0.9998945370175069}}, "partition_field": "Stat_Nam"}, {"internal": false, "data": [["Near_Vil_Tow_Nam_hav_Med_Col", "PATNA"], "PATNA"], "perc": 1.5104580673652093, "Vil_Nam": "Umarpur Khurd Diyara Khas", "Stat_Nam": "UTTAR PRADESH", "metric": 926097.162792565, "value_global_local": {"BIHAR": {"global_perc": 0.20845032758390158, "local_perc": 0.9944716138634914}, "JHARKHAND": {"global_perc": 0.0015434957090819288, "local_perc": 0.00531575590048905}, "Maharashtra": {"global_perc": 2.2901637467078896e-05, "local_perc": 0.00010631511800978098}, "UTTAR PRADESH": {"global_perc": 9.365575889261431e-06, "local_perc": 0.00010631511800978098}}, "partition_field": "Stat_Nam"}]