[{"internal": false, "data": [["Other_Dis_Road_Stat", "1"], "1"], "perc": 49.380384599943795, "Vil_Nam": "Keran", "Stat_Nam": "JAMMU & KASHMIR", "metric": 50.619615400056205, "value_global_local": {"": {"global_perc": 0.8153823151700588, "local_perc": 0.9931545605910818}, "0": {"global_perc": 1.0, "local_perc": 0.006399916749050419}, "a": {"global_perc": 2.5693730729701953e-05, "local_perc": 6.503980436026848e-06}, "b": {"global_perc": 0.00020369527187327757, "local_perc": 5.528383370622821e-05}, "c": {"global_perc": 0.001422852457435007, "local_perc": 0.00038373484572558407}}, "partition_field": "Dist_Other_Dis_Road"}]