[{"internal": false, "data": [["Near_Vil_Tow_Nam_hav_Non_For_Train_Cen", "GAYA"], "GAYA"], "perc": 0.9953029025653379, "Vil_Nam": "Babuka Bahuara", "Stat_Nam": "BIHAR", "metric": 613037.0844273154, "value_global_local": {"BIHAR": {"global_perc": 0.13711726166599814, "local_perc": 0.9927395934172314}, "JHARKHAND": {"global_perc": 0.0013891461381737359, "local_perc": 0.007260406582768635}}, "partition_field": "Stat_Nam"}, {"internal": false, "data": [["Near_Vil_Tow_Nam_hav_Non_For_Train_Cen", "GUWAHATI"], "GUWAHATI"], "perc": 0.7993897787948132, "Vil_Nam": "Morshing", "Stat_Nam": "Arunachal Pradesh", "metric": 493225.4340198322, "value_global_local": {"ASSAM": {"global_perc": 0.17908694828566016, "local_perc": 0.9495781438328647}, "Arunachal Pradesh": {"global_perc": 0.004473072105922347, "local_perc": 0.0050220972278023305}, "Meghalaya": {"global_perc": 0.032899546717356336, "local_perc": 0.04519887505022097}, "NAGALAND": {"global_perc": 0.0007002801120448179, "local_perc": 0.0002008838891120932}}, "partition_field": "Stat_Nam"}, {"internal": false, "data": [["Near_Vil_Tow_Nam_hav_Non_For_Train_Cen", "RANCHI"], "RANCHI"], "perc": 0.7687181340077884, "Vil_Nam": "Chhatka", "Stat_Nam": "West Bengal", "metric": 474424.7586013088, "value_global_local": {"JHARKHAND": {"global_perc": 0.1476507995307773, "local_perc": 0.9991644035930646}, "West Bengal": {"global_perc": 9.945795414988313e-05, "local_perc": 0.0008355964069354502}}, "partition_field": "Stat_Nam"}, {"internal": false, "data": [["Near_Vil_Tow_Nam_hav_Non_For_Train_Cen", "DUMKA"], "DUMKA"], "perc": 0.6054036693564575, "Vil_Nam": "Gundlubari", "Stat_Nam": "West Bengal", "metric": 374121.26058854227, "value_global_local": {"": {"global_perc": 0.0027712208881200523, "local_perc": 0.4312997347480106}, "a": {"global_perc": 0.010455563853622106, "local_perc": 0.029708222811671087}, "b": {"global_perc": 0.07874519846350832, "local_perc": 0.19575596816976126}, "c": {"global_perc": 0.1083026447941078, "local_perc": 0.343236074270557}}, "partition_field": "Dist_Pin_Cod"}, {"internal": false, "data": [["Near_Vil_Tow_Nam_hav_Non_For_Train_Cen", "SRINAGAR"], "SRINAGAR"], "perc": 0.5482355775021076, "Vil_Nam": "Keran", "Stat_Nam": "JAMMU & KASHMIR", "metric": 338931.6131518728, "value_global_local": {"JAMMU & KASHMIR": {"global_perc": 0.36761788493819625, "local_perc": 0.7056239015817223}, "UTTARAKHAND": {"global_perc": 0.059846364556660515, "local_perc": 0.29437609841827767}}, "partition_field": "Stat_Nam"}, {"internal": false, "data": [["Near_Vil_Tow_Nam_hav_Non_For_Train_Cen", "JAMMU"], "JAMMU"], "perc": 0.5318559556786704, "Vil_Nam": "Mandhar", "Stat_Nam": "JAMMU & KASHMIR", "metric": 328841.68421052635, "value_global_local": {"": {"global_perc": 0.0001588567204030073, "local_perc": 0.01570048309178744}, "0": {"global_perc": 0.03611418455410489, "local_perc": 0.4927536231884058}, "1": {"global_perc": 0.04668559738633935, "local_perc": 0.4616545893719807}, "2": {"global_perc": 0.00045528963779179924, "local_perc": 0.029891304347826088}}, "partition_field": "Sprin_Fun_Al_roun_th_year_Stat"}, {"internal": false, "data": [["Near_Vil_Tow_Nam_hav_Non_For_Train_Cen", "BHAGALPUR"], "BHAGALPUR"], "perc": 0.5064836003051106, "Vil_Nam": "Dahraia", "Stat_Nam": "BIHAR", "metric": 313205.5896262395, "value_global_local": {"": {"global_perc": 0.0025647072696185365, "local_perc": 0.30342422320862394}, "11": {"global_perc": 1.0, "local_perc": 0.0003170577045022194}, "a": {"global_perc": 0.005438081134228351, "local_perc": 0.07102092580849714}, "b": {"global_perc": 0.022661315220747144, "local_perc": 0.4654407102092581}, "c": {"global_perc": 0.003509480471551622, "local_perc": 0.15979708306911858}}, "partition_field": "Dist_Cy_pul_Ric_mac_driv"}, {"internal": false, "data": [["Near_Vil_Tow_Nam_hav_Non_For_Train_Cen", "TURA"], "TURA"], "perc": 0.4705126661046208, "Vil_Nam": "Burirjhar", "Stat_Nam": "Meghalaya", "metric": 291024.22096431005, "value_global_local": {"": {"global_perc": 0.003989891899480556, "local_perc": 0.4849829351535836}, "a": {"global_perc": 0.011902637495984867, "local_perc": 0.22764505119453926}, "b": {"global_perc": 0.006198646689221847, "local_perc": 0.17508532423208192}, "c": {"global_perc": 0.002574818432256449, "local_perc": 0.11228668941979522}}, "partition_field": "Dist_Trac"}, {"internal": false, "data": [["Near_Vil_Tow_Nam_hav_Non_For_Train_Cen", "NAGPUR"], "NAGPUR"], "perc": 0.4695491589385363, "Vil_Nam": "Naigaon Deshmukh", "Stat_Nam": "Maharashtra", "metric": 290429.85555421736, "value_global_local": {"Maharashtra": {"global_perc": 0.06696438795373869, "local_perc": 1.0}}, "partition_field": "Stat_Nam"}, {"internal": false, "data": [["Near_Vil_Tow_Nam_hav_Non_For_Train_Cen", "REWA"], "REWA"], "perc": 0.4552571359749488, "Vil_Nam": "Kewatpur", "Stat_Nam": "MADHYA PRADESH", "metric": 281612.07756232686, "value_global_local": {"": {"global_perc": 0.0015150066557331236, "local_perc": 0.21798941798941798}, "a": {"global_perc": 0.005857385398981324, "local_perc": 0.07301587301587302}, "b": {"global_perc": 0.03034514709288858, "local_perc": 0.6469135802469136}, "c": {"global_perc": 0.0014786561032370806, "local_perc": 0.062081128747795415}}, "partition_field": "Dist_Car_Driv_by_Anim"}, {"internal": false, "data": [["Near_Vil_Tow_Nam_hav_Non_For_Train_Cen", "JABALPUR"], "JABALPUR"], "perc": 0.42843951985226225, "Vil_Nam": "Bakulaha", "Stat_Nam": "MADHYA PRADESH", "metric": 265059.49399815325, "value_global_local": {"": {"global_perc": 0.003522758194641583, "local_perc": 0.5386056971514243}, "a": {"global_perc": 0.005263157894736842, "local_perc": 0.06971514242878561}, "b": {"global_perc": 0.01523875707336444, "local_perc": 0.3452023988005997}, "c": {"global_perc": 0.0010417804363715795, "local_perc": 0.046476761619190406}}, "partition_field": "Dist_Car_Driv_by_Anim"}, {"internal": false, "data": [["Near_Vil_Tow_Nam_hav_Non_For_Train_Cen", "GORAKHPUR"], "GORAKHPUR"], "perc": 0.4199285398851821, "Vil_Nam": "Halaura", "Stat_Nam": "UTTAR PRADESH", "metric": 259804.40643943957, "value_global_local": {"UTTAR PRADESH": {"global_perc": 0.024490980950418642, "local_perc": 1.0}}, "partition_field": "Stat_Nam"}, {"internal": false, "data": [["Near_Vil_Tow_Nam_hav_Non_For_Train_Cen", "SHILLONG"], "SHILLONG"], "perc": 0.40981171464129434, "Vil_Nam": "Porla Nongtrai", "Stat_Nam": "Meghalaya", "metric": 253556.61937452326, "value_global_local": {"Meghalaya": {"global_perc": 0.37315396987863725, "local_perc": 1.0}}, "partition_field": "Stat_Nam"}, {"internal": false, "data": [["Near_Vil_Tow_Nam_hav_Non_For_Train_Cen", "ITANAGAR"], "ITANAGAR"], "perc": 0.36452687783532056, "Vil_Nam": "Seru", "Stat_Nam": "Arunachal Pradesh", "metric": 225574.71114858086, "value_global_local": {"": {"global_perc": 0.0031422417894853365, "local_perc": 0.7127753303964758}, "a": {"global_perc": 0.0036920602427255446, "local_perc": 0.08898678414096917}, "b": {"global_perc": 0.0044129644737817995, "local_perc": 0.052422907488986786}, "c": {"global_perc": 0.014923354373309288, "local_perc": 0.1458149779735683}}, "partition_field": "Dist_ASHA"}, {"internal": false, "data": [["Near_Vil_Tow_Nam_hav_Non_For_Train_Cen", "SAGAR"], "SAGAR"], "perc": 0.34092095226624913, "Vil_Nam": "Hansero", "Stat_Nam": "UTTAR PRADESH", "metric": 210978.27034405235, "value_global_local": {"": {"global_perc": 0.000744810073431275, "local_perc": 0.14036740461610928}, "a": {"global_perc": 0.027543144251074056, "local_perc": 0.712670748940179}, "b": {"global_perc": 0.0018567295651798438, "local_perc": 0.08101742816768724}, "c": {"global_perc": 0.0019688638249398794, "local_perc": 0.0659444182760245}}, "partition_field": "Dist_Nut_Cen_Other"}, {"internal": false, "data": [["Near_Vil_Tow_Nam_hav_Non_For_Train_Cen", "ANAKAPALLE"], "ANAKAPALLE"], "perc": 0.33963627604480306, "Vil_Nam": "Vallayibeeru", "Stat_Nam": "ANDHRA PRADESH", "metric": 210183.70709382152, "value_global_local": {"": {"global_perc": 0.00214208448319056, "local_perc": 0.5215130023640662}, "a": {"global_perc": 0.0025040210557098993, "local_perc": 0.06477541371158392}, "b": {"global_perc": 0.009382184973670549, "local_perc": 0.11962174940898346}, "c": {"global_perc": 0.028043282236248874, "local_perc": 0.2940898345153664}}, "partition_field": "Dist_ASHA"}, {"internal": false, "data": [["Near_Vil_Tow_Nam_hav_Non_For_Train_Cen", "BHOPAL"], "BHOPAL"], "perc": 0.3304829579669999, "Vil_Nam": "Amahi", "Stat_Nam": "MADHYA PRADESH", "metric": 204521.8489702517, "value_global_local": {"": {"global_perc": 0.0013471564750988498, "local_perc": 0.2619047619047619}, "a": {"global_perc": 0.0020024757882472874, "local_perc": 0.05344995140913508}, "b": {"global_perc": 0.014562373159462844, "local_perc": 0.6554907677356657}, "c": {"global_perc": 0.0008437987821170911, "local_perc": 0.029154518950437316}}, "partition_field": "Dist_Nut_Cen_Other"}, {"internal": false, "data": [["Near_Vil_Tow_Nam_hav_Non_For_Train_Cen", "BASTI"], "BASTI"], "perc": 0.3266289293026617, "Vil_Nam": "Baidauli", "Stat_Nam": "UTTAR PRADESH", "metric": 202137.5965313742, "value_global_local": {"UTTAR PRADESH": {"global_perc": 0.01904958135875775, "local_perc": 1.0}}, "partition_field": "Stat_Nam"}]