[{"internal": false, "data": [["PI_Cod", "0"], "0"], "perc": 5.805451844714762, "Vil_Nam": "Rehna", "Stat_Nam": "UTTAR PRADESH", "metric": 3403060.6357541448, "value_global_local": {"UTTAR PRADESH": {"global_perc": 0.3263341262854253, "local_perc": 0.9638194290772295}, "West Bengal": {"global_perc": 0.03252275100701178, "local_perc": 0.03618057092277052}}, "partition_field": "Stat_Nam"}, {"internal": false, "data": [["PI_Cod", "754140"], "754140"], "perc": 0.14677425830021276, "Vil_Nam": "Ramachandrapur", "Stat_Nam": "ODISHA", "metric": 88869.3709101128, "value_global_local": {"": {"global_perc": 0.000157171417434711, "local_perc": 0.05470459518599562}, "a": {"global_perc": 0.015395057538641902, "local_perc": 0.5459518599562363}, "b": {"global_perc": 0.003866185257372911, "local_perc": 0.1323851203501094}, "c": {"global_perc": 0.0010129104570550875, "local_perc": 0.26695842450765866}}, "partition_field": "Dist_Sea_Riv_Fer_Ser"}, {"internal": false, "data": [["PI_Cod", "822126"], "822126"], "perc": 0.1263800232847565, "Vil_Nam": "Piparbar", "Stat_Nam": "JHARKHAND", "metric": 76203.57204223373, "value_global_local": {"": {"global_perc": 0.0007822819112220811, "local_perc": 0.5832274459974587}, "a": {"global_perc": 0.0016803584764749813, "local_perc": 0.022871664548919948}, "b": {"global_perc": 0.005548442168160478, "local_perc": 0.06607369758576874}, "c": {"global_perc": 0.021593572145965852, "local_perc": 0.3278271918678526}}, "partition_field": "Dist_Pin_Cod"}, {"internal": false, "data": [["PI_Cod", "491995"], "491995"], "perc": 0.08189810911718656, "Vil_Nam": "Jaiti", "Stat_Nam": "CHHATTISGARH", "metric": 48560.19751896904, "value_global_local": {"CHHATTISGARH": {"global_perc": 0.025340355758720064, "local_perc": 1.0}}, "partition_field": "Stat_Nam"}, {"internal": false, "data": [["PI_Cod", "815312"], "815312"], "perc": 0.0817375245895058, "Vil_Nam": "Gadi", "Stat_Nam": "JHARKHAND", "metric": 48460.35730057409, "value_global_local": {"JHARKHAND": {"global_perc": 0.015712786318454033, "local_perc": 1.0}}, "partition_field": "Stat_Nam"}, {"internal": false, "data": [["PI_Cod", "815353"], "815353"], "perc": 0.07579589706531777, "Vil_Nam": "Baghraidih", "Stat_Nam": "JHARKHAND", "metric": 44766.043438114735, "value_global_local": {"JHARKHAND": {"global_perc": 0.014570599493733407, "local_perc": 1.0}}, "partition_field": "Stat_Nam"}, {"internal": false, "data": [["PI_Cod", "833201"], "833201"], "perc": 0.06889076237504517, "Vil_Nam": "Otar", "Stat_Nam": "JHARKHAND", "metric": 40472.0992412381, "value_global_local": {"JHARKHAND": {"global_perc": 0.013243193183922948, "local_perc": 1.0}}, "partition_field": "Stat_Nam"}, {"internal": false, "data": [["PI_Cod", "721507"], "721507"], "perc": 0.0684090087920029, "Vil_Nam": "Baksol", "Stat_Nam": "West Bengal", "metric": 40172.49957846561, "value_global_local": {"": {"global_perc": 0.0005733793358714044, "local_perc": 0.8145539906103286}, "a": {"global_perc": 0.0018602179112410311, "local_perc": 0.03286384976525822}, "b": {"global_perc": 0.009888751545117428, "local_perc": 0.056338028169014086}, "c": {"global_perc": 0.011263736263736264, "local_perc": 0.09624413145539906}}, "partition_field": "Dist_Foot"}, {"internal": false, "data": [["PI_Cod", "793111"], "793111"], "perc": 0.12220482556505681, "Vil_Nam": "Gobekram", "Stat_Nam": "Meghalaya", "metric": 73609.93504355855, "value_global_local": {"Meghalaya": {"global_perc": 0.11127357800848077, "local_perc": 1.0}}, "partition_field": "Stat_Nam"}, {"internal": false, "data": [["PI_Cod", "586112"], "586112"], "perc": 0.09875948452366615, "Vil_Nam": "Nagathan", "Stat_Nam": "KARNATAKA", "metric": 59041.63314464651, "value_global_local": {"KARNATAKA": {"global_perc": 0.020961145194274028, "local_perc": 1.0}}, "partition_field": "Stat_Nam"}, {"internal": false, "data": [["PI_Cod", "814146"], "814146"], "perc": 0.09619013208077402, "Vil_Nam": "Belmi", "Stat_Nam": "JHARKHAND", "metric": 57444.690674053556, "value_global_local": {"": {"global_perc": 0.00033234198842768155, "local_perc": 0.32554257095158595}, "a": {"global_perc": 0.0011202389843166542, "local_perc": 0.02003338898163606}, "b": {"global_perc": 0.015471617584293641, "local_perc": 0.24207011686143573}, "c": {"global_perc": 0.020672915969199866, "local_perc": 0.41235392320534225}}, "partition_field": "Dist_Pin_Cod"}, {"internal": false, "data": [["PI_Cod", "793120"], "793120"], "perc": 0.09346019511020114, "Vil_Nam": "Porla Nongtrai", "Stat_Nam": "Meghalaya", "metric": 55747.84921112851, "value_global_local": {"Meghalaya": {"global_perc": 0.08510016084222839, "local_perc": 1.0}}, "partition_field": "Stat_Nam"}, {"internal": false, "data": [["PI_Cod", "531040"], "531040"], "perc": 0.08816090569673611, "Vil_Nam": "Vallayibeeru", "Stat_Nam": "ANDHRA PRADESH", "metric": 52453.715524509214, "value_global_local": {"": {"global_perc": 0.0002718874230704247, "local_perc": 0.2550091074681239}, "a": {"global_perc": 0.0008407661938879953, "local_perc": 0.08378870673952642}, "b": {"global_perc": 0.0035971223021582736, "local_perc": 0.1766848816029144}, "c": {"global_perc": 0.01199278629395852, "local_perc": 0.48451730418943534}}, "partition_field": "Dist_ASHA"}]