[{"internal": false, "data": [["Sub_Dis_Nam", "Lalganj"], "Lalganj"], "perc": 0.30189891203982494, "Vil_Nam": "Aindhi", "Stat_Nam": "UTTAR PRADESH", "metric": 172078.92247781926, "value_global_local": {"BIHAR": {"global_perc": 0.0021838926772741454, "local_perc": 0.052127659574468084}, "UTTAR PRADESH": {"global_perc": 0.01668945623466387, "local_perc": 0.9478723404255319}}, "partition_field": "Stat_Nam"}, {"internal": false, "data": [["Sub_Dis_Nam", "Fatehpur"], "Fatehpur"], "perc": 0.26512505520093144, "Vil_Nam": "Kothi  (6)", "Stat_Nam": "HIMACHAL PRADESH", "metric": 149303.1077923642, "value_global_local": {"BIHAR": {"global_perc": 0.003877523733119401, "local_perc": 0.10539067231980617}, "HIMACHAL PRADESH": {"global_perc": 0.011696471725471242, "local_perc": 0.1465778316172017}, "JHARKHAND": {"global_perc": 0.005525714638513305, "local_perc": 0.10841913991520291}, "RAJASTHAN": {"global_perc": 0.0028429441260744985, "local_perc": 0.07692307692307693}, "UTTAR PRADESH": {"global_perc": 0.00870062000112387, "local_perc": 0.5626892792247123}}, "partition_field": "Stat_Nam"}, {"internal": false, "data": [["Sub_Dis_Nam", "Harraiya"], "Harraiya"], "perc": 0.2452125737685174, "Vil_Nam": "Maheva", "Stat_Nam": "UTTAR PRADESH", "metric": 136963.32313621583, "value_global_local": {"UTTAR PRADESH": {"global_perc": 0.014301234382902204, "local_perc": 1.0}}, "partition_field": "Stat_Nam"}, {"internal": false, "data": [["Sub_Dis_Nam", "Mohammadabad"], "Mohammadabad"], "perc": 0.18210285438997953, "Vil_Nam": "Baluwa Khalispur", "Stat_Nam": "UTTAR PRADESH", "metric": 97821.53920269782, "value_global_local": {"UTTAR PRADESH": {"global_perc": 0.010620563058422463, "local_perc": 1.0}}, "partition_field": "Stat_Nam"}, {"internal": false, "data": [["Sub_Dis_Nam", "Phulpur"], "Phulpur"], "perc": 0.17407362800594162, "Vil_Nam": "Chak Dharna", "Stat_Nam": "UTTAR PRADESH", "metric": 92838.11152595447, "value_global_local": {"UTTAR PRADESH": {"global_perc": 0.01015228426395939, "local_perc": 1.0}}, "partition_field": "Stat_Nam"}, {"internal": false, "data": [["Sub_Dis_Nam", "Phuloni"], "Phuloni"], "perc": 0.1726283672568148, "Vil_Nam": "Sanding Gaon", "Stat_Nam": "ASSAM", "metric": 91941.00927375647, "value_global_local": {"ASSAM": {"global_perc": 0.04072741049441182, "local_perc": 1.0}}, "partition_field": "Stat_Nam"}, {"internal": false, "data": [["Sub_Dis_Nam", "Rajgarh"], "Rajgarh"], "perc": 0.16090569673611949, "Vil_Nam": "Kunthal Pishog (1)", "Stat_Nam": "HIMACHAL PRADESH", "metric": 84663.55196916776, "value_global_local": {"HIMACHAL PRADESH": {"global_perc": 0.006766553890768487, "local_perc": 0.13972055888223553}, "MADHYA PRADESH": {"global_perc": 0.007067009088756534, "local_perc": 0.3872255489021956}, "RAJASTHAN": {"global_perc": 0.01061067335243553, "local_perc": 0.47305389221556887}}, "partition_field": "Stat_Nam"}, {"internal": false, "data": [["Sub_Dis_Nam", "Sagri"], "Sagri"], "perc": 0.1562487454333775, "Vil_Nam": "Baluwa Bhawanibux", "Stat_Nam": "UTTAR PRADESH", "metric": 81772.03227749007, "value_global_local": {"UTTAR PRADESH": {"global_perc": 0.009112705340251373, "local_perc": 1.0}}, "partition_field": "Stat_Nam"}, {"internal": false, "data": [["Sub_Dis_Nam", "Basti"], "Basti"], "perc": 0.17696414950419528, "Vil_Nam": "Bhade Bujurg", "Stat_Nam": "UTTAR PRADESH", "metric": 94632.23798627002, "value_global_local": {"UTTAR PRADESH": {"global_perc": 0.010320864629966097, "local_perc": 1.0}}, "partition_field": "Stat_Nam"}]