[{"internal": false, "data": [["Near_Stat_Tow_Nam", "AZAMGARH"], "AZAMGARH"], "perc": 0.6572724717973423, "Vil_Nam": "Ratuwapar", "Stat_Nam": "UTTAR PRADESH", "metric": 397966.96647797985, "value_global_local": {"UTTAR PRADESH": {"global_perc": 0.03833330211474704, "local_perc": 1.0}}, "partition_field": "Stat_Nam"}, {"internal": false, "data": [["Near_Stat_Tow_Nam", "BASTI"], "BASTI"], "perc": 0.5376369986751777, "Vil_Nam": "Piraila Narharia", "Stat_Nam": "UTTAR PRADESH", "metric": 324346.76574732026, "value_global_local": {"UTTAR PRADESH": {"global_perc": 0.03135594807724727, "local_perc": 1.0}}, "partition_field": "Stat_Nam"}, {"internal": false, "data": [["Near_Stat_Tow_Nam", "JAUNPUR"], "JAUNPUR"], "perc": 0.534104139066201, "Vil_Nam": "Shekhpur", "Stat_Nam": "UTTAR PRADESH", "metric": 322170.03669356456, "value_global_local": {"UTTAR PRADESH": {"global_perc": 0.031149905407683517, "local_perc": 1.0}}, "partition_field": "Stat_Nam"}, {"internal": false, "data": [["Near_Stat_Tow_Nam", "GORAKHPUR"], "GORAKHPUR"], "perc": 0.5310530330402666, "Vil_Nam": "Maratha", "Stat_Nam": "UTTAR PRADESH", "metric": 320290.00923361036, "value_global_local": {"UTTAR PRADESH": {"global_perc": 0.03097195946578755, "local_perc": 1.0}}, "partition_field": "Stat_Nam"}, {"internal": false, "data": [["Near_Stat_Tow_Nam", "GHAZIPUR"], "GHAZIPUR"], "perc": 0.5140310731061062, "Vil_Nam": "Sakha", "Stat_Nam": "UTTAR PRADESH", "metric": 309799.3072383476, "value_global_local": {"UTTAR PRADESH": {"global_perc": 0.02997920842152584, "local_perc": 1.0}}, "partition_field": "Stat_Nam"}, {"internal": false, "data": [["Near_Stat_Tow_Nam", "DUMKA"], "DUMKA"], "perc": 0.48560761170661204, "Vil_Nam": "Kherwa", "Stat_Nam": "JHARKHAND", "metric": 292273.77044441766, "value_global_local": {"JHARKHAND": {"global_perc": 0.09335062048527505, "local_perc": 1.0}}, "partition_field": "Stat_Nam"}, {"internal": false, "data": [["Near_Stat_Tow_Nam", "GIRIDIH"], "GIRIDIH"], "perc": 0.4400016058452768, "Vil_Nam": "Cherwa", "Stat_Nam": "JHARKHAND", "metric": 264132.67573969247, "value_global_local": {"JHARKHAND": {"global_perc": 0.0845835648576897, "local_perc": 1.0}}, "partition_field": "Stat_Nam"}, {"internal": false, "data": [["Near_Stat_Tow_Nam", "ALLAHABAD"], "ALLAHABAD"], "perc": 0.4141474968886748, "Vil_Nam": "Pataunda", "Stat_Nam": "UTTAR PRADESH", "metric": 248167.94443775344, "value_global_local": {"UTTAR PRADESH": {"global_perc": 0.02415382021840523, "local_perc": 1.0}}, "partition_field": "Stat_Nam"}, {"internal": false, "data": [["Near_Stat_Tow_Nam", "SIDDHARTHNAGAR"], "SIDDHARTHNAGAR"], "perc": 0.40065839656349106, "Vil_Nam": "Mishrouliya", "Stat_Nam": "UTTAR PRADESH", "metric": 239835.21458107512, "value_global_local": {"UTTAR PRADESH": {"global_perc": 0.02336711184370727, "local_perc": 1.0}}, "partition_field": "Stat_Nam"}, {"internal": false, "data": [["Near_Stat_Tow_Nam", "BIJNOR"], "BIJNOR"], "perc": 0.39937372034204505, "Vil_Nam": "Kotawali", "Stat_Nam": "UTTAR PRADESH", "metric": 239041.5030711791, "value_global_local": {"UTTAR PRADESH": {"global_perc": 0.023292187236593178, "local_perc": 1.0}}, "partition_field": "Stat_Nam"}, {"internal": false, "data": [["Near_Stat_Tow_Nam", "RAYAGADA"], "RAYAGADA"], "perc": 0.37753422457746194, "Vil_Nam": "Tembaguda", "Stat_Nam": "ODISHA", "metric": 225545.26251555662, "value_global_local": {"ODISHA": {"global_perc": 0.04581684953130786, "local_perc": 1.0}}, "partition_field": "Stat_Nam"}, {"internal": false, "data": [["Near_Stat_Tow_Nam", "JHARGRAM"], "JHARGRAM"], "perc": 0.3661327231121282, "Vil_Nam": "Patmauli", "Stat_Nam": "West Bengal", "metric": 218497.0709382151, "value_global_local": {"": {"global_perc": 0.0031478029822335023, "local_perc": 0.8355263157894737}, "a": {"global_perc": 0.009301089556205155, "local_perc": 0.03070175438596491}, "b": {"global_perc": 0.025133910177173466, "local_perc": 0.02675438596491228}, "c": {"global_perc": 0.06703296703296703, "local_perc": 0.10701754385964912}}, "partition_field": "Dist_Foot"}, {"internal": false, "data": [["Near_Stat_Tow_Nam", "BALLIA"], "BALLIA"], "perc": 0.3650086314183628, "Vil_Nam": "Bhagwanpur", "Stat_Nam": "UTTAR PRADESH", "metric": 217802.09113171947, "value_global_local": {"UTTAR PRADESH": {"global_perc": 0.021287953996291232, "local_perc": 1.0}}, "partition_field": "Stat_Nam"}, {"internal": false, "data": [["Near_Stat_Tow_Nam", "KHARAGPUR"], "KHARAGPUR"], "perc": 0.3632422016138745, "Vil_Nam": "Sagrampur", "Stat_Nam": "BIHAR", "metric": 216709.94821148983, "value_global_local": {"": {"global_perc": 0.003170936442470389, "local_perc": 0.8483642793987621}, "a": {"global_perc": 0.0046505447781025775, "local_perc": 0.015473032714412025}, "b": {"global_perc": 0.0407911001236094, "local_perc": 0.04376657824933687}, "c": {"global_perc": 0.057417582417582415, "local_perc": 0.09239610963748895}}, "partition_field": "Dist_Foot"}, {"internal": false, "data": [["Near_Stat_Tow_Nam", "ANAKAPALLE"], "ANAKAPALLE"], "perc": 0.34927134770564855, "Vil_Nam": "Doraguda", "Stat_Nam": "ANDHRA PRADESH", "metric": 208070.7214259906, "value_global_local": {"ANDHRA PRADESH": {"global_perc": 0.07823741007194245, "local_perc": 1.0}}, "partition_field": "Stat_Nam"}, {"internal": false, "data": [["Near_Stat_Tow_Nam", "DEORIA"], "DEORIA"], "perc": 0.34622024167971416, "Vil_Nam": "Gopalpur", "Stat_Nam": "UTTAR PRADESH", "metric": 206183.67031996467, "value_global_local": {"UTTAR PRADESH": {"global_perc": 0.020192181617247645, "local_perc": 1.0}}, "partition_field": "Stat_Nam"}, {"internal": false, "data": [["Near_Stat_Tow_Nam", "SITAPUR"], "SITAPUR"], "perc": 0.3442932273475451, "Vil_Nam": "Pirsarai", "Stat_Nam": "UTTAR PRADESH", "metric": 204991.7888313461, "value_global_local": {"CHHATTISGARH": {"global_perc": 0.005415879956275464, "local_perc": 0.05083955223880597}, "UTTAR PRADESH": {"global_perc": 0.019058946934647013, "local_perc": 0.949160447761194}}, "partition_field": "Stat_Nam"}, {"internal": false, "data": [["Near_Stat_Tow_Nam", "MIRZAPUR"], "MIRZAPUR"], "perc": 0.3133004135051588, "Vil_Nam": "Maina Amaha", "Stat_Nam": "UTTAR PRADESH", "metric": 185816.0080292264, "value_global_local": {"UTTAR PRADESH": {"global_perc": 0.018272238559949052, "local_perc": 1.0}}, "partition_field": "Stat_Nam"}, {"internal": false, "data": [["Near_Stat_Tow_Nam", "SHAHJAHANPUR"], "SHAHJAHANPUR"], "perc": 0.3346581556866996, "Vil_Nam": "Baribara", "Stat_Nam": "UTTAR PRADESH", "metric": 199031.68766309367, "value_global_local": {"UTTAR PRADESH": {"global_perc": 0.019517860153220823, "local_perc": 1.0}}, "partition_field": "Stat_Nam"}]