[{"internal": false, "data": [["Man_Com_Sec", "0"], "0"], "perc": 7.532056686338271, "Vil_Nam": "Bore", "Stat_Nam": "JAMMU & KASHMIR", "metric": 4336931.477297363, "value_global_local": {"HIMACHAL PRADESH": {"global_perc": 0.1512808119864669, "local_perc": 0.06673204843936552}, "JAMMU & KASHMIR": {"global_perc": 0.07920036624446818, "local_perc": 0.011065154357837285}, "MANIPUR": {"global_perc": 0.0019372336303758234, "local_perc": 0.00010660071635681392}, "NAGALAND": {"global_perc": 0.04131652661064426, "local_perc": 0.0012578884530104043}, "RAJASTHAN": {"global_perc": 0.966668159025788, "local_perc": 0.920667746887259}, "UTTAR PRADESH": {"global_perc": 7.492460711409145e-05, "local_perc": 0.00017056114617090227}}, "partition_field": "Stat_Nam"}, {"internal": false, "data": [["Man_Com_Sec", "-"], "-"], "perc": 0.3080011240916938, "Vil_Nam": "Chausana Jaddid", "Stat_Nam": "UTTAR PRADESH", "metric": 191009.86984624033, "value_global_local": {"": {"global_perc": 0.004163679132545882, "local_perc": 0.34515119916579773}, "-": {"global_perc": 0.9836601307189542, "local_perc": 0.15693430656934307}, "0": {"global_perc": 0.039377895433487756, "local_perc": 0.06204379562043796}, "1": {"global_perc": 0.0019320098074714724, "local_perc": 0.3894681960375391}, "2": {"global_perc": 0.0012066487703028823, "local_perc": 0.04640250260688217}}, "partition_field": "Near_Non_For_Train_Cen_Gov_1_Priv_2"}, {"internal": false, "data": [["Man_Com_Sec", "Broom"], "Broom"], "perc": 0.12429242442490665, "Vil_Nam": "Wanoda", "Stat_Nam": "Maharashtra", "metric": 77104.04624834398, "value_global_local": {"Maharashtra": {"global_perc": 0.017725867399519066, "local_perc": 1.0}}, "partition_field": "Stat_Nam"}, {"internal": false, "data": [["Man_Com_Sec", "OIL"], "OIL"], "perc": 0.10357702035408889, "Vil_Nam": "Kapa Kah", "Stat_Nam": "JAMMU & KASHMIR", "metric": 64233.39997591232, "value_global_local": {"": {"global_perc": 0.0011461417068872174, "local_perc": 0.9255813953488372}, "AGARBARH": {"global_perc": 1.0, "local_perc": 0.0015503875968992248}, "ANANDPUR SAHIB": {"global_perc": 1.0, "local_perc": 0.0015503875968992248}, "BADRAKILA": {"global_perc": 1.0, "local_perc": 0.0015503875968992248}, "BAJUHA KALAN": {"global_perc": 1.0, "local_perc": 0.0015503875968992248}, "BANDHROUTA": {"global_perc": 1.0, "local_perc": 0.0015503875968992248}, "BAPANGUDA": {"global_perc": 0.5, "local_perc": 0.0015503875968992248}, "BARIARPUR": {"global_perc": 0.2, "local_perc": 0.0015503875968992248}, "BARIMILA": {"global_perc": 1.0, "local_perc": 0.0015503875968992248}, "BASOWAL": {"global_perc": 1.0, "local_perc": 0.0031007751937984496}, "CHAK MUGLAI": {"global_perc": 1.0, "local_perc": 0.0015503875968992248}, "CHAK MUGLANI": {"global_perc": 1.0, "local_perc": 0.0015503875968992248}, "CHAK VENDAL": {"global_perc": 1.0, "local_perc": 0.0015503875968992248}, "CHHOTO PALASHI": {"global_perc": 1.0, "local_perc": 0.0015503875968992248}, "CHOHLA SAHIB": {"global_perc": 1.0, "local_perc": 0.0031007751937984496}, "DO": {"global_perc": 0.07692307692307693, "local_perc": 0.0015503875968992248}, "GAMUDA MAHA": {"global_perc": 1.0, "local_perc": 0.0015503875968992248}, "GANGUWAL": {"global_perc": 1.0, "local_perc": 0.0015503875968992248}, "HAER": {"global_perc": 0.5, "local_perc": 0.0015503875968992248}, "HARIPUR": {"global_perc": 0.02, "local_perc": 0.0015503875968992248}, "HUSSAINABAD": {"global_perc": 1.0, "local_perc": 0.0015503875968992248}, "JAKI KER": {"global_perc": 1.0, "local_perc": 0.0015503875968992248}, "JASHPUR": {"global_perc": 0.5, "local_perc": 0.0015503875968992248}, "JATIMATI": {"global_perc": 1.0, "local_perc": 0.0015503875968992248}, "JHUNGIAN": {"global_perc": 1.0, "local_perc": 0.0015503875968992248}, "KOTLA": {"global_perc": 0.03225806451612903, "local_perc": 0.0015503875968992248}, "KOTLA BHAGU": {"global_perc": 1.0, "local_perc": 0.0015503875968992248}, "KUSUMDA": {"global_perc": 1.0, "local_perc": 0.0015503875968992248}, "LAMLEHRI": {"global_perc": 1.0, "local_perc": 0.0015503875968992248}, "MASEWAL": {"global_perc": 1.0, "local_perc": 0.0015503875968992248}, "MATTAPIRAYUR": {"global_perc": 1.0, "local_perc": 0.0015503875968992248}, "MOTU": {"global_perc": 1.0, "local_perc": 0.0015503875968992248}, "MUKARI": {"global_perc": 1.0, "local_perc": 0.0015503875968992248}, "MUNDAMARI": {"global_perc": 1.0, "local_perc": 0.006201550387596899}, "NAVGAON": {"global_perc": 1.0, "local_perc": 0.0015503875968992248}, "NURPUR": {"global_perc": 0.1111111111111111, "local_perc": 0.0015503875968992248}, "PANGA PADAR": {"global_perc": 1.0, "local_perc": 0.0015503875968992248}, "SAHJADPUR": {"global_perc": 0.5, "local_perc": 0.0015503875968992248}, "SALTARIA": {"global_perc": 1.0, "local_perc": 0.0015503875968992248}, "SARIH": {"global_perc": 1.0, "local_perc": 0.0015503875968992248}, "SIRENAHALLI": {"global_perc": 1.0, "local_perc": 0.0015503875968992248}, "SUKUNGIA": {"global_perc": 1.0, "local_perc": 0.0015503875968992248}, "TENGERI": {"global_perc": 0.16666666666666666, "local_perc": 0.0015503875968992248}, "UDHOWAL": {"global_perc": 1.0, "local_perc": 0.0015503875968992248}}, "partition_field": "Near_Vil_Tow_Nam_hav_Prim_School"}, {"internal": false, "data": [["Man_Com_Sec", "ATTA CHAKKI"], "ATTA CHAKKI"], "perc": 0.10261351318800434, "Vil_Nam": "Melwan (257)", "Stat_Nam": "Punjab", "metric": 63634.63519209924, "value_global_local": {"HARYANA": {"global_perc": 0.08814500803976028, "local_perc": 0.9436619718309859}, "JHARKHAND": {"global_perc": 0.0004013088843613015, "local_perc": 0.02034428794992175}, "Punjab": {"global_perc": 0.00015896987520864795, "local_perc": 0.003129890453834116}, "UTTAR PRADESH": {"global_perc": 0.00019667709367449004, "local_perc": 0.03286384976525822}}, "partition_field": "Stat_Nam"}, {"internal": false, "data": [["Man_Com_Sec", "Nil"], "Nil"], "perc": 0.09651130113613553, "Vil_Nam": "Mandhar", "Stat_Nam": "JAMMU & KASHMIR", "metric": 59842.18973061946, "value_global_local": {"JAMMU & KASHMIR": {"global_perc": 0.09171371890737066, "local_perc": 1.0}}, "partition_field": "Stat_Nam"}, {"internal": false, "data": [["Man_Com_Sec", "RICE"], "RICE"], "perc": 0.09570837849773174, "Vil_Nam": "Bhatia (619)", "Stat_Nam": "Punjab", "metric": 59343.149223172346, "value_global_local": {"": {"global_perc": 0.0008816920719569485, "local_perc": 0.761744966442953}, "0": {"global_perc": 0.0035460992907801418, "local_perc": 0.02348993288590604}, "a": {"global_perc": 0.0011149290831992981, "local_perc": 0.10234899328859061}, "b": {"global_perc": 0.001705851813394645, "local_perc": 0.07718120805369127}, "c": {"global_perc": 0.0009467989179440938, "local_perc": 0.03523489932885906}}, "partition_field": "Dist_ASHA"}, {"internal": false, "data": [["Man_Com_Sec", "NIL"], "NIL"], "perc": 0.08960616644586293, "Vil_Nam": "Bhander Koot", "Stat_Nam": "JAMMU & KASHMIR", "metric": 55550.1789714561, "value_global_local": {"ASSAM": {"global_perc": 0.0017048683462777042, "local_perc": 0.08064516129032258}, "CHANDIGARH": {"global_perc": 1.0, "local_perc": 0.008960573476702509}, "JAMMU & KASHMIR": {"global_perc": 0.07675873645658476, "local_perc": 0.9014336917562724}, "West Bengal": {"global_perc": 0.00012432244268735393, "local_perc": 0.008960573476702509}}, "partition_field": "Stat_Nam"}, {"internal": false, "data": [["Man_Com_Sec", "WHEAT"], "WHEAT"], "perc": 0.0778834959251676, "Vil_Nam": "Basdeomai", "Stat_Nam": "UTTAR PRADESH", "metric": 48262.382271468145, "value_global_local": {"ASSAM": {"global_perc": 0.0007577192650123129, "local_perc": 0.041237113402061855}, "JAMMU & KASHMIR": {"global_perc": 0.00610407446970853, "local_perc": 0.08247422680412371}, "JHARKHAND": {"global_perc": 6.173982836327716e-05, "local_perc": 0.004123711340206186}, "ODISHA": {"global_perc": 1.948823884785532e-05, "local_perc": 0.002061855670103093}, "Punjab": {"global_perc": 0.00015896987520864795, "local_perc": 0.004123711340206186}, "UTTAR PRADESH": {"global_perc": 0.0036619401727012195, "local_perc": 0.8061855670103093}, "West Bengal": {"global_perc": 0.0007210701675866528, "local_perc": 0.05979381443298969}}, "partition_field": "Stat_Nam"}, {"internal": false, "data": [["Man_Com_Sec", "FLOUR"], "FLOUR"], "perc": 0.08960616644586293, "Vil_Nam": "Harsabela (278)", "Stat_Nam": "Punjab", "metric": 55550.1789714561, "value_global_local": {"BIHAR": {"global_perc": 6.685385746757588e-05, "local_perc": 0.005376344086021506}, "CHHATTISGARH": {"global_perc": 0.001639670078505416, "local_perc": 0.05913978494623656}, "KERALA": {"global_perc": 0.0019646365422396855, "local_perc": 0.0035842293906810036}, "Punjab": {"global_perc": 7.948493760432397e-05, "local_perc": 0.0017921146953405018}, "UTTAR PRADESH": {"global_perc": 0.002435049731207972, "local_perc": 0.4659498207885305}, "West Bengal": {"global_perc": 0.006439902531204933, "local_perc": 0.46415770609318996}}, "partition_field": "Stat_Nam"}]