[{"internal": false, "data": [["Near_Vil_Tow_Nam_hav_Man_Instit", "GUWAHATI"], "GUWAHATI"], "perc": 2.6114255891444857, "Vil_Nam": "Dirang Village", "Stat_Nam": "Arunachal Pradesh", "metric": 1583246.054197278, "value_global_local": {"ASSAM": {"global_perc": 0.5521879143777231, "local_perc": 0.8962612224818596}, "Arunachal Pradesh": {"global_perc": 0.12524601896582574, "local_perc": 0.04304513589964334}, "MIZORAM": {"global_perc": 0.01927710843373494, "local_perc": 0.0009838888205632764}, "Meghalaya": {"global_perc": 0.1389091972510601, "local_perc": 0.05841839872094454}, "NAGALAND": {"global_perc": 0.014705882352941176, "local_perc": 0.0012913540769893001}}, "partition_field": "Stat_Nam"}, {"internal": false, "data": [["Near_Vil_Tow_Nam_hav_Man_Instit", "RANCHI"], "RANCHI"], "perc": 1.7115098960215185, "Vil_Nam": "Dhumadi", "Stat_Nam": "West Bengal", "metric": 1047067.2850776827, "value_global_local": {"CHHATTISGARH": {"global_perc": 0.0004968697207592169, "local_perc": 0.0009382623381497466}, "JHARKHAND": {"global_perc": 0.32589368401555846, "local_perc": 0.9905235503846875}, "West Bengal": {"global_perc": 0.0022626684569098414, "local_perc": 0.008538187277162695}}, "partition_field": "Stat_Nam"}, {"internal": false, "data": [["Near_Vil_Tow_Nam_hav_Man_Instit", "PATNA"], "PATNA"], "perc": 1.5849692882090811, "Vil_Nam": "Umarpur Khurd Diyara Khas", "Stat_Nam": "UTTAR PRADESH", "metric": 970864.2779718174, "value_global_local": {"BIHAR": {"global_perc": 0.21870125239559657, "local_perc": 0.9943262411347518}, "JHARKHAND": {"global_perc": 0.0016978452799901217, "local_perc": 0.005572441742654508}, "UTTAR PRADESH": {"global_perc": 9.365575889261431e-06, "local_perc": 0.00010131712259371833}}, "partition_field": "Stat_Nam"}, {"internal": false, "data": [["Near_Vil_Tow_Nam_hav_Man_Instit", "INDORE"], "INDORE"], "perc": 1.5642538841382632, "Vil_Nam": "Charkhar", "Stat_Nam": "CHHATTISGARH", "metric": 958370.4241840298, "value_global_local": {"CHHATTISGARH": {"global_perc": 0.0004471827486832952, "local_perc": 0.0009239297813366184}, "MADHYA PRADESH": {"global_perc": 0.17725807332932628, "local_perc": 0.9990760702186634}}, "partition_field": "Stat_Nam"}, {"internal": false, "data": [["Near_Vil_Tow_Nam_hav_Man_Instit", "JABALPUR"], "JABALPUR"], "perc": 1.5128668352804207, "Vil_Nam": "Jamuniya", "Stat_Nam": "MADHYA PRADESH", "metric": 927354.8458789996, "value_global_local": {"MADHYA PRADESH": {"global_perc": 0.1715935376937508, "local_perc": 1.0}}, "partition_field": "Stat_Nam"}, {"internal": false, "data": [["Near_Vil_Tow_Nam_hav_Man_Instit", "CUTTACK"], "CUTTACK"], "perc": 1.4719177807218276, "Vil_Nam": "Jhirlapali", "Stat_Nam": "ODISHA", "metric": 902615.7612108074, "value_global_local": {"ODISHA": {"global_perc": 0.17862919727944185, "local_perc": 1.0}}, "partition_field": "Stat_Nam"}, {"internal": false, "data": [["Near_Vil_Tow_Nam_hav_Man_Instit", "GORAKHPUR"], "GORAKHPUR"], "perc": 0.9284997390501426, "Vil_Nam": "Hinguhar", "Stat_Nam": "UTTAR PRADESH", "metric": 572336.0570075073, "value_global_local": {"BIHAR": {"global_perc": 0.0003119846681820208, "local_perc": 0.002421307506053269}, "UTTAR PRADESH": {"global_perc": 0.05402064172925993, "local_perc": 0.9975786924939467}}, "partition_field": "Stat_Nam"}, {"internal": false, "data": [["Near_Vil_Tow_Nam_hav_Man_Instit", "UDAIPUR"], "UDAIPUR"], "perc": 0.905054398008752, "Vil_Nam": "Bithura", "Stat_Nam": "RAJASTHAN", "metric": 558003.6386848127, "value_global_local": {"RAJASTHAN": {"global_perc": 0.1261416547277937, "local_perc": 0.9998225691980128}, "UTTAR PRADESH": {"global_perc": 9.365575889261431e-06, "local_perc": 0.000177430801987225}}, "partition_field": "Stat_Nam"}, {"internal": false, "data": [["Near_Vil_Tow_Nam_hav_Man_Instit", "BHAGALPUR"], "BHAGALPUR"], "perc": 0.8833754867718495, "Vil_Nam": "Sukaila", "Stat_Nam": "BIHAR", "metric": 544744.9683247019, "value_global_local": {"": {"global_perc": 0.0026255501443441984, "local_perc": 0.19541901472459552}, "23": {"global_perc": 1.0, "local_perc": 0.00018178512997636792}, "a": {"global_perc": 0.004935257907026109, "local_perc": 0.03381203417560444}, "b": {"global_perc": 0.013128800442233277, "local_perc": 0.08634793673877476}, "c": {"global_perc": 0.02699794861495646, "local_perc": 0.6842392292310489}}, "partition_field": "Dist_Nav_Wat_Riv_Can"}, {"internal": false, "data": [["Near_Vil_Tow_Nam_hav_Man_Instit", "BRAHMAPUR"], "BRAHMAPUR"], "perc": 0.8756674294431731, "Vil_Nam": "Paikabankatara", "Stat_Nam": "ODISHA", "metric": 540029.3638443936, "value_global_local": {"": {"global_perc": 0.0012529369526033246, "local_perc": 0.09407665505226481}, "a": {"global_perc": 0.044894926767140735, "local_perc": 0.3102879149092243}, "b": {"global_perc": 0.031398562741846325, "local_perc": 0.2083256922794792}, "c": {"global_perc": 0.015148689552281628, "local_perc": 0.3873097377590317}}, "partition_field": "Dist_Nav_Wat_Riv_Can"}, {"internal": false, "data": [["Near_Vil_Tow_Nam_hav_Man_Instit", "MUZAFFARPUR"], "MUZAFFARPUR"], "perc": 1.3399172989682444, "Vil_Nam": "Bhaisalotan", "Stat_Nam": "BIHAR", "metric": 822726.4296439037, "value_global_local": {"BIHAR": {"global_perc": 0.18594286223648437, "local_perc": 1.0}}, "partition_field": "Stat_Nam"}, {"internal": false, "data": [["Near_Vil_Tow_Nam_hav_Man_Instit", "SRINAGAR"], "SRINAGAR"], "perc": 1.256573929101931, "Vil_Nam": "Keran", "Stat_Nam": "JAMMU & KASHMIR", "metric": 772173.5918744229, "value_global_local": {"JAMMU & KASHMIR": {"global_perc": 0.4431558065008393, "local_perc": 0.3711182108626198}, "UTTARAKHAND": {"global_perc": 0.2930387661525636, "local_perc": 0.6288817891373802}}, "partition_field": "Stat_Nam"}, {"internal": false, "data": [["Near_Vil_Tow_Nam_hav_Man_Instit", "BHOPAL"], "BHOPAL"], "perc": 1.1322815046770245, "Vil_Nam": "Balwantpura Khas", "Stat_Nam": "MADHYA PRADESH", "metric": 696621.9445180456, "value_global_local": {"MADHYA PRADESH": {"global_perc": 0.12842649764129466, "local_perc": 1.0}}, "partition_field": "Stat_Nam"}, {"internal": false, "data": [["Near_Vil_Tow_Nam_hav_Man_Instit", "DHANBAD"], "DHANBAD"], "perc": 1.1004857681962343, "Vil_Nam": "Karkara", "Stat_Nam": "West Bengal", "metric": 677263.8734593922, "value_global_local": {"JHARKHAND": {"global_perc": 0.21115021300240785, "local_perc": 0.9981030205749307}, "West Bengal": {"global_perc": 0.00032323835098712017, "local_perc": 0.0018969794250693127}}, "partition_field": "Stat_Nam"}, {"internal": false, "data": [["Near_Vil_Tow_Nam_hav_Man_Instit", "GAYA"], "GAYA"], "perc": 1.061624312497491, "Vil_Nam": "Nawadih", "Stat_Nam": "BIHAR", "metric": 653586.9097916416, "value_global_local": {"BIHAR": {"global_perc": 0.14730133262022552, "local_perc": 0.9998487369535622}, "JHARKHAND": {"global_perc": 3.086991418163858e-05, "local_perc": 0.00015126304643775526}}, "partition_field": "Stat_Nam"}, {"internal": false, "data": [["Near_Vil_Tow_Nam_hav_Man_Instit", "RAIPUR"], "RAIPUR"], "perc": 1.0598578826930025, "Vil_Nam": "M ehtiana (271)", "Stat_Nam": "Punjab", "metric": 652510.2372636396, "value_global_local": {"CHHATTISGARH": {"global_perc": 0.32385968399085757, "local_perc": 0.9875757575757576}, "MADHYA PRADESH": {"global_perc": 0.0014206873941314683, "local_perc": 0.011818181818181818}, "Punjab": {"global_perc": 0.00015896987520864795, "local_perc": 0.00030303030303030303}, "RAJASTHAN": {"global_perc": 4.477077363896848e-05, "local_perc": 0.00030303030303030303}}, "partition_field": "Stat_Nam"}, {"internal": false, "data": [["Near_Vil_Tow_Nam_hav_Man_Instit", "LUCKNOW"], "LUCKNOW"], "perc": 1.00847083383516, "Vil_Nam": "Alinargar", "Stat_Nam": "UTTAR PRADESH", "metric": 621171.8455176844, "value_global_local": {"BIHAR": {"global_perc": 8.91384766234345e-05, "local_perc": 0.0006369426751592356}, "UTTAR PRADESH": {"global_perc": 0.05877835428100474, "local_perc": 0.9993630573248408}}, "partition_field": "Stat_Nam"}, {"internal": false, "data": [["Near_Vil_Tow_Nam_hav_Man_Instit", "JAIPUR"], "JAIPUR"], "perc": 0.9953029025653379, "Vil_Nam": "24 LLW-B", "Stat_Nam": "RAJASTHAN", "metric": 613136.0891244129, "value_global_local": {"RAJASTHAN": {"global_perc": 0.13874462750716332, "local_perc": 1.0}}, "partition_field": "Stat_Nam"}, {"internal": false, "data": [["Near_Vil_Tow_Nam_hav_Man_Instit", "JODHPUR"], "JODHPUR"], "perc": 0.9442370227628567, "Vil_Nam": "Datau", "Stat_Nam": "RAJASTHAN", "metric": 581952.6074912682, "value_global_local": {"RAJASTHAN": {"global_perc": 0.13162607449856734, "local_perc": 1.0}}, "partition_field": "Stat_Nam"}]