[{"internal": false, "data": [["Gram_Pan_Nam", "Not under any panchayat"], "Not under any panchayat"], "perc": 0.10534345015857723, "Vil_Nam": "Kushtagi(Rural)", "Stat_Nam": "KARNATAKA", "metric": 65431.00004014614, "value_global_local": {"KARNATAKA": {"global_perc": 0.00010224948875255624, "local_perc": 0.004573170731707317}, "Tamil Nadu": {"global_perc": 0.04086613680455598, "local_perc": 0.9954268292682927}}, "partition_field": "Stat_Nam"}, {"internal": false, "data": [["Gram_Pan_Nam", "RAMPUR"], "RAMPUR"], "perc": 0.08029226384037898, "Vil_Nam": "Mandli", "Stat_Nam": "JAMMU & KASHMIR", "metric": 49859.934160343655, "value_global_local": {"ANDAMAN & NICOBAR ISLANDS": {"global_perc": 0.0018018018018018018, "local_perc": 0.002}, "ANDHRA PRADESH": {"global_perc": 0.0011151079136690648, "local_perc": 0.062}, "ASSAM": {"global_perc": 0.00018942981625307822, "local_perc": 0.01}, "BIHAR": {"global_perc": 0.0008245309087667692, "local_perc": 0.074}, "CHHATTISGARH": {"global_perc": 0.0012421743018980423, "local_perc": 0.05}, "HARYANA": {"global_perc": 0.000730887297178775, "local_perc": 0.01}, "JAMMU & KASHMIR": {"global_perc": 0.0003052037234854265, "local_perc": 0.004}, "JHARKHAND": {"global_perc": 0.0020682842501697847, "local_perc": 0.134}, "KARNATAKA": {"global_perc": 0.00047716428084526244, "local_perc": 0.028}, "Punjab": {"global_perc": 0.0011922740640648596, "local_perc": 0.03}, "UTTAR PRADESH": {"global_perc": 0.0025568022177683706, "local_perc": 0.546}, "UTTARAKHAND": {"global_perc": 0.0014887155362353361, "local_perc": 0.05}}, "partition_field": "Stat_Nam"}, {"internal": false, "data": [["Gram_Pan_Nam", "GOPALPUR"], "GOPALPUR"], "perc": 0.045766590389016024, "Vil_Nam": "Gopalpur (29)", "Stat_Nam": "Punjab", "metric": 28387.002288329517, "value_global_local": {"ANDHRA PRADESH": {"global_perc": 0.00028776978417266187, "local_perc": 0.028070175438596492}, "ASSAM": {"global_perc": 7.577192650123129e-05, "local_perc": 0.007017543859649123}, "BIHAR": {"global_perc": 0.0006016847172081829, "local_perc": 0.09473684210526316}, "CHHATTISGARH": {"global_perc": 0.001440922190201729, "local_perc": 0.10175438596491228}, "HARYANA": {"global_perc": 0.000146177459435755, "local_perc": 0.0035087719298245615}, "JHARKHAND": {"global_perc": 0.0011421868247206272, "local_perc": 0.12982456140350876}, "Punjab": {"global_perc": 0.00047690962562594387, "local_perc": 0.021052631578947368}, "UTTAR PRADESH": {"global_perc": 0.001629610204731489, "local_perc": 0.6105263157894737}, "UTTARAKHAND": {"global_perc": 5.954862144941345e-05, "local_perc": 0.0035087719298245615}}, "partition_field": "Stat_Nam"}, {"internal": false, "data": [["Gram_Pan_Nam", "Rampur"], "Rampur"], "perc": 0.03067164478702477, "Vil_Nam": "Rampur", "Stat_Nam": "BIHAR", "metric": 18994.172387490467, "value_global_local": {"BIHAR": {"global_perc": 0.003766100637340108, "local_perc": 0.8848167539267016}, "ODISHA": {"global_perc": 0.000428741254652817, "local_perc": 0.11518324607329843}}, "partition_field": "Stat_Nam"}, {"internal": false, "data": [["Gram_Pan_Nam", "NA"], "NA"], "perc": 0.029708137620940222, "Vil_Nam": "Forest Block", "Stat_Nam": "JAMMU & KASHMIR", "metric": 18394.533702677745, "value_global_local": {"JAMMU & KASHMIR": {"global_perc": 0.003052037234854265, "local_perc": 0.10810810810810811}, "NCT OF DELHI": {"global_perc": 1.0, "local_perc": 0.6054054054054054}, "SIKKIM": {"global_perc": 0.1130820399113082, "local_perc": 0.2756756756756757}, "UTTAR PRADESH": {"global_perc": 1.8731151778522863e-05, "local_perc": 0.010810810810810811}}, "partition_field": "Stat_Nam"}, {"internal": false, "data": [["Gram_Pan_Nam", "KALYANPUR"], "KALYANPUR"], "perc": 0.026014693484282786, "Vil_Nam": "Chak Shaman", "Stat_Nam": "JAMMU & KASHMIR", "metric": 16095.81163434903, "value_global_local": {"ASSAM": {"global_perc": 0.0004546315590073878, "local_perc": 0.07407407407407407}, "BIHAR": {"global_perc": 0.0006016847172081829, "local_perc": 0.16666666666666666}, "CHHATTISGARH": {"global_perc": 0.0005962436649110603, "local_perc": 0.07407407407407407}, "JAMMU & KASHMIR": {"global_perc": 0.00015260186174271325, "local_perc": 0.006172839506172839}, "JHARKHAND": {"global_perc": 0.00021608939927147004, "local_perc": 0.043209876543209874}, "Punjab": {"global_perc": 0.00023845481281297194, "local_perc": 0.018518518518518517}, "UTTAR PRADESH": {"global_perc": 0.0008616329818120517, "local_perc": 0.5679012345679012}, "UTTARAKHAND": {"global_perc": 0.0004763889715953076, "local_perc": 0.04938271604938271}}, "partition_field": "Stat_Nam"}, {"internal": false, "data": [["Gram_Pan_Nam", "RATANPUR"], "RATANPUR"], "perc": 0.026014693484282786, "Vil_Nam": "Pingari", "Stat_Nam": "UTTARAKHAND", "metric": 16095.81163434903, "value_global_local": {"ASSAM": {"global_perc": 0.001591210456525857, "local_perc": 0.25925925925925924}, "BIHAR": {"global_perc": 0.00020056157240272763, "local_perc": 0.05555555555555555}, "CHHATTISGARH": {"global_perc": 0.00019874788830368678, "local_perc": 0.024691358024691357}, "JHARKHAND": {"global_perc": 0.00108044699635735, "local_perc": 0.21604938271604937}, "UTTAR PRADESH": {"global_perc": 0.0005525689774664245, "local_perc": 0.36419753086419754}, "UTTARAKHAND": {"global_perc": 0.0007741320788423748, "local_perc": 0.08024691358024691}}, "partition_field": "Stat_Nam"}, {"internal": false, "data": [["Gram_Pan_Nam", "NARAYANPUR"], "NARAYANPUR"], "perc": 0.032598659119193865, "Vil_Nam": "Anandpur", "Stat_Nam": "UTTARAKHAND", "metric": 20193.415070857925, "value_global_local": {"ANDHRA PRADESH": {"global_perc": 0.00035971223021582735, "local_perc": 0.04926108374384237}, "ASSAM": {"global_perc": 0.0004167455957567721, "local_perc": 0.054187192118226604}, "BIHAR": {"global_perc": 0.00020056157240272763, "local_perc": 0.04433497536945813}, "CHHATTISGARH": {"global_perc": 0.0007949915532147471, "local_perc": 0.07881773399014778}, "JHARKHAND": {"global_perc": 0.0007100080261776872, "local_perc": 0.11330049261083744}, "KARNATAKA": {"global_perc": 0.00023858214042263122, "local_perc": 0.034482758620689655}, "UTTAR PRADESH": {"global_perc": 0.001151965834379156, "local_perc": 0.6059113300492611}, "UTTARAKHAND": {"global_perc": 0.0002381944857976538, "local_perc": 0.019704433497536946}}, "partition_field": "Stat_Nam"}, {"internal": false, "data": [["Gram_Pan_Nam", "SHAHPUR"], "SHAHPUR"], "perc": 0.03179573648079007, "Vil_Nam": "Shahpur", "Stat_Nam": "JAMMU & KASHMIR", "metric": 19693.736239913283, "value_global_local": {"ANDHRA PRADESH": {"global_perc": 3.597122302158273e-05, "local_perc": 0.005050505050505051}, "BIHAR": {"global_perc": 0.0004902616214288898, "local_perc": 0.1111111111111111}, "CHHATTISGARH": {"global_perc": 0.00019874788830368678, "local_perc": 0.020202020202020204}, "HARYANA": {"global_perc": 0.000730887297178775, "local_perc": 0.025252525252525252}, "JAMMU & KASHMIR": {"global_perc": 0.00015260186174271325, "local_perc": 0.005050505050505051}, "JHARKHAND": {"global_perc": 0.0004013088843613015, "local_perc": 0.06565656565656566}, "Punjab": {"global_perc": 0.0015896987520864795, "local_perc": 0.10101010101010101}, "UTTAR PRADESH": {"global_perc": 0.0012362560173825089, "local_perc": 0.6666666666666666}}, "partition_field": "Stat_Nam"}, {"internal": false, "data": [["Gram_Pan_Nam", "NAWADIH"], "NAWADIH"], "perc": 0.03179573648079007, "Vil_Nam": "Baghmandwa", "Stat_Nam": "JHARKHAND", "metric": 19693.736239913283, "value_global_local": {"CHHATTISGARH": {"global_perc": 0.00014906091622776508, "local_perc": 0.015151515151515152}, "JHARKHAND": {"global_perc": 0.006019633265419522, "local_perc": 0.9848484848484849}}, "partition_field": "Stat_Nam"}]