[{"internal": false, "data": [["Man_Com_Thir", "0"], "0"], "perc": 7.04227387691196, "Vil_Nam": "Bore", "Stat_Nam": "JAMMU & KASHMIR", "metric": 4076382.2059496567, "value_global_local": {"JAMMU & KASHMIR": {"global_perc": 0.07920036624446818, "local_perc": 0.011834724312491449}, "MANIPUR": {"global_perc": 0.0019372336303758234, "local_perc": 0.00011401468509143978}, "NAGALAND": {"global_perc": 0.046218487394957986, "local_perc": 0.0015049938432070051}, "RAJASTHAN": {"global_perc": 0.9683022922636103, "local_perc": 0.9863638436630638}, "UTTAR PRADESH": {"global_perc": 7.492460711409145e-05, "local_perc": 0.00018242349614630365}}, "partition_field": "Stat_Nam"}, {"internal": false, "data": [["Man_Com_Thir", "-"], "-"], "perc": 0.2953149464049139, "Vil_Nam": "Chausana Jaddid", "Stat_Nam": "UTTAR PRADESH", "metric": 183157.5064434542, "value_global_local": {"": {"global_perc": 0.003962413675987773, "local_perc": 0.3425774877650897}, "-": {"global_perc": 0.9967320261437909, "local_perc": 0.1658510059815117}, "0": {"global_perc": 0.039377895433487756, "local_perc": 0.06470908102229472}, "1": {"global_perc": 0.0018337281840659625, "local_perc": 0.38553561718325174}, "2": {"global_perc": 0.0010303967027305513, "local_perc": 0.0413268080478521}}, "partition_field": "Near_Non_For_Train_Cen_Gov_1_Priv_2"}, {"internal": false, "data": [["Man_Com_Thir", "Agricultural Implements"], "Agricultural Implements"], "perc": 0.12172307198201453, "Vil_Nam": "Wadala", "Stat_Nam": "Maharashtra", "metric": 75507.97735758159, "value_global_local": {"Maharashtra": {"global_perc": 0.017359441200045803, "local_perc": 1.0}}, "partition_field": "Stat_Nam"}, {"internal": false, "data": [["Man_Com_Thir", "GUR"], "GUR"], "perc": 0.1019711750772813, "Vil_Nam": "Kaler Kalan (408)", "Stat_Nam": "Punjab", "metric": 63235.45224617608, "value_global_local": {"BIHAR": {"global_perc": 0.00013370771493515177, "local_perc": 0.009448818897637795}, "HARYANA": {"global_perc": 0.000146177459435755, "local_perc": 0.0015748031496062992}, "Punjab": {"global_perc": 0.02257372227962801, "local_perc": 0.44724409448818897}, "TRIPURA": {"global_perc": 0.010285714285714285, "local_perc": 0.014173228346456693}, "UTTAR PRADESH": {"global_perc": 0.002313297244647573, "local_perc": 0.3889763779527559}, "UTTARAKHAND": {"global_perc": 0.005121181444649557, "local_perc": 0.13543307086614173}, "West Bengal": {"global_perc": 4.972897707494157e-05, "local_perc": 0.0031496062992125984}}, "partition_field": "Stat_Nam"}, {"internal": false, "data": [["Man_Com_Thir", "Nil"], "Nil"], "perc": 0.09651130113613553, "Vil_Nam": "Mandhar", "Stat_Nam": "JAMMU & KASHMIR", "metric": 59842.18973061946, "value_global_local": {"JAMMU & KASHMIR": {"global_perc": 0.09171371890737066, "local_perc": 1.0}}, "partition_field": "Stat_Nam"}, {"internal": false, "data": [["Man_Com_Thir", "NIL"], "NIL"], "perc": 0.0886426592797784, "Vil_Nam": "Bhander Koot", "Stat_Nam": "JAMMU & KASHMIR", "metric": 54951.24653739612, "value_global_local": {"ASSAM": {"global_perc": 0.0015533244932752414, "local_perc": 0.07427536231884058}, "CHANDIGARH": {"global_perc": 1.0, "local_perc": 0.009057971014492754}, "JAMMU & KASHMIR": {"global_perc": 0.07675873645658476, "local_perc": 0.9112318840579711}, "West Bengal": {"global_perc": 7.459346561241235e-05, "local_perc": 0.005434782608695652}}, "partition_field": "Stat_Nam"}, {"internal": false, "data": [["Man_Com_Thir", "OIL"], "OIL"], "perc": 0.06375205748926091, "Vil_Nam": "Dialpur (174)", "Stat_Nam": "Punjab", "metric": 39474.81793729174, "value_global_local": {"": {"global_perc": 0.0007064994106105461, "local_perc": 0.9269521410579346}, "AGARBARH": {"global_perc": 1.0, "local_perc": 0.0025188916876574307}, "ALAMPUR": {"global_perc": 0.07142857142857142, "local_perc": 0.0025188916876574307}, "ALOWAL": {"global_perc": 1.0, "local_perc": 0.005037783375314861}, "BARKATA": {"global_perc": 1.0, "local_perc": 0.0025188916876574307}, "BELIADANGA": {"global_perc": 1.0, "local_perc": 0.0025188916876574307}, "BHADDAL": {"global_perc": 1.0, "local_perc": 0.0025188916876574307}, "BHAGALAN": {"global_perc": 1.0, "local_perc": 0.0025188916876574307}, "CHAK DHERA": {"global_perc": 1.0, "local_perc": 0.0025188916876574307}, "CHAK KARMAN": {"global_perc": 0.5, "local_perc": 0.0025188916876574307}, "CHHOTA PHOOL": {"global_perc": 0.5, "local_perc": 0.0025188916876574307}, "CHONTA": {"global_perc": 1.0, "local_perc": 0.0025188916876574307}, "DEUL BHIRA": {"global_perc": 1.0, "local_perc": 0.0025188916876574307}, "GORABARI": {"global_perc": 0.5, "local_perc": 0.0025188916876574307}, "HARLI": {"global_perc": 1.0, "local_perc": 0.0025188916876574307}, "KARTARPUR": {"global_perc": 0.2, "local_perc": 0.0025188916876574307}, "KATORE WAL": {"global_perc": 1.0, "local_perc": 0.0025188916876574307}, "KHAIRBHALI": {"global_perc": 1.0, "local_perc": 0.0025188916876574307}, "MASHAR": {"global_perc": 1.0, "local_perc": 0.0025188916876574307}, "MIRAREHTI": {"global_perc": 1.0, "local_perc": 0.0025188916876574307}, "PANJOLA": {"global_perc": 1.0, "local_perc": 0.0025188916876574307}, "PATIAL": {"global_perc": 0.3333333333333333, "local_perc": 0.0025188916876574307}, "PERIPALLOR": {"global_perc": 1.0, "local_perc": 0.0025188916876574307}, "SANGRUR": {"global_perc": 1.0, "local_perc": 0.0025188916876574307}, "SAVNA": {"global_perc": 0.5, "local_perc": 0.007556675062972292}, "SOANA": {"global_perc": 1.0, "local_perc": 0.0025188916876574307}, "TELIADANGAL": {"global_perc": 1.0, "local_perc": 0.0025188916876574307}}, "partition_field": "Near_Vil_Tow_Nam_hav_Prim_School"}]