[{"internal": false, "data": [["Stat_Nam", "UTTAR PRADESH"], "UTTAR PRADESH"], "perc": 17.14625235858525, "Vil_Nam": "Rehna", "Stat_Nam": "UTTAR PRADESH", "metric": 6415779.948612951, "value_global_local": {"UTTAR PRADESH": {"global_perc": 1.0, "local_perc": 1.0}}, "partition_field": "Stat_Nam"}, {"internal": false, "data": [["Stat_Nam", "MADHYA PRADESH"], "MADHYA PRADESH"], "perc": 8.816572323256654, "Vil_Nam": "Arrod", "Stat_Nam": "MADHYA PRADESH", "metric": 2331013.145128267, "value_global_local": {"MADHYA PRADESH": {"global_perc": 1.0, "local_perc": 1.0}}, "partition_field": "Stat_Nam"}, {"internal": false, "data": [["Stat_Nam", "ODISHA"], "ODISHA"], "perc": 8.240073868882734, "Vil_Nam": "Jogendanathpur", "Stat_Nam": "ODISHA", "metric": 2016332.616805171, "value_global_local": {"ODISHA": {"global_perc": 1.0, "local_perc": 1.0}}, "partition_field": "Stat_Nam"}, {"internal": false, "data": [["Stat_Nam", "BIHAR"], "BIHAR"], "perc": 7.206070095146333, "Vil_Nam": "Kalapani", "Stat_Nam": "BIHAR", "metric": 1441553.7010719017, "value_global_local": {"BIHAR": {"global_perc": 1.0, "local_perc": 1.0}}, "partition_field": "Stat_Nam"}]