[{"internal": false, "data": [["Assem_Pol_Stn_Stat", "1"], "1"], "perc": 59.598699265325784, "Vil_Nam": "Bore", "Stat_Nam": "JAMMU & KASHMIR", "metric": 59.598699265325784, "value_global_local": {"": {"global_perc": 0.8946164022450707, "local_perc": 0.9912188523883428}, "0": {"global_perc": 1.0, "local_perc": 0.008638342817727193}, "a": {"global_perc": 0.0001414227124876255, "local_perc": 5.388860148301431e-05}, "b": {"global_perc": 0.0002015390252839868, "local_perc": 2.963873081565787e-05}, "c": {"global_perc": 0.0019022913964548205, "local_perc": 5.927746163131574e-05}}, "partition_field": "Dist_Assem_Pol_Stn"}]