[{"internal": false, "data": [["Near_Stat_Tow_wit_th_Stat_UT_Nam", "MADHYA PRADESH"], "MADHYA PRADESH"], "perc": 8.770323979284596, "Vil_Nam": "Arrod", "Stat_Nam": "MADHYA PRADESH", "metric": 4975484.070817777, "value_global_local": {"MADHYA PRADESH": {"global_perc": 0.9947543850062838, "local_perc": 1.0}}, "partition_field": "Stat_Nam"}, {"internal": false, "data": [["Near_Stat_Tow_wit_th_Stat_UT_Nam", "RAJASTHAN"], "RAJASTHAN"], "perc": 7.169296238307439, "Vil_Nam": "15 S", "Stat_Nam": "RAJASTHAN", "metric": 4137278.805251114, "value_global_local": {"RAJASTHAN": {"global_perc": 0.9993955945558739, "local_perc": 1.0}}, "partition_field": "Stat_Nam"}, {"internal": false, "data": [["Near_Stat_Tow_wit_th_Stat_UT_Nam", "JHARKHAND"], "JHARKHAND"], "perc": 3.796378818900799, "Vil_Nam": "Khokha", "Stat_Nam": "JHARKHAND", "metric": 2266942.1295114215, "value_global_local": {"JHARKHAND": {"global_perc": 0.7297956411681176, "local_perc": 1.0}}, "partition_field": "Stat_Nam"}, {"internal": false, "data": [["Near_Stat_Tow_wit_th_Stat_UT_Nam", "SIDDHARTHNAGAR"], "SIDDHARTHNAGAR"], "perc": 0.3979284595929182, "Vil_Nam": "Deogah", "Stat_Nam": "UTTAR PRADESH", "metric": 239144.5737685174, "value_global_local": {"UTTAR PRADESH": {"global_perc": 0.023207897053589825, "local_perc": 1.0}}, "partition_field": "Stat_Nam"}, {"internal": false, "data": [["Near_Stat_Tow_wit_th_Stat_UT_Nam", "RAYAGADA"], "RAYAGADA"], "perc": 0.37753422457746194, "Vil_Nam": "Paraji", "Stat_Nam": "ODISHA", "metric": 226541.48717331086, "value_global_local": {"ODISHA": {"global_perc": 0.04581684953130786, "local_perc": 1.0}}, "partition_field": "Stat_Nam"}, {"internal": false, "data": [["Near_Stat_Tow_wit_th_Stat_UT_Nam", "BALLIA"], "BALLIA"], "perc": 0.36484804689068207, "Vil_Nam": "Bhagwanpur", "Stat_Nam": "UTTAR PRADESH", "metric": 218699.15853707495, "value_global_local": {"UTTAR PRADESH": {"global_perc": 0.02127858842040197, "local_perc": 1.0}}, "partition_field": "Stat_Nam"}, {"internal": false, "data": [["Near_Stat_Tow_wit_th_Stat_UT_Nam", "ANAKAPALLE"], "ANAKAPALLE"], "perc": 0.34927134770564855, "Vil_Nam": "Doraguda", "Stat_Nam": "ANDHRA PRADESH", "metric": 209067.22871251355, "value_global_local": {"ANDHRA PRADESH": {"global_perc": 0.07823741007194245, "local_perc": 1.0}}, "partition_field": "Stat_Nam"}, {"internal": false, "data": [["Near_Stat_Tow_wit_th_Stat_UT_Nam", "DEORIA"], "DEORIA"], "perc": 0.34622024167971416, "Vil_Nam": "Gopalpur", "Stat_Nam": "UTTAR PRADESH", "metric": 207180.20811754788, "value_global_local": {"UTTAR PRADESH": {"global_perc": 0.020192181617247645, "local_perc": 1.0}}, "partition_field": "Stat_Nam"}, {"internal": false, "data": [["Near_Stat_Tow_wit_th_Stat_UT_Nam", "SITAPUR"], "SITAPUR"], "perc": 0.34316913565377977, "Vil_Nam": "Pirsarai", "Stat_Nam": "UTTAR PRADESH", "metric": 205293.07158055322, "value_global_local": {"CHHATTISGARH": {"global_perc": 0.005366192984199543, "local_perc": 0.05053813757604118}, "UTTAR PRADESH": {"global_perc": 0.019002753479311442, "local_perc": 0.9494618624239588}}, "partition_field": "Stat_Nam"}, {"internal": false, "data": [["Near_Stat_Tow_wit_th_Stat_UT_Nam", "MIRZAPUR"], "MIRZAPUR"], "perc": 0.31265807539443574, "Vil_Nam": "Mishrpur", "Stat_Nam": "UTTAR PRADESH", "metric": 186415.3293990124, "value_global_local": {"UTTAR PRADESH": {"global_perc": 0.018234776256392006, "local_perc": 1.0}}, "partition_field": "Stat_Nam"}, {"internal": false, "data": [["Near_Stat_Tow_wit_th_Stat_UT_Nam", "SHAHJAHANPUR"], "SHAHJAHANPUR"], "perc": 0.3022200810951865, "Vil_Nam": "Baribara", "Stat_Nam": "UTTAR PRADESH", "metric": 179954.4927536232, "value_global_local": {"UTTAR PRADESH": {"global_perc": 0.01762601382359001, "local_perc": 1.0}}, "partition_field": "Stat_Nam"}, {"internal": false, "data": [["Near_Stat_Tow_wit_th_Stat_UT_Nam", "ALLAHABAD"], "ALLAHABAD"], "perc": 0.30189891203982494, "Vil_Nam": "Bilas Khadar", "Stat_Nam": "UTTAR PRADESH", "metric": 179755.6762615922, "value_global_local": {"UTTAR PRADESH": {"global_perc": 0.01760728267181149, "local_perc": 1.0}}, "partition_field": "Stat_Nam"}, {"internal": false, "data": [["Near_Stat_Tow_wit_th_Stat_UT_Nam", "YES"], "YES"], "perc": 3.3257055682684973, "Vil_Nam": "R.F.Luj  (6)", "Stat_Nam": "HIMACHAL PRADESH", "metric": 1994680.717009916, "value_global_local": {"DAMAN & DIU": {"global_perc": 1.0, "local_perc": 0.0009174311926605505}, "Dadra & Nagar Haveli": {"global_perc": 1.0, "local_perc": 0.0031385803959439883}, "HIMACHAL PRADESH": {"global_perc": 0.9907201546640889, "local_perc": 0.989763399323998}, "JHARKHAND": {"global_perc": 0.0035500401308884363, "local_perc": 0.005552873008208595}, "MIZORAM": {"global_perc": 0.0012048192771084338, "local_perc": 4.828585224529213e-05}, "UTTAR PRADESH": {"global_perc": 0.00011238691067113716, "local_perc": 0.0005794302269435056}}, "partition_field": "Stat_Nam"}, {"internal": false, "data": [["Near_Stat_Tow_wit_th_Stat_UT_Nam", "Assam"], "Assam"], "perc": 2.9338793207274483, "Vil_Nam": "Khokhshaguri Block", "Stat_Nam": "ASSAM", "metric": 1765923.9335180055, "value_global_local": {"ASSAM": {"global_perc": 0.6921765485887479, "local_perc": 1.0}}, "partition_field": "Stat_Nam"}, {"internal": false, "data": [["Near_Stat_Tow_wit_th_Stat_UT_Nam", "DEHRADUN"], "DEHRADUN"], "perc": 2.691557268457184, "Vil_Nam": "Bestiwalli", "Stat_Nam": "UTTARAKHAND", "metric": 1623494.0585330604, "value_global_local": {"UTTARAKHAND": {"global_perc": 0.9980944441136188, "local_perc": 1.0}}, "partition_field": "Stat_Nam"}, {"internal": false, "data": [["Near_Stat_Tow_wit_th_Stat_UT_Nam", "Punjab"], "Punjab"], "perc": 2.0127664699506203, "Vil_Nam": "Darbahn (406)", "Stat_Nam": "Punjab", "metric": 1220626.9680838252, "value_global_local": {"Punjab": {"global_perc": 0.9962642079325967, "local_perc": 1.0}}, "partition_field": "Stat_Nam"}, {"internal": false, "data": [["Near_Stat_Tow_wit_th_Stat_UT_Nam", "ASSAM"], "ASSAM"], "perc": 1.2568950981572926, "Vil_Nam": "Upper Bhalukpong HQ", "Stat_Nam": "Arunachal Pradesh", "metric": 765259.062989281, "value_global_local": {"ASSAM": {"global_perc": 0.2964955483993181, "local_perc": 0.9998722371278906}, "Arunachal Pradesh": {"global_perc": 0.0001789228842368939, "local_perc": 0.00012776287210936502}}, "partition_field": "Stat_Nam"}, {"internal": false, "data": [["Near_Stat_Tow_wit_th_Stat_UT_Nam", "UTTAR PRADESH"], "UTTAR PRADESH"], "perc": 1.2149825364326148, "Vil_Nam": "Gangarampura", "Stat_Nam": "UTTAR PRADESH", "metric": 739800.9957846561, "value_global_local": {"UTTAR PRADESH": {"global_perc": 0.07085994717815199, "local_perc": 1.0}}, "partition_field": "Stat_Nam"}, {"internal": false, "data": [["Near_Stat_Tow_wit_th_Stat_UT_Nam", "HARYANA"], "HARYANA"], "perc": 1.087478421454093, "Vil_Nam": "Nanakpur (91)", "Stat_Nam": "HARYANA", "metric": 662219.3319683649, "value_global_local": {"HARYANA": {"global_perc": 0.9899137552989329, "local_perc": 1.0}}, "partition_field": "Stat_Nam"}, {"internal": false, "data": [["Near_Stat_Tow_wit_th_Stat_UT_Nam", "MEGHALAYA"], "MEGHALAYA"], "perc": 1.0813762094022241, "Vil_Nam": "Apalgre", "Stat_Nam": "Meghalaya", "metric": 658501.2785740094, "value_global_local": {"Meghalaya": {"global_perc": 0.984646878198567, "local_perc": 1.0}}, "partition_field": "Stat_Nam"}, {"internal": false, "data": [["Near_Stat_Tow_wit_th_Stat_UT_Nam", "JAMMU & KASHMIR"], "JAMMU & KASHMIR"], "perc": 0.9700911317194588, "Vil_Nam": "Bore", "Stat_Nam": "JAMMU & KASHMIR", "metric": 590614.3764904252, "value_global_local": {"JAMMU & KASHMIR": {"global_perc": 0.9218678467877308, "local_perc": 1.0}}, "partition_field": "Stat_Nam"}, {"internal": false, "data": [["Near_Stat_Tow_wit_th_Stat_UT_Nam", "AZAMGARH"], "AZAMGARH"], "perc": 0.6572724717973423, "Vil_Nam": "Ratuwapar", "Stat_Nam": "UTTAR PRADESH", "metric": 398960.3937532619, "value_global_local": {"UTTAR PRADESH": {"global_perc": 0.03833330211474704, "local_perc": 1.0}}, "partition_field": "Stat_Nam"}, {"internal": false, "data": [["Near_Stat_Tow_wit_th_Stat_UT_Nam", "Maharashtra"], "Maharashtra"], "perc": 0.6540607812437271, "Vil_Nam": "Kamod Kh(F.V.)", "Stat_Nam": "Maharashtra", "metric": 396986.37311815005, "value_global_local": {"Maharashtra": {"global_perc": 0.09327836940341235, "local_perc": 1.0}}, "partition_field": "Stat_Nam"}, {"internal": false, "data": [["Near_Stat_Tow_wit_th_Stat_UT_Nam", "UP"], "UP"], "perc": 0.632221285479144, "Vil_Nam": "Issapur Khurgyan", "Stat_Nam": "UTTAR PRADESH", "metric": 383559.6258380505, "value_global_local": {"UTTAR PRADESH": {"global_perc": 0.03687227227602225, "local_perc": 1.0}}, "partition_field": "Stat_Nam"}, {"internal": false, "data": [["Near_Stat_Tow_wit_th_Stat_UT_Nam", "U.P."], "U.P."], "perc": 0.6127905576297723, "Vil_Nam": "Ajupurajat", "Stat_Nam": "UTTAR PRADESH", "metric": 371608.77610502223, "value_global_local": {"UTTAR PRADESH": {"global_perc": 0.03573903759342162, "local_perc": 1.0}}, "partition_field": "Stat_Nam"}, {"internal": false, "data": [["Near_Stat_Tow_wit_th_Stat_UT_Nam", "BASTI"], "BASTI"], "perc": 0.5376369986751777, "Vil_Nam": "Piraila Narharia", "Stat_Nam": "UTTAR PRADESH", "metric": 325341.38937733346, "value_global_local": {"UTTAR PRADESH": {"global_perc": 0.03135594807724727, "local_perc": 1.0}}, "partition_field": "Stat_Nam"}, {"internal": false, "data": [["Near_Stat_Tow_wit_th_Stat_UT_Nam", "JAUNPUR"], "JAUNPUR"], "perc": 0.5337829700108394, "Vil_Nam": "Shekhpur", "Stat_Nam": "UTTAR PRADESH", "metric": 322966.80669637484, "value_global_local": {"UTTAR PRADESH": {"global_perc": 0.031131174255904996, "local_perc": 1.0}}, "partition_field": "Stat_Nam"}, {"internal": false, "data": [["Near_Stat_Tow_wit_th_Stat_UT_Nam", "GORAKHPUR"], "GORAKHPUR"], "perc": 0.5310530330402666, "Vil_Nam": "Maratha", "Stat_Nam": "UTTAR PRADESH", "metric": 321284.69870327995, "value_global_local": {"UTTAR PRADESH": {"global_perc": 0.03097195946578755, "local_perc": 1.0}}, "partition_field": "Stat_Nam"}, {"internal": false, "data": [["Near_Stat_Tow_wit_th_Stat_UT_Nam", "GHAZIPUR"], "GHAZIPUR"], "perc": 0.5079288610542374, "Vil_Nam": "Jagdish Gurudatta", "Stat_Nam": "UTTAR PRADESH", "metric": 307032.5315347866, "value_global_local": {"UTTAR PRADESH": {"global_perc": 0.029623316537733906, "local_perc": 1.0}}, "partition_field": "Stat_Nam"}, {"internal": false, "data": [["Near_Stat_Tow_wit_th_Stat_UT_Nam", "U P"], "U P"], "perc": 0.46264402424826373, "Vil_Nam": "Jamalpur", "Stat_Nam": "UTTAR PRADESH", "metric": 279102.74615600787, "value_global_local": {"UTTAR PRADESH": {"global_perc": 0.02698222413696218, "local_perc": 1.0}}, "partition_field": "Stat_Nam"}, {"internal": false, "data": [["Near_Stat_Tow_wit_th_Stat_UT_Nam", "BIJNOR"], "BIJNOR"], "perc": 0.3990525512866835, "Vil_Nam": "Kotawali", "Stat_Nam": "UTTAR PRADESH", "metric": 239839.08145650165, "value_global_local": {"UTTAR PRADESH": {"global_perc": 0.023273456084814657, "local_perc": 1.0}}, "partition_field": "Stat_Nam"}]