[{"internal": false, "data": [["Car_Driv_by_Anim_Stat", "1"], "1"], "perc": 49.46260387811635, "Vil_Nam": "Kuligam", "Stat_Nam": "JAMMU & KASHMIR", "metric": 50.53739612188365, "value_global_local": {"": {"global_perc": 0.008110095115563112, "local_perc": 0.0011460443613318788}, "N.A.": {"global_perc": 0.5248493832791683, "local_perc": 0.08965768012051321}, "a": {"global_perc": 0.48262831951296314, "local_perc": 0.014927795958651499}, "b": {"global_perc": 0.4839924670433145, "local_perc": 0.031706145135317644}, "c": {"global_perc": 0.5389785327972281, "local_perc": 0.8625623344241857}}, "partition_field": "Dist_Med_Col"}]