[{"internal": false, "data": [["Near_Vil_Tow_Nam_hav_Ar_an_Scien_Deg_Col", "DUMKA"], "DUMKA"], "perc": 0.46103817897145616, "Vil_Nam": "Sirampur", "Stat_Nam": "JHARKHAND", "metric": 285179.1256172468, "value_global_local": {"": {"global_perc": 0.002058816010362253, "local_perc": 0.42075931731104144}, "a": {"global_perc": 0.0048543689320388345, "local_perc": 0.018112156043190525}, "b": {"global_perc": 0.06572769953051644, "local_perc": 0.21455938697318008}, "c": {"global_perc": 0.08327753598928692, "local_perc": 0.34656913967258796}}, "partition_field": "Dist_Pin_Cod"}, {"internal": false, "data": [["Near_Vil_Tow_Nam_hav_Ar_an_Scien_Deg_Col", "TURA"], "TURA"], "perc": 0.32871652816251157, "Vil_Nam": "Gimegre", "Stat_Nam": "Meghalaya", "metric": 203429.0895660203, "value_global_local": {"": {"global_perc": 0.0016910452321100278, "local_perc": 0.3082559843673669}, "a": {"global_perc": 0.01097327086013935, "local_perc": 0.22081094284318514}, "b": {"global_perc": 0.006375424513738809, "local_perc": 0.20175867122618465}, "c": {"global_perc": 0.0038367534520336185, "local_perc": 0.26917440156326333}}, "partition_field": "Dist_Cy_pul_Ric_mac_driv"}, {"internal": false, "data": [["Near_Vil_Tow_Nam_hav_Ar_an_Scien_Deg_Col", "GORAKHPUR"], "GORAKHPUR"], "perc": 0.3097675538961821, "Vil_Nam": "Dalpatpur", "Stat_Nam": "UTTAR PRADESH", "metric": 191704.31699385765, "value_global_local": {"UTTAR PRADESH": {"global_perc": 0.0180661958903853, "local_perc": 1.0}}, "partition_field": "Stat_Nam"}, {"internal": false, "data": [["Near_Vil_Tow_Nam_hav_Ar_an_Scien_Deg_Col", "SHILLONG"], "SHILLONG"], "perc": 0.25677465976153196, "Vil_Nam": "Mawpon", "Stat_Nam": "Meghalaya", "metric": 158890.95796699988, "value_global_local": {"Meghalaya": {"global_perc": 0.23380611200467905, "local_perc": 1.0}}, "partition_field": "Stat_Nam"}, {"internal": false, "data": [["Near_Vil_Tow_Nam_hav_Ar_an_Scien_Deg_Col", "GAYA"], "GAYA"], "perc": 0.2456943273515597, "Vil_Nam": "Fatehpur", "Stat_Nam": "BIHAR", "metric": 152025.56184511623, "value_global_local": {"BIHAR": {"global_perc": 0.034095467308463696, "local_perc": 1.0}}, "partition_field": "Stat_Nam"}, {"internal": false, "data": [["Near_Vil_Tow_Nam_hav_Ar_an_Scien_Deg_Col", "GIRIDIH"], "GIRIDIH"], "perc": 0.22337307800393433, "Vil_Nam": "Cherwa", "Stat_Nam": "JHARKHAND", "metric": 138190.62828696455, "value_global_local": {"": {"global_perc": 0.0014895738353117624, "local_perc": 0.6283249460819554}, "a": {"global_perc": 0.005134428678117998, "local_perc": 0.039539899352983465}, "b": {"global_perc": 0.016005121638924456, "local_perc": 0.10783608914450037}, "c": {"global_perc": 0.026113157013726147, "local_perc": 0.22429906542056074}}, "partition_field": "Dist_Pin_Cod"}, {"internal": false, "data": [["Near_Vil_Tow_Nam_hav_Ar_an_Scien_Deg_Col", "RAMPUR"], "RAMPUR"], "perc": 0.21357742181540806, "Vil_Nam": "Kol Pur", "Stat_Nam": "JAMMU & KASHMIR", "metric": 132117.22349351642, "value_global_local": {"ANDAMAN & NICOBAR ISLANDS": {"global_perc": 0.07027027027027027, "local_perc": 0.029323308270676692}, "ASSAM": {"global_perc": 0.0002273157795036939, "local_perc": 0.004511278195488722}, "BIHAR": {"global_perc": 0.0010919463386370727, "local_perc": 0.03684210526315789}, "HARYANA": {"global_perc": 0.000146177459435755, "local_perc": 0.0007518796992481203}, "HIMACHAL PRADESH": {"global_perc": 0.021169647172547126, "local_perc": 0.3293233082706767}, "JAMMU & KASHMIR": {"global_perc": 0.00015260186174271325, "local_perc": 0.0007518796992481203}, "KARNATAKA": {"global_perc": 0.0006134969325153375, "local_perc": 0.013533834586466165}, "MADHYA PRADESH": {"global_perc": 0.00018213940950403439, "local_perc": 0.007518796992481203}, "Maharashtra": {"global_perc": 0.00022901637467078896, "local_perc": 0.007518796992481203}, "ODISHA": {"global_perc": 0.001227759047414885, "local_perc": 0.04736842105263158}, "UTTAR PRADESH": {"global_perc": 0.006115721055687714, "local_perc": 0.49097744360902257}, "West Bengal": {"global_perc": 0.001044308518573773, "local_perc": 0.031578947368421054}}, "partition_field": "Stat_Nam"}, {"internal": false, "data": [["Near_Vil_Tow_Nam_hav_Ar_an_Scien_Deg_Col", "AURANGABAD"], "AURANGABAD"], "perc": 0.2119715765386005, "Vil_Nam": "Dadota(175)", "Stat_Nam": "HARYANA", "metric": 131121.46934842828, "value_global_local": {"": {"global_perc": 0.0009070428197754946, "local_perc": 0.2803030303030303}, "a": {"global_perc": 0.014968873797396717, "local_perc": 0.40075757575757576}, "b": {"global_perc": 0.0036731857440683016, "local_perc": 0.16818181818181818}, "c": {"global_perc": 0.0016718895712737446, "local_perc": 0.15075757575757576}}, "partition_field": "Dist_Car_Driv_by_Anim"}, {"internal": false, "data": [["Near_Vil_Tow_Nam_hav_Ar_an_Scien_Deg_Col", "PADERU"], "PADERU"], "perc": 0.2081175478742623, "Vil_Nam": "Vallayibeeru", "Stat_Nam": "ANDHRA PRADESH", "metric": 128731.52836324219, "value_global_local": {"": {"global_perc": 0.0010506506848649982, "local_perc": 0.4174382716049383}, "a": {"global_perc": 0.0017363649656382512, "local_perc": 0.07330246913580248}, "b": {"global_perc": 0.006192983757324038, "local_perc": 0.12885802469135801}, "c": {"global_perc": 0.022227231740306583, "local_perc": 0.38040123456790126}}, "partition_field": "Dist_ASHA"}, {"internal": false, "data": [["Near_Vil_Tow_Nam_hav_Ar_an_Scien_Deg_Col", "DEOGHAR"], "DEOGHAR"], "perc": 0.2047452727929664, "Vil_Nam": "Tola Lalchanddih", "Stat_Nam": "BIHAR", "metric": 126640.17824882573, "value_global_local": {"": {"global_perc": 0.001014069144176772, "local_perc": 0.4666666666666667}, "a": {"global_perc": 0.0014002987303958177, "local_perc": 0.011764705882352941}, "b": {"global_perc": 0.004054630815194195, "local_perc": 0.02980392156862745}, "c": {"global_perc": 0.0524774020756612, "local_perc": 0.49176470588235294}}, "partition_field": "Dist_Pin_Cod"}, {"internal": false, "data": [["Near_Vil_Tow_Nam_hav_Ar_an_Scien_Deg_Col", "BHAGALPUR"], "BHAGALPUR"], "perc": 0.19334377132763259, "Vil_Nam": "Rangouli", "Stat_Nam": "UTTAR PRADESH", "metric": 119568.3741619495, "value_global_local": {"": {"global_perc": 0.0027876498282946457, "local_perc": 0.7342192691029901}, "0": {"global_perc": 1.0, "local_perc": 0.0008305647840531562}, "a": {"global_perc": 0.004112274661693683, "local_perc": 0.14285714285714285}, "b": {"global_perc": 0.0014772207333812667, "local_perc": 0.09385382059800665}, "c": {"global_perc": 0.00018153665438624592, "local_perc": 0.02823920265780731}}, "partition_field": "Dist_Cy_pul_Ric_man_driv"}, {"internal": false, "data": [["Near_Vil_Tow_Nam_hav_Ar_an_Scien_Deg_Col", "REWA"], "REWA"], "perc": 0.13200048175358303, "Vil_Nam": "Tendua Vailan", "Stat_Nam": "MADHYA PRADESH", "metric": 81492.28760688908, "value_global_local": {"MADHYA PRADESH": {"global_perc": 0.014625794583173961, "local_perc": 0.9768856447688564}, "UTTAR PRADESH": {"global_perc": 0.0001779459418959672, "local_perc": 0.023114355231143552}}, "partition_field": "Stat_Nam"}, {"internal": false, "data": [["Near_Vil_Tow_Nam_hav_Ar_an_Scien_Deg_Col", "DIPHU"], "DIPHU"], "perc": 0.1305552210044562, "Vil_Nam": "Sar Engti", "Stat_Nam": "ASSAM", "metric": 80594.64193664941, "value_global_local": {"ASSAM": {"global_perc": 0.03080128812275052, "local_perc": 1.0}}, "partition_field": "Stat_Nam"}, {"internal": false, "data": [["Near_Vil_Tow_Nam_hav_Ar_an_Scien_Deg_Col", "BANKA"], "BANKA"], "perc": 0.13007346742141393, "Vil_Nam": "Malda Khurd", "Stat_Nam": "BIHAR", "metric": 80295.42093219318, "value_global_local": {"BIHAR": {"global_perc": 0.018028256897089628, "local_perc": 0.9987654320987654}, "ODISHA": {"global_perc": 1.948823884785532e-05, "local_perc": 0.0012345679012345679}}, "partition_field": "Stat_Nam"}, {"internal": false, "data": [["Near_Vil_Tow_Nam_hav_Ar_an_Scien_Deg_Col", "SHIMLA"], "SHIMLA"], "perc": 0.1279858685615641, "Vil_Nam": "Rapoon (180)", "Stat_Nam": "HIMACHAL PRADESH", "metric": 78998.7631779678, "value_global_local": {"HIMACHAL PRADESH": {"global_perc": 0.03847269212179797, "local_perc": 0.998745294855709}, "RAJASTHAN": {"global_perc": 2.238538681948424e-05, "local_perc": 0.0012547051442910915}}, "partition_field": "Stat_Nam"}, {"internal": false, "data": [["Near_Vil_Tow_Nam_hav_Ar_an_Scien_Deg_Col", "KOTDWARA"], "KOTDWARA"], "perc": 0.12766469950620257, "Vil_Nam": "Timli", "Stat_Nam": "UTTARAKHAND", "metric": 78799.2725520896, "value_global_local": {"UTTARAKHAND": {"global_perc": 0.04734115405228369, "local_perc": 1.0}}, "partition_field": "Stat_Nam"}, {"internal": false, "data": [["Near_Vil_Tow_Nam_hav_Ar_an_Scien_Deg_Col", "VARANASI"], "VARANASI"], "perc": 0.12734353045084104, "Vil_Nam": "Sarkhane Kisunpur", "Stat_Nam": "UTTAR PRADESH", "metric": 78599.78064153518, "value_global_local": {"BIHAR": {"global_perc": 0.0012479386727280832, "local_perc": 0.07061790668348046}, "UTTAR PRADESH": {"global_perc": 0.006902429430385674, "local_perc": 0.9293820933165196}}, "partition_field": "Stat_Nam"}, {"internal": false, "data": [["Near_Vil_Tow_Nam_hav_Ar_an_Scien_Deg_Col", "PAURI"], "PAURI"], "perc": 0.12525593159099122, "Vil_Nam": "Pajai Gaon", "Stat_Nam": "UTTARAKHAND", "metric": 77303.05190894858, "value_global_local": {"UTTARAKHAND": {"global_perc": 0.04644792473054249, "local_perc": 1.0}}, "partition_field": "Stat_Nam"}, {"internal": false, "data": [["Near_Vil_Tow_Nam_hav_Ar_an_Scien_Deg_Col", "CHAIBASA"], "CHAIBASA"], "perc": 0.12509534706331044, "Vil_Nam": "Sarjamdih", "Stat_Nam": "JHARKHAND", "metric": 77203.30129672006, "value_global_local": {"": {"global_perc": 0.0006697969305234812, "local_perc": 0.5044929396662388}, "a": {"global_perc": 0.008401792382374906, "local_perc": 0.11553273427471117}, "b": {"global_perc": 0.017498932991890738, "local_perc": 0.21052631578947367}, "c": {"global_perc": 0.011047874121191832, "local_perc": 0.16944801026957637}}, "partition_field": "Dist_Pin_Cod"}, {"internal": false, "data": [["Near_Vil_Tow_Nam_hav_Ar_an_Scien_Deg_Col", "KISHANGANJ"], "KISHANGANJ"], "perc": 0.1249347625356297, "Vil_Nam": "Suwans", "Stat_Nam": "RAJASTHAN", "metric": 77103.55036332249, "value_global_local": {"BIHAR": {"global_perc": 0.012501671346436689, "local_perc": 0.7210796915167095}, "RAJASTHAN": {"global_perc": 0.0034025787965616047, "local_perc": 0.1953727506426735}, "West Bengal": {"global_perc": 0.001616191754935601, "local_perc": 0.08354755784061697}}, "partition_field": "Stat_Nam"}, {"internal": false, "data": [["Near_Vil_Tow_Nam_hav_Ar_an_Scien_Deg_Col", "RAYAGADA"], "RAYAGADA"], "perc": 0.19238026416154805, "Vil_Nam": "Duabada", "Stat_Nam": "ODISHA", "metric": 118970.68272511945, "value_global_local": {"ODISHA": {"global_perc": 0.023346910139730673, "local_perc": 1.0}}, "partition_field": "Stat_Nam"}, {"internal": false, "data": [["Near_Vil_Tow_Nam_hav_Ar_an_Scien_Deg_Col", "MUZAFFARPUR"], "MUZAFFARPUR"], "perc": 0.17985467100244892, "Vil_Nam": "Paorha", "Stat_Nam": "BIHAR", "metric": 111199.64189650328, "value_global_local": {"1": {"global_perc": 0.0391644908616188, "local_perc": 0.026785714285714284}, "2": {"global_perc": 0.0018825496284986926, "local_perc": 0.9732142857142857}}, "partition_field": "Gov_Pol_Stat"}, {"internal": false, "data": [["Near_Vil_Tow_Nam_hav_Ar_an_Scien_Deg_Col", "DALTONGANJ"], "DALTONGANJ"], "perc": 0.1790517483640451, "Vil_Nam": "Katritisar Alias Kusmahi", "Stat_Nam": "JHARKHAND", "metric": 110701.43161106427, "value_global_local": {"": {"global_perc": 0.0012100657014546352, "local_perc": 0.6367713004484304}, "a": {"global_perc": 0.004947722180731889, "local_perc": 0.04753363228699552}, "b": {"global_perc": 0.022300469483568074, "local_perc": 0.18744394618834082}, "c": {"global_perc": 0.011968530297957818, "local_perc": 0.12825112107623318}}, "partition_field": "Dist_Pin_Cod"}, {"internal": false, "data": [["Near_Vil_Tow_Nam_hav_Ar_an_Scien_Deg_Col", "ITANAGAR"], "ITANAGAR"], "perc": 0.17567947328274922, "Vil_Nam": "Brokpalangchen", "Stat_Nam": "Arunachal Pradesh", "metric": 108608.86073306836, "value_global_local": {"Arunachal Pradesh": {"global_perc": 0.19574163535516192, "local_perc": 1.0}}, "partition_field": "Stat_Nam"}, {"internal": false, "data": [["Near_Vil_Tow_Nam_hav_Ar_an_Scien_Deg_Col", "JABALPUR"], "JABALPUR"], "perc": 0.1623509574852463, "Vil_Nam": "Mantoliya", "Stat_Nam": "CHHATTISGARH", "metric": 100336.83728772734, "value_global_local": {"CHHATTISGARH": {"global_perc": 9.937394415184339e-05, "local_perc": 0.0019782393669634025}, "MADHYA PRADESH": {"global_perc": 0.01837786641895707, "local_perc": 0.9980217606330366}}, "partition_field": "Stat_Nam"}, {"internal": false, "data": [["Near_Vil_Tow_Nam_hav_Ar_an_Scien_Deg_Col", "RAMNAGAR"], "RAMNAGAR"], "perc": 0.16090569673611949, "Vil_Nam": "Dudu", "Stat_Nam": "JAMMU & KASHMIR", "metric": 99439.73792605082, "value_global_local": {"BIHAR": {"global_perc": 0.0027410081561706112, "local_perc": 0.12275449101796407}, "JAMMU & KASHMIR": {"global_perc": 0.0045780558522813975, "local_perc": 0.029940119760479042}, "KARNATAKA": {"global_perc": 0.0007839127471029312, "local_perc": 0.022954091816367265}, "MADHYA PRADESH": {"global_perc": 0.0016392546855363095, "local_perc": 0.08982035928143713}, "Maharashtra": {"global_perc": 0.00029772128707202563, "local_perc": 0.012974051896207584}, "Punjab": {"global_perc": 7.948493760432397e-05, "local_perc": 0.000998003992015968}, "RAJASTHAN": {"global_perc": 2.238538681948424e-05, "local_perc": 0.000998003992015968}, "UTTAR PRADESH": {"global_perc": 0.0022477382134227434, "local_perc": 0.23952095808383234}, "UTTARAKHAND": {"global_perc": 0.023283510986720657, "local_perc": 0.3902195608782435}, "West Bengal": {"global_perc": 0.0022378039683723706, "local_perc": 0.08982035928143713}}, "partition_field": "Stat_Nam"}, {"internal": false, "data": [["Near_Vil_Tow_Nam_hav_Ar_an_Scien_Deg_Col", "CHATRA"], "CHATRA"], "perc": 0.15833634429322735, "Vil_Nam": "Jaljala", "Stat_Nam": "West Bengal", "metric": 97844.83038259263, "value_global_local": {"": {"global_perc": 0.0007124048777577994, "local_perc": 0.4239350912778905}, "a": {"global_perc": 0.00597460791635549, "local_perc": 0.06490872210953347}, "b": {"global_perc": 0.008536064874093044, "local_perc": 0.08113590263691683}, "c": {"global_perc": 0.03548711081352528, "local_perc": 0.4300202839756592}}, "partition_field": "Dist_Pin_Cod"}, {"internal": false, "data": [["Near_Vil_Tow_Nam_hav_Ar_an_Scien_Deg_Col", "SOLAN"], "SOLAN"], "perc": 0.15673049901641978, "Vil_Nam": "Samanu (404)", "Stat_Nam": "HIMACHAL PRADESH", "metric": 96847.97141595407, "value_global_local": {"HIMACHAL PRADESH": {"global_perc": 0.0471725471242146, "local_perc": 1.0}}, "partition_field": "Stat_Nam"}, {"internal": false, "data": [["Near_Vil_Tow_Nam_hav_Ar_an_Scien_Deg_Col", "GUWAHATI"], "GUWAHATI"], "perc": 0.1520735477136778, "Vil_Nam": "Tikhak Taipi", "Stat_Nam": "Arunachal Pradesh", "metric": 93956.89879160143, "value_global_local": {"ASSAM": {"global_perc": 0.03405948096230347, "local_perc": 0.9493136219640972}, "Arunachal Pradesh": {"global_perc": 0.0001789228842368939, "local_perc": 0.0010559662090813093}, "Meghalaya": {"global_perc": 0.0068723497587366575, "local_perc": 0.04963041182682154}}, "partition_field": "Stat_Nam"}, {"internal": false, "data": [["Near_Vil_Tow_Nam_hav_Ar_an_Scien_Deg_Col", "SIWAN"], "SIWAN"], "perc": 0.14147496888674777, "Vil_Nam": "Tetariya Bodhraut", "Stat_Nam": "BIHAR", "metric": 87376.20940222409, "value_global_local": {"BIHAR": {"global_perc": 0.01963274947631145, "local_perc": 1.0}}, "partition_field": "Stat_Nam"}, {"internal": false, "data": [["Near_Vil_Tow_Nam_hav_Ar_an_Scien_Deg_Col", "RANCHI"], "RANCHI"], "perc": 0.14099321530370548, "Vil_Nam": "Bansdharwa", "Stat_Nam": "JHARKHAND", "metric": 87077.05391625517, "value_global_local": {"": {"global_perc": 0.0009373748391549992, "local_perc": 0.6264236902050114}, "a": {"global_perc": 0.00392083644510829, "local_perc": 0.04783599088838269}, "b": {"global_perc": 0.01120358514724712, "local_perc": 0.11958997722095673}, "c": {"global_perc": 0.015148978908603951, "local_perc": 0.2061503416856492}}, "partition_field": "Dist_Pin_Cod"}, {"internal": false, "data": [["Near_Vil_Tow_Nam_hav_Ar_an_Scien_Deg_Col", "SATNA"], "SATNA"], "perc": 0.13842386286081335, "Vil_Nam": "Mangawan", "Stat_Nam": "UTTAR PRADESH", "metric": 85481.50917339114, "value_global_local": {"MADHYA PRADESH": {"global_perc": 0.015663989217346956, "local_perc": 0.9976798143851509}, "Maharashtra": {"global_perc": 2.2901637467078896e-05, "local_perc": 0.001160092807424594}, "UTTAR PRADESH": {"global_perc": 9.365575889261431e-06, "local_perc": 0.001160092807424594}}, "partition_field": "Stat_Nam"}, {"internal": false, "data": [["Near_Vil_Tow_Nam_hav_Ar_an_Scien_Deg_Col", "ARRAH"], "ARRAH"], "perc": 0.13778152475009034, "Vil_Nam": "Isharpura", "Stat_Nam": "BIHAR", "metric": 85082.61014091292, "value_global_local": {"BIHAR": {"global_perc": 0.0191202032357267, "local_perc": 1.0}}, "partition_field": "Stat_Nam"}, {"internal": false, "data": [["Near_Vil_Tow_Nam_hav_Ar_an_Scien_Deg_Col", "JAMSHEDPUR"], "JAMSHEDPUR"], "perc": 0.13473041872415592, "Vil_Nam": "Ruchap", "Stat_Nam": "West Bengal", "metric": 83187.76956120277, "value_global_local": {"": {"global_perc": 0.0009254446139293901, "local_perc": 0.6471990464839095}, "a": {"global_perc": 0.006441374159820761, "local_perc": 0.08224076281287247}, "b": {"global_perc": 0.01333760136577038, "local_perc": 0.14898688915375446}, "c": {"global_perc": 0.008536993639102779, "local_perc": 0.12157330154946365}}, "partition_field": "Dist_Pin_Cod"}, {"internal": false, "data": [["Near_Vil_Tow_Nam_hav_Ar_an_Scien_Deg_Col", "KARNAPRAYAG"], "KARNAPRAYAG"], "perc": 0.13312457344734835, "Vil_Nam": "Bhulkan", "Stat_Nam": "UTTARAKHAND", "metric": 82190.43847605283, "value_global_local": {"UTTARAKHAND": {"global_perc": 0.04936580718156375, "local_perc": 1.0}}, "partition_field": "Stat_Nam"}]