[{"internal": false, "data": [["Al_Weat_Road_Stat", "1"], "1"], "perc": 62.71468144044321, "Vil_Nam": "Keran", "Stat_Nam": "JAMMU & KASHMIR", "metric": 62.71468144044321, "value_global_local": {"": {"global_perc": 0.8283560657367957, "local_perc": 0.9896579095611205}, "0": {"global_perc": 1.0, "local_perc": 0.009973370205356685}, "a": {"global_perc": 0.0007414166761720086, "local_perc": 9.986172991242894e-05}, "b": {"global_perc": 0.0010302433663774355, "local_perc": 0.00011522507297587955}, "c": {"global_perc": 0.0010731916720326251, "local_perc": 0.00015363343063450608}}, "partition_field": "Dist_Al_Weat_Road"}]