[{"internal": false, "data": [["Near_Vil_Tow_Nam_hav_Pr_Prim_School", "NARAYANPUR"], "NARAYANPUR"], "perc": 0.10405877393713114, "Vil_Nam": "Kharwa", "Stat_Nam": "RAJASTHAN", "metric": 64532.778032036615, "value_global_local": {"ASSAM": {"global_perc": 0.0028035612805455577, "local_perc": 0.11419753086419752}, "BIHAR": {"global_perc": 0.0006685385746757588, "local_perc": 0.046296296296296294}, "CHHATTISGARH": {"global_perc": 0.013465169432574779, "local_perc": 0.4182098765432099}, "JHARKHAND": {"global_perc": 0.0041365685003395694, "local_perc": 0.20679012345679013}, "MADHYA PRADESH": {"global_perc": 7.285576380161376e-05, "local_perc": 0.006172839506172839}, "Maharashtra": {"global_perc": 2.2901637467078896e-05, "local_perc": 0.0015432098765432098}, "ODISHA": {"global_perc": 0.0014421296747412935, "local_perc": 0.11419753086419752}, "RAJASTHAN": {"global_perc": 0.0001566977077363897, "local_perc": 0.010802469135802469}, "UTTAR PRADESH": {"global_perc": 0.00044954764268454866, "local_perc": 0.07407407407407407}, "West Bengal": {"global_perc": 0.00012432244268735393, "local_perc": 0.007716049382716049}}, "partition_field": "Stat_Nam"}, {"internal": false, "data": [["Near_Vil_Tow_Nam_hav_Pr_Prim_School", "PHULBANI"], "PHULBANI"], "perc": 0.08800032116905536, "Vil_Nam": "Upardangnama", "Stat_Nam": "ODISHA", "metric": 54551.95182464169, "value_global_local": {"ODISHA": {"global_perc": 0.010679554888624715, "local_perc": 1.0}}, "partition_field": "Stat_Nam"}, {"internal": false, "data": [["Near_Vil_Tow_Nam_hav_Pr_Prim_School", "DUMKA"], "DUMKA"], "perc": 0.08735798305833234, "Vil_Nam": "Kimana", "Stat_Nam": "UTTARAKHAND", "metric": 54152.65197318239, "value_global_local": {"": {"global_perc": 0.0003442722136532906, "local_perc": 0.3713235294117647}, "a": {"global_perc": 0.0007468259895444362, "local_perc": 0.014705882352941176}, "b": {"global_perc": 0.014511310285958173, "local_perc": 0.25}, "c": {"global_perc": 0.016571811181787747, "local_perc": 0.3639705882352941}}, "partition_field": "Dist_Pin_Cod"}, {"internal": false, "data": [["Near_Vil_Tow_Nam_hav_Pr_Prim_School", "RAMPUR"], "RAMPUR"], "perc": 0.08527038419848247, "Vil_Nam": "Kasholi (18/51)", "Stat_Nam": "HIMACHAL PRADESH", "metric": 52854.891966759, "value_global_local": {"ANDAMAN & NICOBAR ISLANDS": {"global_perc": 0.016216216216216217, "local_perc": 0.01694915254237288}, "ANDHRA PRADESH": {"global_perc": 3.597122302158273e-05, "local_perc": 0.0018832391713747645}, "ASSAM": {"global_perc": 0.0003409736692555408, "local_perc": 0.01694915254237288}, "BIHAR": {"global_perc": 0.0023398850113651557, "local_perc": 0.1977401129943503}, "CHHATTISGARH": {"global_perc": 0.0018384179668091026, "local_perc": 0.0696798493408663}, "HARYANA": {"global_perc": 0.000146177459435755, "local_perc": 0.0018832391713747645}, "HIMACHAL PRADESH": {"global_perc": 0.0012566457225712904, "local_perc": 0.04896421845574388}, "JHARKHAND": {"global_perc": 0.0012656664814471815, "local_perc": 0.07721280602636535}, "KARNATAKA": {"global_perc": 0.0010906612133606, "local_perc": 0.060263653483992465}, "MADHYA PRADESH": {"global_perc": 0.0005646321694625066, "local_perc": 0.0583804143126177}, "Maharashtra": {"global_perc": 2.2901637467078896e-05, "local_perc": 0.0018832391713747645}, "ODISHA": {"global_perc": 0.0005066942100442383, "local_perc": 0.04896421845574388}, "RAJASTHAN": {"global_perc": 0.00017908309455587392, "local_perc": 0.015065913370998116}, "UTTAR PRADESH": {"global_perc": 0.001826287298405979, "local_perc": 0.3672316384180791}, "UTTARAKHAND": {"global_perc": 0.00029774310724706724, "local_perc": 0.009416195856873822}, "West Bengal": {"global_perc": 9.945795414988313e-05, "local_perc": 0.007532956685499058}}, "partition_field": "Stat_Nam"}, {"internal": false, "data": [["Near_Vil_Tow_Nam_hav_Pr_Prim_School", "BHAWANIPATNA"], "BHAWANIPATNA"], "perc": 0.07001485406881047, "Vil_Nam": "Palasapada", "Stat_Nam": "ODISHA", "metric": 43369.61355333414, "value_global_local": {"ODISHA": {"global_perc": 0.008496872137664918, "local_perc": 1.0}}, "partition_field": "Stat_Nam"}, {"internal": false, "data": [["Near_Vil_Tow_Nam_hav_Pr_Prim_School", "0"], "0"], "perc": 0.0676060861535991, "Vil_Nam": "Tala Sirsabad", "Stat_Nam": "UTTAR PRADESH", "metric": 41871.67304990164, "value_global_local": {"SIKKIM": {"global_perc": 0.0022172949002217295, "local_perc": 0.0023752969121140144}, "UTTAR PRADESH": {"global_perc": 0.0005900312810234701, "local_perc": 0.1496437054631829}, "West Bengal": {"global_perc": 0.00887662240787707, "local_perc": 0.8479809976247031}}, "partition_field": "Stat_Nam"}, {"internal": false, "data": [["Near_Vil_Tow_Nam_hav_Pr_Prim_School", "JEHANABAD"], "JEHANABAD"], "perc": 0.061664458629411056, "Vil_Nam": "Lakhapur", "Stat_Nam": "BIHAR", "metric": 38176.44417680357, "value_global_local": {"": {"global_perc": 0.0006969124570736614, "local_perc": 0.5755208333333334}, "a": {"global_perc": 0.0021278630516903363, "local_perc": 0.23177083333333334}, "b": {"global_perc": 0.0008758742401464148, "local_perc": 0.17447916666666666}, "c": {"global_perc": 3.737519355010946e-05, "local_perc": 0.018229166666666668}}, "partition_field": "Dist_Cy_pul_Ric_man_driv"}, {"internal": false, "data": [["Near_Vil_Tow_Nam_hav_Pr_Prim_School", "G.MADUGULA"], "G.MADUGULA"], "perc": 0.059416275241880444, "Vil_Nam": "Sariyapalle", "Stat_Nam": "ANDHRA PRADESH", "metric": 36778.13481071099, "value_global_local": {"": {"global_perc": 0.0002835397412020143, "local_perc": 0.3945945945945946}, "a": {"global_perc": 0.0004934932007603451, "local_perc": 0.07297297297297298}, "b": {"global_perc": 0.0014462656678780688, "local_perc": 0.10540540540540541}, "c": {"global_perc": 0.007123534715960325, "local_perc": 0.42702702702702705}}, "partition_field": "Dist_ASHA"}, {"internal": false, "data": [["Near_Vil_Tow_Nam_hav_Pr_Prim_School", "DEOGHAR"], "DEOGHAR"], "perc": 0.05877393713115742, "Vil_Nam": "Tola Kathradih", "Stat_Nam": "BIHAR", "metric": 36378.60628688426, "value_global_local": {"BIHAR": {"global_perc": 0.00178276953246869, "local_perc": 0.2185792349726776}, "JHARKHAND": {"global_perc": 0.008828795455948632, "local_perc": 0.7814207650273224}}, "partition_field": "Stat_Nam"}, {"internal": false, "data": [["Near_Vil_Tow_Nam_hav_Pr_Prim_School", "SHAHPURA"], "SHAHPURA"], "perc": 0.05748926090971135, "Vil_Nam": "Padampura", "Stat_Nam": "RAJASTHAN", "metric": 35579.533823116144, "value_global_local": {"MADHYA PRADESH": {"global_perc": 0.005937744749831521, "local_perc": 0.9106145251396648}, "RAJASTHAN": {"global_perc": 0.0006939469914040115, "local_perc": 0.08659217877094973}, "UTTAR PRADESH": {"global_perc": 9.365575889261431e-06, "local_perc": 0.002793296089385475}}, "partition_field": "Stat_Nam"}, {"internal": false, "data": [["Near_Vil_Tow_Nam_hav_Pr_Prim_School", "CHINTAPALLE"], "CHINTAPALLE"], "perc": 0.05748926090971135, "Vil_Nam": "Lammadampalle", "Stat_Nam": "ANDHRA PRADESH", "metric": 35579.533823116144, "value_global_local": {"": {"global_perc": 3.1869072046166026e-05, "local_perc": 0.036312849162011177}, "a": {"global_perc": 0.00025466893039049235, "local_perc": 0.025139664804469275}, "b": {"global_perc": 0.0007445646778516827, "local_perc": 0.12569832402234637}, "c": {"global_perc": 0.0024448234434204003, "local_perc": 0.8128491620111732}}, "partition_field": "Dist_Car_Driv_by_Anim"}, {"internal": false, "data": [["Near_Vil_Tow_Nam_hav_Pr_Prim_School", "RAMGARH"], "RAMGARH"], "perc": 0.056525753743626804, "Vil_Nam": "Sikri (6)", "Stat_Nam": "HIMACHAL PRADESH", "metric": 34980.21598618973, "value_global_local": {"BIHAR": {"global_perc": 0.0007353924321433346, "local_perc": 0.09375}, "HARYANA": {"global_perc": 0.00029235491887151, "local_perc": 0.005681818181818182}, "HIMACHAL PRADESH": {"global_perc": 4.833252779120348e-05, "local_perc": 0.002840909090909091}, "JHARKHAND": {"global_perc": 0.003488300302525159, "local_perc": 0.3210227272727273}, "MADHYA PRADESH": {"global_perc": 0.0008196273427681548, "local_perc": 0.1278409090909091}, "Punjab": {"global_perc": 0.00047690962562594387, "local_perc": 0.017045454545454544}, "RAJASTHAN": {"global_perc": 0.0018356017191977078, "local_perc": 0.23295454545454544}, "UTTAR PRADESH": {"global_perc": 0.0005432034015771629, "local_perc": 0.16477272727272727}, "UTTARAKHAND": {"global_perc": 5.954862144941345e-05, "local_perc": 0.002840909090909091}, "West Bengal": {"global_perc": 0.00027350937391217863, "local_perc": 0.03125}}, "partition_field": "Stat_Nam"}, {"internal": false, "data": [["Near_Vil_Tow_Nam_hav_Pr_Prim_School", "KOLORIANG"], "KOLORIANG"], "perc": 0.05395640130073467, "Vil_Nam": "Keya", "Stat_Nam": "Arunachal Pradesh", "metric": 33381.97856196555, "value_global_local": {"": {"global_perc": 0.000407831134605637, "local_perc": 0.625}, "a": {"global_perc": 9.138762977043427e-05, "local_perc": 0.01488095238095238}, "b": {"global_perc": 0.00018541867536898317, "local_perc": 0.01488095238095238}, "c": {"global_perc": 0.005229936880072137, "local_perc": 0.34523809523809523}}, "partition_field": "Dist_ASHA"}, {"internal": false, "data": [["Near_Vil_Tow_Nam_hav_Pr_Prim_School", "FATEHPUR"], "FATEHPUR"], "perc": 0.05363523224537316, "Vil_Nam": "Badiali  (123)", "Stat_Nam": "HIMACHAL PRADESH", "metric": 33182.19310289454, "value_global_local": {"BIHAR": {"global_perc": 0.00028970004902616214, "local_perc": 0.038922155688622756}, "HARYANA": {"global_perc": 0.000146177459435755, "local_perc": 0.0029940119760479044}, "HIMACHAL PRADESH": {"global_perc": 0.00033832769453842436, "local_perc": 0.020958083832335328}, "JHARKHAND": {"global_perc": 0.0029635117614373032, "local_perc": 0.2874251497005988}, "MADHYA PRADESH": {"global_perc": 0.00034606487805766535, "local_perc": 0.05688622754491018}, "Punjab": {"global_perc": 0.0003179397504172959, "local_perc": 0.011976047904191617}, "RAJASTHAN": {"global_perc": 0.0004924785100286533, "local_perc": 0.0658682634730539}, "UTTAR PRADESH": {"global_perc": 0.001610879052952966, "local_perc": 0.5149700598802395}}, "partition_field": "Stat_Nam"}, {"internal": false, "data": [["Near_Vil_Tow_Nam_hav_Pr_Prim_School", "MADHUPUR"], "MADHUPUR"], "perc": 0.05202938696856557, "Vil_Nam": "Kasturipur", "Stat_Nam": "UTTAR PRADESH", "metric": 32183.24653739612, "value_global_local": {"ASSAM": {"global_perc": 3.7885963250615644e-05, "local_perc": 0.0030864197530864196}, "BIHAR": {"global_perc": 2.2284619155858625e-05, "local_perc": 0.0030864197530864196}, "JHARKHAND": {"global_perc": 0.00950793356794468, "local_perc": 0.9506172839506173}, "ODISHA": {"global_perc": 3.897647769571064e-05, "local_perc": 0.006172839506172839}, "UTTAR PRADESH": {"global_perc": 6.555903122483001e-05, "local_perc": 0.021604938271604937}, "West Bengal": {"global_perc": 0.00012432244268735393, "local_perc": 0.015432098765432098}}, "partition_field": "Stat_Nam"}, {"internal": false, "data": [["Near_Vil_Tow_Nam_hav_Pr_Prim_School", "LANKA"], "LANKA"], "perc": 0.05106587980248103, "Vil_Nam": "Village No.5 Block No.1", "Stat_Nam": "ASSAM", "metric": 31583.863181982415, "value_global_local": {"ASSAM": {"global_perc": 0.012047736313695776, "local_perc": 1.0}}, "partition_field": "Stat_Nam"}, {"internal": false, "data": [["Near_Vil_Tow_Nam_hav_Pr_Prim_School", "PACHORE"], "PACHORE"], "perc": 0.050905295274800276, "Vil_Nam": "Bhadka", "Stat_Nam": "MADHYA PRADESH", "metric": 31483.964831988436, "value_global_local": {"MADHYA PRADESH": {"global_perc": 0.00577381928127789, "local_perc": 1.0}}, "partition_field": "Stat_Nam"}, {"internal": false, "data": [["Near_Vil_Tow_Nam_hav_Pr_Prim_School", "MUNCHINGI PUTTU"], "MUNCHINGI PUTTU"], "perc": 0.04801477377654663, "Vil_Nam": "Vallayibeeru", "Stat_Nam": "ANDHRA PRADESH", "metric": 29685.739612188365, "value_global_local": {"": {"global_perc": 1.1231222799382282e-05, "local_perc": 0.013377926421404682}, "a": {"global_perc": 0.0003212106070880474, "local_perc": 0.06020066889632107}, "b": {"global_perc": 0.0008095698405026582, "local_perc": 0.22408026755852842}, "c": {"global_perc": 0.0016435011269722013, "local_perc": 0.7023411371237458}}, "partition_field": "Dist_Trac"}, {"internal": false, "data": [["Near_Vil_Tow_Nam_hav_Pr_Prim_School", "ANUGUL"], "ANUGUL"], "perc": 0.047533020193504354, "Vil_Nam": "Narayanpur", "Stat_Nam": "ODISHA", "metric": 29386.02529206311, "value_global_local": {"ODISHA": {"global_perc": 0.005768518698965174, "local_perc": 1.0}}, "partition_field": "Stat_Nam"}]