[{"internal": false, "data": [["Near_Vil_Tow_Nam_hav_Priv_Engin_Col", "GUWAHATI"], "GUWAHATI"], "perc": 2.775864145489582, "Vil_Nam": "Morshing", "Stat_Nam": "Arunachal Pradesh", "metric": 1680227.515837649, "value_global_local": {"ASSAM": {"global_perc": 0.5052472059102102, "local_perc": 0.7714913803077635}, "Arunachal Pradesh": {"global_perc": 0.008409375559134014, "local_perc": 0.002718963322920282}, "MIZORAM": {"global_perc": 0.006024096385542169, "local_perc": 0.0002892514173319449}, "Meghalaya": {"global_perc": 0.5613393771019155, "local_perc": 0.22208723822746732}, "NAGALAND": {"global_perc": 0.04131652661064426, "local_perc": 0.00341316672451695}}, "partition_field": "Stat_Nam"}, {"internal": false, "data": [["Near_Vil_Tow_Nam_hav_Priv_Engin_Col", "JABALPUR"], "JABALPUR"], "perc": 1.5827211048215506, "Vil_Nam": "Judi Tap Maheba", "Stat_Nam": "MADHYA PRADESH", "metric": 969607.0316752981, "value_global_local": {"MADHYA PRADESH": {"global_perc": 0.17951660200717628, "local_perc": 1.0}}, "partition_field": "Stat_Nam"}, {"internal": false, "data": [["Near_Vil_Tow_Nam_hav_Priv_Engin_Col", "JORHAT"], "JORHAT"], "perc": 1.5067646232285519, "Vil_Nam": "Yanman", "Stat_Nam": "Arunachal Pradesh", "metric": 923768.0545987395, "value_global_local": {"ASSAM": {"global_perc": 0.29914756582686114, "local_perc": 0.8415219013108813}, "Arunachal Pradesh": {"global_perc": 0.19180533190195026, "local_perc": 0.11424917403815411}, "NAGALAND": {"global_perc": 0.29061624649859946, "local_perc": 0.04422892465096451}}, "partition_field": "Stat_Nam"}, {"internal": false, "data": [["Near_Vil_Tow_Nam_hav_Priv_Engin_Col", "PATNA"], "PATNA"], "perc": 1.422457746196154, "Vil_Nam": "Umarpur Khurd Diyara Khas", "Stat_Nam": "UTTAR PRADESH", "metric": 872805.5591151792, "value_global_local": {"BIHAR": {"global_perc": 0.19666176405045238, "local_perc": 0.9962745540754121}, "JHARKHAND": {"global_perc": 0.0009569673396307958, "local_perc": 0.0034996613230977645}, "Maharashtra": {"global_perc": 2.2901637467078896e-05, "local_perc": 0.00011289230074508918}, "UTTAR PRADESH": {"global_perc": 9.365575889261431e-06, "local_perc": 0.00011289230074508918}}, "partition_field": "Stat_Nam"}, {"internal": false, "data": [["Near_Vil_Tow_Nam_hav_Priv_Engin_Col", "DHANBAD"], "DHANBAD"], "perc": 0.7288931711429604, "Vil_Nam": "Pali", "Stat_Nam": "JHARKHAND", "metric": 450194.4694688667, "value_global_local": {"": {"global_perc": 0.004572684897187023, "local_perc": 0.5910993610927517}, "a": {"global_perc": 0.03267363704256908, "local_perc": 0.0771094954835867}, "b": {"global_perc": 0.06007255655142979, "local_perc": 0.12403613130645516}, "c": {"global_perc": 0.07892534315366588, "local_perc": 0.20775501211720643}}, "partition_field": "Dist_Pin_Cod"}, {"internal": false, "data": [["Near_Vil_Tow_Nam_hav_Priv_Engin_Col", "BHOPAL"], "BHOPAL"], "perc": 1.1804568629812517, "Vil_Nam": "Dhariya Khedi", "Stat_Nam": "MADHYA PRADESH", "metric": 726027.1834276768, "value_global_local": {"MADHYA PRADESH": {"global_perc": 0.13389067992641568, "local_perc": 1.0}}, "partition_field": "Stat_Nam"}, {"internal": false, "data": [["Near_Vil_Tow_Nam_hav_Priv_Engin_Col", "GORAKHPUR"], "GORAKHPUR"], "perc": 1.1528363242201614, "Vil_Nam": "Son Garha", "Stat_Nam": "UTTAR PRADESH", "metric": 709228.3993737204, "value_global_local": {"BIHAR": {"global_perc": 0.000178276953246869, "local_perc": 0.0011143613316617913}, "UTTAR PRADESH": {"global_perc": 0.06716054470189373, "local_perc": 0.9988856386683382}}, "partition_field": "Stat_Nam"}, {"internal": false, "data": [["Near_Vil_Tow_Nam_hav_Priv_Engin_Col", "RANCHI"], "RANCHI"], "perc": 1.1234493556545826, "Vil_Nam": "Ankduar", "Stat_Nam": "West Bengal", "metric": 691344.8421052631, "value_global_local": {"JHARKHAND": {"global_perc": 0.21294066802494288, "local_perc": 0.9859919954259577}, "West Bengal": {"global_perc": 0.0024367198766721367, "local_perc": 0.01400800457404231}}, "partition_field": "Stat_Nam"}, {"internal": false, "data": [["Near_Vil_Tow_Nam_hav_Priv_Engin_Col", "GAYA"], "GAYA"], "perc": 1.058894375526918, "Vil_Nam": "Nawadih", "Stat_Nam": "BIHAR", "metric": 652021.8860652776, "value_global_local": {"BIHAR": {"global_perc": 0.14692249409457592, "local_perc": 0.9998483469821049}, "JHARKHAND": {"global_perc": 3.086991418163858e-05, "local_perc": 0.00015165301789505612}}, "partition_field": "Stat_Nam"}, {"internal": false, "data": [["Near_Vil_Tow_Nam_hav_Priv_Engin_Col", "REWA"], "REWA"], "perc": 1.005901481392268, "Vil_Nam": "Charkhar", "Stat_Nam": "CHHATTISGARH", "metric": 619703.0567264843, "value_global_local": {"CHHATTISGARH": {"global_perc": 0.00014906091622776508, "local_perc": 0.0004789272030651341}, "MADHYA PRADESH": {"global_perc": 0.11403748429047593, "local_perc": 0.9995210727969349}}, "partition_field": "Stat_Nam"}, {"internal": false, "data": [["Near_Vil_Tow_Nam_hav_Priv_Engin_Col", "JODHPUR"], "JODHPUR"], "perc": 0.9964269942591031, "Vil_Nam": "Gunpaliya", "Stat_Nam": "RAJASTHAN", "metric": 613921.1562085992, "value_global_local": {"RAJASTHAN": {"global_perc": 0.1389013252148997, "local_perc": 1.0}}, "partition_field": "Stat_Nam"}, {"internal": false, "data": [["Near_Vil_Tow_Nam_hav_Priv_Engin_Col", "DEOGHAR"], "DEOGHAR"], "perc": 0.9619013208077402, "Vil_Nam": "Bhalsumiya", "Stat_Nam": "JHARKHAND", "metric": 592842.0586936448, "value_global_local": {"": {"global_perc": 0.004352827889457941, "local_perc": 0.4263772954924875}, "a": {"global_perc": 0.01465646004480956, "local_perc": 0.02621035058430718}, "b": {"global_perc": 0.10926163038839096, "local_perc": 0.1709515859766277}, "c": {"global_perc": 0.1887345162370271, "local_perc": 0.3764607679465776}}, "partition_field": "Dist_Pin_Cod"}, {"internal": false, "data": [["Near_Vil_Tow_Nam_hav_Priv_Engin_Col", "CUTTACK"], "CUTTACK"], "perc": 0.86442651250552, "Vil_Nam": "Mahamadpur", "Stat_Nam": "ODISHA", "metric": 533250.2497892329, "value_global_local": {"ODISHA": {"global_perc": 0.10490518971800518, "local_perc": 1.0}}, "partition_field": "Stat_Nam"}, {"internal": false, "data": [["Near_Vil_Tow_Nam_hav_Priv_Engin_Col", "BERHAMPUR"], "BERHAMPUR"], "perc": 0.8580031313982897, "Vil_Nam": "Madhupur", "Stat_Nam": "West Bengal", "metric": 529319.1212814645, "value_global_local": {"": {"global_perc": 0.0005348636097795062, "local_perc": 0.04005240501590866}, "a": {"global_perc": 0.03908468652151751, "local_perc": 0.4018341755568033}, "b": {"global_perc": 0.020370050520316076, "local_perc": 0.3531723750701853}, "c": {"global_perc": 0.015399327773636914, "local_perc": 0.20494104435710275}}, "partition_field": "Dist_Nut_Cen_Other"}, {"internal": false, "data": [["Near_Vil_Tow_Nam_hav_Priv_Engin_Col", "LUCKNOW"], "LUCKNOW"], "perc": 0.8517403348187402, "Vil_Nam": "Singhapur Panai", "Stat_Nam": "UTTAR PRADESH", "metric": 525485.7762254607, "value_global_local": {"UTTAR PRADESH": {"global_perc": 0.04967501451664263, "local_perc": 1.0}}, "partition_field": "Stat_Nam"}, {"internal": false, "data": [["Near_Vil_Tow_Nam_hav_Priv_Engin_Col", "RAIPUR"], "RAIPUR"], "perc": 0.8223533662531615, "Vil_Nam": "Dhah Urf Ram Nagar  (203)", "Stat_Nam": "Punjab", "metric": 507492.0178248825, "value_global_local": {"CHHATTISGARH": {"global_perc": 0.2541488621683395, "local_perc": 0.9988283538371412}, "Punjab": {"global_perc": 0.00023845481281297194, "local_perc": 0.0005858230814294083}, "RAJASTHAN": {"global_perc": 4.477077363896848e-05, "local_perc": 0.0003905487209529389}, "UTTAR PRADESH": {"global_perc": 9.365575889261431e-06, "local_perc": 0.00019527436047646945}}, "partition_field": "Stat_Nam"}, {"internal": false, "data": [["Near_Vil_Tow_Nam_hav_Priv_Engin_Col", "BHAGALPUR"], "BHAGALPUR"], "perc": 0.780280220000803, "Vil_Nam": "Balia Dksin", "Stat_Nam": "UTTAR PRADESH", "metric": 481711.7395318961, "value_global_local": {"BIHAR": {"global_perc": 0.09566787003610108, "local_perc": 0.8835151265692529}, "JHARKHAND": {"global_perc": 0.017410631598444155, "local_perc": 0.11607326610413665}, "UTTAR PRADESH": {"global_perc": 1.8731151778522863e-05, "local_perc": 0.00041160732661041366}}, "partition_field": "Stat_Nam"}, {"internal": false, "data": [["Near_Vil_Tow_Nam_hav_Priv_Engin_Col", "HAMIRPUR"], "HAMIRPUR"], "perc": 0.7736962543658918, "Vil_Nam": "Luj  (7)", "Stat_Nam": "HIMACHAL PRADESH", "metric": 477675.4262314826, "value_global_local": {"HIMACHAL PRADESH": {"global_perc": 0.23272112131464476, "local_perc": 0.9993773349937733}, "UTTAR PRADESH": {"global_perc": 2.809672766778429e-05, "local_perc": 0.0006226650062266501}}, "partition_field": "Stat_Nam"}, {"internal": false, "data": [["Near_Vil_Tow_Nam_hav_Priv_Engin_Col", "BILASPUR"], "BILASPUR"], "perc": 0.7327471998072985, "Vil_Nam": "Rampur Jat (234)", "Stat_Nam": "HARYANA", "metric": 452559.4055160786, "value_global_local": {"": {"global_perc": 0.006454251847054513, "local_perc": 0.8299364453210607}, "a": {"global_perc": 0.013816280806572068, "local_perc": 0.032434801665570896}, "b": {"global_perc": 0.026888604353393086, "local_perc": 0.055226824457593686}, "c": {"global_perc": 0.031469702042182794, "local_perc": 0.0824019285557747}}, "partition_field": "Dist_Pin_Cod"}]