[{"internal": false, "data": [["Dis_Nam", "Paschim Medinipur"], "Paschim Medinipur"], "perc": 1.3962824681841906, "Vil_Nam": "Dhenkia", "Stat_Nam": "West Bengal", "metric": 711031.4071219238, "value_global_local": {"West Bengal": {"global_perc": 0.21619672783330846, "local_perc": 1.0}}, "partition_field": "Stat_Nam"}, {"internal": false, "data": [["Dis_Nam", "Azamgarh"], "Azamgarh"], "perc": 0.6585571480187884, "Vil_Nam": "Ratuwapar", "Stat_Nam": "UTTAR PRADESH", "metric": 259976.55594363483, "value_global_local": {"UTTAR PRADESH": {"global_perc": 0.03840822672186113, "local_perc": 1.0}}, "partition_field": "Stat_Nam"}, {"internal": false, "data": [["Dis_Nam", "Mayurbhanj"], "Mayurbhanj"], "perc": 0.634308884338994, "Vil_Nam": "Jadunathpur", "Stat_Nam": "ODISHA", "metric": 245035.79429122005, "value_global_local": {"ODISHA": {"global_perc": 0.0769785434490285, "local_perc": 1.0}}, "partition_field": "Stat_Nam"}, {"internal": false, "data": [["Dis_Nam", "Kangra"], "Kangra"], "perc": 0.6213015375968525, "Vil_Nam": "Manuha  (136)", "Stat_Nam": "HIMACHAL PRADESH", "metric": 237018.19583283152, "value_global_local": {"HIMACHAL PRADESH": {"global_perc": 0.18699855002416627, "local_perc": 1.0}}, "partition_field": "Stat_Nam"}, {"internal": false, "data": [["Dis_Nam", "Bankura"], "Bankura"], "perc": 0.6139146493235377, "Vil_Nam": "Shirpurnama", "Stat_Nam": "West Bengal", "metric": 232464.05363523227, "value_global_local": {"West Bengal": {"global_perc": 0.09505693967875081, "local_perc": 1.0}}, "partition_field": "Stat_Nam"}, {"internal": false, "data": [["Dis_Nam", "Garhwal"], "Garhwal"], "perc": 0.5577100646352724, "Vil_Nam": "Rauli", "Stat_Nam": "UTTARAKHAND", "metric": 197790.71468144044, "value_global_local": {"UTTARAKHAND": {"global_perc": 0.2068123622938129, "local_perc": 1.0}}, "partition_field": "Stat_Nam"}, {"internal": false, "data": [["Dis_Nam", "Jaunpur"], "Jaunpur"], "perc": 0.5429362880886426, "Vil_Nam": "Shekhpur", "Stat_Nam": "UTTAR PRADESH", "metric": 188670.04986149585, "value_global_local": {"UTTAR PRADESH": {"global_perc": 0.0316650120815929, "local_perc": 1.0}}, "partition_field": "Stat_Nam"}, {"internal": false, "data": [["Dis_Nam", "Raigarh"], "Raigarh"], "perc": 0.5419727809225581, "Vil_Nam": "Kanchira", "Stat_Nam": "CHHATTISGARH", "metric": 188075.12947127543, "value_global_local": {"CHHATTISGARH": {"global_perc": 0.0728411010633012, "local_perc": 0.43437037037037035}, "Maharashtra": {"global_perc": 0.04371922592465361, "local_perc": 0.5656296296296296}}, "partition_field": "Stat_Nam"}, {"internal": false, "data": [["Dis_Nam", "Ghazipur"], "Ghazipur"], "perc": 0.5406881047011121, "Vil_Nam": "Jagdish Gurudatta", "Stat_Nam": "UTTAR PRADESH", "metric": 187281.88429884778, "value_global_local": {"UTTAR PRADESH": {"global_perc": 0.031533894019143235, "local_perc": 1.0}}, "partition_field": "Stat_Nam"}, {"internal": false, "data": [["Dis_Nam", "Basti"], "Basti"], "perc": 0.5376369986751777, "Vil_Nam": "Piraila Narharia", "Stat_Nam": "UTTAR PRADESH", "metric": 185397.84463446945, "value_global_local": {"UTTAR PRADESH": {"global_perc": 0.03135594807724727, "local_perc": 1.0}}, "partition_field": "Stat_Nam"}, {"internal": false, "data": [["Dis_Nam", "Mandi"], "Mandi"], "perc": 0.53603115339837, "Vil_Nam": "D.P.F. Meyot (404)", "Stat_Nam": "HIMACHAL PRADESH", "metric": 184406.19824159943, "value_global_local": {"HIMACHAL PRADESH": {"global_perc": 0.16133397776703723, "local_perc": 1.0}}, "partition_field": "Stat_Nam"}, {"internal": false, "data": [["Dis_Nam", "Gorakhpur"], "Gorakhpur"], "perc": 0.5329800473724357, "Vil_Nam": "Maratha", "Stat_Nam": "UTTAR PRADESH", "metric": 182521.98161307158, "value_global_local": {"UTTAR PRADESH": {"global_perc": 0.03108434637645869, "local_perc": 1.0}}, "partition_field": "Stat_Nam"}, {"internal": false, "data": [["Dis_Nam", "Visakhapatnam"], "Visakhapatnam"], "perc": 0.5243084828776747, "Vil_Nam": "Vallayibeeru", "Stat_Nam": "ANDHRA PRADESH", "metric": 177166.20659199488, "value_global_local": {"ANDHRA PRADESH": {"global_perc": 0.11744604316546763, "local_perc": 1.0}}, "partition_field": "Stat_Nam"}, {"internal": false, "data": [["Dis_Nam", "Shimla"], "Shimla"], "perc": 0.518848608936529, "Vil_Nam": "Jangal Boans Dhar (26)", "Stat_Nam": "HIMACHAL PRADESH", "metric": 173793.5714801879, "value_global_local": {"HIMACHAL PRADESH": {"global_perc": 0.15616239729337844, "local_perc": 1.0}}, "partition_field": "Stat_Nam"}, {"internal": false, "data": [["Dis_Nam", "Pratapgarh"], "Pratapgarh"], "perc": 0.5170821791320407, "Vil_Nam": "Ambareti", "Stat_Nam": "RAJASTHAN", "metric": 172702.34533702678, "value_global_local": {"RAJASTHAN": {"global_perc": 0.022452542979942692, "local_perc": 0.31149068322981366}, "UTTAR PRADESH": {"global_perc": 0.02076348174649259, "local_perc": 0.6885093167701863}}, "partition_field": "Stat_Nam"}, {"internal": false, "data": [["Dis_Nam", "Aurangabad"], "Aurangabad"], "perc": 0.5143522421614677, "Vil_Nam": "Mohamadpur", "Stat_Nam": "BIHAR", "metric": 171015.82849572445, "value_global_local": {"BIHAR": {"global_perc": 0.041159691580870884, "local_perc": 0.5766468935373088}, "Maharashtra": {"global_perc": 0.031054620405358984, "local_perc": 0.42335310646269125}}, "partition_field": "Stat_Nam"}, {"internal": false, "data": [["Dis_Nam", "Ganjam"], "Ganjam"], "perc": 0.5130675659400217, "Vil_Nam": "Badagunduri Badi", "Stat_Nam": "ODISHA", "metric": 170222.14139467664, "value_global_local": {"ODISHA": {"global_perc": 0.062264923118897746, "local_perc": 1.0}}, "partition_field": "Stat_Nam"}, {"internal": false, "data": [["Dis_Nam", "Allahabad"], "Allahabad"], "perc": 0.49026456300935406, "Vil_Nam": "Kamalapur", "Stat_Nam": "UTTAR PRADESH", "metric": 156130.77490063832, "value_global_local": {"UTTAR PRADESH": {"global_perc": 0.028593103189915148, "local_perc": 1.0}}, "partition_field": "Stat_Nam"}, {"internal": false, "data": [["Dis_Nam", "Ganganagar"], "Ganganagar"], "perc": 0.4846441045405275, "Vil_Nam": "15 S", "Stat_Nam": "RAJASTHAN", "metric": 152656.55594363483, "value_global_local": {"RAJASTHAN": {"global_perc": 0.06755909742120343, "local_perc": 1.0}}, "partition_field": "Stat_Nam"}, {"internal": false, "data": [["Dis_Nam", "Purba Medinipur"], "Purba Medinipur"], "perc": 0.48143241398691233, "Vil_Nam": "Radhaballavpur", "Stat_Nam": "West Bengal", "metric": 150671.1113252238, "value_global_local": {"West Bengal": {"global_perc": 0.07454373663533741, "local_perc": 1.0}}, "partition_field": "Stat_Nam"}, {"internal": false, "data": [["Dis_Nam", "Bijnor"], "Bijnor"], "perc": 0.4791842305993817, "Vil_Nam": "Kotawali", "Stat_Nam": "UTTAR PRADESH", "metric": 149281.22365410093, "value_global_local": {"UTTAR PRADESH": {"global_perc": 0.02794687845355611, "local_perc": 1.0}}, "partition_field": "Stat_Nam"}, {"internal": false, "data": [["Dis_Nam", "Baleshwar"], "Baleshwar"], "perc": 0.47083383515998234, "Vil_Nam": "Gopinathpur", "Stat_Nam": "ODISHA", "metric": 144118.23260668834, "value_global_local": {"ODISHA": {"global_perc": 0.057139516301911795, "local_perc": 1.0}}, "partition_field": "Stat_Nam"}, {"internal": false, "data": [["Dis_Nam", "Dumka"], "Dumka"], "perc": 0.46970974346621697, "Vil_Nam": "Babhani", "Stat_Nam": "JHARKHAND", "metric": 143423.14825966518, "value_global_local": {"JHARKHAND": {"global_perc": 0.09029449898129283, "local_perc": 1.0}}, "partition_field": "Stat_Nam"}, {"internal": false, "data": [["Dis_Nam", "Karbi Anglong"], "Karbi Anglong"], "perc": 0.46906740535549396, "Vil_Nam": "Baulagog", "Stat_Nam": "ASSAM", "metric": 143025.95013850415, "value_global_local": {"ASSAM": {"global_perc": 0.1106648986550483, "local_perc": 1.0}}, "partition_field": "Stat_Nam"}, {"internal": false, "data": [["Dis_Nam", "Gaya"], "Gaya"], "perc": 0.4634469468866675, "Vil_Nam": "Usas", "Stat_Nam": "BIHAR", "metric": 139550.2473804649, "value_global_local": {"BIHAR": {"global_perc": 0.064313410883808, "local_perc": 1.0}}, "partition_field": "Stat_Nam"}, {"internal": false, "data": [["Dis_Nam", "Giridih"], "Giridih"], "perc": 0.44144686659440363, "Vil_Nam": "Cherwa", "Stat_Nam": "JHARKHAND", "metric": 125941.56971375807, "value_global_local": {"JHARKHAND": {"global_perc": 0.08486139408532445, "local_perc": 1.0}}, "partition_field": "Stat_Nam"}, {"internal": false, "data": [["Dis_Nam", "Rewa"], "Rewa"], "perc": 0.43662933076398086, "Vil_Nam": "Dodak", "Stat_Nam": "MADHYA PRADESH", "metric": 122960.76277650648, "value_global_local": {"MADHYA PRADESH": {"global_perc": 0.04952370544414695, "local_perc": 1.0}}, "partition_field": "Stat_Nam"}]