[{"internal": false, "data": [["Near_Tow_Nam", "0"], "0"], "perc": 0.38283351399092697, "Vil_Nam": "Bajpur", "Stat_Nam": "JAMMU & KASHMIR", "metric": 232705.7009113172, "value_global_local": {"": {"global_perc": 0.0026774834042045522, "local_perc": 0.6589765100671141}, "a": {"global_perc": 0.014749813293502613, "local_perc": 0.0662751677852349}, "b": {"global_perc": 0.02528809218950064, "local_perc": 0.09941275167785235}, "c": {"global_perc": 0.034984934717107466, "local_perc": 0.17533557046979867}}, "partition_field": "Dist_Pin_Cod"}, {"internal": false, "data": [["Near_Tow_Nam", "RAYAGADA"], "RAYAGADA"], "perc": 0.37753422457746194, "Vil_Nam": "Paraji", "Stat_Nam": "ODISHA", "metric": 229430.5386807981, "value_global_local": {"ODISHA": {"global_perc": 0.04581684953130786, "local_perc": 1.0}}, "partition_field": "Stat_Nam"}, {"internal": false, "data": [["Near_Tow_Nam", "JHARGRAM"], "JHARGRAM"], "perc": 0.3661327231121282, "Vil_Nam": "Patmauli", "Stat_Nam": "West Bengal", "metric": 222382.79176201372, "value_global_local": {"": {"global_perc": 0.0031478029822335023, "local_perc": 0.8355263157894737}, "a": {"global_perc": 0.009301089556205155, "local_perc": 0.03070175438596491}, "b": {"global_perc": 0.025133910177173466, "local_perc": 0.02675438596491228}, "c": {"global_perc": 0.06703296703296703, "local_perc": 0.10701754385964912}}, "partition_field": "Dist_Foot"}, {"internal": false, "data": [["Near_Tow_Nam", "KHARAGPUR"], "KHARAGPUR"], "perc": 0.3632422016138745, "Vil_Nam": "Sagrampur", "Stat_Nam": "BIHAR", "metric": 220595.7817656269, "value_global_local": {"": {"global_perc": 0.003170936442470389, "local_perc": 0.8483642793987621}, "a": {"global_perc": 0.0046505447781025775, "local_perc": 0.015473032714412025}, "b": {"global_perc": 0.0407911001236094, "local_perc": 0.04376657824933687}, "c": {"global_perc": 0.057417582417582415, "local_perc": 0.09239610963748895}}, "partition_field": "Dist_Foot"}, {"internal": false, "data": [["Near_Tow_Nam", "BASTI"], "BASTI"], "perc": 0.34943193223332936, "Vil_Nam": "Rajwapur", "Stat_Nam": "UTTAR PRADESH", "metric": 212056.40884820747, "value_global_local": {"UTTAR PRADESH": {"global_perc": 0.020379493135032872, "local_perc": 1.0}}, "partition_field": "Stat_Nam"}, {"internal": false, "data": [["Near_Tow_Nam", "ANAKAPALLE"], "ANAKAPALLE"], "perc": 0.34927134770564855, "Vil_Nam": "Doraguda", "Stat_Nam": "ANDHRA PRADESH", "metric": 211957.09984343007, "value_global_local": {"ANDHRA PRADESH": {"global_perc": 0.07823741007194245, "local_perc": 1.0}}, "partition_field": "Stat_Nam"}, {"internal": false, "data": [["Near_Tow_Nam", "ALLAHABAD"], "ALLAHABAD"], "perc": 0.3144245051989241, "Vil_Nam": "Pataunda", "Stat_Nam": "UTTAR PRADESH", "metric": 190399.44919507005, "value_global_local": {"UTTAR PRADESH": {"global_perc": 0.01833779759117388, "local_perc": 1.0}}, "partition_field": "Stat_Nam"}, {"internal": false, "data": [["Near_Tow_Nam", "AZAMGARH"], "AZAMGARH"], "perc": 0.30591352523184395, "Vil_Nam": "Kanaila", "Stat_Nam": "UTTAR PRADESH", "metric": 185131.91858364447, "value_global_local": {"UTTAR PRADESH": {"global_perc": 0.017841422069043024, "local_perc": 1.0}}, "partition_field": "Stat_Nam"}, {"internal": false, "data": [["Near_Tow_Nam", "SITAPUR"], "SITAPUR"], "perc": 0.2921032558512987, "Vil_Nam": "Pirsarai", "Stat_Nam": "UTTAR PRADESH", "metric": 176582.68513388734, "value_global_local": {"CHHATTISGARH": {"global_perc": 0.005415879956275464, "local_perc": 0.059923034634414514}, "UTTAR PRADESH": {"global_perc": 0.016015134770637048, "local_perc": 0.9400769653655855}}, "partition_field": "Stat_Nam"}, {"internal": false, "data": [["Near_Tow_Nam", "BARMER"], "BARMER"], "perc": 0.28439519852262235, "Vil_Nam": "Sundra", "Stat_Nam": "RAJASTHAN", "metric": 171809.98707294554, "value_global_local": {"RAJASTHAN": {"global_perc": 0.03964452005730659, "local_perc": 1.0}}, "partition_field": "Stat_Nam"}, {"internal": false, "data": [["Near_Tow_Nam", "BARIPADA"], "BARIPADA"], "perc": 0.28391344493958004, "Vil_Nam": "Sasara", "Stat_Nam": "West Bengal", "metric": 171511.6688747039, "value_global_local": {"ODISHA": {"global_perc": 0.033987488550659674, "local_perc": 0.9864253393665159}, "West Bengal": {"global_perc": 0.0005967477248992988, "local_perc": 0.013574660633484163}}, "partition_field": "Stat_Nam"}, {"internal": false, "data": [["Near_Tow_Nam", "JAUNPUR"], "JAUNPUR"], "perc": 0.26367979445180456, "Vil_Nam": "Bazati", "Stat_Nam": "UTTAR PRADESH", "metric": 158979.69440764384, "value_global_local": {"UTTAR PRADESH": {"global_perc": 0.01537827561016727, "local_perc": 1.0}}, "partition_field": "Stat_Nam"}, {"internal": false, "data": [["Near_Tow_Nam", "GHAZIPUR"], "GHAZIPUR"], "perc": 0.2611104420089124, "Vil_Nam": "Sakha", "Stat_Nam": "UTTAR PRADESH", "metric": 157387.96772250993, "value_global_local": {"UTTAR PRADESH": {"global_perc": 0.015228426395939087, "local_perc": 1.0}}, "partition_field": "Stat_Nam"}, {"internal": false, "data": [["Near_Tow_Nam", "SHAHJAHANPUR"], "SHAHJAHANPUR"], "perc": 0.26062868842587017, "Vil_Nam": "Baribara", "Stat_Nam": "UTTAR PRADESH", "metric": 157089.50981572925, "value_global_local": {"UTTAR PRADESH": {"global_perc": 0.015200329668271301, "local_perc": 1.0}}, "partition_field": "Stat_Nam"}, {"internal": false, "data": [["Near_Tow_Nam", "PAURI"], "PAURI"], "perc": 0.2509936167650247, "Vil_Nam": "Bagoli", "Stat_Nam": "UTTARAKHAND", "metric": 151119.74467060098, "value_global_local": {"UTTARAKHAND": {"global_perc": 0.09307449532543322, "local_perc": 1.0}}, "partition_field": "Stat_Nam"}, {"internal": false, "data": [["Near_Tow_Nam", "JAJAPUR"], "JAJAPUR"], "perc": 0.2455337428238789, "Vil_Nam": "Dargudisila", "Stat_Nam": "ODISHA", "metric": 147736.36452687782, "value_global_local": {"ODISHA": {"global_perc": 0.029797517198370784, "local_perc": 1.0}}, "partition_field": "Stat_Nam"}, {"internal": false, "data": [["Near_Tow_Nam", "CHAMBA"], "CHAMBA"], "perc": 0.23991328435505238, "Vil_Nam": "Dhar Shinkal  (17)", "Stat_Nam": "HIMACHAL PRADESH", "metric": 144253.08539082258, "value_global_local": {"HIMACHAL PRADESH": {"global_perc": 0.05877235379410343, "local_perc": 0.8139223560910308}, "UTTARAKHAND": {"global_perc": 0.016554516762936938, "local_perc": 0.18607764390896922}}, "partition_field": "Stat_Nam"}]