[{"internal": false, "data": [["Near_Vil_Tow_Nam_hav_Prim_School", "BABHANI"], "BABHANI"], "perc": 0.030832229314705528, "Vil_Nam": "Karaunda", "Stat_Nam": "UTTAR PRADESH", "metric": 19094.11104420089, "value_global_local": {"BIHAR": {"global_perc": 0.004234077639613139, "local_perc": 0.9895833333333334}, "UTTAR PRADESH": {"global_perc": 1.8731151778522863e-05, "local_perc": 0.010416666666666666}}, "partition_field": "Stat_Nam"}, {"internal": false, "data": [["Near_Vil_Tow_Nam_hav_Prim_School", "RAMPUR"], "RAMPUR"], "perc": 0.022321249347625357, "Vil_Nam": "Rampur Bela (209)", "Stat_Nam": "HIMACHAL PRADESH", "metric": 13796.919667590028, "value_global_local": {"ANDHRA PRADESH": {"global_perc": 3.597122302158273e-05, "local_perc": 0.007194244604316547}, "ASSAM": {"global_perc": 3.7885963250615644e-05, "local_perc": 0.007194244604316547}, "BIHAR": {"global_perc": 0.00037883852564959665, "local_perc": 0.1223021582733813}, "CHHATTISGARH": {"global_perc": 4.9686972075921695e-05, "local_perc": 0.007194244604316547}, "HIMACHAL PRADESH": {"global_perc": 0.0005799903334944418, "local_perc": 0.08633093525179857}, "JHARKHAND": {"global_perc": 0.0004321787985429401, "local_perc": 0.10071942446043165}, "MADHYA PRADESH": {"global_perc": 0.00010928364570242063, "local_perc": 0.04316546762589928}, "Maharashtra": {"global_perc": 2.2901637467078896e-05, "local_perc": 0.007194244604316547}, "RAJASTHAN": {"global_perc": 8.954154727793696e-05, "local_perc": 0.02877697841726619}, "UTTAR PRADESH": {"global_perc": 0.0006555903122483002, "local_perc": 0.5035971223021583}, "UTTARAKHAND": {"global_perc": 0.0004763889715953076, "local_perc": 0.05755395683453238}, "West Bengal": {"global_perc": 9.945795414988313e-05, "local_perc": 0.02877697841726619}}, "partition_field": "Stat_Nam"}, {"internal": false, "data": [["Near_Vil_Tow_Nam_hav_Prim_School", "DIPHU"], "DIPHU"], "perc": 0.022321249347625357, "Vil_Nam": "Het Tisso", "Stat_Nam": "ASSAM", "metric": 13796.919667590028, "value_global_local": {"": {"global_perc": 1.576725016003759e-05, "local_perc": 0.03597122302158273}, "a": {"global_perc": 0.0007172572084349448, "local_perc": 0.2158273381294964}, "b": {"global_perc": 0.0006536374926465783, "local_perc": 0.3597122302158273}, "c": {"global_perc": 0.00028832292167227293, "local_perc": 0.38848920863309355}}, "partition_field": "Dist_Cy_pul_Ric_man_driv"}, {"internal": false, "data": [["Near_Vil_Tow_Nam_hav_Prim_School", "GOPALPUR"], "GOPALPUR"], "perc": 0.019270143321690955, "Vil_Nam": "Basant Patti", "Stat_Nam": "UTTAR PRADESH", "metric": 11897.706852944719, "value_global_local": {"ASSAM": {"global_perc": 3.7885963250615644e-05, "local_perc": 0.008333333333333333}, "BIHAR": {"global_perc": 0.00040112314480545525, "local_perc": 0.15}, "HIMACHAL PRADESH": {"global_perc": 0.00014499758337361044, "local_perc": 0.025}, "JHARKHAND": {"global_perc": 0.0001234796567265543, "local_perc": 0.03333333333333333}, "MADHYA PRADESH": {"global_perc": 9.106970475201719e-05, "local_perc": 0.041666666666666664}, "ODISHA": {"global_perc": 0.00048720597119638297, "local_perc": 0.20833333333333334}, "RAJASTHAN": {"global_perc": 6.715616045845272e-05, "local_perc": 0.025}, "UTTAR PRADESH": {"global_perc": 0.0003933541873489801, "local_perc": 0.35}, "West Bengal": {"global_perc": 0.0004724252822119449, "local_perc": 0.15833333333333333}}, "partition_field": "Stat_Nam"}, {"internal": false, "data": [["Near_Vil_Tow_Nam_hav_Prim_School", "KOLORIANG"], "KOLORIANG"], "perc": 0.014452607491268216, "Vil_Nam": "Tarang Biang", "Stat_Nam": "Arunachal Pradesh", "metric": 8898.713717933277, "value_global_local": {"Arunachal Pradesh": {"global_perc": 0.01610305958132045, "local_perc": 1.0}}, "partition_field": "Stat_Nam"}, {"internal": false, "data": [["Near_Vil_Tow_Nam_hav_Prim_School", "NARAYANPUR"], "NARAYANPUR"], "perc": 0.014292022963587458, "Vil_Nam": "Rah Ka Mala", "Stat_Nam": "RAJASTHAN", "metric": 8798.742301979204, "value_global_local": {"ASSAM": {"global_perc": 7.577192650123129e-05, "local_perc": 0.02247191011235955}, "BIHAR": {"global_perc": 0.0003119846681820208, "local_perc": 0.15730337078651685}, "CHHATTISGARH": {"global_perc": 9.937394415184339e-05, "local_perc": 0.02247191011235955}, "JHARKHAND": {"global_perc": 0.0002469593134531086, "local_perc": 0.0898876404494382}, "MADHYA PRADESH": {"global_perc": 3.642788190080688e-05, "local_perc": 0.02247191011235955}, "Maharashtra": {"global_perc": 9.160654986831558e-05, "local_perc": 0.0449438202247191}, "ODISHA": {"global_perc": 0.00015590591078284256, "local_perc": 0.0898876404494382}, "RAJASTHAN": {"global_perc": 2.238538681948424e-05, "local_perc": 0.011235955056179775}, "UTTAR PRADESH": {"global_perc": 0.0003090640043456272, "local_perc": 0.3707865168539326}, "West Bengal": {"global_perc": 0.00037296732806206176, "local_perc": 0.16853932584269662}}, "partition_field": "Stat_Nam"}]