[{"internal": false, "data": [["Gov_Prim_School_Stat", "1"], "1"], "perc": 75.36264000963507, "Vil_Nam": "Keran", "Stat_Nam": "JAMMU & KASHMIR", "metric": 75.36264000963507, "value_global_local": {"": {"global_perc": 0.9009710527225185, "local_perc": 0.9999872150555505}, "BHARKORI": {"global_perc": 1.0, "local_perc": 2.1308240749027278e-06}, "CURCHOREM-CACORA": {"global_perc": 0.4, "local_perc": 4.2616481498054555e-06}, "DMC (U)": {"global_perc": 1.0, "local_perc": 2.1308240749027278e-06}, "GOAR KALA": {"global_perc": 1.0, "local_perc": 2.1308240749027278e-06}, "KOLORIANG": {"global_perc": 0.011111111111111112, "local_perc": 2.1308240749027278e-06}}, "partition_field": "Near_Vil_Tow_Nam_hav_Prim_School"}]