[{"internal": false, "data": [["Man_Com_Fir", "0"], "0"], "perc": 5.944357461158618, "Vil_Nam": "Bore", "Stat_Nam": "JAMMU & KASHMIR", "metric": 3481469.6085752137, "value_global_local": {"HIMACHAL PRADESH": {"global_perc": 0.1512808119864669, "local_perc": 0.08455574465785991}, "JAMMU & KASHMIR": {"global_perc": 0.07904776438272547, "local_perc": 0.013993570521652213}, "MANIPUR": {"global_perc": 0.0019372336303758234, "local_perc": 0.00013507307453332253}, "NAGALAND": {"global_perc": 0.04131652661064426, "local_perc": 0.0015938622794932058}, "RAJASTHAN": {"global_perc": 0.7453662249283668, "local_perc": 0.8995056325472081}, "UTTAR PRADESH": {"global_perc": 7.492460711409145e-05, "local_perc": 0.00021611691925331605}}, "partition_field": "Stat_Nam"}, {"internal": false, "data": [["Man_Com_Fir", "RICE"], "RICE"], "perc": 1.0042956361154602, "Vil_Nam": "Tureti (397)", "Stat_Nam": "Punjab", "metric": 618921.1436830062, "value_global_local": {"RICE": {"global_perc": 1.0, "local_perc": 1.0}}, "partition_field": "Man_Com_Fir"}, {"internal": false, "data": [["Man_Com_Fir", "GHEE"], "GHEE"], "perc": 0.6752579388975872, "Vil_Nam": "Gobindgarh (119)", "Stat_Nam": "Punjab", "metric": 417461.89088281343, "value_global_local": {"JHARKHAND": {"global_perc": 0.0006173982836327715, "local_perc": 0.0047562425683709865}, "Maharashtra": {"global_perc": 2.2901637467078896e-05, "local_perc": 0.00023781212841854935}, "ODISHA": {"global_perc": 1.948823884785532e-05, "local_perc": 0.00023781212841854935}, "Punjab": {"global_perc": 0.012797074954296161, "local_perc": 0.03828775267538644}, "RAJASTHAN": {"global_perc": 0.08972063037249284, "local_perc": 0.9531510107015457}, "UTTARAKHAND": {"global_perc": 0.0007741320788423748, "local_perc": 0.0030915576694411414}, "West Bengal": {"global_perc": 2.4864488537470783e-05, "local_perc": 0.00023781212841854935}}, "partition_field": "Stat_Nam"}, {"internal": false, "data": [["Man_Com_Fir", "ATTA CHAKKI"], "ATTA CHAKKI"], "perc": 0.4237825685495203, "Vil_Nam": "Nawannagar (98)", "Stat_Nam": "HARYANA", "metric": 262582.4853667349, "value_global_local": {"": {"global_perc": 0.0007289450128905349, "local_perc": 0.10306934444865479}, "a": {"global_perc": 0.012259959699934452, "local_perc": 0.19136036377415688}, "b": {"global_perc": 0.015220747144180303, "local_perc": 0.37362637362637363}, "c": {"global_perc": 0.006099811295792105, "local_perc": 0.3319439181508147}}, "partition_field": "Dist_Cy_pul_Ric_mac_driv"}, {"internal": false, "data": [["Man_Com_Fir", "EARTHEN POTS"], "EARTHEN POTS"], "perc": 0.41189931350114417, "Vil_Nam": "1 F", "Stat_Nam": "RAJASTHAN", "metric": 255244.30205949658, "value_global_local": {"CHHATTISGARH": {"global_perc": 0.0009937394415184338, "local_perc": 0.007797270955165692}, "MADHYA PRADESH": {"global_perc": 0.00014571152760322752, "local_perc": 0.0031189083820662767}, "RAJASTHAN": {"global_perc": 0.05674695558739255, "local_perc": 0.9883040935672515}, "West Bengal": {"global_perc": 4.972897707494157e-05, "local_perc": 0.0007797270955165692}}, "partition_field": "Stat_Nam"}, {"internal": false, "data": [["Man_Com_Fir", "GUR"], "GUR"], "perc": 0.272030189891204, "Vil_Nam": "Bharapur (157)", "Stat_Nam": "HIMACHAL PRADESH", "metric": 168739.7249187041, "value_global_local": {"BIHAR": {"global_perc": 0.0013593617685073761, "local_perc": 0.03600944510035419}, "HARYANA": {"global_perc": 0.000438532378307265, "local_perc": 0.0017709563164108619}, "HIMACHAL PRADESH": {"global_perc": 4.833252779120348e-05, "local_perc": 0.0005903187721369539}, "JHARKHAND": {"global_perc": 0.004692226955609063, "local_perc": 0.089728453364817}, "MIZORAM": {"global_perc": 0.0012048192771084338, "local_perc": 0.0005903187721369539}, "Punjab": {"global_perc": 0.012161195453461568, "local_perc": 0.09031877213695395}, "TRIPURA": {"global_perc": 0.10742857142857143, "local_perc": 0.05548996458087367}, "UTTAR PRADESH": {"global_perc": 0.01001180062562047, "local_perc": 0.6310507674144038}, "UTTARAKHAND": {"global_perc": 0.009289584946108497, "local_perc": 0.09208972845336481}, "West Bengal": {"global_perc": 9.945795414988313e-05, "local_perc": 0.0023612750885478157}}, "partition_field": "Stat_Nam"}, {"internal": false, "data": [["Man_Com_Fir", "-"], "-"], "perc": 0.26030751937050867, "Vil_Nam": "Chausana Jaddid", "Stat_Nam": "UTTAR PRADESH", "metric": 161478.56212613915, "value_global_local": {"": {"global_perc": 0.0032957218511390366, "local_perc": 0.3232572486119679}, "-": {"global_perc": 0.934640522875817, "local_perc": 0.17643429981492906}, "0": {"global_perc": 0.03838517538054269, "local_perc": 0.0715607649599013}, "1": {"global_perc": 0.0016061286351268867, "local_perc": 0.38309685379395436}, "2": {"global_perc": 0.0010032810000271156, "local_perc": 0.04565083281924738}}, "partition_field": "Near_Non_For_Train_Cen_Gov_1_Priv_2"}, {"internal": false, "data": [["Man_Com_Fir", "JAGGERY"], "JAGGERY"], "perc": 0.21502268256453494, "Vil_Nam": "Basa Jhikla  (439)", "Stat_Nam": "HIMACHAL PRADESH", "metric": 133412.5146734112, "value_global_local": {"JAGGERY": {"global_perc": 1.0, "local_perc": 1.0}}, "partition_field": "Man_Com_Fir"}, {"internal": false, "data": [["Man_Com_Fir", "BRICKS"], "BRICKS"], "perc": 0.2050664418483279, "Vil_Nam": "Nihalewala (60)", "Stat_Nam": "Punjab", "metric": 127238.54028664337, "value_global_local": {"BRICKS": {"global_perc": 1.0, "local_perc": 1.0}}, "partition_field": "Man_Com_Fir"}, {"internal": false, "data": [["Man_Com_Fir", "PADDY"], "PADDY"], "perc": 0.15191296318599704, "Vil_Nam": "Up Muhal Shanshr", "Stat_Nam": "HIMACHAL PRADESH", "metric": 94256.59416275243, "value_global_local": {"HARYANA": {"global_perc": 0.029381669346586755, "local_perc": 0.2124735729386892}, "HIMACHAL PRADESH": {"global_perc": 4.833252779120348e-05, "local_perc": 0.0010570824524312897}, "JHARKHAND": {"global_perc": 0.0003704389701796629, "local_perc": 0.012684989429175475}, "Meghalaya": {"global_perc": 0.00029244041526538966, "local_perc": 0.0021141649048625794}, "Tamil Nadu": {"global_perc": 6.258213905751299e-05, "local_perc": 0.0010570824524312897}, "UTTAR PRADESH": {"global_perc": 0.005591248805889074, "local_perc": 0.63107822410148}, "UTTARAKHAND": {"global_perc": 5.954862144941345e-05, "local_perc": 0.0010570824524312897}, "West Bengal": {"global_perc": 0.0032572479984086726, "local_perc": 0.13847780126849896}}, "partition_field": "Stat_Nam"}, {"internal": false, "data": [["Man_Com_Fir", "BEEDIES"], "BEEDIES"], "perc": 0.13617567947328274, "Vil_Nam": "Girjam", "Stat_Nam": "ANDHRA PRADESH", "metric": 84484.7953751656, "value_global_local": {"ANDHRA PRADESH": {"global_perc": 0.03050359712230216, "local_perc": 1.0}}, "partition_field": "Stat_Nam"}, {"internal": false, "data": [["Man_Com_Fir", "Bamboo cane products"], "Bamboo cane products"], "perc": 0.12846762214460639, "Vil_Nam": "Lohatar", "Stat_Nam": "Maharashtra", "metric": 79697.4828375286, "value_global_local": {"Maharashtra": {"global_perc": 0.018321309973663116, "local_perc": 1.0}}, "partition_field": "Stat_Nam"}, {"internal": false, "data": [["Man_Com_Fir", "ATTA"], "ATTA"], "perc": 0.12140190292665301, "Vil_Nam": "Dauwal (624)", "Stat_Nam": "Punjab", "metric": 75308.4629651933, "value_global_local": {"KERALA": {"global_perc": 0.0009823182711198428, "local_perc": 0.0013227513227513227}, "Punjab": {"global_perc": 0.05945473332803434, "local_perc": 0.9894179894179894}, "UTTAR PRADESH": {"global_perc": 2.809672766778429e-05, "local_perc": 0.003968253968253968}, "West Bengal": {"global_perc": 9.945795414988313e-05, "local_perc": 0.005291005291005291}}, "partition_field": "Stat_Nam"}, {"internal": false, "data": [["Man_Com_Fir", "JAGGERY (GUD)"], "JAGGERY (GUD)"], "perc": 0.11353326107029589, "Vil_Nam": "58 F-A", "Stat_Nam": "RAJASTHAN", "metric": 70419.95905094544, "value_global_local": {"RAJASTHAN": {"global_perc": 0.01582646848137536, "local_perc": 1.0}}, "partition_field": "Stat_Nam"}]