[{"internal": false, "data": [["Near_Vil_Tow_Nam_hav_School_For_Dis", "PATNA"], "PATNA"], "perc": 2.029306676301738, "Vil_Nam": "Aura", "Stat_Nam": "BIHAR", "metric": 1237565.7980649564, "value_global_local": {"BIHAR": {"global_perc": 0.28000623969336363, "local_perc": 0.9943024452006014}, "JHARKHAND": {"global_perc": 0.002222633821077977, "local_perc": 0.005697554799398591}}, "partition_field": "Stat_Nam"}, {"internal": false, "data": [["Near_Vil_Tow_Nam_hav_School_For_Dis", "GUWAHATI"], "GUWAHATI"], "perc": 1.7702838331526756, "Vil_Nam": "Dirang Village", "Stat_Nam": "Arunachal Pradesh", "metric": 1082393.2424424908, "value_global_local": {"ASSAM": {"global_perc": 0.39492328092441753, "local_perc": 0.9455732946298984}, "Arunachal Pradesh": {"global_perc": 0.06906423331544105, "local_perc": 0.035014513788098695}, "MIZORAM": {"global_perc": 0.0012048192771084338, "local_perc": 9.0711175616836e-05}, "Meghalaya": {"global_perc": 0.025734756543354293, "local_perc": 0.015965166908563134}, "NAGALAND": {"global_perc": 0.025910364145658265, "local_perc": 0.003356313497822932}}, "partition_field": "Stat_Nam"}, {"internal": false, "data": [["Near_Vil_Tow_Nam_hav_School_For_Dis", "DEHRADUN"], "DEHRADUN"], "perc": 1.5628086233891363, "Vil_Nam": "Bestiwalli", "Stat_Nam": "UTTARAKHAND", "metric": 957498.5605202939, "value_global_local": {"UTTAR PRADESH": {"global_perc": 2.809672766778429e-05, "local_perc": 0.00030826140567200987}, "UTTARAKHAND": {"global_perc": 0.5793485380813435, "local_perc": 0.999691738594328}}, "partition_field": "Stat_Nam"}, {"internal": false, "data": [["Near_Vil_Tow_Nam_hav_School_For_Dis", "RANCHI"], "RANCHI"], "perc": 1.3718736199767152, "Vil_Nam": "Dhabani", "Stat_Nam": "West Bengal", "metric": 842086.9430326389, "value_global_local": {"JHARKHAND": {"global_perc": 0.26356732728283017, "local_perc": 0.9994147255062624}, "West Bengal": {"global_perc": 0.00012432244268735393, "local_perc": 0.0005852744937375629}}, "partition_field": "Stat_Nam"}, {"internal": false, "data": [["Near_Vil_Tow_Nam_hav_School_For_Dis", "GAYA"], "GAYA"], "perc": 1.0047773896985026, "Vil_Nam": "Babuka Bahuara", "Stat_Nam": "BIHAR", "metric": 618918.1317596049, "value_global_local": {"BIHAR": {"global_perc": 0.13805321567054418, "local_perc": 0.9900910979702733}, "JHARKHAND": {"global_perc": 0.0019139346792615916, "local_perc": 0.009908902029726706}}, "partition_field": "Stat_Nam"}, {"internal": false, "data": [["Near_Vil_Tow_Nam_hav_School_For_Dis", "JAIPUR"], "JAIPUR"], "perc": 0.7921634750491791, "Vil_Nam": "9 JSL", "Stat_Nam": "RAJASTHAN", "metric": 488896.21839495766, "value_global_local": {"ODISHA": {"global_perc": 3.897647769571064e-05, "local_perc": 0.00040543279951348065}, "RAJASTHAN": {"global_perc": 0.11038234240687679, "local_perc": 0.9995945672004866}}, "partition_field": "Stat_Nam"}, {"internal": false, "data": [["Near_Vil_Tow_Nam_hav_School_For_Dis", "JABALPUR"], "JABALPUR"], "perc": 0.7736962543658918, "Vil_Nam": "Karhari", "Stat_Nam": "MADHYA PRADESH", "metric": 477576.199927737, "value_global_local": {"MADHYA PRADESH": {"global_perc": 0.08775476749904376, "local_perc": 1.0}}, "partition_field": "Stat_Nam"}, {"internal": false, "data": [["Near_Vil_Tow_Nam_hav_School_For_Dis", "SHIMLA"], "SHIMLA"], "perc": 0.7435063631619093, "Vil_Nam": "Karad (23/74)", "Stat_Nam": "HIMACHAL PRADESH", "metric": 459061.28307037614, "value_global_local": {"HIMACHAL PRADESH": {"global_perc": 0.2237796036732721, "local_perc": 1.0}}, "partition_field": "Stat_Nam"}, {"internal": false, "data": [["Near_Vil_Tow_Nam_hav_School_For_Dis", "HALDWANI"], "HALDWANI"], "perc": 0.7104259504596733, "Vil_Nam": "Milam", "Stat_Nam": "UTTARAKHAND", "metric": 438760.62772491865, "value_global_local": {"UTTARAKHAND": {"global_perc": 0.2634431012922051, "local_perc": 1.0}}, "partition_field": "Stat_Nam"}, {"internal": false, "data": [["Near_Vil_Tow_Nam_hav_School_For_Dis", "LUCKNOW"], "LUCKNOW"], "perc": 0.7041631538801236, "Vil_Nam": "Bitroi", "Stat_Nam": "UTTAR PRADESH", "metric": 434915.7653860051, "value_global_local": {"UTTAR PRADESH": {"global_perc": 0.04106805027441137, "local_perc": 1.0}}, "partition_field": "Stat_Nam"}, {"internal": false, "data": [["Near_Vil_Tow_Nam_hav_School_For_Dis", "GWALIOR"], "GWALIOR"], "perc": 0.7020755550202737, "Vil_Nam": "Arrod", "Stat_Nam": "MADHYA PRADESH", "metric": 433634.0360512265, "value_global_local": {"MADHYA PRADESH": {"global_perc": 0.07963134983516383, "local_perc": 1.0}}, "partition_field": "Stat_Nam"}, {"internal": false, "data": [["Near_Vil_Tow_Nam_hav_School_For_Dis", "DHARMSHALA"], "DHARMSHALA"], "perc": 0.6150387410173029, "Vil_Nam": "Kumar  (44)", "Stat_Nam": "HIMACHAL PRADESH", "metric": 380147.4768156088, "value_global_local": {"HIMACHAL PRADESH": {"global_perc": 0.18511358144030932, "local_perc": 1.0}}, "partition_field": "Stat_Nam"}, {"internal": false, "data": [["Near_Vil_Tow_Nam_hav_School_For_Dis", "DUMKA"], "DUMKA"], "perc": 0.6142358183788992, "Vil_Nam": "Salaiya", "Stat_Nam": "JHARKHAND", "metric": 379653.6191737926, "value_global_local": {"": {"global_perc": 0.0029194965444954792, "local_perc": 0.44784313725490194}, "a": {"global_perc": 0.011295743091859597, "local_perc": 0.031633986928104575}, "b": {"global_perc": 0.07885189927443449, "local_perc": 0.19320261437908498}, "c": {"global_perc": 0.10478741211918313, "local_perc": 0.3273202614379085}}, "partition_field": "Dist_Pin_Cod"}, {"internal": false, "data": [["Near_Vil_Tow_Nam_hav_School_For_Dis", "SAGAR"], "SAGAR"], "perc": 0.6137540647958569, "Vil_Nam": "Taraoli", "Stat_Nam": "UTTAR PRADESH", "metric": 379357.3007346742, "value_global_local": {"": {"global_perc": 0.0075651266267860355, "local_perc": 0.6276818419675563}, "a": {"global_perc": 0.002582125950365801, "local_perc": 0.0282574568288854}, "b": {"global_perc": 0.013661023596313484, "local_perc": 0.27341705913134484}, "c": {"global_perc": 0.0014416146083613647, "local_perc": 0.0706436420722135}}, "partition_field": "Dist_Cy_pul_Ric_man_driv"}, {"internal": false, "data": [["Near_Vil_Tow_Nam_hav_School_For_Dis", "REWA"], "REWA"], "perc": 0.5933598297804006, "Vil_Nam": "Rasulpur Badlai", "Stat_Nam": "UTTAR PRADESH", "metric": 366810.50222811033, "value_global_local": {"": {"global_perc": 0.0009772508010457333, "local_perc": 0.10581867388362652}, "a": {"global_perc": 0.013398383455909125, "local_perc": 0.19918809201623816}, "b": {"global_perc": 0.027505505419059544, "local_perc": 0.6895805142083897}, "c": {"global_perc": 0.00028126626070569706, "local_perc": 0.005412719891745603}}, "partition_field": "Dist_Nut_Cen_Other"}, {"internal": false, "data": [["Near_Vil_Tow_Nam_hav_School_For_Dis", "KOTA"], "KOTA"], "perc": 0.5578706491629531, "Vil_Nam": "Kachhola", "Stat_Nam": "RAJASTHAN", "metric": 344964.7467180537, "value_global_local": {"CHHATTISGARH": {"global_perc": 0.00024843486037960845, "local_perc": 0.0014392630972941854}, "MADHYA PRADESH": {"global_perc": 1.821394095040344e-05, "local_perc": 0.0002878526194588371}, "RAJASTHAN": {"global_perc": 0.07763252148997135, "local_perc": 0.998272884283247}}, "partition_field": "Stat_Nam"}, {"internal": false, "data": [["Near_Vil_Tow_Nam_hav_School_For_Dis", "BHAGALPUR"], "BHAGALPUR"], "perc": 0.555301296720061, "Vil_Nam": "Akbarpur", "Stat_Nam": "BIHAR", "metric": 343382.54462242563, "value_global_local": {"": {"global_perc": 0.005957065005552573, "local_perc": 0.7027183342972817}, "9": {"global_perc": 1.0, "local_perc": 0.0002891844997108155}, "a": {"global_perc": 0.004244482173174873, "local_perc": 0.04337767495662233}, "b": {"global_perc": 0.01282305834077898, "local_perc": 0.224117987275882}, "c": {"global_perc": 0.0008569484234669445, "local_perc": 0.029496818970503182}}, "partition_field": "Dist_Car_Driv_by_Anim"}, {"internal": false, "data": [["Near_Vil_Tow_Nam_hav_School_For_Dis", "JAMMU"], "JAMMU"], "perc": 0.5377975832028584, "Vil_Nam": "Taksi", "Stat_Nam": "JAMMU & KASHMIR", "metric": 332601.6048817696, "value_global_local": {"": {"global_perc": 0.0001588567204030073, "local_perc": 0.015527022991937893}, "0": {"global_perc": 0.03618057092277052, "local_perc": 0.4882054344580472}, "1": {"global_perc": 0.047479466275838905, "local_perc": 0.4643177067781427}, "2": {"global_perc": 0.0004920807196335608, "local_perc": 0.0319498357718722}}, "partition_field": "Sprin_Fun_Al_roun_th_year_Stat"}, {"internal": false, "data": [["Near_Vil_Tow_Nam_hav_School_For_Dis", "TURA"], "TURA"], "perc": 0.5244690674053555, "Vil_Nam": "Burirjhar", "Stat_Nam": "Meghalaya", "metric": 324389.70637119113, "value_global_local": {"": {"global_perc": 0.004705882352941176, "local_perc": 0.51316595223515}, "a": {"global_perc": 0.012277383204254255, "local_perc": 0.2106552357624005}, "b": {"global_perc": 0.006573223779603673, "local_perc": 0.16656460502143294}, "c": {"global_perc": 0.002801778111695467, "local_perc": 0.10961420698101654}}, "partition_field": "Dist_Trac"}, {"internal": false, "data": [["Near_Vil_Tow_Nam_hav_School_For_Dis", "BHOPAL"], "BHOPAL"], "perc": 0.5903087237544662, "Vil_Nam": "Parsaniya", "Stat_Nam": "MADHYA PRADESH", "metric": 364932.97667509736, "value_global_local": {"": {"global_perc": 0.00045265368221196765, "local_perc": 0.03917301414581066}, "a": {"global_perc": 0.0024372936784623454, "local_perc": 0.02149075081610446}, "b": {"global_perc": 0.004824743585647186, "local_perc": 0.041077257889009795}, "c": {"global_perc": 0.013707501349163518, "local_perc": 0.8982589771490751}}, "partition_field": "Dist_Sea_Riv_Fer_Ser"}, {"internal": false, "data": [["Near_Vil_Tow_Nam_hav_School_For_Dis", "GORAKHPUR"], "GORAKHPUR"], "perc": 0.5890240475330202, "Vil_Nam": "Mankapur", "Stat_Nam": "UTTAR PRADESH", "metric": 364142.40491388657, "value_global_local": {"UTTAR PRADESH": {"global_perc": 0.03435293236181093, "local_perc": 1.0}}, "partition_field": "Stat_Nam"}]