[{"internal": false, "data": [["Han_Com_Thir", "0"], "0"], "perc": 7.08466819221968, "Vil_Nam": "Bore", "Stat_Nam": "JAMMU & KASHMIR", "metric": 4098959.8627002286, "value_global_local": {"HIMACHAL PRADESH": {"global_perc": 0.013533107781536975, "local_perc": 0.006346615893739516}, "JAMMU & KASHMIR": {"global_perc": 0.07858995879749733, "local_perc": 0.011673239947413754}, "MANIPUR": {"global_perc": 0.0019372336303758234, "local_perc": 0.00011333242667391994}, "NAGALAND": {"global_perc": 0.05322128851540616, "local_perc": 0.0017226528854435831}, "RAJASTHAN": {"global_perc": 0.9678098137535817, "local_perc": 0.9799628269640509}, "UTTAR PRADESH": {"global_perc": 7.492460711409145e-05, "local_perc": 0.0001813318826782719}}, "partition_field": "Stat_Nam"}, {"internal": false, "data": [["Han_Com_Thir", "-"], "-"], "perc": 0.28471636757798385, "Vil_Nam": "Chausana Jaddid", "Stat_Nam": "UTTAR PRADESH", "metric": 176496.05202938698, "value_global_local": {"": {"global_perc": 0.003817754129086632, "local_perc": 0.34235758601240834}, "-": {"global_perc": 0.9934640522875817, "local_perc": 0.17146080090242527}, "0": {"global_perc": 0.039046988749172735, "local_perc": 0.06655386350817823}, "1": {"global_perc": 0.0017121693340644106, "local_perc": 0.3733784545967287}, "2": {"global_perc": 0.0011117438108408579, "local_perc": 0.046249294980259446}}, "partition_field": "Near_Non_For_Train_Cen_Gov_1_Priv_2"}, {"internal": false, "data": [["Han_Com_Thir", "Nil"], "Nil"], "perc": 0.09651130113613553, "Vil_Nam": "Mandhar", "Stat_Nam": "JAMMU & KASHMIR", "metric": 59742.28624192059, "value_global_local": {"JAMMU & KASHMIR": {"global_perc": 0.09171371890737066, "local_perc": 1.0}}, "partition_field": "Stat_Nam"}, {"internal": false, "data": [["Han_Com_Thir", "JAGGERY"], "JAGGERY"], "perc": 0.033722750812959175, "Vil_Nam": "Bihjadpur", "Stat_Nam": "UTTAR PRADESH", "metric": 20693.019390581718, "value_global_local": {"UTTAR PRADESH": {"global_perc": 0.0019667709367449005, "local_perc": 1.0}}, "partition_field": "Stat_Nam"}, {"internal": false, "data": [["Han_Com_Thir", "WOOD CARVING"], "WOOD CARVING"], "perc": 0.027781123288771126, "Vil_Nam": "Monigong", "Stat_Nam": "Arunachal Pradesh", "metric": 16995.27720904091, "value_global_local": {"Arunachal Pradesh": {"global_perc": 0.025049203793165147, "local_perc": 0.8092485549132948}, "NAGALAND": {"global_perc": 0.023109243697478993, "local_perc": 0.1907514450867052}}, "partition_field": "Stat_Nam"}, {"internal": false, "data": [["Han_Com_Thir", "NIL"], "NIL"], "perc": 0.08527038419848247, "Vil_Nam": "Bhander Koot", "Stat_Nam": "JAMMU & KASHMIR", "metric": 52754.977237143205, "value_global_local": {"ASSAM": {"global_perc": 0.0007198333017616972, "local_perc": 0.035781544256120526}, "CHANDIGARH": {"global_perc": 1.0, "local_perc": 0.009416195856873822}, "JAMMU & KASHMIR": {"global_perc": 0.07660613459484206, "local_perc": 0.9453860640301318}, "NAGALAND": {"global_perc": 0.0014005602240896359, "local_perc": 0.003766478342749529}, "West Bengal": {"global_perc": 7.459346561241235e-05, "local_perc": 0.005649717514124294}}, "partition_field": "Stat_Nam"}]