[{"internal": false, "data": [["Han_Com_Fir", "0"], "0"], "perc": 7.483881328034044, "Vil_Nam": "Bore", "Stat_Nam": "JAMMU & KASHMIR", "metric": 4311528.678469629, "value_global_local": {"HIMACHAL PRADESH": {"global_perc": 0.15031416143064283, "local_perc": 0.06673246931593854}, "JAMMU & KASHMIR": {"global_perc": 0.07920036624446818, "local_perc": 0.011136383143077848}, "MANIPUR": {"global_perc": 0.0019372336303758234, "local_perc": 0.0001072869281606729}, "NAGALAND": {"global_perc": 0.031512605042016806, "local_perc": 0.0009655823534460562}, "RAJASTHAN": {"global_perc": 0.9607136461318052, "local_perc": 0.9208866191743198}, "UTTAR PRADESH": {"global_perc": 7.492460711409145e-05, "local_perc": 0.00017165908505707665}}, "partition_field": "Stat_Nam"}, {"internal": false, "data": [["Han_Com_Fir", "-"], "-"], "perc": 0.2945120237665101, "Vil_Nam": "Chausana Jaddid", "Stat_Nam": "UTTAR PRADESH", "metric": 182760.15946043597, "value_global_local": {"": {"global_perc": 0.003761148219429664, "local_perc": 0.3260632497273719}, "-": {"global_perc": 0.9313725490196079, "local_perc": 0.1553980370774264}, "0": {"global_perc": 0.03673064195896757, "local_perc": 0.06052344601962922}, "1": {"global_perc": 0.0019423552415141576, "local_perc": 0.4094874591057797}, "2": {"global_perc": 0.0012066487703028823, "local_perc": 0.0485278080697928}}, "partition_field": "Near_Non_For_Train_Cen_Gov_1_Priv_2"}, {"internal": false, "data": [["Han_Com_Fir", "EARTHEN POTS"], "EARTHEN POTS"], "perc": 0.2272271066682725, "Vil_Nam": "Khuna Bora", "Stat_Nam": "UTTARAKHAND", "metric": 141078.70087117108, "value_global_local": {"HARYANA": {"global_perc": 0.2062563952638503, "local_perc": 0.9971731448763251}, "UTTARAKHAND": {"global_perc": 5.954862144941345e-05, "local_perc": 0.0007067137809187279}, "West Bengal": {"global_perc": 7.459346561241235e-05, "local_perc": 0.0021201413427561835}}, "partition_field": "Stat_Nam"}, {"internal": false, "data": [["Han_Com_Fir", "CARPET"], "CARPET"], "perc": 0.2219278172548075, "Vil_Nam": "Mindiyan", "Stat_Nam": "JAMMU & KASHMIR", "metric": 137793.51768437112, "value_global_local": {"": {"global_perc": 0.0004536979490366687, "local_perc": 0.10564399421128799}, "-": {"global_perc": 0.01411764705882353, "local_perc": 0.004341534008683068}, "0": {"global_perc": 0.026274520593171376, "local_perc": 0.691027496382055}, "1": {"global_perc": 0.0030985966239708874, "local_perc": 0.12445730824891461}, "2": {"global_perc": 0.0004936662145387096, "local_perc": 0.07452966714905933}}, "partition_field": "Cov_Wel_Fun_Al_yr_Stat"}, {"internal": false, "data": [["Han_Com_Fir", "BASKET"], "BASKET"], "perc": 0.1676502468987113, "Vil_Nam": "Gadagu", "Stat_Nam": "UTTARAKHAND", "metric": 104125.14079248464, "value_global_local": {"Arunachal Pradesh": {"global_perc": 0.029164430130613705, "local_perc": 0.15613026819923373}, "BIHAR": {"global_perc": 0.000178276953246869, "local_perc": 0.007662835249042145}, "HARYANA": {"global_perc": 0.00029235491887151, "local_perc": 0.0019157088122605363}, "JHARKHAND": {"global_perc": 0.020219793788973265, "local_perc": 0.6273946360153256}, "KARNATAKA": {"global_perc": 0.0012951601908657124, "local_perc": 0.03639846743295019}, "KERALA": {"global_perc": 0.0019646365422396855, "local_perc": 0.0019157088122605363}, "MANIPUR": {"global_perc": 0.004649360712901976, "local_perc": 0.011494252873563218}, "MIZORAM": {"global_perc": 0.004819277108433735, "local_perc": 0.0038314176245210726}, "Meghalaya": {"global_perc": 0.005702588097675099, "local_perc": 0.03735632183908046}, "SIKKIM": {"global_perc": 0.0066518847006651885, "local_perc": 0.0028735632183908046}, "TRIPURA": {"global_perc": 0.045714285714285714, "local_perc": 0.038314176245210725}, "UTTAR PRADESH": {"global_perc": 1.8731151778522863e-05, "local_perc": 0.0019157088122605363}, "UTTARAKHAND": {"global_perc": 0.00017864586434824034, "local_perc": 0.0028735632183908046}, "West Bengal": {"global_perc": 0.0018151076632353673, "local_perc": 0.06992337164750957}}, "partition_field": "Stat_Nam"}, {"internal": false, "data": [["Han_Com_Fir", "BAMBOO CRAFT"], "BAMBOO CRAFT"], "perc": 0.10421935846481191, "Vil_Nam": "Maki", "Stat_Nam": "Arunachal Pradesh", "metric": 64732.4658557148, "value_global_local": {"ASSAM": {"global_perc": 0.020647849971585527, "local_perc": 0.8397534668721109}, "Arunachal Pradesh": {"global_perc": 0.0003578457684737878, "local_perc": 0.0030816640986132513}, "MANIPUR": {"global_perc": 0.0007748934521503294, "local_perc": 0.0030816640986132513}, "Meghalaya": {"global_perc": 0.0004386606228980845, "local_perc": 0.004622496147919877}, "NAGALAND": {"global_perc": 0.058823529411764705, "local_perc": 0.12942989214175654}, "TRIPURA": {"global_perc": 0.001142857142857143, "local_perc": 0.0015408320493066256}, "West Bengal": {"global_perc": 0.0002983738624496494, "local_perc": 0.01848998459167951}}, "partition_field": "Stat_Nam"}, {"internal": false, "data": [["Han_Com_Fir", "CLAY POTS"], "CLAY POTS"], "perc": 0.09265727247179734, "Vil_Nam": "7 Gb-B", "Stat_Nam": "RAJASTHAN", "metric": 57546.629411056245, "value_global_local": {"MADHYA PRADESH": {"global_perc": 3.642788190080688e-05, "local_perc": 0.0034662045060658577}, "Maharashtra": {"global_perc": 2.2901637467078896e-05, "local_perc": 0.0017331022530329288}, "RAJASTHAN": {"global_perc": 0.004230838108882522, "local_perc": 0.3275563258232236}, "Tamil Nadu": {"global_perc": 0.02390637711996996, "local_perc": 0.6620450606585788}, "West Bengal": {"global_perc": 7.459346561241235e-05, "local_perc": 0.005199306759098787}}, "partition_field": "Stat_Nam"}, {"internal": false, "data": [["Han_Com_Fir", "BAMBOO BASKET"], "BAMBOO BASKET"], "perc": 0.09217551888875507, "Vil_Nam": "Thebhao", "Stat_Nam": "BIHAR", "metric": 57247.18342767675, "value_global_local": {"ASSAM": {"global_perc": 3.7885963250615644e-05, "local_perc": 0.0017421602787456446}, "Arunachal Pradesh": {"global_perc": 0.014313830738951512, "local_perc": 0.13937282229965156}, "BIHAR": {"global_perc": 6.685385746757588e-05, "local_perc": 0.005226480836236934}, "JHARKHAND": {"global_perc": 0.0025930727912576402, "local_perc": 0.14634146341463414}, "KARNATAKA": {"global_perc": 0.00023858214042263122, "local_perc": 0.012195121951219513}, "MADHYA PRADESH": {"global_perc": 0.00014571152760322752, "local_perc": 0.013937282229965157}, "MANIPUR": {"global_perc": 0.020147229755908564, "local_perc": 0.09059233449477352}, "MIZORAM": {"global_perc": 0.007228915662650603, "local_perc": 0.010452961672473868}, "Meghalaya": {"global_perc": 0.0014622020763269484, "local_perc": 0.017421602787456445}, "NAGALAND": {"global_perc": 0.15756302521008403, "local_perc": 0.39198606271777003}, "SIKKIM": {"global_perc": 0.013303769401330377, "local_perc": 0.010452961672473868}, "TRIPURA": {"global_perc": 0.002285714285714286, "local_perc": 0.003484320557491289}, "West Bengal": {"global_perc": 0.0022378039683723706, "local_perc": 0.156794425087108}}, "partition_field": "Stat_Nam"}, {"internal": false, "data": [["Han_Com_Fir", "NIL"], "NIL"], "perc": 0.08719739853065157, "Vil_Nam": "Bhander Koot", "Stat_Nam": "JAMMU & KASHMIR", "metric": 54152.73900999639, "value_global_local": {"ASSAM": {"global_perc": 0.001060806971017238, "local_perc": 0.05156537753222836}, "CHANDIGARH": {"global_perc": 1.0, "local_perc": 0.009208103130755065}, "JAMMU & KASHMIR": {"global_perc": 0.07675873645658476, "local_perc": 0.9263351749539595}, "NAGALAND": {"global_perc": 0.0014005602240896359, "local_perc": 0.003683241252302026}, "West Bengal": {"global_perc": 0.00012432244268735393, "local_perc": 0.009208103130755065}}, "partition_field": "Stat_Nam"}, {"internal": false, "data": [["Han_Com_Fir", "Nil"], "Nil"], "perc": 0.06921193143040667, "Vil_Nam": "Halqa", "Stat_Nam": "JAMMU & KASHMIR", "metric": 42970.23886948493, "value_global_local": {"JAMMU & KASHMIR": {"global_perc": 0.06577140241110942, "local_perc": 1.0}}, "partition_field": "Stat_Nam"}, {"internal": false, "data": [["Han_Com_Fir", "HANDLOOM"], "HANDLOOM"], "perc": 0.07322654462242563, "Vil_Nam": "Parsawan", "Stat_Nam": "UTTAR PRADESH", "metric": 45466.681922196796, "value_global_local": {"ASSAM": {"global_perc": 0.0017048683462777042, "local_perc": 0.09868421052631579}, "Arunachal Pradesh": {"global_perc": 0.020933977455716585, "local_perc": 0.2565789473684211}, "CHHATTISGARH": {"global_perc": 0.00034780880453145184, "local_perc": 0.015350877192982455}, "KARNATAKA": {"global_perc": 0.00020449897750511248, "local_perc": 0.013157894736842105}, "KERALA": {"global_perc": 0.011787819253438114, "local_perc": 0.02631578947368421}, "MANIPUR": {"global_perc": 0.0065865943432778, "local_perc": 0.03728070175438596}, "MIZORAM": {"global_perc": 0.0024096385542168677, "local_perc": 0.0043859649122807015}, "Maharashtra": {"global_perc": 2.2901637467078896e-05, "local_perc": 0.0021929824561403508}, "Meghalaya": {"global_perc": 0.0005848808305307793, "local_perc": 0.008771929824561403}, "NAGALAND": {"global_perc": 0.04131652661064426, "local_perc": 0.12938596491228072}, "SIKKIM": {"global_perc": 0.004434589800443459, "local_perc": 0.0043859649122807015}, "TRIPURA": {"global_perc": 0.048, "local_perc": 0.09210526315789473}, "Tamil Nadu": {"global_perc": 0.0005006571124601039, "local_perc": 0.017543859649122806}, "UTTAR PRADESH": {"global_perc": 1.8731151778522863e-05, "local_perc": 0.0043859649122807015}, "West Bengal": {"global_perc": 0.0032821124869461434, "local_perc": 0.2894736842105263}}, "partition_field": "Stat_Nam"}]