[{"data": [["Dis_Doc_Tot_Stren_Num", 0.0], ["Dis_Par_Med_Staf_Tot_Stren_Num", 3.0], 0.0], "data_low": {"Stat_Nam": "JAMMU & KASHMIR", "Vil_Nam": "Staktse", "Dis_Doc_Tot_Stren_Num": "", "Dis_Par_Med_Staf_Tot_Stren_Num": "1", "id": 1010}, "data_high": {"Stat_Nam": "West Bengal", "Vil_Nam": "Kurkutia", "Dis_Doc_Tot_Stren_Num": "6", "Dis_Par_Med_Staf_Tot_Stren_Num": "82", "id": 327291}, "perc": 0.3444538118752258, "metric": 99.65554718487958, "value_global_local": {"ANDAMAN & NICOBAR ISLANDS": {"global_perc": 0.014414414414414415, "local_perc": 0.0037296037296037296}, "BIHAR": {"global_perc": 0.00037883852564959665, "local_perc": 0.007925407925407926}, "HARYANA": {"global_perc": 0.001023242216050285, "local_perc": 0.0032634032634032634}, "HIMACHAL PRADESH": {"global_perc": 0.0015466408893185114, "local_perc": 0.014918414918414918}, "JAMMU & KASHMIR": {"global_perc": 0.04440714176712956, "local_perc": 0.13566433566433567}, "JHARKHAND": {"global_perc": 3.086991418163858e-05, "local_perc": 0.0004662004662004662}, "KARNATAKA": {"global_perc": 0.0010224948875255625, "local_perc": 0.013986013986013986}, "MADHYA PRADESH": {"global_perc": 0.0009289109884705754, "local_perc": 0.023776223776223775}, "MANIPUR": {"global_perc": 0.0003874467260751647, "local_perc": 0.0004662004662004662}, "MIZORAM": {"global_perc": 0.046987951807228916, "local_perc": 0.01818181818181818}, "NAGALAND": {"global_perc": 0.06582633053221289, "local_perc": 0.04382284382284382}, "ODISHA": {"global_perc": 0.02245045115272933, "local_perc": 0.5370629370629371}, "SIKKIM": {"global_perc": 0.31263858093126384, "local_perc": 0.06573426573426573}, "TRIPURA": {"global_perc": 0.010285714285714285, "local_perc": 0.004195804195804196}, "Tamil Nadu": {"global_perc": 0.0010013142249202078, "local_perc": 0.007459207459207459}, "UTTAR PRADESH": {"global_perc": 0.00025287054901005864, "local_perc": 0.012587412587412588}, "West Bengal": {"global_perc": 0.005693967875080809, "local_perc": 0.10675990675990676}}, "partition_field": "Stat_Nam", "Vil_Nam": "Durbok", "Stat_Nam": "JAMMU & KASHMIR"}, {"data": [["Dis_Doc_Tot_Stren_Num", 1.0], ["Dis_Par_Med_Staf_Tot_Stren_Num", 9.0], 0.1111111111111111], "data_low": {"Stat_Nam": "Punjab", "Vil_Nam": "Hamidi (20)", "Dis_Doc_Tot_Stren_Num": "1", "Dis_Par_Med_Staf_Tot_Stren_Num": "9", "id": 39752}, "data_high": {"Stat_Nam": "West Bengal", "Vil_Nam": "Papuri", "Dis_Doc_Tot_Stren_Num": "3", "Dis_Par_Med_Staf_Tot_Stren_Num": "22", "id": 316234}, "perc": 0.09153318077803205, "metric": 99.90846770747488, "value_global_local": {"": {"global_perc": 0.0010847069755297787, "local_perc": 0.9912280701754386}, "ANDIPATTI": {"global_perc": 0.25, "local_perc": 0.0017543859649122807}, "BALYAH": {"global_perc": 0.25, "local_perc": 0.0017543859649122807}, "DAKOON": {"global_perc": 1.0, "local_perc": 0.0017543859649122807}, "POWARKHALI": {"global_perc": 0.14285714285714285, "local_perc": 0.0017543859649122807}, "VADAKATTUPATTI": {"global_perc": 1.0, "local_perc": 0.0017543859649122807}}, "partition_field": "Near_Vil_Tow_Nam_hav_Prim_School", "Vil_Nam": "Hamidi (20)", "Stat_Nam": "Punjab"}, {"data": [["Dis_Doc_Tot_Stren_Num", 3.0], ["Dis_Par_Med_Staf_Tot_Stren_Num", 14.0], 0.21428571428571427], "data_low": {"Stat_Nam": "JAMMU & KASHMIR", "Vil_Nam": "Charri Sharif", "Dis_Doc_Tot_Stren_Num": "1", "Dis_Par_Med_Staf_Tot_Stren_Num": "4", "id": 820}, "data_high": {"Stat_Nam": "Punjab", "Vil_Nam": "Daroli Bhai (61)", "Dis_Doc_Tot_Stren_Num": "6", "Dis_Par_Med_Staf_Tot_Stren_Num": "21", "id": 33867}, "perc": 0.12894937572764864, "metric": 99.87105140913043, "value_global_local": {"": {"global_perc": 0.00152050960109661, "local_perc": 0.9863013698630136}, "BAJODIH": {"global_perc": 1.0, "local_perc": 0.0012453300124533001}, "BAMMI": {"global_perc": 1.0, "local_perc": 0.0012453300124533001}, "BASODIH": {"global_perc": 1.0, "local_perc": 0.0012453300124533001}, "CHANDDIH": {"global_perc": 0.5, "local_perc": 0.0012453300124533001}, "CHIRLAKOPPA": {"global_perc": 1.0, "local_perc": 0.0012453300124533001}, "KANA SUAN": {"global_perc": 0.5, "local_perc": 0.0012453300124533001}, "KULLATHILVAI": {"global_perc": 0.3333333333333333, "local_perc": 0.0012453300124533001}, "KUMIZHI": {"global_perc": 1.0, "local_perc": 0.0012453300124533001}, "NAUGAON": {"global_perc": 0.125, "local_perc": 0.0012453300124533001}, "RAMDIH": {"global_perc": 0.3333333333333333, "local_perc": 0.0012453300124533001}, "TANGH": {"global_perc": 0.3333333333333333, "local_perc": 0.0012453300124533001}}, "partition_field": "Near_Vil_Tow_Nam_hav_Prim_School", "Vil_Nam": "Kabilakkurichi", "Stat_Nam": "Tamil Nadu"}, {"data": [["Dis_Doc_Tot_Stren_Num", 2.0], ["Dis_Par_Med_Staf_Tot_Stren_Num", 6.0], 0.3333333333333333], "data_low": {"Stat_Nam": "JAMMU & KASHMIR", "Vil_Nam": "Kultra", "Dis_Doc_Tot_Stren_Num": "1", "Dis_Par_Med_Staf_Tot_Stren_Num": "3", "id": 172}, "data_high": {"Stat_Nam": "Tamil Nadu", "Vil_Nam": "Desavilakku", "Dis_Doc_Tot_Stren_Num": "9", "Dis_Par_Med_Staf_Tot_Stren_Num": "27", "id": 611290}, "perc": 0.21036573126179295, "metric": 99.7896349341355, "value_global_local": {"ANDHRA PRADESH": {"global_perc": 0.0029136690647482014, "local_perc": 0.06183206106870229}, "ASSAM": {"global_perc": 0.0015154385300246258, "local_perc": 0.030534351145038167}, "Arunachal Pradesh": {"global_perc": 0.0003578457684737878, "local_perc": 0.0015267175572519084}, "BIHAR": {"global_perc": 0.000891384766234345, "local_perc": 0.030534351145038167}, "CHHATTISGARH": {"global_perc": 0.00039749577660737356, "local_perc": 0.0061068702290076335}, "GOA": {"global_perc": 0.020958083832335328, "local_perc": 0.0053435114503816794}, "HARYANA": {"global_perc": 0.00029235491887151, "local_perc": 0.0015267175572519084}, "HIMACHAL PRADESH": {"global_perc": 0.002319961333977767, "local_perc": 0.0366412213740458}, "JAMMU & KASHMIR": {"global_perc": 0.01129253776896078, "local_perc": 0.05648854961832061}, "JHARKHAND": {"global_perc": 0.00015434957090819287, "local_perc": 0.003816793893129771}, "KARNATAKA": {"global_perc": 0.0010906612133606, "local_perc": 0.024427480916030534}, "KERALA": {"global_perc": 0.11787819253438114, "local_perc": 0.0916030534351145}, "MADHYA PRADESH": {"global_perc": 0.0004735624647104894, "local_perc": 0.01984732824427481}, "MANIPUR": {"global_perc": 0.0015497869043006587, "local_perc": 0.0030534351145038168}, "NAGALAND": {"global_perc": 0.0014005602240896359, "local_perc": 0.0015267175572519084}, "NCT OF DELHI": {"global_perc": 0.017857142857142856, "local_perc": 0.0015267175572519084}, "PUDUCHERRY": {"global_perc": 0.011111111111111112, "local_perc": 0.0007633587786259542}, "Punjab": {"global_perc": 0.005404975757094031, "local_perc": 0.051908396946564885}, "RAJASTHAN": {"global_perc": 0.00022385386819484242, "local_perc": 0.007633587786259542}, "SIKKIM": {"global_perc": 0.0022172949002217295, "local_perc": 0.0007633587786259542}, "TRIPURA": {"global_perc": 0.006857142857142857, "local_perc": 0.004580152671755725}, "Tamil Nadu": {"global_perc": 0.04030289755303836, "local_perc": 0.4916030534351145}, "UTTAR PRADESH": {"global_perc": 0.0003090640043456272, "local_perc": 0.025190839694656488}, "UTTARAKHAND": {"global_perc": 0.002679687965223605, "local_perc": 0.03435114503816794}, "West Bengal": {"global_perc": 0.00022378039683723706, "local_perc": 0.006870229007633588}}, "partition_field": "Stat_Nam", "Vil_Nam": "Hayihama", "Stat_Nam": "JAMMU & KASHMIR"}, {"data": [["Dis_Doc_Tot_Stren_Num", 9.0], ["Dis_Par_Med_Staf_Tot_Stren_Num", 20.0], 0.45], "data_low": {"Stat_Nam": "JAMMU & KASHMIR", "Vil_Nam": "Khurhama", "Dis_Doc_Tot_Stren_Num": "1", "Dis_Par_Med_Staf_Tot_Stren_Num": "2", "id": 15}, "data_high": {"Stat_Nam": "Tamil Nadu", "Vil_Nam": "Chickadasampalayam", "Dis_Doc_Tot_Stren_Num": "9", "Dis_Par_Med_Staf_Tot_Stren_Num": "20", "id": 621552}, "perc": 0.41880444819141677, "metric": 99.58119609961471, "value_global_local": {"ANDAMAN & NICOBAR ISLANDS": {"global_perc": 0.0036036036036036037, "local_perc": 0.0007668711656441718}, "ANDHRA PRADESH": {"global_perc": 0.008597122302158273, "local_perc": 0.09164110429447853}, "ASSAM": {"global_perc": 0.0011365788975184693, "local_perc": 0.011503067484662576}, "Arunachal Pradesh": {"global_perc": 0.003578457684737878, "local_perc": 0.007668711656441718}, "BIHAR": {"global_perc": 0.005370593216561929, "local_perc": 0.0924079754601227}, "CHHATTISGARH": {"global_perc": 0.0004471827486832952, "local_perc": 0.003450920245398773}, "Dadra & Nagar Haveli": {"global_perc": 0.015384615384615385, "local_perc": 0.0003834355828220859}, "GOA": {"global_perc": 0.02694610778443114, "local_perc": 0.003450920245398773}, "HARYANA": {"global_perc": 0.029235491887151, "local_perc": 0.07668711656441718}, "HIMACHAL PRADESH": {"global_perc": 0.03001449975833736, "local_perc": 0.23811349693251535}, "JAMMU & KASHMIR": {"global_perc": 0.037540057988707465, "local_perc": 0.09432515337423313}, "JHARKHAND": {"global_perc": 0.0013274063098104587, "local_perc": 0.016487730061349692}, "KARNATAKA": {"global_perc": 0.003919563735514656, "local_perc": 0.04409509202453988}, "KERALA": {"global_perc": 0.13064833005893908, "local_perc": 0.05099693251533742}, "LAKSHADWEEP": {"global_perc": 0.047619047619047616, "local_perc": 0.0003834355828220859}, "MADHYA PRADESH": {"global_perc": 0.0011110503979746098, "local_perc": 0.02338957055214724}, "MANIPUR": {"global_perc": 0.006974041069352964, "local_perc": 0.006901840490797546}, "MIZORAM": {"global_perc": 0.0012048192771084338, "local_perc": 0.0003834355828220859}, "NAGALAND": {"global_perc": 0.0014005602240896359, "local_perc": 0.0007668711656441718}, "NCT OF DELHI": {"global_perc": 0.026785714285714284, "local_perc": 0.0011503067484662577}, "Punjab": {"global_perc": 0.014704713456799936, "local_perc": 0.0709355828220859}, "RAJASTHAN": {"global_perc": 0.003424964183381089, "local_perc": 0.05866564417177914}, "TRIPURA": {"global_perc": 0.037714285714285714, "local_perc": 0.012653374233128834}, "Tamil Nadu": {"global_perc": 0.0005006571124601039, "local_perc": 0.003067484662576687}, "UTTAR PRADESH": {"global_perc": 0.0014610298387247832, "local_perc": 0.0598159509202454}, "UTTARAKHAND": {"global_perc": 0.0027392365866730187, "local_perc": 0.01763803680981595}, "West Bengal": {"global_perc": 0.0007956636331990651, "local_perc": 0.012269938650306749}}, "partition_field": "Stat_Nam", "Vil_Nam": "Chickadasampalayam", "Stat_Nam": "Tamil Nadu"}, {"data": [["Dis_Doc_Tot_Stren_Num", 4.0], ["Dis_Par_Med_Staf_Tot_Stren_Num", 7.0], 0.5714285714285714], "data_low": {"Stat_Nam": "UTTAR PRADESH", "Vil_Nam": "Baisundnra", "Dis_Doc_Tot_Stren_Num": "10", "Dis_Par_Med_Staf_Tot_Stren_Num": "15", "id": 147817}, "data_high": {"Stat_Nam": "UTTARAKHAND", "Vil_Nam": "Bhatwari", "Dis_Doc_Tot_Stren_Num": "4", "Dis_Par_Med_Staf_Tot_Stren_Num": "7", "id": 40455}, "perc": 0.029708137620940222, "metric": 99.97029229090886, "value_global_local": {"ANDHRA PRADESH": {"global_perc": 0.0001079136690647482, "local_perc": 0.016216216216216217}, "ASSAM": {"global_perc": 0.0008713771547641599, "local_perc": 0.12432432432432433}, "Arunachal Pradesh": {"global_perc": 0.0001789228842368939, "local_perc": 0.005405405405405406}, "BIHAR": {"global_perc": 0.0001559923340910104, "local_perc": 0.03783783783783784}, "CHHATTISGARH": {"global_perc": 4.9686972075921695e-05, "local_perc": 0.005405405405405406}, "HIMACHAL PRADESH": {"global_perc": 0.0005799903334944418, "local_perc": 0.06486486486486487}, "JAMMU & KASHMIR": {"global_perc": 0.005493667022737677, "local_perc": 0.1945945945945946}, "JHARKHAND": {"global_perc": 3.086991418163858e-05, "local_perc": 0.005405405405405406}, "KARNATAKA": {"global_perc": 3.408316291751875e-05, "local_perc": 0.005405405405405406}, "KERALA": {"global_perc": 0.007858546168958742, "local_perc": 0.043243243243243246}, "MADHYA PRADESH": {"global_perc": 0.0004735624647104894, "local_perc": 0.14054054054054055}, "NCT OF DELHI": {"global_perc": 0.044642857142857144, "local_perc": 0.02702702702702703}, "PUDUCHERRY": {"global_perc": 0.011111111111111112, "local_perc": 0.005405405405405406}, "Punjab": {"global_perc": 0.00047690962562594387, "local_perc": 0.032432432432432434}, "RAJASTHAN": {"global_perc": 0.00013431232091690545, "local_perc": 0.032432432432432434}, "TRIPURA": {"global_perc": 0.016, "local_perc": 0.07567567567567568}, "UTTAR PRADESH": {"global_perc": 0.00020604266956375148, "local_perc": 0.11891891891891893}, "UTTARAKHAND": {"global_perc": 0.0006550348359435479, "local_perc": 0.05945945945945946}, "West Bengal": {"global_perc": 2.4864488537470783e-05, "local_perc": 0.005405405405405406}}, "partition_field": "Stat_Nam", "Vil_Nam": "Bhatwari", "Stat_Nam": "UTTARAKHAND"}, {"data": [["Dis_Doc_Tot_Stren_Num", 5.0], ["Dis_Par_Med_Staf_Tot_Stren_Num", 7.0], 0.7142857142857143], "data_low": {"Stat_Nam": "JAMMU & KASHMIR", "Vil_Nam": "Gund -I-Hado", "Dis_Doc_Tot_Stren_Num": "3", "Dis_Par_Med_Staf_Tot_Stren_Num": "4", "id": 3450}, "data_high": {"Stat_Nam": "Tamil Nadu", "Vil_Nam": "Neendakara-A (Part)", "Dis_Doc_Tot_Stren_Num": "8", "Dis_Par_Med_Staf_Tot_Stren_Num": "10", "id": 620393}, "perc": 0.01252559315909912, "metric": 99.98747469257654, "value_global_local": {"ASSAM": {"global_perc": 0.000530403485508619, "local_perc": 0.1794871794871795}, "HIMACHAL PRADESH": {"global_perc": 0.00033832769453842436, "local_perc": 0.08974358974358974}, "JAMMU & KASHMIR": {"global_perc": 0.0010682130321989928, "local_perc": 0.08974358974358974}, "JHARKHAND": {"global_perc": 0.0003704389701796629, "local_perc": 0.15384615384615385}, "KERALA": {"global_perc": 0.0029469548133595285, "local_perc": 0.038461538461538464}, "MADHYA PRADESH": {"global_perc": 1.821394095040344e-05, "local_perc": 0.01282051282051282}, "MANIPUR": {"global_perc": 0.0003874467260751647, "local_perc": 0.01282051282051282}, "Punjab": {"global_perc": 0.0005563945632302679, "local_perc": 0.08974358974358974}, "RAJASTHAN": {"global_perc": 4.477077363896848e-05, "local_perc": 0.02564102564102564}, "TRIPURA": {"global_perc": 0.010285714285714285, "local_perc": 0.11538461538461539}, "Tamil Nadu": {"global_perc": 6.258213905751299e-05, "local_perc": 0.01282051282051282}, "UTTAR PRADESH": {"global_perc": 4.682787944630715e-05, "local_perc": 0.0641025641025641}, "UTTARAKHAND": {"global_perc": 0.0003572917286964807, "local_perc": 0.07692307692307693}, "West Bengal": {"global_perc": 7.459346561241235e-05, "local_perc": 0.038461538461538464}}, "partition_field": "Stat_Nam", "Vil_Nam": "Dudhpushkarini", "Stat_Nam": "TRIPURA"}, {"data": [["Dis_Doc_Tot_Stren_Num", 5.0], ["Dis_Par_Med_Staf_Tot_Stren_Num", 6.0], 0.8333333333333334], "data_low": {"Stat_Nam": "UTTAR PRADESH", "Vil_Nam": "Sarsaul", "Dis_Doc_Tot_Stren_Num": "5", "Dis_Par_Med_Staf_Tot_Stren_Num": "6", "id": 149736}, "data_high": {"Stat_Nam": "ASSAM", "Vil_Nam": "Sunai Bera Gaon", "Dis_Doc_Tot_Stren_Num": "6", "Dis_Par_Med_Staf_Tot_Stren_Num": "7", "id": 283519}, "perc": 0.0008029226384037898, "metric": 99.99919724406027, "value_global_local": {}, "partition_field": null, "Vil_Nam": "Sarsaul", "Stat_Nam": "UTTAR PRADESH"}, {"data": [["Dis_Doc_Tot_Stren_Num", 1.0], ["Dis_Par_Med_Staf_Tot_Stren_Num", 1.0], 1.0], "data_low": {"Stat_Nam": "JAMMU & KASHMIR", "Vil_Nam": "Wavoora", "Dis_Doc_Tot_Stren_Num": "1", "Dis_Par_Med_Staf_Tot_Stren_Num": "1", "id": 42}, "data_high": {"Stat_Nam": "UTTAR PRADESH", "Vil_Nam": "Lonia", "Dis_Doc_Tot_Stren_Num": "8", "Dis_Par_Med_Staf_Tot_Stren_Num": "8", "id": 184276}, "perc": 1.922036211810992, "metric": 98.07796378818901, "value_global_local": {"ANDAMAN & NICOBAR ISLANDS": {"global_perc": 0.0036036036036036037, "local_perc": 0.00016709833737154316}, "ANDHRA PRADESH": {"global_perc": 0.002302158273381295, "local_perc": 0.005347146795889381}, "ASSAM": {"global_perc": 0.001288122750520932, "local_perc": 0.0028406717353162336}, "Arunachal Pradesh": {"global_perc": 0.0014313830738951511, "local_perc": 0.0006683933494861726}, "BIHAR": {"global_perc": 0.023733119400989437, "local_perc": 0.08897986465034673}, "CHHATTISGARH": {"global_perc": 0.005415879956275464, "local_perc": 0.009106859386749102}, "GOA": {"global_perc": 0.011976047904191617, "local_perc": 0.0003341966747430863}, "HARYANA": {"global_perc": 0.04341470545241924, "local_perc": 0.02481410309967416}, "HIMACHAL PRADESH": {"global_perc": 0.03939101014983084, "local_perc": 0.06809257247890384}, "JAMMU & KASHMIR": {"global_perc": 0.0494430032046391, "local_perc": 0.02706993065418999}, "JHARKHAND": {"global_perc": 0.01537321726245601, "local_perc": 0.04160748600551425}, "KARNATAKA": {"global_perc": 0.019427402862985686, "local_perc": 0.0476230261508898}, "KERALA": {"global_perc": 0.3330058939096267, "local_perc": 0.028323168184476565}, "MADHYA PRADESH": {"global_perc": 0.005628107753674663, "local_perc": 0.025816693123903417}, "MANIPUR": {"global_perc": 0.006199147617202635, "local_perc": 0.0013367866989723452}, "MIZORAM": {"global_perc": 0.0024096385542168677, "local_perc": 0.00016709833737154316}, "Maharashtra": {"global_perc": 0.0797664032978358, "local_perc": 0.2910017545325424}, "Meghalaya": {"global_perc": 0.0004386606228980845, "local_perc": 0.0002506475060573147}, "NAGALAND": {"global_perc": 0.0007002801120448179, "local_perc": 8.354916868577158e-05}, "NCT OF DELHI": {"global_perc": 0.10714285714285714, "local_perc": 0.0010025900242292588}, "PUDUCHERRY": {"global_perc": 0.022222222222222223, "local_perc": 0.00016709833737154316}, "Punjab": {"global_perc": 0.13146808679755187, "local_perc": 0.13819032500626618}, "RAJASTHAN": {"global_perc": 0.03901772922636103, "local_perc": 0.14562620101929985}, "SIKKIM": {"global_perc": 0.004434589800443459, "local_perc": 0.00016709833737154316}, "TRIPURA": {"global_perc": 0.12342857142857143, "local_perc": 0.009023310218063331}, "UTTAR PRADESH": {"global_perc": 0.0025568022177683706, "local_perc": 0.02280892305121564}, "UTTARAKHAND": {"global_perc": 0.004525695230155422, "local_perc": 0.00634973682011864}, "West Bengal": {"global_perc": 0.0038788602118454423, "local_perc": 0.013033670314980365}}, "partition_field": "Stat_Nam", "Vil_Nam": "Wavoora", "Stat_Nam": "JAMMU & KASHMIR"}, {"data": [["Dis_Doc_Tot_Stren_Num", 6.0], ["Dis_Par_Med_Staf_Tot_Stren_Num", 5.0], 1.2], "data_low": {"Stat_Nam": "TRIPURA", "Vil_Nam": "Noagaon(Part)", "Dis_Doc_Tot_Stren_Num": "5", "Dis_Par_Med_Staf_Tot_Stren_Num": "4", "id": 270781}, "data_high": {"Stat_Nam": "West Bengal", "Vil_Nam": "Keshiari", "Dis_Doc_Tot_Stren_Num": "6", "Dis_Par_Med_Staf_Tot_Stren_Num": "5", "id": 341554}, "perc": 0.0008029226384037898, "metric": 99.9991968773232, "value_global_local": {}, "partition_field": null, "Vil_Nam": "Keshiari", "Stat_Nam": "West Bengal"}, {"data": [["Dis_Doc_Tot_Stren_Num", 4.0], ["Dis_Par_Med_Staf_Tot_Stren_Num", 3.0], 1.3333333333333333], "data_low": {"Stat_Nam": "TRIPURA", "Vil_Nam": "Amtali", "Dis_Doc_Tot_Stren_Num": "4", "Dis_Par_Med_Staf_Tot_Stren_Num": "3", "id": 270993}, "data_high": {"Stat_Nam": "TRIPURA", "Vil_Nam": "Amtali", "Dis_Doc_Tot_Stren_Num": "4", "Dis_Par_Med_Staf_Tot_Stren_Num": "3", "id": 270993}, "perc": 0.0009635071660845478, "metric": 99.99903615943711, "value_global_local": {}, "partition_field": null, "Vil_Nam": "Amtali", "Stat_Nam": "TRIPURA"}, {"data": [["Dis_Doc_Tot_Stren_Num", 3.0], ["Dis_Par_Med_Staf_Tot_Stren_Num", 2.0], 1.5], "data_low": {"Stat_Nam": "JAMMU & KASHMIR", "Vil_Nam": "Bahardas Koot", "Dis_Doc_Tot_Stren_Num": "3", "Dis_Par_Med_Staf_Tot_Stren_Num": "2", "id": 345}, "data_high": {"Stat_Nam": "HIMACHAL PRADESH", "Vil_Nam": "Maharaj Nagar  (633)", "Dis_Doc_Tot_Stren_Num": "6", "Dis_Par_Med_Staf_Tot_Stren_Num": "4", "id": 11263}, "perc": 0.009956240716206993, "metric": 99.99004325923357, "value_global_local": {"Arunachal Pradesh": {"global_perc": 0.0001789228842368939, "local_perc": 0.016129032258064516}, "HIMACHAL PRADESH": {"global_perc": 0.0002416626389560174, "local_perc": 0.08064516129032258}, "JAMMU & KASHMIR": {"global_perc": 0.0004578055852281398, "local_perc": 0.04838709677419355}, "JHARKHAND": {"global_perc": 3.086991418163858e-05, "local_perc": 0.016129032258064516}, "KERALA": {"global_perc": 0.0068762278978389, "local_perc": 0.11290322580645161}, "MADHYA PRADESH": {"global_perc": 1.821394095040344e-05, "local_perc": 0.016129032258064516}, "NCT OF DELHI": {"global_perc": 0.017857142857142856, "local_perc": 0.03225806451612903}, "RAJASTHAN": {"global_perc": 0.0004253223495702006, "local_perc": 0.3064516129032258}, "TRIPURA": {"global_perc": 0.019428571428571427, "local_perc": 0.27419354838709675}, "UTTAR PRADESH": {"global_perc": 9.365575889261431e-06, "local_perc": 0.016129032258064516}, "UTTARAKHAND": {"global_perc": 0.00017864586434824034, "local_perc": 0.04838709677419355}, "West Bengal": {"global_perc": 4.972897707494157e-05, "local_perc": 0.03225806451612903}}, "partition_field": "Stat_Nam", "Vil_Nam": "Bahardas Koot", "Stat_Nam": "JAMMU & KASHMIR"}, {"data": [["Dis_Doc_Tot_Stren_Num", 5.0], ["Dis_Par_Med_Staf_Tot_Stren_Num", 3.0], 1.6666666666666667], "data_low": {"Stat_Nam": "UTTAR PRADESH", "Vil_Nam": "Mau", "Dis_Doc_Tot_Stren_Num": "5", "Dis_Par_Med_Staf_Tot_Stren_Num": "3", "id": 142907}, "data_high": {"Stat_Nam": "UTTAR PRADESH", "Vil_Nam": "Mau", "Dis_Doc_Tot_Stren_Num": "5", "Dis_Par_Med_Staf_Tot_Stren_Num": "3", "id": 142907}, "perc": 0.0003211690553615159, "metric": 99.99967816414674, "value_global_local": {}, "partition_field": null, "Vil_Nam": "Mau", "Stat_Nam": "UTTAR PRADESH"}, {"data": [["Dis_Doc_Tot_Stren_Num", 2.0], ["Dis_Par_Med_Staf_Tot_Stren_Num", 1.0], 2.0], "data_low": {"Stat_Nam": "West Bengal", "Vil_Nam": "Naksalbari", "Dis_Doc_Tot_Stren_Num": "12", "Dis_Par_Med_Staf_Tot_Stren_Num": "6", "id": 305312}, "data_high": {"Stat_Nam": "UTTAR PRADESH", "Vil_Nam": "Bar", "Dis_Doc_Tot_Stren_Num": "6", "Dis_Par_Med_Staf_Tot_Stren_Num": "3", "id": 152208}, "perc": 0.04383957605684692, "metric": 99.95615942418159, "value_global_local": {"ASSAM": {"global_perc": 3.7885963250615644e-05, "local_perc": 0.003663003663003663}, "BIHAR": {"global_perc": 0.0002451308107144449, "local_perc": 0.040293040293040296}, "HARYANA": {"global_perc": 0.00087706475661453, "local_perc": 0.02197802197802198}, "HIMACHAL PRADESH": {"global_perc": 0.0015949734171097148, "local_perc": 0.12087912087912088}, "JAMMU & KASHMIR": {"global_perc": 0.0019838242026552723, "local_perc": 0.047619047619047616}, "JHARKHAND": {"global_perc": 0.0018213249367166758, "local_perc": 0.21611721611721613}, "KARNATAKA": {"global_perc": 0.00010224948875255624, "local_perc": 0.01098901098901099}, "KERALA": {"global_perc": 0.0068762278978389, "local_perc": 0.02564102564102564}, "MADHYA PRADESH": {"global_perc": 0.00027320911425605157, "local_perc": 0.054945054945054944}, "Punjab": {"global_perc": 0.003735792067403227, "local_perc": 0.17216117216117216}, "RAJASTHAN": {"global_perc": 0.0005148638968481375, "local_perc": 0.08424908424908426}, "TRIPURA": {"global_perc": 0.025142857142857144, "local_perc": 0.08058608058608059}, "UTTAR PRADESH": {"global_perc": 0.0001873115177852286, "local_perc": 0.07326007326007326}, "UTTARAKHAND": {"global_perc": 0.0003572917286964807, "local_perc": 0.02197802197802198}, "West Bengal": {"global_perc": 0.0001740514197622955, "local_perc": 0.02564102564102564}}, "partition_field": "Stat_Nam", "Vil_Nam": "Tung Check", "Stat_Nam": "JAMMU & KASHMIR"}, {"data": [["Dis_Doc_Tot_Stren_Num", 5.0], ["Dis_Par_Med_Staf_Tot_Stren_Num", 2.0], 2.5], "data_low": {"Stat_Nam": "West Bengal", "Vil_Nam": "Krishna Ganj", "Dis_Doc_Tot_Stren_Num": "10", "Dis_Par_Med_Staf_Tot_Stren_Num": "4", "id": 320261}, "data_high": {"Stat_Nam": "HIMACHAL PRADESH", "Vil_Nam": "Baldwara (478)", "Dis_Doc_Tot_Stren_Num": "5", "Dis_Par_Med_Staf_Tot_Stren_Num": "2", "id": 14030}, "perc": 0.0006423381107230318, "metric": 99.99935616159887, "value_global_local": {}, "partition_field": null, "Vil_Nam": "Baldwara (478)", "Stat_Nam": "HIMACHAL PRADESH"}, {"data": [["Dis_Doc_Tot_Stren_Num", 8.0], ["Dis_Par_Med_Staf_Tot_Stren_Num", 3.0], 2.6666666666666665], "data_low": {"Stat_Nam": "Punjab", "Vil_Nam": "Heir (347)", "Dis_Doc_Tot_Stren_Num": "8", "Dis_Par_Med_Staf_Tot_Stren_Num": "3", "id": 37406}, "data_high": {"Stat_Nam": "Punjab", "Vil_Nam": "Heir (347)", "Dis_Doc_Tot_Stren_Num": "8", "Dis_Par_Med_Staf_Tot_Stren_Num": "3", "id": 37406}, "perc": 0.00016058452768075794, "metric": 99.99983774847495, "value_global_local": {}, "partition_field": null, "Vil_Nam": "Heir (347)", "Stat_Nam": "Punjab"}, {"data": [["Dis_Doc_Tot_Stren_Num", 3.0], ["Dis_Par_Med_Staf_Tot_Stren_Num", 1.0], 3.0], "data_low": {"Stat_Nam": "HIMACHAL PRADESH", "Vil_Nam": "Simini  (26)", "Dis_Doc_Tot_Stren_Num": "3", "Dis_Par_Med_Staf_Tot_Stren_Num": "1", "id": 7191}, "data_high": {"Stat_Nam": "HIMACHAL PRADESH", "Vil_Nam": "Simini  (26)", "Dis_Doc_Tot_Stren_Num": "3", "Dis_Par_Med_Staf_Tot_Stren_Num": "1", "id": 7191}, "perc": 0.006583965634911077, "metric": 99.99341403409673, "value_global_local": {"CHHATTISGARH": {"global_perc": 4.9686972075921695e-05, "local_perc": 0.024390243902439025}, "HIMACHAL PRADESH": {"global_perc": 0.00014499758337361044, "local_perc": 0.07317073170731707}, "JHARKHAND": {"global_perc": 0.00015434957090819287, "local_perc": 0.12195121951219512}, "KERALA": {"global_perc": 0.0009823182711198428, "local_perc": 0.024390243902439025}, "MADHYA PRADESH": {"global_perc": 7.285576380161376e-05, "local_perc": 0.0975609756097561}, "Punjab": {"global_perc": 0.0013512439392735077, "local_perc": 0.4146341463414634}, "RAJASTHAN": {"global_perc": 6.715616045845272e-05, "local_perc": 0.07317073170731707}, "TRIPURA": {"global_perc": 0.002285714285714286, "local_perc": 0.04878048780487805}, "UTTAR PRADESH": {"global_perc": 9.365575889261431e-06, "local_perc": 0.024390243902439025}, "UTTARAKHAND": {"global_perc": 5.954862144941345e-05, "local_perc": 0.024390243902439025}, "West Bengal": {"global_perc": 7.459346561241235e-05, "local_perc": 0.07317073170731707}}, "partition_field": "Stat_Nam", "Vil_Nam": "Simini  (26)", "Stat_Nam": "HIMACHAL PRADESH"}, {"data": [["Dis_Doc_Tot_Stren_Num", 4.0], ["Dis_Par_Med_Staf_Tot_Stren_Num", 1.0], 4.0], "data_low": {"Stat_Nam": "HIMACHAL PRADESH", "Vil_Nam": "Aslu (211)", "Dis_Doc_Tot_Stren_Num": "4", "Dis_Par_Med_Staf_Tot_Stren_Num": "1", "id": 20185}, "data_high": {"Stat_Nam": "Punjab", "Vil_Nam": "Lamochar Kalan Hithar (361)", "Dis_Doc_Tot_Stren_Num": "8", "Dis_Par_Med_Staf_Tot_Stren_Num": "2", "id": 34787}, "perc": 0.0035328596089766752, "metric": 99.99646413989693, "value_global_local": {"HIMACHAL PRADESH": {"global_perc": 4.833252779120348e-05, "local_perc": 0.045454545454545456}, "JHARKHAND": {"global_perc": 0.0001234796567265543, "local_perc": 0.18181818181818182}, "KERALA": {"global_perc": 0.0009823182711198428, "local_perc": 0.045454545454545456}, "MANIPUR": {"global_perc": 0.0003874467260751647, "local_perc": 0.045454545454545456}, "Punjab": {"global_perc": 0.0003974246880216199, "local_perc": 0.22727272727272727}, "TRIPURA": {"global_perc": 0.006857142857142857, "local_perc": 0.2727272727272727}, "UTTAR PRADESH": {"global_perc": 1.8731151778522863e-05, "local_perc": 0.09090909090909091}, "West Bengal": {"global_perc": 4.972897707494157e-05, "local_perc": 0.09090909090909091}}, "partition_field": "Stat_Nam", "Vil_Nam": "Aslu (211)", "Stat_Nam": "HIMACHAL PRADESH"}, {"data": [["Dis_Doc_Tot_Stren_Num", 5.0], ["Dis_Par_Med_Staf_Tot_Stren_Num", 1.0], 5.0], "data_low": {"Stat_Nam": "Punjab", "Vil_Nam": "Jalalabad (291)", "Dis_Doc_Tot_Stren_Num": "5", "Dis_Par_Med_Staf_Tot_Stren_Num": "1", "id": 33911}, "data_high": {"Stat_Nam": "Punjab", "Vil_Nam": "Jalalabad (291)", "Dis_Doc_Tot_Stren_Num": "5", "Dis_Par_Med_Staf_Tot_Stren_Num": "1", "id": 33911}, "perc": 0.0008029226384037898, "metric": 99.9991930765936, "value_global_local": {}, "partition_field": null, "Vil_Nam": "Jalalabad (291)", "Stat_Nam": "Punjab"}, {"data": [["Dis_Doc_Tot_Stren_Num", 6.0], ["Dis_Par_Med_Staf_Tot_Stren_Num", 1.0], 6.0], "data_low": {"Stat_Nam": "JHARKHAND", "Vil_Nam": "Lasutiya", "Dis_Doc_Tot_Stren_Num": "6", "Dis_Par_Med_Staf_Tot_Stren_Num": "1", "id": 354848}, "data_high": {"Stat_Nam": "JHARKHAND", "Vil_Nam": "Lasutiya", "Dis_Doc_Tot_Stren_Num": "6", "Dis_Par_Med_Staf_Tot_Stren_Num": "1", "id": 354848}, "perc": 0.00016058452768075794, "metric": 99.9998344144802, "value_global_local": {}, "partition_field": null, "Vil_Nam": "Lasutiya", "Stat_Nam": "JHARKHAND"}, {"data": [["Dis_Doc_Tot_Stren_Num", 8.0], ["Dis_Par_Med_Staf_Tot_Stren_Num", 1.0], 8.0], "data_low": {"Stat_Nam": "Punjab", "Vil_Nam": "Rori Kapura (138)", "Dis_Doc_Tot_Stren_Num": "8", "Dis_Par_Med_Staf_Tot_Stren_Num": "1", "id": 35408}, "data_high": {"Stat_Nam": "Punjab", "Vil_Nam": "Rori Kapura (138)", "Dis_Doc_Tot_Stren_Num": "8", "Dis_Par_Med_Staf_Tot_Stren_Num": "1", "id": 35408}, "perc": 0.00016058452768075794, "metric": 99.99983241408336, "value_global_local": {}, "partition_field": null, "Vil_Nam": "Rori Kapura (138)", "Stat_Nam": "Punjab"}, {"data": [["Dis_Doc_Tot_Stren_Num", 25.0], ["Dis_Par_Med_Staf_Tot_Stren_Num", 2.0], 12.5], "data_low": {"Stat_Nam": "West Bengal", "Vil_Nam": "Par Radhanagar", "Dis_Doc_Tot_Stren_Num": "25", "Dis_Par_Med_Staf_Tot_Stren_Num": "2", "id": 330786}, "data_high": {"Stat_Nam": "West Bengal", "Vil_Nam": "Par Radhanagar", "Dis_Doc_Tot_Stren_Num": "25", "Dis_Par_Med_Staf_Tot_Stren_Num": "2", "id": 330786}, "perc": 0.00016058452768075794, "metric": 99.99982791319044, "value_global_local": {}, "partition_field": null, "Vil_Nam": "Par Radhanagar", "Stat_Nam": "West Bengal"}, {"data": [["Dis_Doc_Tot_Stren_Num", 1.0], ["Dis_Par_Med_Staf_Tot_Stren_Num", 0.0], 9999], "data_low": {"Stat_Nam": "JAMMU & KASHMIR", "Vil_Nam": "Karshah", "Dis_Doc_Tot_Stren_Num": "1", "Dis_Par_Med_Staf_Tot_Stren_Num": "0", "id": 1065}, "data_high": {"Stat_Nam": "West Bengal", "Vil_Nam": "Ramchandrapur", "Dis_Doc_Tot_Stren_Num": "9", "Dis_Par_Med_Staf_Tot_Stren_Num": "", "id": 321794}, "perc": 0.2582199205106588, "metric": 99.73180590158115, "value_global_local": {"ANDAMAN & NICOBAR ISLANDS": {"global_perc": 0.0018018018018018018, "local_perc": 0.0006218905472636816}, "Arunachal Pradesh": {"global_perc": 0.0003578457684737878, "local_perc": 0.0012437810945273632}, "BIHAR": {"global_perc": 0.0001559923340910104, "local_perc": 0.004353233830845771}, "CHHATTISGARH": {"global_perc": 0.020123223690748284, "local_perc": 0.251865671641791}, "HIMACHAL PRADESH": {"global_perc": 0.010488158530691155, "local_perc": 0.13495024875621892}, "JAMMU & KASHMIR": {"global_perc": 0.0036624446818251184, "local_perc": 0.014925373134328358}, "JHARKHAND": {"global_perc": 0.0019139346792615916, "local_perc": 0.03855721393034826}, "MADHYA PRADESH": {"global_perc": 0.002622807496858095, "local_perc": 0.08955223880597014}, "MANIPUR": {"global_perc": 0.0003874467260751647, "local_perc": 0.0006218905472636816}, "MIZORAM": {"global_perc": 0.0036144578313253013, "local_perc": 0.0018656716417910447}, "PUDUCHERRY": {"global_perc": 0.011111111111111112, "local_perc": 0.0006218905472636816}, "Punjab": {"global_perc": 7.948493760432397e-05, "local_perc": 0.0006218905472636816}, "TRIPURA": {"global_perc": 0.005714285714285714, "local_perc": 0.003109452736318408}, "UTTAR PRADESH": {"global_perc": 0.0012456215932717702, "local_perc": 0.08271144278606965}, "West Bengal": {"global_perc": 0.014968422099557411, "local_perc": 0.3743781094527363}}, "partition_field": "Stat_Nam", "Vil_Nam": "Karshah", "Stat_Nam": "JAMMU & KASHMIR"}, {"data": [["Dis_Doc_Tot_Stren_Num", 0], ["Dis_Par_Med_Staf_Tot_Stren_Num", 0], 99980001], "data_low": {"Stat_Nam": "JAMMU & KASHMIR", "Vil_Nam": "Bore", "Dis_Doc_Tot_Stren_Num": "", "Dis_Par_Med_Staf_Tot_Stren_Num": "", "id": 0}, "data_high": {"Stat_Nam": "JAMMU & KASHMIR", "Vil_Nam": "Palmar", "Dis_Doc_Tot_Stren_Num": "Dis_st", "Dis_Par_Med_Staf_Tot_Stren_Num": "Dis_pst", "id": 4582}, "perc": 96.51451282668914, "metric": 9.653381862507598e-07, "value_global_local": {"null": {"global_perc": 0.9651451282668915, "local_perc": 1.0}}, "partition_field": "Dist_Other", "Vil_Nam": "Bore", "Stat_Nam": "JAMMU & KASHMIR"}]