[{"data": [["Mob_Heal_Clin_Par_Med_Staf_In_Pos_Num", 0.0], ["Mob_Heal_Clin_Par_Med_Staf_Tot_Stren_Num", 4.0], 0.0], "data_low": {"Stat_Nam": "Punjab", "Vil_Nam": "Thiara (169)", "Mob_Heal_Clin_Par_Med_Staf_Tot_Stren_Num": "1", "Mob_Heal_Clin_Par_Med_Staf_In_Pos_Num": "", "id": 30814}, "data_high": {"Stat_Nam": "JAMMU & KASHMIR", "Vil_Nam": "Nyoma", "Mob_Heal_Clin_Par_Med_Staf_Tot_Stren_Num": "4", "Mob_Heal_Clin_Par_Med_Staf_In_Pos_Num": "0", "id": 889}, "perc": 0.04769360472118511, "metric": 99.95230739500181, "value_global_local": {"CHHATTISGARH": {"global_perc": 0.00039749577660737356, "local_perc": 0.026936026936026935}, "JAMMU & KASHMIR": {"global_perc": 0.0004578055852281398, "local_perc": 0.010101010101010102}, "JHARKHAND": {"global_perc": 0.00018521948508983145, "local_perc": 0.020202020202020204}, "MADHYA PRADESH": {"global_perc": 0.00016392546855363094, "local_perc": 0.030303030303030304}, "Punjab": {"global_perc": 0.00015896987520864795, "local_perc": 0.006734006734006734}, "TRIPURA": {"global_perc": 0.001142857142857143, "local_perc": 0.003367003367003367}, "UTTAR PRADESH": {"global_perc": 0.0023601251240938804, "local_perc": 0.8484848484848485}, "West Bengal": {"global_perc": 0.00039783181659953253, "local_perc": 0.05387205387205387}}, "partition_field": "Stat_Nam", "Vil_Nam": "Nyoma", "Stat_Nam": "JAMMU & KASHMIR"}, {"data": [["Mob_Heal_Clin_Par_Med_Staf_In_Pos_Num", 1.0], ["Mob_Heal_Clin_Par_Med_Staf_Tot_Stren_Num", 5.0], 0.2], "data_low": {"Stat_Nam": "TRIPURA", "Vil_Nam": "Purba Debendranagar (Part)", "Mob_Heal_Clin_Par_Med_Staf_Tot_Stren_Num": "5", "Mob_Heal_Clin_Par_Med_Staf_In_Pos_Num": "1", "id": 270921}, "data_high": {"Stat_Nam": "TRIPURA", "Vil_Nam": "Purba Debendranagar (Part)", "Mob_Heal_Clin_Par_Med_Staf_Tot_Stren_Num": "5", "Mob_Heal_Clin_Par_Med_Staf_In_Pos_Num": "1", "id": 270921}, "perc": 0.0004817535830422739, "metric": 99.99951904657313, "value_global_local": {}, "partition_field": null, "Vil_Nam": "Purba Debendranagar (Part)", "Stat_Nam": "TRIPURA"}, {"data": [["Mob_Heal_Clin_Par_Med_Staf_In_Pos_Num", 1.0], ["Mob_Heal_Clin_Par_Med_Staf_Tot_Stren_Num", 3.0], 0.3333333333333333], "data_low": {"Stat_Nam": "Punjab", "Vil_Nam": "Beh Fattu (563)", "Mob_Heal_Clin_Par_Med_Staf_Tot_Stren_Num": "3", "Mob_Heal_Clin_Par_Med_Staf_In_Pos_Num": "1", "id": 31125}, "data_high": {"Stat_Nam": "RAJASTHAN", "Vil_Nam": "5 SSW (JHAMBAR)", "Mob_Heal_Clin_Par_Med_Staf_Tot_Stren_Num": "6", "Mob_Heal_Clin_Par_Med_Staf_In_Pos_Num": "2", "id": 67283}, "perc": 0.016058452768075798, "metric": 99.98394221392486, "value_global_local": {"JHARKHAND": {"global_perc": 9.260974254491573e-05, "local_perc": 0.03}, "KARNATAKA": {"global_perc": 0.00010224948875255624, "local_perc": 0.03}, "MADHYA PRADESH": {"global_perc": 5.464182285121031e-05, "local_perc": 0.03}, "Maharashtra": {"global_perc": 2.2901637467078896e-05, "local_perc": 0.01}, "Punjab": {"global_perc": 0.00047690962562594387, "local_perc": 0.06}, "RAJASTHAN": {"global_perc": 0.0018356017191977078, "local_perc": 0.82}, "TRIPURA": {"global_perc": 0.001142857142857143, "local_perc": 0.01}, "UTTAR PRADESH": {"global_perc": 9.365575889261431e-06, "local_perc": 0.01}}, "partition_field": "Stat_Nam", "Vil_Nam": "Beh Fattu (563)", "Stat_Nam": "Punjab"}, {"data": [["Mob_Heal_Clin_Par_Med_Staf_In_Pos_Num", 1.0], ["Mob_Heal_Clin_Par_Med_Staf_Tot_Stren_Num", 2.0], 0.5], "data_low": {"Stat_Nam": "JAMMU & KASHMIR", "Vil_Nam": "Maidan Pora", "Mob_Heal_Clin_Par_Med_Staf_Tot_Stren_Num": "2", "Mob_Heal_Clin_Par_Med_Staf_In_Pos_Num": "1", "id": 20}, "data_high": {"Stat_Nam": "CHHATTISGARH", "Vil_Nam": "Koyali Beda", "Mob_Heal_Clin_Par_Med_Staf_Tot_Stren_Num": "12", "Mob_Heal_Clin_Par_Med_Staf_In_Pos_Num": "6", "id": 445981}, "perc": 0.008832149022441688, "metric": 99.9911683510334, "value_global_local": {"ASSAM": {"global_perc": 7.577192650123129e-05, "local_perc": 0.03636363636363636}, "CHHATTISGARH": {"global_perc": 4.9686972075921695e-05, "local_perc": 0.01818181818181818}, "JAMMU & KASHMIR": {"global_perc": 0.00015260186174271325, "local_perc": 0.01818181818181818}, "JHARKHAND": {"global_perc": 0.00021608939927147004, "local_perc": 0.12727272727272726}, "KARNATAKA": {"global_perc": 0.00023858214042263122, "local_perc": 0.12727272727272726}, "KERALA": {"global_perc": 0.0019646365422396855, "local_perc": 0.03636363636363636}, "MADHYA PRADESH": {"global_perc": 9.106970475201719e-05, "local_perc": 0.09090909090909091}, "Maharashtra": {"global_perc": 4.580327493415779e-05, "local_perc": 0.03636363636363636}, "Punjab": {"global_perc": 0.0005563945632302679, "local_perc": 0.12727272727272726}, "RAJASTHAN": {"global_perc": 2.238538681948424e-05, "local_perc": 0.01818181818181818}, "TRIPURA": {"global_perc": 0.002285714285714286, "local_perc": 0.03636363636363636}, "UTTAR PRADESH": {"global_perc": 4.682787944630715e-05, "local_perc": 0.09090909090909091}, "UTTARAKHAND": {"global_perc": 0.0005954862144941345, "local_perc": 0.18181818181818182}, "West Bengal": {"global_perc": 7.459346561241235e-05, "local_perc": 0.05454545454545454}}, "partition_field": "Stat_Nam", "Vil_Nam": "Maidan Pora", "Stat_Nam": "JAMMU & KASHMIR"}, {"data": [["Mob_Heal_Clin_Par_Med_Staf_In_Pos_Num", 2.0], ["Mob_Heal_Clin_Par_Med_Staf_Tot_Stren_Num", 3.0], 0.6666666666666666], "data_low": {"Stat_Nam": "JAMMU & KASHMIR", "Vil_Nam": "Chatar Koote", "Mob_Heal_Clin_Par_Med_Staf_Tot_Stren_Num": "3", "Mob_Heal_Clin_Par_Med_Staf_In_Pos_Num": "2", "id": 340}, "data_high": {"Stat_Nam": "JAMMU & KASHMIR", "Vil_Nam": "Hari Ganiwan", "Mob_Heal_Clin_Par_Med_Staf_Tot_Stren_Num": "8", "Mob_Heal_Clin_Par_Med_Staf_In_Pos_Num": "6", "id": 2874}, "perc": 0.014773776546629733, "metric": 99.98522655680411, "value_global_local": {"ANDHRA PRADESH": {"global_perc": 0.0005755395683453237, "local_perc": 0.17391304347826086}, "ASSAM": {"global_perc": 0.0006819473385110816, "local_perc": 0.1956521739130435}, "JAMMU & KASHMIR": {"global_perc": 0.0003052037234854265, "local_perc": 0.021739130434782608}, "JHARKHAND": {"global_perc": 6.173982836327716e-05, "local_perc": 0.021739130434782608}, "KERALA": {"global_perc": 0.0029469548133595285, "local_perc": 0.03260869565217391}, "MADHYA PRADESH": {"global_perc": 0.00010928364570242063, "local_perc": 0.06521739130434782}, "Maharashtra": {"global_perc": 2.2901637467078896e-05, "local_perc": 0.010869565217391304}, "ODISHA": {"global_perc": 5.846471654356596e-05, "local_perc": 0.03260869565217391}, "Punjab": {"global_perc": 0.00015896987520864795, "local_perc": 0.021739130434782608}, "TRIPURA": {"global_perc": 0.002285714285714286, "local_perc": 0.021739130434782608}, "UTTAR PRADESH": {"global_perc": 5.619345533556858e-05, "local_perc": 0.06521739130434782}, "UTTARAKHAND": {"global_perc": 0.0011314238075388556, "local_perc": 0.20652173913043478}, "West Bengal": {"global_perc": 0.0002983738624496494, "local_perc": 0.13043478260869565}}, "partition_field": "Stat_Nam", "Vil_Nam": "Chatar Koote", "Stat_Nam": "JAMMU & KASHMIR"}, {"data": [["Mob_Heal_Clin_Par_Med_Staf_In_Pos_Num", 4.0], ["Mob_Heal_Clin_Par_Med_Staf_Tot_Stren_Num", 5.0], 0.8], "data_low": {"Stat_Nam": "UTTAR PRADESH", "Vil_Nam": "Kathra", "Mob_Heal_Clin_Par_Med_Staf_Tot_Stren_Num": "5", "Mob_Heal_Clin_Par_Med_Staf_In_Pos_Num": "4", "id": 179591}, "data_high": {"Stat_Nam": "ASSAM", "Vil_Nam": "Borakhai Grant", "Mob_Heal_Clin_Par_Med_Staf_Tot_Stren_Num": "9", "Mob_Heal_Clin_Par_Med_Staf_In_Pos_Num": "8", "id": 298096}, "perc": 0.0006423381107230318, "metric": 99.999357861928, "value_global_local": {}, "partition_field": null, "Vil_Nam": "Kathra", "Stat_Nam": "UTTAR PRADESH"}, {"data": [["Mob_Heal_Clin_Par_Med_Staf_In_Pos_Num", 3.0], ["Mob_Heal_Clin_Par_Med_Staf_Tot_Stren_Num", 3.0], 1.0], "data_low": {"Stat_Nam": "JAMMU & KASHMIR", "Vil_Nam": "Khag", "Mob_Heal_Clin_Par_Med_Staf_Tot_Stren_Num": "1", "Mob_Heal_Clin_Par_Med_Staf_In_Pos_Num": "1", "id": 383}, "data_high": {"Stat_Nam": "CHHATTISGARH", "Vil_Nam": "Lalbhadur Nagar", "Mob_Heal_Clin_Par_Med_Staf_Tot_Stren_Num": "9", "Mob_Heal_Clin_Par_Med_Staf_In_Pos_Num": "9", "id": 438262}, "perc": 1.9461238909631056, "metric": 98.05387610903689, "value_global_local": {"ANDHRA PRADESH": {"global_perc": 0.29672661870503597, "local_perc": 0.6806667216767059}, "ASSAM": {"global_perc": 0.004622087516575109, "local_perc": 0.010066837197788597}, "Arunachal Pradesh": {"global_perc": 0.0010735373054213634, "local_perc": 0.0004950903539896032}, "CHANDIGARH": {"global_perc": 1.0, "local_perc": 0.0004125752949913359}, "CHHATTISGARH": {"global_perc": 0.0006956176090629037, "local_perc": 0.0011552108259757405}, "HIMACHAL PRADESH": {"global_perc": 9.666505558240696e-05, "local_perc": 0.00016503011799653437}, "JAMMU & KASHMIR": {"global_perc": 0.005493667022737677, "local_perc": 0.0029705421239376185}, "JHARKHAND": {"global_perc": 0.009569673396307958, "local_perc": 0.02557966828946283}, "KARNATAKA": {"global_perc": 0.0027266530334014998, "local_perc": 0.006601204719861375}, "KERALA": {"global_perc": 0.036345776031434185, "local_perc": 0.0030530571829358857}, "MADHYA PRADESH": {"global_perc": 0.017776806367593757, "local_perc": 0.08053469758230877}, "MIZORAM": {"global_perc": 0.0036144578313253013, "local_perc": 0.0002475451769948016}, "Maharashtra": {"global_perc": 0.028627046833848622, "local_perc": 0.10314382374783398}, "NAGALAND": {"global_perc": 0.0007002801120448179, "local_perc": 8.251505899826719e-05}, "NCT OF DELHI": {"global_perc": 0.044642857142857144, "local_perc": 0.0004125752949913359}, "ODISHA": {"global_perc": 5.846471654356596e-05, "local_perc": 0.0002475451769948016}, "Punjab": {"global_perc": 0.05023448056593276, "local_perc": 0.05214951728690486}, "TRIPURA": {"global_perc": 0.009142857142857144, "local_perc": 0.0006601204719861375}, "UTTAR PRADESH": {"global_perc": 0.0019105774814093318, "local_perc": 0.016833072035646504}, "UTTARAKHAND": {"global_perc": 0.004942535580301316, "local_perc": 0.0068487498968561765}, "West Bengal": {"global_perc": 0.002312397433984783, "local_perc": 0.007673900486838848}}, "partition_field": "Stat_Nam", "Vil_Nam": "Warsun", "Stat_Nam": "JAMMU & KASHMIR"}, {"data": [["Mob_Heal_Clin_Par_Med_Staf_In_Pos_Num", 4.0], ["Mob_Heal_Clin_Par_Med_Staf_Tot_Stren_Num", 2.0], 2.0], "data_low": {"Stat_Nam": "JHARKHAND", "Vil_Nam": "Dhadkia", "Mob_Heal_Clin_Par_Med_Staf_Tot_Stren_Num": "1", "Mob_Heal_Clin_Par_Med_Staf_In_Pos_Num": "2", "id": 369161}, "data_high": {"Stat_Nam": "UTTAR PRADESH", "Vil_Nam": "Hatra", "Mob_Heal_Clin_Par_Med_Staf_Tot_Stren_Num": "2", "Mob_Heal_Clin_Par_Med_Staf_In_Pos_Num": "4", "id": 126928}, "perc": 0.0006423381107230318, "metric": 99.99935666169567, "value_global_local": {}, "partition_field": null, "Vil_Nam": "Hatra", "Stat_Nam": "UTTAR PRADESH"}, {"data": [["Mob_Heal_Clin_Par_Med_Staf_In_Pos_Num", 3.0], ["Mob_Heal_Clin_Par_Med_Staf_Tot_Stren_Num", 1.0], 3.0], "data_low": {"Stat_Nam": "MADHYA PRADESH", "Vil_Nam": "Khakana Kalan", "Mob_Heal_Clin_Par_Med_Staf_Tot_Stren_Num": "1", "Mob_Heal_Clin_Par_Med_Staf_In_Pos_Num": "3", "id": 503699}, "data_high": {"Stat_Nam": "MADHYA PRADESH", "Vil_Nam": "Khakana Kalan", "Mob_Heal_Clin_Par_Med_Staf_Tot_Stren_Num": "1", "Mob_Heal_Clin_Par_Med_Staf_In_Pos_Num": "3", "id": 503699}, "perc": 0.00016058452768075794, "metric": 99.99983741507548, "value_global_local": {}, "partition_field": null, "Vil_Nam": "Khakana Kalan", "Stat_Nam": "MADHYA PRADESH"}, {"data": [["Mob_Heal_Clin_Par_Med_Staf_In_Pos_Num", 4.0], ["Mob_Heal_Clin_Par_Med_Staf_Tot_Stren_Num", 1.0], 4.0], "data_low": {"Stat_Nam": "UTTAR PRADESH", "Vil_Nam": "Bighapur Kalan", "Mob_Heal_Clin_Par_Med_Staf_Tot_Stren_Num": "1", "Mob_Heal_Clin_Par_Med_Staf_In_Pos_Num": "4", "id": 141896}, "data_high": {"Stat_Nam": "UTTAR PRADESH", "Vil_Nam": "Bighapur Kalan", "Mob_Heal_Clin_Par_Med_Staf_Tot_Stren_Num": "1", "Mob_Heal_Clin_Par_Med_Staf_In_Pos_Num": "4", "id": 141896}, "perc": 0.00016058452768075794, "metric": 99.99983641487705, "value_global_local": {}, "partition_field": null, "Vil_Nam": "Bighapur Kalan", "Stat_Nam": "UTTAR PRADESH"}, {"data": [["Mob_Heal_Clin_Par_Med_Staf_In_Pos_Num", 5.0], ["Mob_Heal_Clin_Par_Med_Staf_Tot_Stren_Num", 0.0], 9999], "data_low": {"Stat_Nam": "UTTAR PRADESH", "Vil_Nam": "Jajupur", "Mob_Heal_Clin_Par_Med_Staf_Tot_Stren_Num": "0", "Mob_Heal_Clin_Par_Med_Staf_In_Pos_Num": "1", "id": 140340}, "data_high": {"Stat_Nam": "Arunachal Pradesh", "Vil_Nam": "Richi", "Mob_Heal_Clin_Par_Med_Staf_Tot_Stren_Num": "0", "Mob_Heal_Clin_Par_Med_Staf_In_Pos_Num": "9", "id": 261416}, "perc": 0.0012846762214460635, "metric": 99.9887154523462, "value_global_local": {}, "partition_field": null, "Vil_Nam": "Ajnokh", "Stat_Nam": "UTTAR PRADESH"}, {"data": [["Mob_Heal_Clin_Par_Med_Staf_In_Pos_Num", 0], ["Mob_Heal_Clin_Par_Med_Staf_Tot_Stren_Num", 0], 99980001], "data_low": {"Stat_Nam": "JAMMU & KASHMIR", "Vil_Nam": "Bore", "Mob_Heal_Clin_Par_Med_Staf_Tot_Stren_Num": "", "Mob_Heal_Clin_Par_Med_Staf_In_Pos_Num": "", "id": 0}, "data_high": {"Stat_Nam": "JAMMU & KASHMIR", "Vil_Nam": "Palmar", "Mob_Heal_Clin_Par_Med_Staf_Tot_Stren_Num": "Mob_pst", "Mob_Heal_Clin_Par_Med_Staf_In_Pos_Num": "Mob_ppos", "id": 4582}, "perc": 97.96314585089728, "metric": 9.798274141935373e-07, "value_global_local": {"": {"global_perc": 1.0, "local_perc": 3.2784681685329347e-06}, "ANDAMAN & NICOBAR ISLANDS": {"global_perc": 1.0, "local_perc": 0.0009097749167678894}, "ANDHRA PRADESH": {"global_perc": 0.7026618705035971, "local_perc": 0.032020798602061175}, "ASSAM": {"global_perc": 0.9945065353286607, "local_perc": 0.04302989471199477}, "Arunachal Pradesh": {"global_perc": 0.9987475398103417, "local_perc": 0.00915020465837542}, "BIHAR": {"global_perc": 1.0, "local_perc": 0.07355899029737345}, "CHHATTISGARH": {"global_perc": 0.9988571996422538, "local_perc": 0.03295352279600879}, "DAMAN & DIU": {"global_perc": 1.0, "local_perc": 3.114544760106288e-05}, "Dadra & Nagar Haveli": {"global_perc": 1.0, "local_perc": 0.00010655021547732038}, "GOA": {"global_perc": 1.0, "local_perc": 0.0005475041841450001}, "HARYANA": {"global_perc": 1.0, "local_perc": 0.011214000370466904}, "HIMACHAL PRADESH": {"global_perc": 0.9999033349444176, "local_perc": 0.033912474735304676}, "JAMMU & KASHMIR": {"global_perc": 0.9935907218068061, "local_perc": 0.010673053122658968}, "JHARKHAND": {"global_perc": 0.9897820584058776, "local_perc": 0.05255876244383574}, "KARNATAKA": {"global_perc": 0.9969325153374233, "local_perc": 0.04794759696479417}, "KERALA": {"global_perc": 0.9587426326129665, "local_perc": 0.001599892466244072}, "LAKSHADWEEP": {"global_perc": 1.0, "local_perc": 3.4423915769595815e-05}, "MADHYA PRADESH": {"global_perc": 0.9817678451086461, "local_perc": 0.08835799561013112}, "MANIPUR": {"global_perc": 1.0, "local_perc": 0.004230863171491752}, "MIZORAM": {"global_perc": 0.9963855421686747, "local_perc": 0.0013556465876883685}, "Maharashtra": {"global_perc": 0.9712813466162831, "local_perc": 0.06952155674782515}, "Meghalaya": {"global_perc": 1.0, "local_perc": 0.01121072190229837}, "NAGALAND": {"global_perc": 0.9992997198879552, "local_perc": 0.0023391870382482487}, "NCT OF DELHI": {"global_perc": 0.9553571428571429, "local_perc": 0.000175398047016512}, "ODISHA": {"global_perc": 0.9998830705669128, "local_perc": 0.08410418316145964}, "PUDUCHERRY": {"global_perc": 1.0, "local_perc": 0.00014753106758398207}, "Punjab": {"global_perc": 0.9484142754947937, "local_perc": 0.019559341093467488}, "RAJASTHAN": {"global_perc": 0.9981420128939829, "local_perc": 0.07309180858335751}, "SIKKIM": {"global_perc": 1.0, "local_perc": 0.0007392945720041768}, "TRIPURA": {"global_perc": 0.9817142857142858, "local_perc": 0.0014081020783848954}, "Tamil Nadu": {"global_perc": 1.0, "local_perc": 0.026193321432493883}, "UTTAR PRADESH": {"global_perc": 0.9955326203008223, "local_perc": 0.17424566545527267}, "UTTARAKHAND": {"global_perc": 0.9933305543976657, "local_perc": 0.027344063759648943}, "West Bengal": {"global_perc": 0.9969168034213536, "local_perc": 0.06572345137457974}}, "partition_field": "Stat_Nam", "Vil_Nam": "Bore", "Stat_Nam": "JAMMU & KASHMIR"}]