[{"data": [["Mob_Heal_Clin_Num", 0], ["Mob_Heal_Clin_Par_Med_Staf_In_Pos_Num", 1.0], 0.0], "data_low": {"Stat_Nam": "JAMMU & KASHMIR", "Vil_Nam": "Dongro", "Mob_Heal_Clin_Num": "", "Mob_Heal_Clin_Par_Med_Staf_In_Pos_Num": "1", "id": 4095}, "data_high": {"Stat_Nam": "NAGALAND", "Vil_Nam": "Mopungchukit", "Mob_Heal_Clin_Num": "1", "Mob_Heal_Clin_Par_Med_Staf_In_Pos_Num": "22", "id": 266126}, "perc": 0.0016058452768075795, "metric": 99.99839515490716, "value_global_local": {}, "partition_field": null, "Vil_Nam": "Dongro", "Stat_Nam": "JAMMU & KASHMIR"}, {"data": [["Mob_Heal_Clin_Num", 1.0], ["Mob_Heal_Clin_Par_Med_Staf_In_Pos_Num", 9.0], 0.1111111111111111], "data_low": {"Stat_Nam": "CHHATTISGARH", "Vil_Nam": "Lalbhadur Nagar", "Mob_Heal_Clin_Num": "1", "Mob_Heal_Clin_Par_Med_Staf_In_Pos_Num": "9", "id": 438262}, "data_high": {"Stat_Nam": "JAMMU & KASHMIR", "Vil_Nam": "Kradi", "Mob_Heal_Clin_Num": "2", "Mob_Heal_Clin_Par_Med_Staf_In_Pos_Num": "10", "id": 3680}, "perc": 0.01798546710024489, "metric": 99.98201542180657, "value_global_local": {"ASSAM": {"global_perc": 0.002992991096798636, "local_perc": 0.7053571428571429}, "CHHATTISGARH": {"global_perc": 0.00019874788830368678, "local_perc": 0.03571428571428571}, "JAMMU & KASHMIR": {"global_perc": 0.0003052037234854265, "local_perc": 0.017857142857142856}, "JHARKHAND": {"global_perc": 0.0004939186269062172, "local_perc": 0.14285714285714285}, "MADHYA PRADESH": {"global_perc": 0.00010928364570242063, "local_perc": 0.05357142857142857}, "Maharashtra": {"global_perc": 2.2901637467078896e-05, "local_perc": 0.008928571428571428}, "Punjab": {"global_perc": 0.00015896987520864795, "local_perc": 0.017857142857142856}, "UTTAR PRADESH": {"global_perc": 9.365575889261431e-06, "local_perc": 0.008928571428571428}, "West Bengal": {"global_perc": 2.4864488537470783e-05, "local_perc": 0.008928571428571428}}, "partition_field": "Stat_Nam", "Vil_Nam": "Lalbhadur Nagar", "Stat_Nam": "CHHATTISGARH"}, {"data": [["Mob_Heal_Clin_Num", 1.0], ["Mob_Heal_Clin_Par_Med_Staf_In_Pos_Num", 4.0], 0.25], "data_low": {"Stat_Nam": "JAMMU & KASHMIR", "Vil_Nam": "Thuru", "Mob_Heal_Clin_Num": "1", "Mob_Heal_Clin_Par_Med_Staf_In_Pos_Num": "4", "id": 5115}, "data_high": {"Stat_Nam": "ASSAM", "Vil_Nam": "Borakhai Grant", "Mob_Heal_Clin_Num": "2", "Mob_Heal_Clin_Par_Med_Staf_In_Pos_Num": "8", "id": 298096}, "perc": 1.3901802561323218, "metric": 98.60982048358927, "value_global_local": {"ANDHRA PRADESH": {"global_perc": 0.2973021582733813, "local_perc": 0.9547187247314312}, "ASSAM": {"global_perc": 0.0014775525667740101, "local_perc": 0.004505024835393323}, "Arunachal Pradesh": {"global_perc": 0.0003578457684737878, "local_perc": 0.00023102691463555504}, "CHANDIGARH": {"global_perc": 0.2, "local_perc": 0.00011551345731777752}, "JAMMU & KASHMIR": {"global_perc": 0.0004578055852281398, "local_perc": 0.00034654037195333255}, "JHARKHAND": {"global_perc": 0.0005556584552694943, "local_perc": 0.0020792422317199954}, "KARNATAKA": {"global_perc": 0.00030674846625766873, "local_perc": 0.0010396211158599977}, "KERALA": {"global_perc": 0.0019646365422396855, "local_perc": 0.00023102691463555504}, "MADHYA PRADESH": {"global_perc": 0.0038795694224359324, "local_perc": 0.02460436640868661}, "MIZORAM": {"global_perc": 0.0012048192771084338, "local_perc": 0.00011551345731777752}, "Maharashtra": {"global_perc": 0.00020611473720371008, "local_perc": 0.0010396211158599977}, "ODISHA": {"global_perc": 3.897647769571064e-05, "local_perc": 0.00023102691463555504}, "Punjab": {"global_perc": 0.002543518003338367, "local_perc": 0.0036964306341688807}, "RAJASTHAN": {"global_perc": 2.238538681948424e-05, "local_perc": 0.00011551345731777752}, "TRIPURA": {"global_perc": 0.0034285714285714284, "local_perc": 0.00034654037195333255}, "UTTAR PRADESH": {"global_perc": 0.0001217524865603986, "local_perc": 0.0015016749451311079}, "UTTARAKHAND": {"global_perc": 0.0014887155362353361, "local_perc": 0.002887836432944438}, "West Bengal": {"global_perc": 0.0004724252822119449, "local_perc": 0.002194755689037773}}, "partition_field": "Stat_Nam", "Vil_Nam": "Thuru", "Stat_Nam": "JAMMU & KASHMIR"}, {"data": [["Mob_Heal_Clin_Num", 2.0], ["Mob_Heal_Clin_Par_Med_Staf_In_Pos_Num", 5.0], 0.4], "data_low": {"Stat_Nam": "JAMMU & KASHMIR", "Vil_Nam": "Chatar Koote", "Mob_Heal_Clin_Num": "1", "Mob_Heal_Clin_Par_Med_Staf_In_Pos_Num": "2", "id": 340}, "data_high": {"Stat_Nam": "West Bengal", "Vil_Nam": "Pithakiari", "Mob_Heal_Clin_Num": "5", "Mob_Heal_Clin_Par_Med_Staf_In_Pos_Num": "10", "id": 317032}, "perc": 0.12621943875707575, "metric": 99.87378116060547, "value_global_local": {"ASSAM": {"global_perc": 0.0007577192650123129, "local_perc": 0.02544529262086514}, "Arunachal Pradesh": {"global_perc": 0.0005367686527106817, "local_perc": 0.003816793893129771}, "CHANDIGARH": {"global_perc": 0.8, "local_perc": 0.005089058524173028}, "CHHATTISGARH": {"global_perc": 0.00024843486037960845, "local_perc": 0.006361323155216285}, "JAMMU & KASHMIR": {"global_perc": 0.001220814893941706, "local_perc": 0.010178117048346057}, "JHARKHAND": {"global_perc": 0.001234796567265543, "local_perc": 0.05089058524173028}, "KARNATAKA": {"global_perc": 0.0006816632583503749, "local_perc": 0.02544529262086514}, "KERALA": {"global_perc": 0.01768172888015717, "local_perc": 0.022900763358778626}, "MADHYA PRADESH": {"global_perc": 0.005919530808881118, "local_perc": 0.41348600508905853}, "Maharashtra": {"global_perc": 0.0006412458490782091, "local_perc": 0.035623409669211195}, "ODISHA": {"global_perc": 7.795295539142128e-05, "local_perc": 0.005089058524173028}, "Punjab": {"global_perc": 0.0015896987520864795, "local_perc": 0.02544529262086514}, "RAJASTHAN": {"global_perc": 0.0018356017191977078, "local_perc": 0.10432569974554708}, "TRIPURA": {"global_perc": 0.002285714285714286, "local_perc": 0.002544529262086514}, "UTTAR PRADESH": {"global_perc": 0.0009740198924831888, "local_perc": 0.13231552162849872}, "UTTARAKHAND": {"global_perc": 0.003036979693920086, "local_perc": 0.0648854961832061}, "West Bengal": {"global_perc": 0.0012929534039484807, "local_perc": 0.06615776081424936}}, "partition_field": "Stat_Nam", "Vil_Nam": "Rori Kapura (138)", "Stat_Nam": "Punjab"}, {"data": [["Mob_Heal_Clin_Num", 1.0], ["Mob_Heal_Clin_Par_Med_Staf_In_Pos_Num", 1.0], 1.0], "data_low": {"Stat_Nam": "JAMMU & KASHMIR", "Vil_Nam": "Maidan Pora", "Mob_Heal_Clin_Num": "1", "Mob_Heal_Clin_Par_Med_Staf_In_Pos_Num": "1", "id": 20}, "data_high": {"Stat_Nam": "TRIPURA", "Vil_Nam": "Purba Debendranagar (Part)", "Mob_Heal_Clin_Num": "5", "Mob_Heal_Clin_Par_Med_Staf_In_Pos_Num": "5", "id": 270932}, "perc": 0.44674615600786866, "metric": 99.55325384399214, "value_global_local": {"ASSAM": {"global_perc": 0.0002652017427543095, "local_perc": 0.0025161754133716753}, "CHHATTISGARH": {"global_perc": 0.00029812183245553017, "local_perc": 0.002156721782890007}, "HIMACHAL PRADESH": {"global_perc": 9.666505558240696e-05, "local_perc": 0.0007189072609633358}, "JAMMU & KASHMIR": {"global_perc": 0.003509842820082405, "local_perc": 0.00826743350107836}, "JHARKHAND": {"global_perc": 0.007748348459591282, "local_perc": 0.09022286125089864}, "KARNATAKA": {"global_perc": 0.0020790729379686437, "local_perc": 0.02192667145938174}, "KERALA": {"global_perc": 0.021611001964636542, "local_perc": 0.007907979870596693}, "MADHYA PRADESH": {"global_perc": 0.008014134018177512, "local_perc": 0.15815959741193386}, "MIZORAM": {"global_perc": 0.0024096385542168677, "local_perc": 0.0007189072609633358}, "Maharashtra": {"global_perc": 0.02784839115996794, "local_perc": 0.4370956146657081}, "NCT OF DELHI": {"global_perc": 0.044642857142857144, "local_perc": 0.0017972681524083393}, "Punjab": {"global_perc": 0.0450679596216517, "local_perc": 0.2038102084831057}, "TRIPURA": {"global_perc": 0.009142857142857144, "local_perc": 0.002875629043853343}, "UTTAR PRADESH": {"global_perc": 0.0009646543165939274, "local_perc": 0.03702372393961179}, "UTTARAKHAND": {"global_perc": 0.001965104507830644, "local_perc": 0.01186196980589504}, "West Bengal": {"global_perc": 0.0008951215873489483, "local_perc": 0.012940330697340043}}, "partition_field": "Stat_Nam", "Vil_Nam": "Maidan Pora", "Stat_Nam": "JAMMU & KASHMIR"}, {"data": [["Mob_Heal_Clin_Num", 3.0], ["Mob_Heal_Clin_Par_Med_Staf_In_Pos_Num", 2.0], 1.5], "data_low": {"Stat_Nam": "UTTARAKHAND", "Vil_Nam": "Karokhi", "Mob_Heal_Clin_Num": "3", "Mob_Heal_Clin_Par_Med_Staf_In_Pos_Num": "2", "id": 41871}, "data_high": {"Stat_Nam": "UTTARAKHAND", "Vil_Nam": "Karokhi", "Mob_Heal_Clin_Num": "3", "Mob_Heal_Clin_Par_Med_Staf_In_Pos_Num": "2", "id": 41871}, "perc": 0.0003211690553615159, "metric": 99.99967833084622, "value_global_local": {}, "partition_field": null, "Vil_Nam": "Karokhi", "Stat_Nam": "UTTARAKHAND"}, {"data": [["Mob_Heal_Clin_Num", 2.0], ["Mob_Heal_Clin_Par_Med_Staf_In_Pos_Num", 1.0], 2.0], "data_low": {"Stat_Nam": "JAMMU & KASHMIR", "Vil_Nam": "Tantna", "Mob_Heal_Clin_Num": "2", "Mob_Heal_Clin_Par_Med_Staf_In_Pos_Num": "1", "id": 4093}, "data_high": {"Stat_Nam": "JAMMU & KASHMIR", "Vil_Nam": "Tantna", "Mob_Heal_Clin_Num": "2", "Mob_Heal_Clin_Par_Med_Staf_In_Pos_Num": "1", "id": 4093}, "perc": 0.0057810429965072865, "metric": 99.99421795686129, "value_global_local": {"JAMMU & KASHMIR": {"global_perc": 0.00015260186174271325, "local_perc": 0.027777777777777776}, "MADHYA PRADESH": {"global_perc": 5.464182285121031e-05, "local_perc": 0.08333333333333333}, "Punjab": {"global_perc": 0.0020666083777124236, "local_perc": 0.7222222222222222}, "TRIPURA": {"global_perc": 0.001142857142857143, "local_perc": 0.027777777777777776}, "UTTAR PRADESH": {"global_perc": 3.7462303557045726e-05, "local_perc": 0.1111111111111111}, "UTTARAKHAND": {"global_perc": 5.954862144941345e-05, "local_perc": 0.027777777777777776}}, "partition_field": "Stat_Nam", "Vil_Nam": "Tantna", "Stat_Nam": "JAMMU & KASHMIR"}, {"data": [["Mob_Heal_Clin_Num", 5.0], ["Mob_Heal_Clin_Par_Med_Staf_In_Pos_Num", 1.0], 5.0], "data_low": {"Stat_Nam": "TRIPURA", "Vil_Nam": "Purba Debendranagar (Part)", "Mob_Heal_Clin_Num": "5", "Mob_Heal_Clin_Par_Med_Staf_In_Pos_Num": "1", "id": 270921}, "data_high": {"Stat_Nam": "TRIPURA", "Vil_Nam": "Purba Debendranagar (Part)", "Mob_Heal_Clin_Num": "5", "Mob_Heal_Clin_Par_Med_Staf_In_Pos_Num": "1", "id": 270921}, "perc": 0.00016058452768075794, "metric": 99.99983541467863, "value_global_local": {}, "partition_field": null, "Vil_Nam": "Purba Debendranagar (Part)", "Stat_Nam": "TRIPURA"}, {"data": [["Mob_Heal_Clin_Num", 10.0], ["Mob_Heal_Clin_Par_Med_Staf_In_Pos_Num", 1.0], 10.0], "data_low": {"Stat_Nam": "JAMMU & KASHMIR", "Vil_Nam": "Desa", "Mob_Heal_Clin_Num": "10", "Mob_Heal_Clin_Par_Med_Staf_In_Pos_Num": "1", "id": 4047}, "data_high": {"Stat_Nam": "JAMMU & KASHMIR", "Vil_Nam": "Desa", "Mob_Heal_Clin_Num": "10", "Mob_Heal_Clin_Par_Med_Staf_In_Pos_Num": "1", "id": 4047}, "perc": 0.00016058452768075794, "metric": 99.99983041368651, "value_global_local": {}, "partition_field": null, "Vil_Nam": "Desa", "Stat_Nam": "JAMMU & KASHMIR"}, {"data": [["Mob_Heal_Clin_Num", 1.0], ["Mob_Heal_Clin_Par_Med_Staf_In_Pos_Num", 0.0], 9999], "data_low": {"Stat_Nam": "JAMMU & KASHMIR", "Vil_Nam": "Thiksey", "Mob_Heal_Clin_Num": "1", "Mob_Heal_Clin_Par_Med_Staf_In_Pos_Num": "0", "id": 847}, "data_high": {"Stat_Nam": "West Bengal", "Vil_Nam": "Chandipur", "Mob_Heal_Clin_Num": "9", "Mob_Heal_Clin_Par_Med_Staf_In_Pos_Num": "", "id": 333262}, "perc": 0.2119715765386005, "metric": 99.77804962071886, "value_global_local": {"CHHATTISGARH": {"global_perc": 0.005863062704958759, "local_perc": 0.0893939393939394}, "HIMACHAL PRADESH": {"global_perc": 0.0004349927501208313, "local_perc": 0.006818181818181818}, "JAMMU & KASHMIR": {"global_perc": 0.0007630093087135663, "local_perc": 0.003787878787878788}, "JHARKHAND": {"global_perc": 0.0006482681978144101, "local_perc": 0.015909090909090907}, "MADHYA PRADESH": {"global_perc": 0.006648088446897255, "local_perc": 0.2765151515151515}, "MANIPUR": {"global_perc": 0.0003874467260751647, "local_perc": 0.0007575757575757576}, "MIZORAM": {"global_perc": 0.024096385542168676, "local_perc": 0.015151515151515152}, "Punjab": {"global_perc": 0.00015896987520864795, "local_perc": 0.0015151515151515152}, "TRIPURA": {"global_perc": 0.001142857142857143, "local_perc": 0.0007575757575757576}, "UTTAR PRADESH": {"global_perc": 0.0035963811414763893, "local_perc": 0.2909090909090909}, "West Bengal": {"global_perc": 0.00979660848376349, "local_perc": 0.29848484848484846}}, "partition_field": "Stat_Nam", "Vil_Nam": "Thiksey", "Stat_Nam": "JAMMU & KASHMIR"}, {"data": [["Mob_Heal_Clin_Num", 0], ["Mob_Heal_Clin_Par_Med_Staf_In_Pos_Num", 0], 99980001], "data_low": {"Stat_Nam": "JAMMU & KASHMIR", "Vil_Nam": "Bore", "Mob_Heal_Clin_Num": "", "Mob_Heal_Clin_Par_Med_Staf_In_Pos_Num": "", "id": 0}, "data_high": {"Stat_Nam": "JAMMU & KASHMIR", "Vil_Nam": "Palmar", "Mob_Heal_Clin_Num": "Mob_Num", "Mob_Heal_Clin_Par_Med_Staf_In_Pos_Num": "Mob_ppos", "id": 4582}, "perc": 97.79886787907985, "metric": 9.781843058701296e-07, "value_global_local": {"": {"global_perc": 1.0, "local_perc": 3.2839751862834924e-06}, "ANDAMAN & NICOBAR ISLANDS": {"global_perc": 1.0, "local_perc": 0.0009113031141936692}, "ANDHRA PRADESH": {"global_perc": 0.7026618705035971, "local_perc": 0.03207458564443087}, "ASSAM": {"global_perc": 0.9945065353286607, "local_perc": 0.04310217431997084}, "Arunachal Pradesh": {"global_perc": 0.9987475398103417, "local_perc": 0.009165574744917228}, "BIHAR": {"global_perc": 1.0, "local_perc": 0.07368255125464272}, "CHHATTISGARH": {"global_perc": 0.9933916327139024, "local_perc": 0.03282825794968293}, "DAMAN & DIU": {"global_perc": 1.0, "local_perc": 3.119776426969318e-05}, "Dadra & Nagar Haveli": {"global_perc": 1.0, "local_perc": 0.00010672919355421351}, "GOA": {"global_perc": 1.0, "local_perc": 0.0005484238561093433}, "HARYANA": {"global_perc": 1.0, "local_perc": 0.011232837124682685}, "HIMACHAL PRADESH": {"global_perc": 0.9994683421942968, "local_perc": 0.03395466143857817}, "JAMMU & KASHMIR": {"global_perc": 0.9932855180833207, "local_perc": 0.010687697243759627}, "JHARKHAND": {"global_perc": 0.989319009693153, "local_perc": 0.05262241838500668}, "KARNATAKA": {"global_perc": 0.9969325153374233, "local_perc": 0.04802813709939608}, "KERALA": {"global_perc": 0.9587426326129665, "local_perc": 0.0016025798909063444}, "LAKSHADWEEP": {"global_perc": 1.0, "local_perc": 3.448173945597667e-05}, "MADHYA PRADESH": {"global_perc": 0.9752836821303026, "local_perc": 0.08792186766236794}, "MANIPUR": {"global_perc": 0.9996125532739248, "local_perc": 0.004236327990305705}, "MIZORAM": {"global_perc": 0.9722891566265061, "local_perc": 0.0013250839876653893}, "Maharashtra": {"global_perc": 0.9712813466162831, "local_perc": 0.0696383358127346}, "Meghalaya": {"global_perc": 1.0, "local_perc": 0.011229553149496403}, "NAGALAND": {"global_perc": 0.9992997198879552, "local_perc": 0.0023431162954132717}, "NCT OF DELHI": {"global_perc": 0.9553571428571429, "local_perc": 0.00017569267246616684}, "ODISHA": {"global_perc": 0.9998830705669128, "local_perc": 0.08424545744132357}, "PUDUCHERRY": {"global_perc": 1.0, "local_perc": 0.00014777888338275716}, "Punjab": {"global_perc": 0.9484142754947937, "local_perc": 0.019592195961367315}, "RAJASTHAN": {"global_perc": 0.9981420128939829, "local_perc": 0.07321458479059732}, "SIKKIM": {"global_perc": 1.0, "local_perc": 0.0007405364045069275}, "TRIPURA": {"global_perc": 0.9817142857142858, "local_perc": 0.00141046734250876}, "Tamil Nadu": {"global_perc": 1.0, "local_perc": 0.026237319750811963}, "UTTAR PRADESH": {"global_perc": 0.9942963642834398, "local_perc": 0.17432161282589348}, "UTTARAKHAND": {"global_perc": 0.9933305543976657, "local_perc": 0.02738999504119747}, "West Bengal": {"global_perc": 0.9875180267541896, "local_perc": 0.06521317924921759}}, "partition_field": "Stat_Nam", "Vil_Nam": "Bore", "Stat_Nam": "JAMMU & KASHMIR"}]