[{"data": [["TB_Clin_Doc_In_Pos_Num", 0.0], ["TB_Clin_Num", 1.0], 0.0], "data_low": {"Stat_Nam": "UTTAR PRADESH", "Vil_Nam": "Habibpur Dajram", "TB_Clin_Num": "1", "TB_Clin_Doc_In_Pos_Num": "", "id": 126784}, "data_high": {"Stat_Nam": "HIMACHAL PRADESH", "Vil_Nam": "Gohar (63)", "TB_Clin_Num": "1", "TB_Clin_Doc_In_Pos_Num": "0", "id": 15261}, "perc": 0.2543658918463206, "metric": 99.74563510580954, "value_global_local": {"ANDAMAN & NICOBAR ISLANDS": {"global_perc": 0.014414414414414415, "local_perc": 0.005050505050505051}, "BIHAR": {"global_perc": 0.00956010161786335, "local_perc": 0.2708333333333333}, "CHHATTISGARH": {"global_perc": 0.003726522905694127, "local_perc": 0.04734848484848485}, "GOA": {"global_perc": 0.0029940119760479044, "local_perc": 0.0006313131313131314}, "HARYANA": {"global_perc": 0.003654436485893875, "local_perc": 0.015782828282828284}, "HIMACHAL PRADESH": {"global_perc": 4.833252779120348e-05, "local_perc": 0.0006313131313131314}, "JHARKHAND": {"global_perc": 0.002222633821077977, "local_perc": 0.045454545454545456}, "KARNATAKA": {"global_perc": 0.00027266530334015, "local_perc": 0.005050505050505051}, "KERALA": {"global_perc": 0.003929273084479371, "local_perc": 0.0025252525252525255}, "MADHYA PRADESH": {"global_perc": 0.0003824927599584722, "local_perc": 0.013257575757575758}, "MIZORAM": {"global_perc": 0.012048192771084338, "local_perc": 0.006313131313131313}, "NAGALAND": {"global_perc": 0.0014005602240896359, "local_perc": 0.0012626262626262627}, "RAJASTHAN": {"global_perc": 0.0006267908309455588, "local_perc": 0.017676767676767676}, "SIKKIM": {"global_perc": 0.0022172949002217295, "local_perc": 0.0006313131313131314}, "TRIPURA": {"global_perc": 0.008, "local_perc": 0.004419191919191919}, "UTTAR PRADESH": {"global_perc": 0.0005057410980201173, "local_perc": 0.03409090909090909}, "West Bengal": {"global_perc": 0.020836441394400516, "local_perc": 0.5290404040404041}}, "partition_field": "Stat_Nam", "Vil_Nam": "Gohar (63)", "Stat_Nam": "HIMACHAL PRADESH"}, {"data": [["TB_Clin_Doc_In_Pos_Num", 1.0], ["TB_Clin_Num", 5.0], 0.2], "data_low": {"Stat_Nam": "West Bengal", "Vil_Nam": "Gogla", "TB_Clin_Num": "5", "TB_Clin_Doc_In_Pos_Num": "1", "id": 317236}, "data_high": {"Stat_Nam": "West Bengal", "Vil_Nam": "Gogla", "TB_Clin_Num": "5", "TB_Clin_Doc_In_Pos_Num": "1", "id": 317236}, "perc": 0.00016058452768075794, "metric": 99.99984021563107, "value_global_local": {}, "partition_field": null, "Vil_Nam": "Gogla", "Stat_Nam": "West Bengal"}, {"data": [["TB_Clin_Doc_In_Pos_Num", 1.0], ["TB_Clin_Num", 3.0], 0.3333333333333333], "data_low": {"Stat_Nam": "West Bengal", "Vil_Nam": "Kandara", "TB_Clin_Num": "3", "TB_Clin_Doc_In_Pos_Num": "1", "id": 317688}, "data_high": {"Stat_Nam": "West Bengal", "Vil_Nam": "Kandara", "TB_Clin_Num": "3", "TB_Clin_Doc_In_Pos_Num": "1", "id": 317688}, "perc": 0.00016058452768075794, "metric": 99.99984008227126, "value_global_local": {}, "partition_field": null, "Vil_Nam": "Kandara", "Stat_Nam": "West Bengal"}, {"data": [["TB_Clin_Doc_In_Pos_Num", 1.0], ["TB_Clin_Num", 2.0], 0.5], "data_low": {"Stat_Nam": "JAMMU & KASHMIR", "Vil_Nam": "Singh Pora", "TB_Clin_Num": "2", "TB_Clin_Doc_In_Pos_Num": "1", "id": 2330}, "data_high": {"Stat_Nam": "JAMMU & KASHMIR", "Vil_Nam": "Singh Pora", "TB_Clin_Num": "2", "TB_Clin_Doc_In_Pos_Num": "1", "id": 2330}, "perc": 0.004496366775061223, "metric": 99.99550413330246, "value_global_local": {"JAMMU & KASHMIR": {"global_perc": 0.00015260186174271325, "local_perc": 0.03571428571428571}, "KERALA": {"global_perc": 0.0009823182711198428, "local_perc": 0.03571428571428571}, "MADHYA PRADESH": {"global_perc": 1.821394095040344e-05, "local_perc": 0.03571428571428571}, "Punjab": {"global_perc": 0.0014307288768778317, "local_perc": 0.6428571428571429}, "UTTARAKHAND": {"global_perc": 0.0002381944857976538, "local_perc": 0.14285714285714285}, "West Bengal": {"global_perc": 7.459346561241235e-05, "local_perc": 0.10714285714285714}}, "partition_field": "Stat_Nam", "Vil_Nam": "Singh Pora", "Stat_Nam": "JAMMU & KASHMIR"}, {"data": [["TB_Clin_Doc_In_Pos_Num", 2.0], ["TB_Clin_Num", 3.0], 0.6666666666666666], "data_low": {"Stat_Nam": "West Bengal", "Vil_Nam": "Margram", "TB_Clin_Num": "3", "TB_Clin_Doc_In_Pos_Num": "2", "id": 315001}, "data_high": {"Stat_Nam": "West Bengal", "Vil_Nam": "Margram", "TB_Clin_Num": "3", "TB_Clin_Doc_In_Pos_Num": "2", "id": 315001}, "perc": 0.00016058452768075794, "metric": 99.99983974887178, "value_global_local": {}, "partition_field": null, "Vil_Nam": "Margram", "Stat_Nam": "West Bengal"}, {"data": [["TB_Clin_Doc_In_Pos_Num", 1.0], ["TB_Clin_Num", 1.0], 1.0], "data_low": {"Stat_Nam": "JAMMU & KASHMIR", "Vil_Nam": "Halmat Pora", "TB_Clin_Num": "1", "TB_Clin_Doc_In_Pos_Num": "1", "id": 55}, "data_high": {"Stat_Nam": "Tamil Nadu", "Vil_Nam": "Desavilakku", "TB_Clin_Num": "3", "TB_Clin_Doc_In_Pos_Num": "3", "id": 611290}, "perc": 1.2776105022281103, "metric": 98.72238949777189, "value_global_local": {"": {"global_perc": 0.014901762024888746, "local_perc": 0.9756158873805932}, "ADHARPUR": {"global_perc": 0.25, "local_perc": 0.00012569130216189038}, "AILEE": {"global_perc": 1.0, "local_perc": 0.00012569130216189038}, "AKBARNAGAR": {"global_perc": 0.1111111111111111, "local_perc": 0.00012569130216189038}, "ALAKDIHA": {"global_perc": 0.5, "local_perc": 0.00012569130216189038}, "AMRAPARA": {"global_perc": 1.0, "local_perc": 0.00012569130216189038}, "ANACHI": {"global_perc": 0.5, "local_perc": 0.00012569130216189038}, "ANDIPATTI": {"global_perc": 0.25, "local_perc": 0.00012569130216189038}, "AREKALHOSAHALLI": {"global_perc": 0.5, "local_perc": 0.00012569130216189038}, "BABHANI": {"global_perc": 0.010416666666666666, "local_perc": 0.00025138260432378077}, "BACHAHALLI": {"global_perc": 1.0, "local_perc": 0.00012569130216189038}, "BAGHA": {"global_perc": 0.25, "local_perc": 0.00012569130216189038}, "BAJODIH": {"global_perc": 1.0, "local_perc": 0.00012569130216189038}, "BALIA": {"global_perc": 0.08333333333333333, "local_perc": 0.00012569130216189038}, "BALLAGAN": {"global_perc": 1.0, "local_perc": 0.00012569130216189038}, "BALMARPADA": {"global_perc": 1.0, "local_perc": 0.00012569130216189038}, "BANDULAHAR": {"global_perc": 1.0, "local_perc": 0.00012569130216189038}, "BARAP": {"global_perc": 0.3333333333333333, "local_perc": 0.00012569130216189038}, "BASAVANAHALLI": {"global_perc": 0.2, "local_perc": 0.00012569130216189038}, "BASEDOUR": {"global_perc": 0.3333333333333333, "local_perc": 0.00012569130216189038}, "BASINI": {"global_perc": 1.0, "local_perc": 0.00012569130216189038}, "BASODIH": {"global_perc": 1.0, "local_perc": 0.00012569130216189038}, "BASOLI MALLI": {"global_perc": 0.5, "local_perc": 0.00012569130216189038}, "BASUDEWPUR": {"global_perc": 1.0, "local_perc": 0.00012569130216189038}, "BEGUMSARAI": {"global_perc": 1.0, "local_perc": 0.00012569130216189038}, "BELDIHRI": {"global_perc": 0.3333333333333333, "local_perc": 0.00012569130216189038}, "BHANDRA": {"global_perc": 0.3333333333333333, "local_perc": 0.00012569130216189038}, "BIGHAPUR": {"global_perc": 1.0, "local_perc": 0.00012569130216189038}, "BILISIRI": {"global_perc": 0.5, "local_perc": 0.00012569130216189038}, "BUDGADDA": {"global_perc": 0.5, "local_perc": 0.00025138260432378077}, "CHAK BAMUN": {"global_perc": 0.3333333333333333, "local_perc": 0.00012569130216189038}, "CHAND": {"global_perc": 0.2, "local_perc": 0.00012569130216189038}, "CHANDDIH": {"global_perc": 0.5, "local_perc": 0.00012569130216189038}, "CHATIKONA": {"global_perc": 0.2857142857142857, "local_perc": 0.00025138260432378077}, "CHHANGLA": {"global_perc": 0.2, "local_perc": 0.00012569130216189038}, "CHILOI": {"global_perc": 0.3333333333333333, "local_perc": 0.00012569130216189038}, "CHIRKUWEDA": {"global_perc": 1.0, "local_perc": 0.00012569130216189038}, "CHORA": {"global_perc": 0.25, "local_perc": 0.00012569130216189038}, "CHORAIN": {"global_perc": 1.0, "local_perc": 0.00012569130216189038}, "DADADAHALLI": {"global_perc": 1.0, "local_perc": 0.00012569130216189038}, "DAMERIKIA": {"global_perc": 1.0, "local_perc": 0.00012569130216189038}, "DANMOCHHE": {"global_perc": 0.5, "local_perc": 0.00012569130216189038}, "DARAPUR": {"global_perc": 0.2, "local_perc": 0.00012569130216189038}, "DEDUWA": {"global_perc": 1.0, "local_perc": 0.00012569130216189038}, "DEGO DEHARI": {"global_perc": 1.0, "local_perc": 0.00012569130216189038}, "DHANNYACHARA": {"global_perc": 1.0, "local_perc": 0.00012569130216189038}, "DHUNA": {"global_perc": 0.3333333333333333, "local_perc": 0.00012569130216189038}, "DUIKASAI": {"global_perc": 1.0, "local_perc": 0.00012569130216189038}, "DURGI": {"global_perc": 0.6666666666666666, "local_perc": 0.0005027652086475615}, "ERKI": {"global_perc": 1.0, "local_perc": 0.00012569130216189038}, "FATEHPUR": {"global_perc": 0.015873015873015872, "local_perc": 0.00012569130216189038}, "FRANGAMATIA": {"global_perc": 1.0, "local_perc": 0.00012569130216189038}, "FULANG": {"global_perc": 0.3333333333333333, "local_perc": 0.00012569130216189038}, "GACHRA": {"global_perc": 1.0, "local_perc": 0.00012569130216189038}, "GANGATI": {"global_perc": 1.0, "local_perc": 0.00025138260432378077}, "GAON": {"global_perc": 0.06666666666666667, "local_perc": 0.00012569130216189038}, "GARHWA": {"global_perc": 0.14285714285714285, "local_perc": 0.00012569130216189038}, "GIRIYA": {"global_perc": 0.5, "local_perc": 0.00012569130216189038}, "GOPICHAK": {"global_perc": 1.0, "local_perc": 0.00012569130216189038}, "GOVINDAMPALAYAM": {"global_perc": 0.5, "local_perc": 0.00012569130216189038}, "GUMMIDIPOONDI": {"global_perc": 0.5, "local_perc": 0.00012569130216189038}, "GUMRU": {"global_perc": 0.3333333333333333, "local_perc": 0.00012569130216189038}, "GYANPUR": {"global_perc": 0.034482758620689655, "local_perc": 0.00012569130216189038}, "HARHUA": {"global_perc": 0.6666666666666666, "local_perc": 0.00025138260432378077}, "HARIHARPUR": {"global_perc": 0.03225806451612903, "local_perc": 0.00012569130216189038}, "HARNA": {"global_perc": 0.5, "local_perc": 0.00012569130216189038}, "HULIYAR": {"global_perc": 0.5, "local_perc": 0.00012569130216189038}, "HUNASANAKODIHALLI": {"global_perc": 1.0, "local_perc": 0.00012569130216189038}, "IBRAHIMPUR": {"global_perc": 0.1, "local_perc": 0.00012569130216189038}, "IDAR": {"global_perc": 0.5, "local_perc": 0.00012569130216189038}, "ISHAPUR": {"global_perc": 0.3333333333333333, "local_perc": 0.00012569130216189038}, "ITKHORI": {"global_perc": 0.5, "local_perc": 0.00012569130216189038}, "JAIDPUR": {"global_perc": 1.0, "local_perc": 0.00012569130216189038}, "JAMBANI": {"global_perc": 0.2, "local_perc": 0.00012569130216189038}, "JAMBGI(K.D)": {"global_perc": 1.0, "local_perc": 0.00012569130216189038}, "JARANGA": {"global_perc": 0.5, "local_perc": 0.00012569130216189038}, "JHAMKE": {"global_perc": 1.0, "local_perc": 0.00012569130216189038}, "JOGERISUGA": {"global_perc": 1.0, "local_perc": 0.00012569130216189038}, "K. NUAGAON": {"global_perc": 1.0, "local_perc": 0.0003770739064856712}, "KACHURI": {"global_perc": 0.5, "local_perc": 0.00012569130216189038}, "KAKARIA": {"global_perc": 0.25, "local_perc": 0.00012569130216189038}, "KAKWARA": {"global_perc": 1.0, "local_perc": 0.00012569130216189038}, "KANAUDI": {"global_perc": 0.5, "local_perc": 0.00012569130216189038}, "KANDARMUNDA": {"global_perc": 1.0, "local_perc": 0.00025138260432378077}, "KANDHALA SHEIKAN": {"global_perc": 1.0, "local_perc": 0.00012569130216189038}, "KANIMOH": {"global_perc": 0.16666666666666666, "local_perc": 0.00012569130216189038}, "KANNAPUR HATTI": {"global_perc": 1.0, "local_perc": 0.00012569130216189038}, "KARJA": {"global_perc": 0.5, "local_perc": 0.00012569130216189038}, "KARLI KALH": {"global_perc": 0.2, "local_perc": 0.00012569130216189038}, "KAULI": {"global_perc": 0.14285714285714285, "local_perc": 0.00012569130216189038}, "KESARE": {"global_perc": 1.0, "local_perc": 0.00012569130216189038}, "KESHOPUR": {"global_perc": 0.2, "local_perc": 0.00012569130216189038}, "KHARAJ": {"global_perc": 0.3333333333333333, "local_perc": 0.00012569130216189038}, "KHARAR": {"global_perc": 0.1111111111111111, "local_perc": 0.00012569130216189038}, "KHUN KHUN SARKI": {"global_perc": 0.5, "local_perc": 0.00012569130216189038}, "KONE": {"global_perc": 1.0, "local_perc": 0.00012569130216189038}, "KORI": {"global_perc": 0.2, "local_perc": 0.00012569130216189038}, "KOSDA": {"global_perc": 0.14285714285714285, "local_perc": 0.00012569130216189038}, "KOT GANGURAI": {"global_perc": 1.0, "local_perc": 0.00012569130216189038}, "KOTTARAM": {"global_perc": 1.0, "local_perc": 0.00012569130216189038}, "KUBANDHAMUNI": {"global_perc": 0.5, "local_perc": 0.00012569130216189038}, "KUDKI": {"global_perc": 0.5, "local_perc": 0.00012569130216189038}, "KUDUTULI": {"global_perc": 0.6666666666666666, "local_perc": 0.00025138260432378077}, "KUKURBAGHI": {"global_perc": 0.0625, "local_perc": 0.00012569130216189038}, "KULLATHILVAI": {"global_perc": 0.3333333333333333, "local_perc": 0.00012569130216189038}, "KUMIZHI": {"global_perc": 1.0, "local_perc": 0.00012569130216189038}, "KURMADIH": {"global_perc": 1.0, "local_perc": 0.00012569130216189038}, "KURSI": {"global_perc": 0.3333333333333333, "local_perc": 0.00012569130216189038}, "LANJI": {"global_perc": 1.0, "local_perc": 0.00012569130216189038}, "MACHAGOWDANAHALLI": {"global_perc": 0.1111111111111111, "local_perc": 0.00012569130216189038}, "MACHONG": {"global_perc": 1.0, "local_perc": 0.00012569130216189038}, "MADHOPUR": {"global_perc": 0.03225806451612903, "local_perc": 0.00012569130216189038}, "MAJHWALIA": {"global_perc": 1.0, "local_perc": 0.00012569130216189038}, "MALIHAPUR": {"global_perc": 1.0, "local_perc": 0.00012569130216189038}, "MARARI KALA": {"global_perc": 0.5, "local_perc": 0.00012569130216189038}, "MAYURHAND": {"global_perc": 0.75, "local_perc": 0.0003770739064856712}, "MELPAKKAM": {"global_perc": 0.5, "local_perc": 0.00012569130216189038}, "MERLE": {"global_perc": 1.0, "local_perc": 0.00012569130216189038}, "MISRAULI": {"global_perc": 1.0, "local_perc": 0.00012569130216189038}, "MORWA": {"global_perc": 1.0, "local_perc": 0.00012569130216189038}, "MULEKALENAHALLI": {"global_perc": 0.1111111111111111, "local_perc": 0.00012569130216189038}, "MULTANIPUR": {"global_perc": 1.0, "local_perc": 0.00012569130216189038}, "MUNAN": {"global_perc": 1.0, "local_perc": 0.00012569130216189038}, "MUNDARGAON": {"global_perc": 1.0, "local_perc": 0.00012569130216189038}, "MUNIPUR": {"global_perc": 0.5, "local_perc": 0.00012569130216189038}, "N.A.": {"global_perc": 0.0007577192650123129, "local_perc": 0.001005530417295123}, "NAGENAHALLI": {"global_perc": 0.16666666666666666, "local_perc": 0.00012569130216189038}, "NALATHWAD": {"global_perc": 0.25, "local_perc": 0.00012569130216189038}, "NAYADIH": {"global_perc": 0.3333333333333333, "local_perc": 0.00012569130216189038}, "NOTAR": {"global_perc": 1.0, "local_perc": 0.00012569130216189038}, "OBRA": {"global_perc": 1.0, "local_perc": 0.00012569130216189038}, "PAIBANSAHI": {"global_perc": 1.0, "local_perc": 0.00012569130216189038}, "PALAKHAMAN": {"global_perc": 1.0, "local_perc": 0.00012569130216189038}, "PALLIKKADU": {"global_perc": 1.0, "local_perc": 0.00012569130216189038}, "PANDEPURA KALA": {"global_perc": 1.0, "local_perc": 0.00025138260432378077}, "PARTAWAL": {"global_perc": 1.0, "local_perc": 0.00012569130216189038}, "PUNAJUR STATE FOREST": {"global_perc": 1.0, "local_perc": 0.00012569130216189038}, "PURAUNI BUZURG": {"global_perc": 1.0, "local_perc": 0.00012569130216189038}, "PURIKONA": {"global_perc": 0.16666666666666666, "local_perc": 0.00012569130216189038}, "RAGHOPUR": {"global_perc": 0.16666666666666666, "local_perc": 0.00012569130216189038}, "RAINAGAR": {"global_perc": 1.0, "local_perc": 0.00012569130216189038}, "RAMDIH": {"global_perc": 0.3333333333333333, "local_perc": 0.00012569130216189038}, "RAMGARHA": {"global_perc": 1.0, "local_perc": 0.00012569130216189038}, "RATNAG": {"global_perc": 0.3333333333333333, "local_perc": 0.00012569130216189038}, "Rahmatpur": {"global_perc": 0.5, "local_perc": 0.00012569130216189038}, "SAHIBGANJ": {"global_perc": 0.05263157894736842, "local_perc": 0.00012569130216189038}, "SAINIPADA": {"global_perc": 1.0, "local_perc": 0.00025138260432378077}, "SALIAGOCHHA": {"global_perc": 1.0, "local_perc": 0.00012569130216189038}, "SAMTHAR": {"global_perc": 0.3333333333333333, "local_perc": 0.00012569130216189038}, "SANKESHWAR TOWN": {"global_perc": 1.0, "local_perc": 0.00012569130216189038}, "SAPAKAMBA": {"global_perc": 1.0, "local_perc": 0.00012569130216189038}, "SARAIA": {"global_perc": 0.5, "local_perc": 0.00025138260432378077}, "SARDAM": {"global_perc": 0.25, "local_perc": 0.00012569130216189038}, "SARUA": {"global_perc": 0.3333333333333333, "local_perc": 0.00012569130216189038}, "SEWAL": {"global_perc": 1.0, "local_perc": 0.00012569130216189038}, "SHIVPUR": {"global_perc": 0.18181818181818182, "local_perc": 0.0005027652086475615}, "SIRUVADI": {"global_perc": 1.0, "local_perc": 0.00012569130216189038}, "SOMINAKOPPA": {"global_perc": 0.16666666666666666, "local_perc": 0.00012569130216189038}, "SUNKA": {"global_perc": 1.0, "local_perc": 0.00012569130216189038}, "TARNA": {"global_perc": 0.5, "local_perc": 0.00012569130216189038}, "TEGRA": {"global_perc": 1.0, "local_perc": 0.00012569130216189038}, "TELAIMAL": {"global_perc": 0.5, "local_perc": 0.00012569130216189038}, "TETRI": {"global_perc": 0.5, "local_perc": 0.00012569130216189038}, "THAGACHAGERE": {"global_perc": 1.0, "local_perc": 0.00012569130216189038}, "THALAGHATTAPURA": {"global_perc": 0.2, "local_perc": 0.00012569130216189038}, "URMAR": {"global_perc": 1.0, "local_perc": 0.00012569130216189038}, "VADAKATTUPATTI": {"global_perc": 1.0, "local_perc": 0.00012569130216189038}, "VELLALAPATTI": {"global_perc": 0.5, "local_perc": 0.00012569130216189038}}, "partition_field": "Near_Vil_Tow_Nam_hav_Prim_School", "Vil_Nam": "Halmat Pora", "Stat_Nam": "JAMMU & KASHMIR"}, {"data": [["TB_Clin_Doc_In_Pos_Num", 2.0], ["TB_Clin_Num", 1.0], 2.0], "data_low": {"Stat_Nam": "JAMMU & KASHMIR", "Vil_Nam": "Nut Nusa", "TB_Clin_Num": "1", "TB_Clin_Doc_In_Pos_Num": "2", "id": 159}, "data_high": {"Stat_Nam": "West Bengal", "Vil_Nam": "Rangilabad", "TB_Clin_Num": "3", "TB_Clin_Doc_In_Pos_Num": "6", "id": 332170}, "perc": 0.08832149022441688, "metric": 99.91167751045894, "value_global_local": {"ANDAMAN & NICOBAR ISLANDS": {"global_perc": 0.0018018018018018018, "local_perc": 0.0018181818181818182}, "Arunachal Pradesh": {"global_perc": 0.0007156915369475756, "local_perc": 0.007272727272727273}, "BIHAR": {"global_perc": 0.003520969826625663, "local_perc": 0.2872727272727273}, "JAMMU & KASHMIR": {"global_perc": 0.0010682130321989928, "local_perc": 0.012727272727272728}, "JHARKHAND": {"global_perc": 0.0003704389701796629, "local_perc": 0.02181818181818182}, "KARNATAKA": {"global_perc": 0.00705521472392638, "local_perc": 0.37636363636363634}, "KERALA": {"global_perc": 0.003929273084479371, "local_perc": 0.007272727272727273}, "MADHYA PRADESH": {"global_perc": 0.00012749758665282407, "local_perc": 0.012727272727272728}, "MANIPUR": {"global_perc": 0.0003874467260751647, "local_perc": 0.0018181818181818182}, "ODISHA": {"global_perc": 5.846471654356596e-05, "local_perc": 0.005454545454545455}, "PUDUCHERRY": {"global_perc": 0.13333333333333333, "local_perc": 0.02181818181818182}, "Punjab": {"global_perc": 0.00015896987520864795, "local_perc": 0.0036363636363636364}, "RAJASTHAN": {"global_perc": 0.00020146848137535817, "local_perc": 0.016363636363636365}, "SIKKIM": {"global_perc": 0.013303769401330377, "local_perc": 0.01090909090909091}, "TRIPURA": {"global_perc": 0.004571428571428572, "local_perc": 0.007272727272727273}, "Tamil Nadu": {"global_perc": 0.00018774641717253895, "local_perc": 0.005454545454545455}, "UTTAR PRADESH": {"global_perc": 0.0006274935845805158, "local_perc": 0.12181818181818181}, "UTTARAKHAND": {"global_perc": 0.000535937593044721, "local_perc": 0.016363636363636365}, "West Bengal": {"global_perc": 0.0008453926102740067, "local_perc": 0.06181818181818182}}, "partition_field": "Stat_Nam", "Vil_Nam": "Nut Nusa", "Stat_Nam": "JAMMU & KASHMIR"}, {"data": [["TB_Clin_Doc_In_Pos_Num", 3.0], ["TB_Clin_Num", 1.0], 3.0], "data_low": {"Stat_Nam": "UTTARAKHAND", "Vil_Nam": "Anand Nagar", "TB_Clin_Num": "1", "TB_Clin_Doc_In_Pos_Num": "3", "id": 55011}, "data_high": {"Stat_Nam": "UTTARAKHAND", "Vil_Nam": "Anand Nagar", "TB_Clin_Num": "1", "TB_Clin_Doc_In_Pos_Num": "3", "id": 55011}, "perc": 0.00867156449476093, "metric": 99.99132643527865, "value_global_local": {"Arunachal Pradesh": {"global_perc": 0.0001789228842368939, "local_perc": 0.018518518518518517}, "JHARKHAND": {"global_perc": 0.00027782922763474715, "local_perc": 0.16666666666666666}, "KARNATAKA": {"global_perc": 0.0004430811179277437, "local_perc": 0.24074074074074073}, "MADHYA PRADESH": {"global_perc": 3.642788190080688e-05, "local_perc": 0.037037037037037035}, "PUDUCHERRY": {"global_perc": 0.05555555555555555, "local_perc": 0.09259259259259259}, "SIKKIM": {"global_perc": 0.0022172949002217295, "local_perc": 0.018518518518518517}, "TRIPURA": {"global_perc": 0.002285714285714286, "local_perc": 0.037037037037037035}, "UTTAR PRADESH": {"global_perc": 0.00014048363833892147, "local_perc": 0.2777777777777778}, "UTTARAKHAND": {"global_perc": 5.954862144941345e-05, "local_perc": 0.018518518518518517}, "West Bengal": {"global_perc": 0.00012432244268735393, "local_perc": 0.09259259259259259}}, "partition_field": "Stat_Nam", "Vil_Nam": "Anand Nagar", "Stat_Nam": "UTTARAKHAND"}, {"data": [["TB_Clin_Doc_In_Pos_Num", 4.0], ["TB_Clin_Num", 1.0], 4.0], "data_low": {"Stat_Nam": "Punjab", "Vil_Nam": "Gharuan (377)", "TB_Clin_Num": "1", "TB_Clin_Doc_In_Pos_Num": "4", "id": 38790}, "data_high": {"Stat_Nam": "Punjab", "Vil_Nam": "Gharuan (377)", "TB_Clin_Num": "1", "TB_Clin_Doc_In_Pos_Num": "4", "id": 38790}, "perc": 0.0049781203581034964, "metric": 99.99501887919118, "value_global_local": {"JHARKHAND": {"global_perc": 0.0004630487127245786, "local_perc": 0.4838709677419355}, "Punjab": {"global_perc": 7.948493760432397e-05, "local_perc": 0.03225806451612903}, "TRIPURA": {"global_perc": 0.001142857142857143, "local_perc": 0.03225806451612903}, "UTTAR PRADESH": {"global_perc": 8.429018300335288e-05, "local_perc": 0.2903225806451613}, "UTTARAKHAND": {"global_perc": 0.0001190972428988269, "local_perc": 0.06451612903225806}, "West Bengal": {"global_perc": 7.459346561241235e-05, "local_perc": 0.0967741935483871}}, "partition_field": "Stat_Nam", "Vil_Nam": "Gharuan (377)", "Stat_Nam": "Punjab"}, {"data": [["TB_Clin_Doc_In_Pos_Num", 5.0], ["TB_Clin_Num", 1.0], 5.0], "data_low": {"Stat_Nam": "JAMMU & KASHMIR", "Vil_Nam": "Danger Pora", "TB_Clin_Num": "1", "TB_Clin_Doc_In_Pos_Num": "5", "id": 2985}, "data_high": {"Stat_Nam": "JAMMU & KASHMIR", "Vil_Nam": "Danger Pora", "TB_Clin_Num": "1", "TB_Clin_Doc_In_Pos_Num": "5", "id": 2985}, "perc": 0.0019270143321690955, "metric": 99.99806898494481, "value_global_local": {}, "partition_field": null, "Vil_Nam": "Danger Pora", "Stat_Nam": "JAMMU & KASHMIR"}, {"data": [["TB_Clin_Doc_In_Pos_Num", 6.0], ["TB_Clin_Num", 1.0], 6.0], "data_low": {"Stat_Nam": "Punjab", "Vil_Nam": "Tahliwala Bodla (229)", "TB_Clin_Num": "1", "TB_Clin_Doc_In_Pos_Num": "6", "id": 34868}, "data_high": {"Stat_Nam": "Punjab", "Vil_Nam": "Tahliwala Bodla (229)", "TB_Clin_Num": "1", "TB_Clin_Doc_In_Pos_Num": "6", "id": 34868}, "perc": 0.0012846762214460635, "metric": 99.99871032284265, "value_global_local": {}, "partition_field": null, "Vil_Nam": "Tahliwala Bodla (229)", "Stat_Nam": "Punjab"}, {"data": [["TB_Clin_Doc_In_Pos_Num", 7.0], ["TB_Clin_Num", 1.0], 7.0], "data_low": {"Stat_Nam": "PUDUCHERRY", "Vil_Nam": "Thirunallar", "TB_Clin_Num": "1", "TB_Clin_Doc_In_Pos_Num": "7", "id": 622165}, "data_high": {"Stat_Nam": "PUDUCHERRY", "Vil_Nam": "Thirunallar", "TB_Clin_Num": "1", "TB_Clin_Doc_In_Pos_Num": "7", "id": 622165}, "perc": 0.00016058452768075794, "metric": 99.99983341428178, "value_global_local": {}, "partition_field": null, "Vil_Nam": "Thirunallar", "Stat_Nam": "PUDUCHERRY"}, {"data": [["TB_Clin_Doc_In_Pos_Num", 9.0], ["TB_Clin_Num", 1.0], 9.0], "data_low": {"Stat_Nam": "West Bengal", "Vil_Nam": "Goalpota", "TB_Clin_Num": "1", "TB_Clin_Doc_In_Pos_Num": "9", "id": 330938}, "data_high": {"Stat_Nam": "West Bengal", "Vil_Nam": "Goalpota", "TB_Clin_Num": "1", "TB_Clin_Doc_In_Pos_Num": "9", "id": 330938}, "perc": 0.00016058452768075794, "metric": 99.99983141388493, "value_global_local": {}, "partition_field": null, "Vil_Nam": "Goalpota", "Stat_Nam": "West Bengal"}, {"data": [["TB_Clin_Doc_In_Pos_Num", 10.0], ["TB_Clin_Num", 1.0], 10.0], "data_low": {"Stat_Nam": "UTTAR PRADESH", "Vil_Nam": "Mishrouli", "TB_Clin_Num": "1", "TB_Clin_Doc_In_Pos_Num": "10", "id": 190279}, "data_high": {"Stat_Nam": "UTTAR PRADESH", "Vil_Nam": "Mishrouli", "TB_Clin_Num": "1", "TB_Clin_Doc_In_Pos_Num": "10", "id": 190279}, "perc": 0.0003211690553615159, "metric": 99.99966982917327, "value_global_local": {}, "partition_field": null, "Vil_Nam": "Mishrouli", "Stat_Nam": "UTTAR PRADESH"}, {"data": [["TB_Clin_Doc_In_Pos_Num", 15.0], ["TB_Clin_Num", 1.0], 15.0], "data_low": {"Stat_Nam": "UTTAR PRADESH", "Vil_Nam": "Sakrapar", "TB_Clin_Num": "1", "TB_Clin_Doc_In_Pos_Num": "15", "id": 190278}, "data_high": {"Stat_Nam": "UTTAR PRADESH", "Vil_Nam": "Sakrapar", "TB_Clin_Num": "1", "TB_Clin_Doc_In_Pos_Num": "15", "id": 190278}, "perc": 0.00016058452768075794, "metric": 99.99982541269439, "value_global_local": {}, "partition_field": null, "Vil_Nam": "Sakrapar", "Stat_Nam": "UTTAR PRADESH"}, {"data": [["TB_Clin_Doc_In_Pos_Num", 3.0], ["TB_Clin_Num", 0.0], 9999], "data_low": {"Stat_Nam": "UTTAR PRADESH", "Vil_Nam": "Pithna Pur", "TB_Clin_Num": "0", "TB_Clin_Doc_In_Pos_Num": "1", "id": 145260}, "data_high": {"Stat_Nam": "UTTAR PRADESH", "Vil_Nam": "Charuhar Ashanandpur", "TB_Clin_Num": "0", "TB_Clin_Doc_In_Pos_Num": "3", "id": 144281}, "perc": 0.008350395439399413, "metric": 99.98165043970016, "value_global_local": {"UTTAR PRADESH": {"global_perc": 0.0004870099462415944, "local_perc": 1.0}}, "partition_field": "Stat_Nam", "Vil_Nam": "Charuhar Ashanandpur", "Stat_Nam": "UTTAR PRADESH"}, {"data": [["TB_Clin_Doc_In_Pos_Num", 0], ["TB_Clin_Num", 0], 99980001], "data_low": {"Stat_Nam": "JAMMU & KASHMIR", "Vil_Nam": "Bore", "TB_Clin_Num": "", "TB_Clin_Doc_In_Pos_Num": "", "id": 0}, "data_high": {"Stat_Nam": "JAMMU & KASHMIR", "Vil_Nam": "Palmar", "TB_Clin_Num": "Tb_Num", "TB_Clin_Doc_In_Pos_Num": "Tb_pos", "id": 4582}, "perc": 98.34870930185876, "metric": 9.836838199457386e-07, "value_global_local": {"null": {"global_perc": 0.9834870930185876, "local_perc": 1.0}}, "partition_field": "Dist_Other", "Vil_Nam": "Bore", "Stat_Nam": "JAMMU & KASHMIR"}]