[{"data": [["Vet_Hos_Doc_Tot_Stren_Num", 0.0], ["Vet_Hos_Par_Med_Staf_Tot_Stren_Num", 3.0], 0.0], "data_low": {"Stat_Nam": "UTTAR PRADESH", "Vil_Nam": "Dabtori", "Vet_Hos_Doc_Tot_Stren_Num": "", "Vet_Hos_Par_Med_Staf_Tot_Stren_Num": "2", "id": 126732}, "data_high": {"Stat_Nam": "West Bengal", "Vil_Nam": "Pedong Khasmahal", "Vet_Hos_Doc_Tot_Stren_Num": "2", "Vet_Hos_Par_Med_Staf_Tot_Stren_Num": "37", "id": 305010}, "perc": 0.1700590148139227, "metric": 99.82994198368519, "value_global_local": {"ANDAMAN & NICOBAR ISLANDS": {"global_perc": 0.012612612612612612, "local_perc": 0.0066100094428706326}, "Arunachal Pradesh": {"global_perc": 0.0003578457684737878, "local_perc": 0.0018885741265344666}, "BIHAR": {"global_perc": 6.685385746757588e-05, "local_perc": 0.0028328611898017}, "HARYANA": {"global_perc": 0.006577985674608975, "local_perc": 0.042492917847025496}, "HIMACHAL PRADESH": {"global_perc": 0.002609956500724988, "local_perc": 0.05099150141643059}, "JAMMU & KASHMIR": {"global_perc": 0.006256676331451244, "local_perc": 0.03871576959395656}, "KARNATAKA": {"global_perc": 0.02634628493524199, "local_perc": 0.7299338999055713}, "MADHYA PRADESH": {"global_perc": 3.642788190080688e-05, "local_perc": 0.0018885741265344666}, "MANIPUR": {"global_perc": 0.001162340178225494, "local_perc": 0.0028328611898017}, "MIZORAM": {"global_perc": 0.008433734939759036, "local_perc": 0.0066100094428706326}, "NAGALAND": {"global_perc": 0.0028011204481792717, "local_perc": 0.003777148253068933}, "PUDUCHERRY": {"global_perc": 0.1111111111111111, "local_perc": 0.009442870632672332}, "TRIPURA": {"global_perc": 0.001142857142857143, "local_perc": 0.0009442870632672333}, "UTTAR PRADESH": {"global_perc": 0.0001873115177852286, "local_perc": 0.018885741265344664}, "West Bengal": {"global_perc": 0.0021632105027599583, "local_perc": 0.0821529745042493}}, "partition_field": "Stat_Nam", "Vil_Nam": "Phey", "Stat_Nam": "JAMMU & KASHMIR"}, {"data": [["Vet_Hos_Doc_Tot_Stren_Num", 1.0], ["Vet_Hos_Par_Med_Staf_Tot_Stren_Num", 9.0], 0.1111111111111111], "data_low": {"Stat_Nam": "JHARKHAND", "Vil_Nam": "Rampur", "Vet_Hos_Doc_Tot_Stren_Num": "1", "Vet_Hos_Par_Med_Staf_Tot_Stren_Num": "9", "id": 360961}, "data_high": {"Stat_Nam": "West Bengal", "Vil_Nam": "Muraripur", "Vet_Hos_Doc_Tot_Stren_Num": "3", "Vet_Hos_Par_Med_Staf_Tot_Stren_Num": "22", "id": 316233}, "perc": 0.044642498695250714, "metric": 99.95535838997455, "value_global_local": {"ANDAMAN & NICOBAR ISLANDS": {"global_perc": 0.007207207207207207, "local_perc": 0.014388489208633094}, "ASSAM": {"global_perc": 0.000644061375260466, "local_perc": 0.06115107913669065}, "Arunachal Pradesh": {"global_perc": 0.0001789228842368939, "local_perc": 0.0035971223021582736}, "BIHAR": {"global_perc": 0.00013370771493515177, "local_perc": 0.02158273381294964}, "CHHATTISGARH": {"global_perc": 0.00014906091622776508, "local_perc": 0.01079136690647482}, "HARYANA": {"global_perc": 0.000146177459435755, "local_perc": 0.0035971223021582736}, "HIMACHAL PRADESH": {"global_perc": 0.0009183180280328661, "local_perc": 0.0683453237410072}, "JAMMU & KASHMIR": {"global_perc": 0.0025942316496261253, "local_perc": 0.06115107913669065}, "JHARKHAND": {"global_perc": 3.086991418163858e-05, "local_perc": 0.0035971223021582736}, "KARNATAKA": {"global_perc": 0.0005794137695978187, "local_perc": 0.06115107913669065}, "KERALA": {"global_perc": 0.008840864440078585, "local_perc": 0.03237410071942446}, "MADHYA PRADESH": {"global_perc": 0.00027320911425605157, "local_perc": 0.0539568345323741}, "MANIPUR": {"global_perc": 0.001162340178225494, "local_perc": 0.01079136690647482}, "Maharashtra": {"global_perc": 2.2901637467078896e-05, "local_perc": 0.0035971223021582736}, "NAGALAND": {"global_perc": 0.0014005602240896359, "local_perc": 0.007194244604316547}, "Punjab": {"global_perc": 7.948493760432397e-05, "local_perc": 0.0035971223021582736}, "RAJASTHAN": {"global_perc": 0.0006267908309455588, "local_perc": 0.10071942446043165}, "TRIPURA": {"global_perc": 0.002285714285714286, "local_perc": 0.007194244604316547}, "Tamil Nadu": {"global_perc": 0.00018774641717253895, "local_perc": 0.01079136690647482}, "UTTAR PRADESH": {"global_perc": 0.0001873115177852286, "local_perc": 0.07194244604316546}, "UTTARAKHAND": {"global_perc": 0.006073959387840172, "local_perc": 0.3669064748201439}, "West Bengal": {"global_perc": 0.0001491869312248247, "local_perc": 0.02158273381294964}}, "partition_field": "Stat_Nam", "Vil_Nam": "Rampur", "Stat_Nam": "JHARKHAND"}, {"data": [["Vet_Hos_Doc_Tot_Stren_Num", 1.0], ["Vet_Hos_Par_Med_Staf_Tot_Stren_Num", 4.0], 0.25], "data_low": {"Stat_Nam": "JAMMU & KASHMIR", "Vil_Nam": "Langet", "Vet_Hos_Doc_Tot_Stren_Num": "1", "Vet_Hos_Par_Med_Staf_Tot_Stren_Num": "4", "id": 200}, "data_high": {"Stat_Nam": "RAJASTHAN", "Vil_Nam": "Barmer City (Rural)", "Vet_Hos_Doc_Tot_Stren_Num": "3", "Vet_Hos_Par_Med_Staf_Tot_Stren_Num": "11", "id": 87680}, "perc": 0.32405957685976955, "metric": 99.67594117085933, "value_global_local": {"ANDAMAN & NICOBAR ISLANDS": {"global_perc": 0.010810810810810811, "local_perc": 0.002973240832507433}, "ANDHRA PRADESH": {"global_perc": 0.007877697841726618, "local_perc": 0.10852329038652131}, "ASSAM": {"global_perc": 0.010418639893919304, "local_perc": 0.13627353815659068}, "Arunachal Pradesh": {"global_perc": 0.0005367686527106817, "local_perc": 0.0014866204162537165}, "BIHAR": {"global_perc": 0.0010696617194812142, "local_perc": 0.023785926660059464}, "CHANDIGARH": {"global_perc": 0.2, "local_perc": 0.0004955401387512388}, "CHHATTISGARH": {"global_perc": 0.0013912352181258073, "local_perc": 0.013875123885034688}, "GOA": {"global_perc": 0.0029940119760479044, "local_perc": 0.0004955401387512388}, "HARYANA": {"global_perc": 0.008039760268966526, "local_perc": 0.027254707631318136}, "HIMACHAL PRADESH": {"global_perc": 0.004639922667955534, "local_perc": 0.04757185332011893}, "JAMMU & KASHMIR": {"global_perc": 0.01922783457958187, "local_perc": 0.062438057482656094}, "JHARKHAND": {"global_perc": 0.0003395690559980243, "local_perc": 0.005450941526263627}, "KARNATAKA": {"global_perc": 0.008316291751874575, "local_perc": 0.12091179385530228}, "KERALA": {"global_perc": 0.13261296660117877, "local_perc": 0.06689791873141725}, "MADHYA PRADESH": {"global_perc": 0.0011110503979746098, "local_perc": 0.03022794846382557}, "MANIPUR": {"global_perc": 0.005036807438977141, "local_perc": 0.006442021803766105}, "MIZORAM": {"global_perc": 0.0012048192771084338, "local_perc": 0.0004955401387512388}, "Maharashtra": {"global_perc": 0.00020611473720371008, "local_perc": 0.0044598612487611496}, "NAGALAND": {"global_perc": 0.0014005602240896359, "local_perc": 0.0009910802775024777}, "Punjab": {"global_perc": 0.003020427628964311, "local_perc": 0.018830525272547076}, "RAJASTHAN": {"global_perc": 0.004947170487106017, "local_perc": 0.10951437066402378}, "SIKKIM": {"global_perc": 0.0022172949002217295, "local_perc": 0.0004955401387512388}, "TRIPURA": {"global_perc": 0.016, "local_perc": 0.006937561942517344}, "Tamil Nadu": {"global_perc": 0.003003942674760623, "local_perc": 0.023785926660059464}, "UTTAR PRADESH": {"global_perc": 0.002303931668758312, "local_perc": 0.12190287413280476}, "UTTARAKHAND": {"global_perc": 0.005597570416244864, "local_perc": 0.04658077304261645}, "West Bengal": {"global_perc": 0.0005470187478243573, "local_perc": 0.010901883052527254}}, "partition_field": "Stat_Nam", "Vil_Nam": "Langet", "Stat_Nam": "JAMMU & KASHMIR"}, {"data": [["Vet_Hos_Doc_Tot_Stren_Num", 3.0], ["Vet_Hos_Par_Med_Staf_Tot_Stren_Num", 8.0], 0.375], "data_low": {"Stat_Nam": "JAMMU & KASHMIR", "Vil_Nam": "Thang Dumbur", "Vet_Hos_Doc_Tot_Stren_Num": "2", "Vet_Hos_Par_Med_Staf_Tot_Stren_Num": "5", "id": 1024}, "data_high": {"Stat_Nam": "HIMACHAL PRADESH", "Vil_Nam": "Holta  (226)", "Vet_Hos_Doc_Tot_Stren_Num": "4", "Vet_Hos_Par_Med_Staf_Tot_Stren_Num": "10", "id": 11714}, "perc": 0.010759163354610784, "metric": 99.98924146170316, "value_global_local": {"ASSAM": {"global_perc": 0.00011365788975184695, "local_perc": 0.04477611940298507}, "BIHAR": {"global_perc": 0.0003342692873378794, "local_perc": 0.22388059701492538}, "CHHATTISGARH": {"global_perc": 4.9686972075921695e-05, "local_perc": 0.014925373134328358}, "HIMACHAL PRADESH": {"global_perc": 0.00019333011116481392, "local_perc": 0.05970149253731343}, "JAMMU & KASHMIR": {"global_perc": 0.0004578055852281398, "local_perc": 0.04477611940298507}, "KARNATAKA": {"global_perc": 3.408316291751875e-05, "local_perc": 0.014925373134328358}, "KERALA": {"global_perc": 0.004911591355599214, "local_perc": 0.07462686567164178}, "Maharashtra": {"global_perc": 2.2901637467078896e-05, "local_perc": 0.014925373134328358}, "RAJASTHAN": {"global_perc": 2.238538681948424e-05, "local_perc": 0.014925373134328358}, "TRIPURA": {"global_perc": 0.001142857142857143, "local_perc": 0.014925373134328358}, "Tamil Nadu": {"global_perc": 6.258213905751299e-05, "local_perc": 0.014925373134328358}, "UTTAR PRADESH": {"global_perc": 3.7462303557045726e-05, "local_perc": 0.05970149253731343}, "UTTARAKHAND": {"global_perc": 0.0011314238075388556, "local_perc": 0.2835820895522388}, "West Bengal": {"global_perc": 0.00019891590829976627, "local_perc": 0.11940298507462686}}, "partition_field": "Stat_Nam", "Vil_Nam": "Srikot Gagnali", "Stat_Nam": "UTTARAKHAND"}, {"data": [["Vet_Hos_Doc_Tot_Stren_Num", 1.0], ["Vet_Hos_Par_Med_Staf_Tot_Stren_Num", 2.0], 0.5], "data_low": {"Stat_Nam": "JAMMU & KASHMIR", "Vil_Nam": "Dudi", "Vet_Hos_Doc_Tot_Stren_Num": "1", "Vet_Hos_Par_Med_Staf_Tot_Stren_Num": "2", "id": 10}, "data_high": {"Stat_Nam": "HIMACHAL PRADESH", "Vil_Nam": "Badghawar  (276)", "Vet_Hos_Doc_Tot_Stren_Num": "4", "Vet_Hos_Par_Med_Staf_Tot_Stren_Num": "8", "id": 11515}, "perc": 1.3066763017383276, "metric": 98.693324191827, "value_global_local": {"": {"global_perc": 0.015375961357553976, "local_perc": 0.9842693867518741}, "AMBALA": {"global_perc": 0.2, "local_perc": 0.00012289541600098315}, "AMLEHAR": {"global_perc": 0.3333333333333333, "local_perc": 0.00012289541600098315}, "AMRUT": {"global_perc": 0.14285714285714285, "local_perc": 0.00012289541600098315}, "BAHADURPUR": {"global_perc": 0.023809523809523808, "local_perc": 0.00012289541600098315}, "BAIJUWAPUR": {"global_perc": 1.0, "local_perc": 0.00012289541600098315}, "BALLA": {"global_perc": 0.1111111111111111, "local_perc": 0.00012289541600098315}, "BARAMATI": {"global_perc": 1.0, "local_perc": 0.00012289541600098315}, "BARAPATI": {"global_perc": 1.0, "local_perc": 0.00012289541600098315}, "BARIGARH": {"global_perc": 1.0, "local_perc": 0.00012289541600098315}, "BELHAN": {"global_perc": 0.3333333333333333, "local_perc": 0.00012289541600098315}, "BHAGWANPUR": {"global_perc": 0.034482758620689655, "local_perc": 0.00012289541600098315}, "BHAKHRA": {"global_perc": 1.0, "local_perc": 0.00012289541600098315}, "BHOTA": {"global_perc": 0.16666666666666666, "local_perc": 0.0002457908320019663}, "BIGHBEHARA": {"global_perc": 0.25, "local_perc": 0.00012289541600098315}, "BOSWAN": {"global_perc": 1.0, "local_perc": 0.00012289541600098315}, "BRAKHARI": {"global_perc": 1.0, "local_perc": 0.00012289541600098315}, "BRUA": {"global_perc": 0.5, "local_perc": 0.00012289541600098315}, "CHAIDE": {"global_perc": 0.1, "local_perc": 0.0002457908320019663}, "CHAMKOTE": {"global_perc": 0.5, "local_perc": 0.00012289541600098315}, "CHAUTHI BAND": {"global_perc": 1.0, "local_perc": 0.00012289541600098315}, "CHIKKUR": {"global_perc": 1.0, "local_perc": 0.00012289541600098315}, "CHINTAKI": {"global_perc": 1.0, "local_perc": 0.00012289541600098315}, "CHIPGI": {"global_perc": 1.0, "local_perc": 0.00012289541600098315}, "CHOKHARA": {"global_perc": 1.0, "local_perc": 0.00012289541600098315}, "DADHWALKAR": {"global_perc": 0.5, "local_perc": 0.00012289541600098315}, "DAIRA": {"global_perc": 1.0, "local_perc": 0.00012289541600098315}, "DANGRI": {"global_perc": 0.125, "local_perc": 0.00012289541600098315}, "GAJODIH": {"global_perc": 1.0, "local_perc": 0.00012289541600098315}, "GANGDIH": {"global_perc": 1.0, "local_perc": 0.00012289541600098315}, "GARH": {"global_perc": 0.1, "local_perc": 0.00012289541600098315}, "GATWAR": {"global_perc": 1.0, "local_perc": 0.00012289541600098315}, "GOVARDHANPUR": {"global_perc": 1.0, "local_perc": 0.0004915816640039326}, "GUTAKBARA": {"global_perc": 1.0, "local_perc": 0.00012289541600098315}, "HARHUA": {"global_perc": 0.3333333333333333, "local_perc": 0.00012289541600098315}, "HARIPUR KALAN": {"global_perc": 1.0, "local_perc": 0.00012289541600098315}, "HAVASPUR": {"global_perc": 1.0, "local_perc": 0.0002457908320019663}, "HUDOLI": {"global_perc": 0.5, "local_perc": 0.00012289541600098315}, "IRUSALAKUPPAM": {"global_perc": 1.0, "local_perc": 0.00012289541600098315}, "ISMAILPUR": {"global_perc": 0.08333333333333333, "local_perc": 0.00012289541600098315}, "JAIJAR": {"global_perc": 0.14285714285714285, "local_perc": 0.00012289541600098315}, "JAMBGI(K.D)": {"global_perc": 1.0, "local_perc": 0.00012289541600098315}, "K. CHINGKHONG": {"global_perc": 0.25, "local_perc": 0.00012289541600098315}, "KALUR": {"global_perc": 1.0, "local_perc": 0.00012289541600098315}, "KANAH BAJNAL": {"global_perc": 0.14285714285714285, "local_perc": 0.00012289541600098315}, "KANDAIKHAL": {"global_perc": 1.0, "local_perc": 0.00012289541600098315}, "KARLI KALH": {"global_perc": 0.2, "local_perc": 0.00012289541600098315}, "KHAIRA": {"global_perc": 0.058823529411764705, "local_perc": 0.00012289541600098315}, "KHARIKURD": {"global_perc": 1.0, "local_perc": 0.00012289541600098315}, "KHERI": {"global_perc": 0.07692307692307693, "local_perc": 0.00012289541600098315}, "KHUMARIPUR": {"global_perc": 1.0, "local_perc": 0.00012289541600098315}, "KISHANPUR": {"global_perc": 0.2222222222222222, "local_perc": 0.0002457908320019663}, "KISHUNPUR": {"global_perc": 0.06666666666666667, "local_perc": 0.00012289541600098315}, "KONI": {"global_perc": 0.16666666666666666, "local_perc": 0.00012289541600098315}, "KUBERPUR KUTULOOPUR": {"global_perc": 1.0, "local_perc": 0.00012289541600098315}, "Kurumpilav": {"global_perc": 1.0, "local_perc": 0.00012289541600098315}, "LAKHWAR": {"global_perc": 0.25, "local_perc": 0.00012289541600098315}, "LATIANA": {"global_perc": 1.0, "local_perc": 0.00012289541600098315}, "LOHARI ENAYATGANJ": {"global_perc": 1.0, "local_perc": 0.00012289541600098315}, "LOHNA": {"global_perc": 0.3333333333333333, "local_perc": 0.00012289541600098315}, "LOPOKE": {"global_perc": 0.5, "local_perc": 0.00012289541600098315}, "M.DURAISWAMIPURAM": {"global_perc": 1.0, "local_perc": 0.00012289541600098315}, "MALOTHI": {"global_perc": 1.0, "local_perc": 0.00012289541600098315}, "MANDRE PUR": {"global_perc": 1.0, "local_perc": 0.00012289541600098315}, "MAYAPUR": {"global_perc": 0.6, "local_perc": 0.0003686862480029495}, "MOHANPUR": {"global_perc": 0.12, "local_perc": 0.0011060587440088485}, "MONGAL": {"global_perc": 1.0, "local_perc": 0.00012289541600098315}, "MUSIRIYAM": {"global_perc": 1.0, "local_perc": 0.00012289541600098315}, "N.A.": {"global_perc": 0.0015154385300246258, "local_perc": 0.0019663266560157305}, "NAGWA": {"global_perc": 0.5, "local_perc": 0.00012289541600098315}, "NAKKAMBADI": {"global_perc": 0.5, "local_perc": 0.00012289541600098315}, "PALASI": {"global_perc": 0.25, "local_perc": 0.00012289541600098315}, "PALLIKKADU": {"global_perc": 1.0, "local_perc": 0.00012289541600098315}, "PAREWA T. KISHANI": {"global_perc": 1.0, "local_perc": 0.00012289541600098315}, "PARTAWAL": {"global_perc": 1.0, "local_perc": 0.00012289541600098315}, "PHULHAR KHURD": {"global_perc": 1.0, "local_perc": 0.00012289541600098315}, "POKHARIYA": {"global_perc": 0.5, "local_perc": 0.00012289541600098315}, "PRANPUR": {"global_perc": 0.09090909090909091, "local_perc": 0.00012289541600098315}, "PULLERI": {"global_perc": 0.5, "local_perc": 0.00012289541600098315}, "RAGHUPUR": {"global_perc": 0.2, "local_perc": 0.00012289541600098315}, "RAMGARHA": {"global_perc": 1.0, "local_perc": 0.00012289541600098315}, "RANIPOKHRI": {"global_perc": 0.25, "local_perc": 0.00012289541600098315}, "SAIFPUR KARAMCHANDPUR": {"global_perc": 1.0, "local_perc": 0.00012289541600098315}, "SAMDAWAR": {"global_perc": 1.0, "local_perc": 0.00012289541600098315}, "SARWABAZAR": {"global_perc": 1.0, "local_perc": 0.00012289541600098315}, "SINGHNI": {"global_perc": 1.0, "local_perc": 0.00012289541600098315}, "SIRHIR": {"global_perc": 1.0, "local_perc": 0.00012289541600098315}, "SIRUVADI": {"global_perc": 1.0, "local_perc": 0.00012289541600098315}, "SITA PUR": {"global_perc": 1.0, "local_perc": 0.00012289541600098315}, "SOMANDURAI": {"global_perc": 1.0, "local_perc": 0.00012289541600098315}, "SUAN": {"global_perc": 0.5, "local_perc": 0.00012289541600098315}, "SURARYOR": {"global_perc": 1.0, "local_perc": 0.00012289541600098315}, "UMARPUR": {"global_perc": 0.125, "local_perc": 0.00012289541600098315}, "UNERA": {"global_perc": 1.0, "local_perc": 0.00012289541600098315}, "USILAMPATTI": {"global_perc": 1.0, "local_perc": 0.00012289541600098315}, "VADASERI NORTH": {"global_perc": 1.0, "local_perc": 0.00012289541600098315}, "VARAKALPATTU": {"global_perc": 1.0, "local_perc": 0.00012289541600098315}}, "partition_field": "Near_Vil_Tow_Nam_hav_Prim_School", "Vil_Nam": "Dudi", "Stat_Nam": "JAMMU & KASHMIR"}, {"data": [["Vet_Hos_Doc_Tot_Stren_Num", 2.0], ["Vet_Hos_Par_Med_Staf_Tot_Stren_Num", 3.0], 0.6666666666666666], "data_low": {"Stat_Nam": "JAMMU & KASHMIR", "Vil_Nam": "Dard Pora", "Vet_Hos_Doc_Tot_Stren_Num": "2", "Vet_Hos_Par_Med_Staf_Tot_Stren_Num": "3", "id": 83}, "data_high": {"Stat_Nam": "UTTARAKHAND", "Vil_Nam": "Jauligrant", "Vet_Hos_Doc_Tot_Stren_Num": "7", "Vet_Hos_Par_Med_Staf_Tot_Stren_Num": "10", "id": 45051}, "perc": 0.0836645389216749, "metric": 99.91633579419938, "value_global_local": {"ANDHRA PRADESH": {"global_perc": 0.0003237410071942446, "local_perc": 0.01727447216890595}, "ASSAM": {"global_perc": 0.0002273157795036939, "local_perc": 0.011516314779270634}, "BIHAR": {"global_perc": 0.0004902616214288898, "local_perc": 0.04222648752399232}, "CHHATTISGARH": {"global_perc": 0.00024843486037960845, "local_perc": 0.009596928982725527}, "HARYANA": {"global_perc": 0.000438532378307265, "local_perc": 0.005758157389635317}, "HIMACHAL PRADESH": {"global_perc": 0.004929917834702755, "local_perc": 0.19577735124760076}, "JAMMU & KASHMIR": {"global_perc": 0.001220814893941706, "local_perc": 0.015355086372360844}, "JHARKHAND": {"global_perc": 9.260974254491573e-05, "local_perc": 0.005758157389635317}, "KARNATAKA": {"global_perc": 0.00017041581458759374, "local_perc": 0.009596928982725527}, "KERALA": {"global_perc": 0.007858546168958742, "local_perc": 0.015355086372360844}, "MADHYA PRADESH": {"global_perc": 0.0035152906034278636, "local_perc": 0.3704414587332054}, "MANIPUR": {"global_perc": 0.0019372336303758234, "local_perc": 0.009596928982725527}, "Maharashtra": {"global_perc": 2.2901637467078896e-05, "local_perc": 0.0019193857965451055}, "Punjab": {"global_perc": 0.0003179397504172959, "local_perc": 0.007677543186180422}, "RAJASTHAN": {"global_perc": 0.0001566977077363897, "local_perc": 0.013435700575815739}, "TRIPURA": {"global_perc": 0.001142857142857143, "local_perc": 0.0019193857965451055}, "Tamil Nadu": {"global_perc": 0.00031291069528756495, "local_perc": 0.009596928982725527}, "UTTAR PRADESH": {"global_perc": 0.0003933541873489801, "local_perc": 0.08061420345489444}, "UTTARAKHAND": {"global_perc": 0.005299827308997797, "local_perc": 0.1708253358925144}, "West Bengal": {"global_perc": 7.459346561241235e-05, "local_perc": 0.005758157389635317}}, "partition_field": "Stat_Nam", "Vil_Nam": "Dard Pora", "Stat_Nam": "JAMMU & KASHMIR"}, {"data": [["Vet_Hos_Doc_Tot_Stren_Num", 4.0], ["Vet_Hos_Par_Med_Staf_Tot_Stren_Num", 5.0], 0.8], "data_low": {"Stat_Nam": "Punjab", "Vil_Nam": "Harnampur (372)", "Vet_Hos_Doc_Tot_Stren_Num": "4", "Vet_Hos_Par_Med_Staf_Tot_Stren_Num": "5", "id": 38513}, "data_high": {"Stat_Nam": "UTTAR PRADESH", "Vil_Nam": "Lisarh", "Vet_Hos_Doc_Tot_Stren_Num": "5", "Vet_Hos_Par_Med_Staf_Tot_Stren_Num": "6", "id": 110124}, "perc": 0.0006423381107230318, "metric": 99.999357861928, "value_global_local": {}, "partition_field": null, "Vil_Nam": "Harnampur (372)", "Stat_Nam": "Punjab"}, {"data": [["Vet_Hos_Doc_Tot_Stren_Num", 1.0], ["Vet_Hos_Par_Med_Staf_Tot_Stren_Num", 1.0], 1.0], "data_low": {"Stat_Nam": "JAMMU & KASHMIR", "Vil_Nam": "Batter Gam", "Vet_Hos_Doc_Tot_Stren_Num": "1", "Vet_Hos_Par_Med_Staf_Tot_Stren_Num": "1", "id": 60}, "data_high": {"Stat_Nam": "UTTAR PRADESH", "Vil_Nam": "Khorabar Urf Soobabazar", "Vet_Hos_Doc_Tot_Stren_Num": "5", "Vet_Hos_Par_Med_Staf_Tot_Stren_Num": "5", "id": 184973}, "perc": 2.6069292223694247, "metric": 97.39307077763057, "value_global_local": {"": {"global_perc": 0.030538820990711837, "local_perc": 0.9798570900579031}, "ADHARPUR": {"global_perc": 0.25, "local_perc": 6.159911297277319e-05}, "AHMEDGARH": {"global_perc": 1.0, "local_perc": 6.159911297277319e-05}, "ALABKPUR": {"global_perc": 1.0, "local_perc": 6.159911297277319e-05}, "ALIYA": {"global_perc": 0.5, "local_perc": 6.159911297277319e-05}, "AMARDOMA": {"global_perc": 0.25, "local_perc": 6.159911297277319e-05}, "ANACHI": {"global_perc": 0.5, "local_perc": 6.159911297277319e-05}, "AREKALHOSAHALLI": {"global_perc": 0.5, "local_perc": 6.159911297277319e-05}, "ATARDEEH": {"global_perc": 1.0, "local_perc": 6.159911297277319e-05}, "ATTARI": {"global_perc": 0.2, "local_perc": 6.159911297277319e-05}, "ATTIBELE": {"global_perc": 0.5, "local_perc": 6.159911297277319e-05}, "B.B.NAGAR": {"global_perc": 0.5, "local_perc": 6.159911297277319e-05}, "BABHANI": {"global_perc": 0.010416666666666666, "local_perc": 0.00012319822594554638}, "BADHGAWAN": {"global_perc": 1.0, "local_perc": 6.159911297277319e-05}, "BADOL": {"global_perc": 0.5, "local_perc": 6.159911297277319e-05}, "BAGAHI": {"global_perc": 0.2, "local_perc": 6.159911297277319e-05}, "BAGGA": {"global_perc": 1.0, "local_perc": 6.159911297277319e-05}, "BAHADURGARH": {"global_perc": 1.0, "local_perc": 6.159911297277319e-05}, "BAKAMI": {"global_perc": 1.0, "local_perc": 6.159911297277319e-05}, "BAKHRUNDA": {"global_perc": 0.2, "local_perc": 6.159911297277319e-05}, "BALLAGAN": {"global_perc": 1.0, "local_perc": 6.159911297277319e-05}, "BALRAMPUR": {"global_perc": 0.1, "local_perc": 6.159911297277319e-05}, "BANDULAHAR": {"global_perc": 1.0, "local_perc": 6.159911297277319e-05}, "BANGA": {"global_perc": 0.5, "local_perc": 6.159911297277319e-05}, "BANGANA": {"global_perc": 0.0625, "local_perc": 6.159911297277319e-05}, "BANGRA": {"global_perc": 0.6666666666666666, "local_perc": 0.00024639645189109276}, "BANSDIH": {"global_perc": 0.1, "local_perc": 6.159911297277319e-05}, "BARARA": {"global_perc": 0.5, "local_perc": 6.159911297277319e-05}, "BASAVANAHALLI": {"global_perc": 0.2, "local_perc": 6.159911297277319e-05}, "BASEDOUR": {"global_perc": 0.3333333333333333, "local_perc": 6.159911297277319e-05}, "BASINI": {"global_perc": 1.0, "local_perc": 6.159911297277319e-05}, "BASSI": {"global_perc": 0.09090909090909091, "local_perc": 6.159911297277319e-05}, "BATOL": {"global_perc": 0.14285714285714285, "local_perc": 6.159911297277319e-05}, "BAWAL": {"global_perc": 0.5, "local_perc": 6.159911297277319e-05}, "BAZARKUNANG": {"global_perc": 0.25, "local_perc": 6.159911297277319e-05}, "BEAR KHURD": {"global_perc": 0.1, "local_perc": 6.159911297277319e-05}, "BEGUMSARAI": {"global_perc": 1.0, "local_perc": 6.159911297277319e-05}, "BEHDALA": {"global_perc": 0.3333333333333333, "local_perc": 6.159911297277319e-05}, "BHAGESARA": {"global_perc": 1.0, "local_perc": 6.159911297277319e-05}, "BHAGWAN PUR": {"global_perc": 0.16666666666666666, "local_perc": 6.159911297277319e-05}, "BHAIRPUR": {"global_perc": 0.5, "local_perc": 6.159911297277319e-05}, "BHALAWAG": {"global_perc": 0.5, "local_perc": 6.159911297277319e-05}, "BHALUANI": {"global_perc": 0.5, "local_perc": 6.159911297277319e-05}, "BHATHAR": {"global_perc": 0.5, "local_perc": 6.159911297277319e-05}, "BHAWAN SINGH NAWAR": {"global_perc": 0.5, "local_perc": 6.159911297277319e-05}, "BHUNGWAR": {"global_perc": 1.0, "local_perc": 0.00012319822594554638}, "BHURIA BHOOR": {"global_perc": 1.0, "local_perc": 6.159911297277319e-05}, "BOHALA": {"global_perc": 1.0, "local_perc": 6.159911297277319e-05}, "BOPPANAHALLI": {"global_perc": 1.0, "local_perc": 6.159911297277319e-05}, "BORAGAONWADI": {"global_perc": 1.0, "local_perc": 6.159911297277319e-05}, "CHAK BAMUN": {"global_perc": 0.6666666666666666, "local_perc": 0.00012319822594554638}, "CHAK NIVRANI": {"global_perc": 1.0, "local_perc": 6.159911297277319e-05}, "CHALAGERI": {"global_perc": 0.3333333333333333, "local_perc": 6.159911297277319e-05}, "CHAMDAR": {"global_perc": 0.25, "local_perc": 6.159911297277319e-05}, "CHAMUWA GUNTH": {"global_perc": 1.0, "local_perc": 6.159911297277319e-05}, "CHAND": {"global_perc": 0.2, "local_perc": 6.159911297277319e-05}, "CHANDDIH": {"global_perc": 0.5, "local_perc": 6.159911297277319e-05}, "CHARKHI": {"global_perc": 0.5, "local_perc": 6.159911297277319e-05}, "CHASU": {"global_perc": 0.2, "local_perc": 6.159911297277319e-05}, "CHAURA": {"global_perc": 0.0625, "local_perc": 6.159911297277319e-05}, "CHEDHI DADWA": {"global_perc": 1.0, "local_perc": 6.159911297277319e-05}, "CHEDI DADWA": {"global_perc": 0.5, "local_perc": 6.159911297277319e-05}, "CHENNAKAL": {"global_perc": 0.3333333333333333, "local_perc": 6.159911297277319e-05}, "CHERUIRAM JAILAL": {"global_perc": 0.5, "local_perc": 6.159911297277319e-05}, "CHETANPURA": {"global_perc": 1.0, "local_perc": 6.159911297277319e-05}, "CHHANGLA": {"global_perc": 0.2, "local_perc": 6.159911297277319e-05}, "CHINGUS": {"global_perc": 1.0, "local_perc": 6.159911297277319e-05}, "CHOWDAPUR": {"global_perc": 1.0, "local_perc": 6.159911297277319e-05}, "DABHIYAR": {"global_perc": 1.0, "local_perc": 6.159911297277319e-05}, "DANASALI": {"global_perc": 0.5, "local_perc": 6.159911297277319e-05}, "DAULATPUR": {"global_perc": 0.02857142857142857, "local_perc": 6.159911297277319e-05}, "DEOTH": {"global_perc": 0.3333333333333333, "local_perc": 6.159911297277319e-05}, "DEVPUR SANWAL": {"global_perc": 0.08333333333333333, "local_perc": 6.159911297277319e-05}, "DHALWARI": {"global_perc": 1.0, "local_perc": 6.159911297277319e-05}, "DHARWAD": {"global_perc": 0.14285714285714285, "local_perc": 6.159911297277319e-05}, "DHAULADEVI": {"global_perc": 1.0, "local_perc": 6.159911297277319e-05}, "DHIRAR": {"global_perc": 0.5, "local_perc": 6.159911297277319e-05}, "DHOLARA": {"global_perc": 0.5, "local_perc": 6.159911297277319e-05}, "DODMANE": {"global_perc": 0.125, "local_perc": 6.159911297277319e-05}, "DUHAK KHURD": {"global_perc": 0.3333333333333333, "local_perc": 6.159911297277319e-05}, "Dhaliwal Bet": {"global_perc": 1.0, "local_perc": 0.00012319822594554638}, "ELLENABAD": {"global_perc": 1.0, "local_perc": 6.159911297277319e-05}, "ETAUNJA": {"global_perc": 0.3333333333333333, "local_perc": 6.159911297277319e-05}, "FATEHPUR": {"global_perc": 0.015873015873015872, "local_perc": 6.159911297277319e-05}, "FULANG": {"global_perc": 0.3333333333333333, "local_perc": 6.159911297277319e-05}, "FURRA": {"global_perc": 0.3333333333333333, "local_perc": 6.159911297277319e-05}, "GAGAL": {"global_perc": 0.2, "local_perc": 6.159911297277319e-05}, "GAGOTI": {"global_perc": 0.25, "local_perc": 6.159911297277319e-05}, "GAHARI": {"global_perc": 1.0, "local_perc": 6.159911297277319e-05}, "GAHNI": {"global_perc": 0.3333333333333333, "local_perc": 6.159911297277319e-05}, "GAON": {"global_perc": 0.2, "local_perc": 0.00018479733891831957}, "GARALAG": {"global_perc": 1.0, "local_perc": 6.159911297277319e-05}, "GARHWA": {"global_perc": 0.14285714285714285, "local_perc": 6.159911297277319e-05}, "GARNI": {"global_perc": 0.07692307692307693, "local_perc": 6.159911297277319e-05}, "GARRICHAK": {"global_perc": 1.0, "local_perc": 6.159911297277319e-05}, "GAWON": {"global_perc": 1.0, "local_perc": 6.159911297277319e-05}, "GIGENAHALLI": {"global_perc": 0.5, "local_perc": 6.159911297277319e-05}, "GOLLARAGUDI": {"global_perc": 0.5, "local_perc": 6.159911297277319e-05}, "GOPALPUR": {"global_perc": 0.008333333333333333, "local_perc": 6.159911297277319e-05}, "GUDDADUR": {"global_perc": 1.0, "local_perc": 6.159911297277319e-05}, "GUMRU": {"global_perc": 0.3333333333333333, "local_perc": 6.159911297277319e-05}, "GURURA": {"global_perc": 1.0, "local_perc": 6.159911297277319e-05}, "HABAN": {"global_perc": 1.0, "local_perc": 6.159911297277319e-05}, "HARDI": {"global_perc": 0.125, "local_perc": 6.159911297277319e-05}, "HAREHR": {"global_perc": 0.5, "local_perc": 6.159911297277319e-05}, "HARGURAIYA": {"global_perc": 1.0, "local_perc": 6.159911297277319e-05}, "HARHUA": {"global_perc": 0.3333333333333333, "local_perc": 6.159911297277319e-05}, "HARIHARPUR": {"global_perc": 0.03225806451612903, "local_perc": 6.159911297277319e-05}, "HARIRAMPUR": {"global_perc": 0.14285714285714285, "local_perc": 6.159911297277319e-05}, "HARNOT": {"global_perc": 1.0, "local_perc": 6.159911297277319e-05}, "HUBLI": {"global_perc": 0.2, "local_perc": 6.159911297277319e-05}, "HUNASANAKODIHALLI": {"global_perc": 1.0, "local_perc": 6.159911297277319e-05}, "IBRAHIMPUR": {"global_perc": 0.1, "local_perc": 6.159911297277319e-05}, "ISHAPUR": {"global_perc": 0.3333333333333333, "local_perc": 6.159911297277319e-05}, "ISMAILA-11B": {"global_perc": 1.0, "local_perc": 6.159911297277319e-05}, "JAGATPUR": {"global_perc": 0.047619047619047616, "local_perc": 6.159911297277319e-05}, "JAIDPUR": {"global_perc": 1.0, "local_perc": 6.159911297277319e-05}, "JANDRU": {"global_perc": 0.5, "local_perc": 6.159911297277319e-05}, "JANGAL GHAT": {"global_perc": 1.0, "local_perc": 6.159911297277319e-05}, "JANGLIANA": {"global_perc": 0.5, "local_perc": 6.159911297277319e-05}, "JATEHRI": {"global_perc": 1.0, "local_perc": 6.159911297277319e-05}, "JATHLANA": {"global_perc": 0.5, "local_perc": 6.159911297277319e-05}, "JHAKHYOY": {"global_perc": 1.0, "local_perc": 6.159911297277319e-05}, "JHAMKE": {"global_perc": 1.0, "local_perc": 6.159911297277319e-05}, "JHARAL": {"global_perc": 0.5, "local_perc": 6.159911297277319e-05}, "JISPA": {"global_perc": 0.5, "local_perc": 6.159911297277319e-05}, "JUGRAJPUR": {"global_perc": 1.0, "local_perc": 6.159911297277319e-05}, "KAFALI": {"global_perc": 1.0, "local_perc": 6.159911297277319e-05}, "KALAGARU": {"global_perc": 0.16666666666666666, "local_perc": 6.159911297277319e-05}, "KALAYAT": {"global_perc": 1.0, "local_perc": 0.00012319822594554638}, "KALEWAL BAGTAN": {"global_perc": 0.5, "local_perc": 6.159911297277319e-05}, "KANADU": {"global_perc": 1.0, "local_perc": 6.159911297277319e-05}, "KANDHALA SHEIKAN": {"global_perc": 1.0, "local_perc": 6.159911297277319e-05}, "KARIALA": {"global_perc": 0.5, "local_perc": 6.159911297277319e-05}, "KASLA": {"global_perc": 0.16666666666666666, "local_perc": 6.159911297277319e-05}, "KATKA": {"global_perc": 0.5, "local_perc": 6.159911297277319e-05}, "KAUL": {"global_perc": 1.0, "local_perc": 6.159911297277319e-05}, "KAYALPUR": {"global_perc": 1.0, "local_perc": 6.159911297277319e-05}, "KEELAIYUR": {"global_perc": 1.0, "local_perc": 6.159911297277319e-05}, "KHAI": {"global_perc": 1.0, "local_perc": 6.159911297277319e-05}, "KHAIRHI": {"global_perc": 0.6666666666666666, "local_perc": 0.00024639645189109276}, "KHALI": {"global_perc": 0.3333333333333333, "local_perc": 6.159911297277319e-05}, "KHANDHAR": {"global_perc": 1.0, "local_perc": 6.159911297277319e-05}, "KHANYOL  BAGRA": {"global_perc": 1.0, "local_perc": 6.159911297277319e-05}, "KHEIRI": {"global_perc": 0.5, "local_perc": 6.159911297277319e-05}, "KHIRANWALI": {"global_perc": 0.5, "local_perc": 6.159911297277319e-05}, "KHUDA": {"global_perc": 0.5, "local_perc": 6.159911297277319e-05}, "KHUTHI": {"global_perc": 0.5, "local_perc": 6.159911297277319e-05}, "KOKKARAPATTY": {"global_perc": 1.0, "local_perc": 6.159911297277319e-05}, "KONE": {"global_perc": 1.0, "local_perc": 6.159911297277319e-05}, "KOPPA S.K": {"global_perc": 1.0, "local_perc": 6.159911297277319e-05}, "KOSARIAN": {"global_perc": 0.5, "local_perc": 6.159911297277319e-05}, "KOSLI": {"global_perc": 0.3333333333333333, "local_perc": 6.159911297277319e-05}, "KOT GANGURAI": {"global_perc": 1.0, "local_perc": 6.159911297277319e-05}, "KOT KAWAL": {"global_perc": 1.0, "local_perc": 6.159911297277319e-05}, "KOTI": {"global_perc": 0.045454545454545456, "local_perc": 6.159911297277319e-05}, "KUMBARHAL": {"global_perc": 1.0, "local_perc": 6.159911297277319e-05}, "KUNNAVAKKAM": {"global_perc": 0.5, "local_perc": 6.159911297277319e-05}, "LAHRU": {"global_perc": 0.125, "local_perc": 6.159911297277319e-05}, "LALGANJ": {"global_perc": 0.16, "local_perc": 0.00024639645189109276}, "LAMACHAUR KHAS": {"global_perc": 0.25, "local_perc": 6.159911297277319e-05}, "LATHYANI": {"global_perc": 0.125, "local_perc": 6.159911297277319e-05}, "MACHAGOWDANAHALLI": {"global_perc": 0.1111111111111111, "local_perc": 6.159911297277319e-05}, "MAGOD": {"global_perc": 0.5, "local_perc": 6.159911297277319e-05}, "MAHALAU": {"global_perc": 1.0, "local_perc": 6.159911297277319e-05}, "MAHURI": {"global_perc": 0.25, "local_perc": 6.159911297277319e-05}, "MAJHOLI": {"global_perc": 0.16666666666666666, "local_perc": 6.159911297277319e-05}, "MALIHAPUR": {"global_perc": 1.0, "local_perc": 6.159911297277319e-05}, "MALUR": {"global_perc": 0.5, "local_perc": 6.159911297277319e-05}, "MANGEWAL": {"global_perc": 0.5, "local_perc": 6.159911297277319e-05}, "MANGLORE": {"global_perc": 0.2, "local_perc": 6.159911297277319e-05}, "MANJGRAN": {"global_perc": 0.5, "local_perc": 6.159911297277319e-05}, "MANOH": {"global_perc": 0.14285714285714285, "local_perc": 6.159911297277319e-05}, "MARAGUNDA": {"global_perc": 0.5, "local_perc": 6.159911297277319e-05}, "MARAVANVAYAL": {"global_perc": 1.0, "local_perc": 6.159911297277319e-05}, "MASTI PALKOT": {"global_perc": 1.0, "local_perc": 6.159911297277319e-05}, "MATERNI": {"global_perc": 0.125, "local_perc": 6.159911297277319e-05}, "MAYURHAND": {"global_perc": 0.25, "local_perc": 6.159911297277319e-05}, "MEHAL": {"global_perc": 0.25, "local_perc": 6.159911297277319e-05}, "MEHMA SARJA": {"global_perc": 1.0, "local_perc": 6.159911297277319e-05}, "MELVAITHINANKUPPAM": {"global_perc": 1.0, "local_perc": 6.159911297277319e-05}, "MERLE": {"global_perc": 1.0, "local_perc": 6.159911297277319e-05}, "MILKI": {"global_perc": 0.125, "local_perc": 6.159911297277319e-05}, "MIRGANDTHAKARPORA": {"global_perc": 1.0, "local_perc": 6.159911297277319e-05}, "MO. SARAI ALI": {"global_perc": 1.0, "local_perc": 6.159911297277319e-05}, "MOHAM WALA": {"global_perc": 1.0, "local_perc": 6.159911297277319e-05}, "MOHANPUR": {"global_perc": 0.05333333333333334, "local_perc": 0.00024639645189109276}, "MOSIM PUR": {"global_perc": 1.0, "local_perc": 6.159911297277319e-05}, "MULEKALENAHALLI": {"global_perc": 0.1111111111111111, "local_perc": 6.159911297277319e-05}, "MUNAN": {"global_perc": 1.0, "local_perc": 6.159911297277319e-05}, "MUNCHINGI PUTTU": {"global_perc": 0.1111111111111111, "local_perc": 6.159911297277319e-05}, "MUSAPUR": {"global_perc": 0.3333333333333333, "local_perc": 6.159911297277319e-05}, "N.A.": {"global_perc": 0.0016101534381511649, "local_perc": 0.0010471849205371442}, "NAHRA": {"global_perc": 1.0, "local_perc": 6.159911297277319e-05}, "NAIN KALAN": {"global_perc": 1.0, "local_perc": 6.159911297277319e-05}, "NAKACHANIPAL": {"global_perc": 1.0, "local_perc": 6.159911297277319e-05}, "NALATHWAD": {"global_perc": 0.25, "local_perc": 6.159911297277319e-05}, "NARAHUN": {"global_perc": 0.125, "local_perc": 6.159911297277319e-05}, "OBRA": {"global_perc": 1.0, "local_perc": 6.159911297277319e-05}, "OCH KHURD": {"global_perc": 1.0, "local_perc": 0.00012319822594554638}, "PANDEPURA KALA": {"global_perc": 1.0, "local_perc": 0.00012319822594554638}, "PANJAILA": {"global_perc": 0.6666666666666666, "local_perc": 0.00012319822594554638}, "PANJEHRA": {"global_perc": 0.16666666666666666, "local_perc": 6.159911297277319e-05}, "PARASANAHALLI": {"global_perc": 0.5, "local_perc": 6.159911297277319e-05}, "PATTI MULTANI": {"global_perc": 0.5, "local_perc": 6.159911297277319e-05}, "PATUKHAR": {"global_perc": 0.6, "local_perc": 0.00018479733891831957}, "PEMMANAHALLI": {"global_perc": 0.5, "local_perc": 6.159911297277319e-05}, "PHILLAUR": {"global_perc": 0.16666666666666666, "local_perc": 6.159911297277319e-05}, "POWARKHALI": {"global_perc": 0.14285714285714285, "local_perc": 6.159911297277319e-05}, "PREMNAGAR": {"global_perc": 0.25, "local_perc": 6.159911297277319e-05}, "PULIYANGULAM": {"global_perc": 0.5, "local_perc": 6.159911297277319e-05}, "PULWAMA": {"global_perc": 0.16666666666666666, "local_perc": 6.159911297277319e-05}, "PURA KOTHI": {"global_perc": 0.5, "local_perc": 6.159911297277319e-05}, "PURANA JUNGA": {"global_perc": 1.0, "local_perc": 6.159911297277319e-05}, "PURANDHA": {"global_perc": 0.25, "local_perc": 6.159911297277319e-05}, "Push wari": {"global_perc": 1.0, "local_perc": 6.159911297277319e-05}, "RAKH": {"global_perc": 0.3333333333333333, "local_perc": 6.159911297277319e-05}, "RAKHOTA": {"global_perc": 0.3333333333333333, "local_perc": 6.159911297277319e-05}, "RAMNAGAR": {"global_perc": 0.019230769230769232, "local_perc": 6.159911297277319e-05}, "RANA NAGAR": {"global_perc": 1.0, "local_perc": 6.159911297277319e-05}, "RATANARI": {"global_perc": 1.0, "local_perc": 6.159911297277319e-05}, "RAWAL BAZAR": {"global_perc": 0.16666666666666666, "local_perc": 6.159911297277319e-05}, "RAWIN BASI": {"global_perc": 0.25, "local_perc": 6.159911297277319e-05}, "RENDAMPULIKADU": {"global_perc": 0.5, "local_perc": 6.159911297277319e-05}, "ROHELA HAJI UTTAR": {"global_perc": 0.5, "local_perc": 6.159911297277319e-05}, "ROHTAK": {"global_perc": 1.0, "local_perc": 6.159911297277319e-05}, "ROR": {"global_perc": 1.0, "local_perc": 6.159911297277319e-05}, "ROSE": {"global_perc": 0.3333333333333333, "local_perc": 6.159911297277319e-05}, "RUDAKOTA": {"global_perc": 0.2, "local_perc": 6.159911297277319e-05}, "RUDAPUR": {"global_perc": 1.0, "local_perc": 6.159911297277319e-05}, "RUDRAPUR": {"global_perc": 0.07142857142857142, "local_perc": 6.159911297277319e-05}, "RUER": {"global_perc": 1.0, "local_perc": 6.159911297277319e-05}, "RUPAPUR": {"global_perc": 0.3333333333333333, "local_perc": 6.159911297277319e-05}, "SADAKAR": {"global_perc": 1.0, "local_perc": 6.159911297277319e-05}, "SAGANUR": {"global_perc": 0.5, "local_perc": 6.159911297277319e-05}, "SAGLOT": {"global_perc": 0.25, "local_perc": 6.159911297277319e-05}, "SAHRICHAK": {"global_perc": 1.0, "local_perc": 6.159911297277319e-05}, "SAKALDEEHA": {"global_perc": 0.3333333333333333, "local_perc": 6.159911297277319e-05}, "SAMAILA": {"global_perc": 0.25, "local_perc": 6.159911297277319e-05}, "SAMSALLIPUR": {"global_perc": 1.0, "local_perc": 6.159911297277319e-05}, "SARDAM": {"global_perc": 0.25, "local_perc": 6.159911297277319e-05}, "SARIFABAD": {"global_perc": 0.5, "local_perc": 6.159911297277319e-05}, "SAROG": {"global_perc": 1.0, "local_perc": 6.159911297277319e-05}, "SATHIA": {"global_perc": 0.2, "local_perc": 6.159911297277319e-05}, "SATHUKUDAL (KILPATHI)": {"global_perc": 1.0, "local_perc": 6.159911297277319e-05}, "SAWAYA RAI HITHER": {"global_perc": 1.0, "local_perc": 6.159911297277319e-05}, "SEEGEHALLI": {"global_perc": 0.18181818181818182, "local_perc": 0.00012319822594554638}, "SELRAPUR": {"global_perc": 1.0, "local_perc": 6.159911297277319e-05}, "SEWAL": {"global_perc": 1.0, "local_perc": 6.159911297277319e-05}, "SHAMTHLA": {"global_perc": 1.0, "local_perc": 6.159911297277319e-05}, "SHER KHAN WALA": {"global_perc": 0.5, "local_perc": 6.159911297277319e-05}, "SHERPUR": {"global_perc": 0.043478260869565216, "local_perc": 6.159911297277319e-05}, "SHIV PUR": {"global_perc": 1.0, "local_perc": 6.159911297277319e-05}, "SHIVPUR": {"global_perc": 0.09090909090909091, "local_perc": 0.00012319822594554638}, "SOMANAKATTI": {"global_perc": 1.0, "local_perc": 6.159911297277319e-05}, "SOMESHWAR": {"global_perc": 0.3333333333333333, "local_perc": 6.159911297277319e-05}, "SURAPUR": {"global_perc": 0.5, "local_perc": 6.159911297277319e-05}, "SYAHI DEVI GUNTH": {"global_perc": 1.0, "local_perc": 6.159911297277319e-05}, "TANDI": {"global_perc": 0.25, "local_perc": 6.159911297277319e-05}, "TARNA": {"global_perc": 0.5, "local_perc": 6.159911297277319e-05}, "TETRI": {"global_perc": 0.5, "local_perc": 6.159911297277319e-05}, "THARRIYA": {"global_perc": 1.0, "local_perc": 6.159911297277319e-05}, "THATTA": {"global_perc": 1.0, "local_perc": 6.159911297277319e-05}, "THENNERI": {"global_perc": 0.5, "local_perc": 6.159911297277319e-05}, "THIRUMANGALAM PUDUPALAYAM": {"global_perc": 1.0, "local_perc": 6.159911297277319e-05}, "TIALI": {"global_perc": 1.0, "local_perc": 6.159911297277319e-05}, "TIHRA": {"global_perc": 0.14285714285714285, "local_perc": 6.159911297277319e-05}, "TIKRI": {"global_perc": 0.0625, "local_perc": 6.159911297277319e-05}, "TILAW KASDHAN": {"global_perc": 1.0, "local_perc": 6.159911297277319e-05}, "TOIYAMUDA": {"global_perc": 1.0, "local_perc": 6.159911297277319e-05}, "TOOPER": {"global_perc": 1.0, "local_perc": 0.00012319822594554638}, "TRILOKIPUR": {"global_perc": 0.5, "local_perc": 6.159911297277319e-05}, "UDAMANDA": {"global_perc": 1.0, "local_perc": 0.00012319822594554638}, "UKURA": {"global_perc": 1.0, "local_perc": 6.159911297277319e-05}, "URMAR": {"global_perc": 1.0, "local_perc": 6.159911297277319e-05}, "USODU": {"global_perc": 0.25, "local_perc": 0.00012319822594554638}, "VADAKATTUPATTI": {"global_perc": 1.0, "local_perc": 6.159911297277319e-05}, "VANIYANTHANGAL": {"global_perc": 1.0, "local_perc": 6.159911297277319e-05}, "VARANAVASI": {"global_perc": 0.3333333333333333, "local_perc": 6.159911297277319e-05}, "VELLALAPATTI": {"global_perc": 0.5, "local_perc": 6.159911297277319e-05}, "Velur": {"global_perc": 1.0, "local_perc": 6.159911297277319e-05}, "WAGDHARI": {"global_perc": 1.0, "local_perc": 6.159911297277319e-05}, "WAHWALPUR": {"global_perc": 1.0, "local_perc": 6.159911297277319e-05}}, "partition_field": "Near_Vil_Tow_Nam_hav_Prim_School", "Vil_Nam": "Batter Gam", "Stat_Nam": "JAMMU & KASHMIR"}, {"data": [["Vet_Hos_Doc_Tot_Stren_Num", 6.0], ["Vet_Hos_Par_Med_Staf_Tot_Stren_Num", 5.0], 1.2], "data_low": {"Stat_Nam": "UTTAR PRADESH", "Vil_Nam": "Mardah", "Vet_Hos_Doc_Tot_Stren_Num": "5", "Vet_Hos_Par_Med_Staf_Tot_Stren_Num": "4", "id": 203914}, "data_high": {"Stat_Nam": "UTTAR PRADESH", "Vil_Nam": "Bara", "Vet_Hos_Doc_Tot_Stren_Num": "6", "Vet_Hos_Par_Med_Staf_Tot_Stren_Num": "5", "id": 205835}, "perc": 0.0004817535830422739, "metric": 99.99951804637791, "value_global_local": {}, "partition_field": null, "Vil_Nam": "Bara", "Stat_Nam": "UTTAR PRADESH"}, {"data": [["Vet_Hos_Doc_Tot_Stren_Num", 4.0], ["Vet_Hos_Par_Med_Staf_Tot_Stren_Num", 3.0], 1.3333333333333333], "data_low": {"Stat_Nam": "UTTARAKHAND", "Vil_Nam": "Kunjonmaikot", "Vet_Hos_Doc_Tot_Stren_Num": "4", "Vet_Hos_Par_Med_Staf_Tot_Stren_Num": "3", "id": 40673}, "data_high": {"Stat_Nam": "UTTARAKHAND", "Vil_Nam": "Kunjonmaikot", "Vet_Hos_Doc_Tot_Stren_Num": "4", "Vet_Hos_Par_Med_Staf_Tot_Stren_Num": "3", "id": 40673}, "perc": 0.0003211690553615159, "metric": 99.9996784975457, "value_global_local": {}, "partition_field": null, "Vil_Nam": "Kunjonmaikot", "Stat_Nam": "UTTARAKHAND"}, {"data": [["Vet_Hos_Doc_Tot_Stren_Num", 3.0], ["Vet_Hos_Par_Med_Staf_Tot_Stren_Num", 2.0], 1.5], "data_low": {"Stat_Nam": "UTTAR PRADESH", "Vil_Nam": "Kotawa", "Vet_Hos_Doc_Tot_Stren_Num": "15", "Vet_Hos_Par_Med_Staf_Tot_Stren_Num": "10", "id": 199054}, "data_high": {"Stat_Nam": "JAMMU & KASHMIR", "Vil_Nam": "Niloosa", "Vet_Hos_Doc_Tot_Stren_Num": "3", "Vet_Hos_Par_Med_Staf_Tot_Stren_Num": "2", "id": 2546}, "perc": 0.032116905536151596, "metric": 99.96788259452444, "value_global_local": {"ASSAM": {"global_perc": 7.577192650123129e-05, "local_perc": 0.01}, "BIHAR": {"global_perc": 0.0004234077639613139, "local_perc": 0.095}, "CHHATTISGARH": {"global_perc": 4.9686972075921695e-05, "local_perc": 0.005}, "HIMACHAL PRADESH": {"global_perc": 0.0007249879168680521, "local_perc": 0.075}, "JAMMU & KASHMIR": {"global_perc": 0.0003052037234854265, "local_perc": 0.01}, "JHARKHAND": {"global_perc": 3.086991418163858e-05, "local_perc": 0.005}, "KERALA": {"global_perc": 0.0019646365422396855, "local_perc": 0.01}, "MADHYA PRADESH": {"global_perc": 0.00030963699615685846, "local_perc": 0.085}, "Punjab": {"global_perc": 0.00047690962562594387, "local_perc": 0.03}, "RAJASTHAN": {"global_perc": 0.0021937679083094555, "local_perc": 0.49}, "TRIPURA": {"global_perc": 0.0034285714285714284, "local_perc": 0.015}, "Tamil Nadu": {"global_perc": 0.00018774641717253895, "local_perc": 0.015}, "UTTAR PRADESH": {"global_perc": 0.0001779459418959672, "local_perc": 0.095}, "UTTARAKHAND": {"global_perc": 0.0006550348359435479, "local_perc": 0.055}, "West Bengal": {"global_perc": 2.4864488537470783e-05, "local_perc": 0.005}}, "partition_field": "Stat_Nam", "Vil_Nam": "Niloosa", "Stat_Nam": "JAMMU & KASHMIR"}, {"data": [["Vet_Hos_Doc_Tot_Stren_Num", 2.0], ["Vet_Hos_Par_Med_Staf_Tot_Stren_Num", 1.0], 2.0], "data_low": {"Stat_Nam": "JAMMU & KASHMIR", "Vil_Nam": "Bagati Kani Pora", "Vet_Hos_Doc_Tot_Stren_Num": "2", "Vet_Hos_Par_Med_Staf_Tot_Stren_Num": "1", "id": 713}, "data_high": {"Stat_Nam": "UTTARAKHAND", "Vil_Nam": "Jakholi", "Vet_Hos_Doc_Tot_Stren_Num": "4", "Vet_Hos_Par_Med_Staf_Tot_Stren_Num": "2", "id": 42343}, "perc": 0.09217551888875507, "metric": 99.90782348183315, "value_global_local": {"ANDHRA PRADESH": {"global_perc": 0.000539568345323741, "local_perc": 0.02613240418118467}, "ASSAM": {"global_perc": 7.577192650123129e-05, "local_perc": 0.003484320557491289}, "BIHAR": {"global_perc": 0.00026741542987030354, "local_perc": 0.020905923344947737}, "CHHATTISGARH": {"global_perc": 0.0007453045811388254, "local_perc": 0.02613240418118467}, "HARYANA": {"global_perc": 0.022511328753106272, "local_perc": 0.2682926829268293}, "HIMACHAL PRADESH": {"global_perc": 0.0016916384726921219, "local_perc": 0.06097560975609756}, "JAMMU & KASHMIR": {"global_perc": 0.0009156111704562796, "local_perc": 0.010452961672473868}, "JHARKHAND": {"global_perc": 0.0008952275112675186, "local_perc": 0.050522648083623695}, "KERALA": {"global_perc": 0.007858546168958742, "local_perc": 0.013937282229965157}, "MADHYA PRADESH": {"global_perc": 0.001493543157933082, "local_perc": 0.14285714285714285}, "MANIPUR": {"global_perc": 0.0003874467260751647, "local_perc": 0.0017421602787456446}, "Punjab": {"global_perc": 0.004053731817820523, "local_perc": 0.08885017421602788}, "RAJASTHAN": {"global_perc": 0.001678904011461318, "local_perc": 0.13066202090592335}, "TRIPURA": {"global_perc": 0.021714285714285714, "local_perc": 0.033101045296167246}, "Tamil Nadu": {"global_perc": 0.0008135678077476688, "local_perc": 0.02264808362369338}, "UTTAR PRADESH": {"global_perc": 0.0003558918837919344, "local_perc": 0.06620209059233449}, "UTTARAKHAND": {"global_perc": 0.0008932293217412017, "local_perc": 0.02613240418118467}, "West Bengal": {"global_perc": 9.945795414988313e-05, "local_perc": 0.006968641114982578}}, "partition_field": "Stat_Nam", "Vil_Nam": "Bagati Kani Pora", "Stat_Nam": "JAMMU & KASHMIR"}, {"data": [["Vet_Hos_Doc_Tot_Stren_Num", 5.0], ["Vet_Hos_Par_Med_Staf_Tot_Stren_Num", 2.0], 2.5], "data_low": {"Stat_Nam": "RAJASTHAN", "Vil_Nam": "Roondal", "Vet_Hos_Doc_Tot_Stren_Num": "5", "Vet_Hos_Par_Med_Staf_Tot_Stren_Num": "2", "id": 79809}, "data_high": {"Stat_Nam": "RAJASTHAN", "Vil_Nam": "Roondal", "Vet_Hos_Doc_Tot_Stren_Num": "5", "Vet_Hos_Par_Med_Staf_Tot_Stren_Num": "2", "id": 79809}, "perc": 0.0008029226384037898, "metric": 99.9991955770736, "value_global_local": {}, "partition_field": null, "Vil_Nam": "Roondal", "Stat_Nam": "RAJASTHAN"}, {"data": [["Vet_Hos_Doc_Tot_Stren_Num", 3.0], ["Vet_Hos_Par_Med_Staf_Tot_Stren_Num", 1.0], 3.0], "data_low": {"Stat_Nam": "JAMMU & KASHMIR", "Vil_Nam": "Toot", "Vet_Hos_Doc_Tot_Stren_Num": "3", "Vet_Hos_Par_Med_Staf_Tot_Stren_Num": "1", "id": 5203}, "data_high": {"Stat_Nam": "HIMACHAL PRADESH", "Vil_Nam": "Kasba Bathri  (82A)", "Vet_Hos_Doc_Tot_Stren_Num": "6", "Vet_Hos_Par_Med_Staf_Tot_Stren_Num": "2", "id": 7323}, "perc": 0.012365008631418364, "metric": 99.98763299121588, "value_global_local": {"BIHAR": {"global_perc": 6.685385746757588e-05, "local_perc": 0.03896103896103896}, "CHHATTISGARH": {"global_perc": 9.937394415184339e-05, "local_perc": 0.025974025974025976}, "HIMACHAL PRADESH": {"global_perc": 0.00019333011116481392, "local_perc": 0.05194805194805195}, "JAMMU & KASHMIR": {"global_perc": 0.00015260186174271325, "local_perc": 0.012987012987012988}, "JHARKHAND": {"global_perc": 0.0004630487127245786, "local_perc": 0.19480519480519481}, "MADHYA PRADESH": {"global_perc": 0.00027320911425605157, "local_perc": 0.19480519480519481}, "Punjab": {"global_perc": 0.0008743343136475638, "local_perc": 0.14285714285714285}, "RAJASTHAN": {"global_perc": 0.0002686246418338109, "local_perc": 0.15584415584415584}, "TRIPURA": {"global_perc": 0.002285714285714286, "local_perc": 0.025974025974025976}, "UTTAR PRADESH": {"global_perc": 8.429018300335288e-05, "local_perc": 0.11688311688311688}, "UTTARAKHAND": {"global_perc": 0.00017864586434824034, "local_perc": 0.03896103896103896}}, "partition_field": "Stat_Nam", "Vil_Nam": "Toot", "Stat_Nam": "JAMMU & KASHMIR"}, {"data": [["Vet_Hos_Doc_Tot_Stren_Num", 4.0], ["Vet_Hos_Par_Med_Staf_Tot_Stren_Num", 1.0], 4.0], "data_low": {"Stat_Nam": "HIMACHAL PRADESH", "Vil_Nam": "Patta (252)", "Vet_Hos_Doc_Tot_Stren_Num": "4", "Vet_Hos_Par_Med_Staf_Tot_Stren_Num": "1", "id": 21222}, "data_high": {"Stat_Nam": "HIMACHAL PRADESH", "Vil_Nam": "Patta (252)", "Vet_Hos_Doc_Tot_Stren_Num": "4", "Vet_Hos_Par_Med_Staf_Tot_Stren_Num": "1", "id": 21222}, "perc": 0.0028905214982536433, "metric": 99.99710647798838, "value_global_local": {}, "partition_field": null, "Vil_Nam": "Patta (252)", "Stat_Nam": "HIMACHAL PRADESH"}, {"data": [["Vet_Hos_Doc_Tot_Stren_Num", 5.0], ["Vet_Hos_Par_Med_Staf_Tot_Stren_Num", 1.0], 5.0], "data_low": {"Stat_Nam": "RAJASTHAN", "Vil_Nam": "Ummedabad", "Vet_Hos_Doc_Tot_Stren_Num": "5", "Vet_Hos_Par_Med_Staf_Tot_Stren_Num": "1", "id": 88681}, "data_high": {"Stat_Nam": "RAJASTHAN", "Vil_Nam": "Ummedabad", "Vet_Hos_Doc_Tot_Stren_Num": "5", "Vet_Hos_Par_Med_Staf_Tot_Stren_Num": "1", "id": 88681}, "perc": 0.0014452607491268216, "metric": 99.99855073850857, "value_global_local": {}, "partition_field": null, "Vil_Nam": "Ummedabad", "Stat_Nam": "RAJASTHAN"}, {"data": [["Vet_Hos_Doc_Tot_Stren_Num", 6.0], ["Vet_Hos_Par_Med_Staf_Tot_Stren_Num", 1.0], 6.0], "data_low": {"Stat_Nam": "UTTAR PRADESH", "Vil_Nam": "Devalpur", "Vet_Hos_Doc_Tot_Stren_Num": "6", "Vet_Hos_Par_Med_Staf_Tot_Stren_Num": "1", "id": 168928}, "data_high": {"Stat_Nam": "UTTAR PRADESH", "Vil_Nam": "Devalpur", "Vet_Hos_Doc_Tot_Stren_Num": "6", "Vet_Hos_Par_Med_Staf_Tot_Stren_Num": "1", "id": 168928}, "perc": 0.00016058452768075794, "metric": 99.9998344144802, "value_global_local": {}, "partition_field": null, "Vil_Nam": "Devalpur", "Stat_Nam": "UTTAR PRADESH"}, {"data": [["Vet_Hos_Doc_Tot_Stren_Num", 10.0], ["Vet_Hos_Par_Med_Staf_Tot_Stren_Num", 1.0], 10.0], "data_low": {"Stat_Nam": "UTTAR PRADESH", "Vil_Nam": "Khiron", "Vet_Hos_Doc_Tot_Stren_Num": "10", "Vet_Hos_Par_Med_Staf_Tot_Stren_Num": "1", "id": 143781}, "data_high": {"Stat_Nam": "UTTAR PRADESH", "Vil_Nam": "Khiron", "Vet_Hos_Doc_Tot_Stren_Num": "10", "Vet_Hos_Par_Med_Staf_Tot_Stren_Num": "1", "id": 143781}, "perc": 0.00016058452768075794, "metric": 99.99983041368651, "value_global_local": {}, "partition_field": null, "Vil_Nam": "Khiron", "Stat_Nam": "UTTAR PRADESH"}, {"data": [["Vet_Hos_Doc_Tot_Stren_Num", 1.0], ["Vet_Hos_Par_Med_Staf_Tot_Stren_Num", 0], 9999], "data_low": {"Stat_Nam": "JAMMU & KASHMIR", "Vil_Nam": "Teki Pora", "Vet_Hos_Doc_Tot_Stren_Num": "1", "Vet_Hos_Par_Med_Staf_Tot_Stren_Num": "", "id": 32}, "data_high": {"Stat_Nam": "UTTAR PRADESH", "Vil_Nam": "Mahmadpur Gadiya", "Vet_Hos_Doc_Tot_Stren_Num": "8", "Vet_Hos_Par_Med_Staf_Tot_Stren_Num": "", "id": 145330}, "perc": 0.2590228431490626, "metric": 99.73100305923501, "value_global_local": {"ANDAMAN & NICOBAR ISLANDS": {"global_perc": 0.005405405405405406, "local_perc": 0.0018598884066955983}, "ASSAM": {"global_perc": 0.00011365788975184695, "local_perc": 0.0018598884066955983}, "Arunachal Pradesh": {"global_perc": 0.0001789228842368939, "local_perc": 0.0006199628022318661}, "BIHAR": {"global_perc": 0.0018719080090921247, "local_perc": 0.052076875387476754}, "CHHATTISGARH": {"global_perc": 0.01788730994733181, "local_perc": 0.2231866088034718}, "HIMACHAL PRADESH": {"global_perc": 0.011503141614306428, "local_perc": 0.14755114693118412}, "JAMMU & KASHMIR": {"global_perc": 0.0045780558522813975, "local_perc": 0.018598884066955982}, "JHARKHAND": {"global_perc": 3.086991418163858e-05, "local_perc": 0.0006199628022318661}, "MADHYA PRADESH": {"global_perc": 0.004680982824253684, "local_perc": 0.15933044017358958}, "MIZORAM": {"global_perc": 0.004819277108433735, "local_perc": 0.0024798512089274642}, "TRIPURA": {"global_perc": 0.012571428571428572, "local_perc": 0.006819590824550527}, "UTTAR PRADESH": {"global_perc": 0.004092756663607245, "local_perc": 0.2709237445753255}, "West Bengal": {"global_perc": 0.004575065890894624, "local_perc": 0.11407315561066336}}, "partition_field": "Stat_Nam", "Vil_Nam": "Teki Pora", "Stat_Nam": "JAMMU & KASHMIR"}, {"data": [["Vet_Hos_Doc_Tot_Stren_Num", 0], ["Vet_Hos_Par_Med_Staf_Tot_Stren_Num", 0], 99980001], "data_low": {"Stat_Nam": "JAMMU & KASHMIR", "Vil_Nam": "Bore", "Vet_Hos_Doc_Tot_Stren_Num": "", "Vet_Hos_Par_Med_Staf_Tot_Stren_Num": "", "id": 0}, "data_high": {"Stat_Nam": "JAMMU & KASHMIR", "Vil_Nam": "Palmar", "Vet_Hos_Doc_Tot_Stren_Num": "Vet_st", "Vet_Hos_Par_Med_Staf_Tot_Stren_Num": "Vet_pst", "id": 4582}, "perc": 95.05062427235136, "metric": 9.50696372491048e-07, "value_global_local": {"null": {"global_perc": 0.9505062427235136, "local_perc": 1.0}}, "partition_field": "Dist_Other", "Vil_Nam": "Bore", "Stat_Nam": "JAMMU & KASHMIR"}]