[{"data": [["TB_Clin_Doc_Tot_Stren_Num", 0.0], ["TB_Clin_Par_Med_Par_Med_Staf_In_Pos_Num", 1.0], 0.0], "data_low": {"Stat_Nam": "UTTAR PRADESH", "Vil_Nam": "Puthari", "TB_Clin_Doc_Tot_Stren_Num": "", "TB_Clin_Par_Med_Par_Med_Staf_In_Pos_Num": "2", "id": 122864}, "data_high": {"Stat_Nam": "PUDUCHERRY", "Vil_Nam": "Arugur", "TB_Clin_Doc_Tot_Stren_Num": "1", "TB_Clin_Par_Med_Par_Med_Staf_In_Pos_Num": "15", "id": 622112}, "perc": 0.04416074511220844, "metric": 99.95584025464613, "value_global_local": {"ANDAMAN & NICOBAR ISLANDS": {"global_perc": 0.007207207207207207, "local_perc": 0.014545454545454545}, "Arunachal Pradesh": {"global_perc": 0.0001789228842368939, "local_perc": 0.0036363636363636364}, "BIHAR": {"global_perc": 6.685385746757588e-05, "local_perc": 0.01090909090909091}, "CHHATTISGARH": {"global_perc": 0.00039749577660737356, "local_perc": 0.02909090909090909}, "HARYANA": {"global_perc": 0.003654436485893875, "local_perc": 0.09090909090909091}, "HIMACHAL PRADESH": {"global_perc": 4.833252779120348e-05, "local_perc": 0.0036363636363636364}, "MADHYA PRADESH": {"global_perc": 3.642788190080688e-05, "local_perc": 0.007272727272727273}, "MIZORAM": {"global_perc": 0.0024096385542168677, "local_perc": 0.007272727272727273}, "NAGALAND": {"global_perc": 0.0014005602240896359, "local_perc": 0.007272727272727273}, "PUDUCHERRY": {"global_perc": 0.022222222222222223, "local_perc": 0.007272727272727273}, "SIKKIM": {"global_perc": 0.0022172949002217295, "local_perc": 0.0036363636363636364}, "TRIPURA": {"global_perc": 0.002285714285714286, "local_perc": 0.007272727272727273}, "UTTAR PRADESH": {"global_perc": 0.00011238691067113716, "local_perc": 0.04363636363636364}, "West Bengal": {"global_perc": 0.005221542592868864, "local_perc": 0.7636363636363637}}, "partition_field": "Stat_Nam", "Vil_Nam": "Chuari Khas  (220)", "Stat_Nam": "HIMACHAL PRADESH"}, {"data": [["TB_Clin_Doc_Tot_Stren_Num", 2.0], ["TB_Clin_Par_Med_Par_Med_Staf_In_Pos_Num", 19.0], 0.10526315789473684], "data_low": {"Stat_Nam": "KARNATAKA", "Vil_Nam": "Kolhar (Old)", "TB_Clin_Doc_Tot_Stren_Num": "1", "TB_Clin_Par_Med_Par_Med_Staf_In_Pos_Num": "9", "id": 577712}, "data_high": {"Stat_Nam": "PUDUCHERRY", "Vil_Nam": "Kirumampakkam", "TB_Clin_Doc_Tot_Stren_Num": "3", "TB_Clin_Par_Med_Par_Med_Staf_In_Pos_Num": "26", "id": 622130}, "perc": 0.050423541691758, "metric": 99.9495773527728, "value_global_local": {"ANDAMAN & NICOBAR ISLANDS": {"global_perc": 0.0018018018018018018, "local_perc": 0.0031847133757961785}, "BIHAR": {"global_perc": 0.00026741542987030354, "local_perc": 0.03821656050955414}, "JAMMU & KASHMIR": {"global_perc": 0.00015260186174271325, "local_perc": 0.0031847133757961785}, "KARNATAKA": {"global_perc": 0.00954328561690525, "local_perc": 0.89171974522293}, "KERALA": {"global_perc": 0.0029469548133595285, "local_perc": 0.009554140127388535}, "PUDUCHERRY": {"global_perc": 0.1, "local_perc": 0.028662420382165606}, "Punjab": {"global_perc": 0.00015896987520864795, "local_perc": 0.006369426751592357}, "SIKKIM": {"global_perc": 0.0066518847006651885, "local_perc": 0.009554140127388535}, "West Bengal": {"global_perc": 7.459346561241235e-05, "local_perc": 0.009554140127388535}}, "partition_field": "Stat_Nam", "Vil_Nam": "Nettapakkam", "Stat_Nam": "PUDUCHERRY"}, {"data": [["TB_Clin_Doc_Tot_Stren_Num", 6.0], ["TB_Clin_Par_Med_Par_Med_Staf_In_Pos_Num", 29.0], 0.20689655172413793], "data_low": {"Stat_Nam": "JAMMU & KASHMIR", "Vil_Nam": "Nihama", "TB_Clin_Doc_Tot_Stren_Num": "1", "TB_Clin_Par_Med_Par_Med_Staf_In_Pos_Num": "4", "id": 3998}, "data_high": {"Stat_Nam": "West Bengal", "Vil_Nam": "Tentuldanga", "TB_Clin_Doc_Tot_Stren_Num": "7", "TB_Clin_Par_Med_Par_Med_Staf_In_Pos_Num": "30", "id": 335275}, "perc": 0.06519731823838773, "metric": 99.93480347450651, "value_global_local": {"ANDHRA PRADESH": {"global_perc": 3.597122302158273e-05, "local_perc": 0.0024630541871921183}, "BIHAR": {"global_perc": 0.00040112314480545525, "local_perc": 0.04433497536945813}, "JAMMU & KASHMIR": {"global_perc": 0.00015260186174271325, "local_perc": 0.0024630541871921183}, "KARNATAKA": {"global_perc": 0.011247443762781187, "local_perc": 0.812807881773399}, "KERALA": {"global_perc": 0.0009823182711198428, "local_perc": 0.0024630541871921183}, "MADHYA PRADESH": {"global_perc": 3.642788190080688e-05, "local_perc": 0.0049261083743842365}, "ODISHA": {"global_perc": 0.00017539414963069788, "local_perc": 0.022167487684729065}, "PUDUCHERRY": {"global_perc": 0.1111111111111111, "local_perc": 0.024630541871921183}, "Punjab": {"global_perc": 7.948493760432397e-05, "local_perc": 0.0024630541871921183}, "SIKKIM": {"global_perc": 0.0022172949002217295, "local_perc": 0.0024630541871921183}, "TRIPURA": {"global_perc": 0.001142857142857143, "local_perc": 0.0024630541871921183}, "Tamil Nadu": {"global_perc": 0.00018774641717253895, "local_perc": 0.007389162561576354}, "UTTAR PRADESH": {"global_perc": 0.00019667709367449004, "local_perc": 0.05172413793103448}, "West Bengal": {"global_perc": 0.0001740514197622955, "local_perc": 0.017241379310344827}}, "partition_field": "Stat_Nam", "Vil_Nam": "Karikalampakkam", "Stat_Nam": "PUDUCHERRY"}, {"data": [["TB_Clin_Doc_Tot_Stren_Num", 6.0], ["TB_Clin_Par_Med_Par_Med_Staf_In_Pos_Num", 19.0], 0.3157894736842105], "data_low": {"Stat_Nam": "JAMMU & KASHMIR", "Vil_Nam": "Wangat", "TB_Clin_Doc_Tot_Stren_Num": "1", "TB_Clin_Par_Med_Par_Med_Staf_In_Pos_Num": "3", "id": 2856}, "data_high": {"Stat_Nam": "PUDUCHERRY", "Vil_Nam": "Mannadipet", "TB_Clin_Doc_Tot_Stren_Num": "6", "TB_Clin_Par_Med_Par_Med_Staf_In_Pos_Num": "19", "id": 622093}, "perc": 0.0786864185635714, "metric": 99.92131426524531, "value_global_local": {"ANDHRA PRADESH": {"global_perc": 3.597122302158273e-05, "local_perc": 0.0020408163265306124}, "Arunachal Pradesh": {"global_perc": 0.0001789228842368939, "local_perc": 0.0020408163265306124}, "BIHAR": {"global_perc": 0.0011588001961046486, "local_perc": 0.10612244897959183}, "JAMMU & KASHMIR": {"global_perc": 0.000610407446970853, "local_perc": 0.00816326530612245}, "JHARKHAND": {"global_perc": 0.0004321787985429401, "local_perc": 0.02857142857142857}, "KARNATAKA": {"global_perc": 0.011792774369461486, "local_perc": 0.7061224489795919}, "KERALA": {"global_perc": 0.004911591355599214, "local_perc": 0.01020408163265306}, "MADHYA PRADESH": {"global_perc": 3.642788190080688e-05, "local_perc": 0.004081632653061225}, "MANIPUR": {"global_perc": 0.0003874467260751647, "local_perc": 0.0020408163265306124}, "NAGALAND": {"global_perc": 0.0007002801120448179, "local_perc": 0.0020408163265306124}, "PUDUCHERRY": {"global_perc": 0.044444444444444446, "local_perc": 0.00816326530612245}, "Punjab": {"global_perc": 0.0003974246880216199, "local_perc": 0.01020408163265306}, "SIKKIM": {"global_perc": 0.004434589800443459, "local_perc": 0.004081632653061225}, "TRIPURA": {"global_perc": 0.001142857142857143, "local_perc": 0.0020408163265306124}, "Tamil Nadu": {"global_perc": 0.0014393891983227986, "local_perc": 0.04693877551020408}, "UTTAR PRADESH": {"global_perc": 8.429018300335288e-05, "local_perc": 0.018367346938775512}, "UTTARAKHAND": {"global_perc": 0.0001190972428988269, "local_perc": 0.004081632653061225}, "West Bengal": {"global_perc": 0.00042269630513700336, "local_perc": 0.03469387755102041}}, "partition_field": "Stat_Nam", "Vil_Nam": "Mannadipet", "Stat_Nam": "PUDUCHERRY"}, {"data": [["TB_Clin_Doc_Tot_Stren_Num", 3.0], ["TB_Clin_Par_Med_Par_Med_Staf_In_Pos_Num", 7.0], 0.42857142857142855], "data_low": {"Stat_Nam": "JAMMU & KASHMIR", "Vil_Nam": "Halmat Pora", "TB_Clin_Doc_Tot_Stren_Num": "1", "TB_Clin_Par_Med_Par_Med_Staf_In_Pos_Num": "2", "id": 55}, "data_high": {"Stat_Nam": "PUDUCHERRY", "Vil_Nam": "Ramanathapuram", "TB_Clin_Doc_Tot_Stren_Num": "6", "TB_Clin_Par_Med_Par_Med_Staf_In_Pos_Num": "12", "id": 622107}, "perc": 0.37801597816050425, "metric": 99.62198459122185, "value_global_local": {"ASSAM": {"global_perc": 0.0006061754120098503, "local_perc": 0.006796941376380629}, "Arunachal Pradesh": {"global_perc": 0.0012524601896582574, "local_perc": 0.002973661852166525}, "BIHAR": {"global_perc": 0.0067299549850693054, "local_perc": 0.12829226847918437}, "CHHATTISGARH": {"global_perc": 0.00039749577660737356, "local_perc": 0.0033984706881903144}, "HARYANA": {"global_perc": 0.000146177459435755, "local_perc": 0.0004248088360237893}, "JAMMU & KASHMIR": {"global_perc": 0.0027468335113688385, "local_perc": 0.0076465590484282074}, "JHARKHAND": {"global_perc": 0.00027782922763474715, "local_perc": 0.0038232795242141037}, "KARNATAKA": {"global_perc": 0.013940013633265167, "local_perc": 0.17374681393372982}, "KERALA": {"global_perc": 0.012770137524557957, "local_perc": 0.0055225148683092605}, "MADHYA PRADESH": {"global_perc": 0.00025499517330564815, "local_perc": 0.00594732370433305}, "MANIPUR": {"global_perc": 0.0007748934521503294, "local_perc": 0.0008496176720475786}, "ODISHA": {"global_perc": 0.0010523648977841873, "local_perc": 0.022939677145284623}, "PUDUCHERRY": {"global_perc": 0.011111111111111112, "local_perc": 0.0004248088360237893}, "Punjab": {"global_perc": 0.0008743343136475638, "local_perc": 0.004672897196261682}, "RAJASTHAN": {"global_perc": 0.0015445916905444126, "local_perc": 0.02931180968564146}, "SIKKIM": {"global_perc": 0.008869179600886918, "local_perc": 0.0016992353440951572}, "TRIPURA": {"global_perc": 0.0034285714285714284, "local_perc": 0.001274426508071368}, "Tamil Nadu": {"global_perc": 0.0786031666562363, "local_perc": 0.5335598980458793}, "UTTAR PRADESH": {"global_perc": 0.0011894281379362017, "local_perc": 0.05395072217502124}, "UTTARAKHAND": {"global_perc": 0.0003572917286964807, "local_perc": 0.002548853016142736}, "West Bengal": {"global_perc": 0.0005967477248992988, "local_perc": 0.010195412064570943}}, "partition_field": "Stat_Nam", "Vil_Nam": "Baltora", "Stat_Nam": "West Bengal"}, {"data": [["TB_Clin_Doc_Tot_Stren_Num", 5.0], ["TB_Clin_Par_Med_Par_Med_Staf_In_Pos_Num", 9.0], 0.5555555555555556], "data_low": {"Stat_Nam": "Punjab", "Vil_Nam": "Katani Kalan (212)", "TB_Clin_Doc_Tot_Stren_Num": "3", "TB_Clin_Par_Med_Par_Med_Staf_In_Pos_Num": "5", "id": 33180}, "data_high": {"Stat_Nam": "West Bengal", "Vil_Nam": "Chhota Salunchi", "TB_Clin_Doc_Tot_Stren_Num": "5", "TB_Clin_Par_Med_Par_Med_Staf_In_Pos_Num": "9", "id": 316816}, "perc": 0.0016058452768075795, "metric": 99.9983945992494, "value_global_local": {}, "partition_field": null, "Vil_Nam": "Chhota Salunchi", "Stat_Nam": "West Bengal"}, {"data": [["TB_Clin_Doc_Tot_Stren_Num", 2.0], ["TB_Clin_Par_Med_Par_Med_Staf_In_Pos_Num", 3.0], 0.6666666666666666], "data_low": {"Stat_Nam": "JAMMU & KASHMIR", "Vil_Nam": "Gund -I-Hado", "TB_Clin_Doc_Tot_Stren_Num": "2", "TB_Clin_Par_Med_Par_Med_Staf_In_Pos_Num": "3", "id": 3450}, "data_high": {"Stat_Nam": "West Bengal", "Vil_Nam": "Goalpota", "TB_Clin_Doc_Tot_Stren_Num": "9", "TB_Clin_Par_Med_Par_Med_Staf_In_Pos_Num": "13", "id": 330938}, "perc": 0.04094905455859328, "metric": 99.95905127870488, "value_global_local": {"": {"global_perc": 0.0004123948393159744, "local_perc": 0.6470588235294118}, "0": {"global_perc": 0.004052684903748734, "local_perc": 0.06274509803921569}, "a": {"global_perc": 0.00036408650695405226, "local_perc": 0.0784313725490196}, "b": {"global_perc": 0.00046418239129496095, "local_perc": 0.16862745098039217}, "c": {"global_perc": 0.00015469644338813338, "local_perc": 0.043137254901960784}}, "partition_field": "Dist_Nut_Cen_Other", "Vil_Nam": "Gund -I-Hado", "Stat_Nam": "JAMMU & KASHMIR"}, {"data": [["TB_Clin_Doc_Tot_Stren_Num", 4.0], ["TB_Clin_Par_Med_Par_Med_Staf_In_Pos_Num", 5.0], 0.8], "data_low": {"Stat_Nam": "JHARKHAND", "Vil_Nam": "Daro", "TB_Clin_Doc_Tot_Stren_Num": "4", "TB_Clin_Par_Med_Par_Med_Staf_In_Pos_Num": "5", "id": 347515}, "data_high": {"Stat_Nam": "JHARKHAND", "Vil_Nam": "Daro", "TB_Clin_Doc_Tot_Stren_Num": "4", "TB_Clin_Par_Med_Par_Med_Staf_In_Pos_Num": "5", "id": 347515}, "perc": 0.0016058452768075795, "metric": 99.99839435475998, "value_global_local": {}, "partition_field": null, "Vil_Nam": "Daro", "Stat_Nam": "JHARKHAND"}, {"data": [["TB_Clin_Doc_Tot_Stren_Num", 1.0], ["TB_Clin_Par_Med_Par_Med_Staf_In_Pos_Num", 1.0], 1.0], "data_low": {"Stat_Nam": "JAMMU & KASHMIR", "Vil_Nam": "Dedi Koot", "TB_Clin_Doc_Tot_Stren_Num": "1", "TB_Clin_Par_Med_Par_Med_Staf_In_Pos_Num": "1", "id": 102}, "data_high": {"Stat_Nam": "Punjab", "Vil_Nam": "Tahliwala Bodla (229)", "TB_Clin_Doc_Tot_Stren_Num": "6", "TB_Clin_Par_Med_Par_Med_Staf_In_Pos_Num": "6", "id": 34868}, "perc": 0.8056525753743626, "metric": 99.19434742462563, "value_global_local": {"ASSAM": {"global_perc": 0.0027277893540443264, "local_perc": 0.014351205899940203}, "BIHAR": {"global_perc": 0.030418505147747025, "local_perc": 0.2720749451863664}, "CHHATTISGARH": {"global_perc": 0.0010434264135943555, "local_perc": 0.004185768387482559}, "GOA": {"global_perc": 0.017964071856287425, "local_perc": 0.001195933824995017}, "HARYANA": {"global_perc": 0.00029235491887151, "local_perc": 0.00039864460833167234}, "HIMACHAL PRADESH": {"global_perc": 0.0006283228612856452, "local_perc": 0.00259118995415587}, "JAMMU & KASHMIR": {"global_perc": 0.0013734167556844193, "local_perc": 0.0017939007374925253}, "JHARKHAND": {"global_perc": 0.005896153608692968, "local_perc": 0.03807056009567471}, "KARNATAKA": {"global_perc": 0.021370143149284253, "local_perc": 0.12497508471197927}, "KERALA": {"global_perc": 0.047151277013752456, "local_perc": 0.009567470599960135}, "MADHYA PRADESH": {"global_perc": 0.00036427881900806877, "local_perc": 0.003986446083316724}, "Maharashtra": {"global_perc": 0.04445207832360014, "local_perc": 0.38688459238588796}, "ODISHA": {"global_perc": 0.003839183053027498, "local_perc": 0.03926649392066972}, "Punjab": {"global_perc": 0.016930291709721008, "local_perc": 0.0424556507873231}, "RAJASTHAN": {"global_perc": 0.001387893982808023, "local_perc": 0.012357982858281841}, "SIKKIM": {"global_perc": 0.013303769401330377, "local_perc": 0.001195933824995017}, "TRIPURA": {"global_perc": 0.011428571428571429, "local_perc": 0.001993223041658362}, "Tamil Nadu": {"global_perc": 0.00012516427811502597, "local_perc": 0.00039864460833167234}, "UTTAR PRADESH": {"global_perc": 0.0012362560173825089, "local_perc": 0.026310544149890373}, "UTTARAKHAND": {"global_perc": 0.0010123265646400286, "local_perc": 0.0033884791708192145}, "West Bengal": {"global_perc": 0.0015664627778606594, "local_perc": 0.012557305162447678}}, "partition_field": "Stat_Nam", "Vil_Nam": "Dedi Koot", "Stat_Nam": "JAMMU & KASHMIR"}, {"data": [["TB_Clin_Doc_Tot_Stren_Num", 6.0], ["TB_Clin_Par_Med_Par_Med_Staf_In_Pos_Num", 5.0], 1.2], "data_low": {"Stat_Nam": "JHARKHAND", "Vil_Nam": "Mahuatanr", "TB_Clin_Doc_Tot_Stren_Num": "5", "TB_Clin_Par_Med_Par_Med_Staf_In_Pos_Num": "4", "id": 360231}, "data_high": {"Stat_Nam": "UTTARAKHAND", "Vil_Nam": "Jauligrant", "TB_Clin_Doc_Tot_Stren_Num": "6", "TB_Clin_Par_Med_Par_Med_Staf_In_Pos_Num": "5", "id": 45051}, "perc": 0.0003211690553615159, "metric": 99.99967863090527, "value_global_local": {}, "partition_field": null, "Vil_Nam": "Jauligrant", "Stat_Nam": "UTTARAKHAND"}, {"data": [["TB_Clin_Doc_Tot_Stren_Num", 4.0], ["TB_Clin_Par_Med_Par_Med_Staf_In_Pos_Num", 3.0], 1.3333333333333333], "data_low": {"Stat_Nam": "TRIPURA", "Vil_Nam": "Debendrachandranagar (Part)", "TB_Clin_Doc_Tot_Stren_Num": "15", "TB_Clin_Par_Med_Par_Med_Staf_In_Pos_Num": "11", "id": 270790}, "data_high": {"Stat_Nam": "Punjab", "Vil_Nam": "Ayali Khurd (153)", "TB_Clin_Doc_Tot_Stren_Num": "7", "TB_Clin_Par_Med_Par_Med_Staf_In_Pos_Num": "5", "id": 33424}, "perc": 0.0033722750812959167, "metric": 99.99662739152994, "value_global_local": {"JHARKHAND": {"global_perc": 0.0004013088843613015, "local_perc": 0.6190476190476191}, "Punjab": {"global_perc": 0.00015896987520864795, "local_perc": 0.09523809523809523}, "TRIPURA": {"global_perc": 0.0034285714285714284, "local_perc": 0.14285714285714285}, "UTTAR PRADESH": {"global_perc": 9.365575889261431e-06, "local_perc": 0.047619047619047616}, "UTTARAKHAND": {"global_perc": 5.954862144941345e-05, "local_perc": 0.047619047619047616}, "West Bengal": {"global_perc": 2.4864488537470783e-05, "local_perc": 0.047619047619047616}}, "partition_field": "Stat_Nam", "Vil_Nam": "Gharuan (377)", "Stat_Nam": "Punjab"}, {"data": [["TB_Clin_Doc_Tot_Stren_Num", 3.0], ["TB_Clin_Par_Med_Par_Med_Staf_In_Pos_Num", 2.0], 1.5], "data_low": {"Stat_Nam": "UTTARAKHAND", "Vil_Nam": "Anand Nagar", "TB_Clin_Doc_Tot_Stren_Num": "3", "TB_Clin_Par_Med_Par_Med_Staf_In_Pos_Num": "2", "id": 55011}, "data_high": {"Stat_Nam": "UTTARAKHAND", "Vil_Nam": "Anand Nagar", "TB_Clin_Doc_Tot_Stren_Num": "3", "TB_Clin_Par_Med_Par_Med_Staf_In_Pos_Num": "2", "id": 55011}, "perc": 0.0006423381107230318, "metric": 99.99935716179247, "value_global_local": {}, "partition_field": null, "Vil_Nam": "Anand Nagar", "Stat_Nam": "UTTARAKHAND"}, {"data": [["TB_Clin_Doc_Tot_Stren_Num", 5.0], ["TB_Clin_Par_Med_Par_Med_Staf_In_Pos_Num", 3.0], 1.6666666666666667], "data_low": {"Stat_Nam": "UTTARAKHAND", "Vil_Nam": "Rasulpur", "TB_Clin_Doc_Tot_Stren_Num": "5", "TB_Clin_Par_Med_Par_Med_Staf_In_Pos_Num": "3", "id": 44708}, "data_high": {"Stat_Nam": "UTTARAKHAND", "Vil_Nam": "Rasulpur", "TB_Clin_Doc_Tot_Stren_Num": "5", "TB_Clin_Par_Med_Par_Med_Staf_In_Pos_Num": "3", "id": 44708}, "perc": 0.00016058452768075794, "metric": 99.99983874867337, "value_global_local": {}, "partition_field": null, "Vil_Nam": "Rasulpur", "Stat_Nam": "UTTARAKHAND"}, {"data": [["TB_Clin_Doc_Tot_Stren_Num", 2.0], ["TB_Clin_Par_Med_Par_Med_Staf_In_Pos_Num", 1.0], 2.0], "data_low": {"Stat_Nam": "JAMMU & KASHMIR", "Vil_Nam": "Singh Pora", "TB_Clin_Doc_Tot_Stren_Num": "2", "TB_Clin_Par_Med_Par_Med_Staf_In_Pos_Num": "1", "id": 2330}, "data_high": {"Stat_Nam": "UTTAR PRADESH", "Vil_Nam": "Kirtapur", "TB_Clin_Doc_Tot_Stren_Num": "4", "TB_Clin_Par_Med_Par_Med_Staf_In_Pos_Num": "2", "id": 140301}, "perc": 0.011240916937653058, "metric": 99.98875808297474, "value_global_local": {"ASSAM": {"global_perc": 3.7885963250615644e-05, "local_perc": 0.014285714285714285}, "BIHAR": {"global_perc": 8.91384766234345e-05, "local_perc": 0.05714285714285714}, "CHHATTISGARH": {"global_perc": 4.9686972075921695e-05, "local_perc": 0.014285714285714285}, "JAMMU & KASHMIR": {"global_perc": 0.00015260186174271325, "local_perc": 0.014285714285714285}, "JHARKHAND": {"global_perc": 0.0001234796567265543, "local_perc": 0.05714285714285714}, "KARNATAKA": {"global_perc": 0.0007839127471029312, "local_perc": 0.32857142857142857}, "MANIPUR": {"global_perc": 0.0003874467260751647, "local_perc": 0.014285714285714285}, "ODISHA": {"global_perc": 0.00011692943308713192, "local_perc": 0.08571428571428572}, "Punjab": {"global_perc": 0.0003179397504172959, "local_perc": 0.05714285714285714}, "TRIPURA": {"global_perc": 0.002285714285714286, "local_perc": 0.02857142857142857}, "UTTAR PRADESH": {"global_perc": 0.00013111806244966003, "local_perc": 0.2}, "UTTARAKHAND": {"global_perc": 0.0002381944857976538, "local_perc": 0.05714285714285714}, "West Bengal": {"global_perc": 0.00012432244268735393, "local_perc": 0.07142857142857142}}, "partition_field": "Stat_Nam", "Vil_Nam": "Singh Pora", "Stat_Nam": "JAMMU & KASHMIR"}, {"data": [["TB_Clin_Doc_Tot_Stren_Num", 5.0], ["TB_Clin_Par_Med_Par_Med_Staf_In_Pos_Num", 2.0], 2.5], "data_low": {"Stat_Nam": "UTTAR PRADESH", "Vil_Nam": "Goithaha", "TB_Clin_Doc_Tot_Stren_Num": "5", "TB_Clin_Par_Med_Par_Med_Staf_In_Pos_Num": "2", "id": 181092}, "data_high": {"Stat_Nam": "UTTAR PRADESH", "Vil_Nam": "Goithaha", "TB_Clin_Doc_Tot_Stren_Num": "5", "TB_Clin_Par_Med_Par_Med_Staf_In_Pos_Num": "2", "id": 181092}, "perc": 0.0003211690553615159, "metric": 99.9996773306494, "value_global_local": {}, "partition_field": null, "Vil_Nam": "Goithaha", "Stat_Nam": "UTTAR PRADESH"}, {"data": [["TB_Clin_Doc_Tot_Stren_Num", 3.0], ["TB_Clin_Par_Med_Par_Med_Staf_In_Pos_Num", 1.0], 3.0], "data_low": {"Stat_Nam": "Punjab", "Vil_Nam": "Lakhan Khurd (138)", "TB_Clin_Doc_Tot_Stren_Num": "3", "TB_Clin_Par_Med_Par_Med_Staf_In_Pos_Num": "1", "id": 28969}, "data_high": {"Stat_Nam": "Punjab", "Vil_Nam": "Lakhan Khurd (138)", "TB_Clin_Doc_Tot_Stren_Num": "3", "TB_Clin_Par_Med_Par_Med_Staf_In_Pos_Num": "1", "id": 28969}, "perc": 0.002087598859849853, "metric": 99.99791040078186, "value_global_local": {}, "partition_field": null, "Vil_Nam": "Lakhan Khurd (138)", "Stat_Nam": "Punjab"}, {"data": [["TB_Clin_Doc_Tot_Stren_Num", 8.0], ["TB_Clin_Par_Med_Par_Med_Staf_In_Pos_Num", 2.0], 4.0], "data_low": {"Stat_Nam": "JHARKHAND", "Vil_Nam": "Dorabandh", "TB_Clin_Doc_Tot_Stren_Num": "4", "TB_Clin_Par_Med_Par_Med_Staf_In_Pos_Num": "1", "id": 355480}, "data_high": {"Stat_Nam": "West Bengal", "Vil_Nam": "Matipur", "TB_Clin_Doc_Tot_Stren_Num": "8", "TB_Clin_Par_Med_Par_Med_Staf_In_Pos_Num": "2", "id": 329137}, "perc": 0.0003211690553615159, "metric": 99.99967583035418, "value_global_local": {}, "partition_field": null, "Vil_Nam": "Matipur", "Stat_Nam": "West Bengal"}, {"data": [["TB_Clin_Doc_Tot_Stren_Num", 5.0], ["TB_Clin_Par_Med_Par_Med_Staf_In_Pos_Num", 1.0], 5.0], "data_low": {"Stat_Nam": "West Bengal", "Vil_Nam": "Harina", "TB_Clin_Doc_Tot_Stren_Num": "5", "TB_Clin_Par_Med_Par_Med_Staf_In_Pos_Num": "1", "id": 336373}, "data_high": {"Stat_Nam": "West Bengal", "Vil_Nam": "Harina", "TB_Clin_Doc_Tot_Stren_Num": "5", "TB_Clin_Par_Med_Par_Med_Staf_In_Pos_Num": "1", "id": 336373}, "perc": 0.00016058452768075794, "metric": 99.99983541467863, "value_global_local": {}, "partition_field": null, "Vil_Nam": "Harina", "Stat_Nam": "West Bengal"}, {"data": [["TB_Clin_Doc_Tot_Stren_Num", 15.0], ["TB_Clin_Par_Med_Par_Med_Staf_In_Pos_Num", 1.0], 15.0], "data_low": {"Stat_Nam": "UTTAR PRADESH", "Vil_Nam": "Sakrapar", "TB_Clin_Doc_Tot_Stren_Num": "15", "TB_Clin_Par_Med_Par_Med_Staf_In_Pos_Num": "1", "id": 190278}, "data_high": {"Stat_Nam": "UTTAR PRADESH", "Vil_Nam": "Sakrapar", "TB_Clin_Doc_Tot_Stren_Num": "15", "TB_Clin_Par_Med_Par_Med_Staf_In_Pos_Num": "1", "id": 190278}, "perc": 0.0003211690553615159, "metric": 99.99966482818918, "value_global_local": {}, "partition_field": null, "Vil_Nam": "Sakrapar", "Stat_Nam": "UTTAR PRADESH"}, {"data": [["TB_Clin_Doc_Tot_Stren_Num", 1.0], ["TB_Clin_Par_Med_Par_Med_Staf_In_Pos_Num", 0.0], 9999], "data_low": {"Stat_Nam": "HIMACHAL PRADESH", "Vil_Nam": "Bharmour  (97)", "TB_Clin_Doc_Tot_Stren_Num": "1", "TB_Clin_Par_Med_Par_Med_Staf_In_Pos_Num": "0", "id": 8095}, "data_high": {"Stat_Nam": "UTTAR PRADESH", "Vil_Nam": "Arongapur", "TB_Clin_Doc_Tot_Stren_Num": "6", "TB_Clin_Par_Med_Par_Med_Staf_In_Pos_Num": "0", "id": 139521}, "perc": 0.06375205748926091, "metric": 99.92625431781644, "value_global_local": {"ANDAMAN & NICOBAR ISLANDS": {"global_perc": 0.0018018018018018018, "local_perc": 0.0025188916876574307}, "BIHAR": {"global_perc": 6.685385746757588e-05, "local_perc": 0.007556675062972292}, "CHHATTISGARH": {"global_perc": 0.00024843486037960845, "local_perc": 0.012594458438287154}, "HIMACHAL PRADESH": {"global_perc": 9.666505558240696e-05, "local_perc": 0.005037783375314861}, "JHARKHAND": {"global_perc": 0.0024078533061678087, "local_perc": 0.1964735516372796}, "MADHYA PRADESH": {"global_perc": 0.00025499517330564815, "local_perc": 0.03526448362720403}, "MIZORAM": {"global_perc": 0.0012048192771084338, "local_perc": 0.0025188916876574307}, "TRIPURA": {"global_perc": 0.002285714285714286, "local_perc": 0.005037783375314861}, "UTTAR PRADESH": {"global_perc": 0.0014703954146140447, "local_perc": 0.3954659949622166}, "West Bengal": {"global_perc": 0.003331841464021085, "local_perc": 0.33753148614609574}}, "partition_field": "Stat_Nam", "Vil_Nam": "Bharmour  (97)", "Stat_Nam": "HIMACHAL PRADESH"}, {"data": [["TB_Clin_Doc_Tot_Stren_Num", 0], ["TB_Clin_Par_Med_Par_Med_Staf_In_Pos_Num", 0], 99980001], "data_low": {"Stat_Nam": "JAMMU & KASHMIR", "Vil_Nam": "Bore", "TB_Clin_Doc_Tot_Stren_Num": "", "TB_Clin_Par_Med_Par_Med_Staf_In_Pos_Num": "", "id": 0}, "data_high": {"Stat_Nam": "JAMMU & KASHMIR", "Vil_Nam": "Palmar", "TB_Clin_Doc_Tot_Stren_Num": "Tb_st", "TB_Clin_Par_Med_Par_Med_Staf_In_Pos_Num": "Tb_ppos", "id": 4582}, "perc": 98.45100164599141, "metric": 9.84706948002445e-07, "value_global_local": {"null": {"global_perc": 0.9845100164599141, "local_perc": 1.0}}, "partition_field": "Dist_Other", "Vil_Nam": "Bore", "Stat_Nam": "JAMMU & KASHMIR"}]