[{"data": [["TB_Clin_Num", 0.0], ["TB_Clin_Par_Med_Par_Med_Staf_Tot_Stren_Num", 1.0], 0.0], "data_low": {"Stat_Nam": "UTTAR PRADESH", "Vil_Nam": "Pithna Pur", "TB_Clin_Num": "0", "TB_Clin_Par_Med_Par_Med_Staf_Tot_Stren_Num": "1", "id": 145260}, "data_high": {"Stat_Nam": "PUDUCHERRY", "Vil_Nam": "Karikalampakkam", "TB_Clin_Num": "1", "TB_Clin_Par_Med_Par_Med_Staf_Tot_Stren_Num": "39", "id": 622125}, "perc": 0.012365008631418364, "metric": 99.98763599144493, "value_global_local": {"ANDAMAN & NICOBAR ISLANDS": {"global_perc": 0.0018018018018018018, "local_perc": 0.012987012987012988}, "Arunachal Pradesh": {"global_perc": 0.0001789228842368939, "local_perc": 0.012987012987012988}, "BIHAR": {"global_perc": 0.00013370771493515177, "local_perc": 0.07792207792207792}, "JAMMU & KASHMIR": {"global_perc": 0.0003052037234854265, "local_perc": 0.025974025974025976}, "KERALA": {"global_perc": 0.0019646365422396855, "local_perc": 0.025974025974025976}, "PUDUCHERRY": {"global_perc": 0.2, "local_perc": 0.23376623376623376}, "SIKKIM": {"global_perc": 0.0066518847006651885, "local_perc": 0.03896103896103896}, "TRIPURA": {"global_perc": 0.002285714285714286, "local_perc": 0.025974025974025976}, "UTTAR PRADESH": {"global_perc": 0.00027160170078858147, "local_perc": 0.37662337662337664}, "UTTARAKHAND": {"global_perc": 0.0001190972428988269, "local_perc": 0.025974025974025976}, "West Bengal": {"global_perc": 0.00027350937391217863, "local_perc": 0.14285714285714285}}, "partition_field": "Stat_Nam", "Vil_Nam": "Pithna Pur", "Stat_Nam": "UTTAR PRADESH"}, {"data": [["TB_Clin_Num", 1.0], ["TB_Clin_Par_Med_Par_Med_Staf_Tot_Stren_Num", 9.0], 0.1111111111111111], "data_low": {"Stat_Nam": "Punjab", "Vil_Nam": "Katani Kalan (212)", "TB_Clin_Num": "1", "TB_Clin_Par_Med_Par_Med_Staf_Tot_Stren_Num": "9", "id": 33180}, "data_high": {"Stat_Nam": "Punjab", "Vil_Nam": "Katani Kalan (212)", "TB_Clin_Num": "1", "TB_Clin_Par_Med_Par_Med_Staf_Tot_Stren_Num": "9", "id": 33180}, "perc": 0.1371391866393673, "metric": 99.86286170120808, "value_global_local": {"Arunachal Pradesh": {"global_perc": 0.0001789228842368939, "local_perc": 0.00117096018735363}, "BIHAR": {"global_perc": 0.0013593617685073761, "local_perc": 0.07142857142857142}, "JAMMU & KASHMIR": {"global_perc": 0.0003052037234854265, "local_perc": 0.00234192037470726}, "JHARKHAND": {"global_perc": 0.00030869914181638574, "local_perc": 0.0117096018735363}, "KARNATAKA": {"global_perc": 0.024096796182685752, "local_perc": 0.8278688524590164}, "KERALA": {"global_perc": 0.0029469548133595285, "local_perc": 0.00351288056206089}, "MADHYA PRADESH": {"global_perc": 3.642788190080688e-05, "local_perc": 0.00234192037470726}, "NAGALAND": {"global_perc": 0.0007002801120448179, "local_perc": 0.00117096018735363}, "ODISHA": {"global_perc": 0.00017539414963069788, "local_perc": 0.01053864168618267}, "PUDUCHERRY": {"global_perc": 0.08888888888888889, "local_perc": 0.00936768149882904}, "Punjab": {"global_perc": 0.00047690962562594387, "local_perc": 0.00702576112412178}, "SIKKIM": {"global_perc": 0.013303769401330377, "local_perc": 0.00702576112412178}, "TRIPURA": {"global_perc": 0.001142857142857143, "local_perc": 0.00117096018735363}, "Tamil Nadu": {"global_perc": 6.258213905751299e-05, "local_perc": 0.00117096018735363}, "UTTAR PRADESH": {"global_perc": 0.00010302133478187574, "local_perc": 0.01288056206088993}, "UTTARAKHAND": {"global_perc": 0.0002381944857976538, "local_perc": 0.00468384074941452}, "West Bengal": {"global_perc": 0.0005221542592868865, "local_perc": 0.02459016393442623}}, "partition_field": "Stat_Nam", "Vil_Nam": "Katani Kalan (212)", "Stat_Nam": "Punjab"}, {"data": [["TB_Clin_Num", 1.0], ["TB_Clin_Par_Med_Par_Med_Staf_Tot_Stren_Num", 4.0], 0.25], "data_low": {"Stat_Nam": "JAMMU & KASHMIR", "Vil_Nam": "Kawsi Bagh", "TB_Clin_Num": "1", "TB_Clin_Par_Med_Par_Med_Staf_Tot_Stren_Num": "4", "id": 3080}, "data_high": {"Stat_Nam": "Tamil Nadu", "Vil_Nam": "Koduvilarpatty", "TB_Clin_Num": "3", "TB_Clin_Par_Med_Par_Med_Staf_Tot_Stren_Num": "12", "id": 618406}, "perc": 0.24103737604881773, "metric": 99.75896337229307, "value_global_local": {"": {"global_perc": 0.0028067992888929846, "local_perc": 0.9740173217854764}, "ANDIPATTI": {"global_perc": 0.25, "local_perc": 0.0006662225183211193}, "BACHAHALLI": {"global_perc": 1.0, "local_perc": 0.0006662225183211193}, "BALIA": {"global_perc": 0.08333333333333333, "local_perc": 0.0006662225183211193}, "BILISIRI": {"global_perc": 0.5, "local_perc": 0.0006662225183211193}, "CHATIKONA": {"global_perc": 0.2857142857142857, "local_perc": 0.0013324450366422385}, "DURGI": {"global_perc": 0.6666666666666666, "local_perc": 0.002664890073284477}, "FULANG": {"global_perc": 0.3333333333333333, "local_perc": 0.0006662225183211193}, "GIRIYA": {"global_perc": 0.5, "local_perc": 0.0006662225183211193}, "GUMMIDIPOONDI": {"global_perc": 0.5, "local_perc": 0.0006662225183211193}, "HARHUA": {"global_perc": 0.3333333333333333, "local_perc": 0.0006662225183211193}, "KAKWARA": {"global_perc": 1.0, "local_perc": 0.0006662225183211193}, "KESARE": {"global_perc": 1.0, "local_perc": 0.0006662225183211193}, "KUBANDHAMUNI": {"global_perc": 0.5, "local_perc": 0.0006662225183211193}, "KUKURBAGHI": {"global_perc": 0.0625, "local_perc": 0.0006662225183211193}, "KURJUN": {"global_perc": 1.0, "local_perc": 0.0006662225183211193}, "LANJI": {"global_perc": 1.0, "local_perc": 0.0006662225183211193}, "MAHUWAI": {"global_perc": 1.0, "local_perc": 0.0006662225183211193}, "MASAUNI": {"global_perc": 0.3333333333333333, "local_perc": 0.0006662225183211193}, "MELPAKKAM": {"global_perc": 0.5, "local_perc": 0.0006662225183211193}, "N.A.": {"global_perc": 0.00018942981625307822, "local_perc": 0.0013324450366422385}, "NAGENAHALLI": {"global_perc": 0.16666666666666666, "local_perc": 0.0006662225183211193}, "PALAKHAMAN": {"global_perc": 1.0, "local_perc": 0.0006662225183211193}, "PALLIKKADU": {"global_perc": 1.0, "local_perc": 0.0006662225183211193}, "PHULANG": {"global_perc": 1.0, "local_perc": 0.0006662225183211193}, "PUHO": {"global_perc": 1.0, "local_perc": 0.0006662225183211193}, "PURIKONA": {"global_perc": 0.16666666666666666, "local_perc": 0.0006662225183211193}, "RAINAGAR": {"global_perc": 1.0, "local_perc": 0.0006662225183211193}, "SADAKAR": {"global_perc": 1.0, "local_perc": 0.0006662225183211193}, "SIRUVADI": {"global_perc": 1.0, "local_perc": 0.0006662225183211193}, "SOMINAKOPPA": {"global_perc": 0.16666666666666666, "local_perc": 0.0006662225183211193}, "SUNKA": {"global_perc": 1.0, "local_perc": 0.0006662225183211193}, "THAGACHAGERE": {"global_perc": 1.0, "local_perc": 0.0006662225183211193}, "VADAKATTUPATTI": {"global_perc": 1.0, "local_perc": 0.0006662225183211193}, "VELLALAPATTI": {"global_perc": 0.5, "local_perc": 0.0006662225183211193}}, "partition_field": "Near_Vil_Tow_Nam_hav_Prim_School", "Vil_Nam": "Kawsi Bagh", "Stat_Nam": "JAMMU & KASHMIR"}, {"data": [["TB_Clin_Num", 3.0], ["TB_Clin_Par_Med_Par_Med_Staf_Tot_Stren_Num", 8.0], 0.375], "data_low": {"Stat_Nam": "West Bengal", "Vil_Nam": "Rangilabad", "TB_Clin_Num": "3", "TB_Clin_Par_Med_Par_Med_Staf_Tot_Stren_Num": "8", "id": 332170}, "data_high": {"Stat_Nam": "West Bengal", "Vil_Nam": "Rangilabad", "TB_Clin_Num": "3", "TB_Clin_Par_Med_Par_Med_Staf_Tot_Stren_Num": "8", "id": 332170}, "perc": 0.0008029226384037898, "metric": 99.9991977024816, "value_global_local": {}, "partition_field": null, "Vil_Nam": "Rangilabad", "Stat_Nam": "West Bengal"}, {"data": [["TB_Clin_Num", 1.0], ["TB_Clin_Par_Med_Par_Med_Staf_Tot_Stren_Num", 2.0], 0.5], "data_low": {"Stat_Nam": "JAMMU & KASHMIR", "Vil_Nam": "Halmat Pora", "TB_Clin_Num": "1", "TB_Clin_Par_Med_Par_Med_Staf_Tot_Stren_Num": "2", "id": 55}, "data_high": {"Stat_Nam": "ASSAM", "Vil_Nam": "Sunai Bera Gaon", "TB_Clin_Num": "2", "TB_Clin_Par_Med_Par_Med_Staf_Tot_Stren_Num": "4", "id": 283519}, "perc": 0.34862900959492554, "metric": 99.65137148876158, "value_global_local": {"ANDAMAN & NICOBAR ISLANDS": {"global_perc": 0.0036036036036036037, "local_perc": 0.0009212344541685859}, "ASSAM": {"global_perc": 0.0006061754120098503, "local_perc": 0.007369875633348687}, "Arunachal Pradesh": {"global_perc": 0.0005367686527106817, "local_perc": 0.0013818516812528789}, "BIHAR": {"global_perc": 0.009337255426304765, "local_perc": 0.19299861814831876}, "CHHATTISGARH": {"global_perc": 0.0005962436649110603, "local_perc": 0.0055274067250115156}, "HARYANA": {"global_perc": 0.000438532378307265, "local_perc": 0.0013818516812528789}, "JAMMU & KASHMIR": {"global_perc": 0.002441629787883412, "local_perc": 0.007369875633348687}, "JHARKHAND": {"global_perc": 0.0005556584552694943, "local_perc": 0.008291110087517274}, "KARNATAKA": {"global_perc": 0.013292433537832311, "local_perc": 0.17964071856287425}, "KERALA": {"global_perc": 0.014734774066797643, "local_perc": 0.006909258406264394}, "MADHYA PRADESH": {"global_perc": 0.00021856729140484125, "local_perc": 0.0055274067250115156}, "MANIPUR": {"global_perc": 0.0007748934521503294, "local_perc": 0.0009212344541685859}, "MIZORAM": {"global_perc": 0.0012048192771084338, "local_perc": 0.00046061722708429296}, "ODISHA": {"global_perc": 0.0008964589870013447, "local_perc": 0.021188392445877474}, "Punjab": {"global_perc": 0.0011127891264605357, "local_perc": 0.006448641179180101}, "RAJASTHAN": {"global_perc": 0.00279817335243553, "local_perc": 0.05757715338553662}, "SIKKIM": {"global_perc": 0.013303769401330377, "local_perc": 0.0027637033625057578}, "TRIPURA": {"global_perc": 0.011428571428571429, "local_perc": 0.004606172270842929}, "Tamil Nadu": {"global_perc": 0.04775017210088241, "local_perc": 0.35145094426531553}, "UTTAR PRADESH": {"global_perc": 0.001348642928053646, "local_perc": 0.06632888070013819}, "UTTARAKHAND": {"global_perc": 0.0005954862144941345, "local_perc": 0.004606172270842929}, "West Bengal": {"global_perc": 0.003580486349395793, "local_perc": 0.06632888070013819}}, "partition_field": "Stat_Nam", "Vil_Nam": "Halmat Pora", "Stat_Nam": "JAMMU & KASHMIR"}, {"data": [["TB_Clin_Num", 2.0], ["TB_Clin_Par_Med_Par_Med_Staf_Tot_Stren_Num", 3.0], 0.6666666666666666], "data_low": {"Stat_Nam": "West Bengal", "Vil_Nam": "Hum Tukdah Khasmahal", "TB_Clin_Num": "2", "TB_Clin_Par_Med_Par_Med_Staf_Tot_Stren_Num": "3", "id": 304938}, "data_high": {"Stat_Nam": "West Bengal", "Vil_Nam": "Margram", "TB_Clin_Num": "3", "TB_Clin_Par_Med_Par_Med_Staf_Tot_Stren_Num": "4", "id": 315001}, "perc": 0.0004817535830422739, "metric": 99.99951857981534, "value_global_local": {}, "partition_field": null, "Vil_Nam": "Hum Tukdah Khasmahal", "Stat_Nam": "West Bengal"}, {"data": [["TB_Clin_Num", 1.0], ["TB_Clin_Par_Med_Par_Med_Staf_Tot_Stren_Num", 1.0], 1.0], "data_low": {"Stat_Nam": "JAMMU & KASHMIR", "Vil_Nam": "Dedi Koot", "TB_Clin_Num": "1", "TB_Clin_Par_Med_Par_Med_Staf_Tot_Stren_Num": "1", "id": 102}, "data_high": {"Stat_Nam": "West Bengal", "Vil_Nam": "Kandara", "TB_Clin_Num": "3", "TB_Clin_Par_Med_Par_Med_Staf_Tot_Stren_Num": "3", "id": 317688}, "perc": 0.7772291139748686, "metric": 99.22277088602513, "value_global_local": {"ANDAMAN & NICOBAR ISLANDS": {"global_perc": 0.0036036036036036037, "local_perc": 0.00041322314049586776}, "ASSAM": {"global_perc": 0.002765675317294942, "local_perc": 0.015082644628099174}, "BIHAR": {"global_perc": 0.026652404510406916, "local_perc": 0.24710743801652893}, "CHHATTISGARH": {"global_perc": 0.0036271489615422835, "local_perc": 0.015082644628099174}, "GOA": {"global_perc": 0.017964071856287425, "local_perc": 0.0012396694214876034}, "HARYANA": {"global_perc": 0.003654436485893875, "local_perc": 0.005165289256198347}, "HIMACHAL PRADESH": {"global_perc": 0.0007249879168680521, "local_perc": 0.0030991735537190084}, "JAMMU & KASHMIR": {"global_perc": 0.0010682130321989928, "local_perc": 0.001446280991735537}, "JHARKHAND": {"global_perc": 0.008087917515589307, "local_perc": 0.05413223140495868}, "KARNATAKA": {"global_perc": 0.017586912065439674, "local_perc": 0.10661157024793388}, "KERALA": {"global_perc": 0.04420432220039293, "local_perc": 0.009297520661157025}, "MADHYA PRADESH": {"global_perc": 0.0004189206418592791, "local_perc": 0.004752066115702479}, "MANIPUR": {"global_perc": 0.0003874467260751647, "local_perc": 0.00020661157024793388}, "MIZORAM": {"global_perc": 0.0012048192771084338, "local_perc": 0.00020661157024793388}, "Maharashtra": {"global_perc": 0.04445207832360014, "local_perc": 0.40103305785123966}, "ODISHA": {"global_perc": 0.003001188782569719, "local_perc": 0.031818181818181815}, "Punjab": {"global_perc": 0.0155790477704475, "local_perc": 0.04049586776859504}, "TRIPURA": {"global_perc": 0.010285714285714285, "local_perc": 0.001859504132231405}, "UTTAR PRADESH": {"global_perc": 0.0010770412272650646, "local_perc": 0.023760330578512397}, "UTTARAKHAND": {"global_perc": 0.0007145834573929614, "local_perc": 0.0024793388429752068}, "West Bengal": {"global_perc": 0.004177234074295092, "local_perc": 0.03471074380165289}}, "partition_field": "Stat_Nam", "Vil_Nam": "Dedi Koot", "Stat_Nam": "JAMMU & KASHMIR"}, {"data": [["TB_Clin_Num", 2.0], ["TB_Clin_Par_Med_Par_Med_Staf_Tot_Stren_Num", 1.0], 2.0], "data_low": {"Stat_Nam": "JAMMU & KASHMIR", "Vil_Nam": "Singh Pora", "TB_Clin_Num": "2", "TB_Clin_Par_Med_Par_Med_Staf_Tot_Stren_Num": "1", "id": 2330}, "data_high": {"Stat_Nam": "JAMMU & KASHMIR", "Vil_Nam": "Singh Pora", "TB_Clin_Num": "2", "TB_Clin_Par_Med_Par_Med_Staf_Tot_Stren_Num": "1", "id": 2330}, "perc": 0.006583965634911077, "metric": 99.9934150342309, "value_global_local": {"CHHATTISGARH": {"global_perc": 0.0009440524694425122, "local_perc": 0.4634146341463415}, "JAMMU & KASHMIR": {"global_perc": 0.00015260186174271325, "local_perc": 0.024390243902439025}, "Punjab": {"global_perc": 0.0012717590016691836, "local_perc": 0.3902439024390244}, "UTTARAKHAND": {"global_perc": 5.954862144941345e-05, "local_perc": 0.024390243902439025}, "West Bengal": {"global_perc": 9.945795414988313e-05, "local_perc": 0.0975609756097561}}, "partition_field": "Stat_Nam", "Vil_Nam": "Singh Pora", "Stat_Nam": "JAMMU & KASHMIR"}, {"data": [["TB_Clin_Num", 1.0], ["TB_Clin_Par_Med_Par_Med_Staf_Tot_Stren_Num", 0.0], 9999], "data_low": {"Stat_Nam": "HIMACHAL PRADESH", "Vil_Nam": "Chuari Khas  (220)", "TB_Clin_Num": "1", "TB_Clin_Par_Med_Par_Med_Staf_Tot_Stren_Num": "0", "id": 7466}, "data_high": {"Stat_Nam": "West Bengal", "Vil_Nam": "Gogla", "TB_Clin_Num": "5", "TB_Clin_Par_Med_Par_Med_Staf_Tot_Stren_Num": "", "id": 317236}, "perc": 0.1230077482034606, "metric": 99.86700455267126, "value_global_local": {"ANDAMAN & NICOBAR ISLANDS": {"global_perc": 0.007207207207207207, "local_perc": 0.005221932114882507}, "GOA": {"global_perc": 0.0029940119760479044, "local_perc": 0.0013054830287206266}, "HIMACHAL PRADESH": {"global_perc": 4.833252779120348e-05, "local_perc": 0.0013054830287206266}, "MADHYA PRADESH": {"global_perc": 0.00036427881900806877, "local_perc": 0.02610966057441253}, "MIZORAM": {"global_perc": 0.00963855421686747, "local_perc": 0.010443864229765013}, "UTTAR PRADESH": {"global_perc": 0.0011894281379362017, "local_perc": 0.16579634464751958}, "West Bengal": {"global_perc": 0.015043015565169824, "local_perc": 0.7898172323759791}}, "partition_field": "Stat_Nam", "Vil_Nam": "Chuari Khas  (220)", "Stat_Nam": "HIMACHAL PRADESH"}, {"data": [["TB_Clin_Num", 0], ["TB_Clin_Par_Med_Par_Med_Staf_Tot_Stren_Num", 0], 99980001], "data_low": {"Stat_Nam": "JAMMU & KASHMIR", "Vil_Nam": "Bore", "TB_Clin_Num": "", "TB_Clin_Par_Med_Par_Med_Staf_Tot_Stren_Num": "", "id": 0}, "data_high": {"Stat_Nam": "JAMMU & KASHMIR", "Vil_Nam": "Palmar", "TB_Clin_Num": "Tb_Num", "TB_Clin_Par_Med_Par_Med_Staf_Tot_Stren_Num": "Tb_pst", "id": 4582}, "perc": 98.35272391505079, "metric": 9.837239741080898e-07, "value_global_local": {"null": {"global_perc": 0.9835272391505079, "local_perc": 1.0}}, "partition_field": "Dist_Other", "Vil_Nam": "Bore", "Stat_Nam": "JAMMU & KASHMIR"}]