[{"data": [["Dis_Doc_Tot_Stren_Num", 0.0], ["Dis_Par_Med_Staf_In_Pos_Num", 3.0], 0.0], "data_low": {"Stat_Nam": "JAMMU & KASHMIR", "Vil_Nam": "Staktse", "Dis_Doc_Tot_Stren_Num": "", "Dis_Par_Med_Staf_In_Pos_Num": "1", "id": 1010}, "data_high": {"Stat_Nam": "West Bengal", "Vil_Nam": "Kurkutia", "Dis_Doc_Tot_Stren_Num": "6", "Dis_Par_Med_Staf_In_Pos_Num": "74", "id": 327291}, "perc": 0.33032237343931914, "metric": 99.66967862345683, "value_global_local": {"ANDAMAN & NICOBAR ISLANDS": {"global_perc": 0.012612612612612612, "local_perc": 0.003403014098201264}, "BIHAR": {"global_perc": 0.000356553906493738, "local_perc": 0.007778317938745746}, "HARYANA": {"global_perc": 0.001023242216050285, "local_perc": 0.003403014098201264}, "HIMACHAL PRADESH": {"global_perc": 0.0015466408893185114, "local_perc": 0.015556635877491492}, "JAMMU & KASHMIR": {"global_perc": 0.041507706394018004, "local_perc": 0.1322314049586777}, "JHARKHAND": {"global_perc": 3.086991418163858e-05, "local_perc": 0.0004861448711716091}, "KARNATAKA": {"global_perc": 0.0010224948875255625, "local_perc": 0.014584346135148274}, "MADHYA PRADESH": {"global_perc": 0.000910697047520172, "local_perc": 0.024307243558580455}, "MANIPUR": {"global_perc": 0.0003874467260751647, "local_perc": 0.0004861448711716091}, "MIZORAM": {"global_perc": 0.02650602409638554, "local_perc": 0.0106951871657754}, "NAGALAND": {"global_perc": 0.06582633053221289, "local_perc": 0.045697617890131256}, "ODISHA": {"global_perc": 0.02245045115272933, "local_perc": 0.5600388915896938}, "SIKKIM": {"global_perc": 0.3148558758314856, "local_perc": 0.06903257170636849}, "TRIPURA": {"global_perc": 0.010285714285714285, "local_perc": 0.004375303840544483}, "Tamil Nadu": {"global_perc": 0.0006258213905751299, "local_perc": 0.004861448711716091}, "UTTAR PRADESH": {"global_perc": 0.00028096727667784293, "local_perc": 0.014584346135148274}, "West Bengal": {"global_perc": 0.004525336913819683, "local_perc": 0.08847836655323287}}, "partition_field": "Stat_Nam", "Vil_Nam": "Durbok", "Stat_Nam": "JAMMU & KASHMIR"}, {"data": [["Dis_Doc_Tot_Stren_Num", 1.0], ["Dis_Par_Med_Staf_In_Pos_Num", 9.0], 0.1111111111111111], "data_low": {"Stat_Nam": "BIHAR", "Vil_Nam": "Sultanpur", "Dis_Doc_Tot_Stren_Num": "1", "Dis_Par_Med_Staf_In_Pos_Num": "9", "id": 224031}, "data_high": {"Stat_Nam": "KERALA", "Vil_Nam": "Kundazhiyur", "Dis_Doc_Tot_Stren_Num": "3", "Dis_Par_Med_Staf_In_Pos_Num": "20", "id": 605590}, "perc": 0.06519731823838773, "metric": 99.93480357024868, "value_global_local": {"": {"global_perc": 0.0007775333187425846, "local_perc": 0.9975369458128078}, "BALYAH": {"global_perc": 0.25, "local_perc": 0.0024630541871921183}}, "partition_field": "Near_Vil_Tow_Nam_hav_Prim_School", "Vil_Nam": "Sultanpur", "Stat_Nam": "BIHAR"}, {"data": [["Dis_Doc_Tot_Stren_Num", 3.0], ["Dis_Par_Med_Staf_In_Pos_Num", 14.0], 0.21428571428571427], "data_low": {"Stat_Nam": "JAMMU & KASHMIR", "Vil_Nam": "Akchamal", "Dis_Doc_Tot_Stren_Num": "1", "Dis_Par_Med_Staf_In_Pos_Num": "4", "id": 955}, "data_high": {"Stat_Nam": "Punjab", "Vil_Nam": "Daroli Bhai (61)", "Dis_Doc_Tot_Stren_Num": "6", "Dis_Par_Med_Staf_In_Pos_Num": "21", "id": 33867}, "perc": 0.0786864185635714, "metric": 99.9213143666895, "value_global_local": {"": {"global_perc": 0.0009292003117812617, "local_perc": 0.9877551020408163}, "ANDIPATTI": {"global_perc": 0.25, "local_perc": 0.0020408163265306124}, "BAMMI": {"global_perc": 1.0, "local_perc": 0.0020408163265306124}, "DAKOON": {"global_perc": 1.0, "local_perc": 0.0020408163265306124}, "KUMIZHI": {"global_perc": 1.0, "local_perc": 0.0020408163265306124}, "POWARKHALI": {"global_perc": 0.14285714285714285, "local_perc": 0.0020408163265306124}, "VADAKATTUPATTI": {"global_perc": 1.0, "local_perc": 0.0020408163265306124}}, "partition_field": "Near_Vil_Tow_Nam_hav_Prim_School", "Vil_Nam": "Kabilakkurichi", "Stat_Nam": "Tamil Nadu"}, {"data": [["Dis_Doc_Tot_Stren_Num", 1.0], ["Dis_Par_Med_Staf_In_Pos_Num", 3.0], 0.3333333333333333], "data_low": {"Stat_Nam": "JAMMU & KASHMIR", "Vil_Nam": "Dahama", "Dis_Doc_Tot_Stren_Num": "1", "Dis_Par_Med_Staf_In_Pos_Num": "3", "id": 126}, "data_high": {"Stat_Nam": "Tamil Nadu", "Vil_Nam": "Desavilakku", "Dis_Doc_Tot_Stren_Num": "9", "Dis_Par_Med_Staf_In_Pos_Num": "25", "id": 611290}, "perc": 0.17359187442289933, "metric": 99.8264087912196, "value_global_local": {"": {"global_perc": 0.002054223829764359, "local_perc": 0.9898242368177613}, "BANI": {"global_perc": 0.0625, "local_perc": 0.0009250693802035153}, "CHIRLAKOPPA": {"global_perc": 1.0, "local_perc": 0.0009250693802035153}, "JAGDISHPUR": {"global_perc": 0.024390243902439025, "local_perc": 0.0009250693802035153}, "JAI DEVI": {"global_perc": 0.16666666666666666, "local_perc": 0.0009250693802035153}, "JHAKOTA": {"global_perc": 0.2857142857142857, "local_perc": 0.0018501387604070306}, "KARLI KALH": {"global_perc": 0.2, "local_perc": 0.0009250693802035153}, "KULLATHILVAI": {"global_perc": 0.3333333333333333, "local_perc": 0.0009250693802035153}, "N.A.": {"global_perc": 9.471490812653911e-05, "local_perc": 0.0009250693802035153}, "NAUGAON": {"global_perc": 0.125, "local_perc": 0.0009250693802035153}, "VELLALAPATTI": {"global_perc": 0.5, "local_perc": 0.0009250693802035153}}, "partition_field": "Near_Vil_Tow_Nam_hav_Prim_School", "Vil_Nam": "Dahama", "Stat_Nam": "JAMMU & KASHMIR"}, {"data": [["Dis_Doc_Tot_Stren_Num", 1.0], ["Dis_Par_Med_Staf_In_Pos_Num", 2.0], 0.5], "data_low": {"Stat_Nam": "JAMMU & KASHMIR", "Vil_Nam": "Hafrada", "Dis_Doc_Tot_Stren_Num": "1", "Dis_Par_Med_Staf_In_Pos_Num": "2", "id": 136}, "data_high": {"Stat_Nam": "Tamil Nadu", "Vil_Nam": "Chickadasampalayam", "Dis_Doc_Tot_Stren_Num": "9", "Dis_Par_Med_Staf_In_Pos_Num": "18", "id": 621552}, "perc": 0.3842787747400538, "metric": 99.61572172343817, "value_global_local": {"ANDAMAN & NICOBAR ISLANDS": {"global_perc": 0.0036036036036036037, "local_perc": 0.0008357709987463436}, "ANDHRA PRADESH": {"global_perc": 0.009136690647482014, "local_perc": 0.10614291684078563}, "ASSAM": {"global_perc": 0.0013638946770221632, "local_perc": 0.015043877977434183}, "Arunachal Pradesh": {"global_perc": 0.003578457684737878, "local_perc": 0.008357709987463435}, "BIHAR": {"global_perc": 0.005392877835717787, "local_perc": 0.10112829084830756}, "CHHATTISGARH": {"global_perc": 0.0004968697207592169, "local_perc": 0.004178854993731718}, "Dadra & Nagar Haveli": {"global_perc": 0.015384615384615385, "local_perc": 0.0004178854993731718}, "GOA": {"global_perc": 0.02694610778443114, "local_perc": 0.0037609694943585457}, "HARYANA": {"global_perc": 0.01374068118696097, "local_perc": 0.03928123694107814}, "HIMACHAL PRADESH": {"global_perc": 0.008506524891251812, "local_perc": 0.07354784788967823}, "JAMMU & KASHMIR": {"global_perc": 0.035861437509537616, "local_perc": 0.09820309235269536}, "JHARKHAND": {"global_perc": 0.001975674507624869, "local_perc": 0.026744671959882994}, "KARNATAKA": {"global_perc": 0.001226993865030675, "local_perc": 0.015043877977434183}, "KERALA": {"global_perc": 0.15422396856581533, "local_perc": 0.06560802340158796}, "LAKSHADWEEP": {"global_perc": 0.047619047619047616, "local_perc": 0.0004178854993731718}, "MADHYA PRADESH": {"global_perc": 0.0011110503979746098, "local_perc": 0.025491015461763477}, "MANIPUR": {"global_perc": 0.005424254165052305, "local_perc": 0.0058503969912244045}, "MIZORAM": {"global_perc": 0.0012048192771084338, "local_perc": 0.0004178854993731718}, "NAGALAND": {"global_perc": 0.0014005602240896359, "local_perc": 0.0008357709987463436}, "NCT OF DELHI": {"global_perc": 0.03571428571428571, "local_perc": 0.001671541997492687}, "Punjab": {"global_perc": 0.011843255703044273, "local_perc": 0.06226493940660259}, "RAJASTHAN": {"global_perc": 0.0033801934097421205, "local_perc": 0.06310071040534894}, "TRIPURA": {"global_perc": 0.024, "local_perc": 0.008775595486836606}, "Tamil Nadu": {"global_perc": 0.024594780649602604, "local_perc": 0.1642290012536565}, "UTTAR PRADESH": {"global_perc": 0.0016015134770637047, "local_perc": 0.07145842039281237}, "UTTARAKHAND": {"global_perc": 0.004347049365807182, "local_perc": 0.030505641454241537}, "West Bengal": {"global_perc": 0.00039783181659953253, "local_perc": 0.006686167989970748}}, "partition_field": "Stat_Nam", "Vil_Nam": "Hafrada", "Stat_Nam": "JAMMU & KASHMIR"}, {"data": [["Dis_Doc_Tot_Stren_Num", 2.0], ["Dis_Par_Med_Staf_In_Pos_Num", 3.0], 0.6666666666666666], "data_low": {"Stat_Nam": "UTTAR PRADESH", "Vil_Nam": "Baisundnra", "Dis_Doc_Tot_Stren_Num": "10", "Dis_Par_Med_Staf_In_Pos_Num": "15", "id": 147817}, "data_high": {"Stat_Nam": "JAMMU & KASHMIR", "Vil_Nam": "Kradi", "Dis_Doc_Tot_Stren_Num": "4", "Dis_Par_Med_Staf_In_Pos_Num": "6", "id": 3680}, "perc": 0.02665703159500582, "metric": 99.97334330171611, "value_global_local": {"ANDHRA PRADESH": {"global_perc": 0.0001079136690647482, "local_perc": 0.018072289156626505}, "ASSAM": {"global_perc": 0.0007577192650123129, "local_perc": 0.12048192771084337}, "BIHAR": {"global_perc": 0.00022284619155858625, "local_perc": 0.060240963855421686}, "HIMACHAL PRADESH": {"global_perc": 0.0005316578057032382, "local_perc": 0.06626506024096386}, "JAMMU & KASHMIR": {"global_perc": 0.004120250267053258, "local_perc": 0.16265060240963855}, "JHARKHAND": {"global_perc": 0.00015434957090819287, "local_perc": 0.030120481927710843}, "KERALA": {"global_perc": 0.012770137524557957, "local_perc": 0.0783132530120482}, "MADHYA PRADESH": {"global_perc": 0.00040070670090887567, "local_perc": 0.13253012048192772}, "MANIPUR": {"global_perc": 0.0003874467260751647, "local_perc": 0.006024096385542169}, "NCT OF DELHI": {"global_perc": 0.026785714285714284, "local_perc": 0.018072289156626505}, "PUDUCHERRY": {"global_perc": 0.011111111111111112, "local_perc": 0.006024096385542169}, "Punjab": {"global_perc": 0.00015896987520864795, "local_perc": 0.012048192771084338}, "RAJASTHAN": {"global_perc": 0.00017908309455587392, "local_perc": 0.04819277108433735}, "TRIPURA": {"global_perc": 0.008, "local_perc": 0.04216867469879518}, "Tamil Nadu": {"global_perc": 0.00025032855623005195, "local_perc": 0.024096385542168676}, "UTTAR PRADESH": {"global_perc": 0.0001873115177852286, "local_perc": 0.12048192771084337}, "UTTARAKHAND": {"global_perc": 0.0004763889715953076, "local_perc": 0.04819277108433735}, "West Bengal": {"global_perc": 2.4864488537470783e-05, "local_perc": 0.006024096385542169}}, "partition_field": "Stat_Nam", "Vil_Nam": "Mindiyan", "Stat_Nam": "JAMMU & KASHMIR"}, {"data": [["Dis_Doc_Tot_Stren_Num", 4.0], ["Dis_Par_Med_Staf_In_Pos_Num", 5.0], 0.8], "data_low": {"Stat_Nam": "Punjab", "Vil_Nam": "Haripur (371)", "Dis_Doc_Tot_Stren_Num": "4", "Dis_Par_Med_Staf_In_Pos_Num": "5", "id": 38475}, "data_high": {"Stat_Nam": "KERALA", "Vil_Nam": "Edavanakkad", "Dis_Doc_Tot_Stren_Num": "6", "Dis_Par_Med_Staf_In_Pos_Num": "7", "id": 605669}, "perc": 0.0028905214982536433, "metric": 99.99710967853596, "value_global_local": {}, "partition_field": null, "Vil_Nam": "Haripur (371)", "Stat_Nam": "Punjab"}, {"data": [["Dis_Doc_Tot_Stren_Num", 1.0], ["Dis_Par_Med_Staf_In_Pos_Num", 1.0], 1.0], "data_low": {"Stat_Nam": "JAMMU & KASHMIR", "Vil_Nam": "Khurhama", "Dis_Doc_Tot_Stren_Num": "1", "Dis_Par_Med_Staf_In_Pos_Num": "1", "id": 15}, "data_high": {"Stat_Nam": "West Bengal", "Vil_Nam": "Bagjola", "Dis_Doc_Tot_Stren_Num": "8", "Dis_Par_Med_Staf_In_Pos_Num": "8", "id": 321785}, "perc": 1.999116785097756, "metric": 98.00088321490225, "value_global_local": {"ANDAMAN & NICOBAR ISLANDS": {"global_perc": 0.0036036036036036037, "local_perc": 0.00016065547433528798}, "ANDHRA PRADESH": {"global_perc": 0.002302158273381295, "local_perc": 0.005140975178729215}, "ASSAM": {"global_perc": 0.0018564121992801668, "local_perc": 0.003936059121214555}, "Arunachal Pradesh": {"global_perc": 0.0014313830738951511, "local_perc": 0.0006426218973411519}, "BIHAR": {"global_perc": 0.02379997325845701, "local_perc": 0.08579002329504377}, "CHHATTISGARH": {"global_perc": 0.0015402961343535726, "local_perc": 0.0024901598521969636}, "GOA": {"global_perc": 0.011976047904191617, "local_perc": 0.00032131094867057596}, "HARYANA": {"global_perc": 0.05861716123373776, "local_perc": 0.032211422604225236}, "HIMACHAL PRADESH": {"global_perc": 0.0569357177380377, "local_perc": 0.09462607438348462}, "JAMMU & KASHMIR": {"global_perc": 0.05478406836563406, "local_perc": 0.028837657643184193}, "JHARKHAND": {"global_perc": 0.015002778292276347, "local_perc": 0.03903928026347498}, "KARNATAKA": {"global_perc": 0.022699386503067485, "local_perc": 0.053498272953650894}, "KERALA": {"global_perc": 0.33988212180746563, "local_perc": 0.027793397060004818}, "MADHYA PRADESH": {"global_perc": 0.0054823962260714355, "local_perc": 0.02417864888746084}, "MANIPUR": {"global_perc": 0.009298721425803952, "local_perc": 0.0019278656920234556}, "MIZORAM": {"global_perc": 0.0012048192771084338, "local_perc": 8.032773716764399e-05}, "Maharashtra": {"global_perc": 0.0797664032978358, "local_perc": 0.279781508554904}, "Meghalaya": {"global_perc": 0.0004386606228980845, "local_perc": 0.00024098321150293196}, "NCT OF DELHI": {"global_perc": 0.10714285714285714, "local_perc": 0.0009639328460117278}, "PUDUCHERRY": {"global_perc": 0.022222222222222223, "local_perc": 0.00016065547433528798}, "Punjab": {"global_perc": 0.1365551228042286, "local_perc": 0.13800305245401237}, "RAJASTHAN": {"global_perc": 0.0390625, "local_perc": 0.14017190135753876}, "SIKKIM": {"global_perc": 0.004434589800443459, "local_perc": 0.00016065547433528798}, "TRIPURA": {"global_perc": 0.11885714285714286, "local_perc": 0.008354084665434974}, "UTTAR PRADESH": {"global_perc": 0.0016577069323992731, "local_perc": 0.014218009478672985}, "UTTARAKHAND": {"global_perc": 0.005121181444649557, "local_perc": 0.006908185396417383}, "West Bengal": {"global_perc": 0.003207519021333731, "local_perc": 0.010362278094626075}}, "partition_field": "Stat_Nam", "Vil_Nam": "Khurhama", "Stat_Nam": "JAMMU & KASHMIR"}, {"data": [["Dis_Doc_Tot_Stren_Num", 8.0], ["Dis_Par_Med_Staf_In_Pos_Num", 7.0], 1.1428571428571428], "data_low": {"Stat_Nam": "NAGALAND", "Vil_Nam": "Salulemang", "Dis_Doc_Tot_Stren_Num": "8", "Dis_Par_Med_Staf_In_Pos_Num": "7", "id": 266112}, "data_high": {"Stat_Nam": "NAGALAND", "Vil_Nam": "Salulemang", "Dis_Doc_Tot_Stren_Num": "8", "Dis_Par_Med_Staf_In_Pos_Num": "7", "id": 266112}, "perc": 0.0003211690553615159, "metric": 99.99967868805936, "value_global_local": {}, "partition_field": null, "Vil_Nam": "Salulemang", "Stat_Nam": "NAGALAND"}, {"data": [["Dis_Doc_Tot_Stren_Num", 5.0], ["Dis_Par_Med_Staf_In_Pos_Num", 4.0], 1.25], "data_low": {"Stat_Nam": "JAMMU & KASHMIR", "Vil_Nam": "Poshwan (Zachal Dara)", "Dis_Doc_Tot_Stren_Num": "4", "Dis_Par_Med_Staf_In_Pos_Num": "3", "id": 227}, "data_high": {"Stat_Nam": "TRIPURA", "Vil_Nam": "Laxmilunga", "Dis_Doc_Tot_Stren_Num": "5", "Dis_Par_Med_Staf_In_Pos_Num": "4", "id": 270785}, "perc": 0.0035328596089766752, "metric": 99.99646689034985, "value_global_local": {"ASSAM": {"global_perc": 0.00030308770600492516, "local_perc": 0.36363636363636365}, "JAMMU & KASHMIR": {"global_perc": 0.00015260186174271325, "local_perc": 0.045454545454545456}, "Punjab": {"global_perc": 0.00015896987520864795, "local_perc": 0.09090909090909091}, "TRIPURA": {"global_perc": 0.008, "local_perc": 0.3181818181818182}, "UTTAR PRADESH": {"global_perc": 9.365575889261431e-06, "local_perc": 0.045454545454545456}, "UTTARAKHAND": {"global_perc": 0.00017864586434824034, "local_perc": 0.13636363636363635}}, "partition_field": "Stat_Nam", "Vil_Nam": "Laxmilunga", "Stat_Nam": "TRIPURA"}, {"data": [["Dis_Doc_Tot_Stren_Num", 3.0], ["Dis_Par_Med_Staf_In_Pos_Num", 2.0], 1.5], "data_low": {"Stat_Nam": "JAMMU & KASHMIR", "Vil_Nam": "Dudu", "Dis_Doc_Tot_Stren_Num": "3", "Dis_Par_Med_Staf_In_Pos_Num": "2", "id": 4953}, "data_high": {"Stat_Nam": "UTTARAKHAND", "Vil_Nam": "Tanakpur", "Dis_Doc_Tot_Stren_Num": "6", "Dis_Par_Med_Staf_In_Pos_Num": "4", "id": 54151}, "perc": 0.01252559315909912, "metric": 99.98747390680353, "value_global_local": {"ASSAM": {"global_perc": 0.00011365788975184695, "local_perc": 0.038461538461538464}, "Arunachal Pradesh": {"global_perc": 0.0001789228842368939, "local_perc": 0.01282051282051282}, "HIMACHAL PRADESH": {"global_perc": 0.0004833252779120348, "local_perc": 0.1282051282051282}, "JAMMU & KASHMIR": {"global_perc": 0.0004578055852281398, "local_perc": 0.038461538461538464}, "KERALA": {"global_perc": 0.0068762278978389, "local_perc": 0.08974358974358974}, "MADHYA PRADESH": {"global_perc": 1.821394095040344e-05, "local_perc": 0.01282051282051282}, "NCT OF DELHI": {"global_perc": 0.017857142857142856, "local_perc": 0.02564102564102564}, "Punjab": {"global_perc": 0.00023845481281297194, "local_perc": 0.038461538461538464}, "RAJASTHAN": {"global_perc": 0.0004253223495702006, "local_perc": 0.24358974358974358}, "TRIPURA": {"global_perc": 0.022857142857142857, "local_perc": 0.2564102564102564}, "UTTAR PRADESH": {"global_perc": 9.365575889261431e-06, "local_perc": 0.01282051282051282}, "UTTARAKHAND": {"global_perc": 0.0003572917286964807, "local_perc": 0.07692307692307693}, "West Bengal": {"global_perc": 4.972897707494157e-05, "local_perc": 0.02564102564102564}}, "partition_field": "Stat_Nam", "Vil_Nam": "Dudu", "Stat_Nam": "JAMMU & KASHMIR"}, {"data": [["Dis_Doc_Tot_Stren_Num", 5.0], ["Dis_Par_Med_Staf_In_Pos_Num", 3.0], 1.6666666666666667], "data_low": {"Stat_Nam": "JHARKHAND", "Vil_Nam": "Jenasai", "Dis_Doc_Tot_Stren_Num": "5", "Dis_Par_Med_Staf_In_Pos_Num": "3", "id": 375158}, "data_high": {"Stat_Nam": "JHARKHAND", "Vil_Nam": "Jenasai", "Dis_Doc_Tot_Stren_Num": "5", "Dis_Par_Med_Staf_In_Pos_Num": "3", "id": 375158}, "perc": 0.00016058452768075794, "metric": 99.99983874867337, "value_global_local": {}, "partition_field": null, "Vil_Nam": "Jenasai", "Stat_Nam": "JHARKHAND"}, {"data": [["Dis_Doc_Tot_Stren_Num", 2.0], ["Dis_Par_Med_Staf_In_Pos_Num", 1.0], 2.0], "data_low": {"Stat_Nam": "West Bengal", "Vil_Nam": "Thekuya Chak", "Dis_Doc_Tot_Stren_Num": "10", "Dis_Par_Med_Staf_In_Pos_Num": "5", "id": 342639}, "data_high": {"Stat_Nam": "HIMACHAL PRADESH", "Vil_Nam": "Maharaj Nagar  (633)", "Dis_Doc_Tot_Stren_Num": "6", "Dis_Par_Med_Staf_In_Pos_Num": "3", "id": 11263}, "perc": 0.04962061905335421, "metric": 99.95037838124291, "value_global_local": {"ASSAM": {"global_perc": 0.00011365788975184695, "local_perc": 0.009708737864077669}, "BIHAR": {"global_perc": 0.00037883852564959665, "local_perc": 0.05501618122977346}, "HARYANA": {"global_perc": 0.00116941967548604, "local_perc": 0.025889967637540454}, "HIMACHAL PRADESH": {"global_perc": 0.0017399710004833253, "local_perc": 0.11650485436893204}, "JAMMU & KASHMIR": {"global_perc": 0.003357240958339692, "local_perc": 0.07119741100323625}, "JHARKHAND": {"global_perc": 0.0009569673396307958, "local_perc": 0.10032362459546926}, "KARNATAKA": {"global_perc": 0.000136332651670075, "local_perc": 0.012944983818770227}, "KERALA": {"global_perc": 0.011787819253438114, "local_perc": 0.038834951456310676}, "MADHYA PRADESH": {"global_perc": 0.0003278509371072619, "local_perc": 0.05825242718446602}, "Punjab": {"global_perc": 0.004371671568237819, "local_perc": 0.1779935275080906}, "RAJASTHAN": {"global_perc": 0.0005148638968481375, "local_perc": 0.0744336569579288}, "TRIPURA": {"global_perc": 0.048, "local_perc": 0.13592233009708737}, "UTTAR PRADESH": {"global_perc": 0.0001779459418959672, "local_perc": 0.061488673139158574}, "UTTARAKHAND": {"global_perc": 0.0007741320788423748, "local_perc": 0.042071197411003236}, "West Bengal": {"global_perc": 0.0001491869312248247, "local_perc": 0.019417475728155338}}, "partition_field": "Stat_Nam", "Vil_Nam": "Tung Check", "Stat_Nam": "JAMMU & KASHMIR"}, {"data": [["Dis_Doc_Tot_Stren_Num", 5.0], ["Dis_Par_Med_Staf_In_Pos_Num", 2.0], 2.5], "data_low": {"Stat_Nam": "West Bengal", "Vil_Nam": "Krishna Ganj", "Dis_Doc_Tot_Stren_Num": "10", "Dis_Par_Med_Staf_In_Pos_Num": "4", "id": 320261}, "data_high": {"Stat_Nam": "HIMACHAL PRADESH", "Vil_Nam": "Baldwara (478)", "Dis_Doc_Tot_Stren_Num": "5", "Dis_Par_Med_Staf_In_Pos_Num": "2", "id": 14030}, "perc": 0.0011240916937653056, "metric": 99.99887440802306, "value_global_local": {}, "partition_field": null, "Vil_Nam": "Baldwara (478)", "Stat_Nam": "HIMACHAL PRADESH"}, {"data": [["Dis_Doc_Tot_Stren_Num", 8.0], ["Dis_Par_Med_Staf_In_Pos_Num", 3.0], 2.6666666666666665], "data_low": {"Stat_Nam": "Punjab", "Vil_Nam": "Heir (347)", "Dis_Doc_Tot_Stren_Num": "8", "Dis_Par_Med_Staf_In_Pos_Num": "3", "id": 37406}, "data_high": {"Stat_Nam": "Punjab", "Vil_Nam": "Heir (347)", "Dis_Doc_Tot_Stren_Num": "8", "Dis_Par_Med_Staf_In_Pos_Num": "3", "id": 37406}, "perc": 0.00016058452768075794, "metric": 99.99983774847495, "value_global_local": {}, "partition_field": null, "Vil_Nam": "Heir (347)", "Stat_Nam": "Punjab"}, {"data": [["Dis_Doc_Tot_Stren_Num", 3.0], ["Dis_Par_Med_Staf_In_Pos_Num", 1.0], 3.0], "data_low": {"Stat_Nam": "JAMMU & KASHMIR", "Vil_Nam": "Bahardas Koot", "Dis_Doc_Tot_Stren_Num": "3", "Dis_Par_Med_Staf_In_Pos_Num": "1", "id": 345}, "data_high": {"Stat_Nam": "UTTAR PRADESH", "Vil_Nam": "Bar", "Dis_Doc_Tot_Stren_Num": "6", "Dis_Par_Med_Staf_In_Pos_Num": "2", "id": 152208}, "perc": 0.00867156449476093, "metric": 99.99132643527865, "value_global_local": {"CHHATTISGARH": {"global_perc": 4.9686972075921695e-05, "local_perc": 0.018518518518518517}, "HIMACHAL PRADESH": {"global_perc": 9.666505558240696e-05, "local_perc": 0.037037037037037035}, "JAMMU & KASHMIR": {"global_perc": 0.0003052037234854265, "local_perc": 0.037037037037037035}, "JHARKHAND": {"global_perc": 0.00018521948508983145, "local_perc": 0.1111111111111111}, "KERALA": {"global_perc": 0.003929273084479371, "local_perc": 0.07407407407407407}, "MADHYA PRADESH": {"global_perc": 7.285576380161376e-05, "local_perc": 0.07407407407407407}, "NCT OF DELHI": {"global_perc": 0.008928571428571428, "local_perc": 0.018518518518518517}, "Punjab": {"global_perc": 0.0013512439392735077, "local_perc": 0.3148148148148148}, "RAJASTHAN": {"global_perc": 6.715616045845272e-05, "local_perc": 0.05555555555555555}, "TRIPURA": {"global_perc": 0.008, "local_perc": 0.12962962962962962}, "UTTAR PRADESH": {"global_perc": 2.809672766778429e-05, "local_perc": 0.05555555555555555}, "UTTARAKHAND": {"global_perc": 5.954862144941345e-05, "local_perc": 0.018518518518518517}, "West Bengal": {"global_perc": 7.459346561241235e-05, "local_perc": 0.05555555555555555}}, "partition_field": "Stat_Nam", "Vil_Nam": "Bahardas Koot", "Stat_Nam": "JAMMU & KASHMIR"}, {"data": [["Dis_Doc_Tot_Stren_Num", 4.0], ["Dis_Par_Med_Staf_In_Pos_Num", 1.0], 4.0], "data_low": {"Stat_Nam": "HIMACHAL PRADESH", "Vil_Nam": "Aslu (211)", "Dis_Doc_Tot_Stren_Num": "4", "Dis_Par_Med_Staf_In_Pos_Num": "1", "id": 20185}, "data_high": {"Stat_Nam": "Punjab", "Vil_Nam": "Lamochar Kalan Hithar (361)", "Dis_Doc_Tot_Stren_Num": "8", "Dis_Par_Med_Staf_In_Pos_Num": "2", "id": 34787}, "perc": 0.0075474728009956235, "metric": 99.99244952682538, "value_global_local": {"HIMACHAL PRADESH": {"global_perc": 4.833252779120348e-05, "local_perc": 0.02127659574468085}, "JHARKHAND": {"global_perc": 0.0007408779403593258, "local_perc": 0.5106382978723404}, "KERALA": {"global_perc": 0.0009823182711198428, "local_perc": 0.02127659574468085}, "MANIPUR": {"global_perc": 0.0003874467260751647, "local_perc": 0.02127659574468085}, "Punjab": {"global_perc": 0.0003974246880216199, "local_perc": 0.10638297872340426}, "TRIPURA": {"global_perc": 0.011428571428571429, "local_perc": 0.2127659574468085}, "UTTAR PRADESH": {"global_perc": 1.8731151778522863e-05, "local_perc": 0.0425531914893617}, "West Bengal": {"global_perc": 7.459346561241235e-05, "local_perc": 0.06382978723404255}}, "partition_field": "Stat_Nam", "Vil_Nam": "Aslu (211)", "Stat_Nam": "HIMACHAL PRADESH"}, {"data": [["Dis_Doc_Tot_Stren_Num", 5.0], ["Dis_Par_Med_Staf_In_Pos_Num", 1.0], 5.0], "data_low": {"Stat_Nam": "Punjab", "Vil_Nam": "Jalalabad (291)", "Dis_Doc_Tot_Stren_Num": "5", "Dis_Par_Med_Staf_In_Pos_Num": "1", "id": 33911}, "data_high": {"Stat_Nam": "Punjab", "Vil_Nam": "Jalalabad (291)", "Dis_Doc_Tot_Stren_Num": "5", "Dis_Par_Med_Staf_In_Pos_Num": "1", "id": 33911}, "perc": 0.0012846762214460635, "metric": 99.99871132302982, "value_global_local": {}, "partition_field": null, "Vil_Nam": "Jalalabad (291)", "Stat_Nam": "Punjab"}, {"data": [["Dis_Doc_Tot_Stren_Num", 6.0], ["Dis_Par_Med_Staf_In_Pos_Num", 1.0], 6.0], "data_low": {"Stat_Nam": "JHARKHAND", "Vil_Nam": "Lasutiya", "Dis_Doc_Tot_Stren_Num": "6", "Dis_Par_Med_Staf_In_Pos_Num": "1", "id": 354848}, "data_high": {"Stat_Nam": "JHARKHAND", "Vil_Nam": "Lasutiya", "Dis_Doc_Tot_Stren_Num": "6", "Dis_Par_Med_Staf_In_Pos_Num": "1", "id": 354848}, "perc": 0.0003211690553615159, "metric": 99.99967382996054, "value_global_local": {}, "partition_field": null, "Vil_Nam": "Lasutiya", "Stat_Nam": "JHARKHAND"}, {"data": [["Dis_Doc_Tot_Stren_Num", 8.0], ["Dis_Par_Med_Staf_In_Pos_Num", 1.0], 8.0], "data_low": {"Stat_Nam": "Punjab", "Vil_Nam": "Rori Kapura (138)", "Dis_Doc_Tot_Stren_Num": "8", "Dis_Par_Med_Staf_In_Pos_Num": "1", "id": 35408}, "data_high": {"Stat_Nam": "Punjab", "Vil_Nam": "Rori Kapura (138)", "Dis_Doc_Tot_Stren_Num": "8", "Dis_Par_Med_Staf_In_Pos_Num": "1", "id": 35408}, "perc": 0.00016058452768075794, "metric": 99.99983241408336, "value_global_local": {}, "partition_field": null, "Vil_Nam": "Rori Kapura (138)", "Stat_Nam": "Punjab"}, {"data": [["Dis_Doc_Tot_Stren_Num", 25.0], ["Dis_Par_Med_Staf_In_Pos_Num", 1.0], 25.0], "data_low": {"Stat_Nam": "West Bengal", "Vil_Nam": "Par Radhanagar", "Dis_Doc_Tot_Stren_Num": "25", "Dis_Par_Med_Staf_In_Pos_Num": "1", "id": 330786}, "data_high": {"Stat_Nam": "West Bengal", "Vil_Nam": "Par Radhanagar", "Dis_Doc_Tot_Stren_Num": "25", "Dis_Par_Med_Staf_In_Pos_Num": "1", "id": 330786}, "perc": 0.00016058452768075794, "metric": 99.99981541071014, "value_global_local": {}, "partition_field": null, "Vil_Nam": "Par Radhanagar", "Stat_Nam": "West Bengal"}, {"data": [["Dis_Doc_Tot_Stren_Num", 3.0], ["Dis_Par_Med_Staf_In_Pos_Num", 0.0], 9999], "data_low": {"Stat_Nam": "JAMMU & KASHMIR", "Vil_Nam": "Karshah", "Dis_Doc_Tot_Stren_Num": "1", "Dis_Par_Med_Staf_In_Pos_Num": "0", "id": 1065}, "data_high": {"Stat_Nam": "West Bengal", "Vil_Nam": "Ramchandrapur", "Dis_Doc_Tot_Stren_Num": "9", "Dis_Par_Med_Staf_In_Pos_Num": "", "id": 321794}, "perc": 0.32646834477498093, "metric": 99.66356430215919, "value_global_local": {"ANDAMAN & NICOBAR ISLANDS": {"global_perc": 0.0018018018018018018, "local_perc": 0.0004918839153959665}, "ASSAM": {"global_perc": 3.7885963250615644e-05, "local_perc": 0.0004918839153959665}, "Arunachal Pradesh": {"global_perc": 0.0003578457684737878, "local_perc": 0.000983767830791933}, "BIHAR": {"global_perc": 0.00022284619155858625, "local_perc": 0.004918839153959666}, "CHHATTISGARH": {"global_perc": 0.024197555400973864, "local_perc": 0.2395474667978357}, "HIMACHAL PRADESH": {"global_perc": 0.016626389560173996, "local_perc": 0.16920806689621248}, "JAMMU & KASHMIR": {"global_perc": 0.00610407446970853, "local_perc": 0.019675356615838663}, "JHARKHAND": {"global_perc": 0.0025930727912576402, "local_perc": 0.04131824889326119}, "MADHYA PRADESH": {"global_perc": 0.00285958872921334, "local_perc": 0.07722577471716675}, "MANIPUR": {"global_perc": 0.0003874467260751647, "local_perc": 0.0004918839153959665}, "MIZORAM": {"global_perc": 0.004819277108433735, "local_perc": 0.001967535661583866}, "PUDUCHERRY": {"global_perc": 0.011111111111111112, "local_perc": 0.0004918839153959665}, "Punjab": {"global_perc": 7.948493760432397e-05, "local_perc": 0.0004918839153959665}, "TRIPURA": {"global_perc": 0.012571428571428572, "local_perc": 0.0054107230693556324}, "UTTAR PRADESH": {"global_perc": 0.0021915447580871748, "local_perc": 0.11510083620265617}, "West Bengal": {"global_perc": 0.016286239992043365, "local_perc": 0.3221839645843581}}, "partition_field": "Stat_Nam", "Vil_Nam": "Tarchit", "Stat_Nam": "JAMMU & KASHMIR"}, {"data": [["Dis_Doc_Tot_Stren_Num", 0], ["Dis_Par_Med_Staf_In_Pos_Num", 0], 99980001], "data_low": {"Stat_Nam": "JAMMU & KASHMIR", "Vil_Nam": "Bore", "Dis_Doc_Tot_Stren_Num": "", "Dis_Par_Med_Staf_In_Pos_Num": "", "id": 0}, "data_high": {"Stat_Nam": "JAMMU & KASHMIR", "Vil_Nam": "Palmar", "Dis_Doc_Tot_Stren_Num": "Dis_st", "Dis_Par_Med_Staf_In_Pos_Num": "Dis_ppos", "id": 4582}, "perc": 96.52719900437593, "metric": 9.654650734037892e-07, "value_global_local": {"null": {"global_perc": 0.9652719900437593, "local_perc": 1.0}}, "partition_field": "Dist_Other", "Vil_Nam": "Bore", "Stat_Nam": "JAMMU & KASHMIR"}]