[{"data": [["TB_Clin_Doc_Tot_Stren_Num", 0.0], ["TB_Clin_Num", 1.0], 0.0], "data_low": {"Stat_Nam": "UTTAR PRADESH", "Vil_Nam": "Puthari", "TB_Clin_Num": "1", "TB_Clin_Doc_Tot_Stren_Num": "", "id": 122864}, "data_high": {"Stat_Nam": "HIMACHAL PRADESH", "Vil_Nam": "Chuari Khas  (220)", "TB_Clin_Num": "1", "TB_Clin_Doc_Tot_Stren_Num": "0", "id": 7466}, "perc": 0.146613673772532, "metric": 99.85338732496106, "value_global_local": {"ANDAMAN & NICOBAR ISLANDS": {"global_perc": 0.012612612612612612, "local_perc": 0.007667031763417305}, "BIHAR": {"global_perc": 6.685385746757588e-05, "local_perc": 0.0032858707557502738}, "CHHATTISGARH": {"global_perc": 0.003428401073238597, "local_perc": 0.0755750273822563}, "GOA": {"global_perc": 0.0029940119760479044, "local_perc": 0.001095290251916758}, "HARYANA": {"global_perc": 0.003654436485893875, "local_perc": 0.027382256297918947}, "HIMACHAL PRADESH": {"global_perc": 4.833252779120348e-05, "local_perc": 0.001095290251916758}, "MADHYA PRADESH": {"global_perc": 0.00016392546855363094, "local_perc": 0.009857612267250822}, "MIZORAM": {"global_perc": 0.010843373493975903, "local_perc": 0.009857612267250822}, "NAGALAND": {"global_perc": 0.0014005602240896359, "local_perc": 0.002190580503833516}, "SIKKIM": {"global_perc": 0.0022172949002217295, "local_perc": 0.001095290251916758}, "TRIPURA": {"global_perc": 0.002285714285714286, "local_perc": 0.002190580503833516}, "UTTAR PRADESH": {"global_perc": 0.0003465263079026729, "local_perc": 0.040525739320920046}, "West Bengal": {"global_perc": 0.018573772937490674, "local_perc": 0.8181818181818182}}, "partition_field": "Stat_Nam", "Vil_Nam": "Chuari Khas  (220)", "Stat_Nam": "HIMACHAL PRADESH"}, {"data": [["TB_Clin_Doc_Tot_Stren_Num", 1.0], ["TB_Clin_Num", 3.0], 0.3333333333333333], "data_low": {"Stat_Nam": "West Bengal", "Vil_Nam": "Kandara", "TB_Clin_Num": "3", "TB_Clin_Doc_Tot_Stren_Num": "1", "id": 317688}, "data_high": {"Stat_Nam": "West Bengal", "Vil_Nam": "Gogla", "TB_Clin_Num": "5", "TB_Clin_Doc_Tot_Stren_Num": "2", "id": 317236}, "perc": 0.0003211690553615159, "metric": 99.9996794977425, "value_global_local": {}, "partition_field": null, "Vil_Nam": "Kandara", "Stat_Nam": "West Bengal"}, {"data": [["TB_Clin_Doc_Tot_Stren_Num", 1.0], ["TB_Clin_Num", 2.0], 0.5], "data_low": {"Stat_Nam": "Punjab", "Vil_Nam": "Sadarwala (127)", "TB_Clin_Num": "2", "TB_Clin_Doc_Tot_Stren_Num": "1", "id": 34129}, "data_high": {"Stat_Nam": "Punjab", "Vil_Nam": "Sadarwala (127)", "TB_Clin_Num": "2", "TB_Clin_Doc_Tot_Stren_Num": "1", "id": 34129}, "perc": 0.004656951302741981, "metric": 99.99534354877399, "value_global_local": {"MADHYA PRADESH": {"global_perc": 1.821394095040344e-05, "local_perc": 0.034482758620689655}, "Punjab": {"global_perc": 0.0012717590016691836, "local_perc": 0.5517241379310345}, "UTTARAKHAND": {"global_perc": 0.0002381944857976538, "local_perc": 0.13793103448275862}, "West Bengal": {"global_perc": 0.00019891590829976627, "local_perc": 0.27586206896551724}}, "partition_field": "Stat_Nam", "Vil_Nam": "Sadarwala (127)", "Stat_Nam": "Punjab"}, {"data": [["TB_Clin_Doc_Tot_Stren_Num", 1.0], ["TB_Clin_Num", 1.0], 1.0], "data_low": {"Stat_Nam": "JAMMU & KASHMIR", "Vil_Nam": "Halmat Pora", "TB_Clin_Num": "1", "TB_Clin_Doc_Tot_Stren_Num": "1", "id": 55}, "data_high": {"Stat_Nam": "West Bengal", "Vil_Nam": "Margram", "TB_Clin_Num": "3", "TB_Clin_Doc_Tot_Stren_Num": "3", "id": 315001}, "perc": 1.3490706170460476, "metric": 98.65092938295395, "value_global_local": {"": {"global_perc": 0.01564473830724277, "local_perc": 0.970003571003452}, "ADHARPUR": {"global_perc": 0.25, "local_perc": 0.00011903344839900012}, "AILEE": {"global_perc": 1.0, "local_perc": 0.00011903344839900012}, "AKBARNAGAR": {"global_perc": 0.1111111111111111, "local_perc": 0.00011903344839900012}, "ALAKDIHA": {"global_perc": 0.5, "local_perc": 0.00011903344839900012}, "ALIPUR BIHTA": {"global_perc": 1.0, "local_perc": 0.00011903344839900012}, "AMBATIKA": {"global_perc": 0.5, "local_perc": 0.00011903344839900012}, "AMRAPARA": {"global_perc": 1.0, "local_perc": 0.00011903344839900012}, "ANDIPATTI": {"global_perc": 0.25, "local_perc": 0.00011903344839900012}, "AREKALHOSAHALLI": {"global_perc": 0.5, "local_perc": 0.00011903344839900012}, "ASHARAM PAR": {"global_perc": 0.5, "local_perc": 0.00011903344839900012}, "ASOUTA": {"global_perc": 0.5, "local_perc": 0.00011903344839900012}, "AURANGABAD": {"global_perc": 0.058823529411764705, "local_perc": 0.00011903344839900012}, "BABHANI": {"global_perc": 0.010416666666666666, "local_perc": 0.00023806689679800025}, "BACHAHALLI": {"global_perc": 1.0, "local_perc": 0.00011903344839900012}, "BADAL": {"global_perc": 1.0, "local_perc": 0.00011903344839900012}, "BAGHA": {"global_perc": 0.25, "local_perc": 0.00011903344839900012}, "BAHERA": {"global_perc": 0.07692307692307693, "local_perc": 0.00011903344839900012}, "BAJODIH": {"global_perc": 1.0, "local_perc": 0.00011903344839900012}, "BALIA": {"global_perc": 0.16666666666666666, "local_perc": 0.00023806689679800025}, "BALLAGAN": {"global_perc": 1.0, "local_perc": 0.00011903344839900012}, "BALMARPADA": {"global_perc": 1.0, "local_perc": 0.00011903344839900012}, "BANDULAHAR": {"global_perc": 1.0, "local_perc": 0.00011903344839900012}, "BARAILA": {"global_perc": 0.4, "local_perc": 0.00023806689679800025}, "BARAP": {"global_perc": 0.3333333333333333, "local_perc": 0.00011903344839900012}, "BARAPAL": {"global_perc": 0.3333333333333333, "local_perc": 0.00011903344839900012}, "BASAVANAHALLI": {"global_perc": 0.2, "local_perc": 0.00011903344839900012}, "BASDIHAGOPAL": {"global_perc": 0.5, "local_perc": 0.00011903344839900012}, "BASEDOUR": {"global_perc": 0.3333333333333333, "local_perc": 0.00011903344839900012}, "BASINI": {"global_perc": 1.0, "local_perc": 0.00011903344839900012}, "BASODIH": {"global_perc": 1.0, "local_perc": 0.00011903344839900012}, "BASOLI MALLI": {"global_perc": 0.5, "local_perc": 0.00011903344839900012}, "BASUDEWPUR": {"global_perc": 1.0, "local_perc": 0.00011903344839900012}, "BEGUMSARAI": {"global_perc": 1.0, "local_perc": 0.00011903344839900012}, "BELDIHRI": {"global_perc": 0.3333333333333333, "local_perc": 0.00011903344839900012}, "BELHAN": {"global_perc": 0.3333333333333333, "local_perc": 0.00011903344839900012}, "BHADAURA": {"global_perc": 0.14285714285714285, "local_perc": 0.00011903344839900012}, "BHANDRA": {"global_perc": 0.3333333333333333, "local_perc": 0.00011903344839900012}, "BIGHAPUR": {"global_perc": 1.0, "local_perc": 0.00011903344839900012}, "BILISIRI": {"global_perc": 0.5, "local_perc": 0.00011903344839900012}, "BUDGADDA": {"global_perc": 0.5, "local_perc": 0.00023806689679800025}, "CHAK BAMUN": {"global_perc": 0.3333333333333333, "local_perc": 0.00011903344839900012}, "CHANAR BIGHA": {"global_perc": 0.2, "local_perc": 0.00011903344839900012}, "CHAND": {"global_perc": 0.2, "local_perc": 0.00011903344839900012}, "CHANDDIH": {"global_perc": 0.5, "local_perc": 0.00011903344839900012}, "CHANDI": {"global_perc": 0.04, "local_perc": 0.00011903344839900012}, "CHANDRI": {"global_perc": 0.1111111111111111, "local_perc": 0.00011903344839900012}, "CHATIKONA": {"global_perc": 0.2857142857142857, "local_perc": 0.00023806689679800025}, "CHHANGLA": {"global_perc": 0.2, "local_perc": 0.00011903344839900012}, "CHILOI": {"global_perc": 0.3333333333333333, "local_perc": 0.00011903344839900012}, "CHIRKUWEDA": {"global_perc": 1.0, "local_perc": 0.00011903344839900012}, "CHORA": {"global_perc": 0.25, "local_perc": 0.00011903344839900012}, "CHORAIN": {"global_perc": 1.0, "local_perc": 0.00011903344839900012}, "DADADAHALLI": {"global_perc": 1.0, "local_perc": 0.00011903344839900012}, "DAMADIH": {"global_perc": 0.5, "local_perc": 0.00011903344839900012}, "DAMERIKIA": {"global_perc": 1.0, "local_perc": 0.00011903344839900012}, "DANMOCHHE": {"global_perc": 0.5, "local_perc": 0.00011903344839900012}, "DARAPUR": {"global_perc": 0.2, "local_perc": 0.00011903344839900012}, "DEDUWA": {"global_perc": 1.0, "local_perc": 0.00011903344839900012}, "DEGO DEHARI": {"global_perc": 1.0, "local_perc": 0.00011903344839900012}, "DHUNA": {"global_perc": 0.3333333333333333, "local_perc": 0.00011903344839900012}, "DUIKASAI": {"global_perc": 1.0, "local_perc": 0.00011903344839900012}, "DURGI": {"global_perc": 0.6666666666666666, "local_perc": 0.0004761337935960005}, "EAKHARA": {"global_perc": 1.0, "local_perc": 0.00011903344839900012}, "ERKI": {"global_perc": 1.0, "local_perc": 0.00011903344839900012}, "FATEHPUR": {"global_perc": 0.015873015873015872, "local_perc": 0.00011903344839900012}, "FRANGAMATIA": {"global_perc": 1.0, "local_perc": 0.00011903344839900012}, "FULANG": {"global_perc": 0.6666666666666666, "local_perc": 0.00023806689679800025}, "GACHRA": {"global_perc": 1.0, "local_perc": 0.00011903344839900012}, "GAJADHARPUR": {"global_perc": 0.125, "local_perc": 0.00011903344839900012}, "GANGATI": {"global_perc": 1.0, "local_perc": 0.00023806689679800025}, "GANGHARA": {"global_perc": 0.5, "local_perc": 0.00011903344839900012}, "GAON": {"global_perc": 0.06666666666666667, "local_perc": 0.00011903344839900012}, "GARHWA": {"global_perc": 0.14285714285714285, "local_perc": 0.00011903344839900012}, "GAUHARPUR": {"global_perc": 0.3333333333333333, "local_perc": 0.00011903344839900012}, "GIRIYA": {"global_perc": 0.5, "local_perc": 0.00011903344839900012}, "GOH": {"global_perc": 0.2, "local_perc": 0.00011903344839900012}, "GOPICHAK": {"global_perc": 1.0, "local_perc": 0.00011903344839900012}, "GOVINDAMPALAYAM": {"global_perc": 0.5, "local_perc": 0.00011903344839900012}, "GUMMIDIPOONDI": {"global_perc": 0.5, "local_perc": 0.00011903344839900012}, "GUMRU": {"global_perc": 0.3333333333333333, "local_perc": 0.00011903344839900012}, "GURI": {"global_perc": 0.1111111111111111, "local_perc": 0.00011903344839900012}, "GYANPUR": {"global_perc": 0.034482758620689655, "local_perc": 0.00011903344839900012}, "HARHUA": {"global_perc": 0.6666666666666666, "local_perc": 0.00023806689679800025}, "HARIHARPUR": {"global_perc": 0.03225806451612903, "local_perc": 0.00011903344839900012}, "HARNA": {"global_perc": 0.5, "local_perc": 0.00011903344839900012}, "HARVADIH": {"global_perc": 1.0, "local_perc": 0.00011903344839900012}, "HAUCAK": {"global_perc": 0.16666666666666666, "local_perc": 0.00011903344839900012}, "HULIYAR": {"global_perc": 0.5, "local_perc": 0.00011903344839900012}, "HUNASANAKODIHALLI": {"global_perc": 1.0, "local_perc": 0.00011903344839900012}, "IBRAHIMPUR": {"global_perc": 0.1, "local_perc": 0.00011903344839900012}, "IDAR": {"global_perc": 0.5, "local_perc": 0.00011903344839900012}, "INDAR": {"global_perc": 0.6666666666666666, "local_perc": 0.00023806689679800025}, "ISHAPUR": {"global_perc": 0.3333333333333333, "local_perc": 0.00011903344839900012}, "ITKHORI": {"global_perc": 0.5, "local_perc": 0.00011903344839900012}, "JAIDPUR": {"global_perc": 1.0, "local_perc": 0.00011903344839900012}, "JALALPUR NAURANGA": {"global_perc": 0.5, "local_perc": 0.00011903344839900012}, "JAMBANI": {"global_perc": 0.2, "local_perc": 0.00011903344839900012}, "JAMBGI(K.D)": {"global_perc": 1.0, "local_perc": 0.00011903344839900012}, "JAMUAMWAN": {"global_perc": 1.0, "local_perc": 0.00011903344839900012}, "JARANGA": {"global_perc": 0.5, "local_perc": 0.00011903344839900012}, "JHAMKE": {"global_perc": 1.0, "local_perc": 0.00011903344839900012}, "JOGERISUGA": {"global_perc": 1.0, "local_perc": 0.00011903344839900012}, "K. NUAGAON": {"global_perc": 1.0, "local_perc": 0.00035710034519700033}, "KACHURI": {"global_perc": 0.5, "local_perc": 0.00011903344839900012}, "KAKARIA": {"global_perc": 0.25, "local_perc": 0.00011903344839900012}, "KANAUDI": {"global_perc": 0.5, "local_perc": 0.00011903344839900012}, "KANDARMUNDA": {"global_perc": 1.0, "local_perc": 0.00023806689679800025}, "KANDHALA SHEIKAN": {"global_perc": 1.0, "local_perc": 0.00011903344839900012}, "KANIMOH": {"global_perc": 0.16666666666666666, "local_perc": 0.00011903344839900012}, "KANNAPUR HATTI": {"global_perc": 1.0, "local_perc": 0.00011903344839900012}, "KARJA": {"global_perc": 0.5, "local_perc": 0.00011903344839900012}, "KARLI KALH": {"global_perc": 0.2, "local_perc": 0.00011903344839900012}, "KARMA": {"global_perc": 0.058823529411764705, "local_perc": 0.00011903344839900012}, "KAULI": {"global_perc": 0.14285714285714285, "local_perc": 0.00011903344839900012}, "KESARE": {"global_perc": 1.0, "local_perc": 0.00011903344839900012}, "KHARAJ": {"global_perc": 0.3333333333333333, "local_perc": 0.00011903344839900012}, "KHARAR": {"global_perc": 0.1111111111111111, "local_perc": 0.00011903344839900012}, "KHUN KHUN SARKI": {"global_perc": 0.5, "local_perc": 0.00011903344839900012}, "KONE": {"global_perc": 1.0, "local_perc": 0.00011903344839900012}, "KONI": {"global_perc": 0.16666666666666666, "local_perc": 0.00011903344839900012}, "KORI": {"global_perc": 0.2, "local_perc": 0.00011903344839900012}, "KOSDA": {"global_perc": 0.14285714285714285, "local_perc": 0.00011903344839900012}, "KOT GANGURAI": {"global_perc": 1.0, "local_perc": 0.00011903344839900012}, "KOTTARAM": {"global_perc": 1.0, "local_perc": 0.00011903344839900012}, "KUBANDHAMUNI": {"global_perc": 0.5, "local_perc": 0.00011903344839900012}, "KUDKI": {"global_perc": 0.5, "local_perc": 0.00011903344839900012}, "KUDUTULI": {"global_perc": 0.6666666666666666, "local_perc": 0.00023806689679800025}, "KUKURBAGHI": {"global_perc": 0.0625, "local_perc": 0.00011903344839900012}, "KULLATHILVAI": {"global_perc": 0.3333333333333333, "local_perc": 0.00011903344839900012}, "KUMIZHI": {"global_perc": 1.0, "local_perc": 0.00011903344839900012}, "KURAVEDIYA": {"global_perc": 1.0, "local_perc": 0.00011903344839900012}, "KURMADIH": {"global_perc": 1.0, "local_perc": 0.00011903344839900012}, "KURSI": {"global_perc": 0.3333333333333333, "local_perc": 0.00011903344839900012}, "LANJI": {"global_perc": 1.0, "local_perc": 0.00011903344839900012}, "MACHAGOWDANAHALLI": {"global_perc": 0.1111111111111111, "local_perc": 0.00011903344839900012}, "MACHONG": {"global_perc": 1.0, "local_perc": 0.00011903344839900012}, "MADHOPUR": {"global_perc": 0.03225806451612903, "local_perc": 0.00011903344839900012}, "MAGALI": {"global_perc": 1.0, "local_perc": 0.00011903344839900012}, "MAHDIPUR": {"global_perc": 0.5, "local_perc": 0.00011903344839900012}, "MAHUWAI": {"global_perc": 1.0, "local_perc": 0.00011903344839900012}, "MAJHWALIA": {"global_perc": 1.0, "local_perc": 0.00011903344839900012}, "MALIHAPUR": {"global_perc": 1.0, "local_perc": 0.00011903344839900012}, "MARARI KALA": {"global_perc": 0.5, "local_perc": 0.00011903344839900012}, "MAYURHAND": {"global_perc": 0.75, "local_perc": 0.00035710034519700033}, "MELPAKKAM": {"global_perc": 0.5, "local_perc": 0.00011903344839900012}, "MERLE": {"global_perc": 1.0, "local_perc": 0.00011903344839900012}, "MISRAULI": {"global_perc": 1.0, "local_perc": 0.00011903344839900012}, "MOHANPUR": {"global_perc": 0.02666666666666667, "local_perc": 0.00023806689679800025}, "MORWA": {"global_perc": 1.0, "local_perc": 0.00011903344839900012}, "MULEKALENAHALLI": {"global_perc": 0.1111111111111111, "local_perc": 0.00011903344839900012}, "MULTANIPUR": {"global_perc": 1.0, "local_perc": 0.00011903344839900012}, "MUNAN": {"global_perc": 1.0, "local_perc": 0.00011903344839900012}, "MUNDARGAON": {"global_perc": 1.0, "local_perc": 0.00011903344839900012}, "MUNIPUR": {"global_perc": 0.5, "local_perc": 0.00011903344839900012}, "N.A.": {"global_perc": 0.0007577192650123129, "local_perc": 0.000952267587192001}, "NABINAGAR": {"global_perc": 0.25, "local_perc": 0.00011903344839900012}, "NADICHAINE": {"global_perc": 1.0, "local_perc": 0.00011903344839900012}, "NAGENAHALLI": {"global_perc": 0.16666666666666666, "local_perc": 0.00011903344839900012}, "NALATHWAD": {"global_perc": 0.25, "local_perc": 0.00011903344839900012}, "NAWADA": {"global_perc": 0.03225806451612903, "local_perc": 0.00011903344839900012}, "NAYADIH": {"global_perc": 0.3333333333333333, "local_perc": 0.00011903344839900012}, "NIWAI": {"global_perc": 0.1111111111111111, "local_perc": 0.00011903344839900012}, "NOTAR": {"global_perc": 1.0, "local_perc": 0.00011903344839900012}, "OBRA": {"global_perc": 1.0, "local_perc": 0.00011903344839900012}, "OR": {"global_perc": 0.3333333333333333, "local_perc": 0.00011903344839900012}, "PADARIYA": {"global_perc": 0.07692307692307693, "local_perc": 0.00011903344839900012}, "PAHARIDIH": {"global_perc": 0.14285714285714285, "local_perc": 0.00011903344839900012}, "PAIBANSAHI": {"global_perc": 1.0, "local_perc": 0.00011903344839900012}, "PALAKHAMAN": {"global_perc": 1.0, "local_perc": 0.00011903344839900012}, "PALLIKKADU": {"global_perc": 1.0, "local_perc": 0.00011903344839900012}, "PANDEPURA KALA": {"global_perc": 1.0, "local_perc": 0.00023806689679800025}, "PARRIA PARASSAWAN": {"global_perc": 0.4, "local_perc": 0.00023806689679800025}, "PARTAWAL": {"global_perc": 1.0, "local_perc": 0.00011903344839900012}, "PIPRA": {"global_perc": 0.05263157894736842, "local_perc": 0.00011903344839900012}, "PUNAJUR STATE FOREST": {"global_perc": 1.0, "local_perc": 0.00011903344839900012}, "PURAUNI BUZURG": {"global_perc": 1.0, "local_perc": 0.00011903344839900012}, "PURIKONA": {"global_perc": 0.16666666666666666, "local_perc": 0.00011903344839900012}, "RAGHOPUR": {"global_perc": 0.16666666666666666, "local_perc": 0.00011903344839900012}, "RAINAGAR": {"global_perc": 1.0, "local_perc": 0.00011903344839900012}, "RAMDIH": {"global_perc": 0.3333333333333333, "local_perc": 0.00011903344839900012}, "RAMGARHA": {"global_perc": 1.0, "local_perc": 0.00011903344839900012}, "RAMPUR": {"global_perc": 0.007194244604316547, "local_perc": 0.00011903344839900012}, "RATNAG": {"global_perc": 0.3333333333333333, "local_perc": 0.00011903344839900012}, "REPEDA": {"global_perc": 1.0, "local_perc": 0.00011903344839900012}, "RUPAS MAHAJI": {"global_perc": 0.5, "local_perc": 0.00011903344839900012}, "Rahmatpur": {"global_perc": 0.5, "local_perc": 0.00011903344839900012}, "SADURI": {"global_perc": 0.6666666666666666, "local_perc": 0.00023806689679800025}, "SAGWARA": {"global_perc": 0.25, "local_perc": 0.00011903344839900012}, "SAHIBGANJ": {"global_perc": 0.05263157894736842, "local_perc": 0.00011903344839900012}, "SAHRAWADA": {"global_perc": 0.5, "local_perc": 0.00011903344839900012}, "SAINIPADA": {"global_perc": 1.0, "local_perc": 0.00023806689679800025}, "SALIAGOCHHA": {"global_perc": 1.0, "local_perc": 0.00011903344839900012}, "SAMTHAR": {"global_perc": 0.3333333333333333, "local_perc": 0.00011903344839900012}, "SANKESHWAR TOWN": {"global_perc": 1.0, "local_perc": 0.00011903344839900012}, "SAPAKAMBA": {"global_perc": 1.0, "local_perc": 0.00011903344839900012}, "SARAIA": {"global_perc": 0.5, "local_perc": 0.00023806689679800025}, "SARDAM": {"global_perc": 0.25, "local_perc": 0.00011903344839900012}, "SARUA": {"global_perc": 0.3333333333333333, "local_perc": 0.00011903344839900012}, "SEWAL": {"global_perc": 1.0, "local_perc": 0.00011903344839900012}, "SHEKHPURA": {"global_perc": 0.1, "local_perc": 0.00011903344839900012}, "SHIVPUR": {"global_perc": 0.18181818181818182, "local_perc": 0.0004761337935960005}, "SIKRIA": {"global_perc": 0.5, "local_perc": 0.00011903344839900012}, "SIRUVADI": {"global_perc": 1.0, "local_perc": 0.00011903344839900012}, "SOMINAKOPPA": {"global_perc": 0.16666666666666666, "local_perc": 0.00011903344839900012}, "SONABABUPUR": {"global_perc": 0.5, "local_perc": 0.00011903344839900012}, "SUNKA": {"global_perc": 1.0, "local_perc": 0.00011903344839900012}, "TARNA": {"global_perc": 0.5, "local_perc": 0.00011903344839900012}, "TARTO": {"global_perc": 1.0, "local_perc": 0.00011903344839900012}, "TEGRA": {"global_perc": 1.0, "local_perc": 0.00011903344839900012}, "TELAIMAL": {"global_perc": 0.5, "local_perc": 0.00011903344839900012}, "TETARIYA": {"global_perc": 0.07692307692307693, "local_perc": 0.00011903344839900012}, "TETRI": {"global_perc": 0.5, "local_perc": 0.00011903344839900012}, "THAGACHAGERE": {"global_perc": 1.0, "local_perc": 0.00011903344839900012}, "THALAGHATTAPURA": {"global_perc": 0.2, "local_perc": 0.00011903344839900012}, "THARRIYA": {"global_perc": 1.0, "local_perc": 0.00011903344839900012}, "URMAR": {"global_perc": 1.0, "local_perc": 0.00011903344839900012}, "VADAKATTUPATTI": {"global_perc": 1.0, "local_perc": 0.00011903344839900012}, "VELLALAPATTI": {"global_perc": 0.5, "local_perc": 0.00011903344839900012}}, "partition_field": "Near_Vil_Tow_Nam_hav_Prim_School", "Vil_Nam": "Halmat Pora", "Stat_Nam": "JAMMU & KASHMIR"}, {"data": [["TB_Clin_Doc_Tot_Stren_Num", 2.0], ["TB_Clin_Num", 1.0], 2.0], "data_low": {"Stat_Nam": "JAMMU & KASHMIR", "Vil_Nam": "Nut Nusa", "TB_Clin_Num": "1", "TB_Clin_Doc_Tot_Stren_Num": "2", "id": 159}, "data_high": {"Stat_Nam": "West Bengal", "Vil_Nam": "Rangilabad", "TB_Clin_Num": "3", "TB_Clin_Doc_Tot_Stren_Num": "6", "id": 332170}, "perc": 0.11867196595608014, "metric": 99.88132703503084, "value_global_local": {"ANDAMAN & NICOBAR ISLANDS": {"global_perc": 0.0018018018018018018, "local_perc": 0.0013531799729364006}, "ANDHRA PRADESH": {"global_perc": 3.597122302158273e-05, "local_perc": 0.0013531799729364006}, "ASSAM": {"global_perc": 3.7885963250615644e-05, "local_perc": 0.0013531799729364006}, "Arunachal Pradesh": {"global_perc": 0.0007156915369475756, "local_perc": 0.005412719891745603}, "BIHAR": {"global_perc": 0.003944377590586977, "local_perc": 0.2395128552097429}, "CHHATTISGARH": {"global_perc": 9.937394415184339e-05, "local_perc": 0.0027063599458728013}, "JAMMU & KASHMIR": {"global_perc": 0.001220814893941706, "local_perc": 0.010825439783491205}, "JHARKHAND": {"global_perc": 0.0004321787985429401, "local_perc": 0.018944519621109608}, "KARNATAKA": {"global_perc": 0.010429447852760737, "local_perc": 0.4140730717185386}, "KERALA": {"global_perc": 0.003929273084479371, "local_perc": 0.005412719891745603}, "MADHYA PRADESH": {"global_perc": 0.00018213940950403439, "local_perc": 0.013531799729364006}, "MANIPUR": {"global_perc": 0.0003874467260751647, "local_perc": 0.0013531799729364006}, "ODISHA": {"global_perc": 0.000428741254652817, "local_perc": 0.029769959404600813}, "PUDUCHERRY": {"global_perc": 0.14444444444444443, "local_perc": 0.017591339648173207}, "Punjab": {"global_perc": 0.00023845481281297194, "local_perc": 0.0040595399188092015}, "RAJASTHAN": {"global_perc": 0.0002686246418338109, "local_perc": 0.016238159675236806}, "SIKKIM": {"global_perc": 0.019955654101995565, "local_perc": 0.012178619756427604}, "TRIPURA": {"global_perc": 0.006857142857142857, "local_perc": 0.008119079837618403}, "Tamil Nadu": {"global_perc": 0.00018774641717253895, "local_perc": 0.0040595399188092015}, "UTTAR PRADESH": {"global_perc": 0.0008148051023657445, "local_perc": 0.11772665764546685}, "UTTARAKHAND": {"global_perc": 0.0005954862144941345, "local_perc": 0.013531799729364006}, "West Bengal": {"global_perc": 0.0011189019841861853, "local_perc": 0.06089309878213803}}, "partition_field": "Stat_Nam", "Vil_Nam": "Nut Nusa", "Stat_Nam": "JAMMU & KASHMIR"}, {"data": [["TB_Clin_Doc_Tot_Stren_Num", 3.0], ["TB_Clin_Num", 1.0], 3.0], "data_low": {"Stat_Nam": "Punjab", "Vil_Nam": "Lakhan Khurd (138)", "TB_Clin_Num": "1", "TB_Clin_Doc_Tot_Stren_Num": "3", "id": 28969}, "data_high": {"Stat_Nam": "Punjab", "Vil_Nam": "Lakhan Khurd (138)", "TB_Clin_Num": "1", "TB_Clin_Doc_Tot_Stren_Num": "3", "id": 28969}, "perc": 0.010116825243887751, "metric": 99.98988117455843, "value_global_local": {"Arunachal Pradesh": {"global_perc": 0.0001789228842368939, "local_perc": 0.015873015873015872}, "KARNATAKA": {"global_perc": 0.0007498295841854124, "local_perc": 0.3492063492063492}, "MADHYA PRADESH": {"global_perc": 3.642788190080688e-05, "local_perc": 0.031746031746031744}, "PUDUCHERRY": {"global_perc": 0.05555555555555555, "local_perc": 0.07936507936507936}, "Punjab": {"global_perc": 0.00015896987520864795, "local_perc": 0.031746031746031744}, "SIKKIM": {"global_perc": 0.0066518847006651885, "local_perc": 0.047619047619047616}, "TRIPURA": {"global_perc": 0.001142857142857143, "local_perc": 0.015873015873015872}, "UTTAR PRADESH": {"global_perc": 0.00013111806244966003, "local_perc": 0.2222222222222222}, "UTTARAKHAND": {"global_perc": 0.00017864586434824034, "local_perc": 0.047619047619047616}, "West Bengal": {"global_perc": 0.00024864488537470786, "local_perc": 0.15873015873015872}}, "partition_field": "Stat_Nam", "Vil_Nam": "Lakhan Khurd (138)", "Stat_Nam": "Punjab"}, {"data": [["TB_Clin_Doc_Tot_Stren_Num", 4.0], ["TB_Clin_Num", 1.0], 4.0], "data_low": {"Stat_Nam": "Punjab", "Vil_Nam": "Gharuan (377)", "TB_Clin_Num": "1", "TB_Clin_Doc_Tot_Stren_Num": "4", "id": 38790}, "data_high": {"Stat_Nam": "Punjab", "Vil_Nam": "Gharuan (377)", "TB_Clin_Num": "1", "TB_Clin_Doc_Tot_Stren_Num": "4", "id": 38790}, "perc": 0.008189810911718656, "metric": 99.99180718873394, "value_global_local": {"JHARKHAND": {"global_perc": 0.0008643575970858801, "local_perc": 0.5490196078431373}, "KARNATAKA": {"global_perc": 0.00020449897750511248, "local_perc": 0.11764705882352941}, "Punjab": {"global_perc": 7.948493760432397e-05, "local_perc": 0.0196078431372549}, "TRIPURA": {"global_perc": 0.002285714285714286, "local_perc": 0.0392156862745098}, "UTTAR PRADESH": {"global_perc": 6.555903122483001e-05, "local_perc": 0.13725490196078433}, "UTTARAKHAND": {"global_perc": 0.0001190972428988269, "local_perc": 0.0392156862745098}, "West Bengal": {"global_perc": 0.00012432244268735393, "local_perc": 0.09803921568627451}}, "partition_field": "Stat_Nam", "Vil_Nam": "Gharuan (377)", "Stat_Nam": "Punjab"}, {"data": [["TB_Clin_Doc_Tot_Stren_Num", 5.0], ["TB_Clin_Num", 1.0], 5.0], "data_low": {"Stat_Nam": "JAMMU & KASHMIR", "Vil_Nam": "Danger Pora", "TB_Clin_Num": "1", "TB_Clin_Doc_Tot_Stren_Num": "5", "id": 2985}, "data_high": {"Stat_Nam": "JAMMU & KASHMIR", "Vil_Nam": "Danger Pora", "TB_Clin_Num": "1", "TB_Clin_Doc_Tot_Stren_Num": "5", "id": 2985}, "perc": 0.0022481833875306113, "metric": 99.99774781590229, "value_global_local": {}, "partition_field": null, "Vil_Nam": "Danger Pora", "Stat_Nam": "JAMMU & KASHMIR"}, {"data": [["TB_Clin_Doc_Tot_Stren_Num", 6.0], ["TB_Clin_Num", 1.0], 6.0], "data_low": {"Stat_Nam": "Punjab", "Vil_Nam": "Tahliwala Bodla (229)", "TB_Clin_Num": "1", "TB_Clin_Doc_Tot_Stren_Num": "6", "id": 34868}, "data_high": {"Stat_Nam": "Punjab", "Vil_Nam": "Tahliwala Bodla (229)", "TB_Clin_Num": "1", "TB_Clin_Doc_Tot_Stren_Num": "6", "id": 34868}, "perc": 0.0016058452768075795, "metric": 99.99838915380334, "value_global_local": {}, "partition_field": null, "Vil_Nam": "Tahliwala Bodla (229)", "Stat_Nam": "Punjab"}, {"data": [["TB_Clin_Doc_Tot_Stren_Num", 7.0], ["TB_Clin_Num", 1.0], 7.0], "data_low": {"Stat_Nam": "Punjab", "Vil_Nam": "Ayali Khurd (153)", "TB_Clin_Num": "1", "TB_Clin_Doc_Tot_Stren_Num": "7", "id": 33424}, "data_high": {"Stat_Nam": "Punjab", "Vil_Nam": "Ayali Khurd (153)", "TB_Clin_Num": "1", "TB_Clin_Doc_Tot_Stren_Num": "7", "id": 33424}, "perc": 0.0004817535830422739, "metric": 99.99951224524568, "value_global_local": {}, "partition_field": null, "Vil_Nam": "Ayali Khurd (153)", "Stat_Nam": "Punjab"}, {"data": [["TB_Clin_Doc_Tot_Stren_Num", 8.0], ["TB_Clin_Num", 1.0], 8.0], "data_low": {"Stat_Nam": "West Bengal", "Vil_Nam": "Matipur", "TB_Clin_Num": "1", "TB_Clin_Doc_Tot_Stren_Num": "8", "id": 329137}, "data_high": {"Stat_Nam": "West Bengal", "Vil_Nam": "Matipur", "TB_Clin_Num": "1", "TB_Clin_Doc_Tot_Stren_Num": "8", "id": 329137}, "perc": 0.00016058452768075794, "metric": 99.99983241408336, "value_global_local": {}, "partition_field": null, "Vil_Nam": "Matipur", "Stat_Nam": "West Bengal"}, {"data": [["TB_Clin_Doc_Tot_Stren_Num", 9.0], ["TB_Clin_Num", 1.0], 9.0], "data_low": {"Stat_Nam": "West Bengal", "Vil_Nam": "Goalpota", "TB_Clin_Num": "1", "TB_Clin_Doc_Tot_Stren_Num": "9", "id": 330938}, "data_high": {"Stat_Nam": "West Bengal", "Vil_Nam": "Goalpota", "TB_Clin_Num": "1", "TB_Clin_Doc_Tot_Stren_Num": "9", "id": 330938}, "perc": 0.00016058452768075794, "metric": 99.99983141388493, "value_global_local": {}, "partition_field": null, "Vil_Nam": "Goalpota", "Stat_Nam": "West Bengal"}, {"data": [["TB_Clin_Doc_Tot_Stren_Num", 10.0], ["TB_Clin_Num", 1.0], 10.0], "data_low": {"Stat_Nam": "West Bengal", "Vil_Nam": "Gohalura", "TB_Clin_Num": "1", "TB_Clin_Doc_Tot_Stren_Num": "10", "id": 338438}, "data_high": {"Stat_Nam": "West Bengal", "Vil_Nam": "Gohalura", "TB_Clin_Num": "1", "TB_Clin_Doc_Tot_Stren_Num": "10", "id": 338438}, "perc": 0.00016058452768075794, "metric": 99.99983041368651, "value_global_local": {}, "partition_field": null, "Vil_Nam": "Gohalura", "Stat_Nam": "West Bengal"}, {"data": [["TB_Clin_Doc_Tot_Stren_Num", 15.0], ["TB_Clin_Num", 1.0], 15.0], "data_low": {"Stat_Nam": "UTTAR PRADESH", "Vil_Nam": "Sakrapar", "TB_Clin_Num": "1", "TB_Clin_Doc_Tot_Stren_Num": "15", "id": 190278}, "data_high": {"Stat_Nam": "UTTAR PRADESH", "Vil_Nam": "Sakrapar", "TB_Clin_Num": "1", "TB_Clin_Doc_Tot_Stren_Num": "15", "id": 190278}, "perc": 0.0004817535830422739, "metric": 99.999504243684, "value_global_local": {}, "partition_field": null, "Vil_Nam": "Sakrapar", "Stat_Nam": "UTTAR PRADESH"}, {"data": [["TB_Clin_Doc_Tot_Stren_Num", 3.0], ["TB_Clin_Num", 0.0], 9999], "data_low": {"Stat_Nam": "UTTAR PRADESH", "Vil_Nam": "Pithna Pur", "TB_Clin_Num": "0", "TB_Clin_Doc_Tot_Stren_Num": "1", "id": 145260}, "data_high": {"Stat_Nam": "UTTAR PRADESH", "Vil_Nam": "Charuhar Ashanandpur", "TB_Clin_Num": "0", "TB_Clin_Doc_Tot_Stren_Num": "3", "id": 144281}, "perc": 0.008992733550122445, "metric": 99.98100816582325, "value_global_local": {"UTTAR PRADESH": {"global_perc": 0.0005244722497986401, "local_perc": 1.0}}, "partition_field": "Stat_Nam", "Vil_Nam": "Charuhar Ashanandpur", "Stat_Nam": "UTTAR PRADESH"}, {"data": [["TB_Clin_Doc_Tot_Stren_Num", 0], ["TB_Clin_Num", 0], 99980001], "data_low": {"Stat_Nam": "JAMMU & KASHMIR", "Vil_Nam": "Bore", "TB_Clin_Num": "", "TB_Clin_Doc_Tot_Stren_Num": "", "id": 0}, "data_high": {"Stat_Nam": "JAMMU & KASHMIR", "Vil_Nam": "Palmar", "TB_Clin_Num": "Tb_Num", "TB_Clin_Doc_Tot_Stren_Num": "Tb_st", "id": 4582}, "perc": 98.34806696374804, "metric": 9.836773952797623e-07, "value_global_local": {"null": {"global_perc": 0.9834806696374804, "local_perc": 1.0}}, "partition_field": "Dist_Other", "Vil_Nam": "Bore", "Stat_Nam": "JAMMU & KASHMIR"}]