[{"data": [["Fam_Wel_Cen_Num", 0.0], ["Fam_Wel_Cen_Par_Med_Staf_Tot_Stren_Num", 2.0], 0.0], "data_low": {"Stat_Nam": "UTTAR PRADESH", "Vil_Nam": "Manik Pur", "Fam_Wel_Cen_Num": "0", "Fam_Wel_Cen_Par_Med_Staf_Tot_Stren_Num": "2", "id": 122840}, "data_high": {"Stat_Nam": "Tamil Nadu", "Vil_Nam": "Kavandapadi", "Fam_Wel_Cen_Num": "3", "Fam_Wel_Cen_Par_Med_Staf_Tot_Stren_Num": "30", "id": 612267}, "perc": 0.025854108956602034, "metric": 99.97414689098483, "value_global_local": {"ANDAMAN & NICOBAR ISLANDS": {"global_perc": 0.0018018018018018018, "local_perc": 0.006211180124223602}, "ANDHRA PRADESH": {"global_perc": 3.597122302158273e-05, "local_perc": 0.006211180124223602}, "BIHAR": {"global_perc": 2.2284619155858625e-05, "local_perc": 0.006211180124223602}, "HIMACHAL PRADESH": {"global_perc": 4.833252779120348e-05, "local_perc": 0.006211180124223602}, "JAMMU & KASHMIR": {"global_perc": 0.00015260186174271325, "local_perc": 0.006211180124223602}, "JHARKHAND": {"global_perc": 3.086991418163858e-05, "local_perc": 0.006211180124223602}, "KARNATAKA": {"global_perc": 0.00017041581458759374, "local_perc": 0.031055900621118012}, "MADHYA PRADESH": {"global_perc": 7.285576380161376e-05, "local_perc": 0.024844720496894408}, "PUDUCHERRY": {"global_perc": 0.18888888888888888, "local_perc": 0.10559006211180125}, "SIKKIM": {"global_perc": 0.0066518847006651885, "local_perc": 0.018633540372670808}, "TRIPURA": {"global_perc": 0.002285714285714286, "local_perc": 0.012422360248447204}, "Tamil Nadu": {"global_perc": 0.006258213905751299, "local_perc": 0.6211180124223602}, "UTTAR PRADESH": {"global_perc": 0.0001217524865603986, "local_perc": 0.08074534161490683}, "West Bengal": {"global_perc": 0.00027350937391217863, "local_perc": 0.06832298136645963}}, "partition_field": "Stat_Nam", "Vil_Nam": "Manik Pur", "Stat_Nam": "UTTAR PRADESH"}, {"data": [["Fam_Wel_Cen_Num", 1.0], ["Fam_Wel_Cen_Par_Med_Staf_Tot_Stren_Num", 9.0], 0.1111111111111111], "data_low": {"Stat_Nam": "Punjab", "Vil_Nam": "Katani Kalan (212)", "Fam_Wel_Cen_Num": "1", "Fam_Wel_Cen_Par_Med_Staf_Tot_Stren_Num": "9", "id": 33180}, "data_high": {"Stat_Nam": "Tamil Nadu", "Vil_Nam": "Desavilakku", "Fam_Wel_Cen_Num": "3", "Fam_Wel_Cen_Par_Med_Staf_Tot_Stren_Num": "27", "id": 611290}, "perc": 0.21100806937251596, "metric": 99.7889928178182, "value_global_local": {"ANDHRA PRADESH": {"global_perc": 0.0005035971223021583, "local_perc": 0.0106544901065449}, "ASSAM": {"global_perc": 0.005682894487592347, "local_perc": 0.1141552511415525}, "Arunachal Pradesh": {"global_perc": 0.0001789228842368939, "local_perc": 0.00076103500761035}, "BIHAR": {"global_perc": 0.0018050541516245488, "local_perc": 0.06164383561643835}, "Dadra & Nagar Haveli": {"global_perc": 0.015384615384615385, "local_perc": 0.00076103500761035}, "HARYANA": {"global_perc": 0.00029235491887151, "local_perc": 0.0015220700152207}, "HIMACHAL PRADESH": {"global_perc": 0.00019333011116481392, "local_perc": 0.0030441400304414}, "JAMMU & KASHMIR": {"global_perc": 0.0021364260643979855, "local_perc": 0.0106544901065449}, "JHARKHAND": {"global_perc": 0.0005556584552694943, "local_perc": 0.0136986301369863}, "KARNATAKA": {"global_perc": 0.0019768234492160875, "local_perc": 0.0441400304414003}, "MADHYA PRADESH": {"global_perc": 0.0004735624647104894, "local_perc": 0.0197869101978691}, "MANIPUR": {"global_perc": 0.0003874467260751647, "local_perc": 0.00076103500761035}, "NAGALAND": {"global_perc": 0.0014005602240896359, "local_perc": 0.0015220700152207}, "PUDUCHERRY": {"global_perc": 0.08888888888888889, "local_perc": 0.0060882800608828}, "Punjab": {"global_perc": 0.0007948493760432398, "local_perc": 0.0076103500761035}, "RAJASTHAN": {"global_perc": 0.0008282593123209169, "local_perc": 0.02815829528158295}, "SIKKIM": {"global_perc": 0.013303769401330377, "local_perc": 0.0045662100456621}, "TRIPURA": {"global_perc": 0.005714285714285714, "local_perc": 0.00380517503805175}, "Tamil Nadu": {"global_perc": 0.048125664935227484, "local_perc": 0.5852359208523592}, "UTTAR PRADESH": {"global_perc": 0.0005057410980201173, "local_perc": 0.0410958904109589}, "UTTARAKHAND": {"global_perc": 0.002381944857976538, "local_perc": 0.030441400304414}, "West Bengal": {"global_perc": 0.00032323835098712017, "local_perc": 0.00989345509893455}}, "partition_field": "Stat_Nam", "Vil_Nam": "Katani Kalan (212)", "Stat_Nam": "Punjab"}, {"data": [["Fam_Wel_Cen_Num", 3.0], ["Fam_Wel_Cen_Par_Med_Staf_Tot_Stren_Num", 14.0], 0.21428571428571427], "data_low": {"Stat_Nam": "JAMMU & KASHMIR", "Vil_Nam": "Hanji Shat", "Fam_Wel_Cen_Num": "1", "Fam_Wel_Cen_Par_Med_Staf_Tot_Stren_Num": "4", "id": 179}, "data_high": {"Stat_Nam": "KARNATAKA", "Vil_Nam": "Mudbi", "Fam_Wel_Cen_Num": "3", "Fam_Wel_Cen_Par_Med_Staf_Tot_Stren_Num": "14", "id": 578077}, "perc": 0.21887671122887312, "metric": 99.7811240729225, "value_global_local": {"ANDHRA PRADESH": {"global_perc": 0.0004316546762589928, "local_perc": 0.00880410858400587}, "ASSAM": {"global_perc": 0.021632885016101534, "local_perc": 0.4189288334556126}, "Arunachal Pradesh": {"global_perc": 0.0003578457684737878, "local_perc": 0.001467351430667645}, "BIHAR": {"global_perc": 0.001493069483442528, "local_perc": 0.0491562729273661}, "HARYANA": {"global_perc": 0.00029235491887151, "local_perc": 0.001467351430667645}, "HIMACHAL PRADESH": {"global_perc": 4.833252779120348e-05, "local_perc": 0.0007336757153338225}, "JAMMU & KASHMIR": {"global_perc": 0.0028994353731115518, "local_perc": 0.013939838591342627}, "JHARKHAND": {"global_perc": 0.0004321787985429401, "local_perc": 0.010271460014673514}, "KARNATAKA": {"global_perc": 0.0018404907975460123, "local_perc": 0.03961848862802641}, "MADHYA PRADESH": {"global_perc": 0.0026410214378084986, "local_perc": 0.10638297872340426}, "Punjab": {"global_perc": 0.0006358795008345918, "local_perc": 0.00586940572267058}, "RAJASTHAN": {"global_perc": 0.00020146848137535817, "local_perc": 0.006603081438004402}, "SIKKIM": {"global_perc": 0.004434589800443459, "local_perc": 0.001467351430667645}, "TRIPURA": {"global_perc": 0.001142857142857143, "local_perc": 0.0007336757153338225}, "Tamil Nadu": {"global_perc": 0.019275298829714, "local_perc": 0.22597212032281733}, "UTTAR PRADESH": {"global_perc": 0.0007492460711409144, "local_perc": 0.058694057226705794}, "UTTARAKHAND": {"global_perc": 0.0027392365866730187, "local_perc": 0.03374908290535583}, "West Bengal": {"global_perc": 0.0005470187478243573, "local_perc": 0.016140865737344093}}, "partition_field": "Stat_Nam", "Vil_Nam": "Mudbi", "Stat_Nam": "KARNATAKA"}, {"data": [["Fam_Wel_Cen_Num", 1.0], ["Fam_Wel_Cen_Par_Med_Staf_Tot_Stren_Num", 3.0], 0.3333333333333333], "data_low": {"Stat_Nam": "JAMMU & KASHMIR", "Vil_Nam": "Gushi", "Fam_Wel_Cen_Num": "1", "Fam_Wel_Cen_Par_Med_Staf_Tot_Stren_Num": "3", "id": 59}, "data_high": {"Stat_Nam": "KARNATAKA", "Vil_Nam": "Hallikhed (B)", "Fam_Wel_Cen_Num": "6", "Fam_Wel_Cen_Par_Med_Staf_Tot_Stren_Num": "16", "id": 578531}, "perc": 0.38829338793207274, "metric": 99.6117072762788, "value_global_local": {"": {"global_perc": 0.004605685016452989, "local_perc": 0.9921422663358147}, "ARITAR DUNG DUNG": {"global_perc": 1.0, "local_perc": 0.00041356492969396195}, "AZAMPUR": {"global_perc": 0.5, "local_perc": 0.00041356492969396195}, "F 1 P 2": {"global_perc": 1.0, "local_perc": 0.00041356492969396195}, "GOVINDAMPALAYAM": {"global_perc": 0.5, "local_perc": 0.00041356492969396195}, "GUMMIDIPOONDI": {"global_perc": 0.5, "local_perc": 0.00041356492969396195}, "HADIPORA": {"global_perc": 0.2, "local_perc": 0.00041356492969396195}, "HARHUA": {"global_perc": 0.6666666666666666, "local_perc": 0.0008271298593879239}, "JASKOT": {"global_perc": 0.3333333333333333, "local_perc": 0.00041356492969396195}, "KESHOPUR": {"global_perc": 0.2, "local_perc": 0.00041356492969396195}, "KHARAR": {"global_perc": 0.1111111111111111, "local_perc": 0.00041356492969396195}, "N.A.": {"global_perc": 9.471490812653911e-05, "local_perc": 0.00041356492969396195}, "PALLIKKADU": {"global_perc": 1.0, "local_perc": 0.00041356492969396195}, "PANG": {"global_perc": 0.3333333333333333, "local_perc": 0.00041356492969396195}, "PATHOLI": {"global_perc": 1.0, "local_perc": 0.00041356492969396195}, "RAWALGAON": {"global_perc": 0.5, "local_perc": 0.00041356492969396195}, "SIRUVADI": {"global_perc": 1.0, "local_perc": 0.00041356492969396195}, "SYAHI DEVI GUNTH": {"global_perc": 1.0, "local_perc": 0.00041356492969396195}, "SYALDE": {"global_perc": 0.3333333333333333, "local_perc": 0.00041356492969396195}}, "partition_field": "Near_Vil_Tow_Nam_hav_Prim_School", "Vil_Nam": "Gushi", "Stat_Nam": "JAMMU & KASHMIR"}, {"data": [["Fam_Wel_Cen_Num", 1.0], ["Fam_Wel_Cen_Par_Med_Staf_Tot_Stren_Num", 2.0], 0.5], "data_low": {"Stat_Nam": "JAMMU & KASHMIR", "Vil_Nam": "Sogam", "Fam_Wel_Cen_Num": "1", "Fam_Wel_Cen_Par_Med_Staf_Tot_Stren_Num": "2", "id": 36}, "data_high": {"Stat_Nam": "West Bengal", "Vil_Nam": "Luxbagan", "Fam_Wel_Cen_Num": "8", "Fam_Wel_Cen_Par_Med_Staf_Tot_Stren_Num": "14", "id": 333160}, "perc": 0.6567907182143001, "metric": 99.34320977860109, "value_global_local": {"ANDAMAN & NICOBAR ISLANDS": {"global_perc": 0.007207207207207207, "local_perc": 0.0009779951100244498}, "ANDHRA PRADESH": {"global_perc": 0.0009352517985611511, "local_perc": 0.006356968215158924}, "ASSAM": {"global_perc": 0.0003409736692555408, "local_perc": 0.002200488997555012}, "Arunachal Pradesh": {"global_perc": 0.001610305958132045, "local_perc": 0.002200488997555012}, "BIHAR": {"global_perc": 0.025426750456834693, "local_perc": 0.2789731051344743}, "CHANDIGARH": {"global_perc": 0.2, "local_perc": 0.00024449877750611245}, "GOA": {"global_perc": 0.0029940119760479044, "local_perc": 0.00024449877750611245}, "HARYANA": {"global_perc": 0.002192661891536325, "local_perc": 0.003667481662591687}, "HIMACHAL PRADESH": {"global_perc": 0.0009183180280328661, "local_perc": 0.004645476772616137}, "JAMMU & KASHMIR": {"global_perc": 0.018007019685640165, "local_perc": 0.02885085574572127}, "JHARKHAND": {"global_perc": 0.0030869914181638576, "local_perc": 0.02444987775061125}, "KARNATAKA": {"global_perc": 0.023960463531015677, "local_perc": 0.17188264058679706}, "MADHYA PRADESH": {"global_perc": 0.003114583902518988, "local_perc": 0.041809290953545235}, "MANIPUR": {"global_perc": 0.0007748934521503294, "local_perc": 0.0004889975550122249}, "NAGALAND": {"global_perc": 0.0028011204481792717, "local_perc": 0.0009779951100244498}, "NCT OF DELHI": {"global_perc": 0.017857142857142856, "local_perc": 0.0004889975550122249}, "ODISHA": {"global_perc": 0.008652778048447761, "local_perc": 0.10855745721271394}, "PUDUCHERRY": {"global_perc": 0.05555555555555555, "local_perc": 0.0012224938875305623}, "Punjab": {"global_perc": 0.003974246880216199, "local_perc": 0.012224938875305624}, "SIKKIM": {"global_perc": 0.037694013303769404, "local_perc": 0.004156479217603912}, "TRIPURA": {"global_perc": 0.010285714285714285, "local_perc": 0.002200488997555012}, "UTTAR PRADESH": {"global_perc": 0.007248955738288348, "local_perc": 0.18924205378973105}, "UTTARAKHAND": {"global_perc": 0.007979515274221402, "local_perc": 0.03276283618581907}, "West Bengal": {"global_perc": 0.0082550101944403, "local_perc": 0.08117359413202933}}, "partition_field": "Stat_Nam", "Vil_Nam": "Sogam", "Stat_Nam": "JAMMU & KASHMIR"}, {"data": [["Fam_Wel_Cen_Num", 2.0], ["Fam_Wel_Cen_Par_Med_Staf_Tot_Stren_Num", 3.0], 0.6666666666666666], "data_low": {"Stat_Nam": "UTTARAKHAND", "Vil_Nam": "Phanar", "Fam_Wel_Cen_Num": "2", "Fam_Wel_Cen_Par_Med_Staf_Tot_Stren_Num": "3", "id": 44472}, "data_high": {"Stat_Nam": "West Bengal", "Vil_Nam": "Derya Chak", "Fam_Wel_Cen_Num": "3", "Fam_Wel_Cen_Par_Med_Staf_Tot_Stren_Num": "4", "id": 342441}, "perc": 0.008189810911718656, "metric": 99.99181052246098, "value_global_local": {"ASSAM": {"global_perc": 0.0003409736692555408, "local_perc": 0.17647058823529413}, "KARNATAKA": {"global_perc": 0.0012951601908657124, "local_perc": 0.7450980392156863}, "TRIPURA": {"global_perc": 0.001142857142857143, "local_perc": 0.0196078431372549}, "UTTARAKHAND": {"global_perc": 5.954862144941345e-05, "local_perc": 0.0196078431372549}, "West Bengal": {"global_perc": 4.972897707494157e-05, "local_perc": 0.0392156862745098}}, "partition_field": "Stat_Nam", "Vil_Nam": "Phanar", "Stat_Nam": "UTTARAKHAND"}, {"data": [["Fam_Wel_Cen_Num", 4.0], ["Fam_Wel_Cen_Par_Med_Staf_Tot_Stren_Num", 5.0], 0.8], "data_low": {"Stat_Nam": "KARNATAKA", "Vil_Nam": "Kalasa", "Fam_Wel_Cen_Num": "4", "Fam_Wel_Cen_Par_Med_Staf_Tot_Stren_Num": "5", "id": 588104}, "data_high": {"Stat_Nam": "UTTAR PRADESH", "Vil_Nam": "Basrehar", "Fam_Wel_Cen_Num": "5", "Fam_Wel_Cen_Par_Med_Staf_Tot_Stren_Num": "6", "id": 146759}, "perc": 0.0003211690553615159, "metric": 99.999679030984, "value_global_local": {}, "partition_field": null, "Vil_Nam": "Kalasa", "Stat_Nam": "KARNATAKA"}, {"data": [["Fam_Wel_Cen_Num", 1.0], ["Fam_Wel_Cen_Par_Med_Staf_Tot_Stren_Num", 1.0], 1.0], "data_low": {"Stat_Nam": "JAMMU & KASHMIR", "Vil_Nam": "Gana Pora", "Fam_Wel_Cen_Num": "1", "Fam_Wel_Cen_Par_Med_Staf_Tot_Stren_Num": "1", "id": 193}, "data_high": {"Stat_Nam": "West Bengal", "Vil_Nam": "Uttar Chandranagar", "Fam_Wel_Cen_Num": "9", "Fam_Wel_Cen_Par_Med_Staf_Tot_Stren_Num": "9", "id": 333191}, "perc": 3.0217190573688226, "metric": 96.97828094263117, "value_global_local": {"ANDAMAN & NICOBAR ISLANDS": {"global_perc": 0.007207207207207207, "local_perc": 0.00021257373651485358}, "ANDHRA PRADESH": {"global_perc": 0.00017985611510791367, "local_perc": 0.000265717170643567}, "ASSAM": {"global_perc": 0.011290017048683463, "local_perc": 0.015836743370356593}, "Arunachal Pradesh": {"global_perc": 0.0003578457684737878, "local_perc": 0.00010628686825742679}, "BIHAR": {"global_perc": 0.06774524223381022, "local_perc": 0.16155603975128874}, "GOA": {"global_perc": 0.11976047904191617, "local_perc": 0.002125737365148536}, "HARYANA": {"global_perc": 0.007455050431223505, "local_perc": 0.002710315140564383}, "HIMACHAL PRADESH": {"global_perc": 0.008023199613339778, "local_perc": 0.008821810065366423}, "JAMMU & KASHMIR": {"global_perc": 0.00839310239584923, "local_perc": 0.0029228888770792367}, "JHARKHAND": {"global_perc": 0.015249737605729455, "local_perc": 0.026252856459584417}, "KARNATAKA": {"global_perc": 0.2047375596455351, "local_perc": 0.3192326088111814}, "KERALA": {"global_perc": 0.5648330058939096, "local_perc": 0.030557474624010202}, "MADHYA PRADESH": {"global_perc": 0.012330838023423128, "local_perc": 0.03597810490513897}, "MANIPUR": {"global_perc": 0.0003874467260751647, "local_perc": 5.3143434128713395e-05}, "MIZORAM": {"global_perc": 0.0012048192771084338, "local_perc": 5.3143434128713395e-05}, "Maharashtra": {"global_perc": 0.04273445551356922, "local_perc": 0.0991656480841792}, "Meghalaya": {"global_perc": 0.019154847199883022, "local_perc": 0.006961789870861455}, "NCT OF DELHI": {"global_perc": 0.044642857142857144, "local_perc": 0.000265717170643567}, "PUDUCHERRY": {"global_perc": 0.2777777777777778, "local_perc": 0.0013285858532178349}, "Punjab": {"global_perc": 0.03227088466735554, "local_perc": 0.02157623425625764}, "SIKKIM": {"global_perc": 0.21729490022172948, "local_perc": 0.005208056544613913}, "TRIPURA": {"global_perc": 0.013714285714285714, "local_perc": 0.0006377212095445608}, "UTTAR PRADESH": {"global_perc": 0.04143330773409257, "local_perc": 0.23510655258542806}, "UTTARAKHAND": {"global_perc": 0.010599654617995594, "local_perc": 0.009459531274910985}, "West Bengal": {"global_perc": 0.0063653090655925205, "local_perc": 0.01360471913695063}}, "partition_field": "Stat_Nam", "Vil_Nam": "Gana Pora", "Stat_Nam": "JAMMU & KASHMIR"}, {"data": [["Fam_Wel_Cen_Num", 5.0], ["Fam_Wel_Cen_Par_Med_Staf_Tot_Stren_Num", 4.0], 1.25], "data_low": {"Stat_Nam": "West Bengal", "Vil_Nam": "Gokulchanda", "Fam_Wel_Cen_Num": "5", "Fam_Wel_Cen_Par_Med_Staf_Tot_Stren_Num": "4", "id": 307279}, "data_high": {"Stat_Nam": "West Bengal", "Vil_Nam": "Gokulchanda", "Fam_Wel_Cen_Num": "5", "Fam_Wel_Cen_Par_Med_Staf_Tot_Stren_Num": "4", "id": 307279}, "perc": 0.00016058452768075794, "metric": 99.99983916542273, "value_global_local": {}, "partition_field": null, "Vil_Nam": "Gokulchanda", "Stat_Nam": "West Bengal"}, {"data": [["Fam_Wel_Cen_Num", 2.0], ["Fam_Wel_Cen_Par_Med_Staf_Tot_Stren_Num", 1.0], 2.0], "data_low": {"Stat_Nam": "HIMACHAL PRADESH", "Vil_Nam": "Galu (64)", "Fam_Wel_Cen_Num": "2", "Fam_Wel_Cen_Par_Med_Staf_Tot_Stren_Num": "1", "id": 13098}, "data_high": {"Stat_Nam": "HIMACHAL PRADESH", "Vil_Nam": "Galu (64)", "Fam_Wel_Cen_Num": "2", "Fam_Wel_Cen_Par_Med_Staf_Tot_Stren_Num": "1", "id": 13098}, "perc": 0.002087598859849853, "metric": 99.997911400961, "value_global_local": {}, "partition_field": null, "Vil_Nam": "Galu (64)", "Stat_Nam": "HIMACHAL PRADESH"}, {"data": [["Fam_Wel_Cen_Num", 5.0], ["Fam_Wel_Cen_Par_Med_Staf_Tot_Stren_Num", 2.0], 2.5], "data_low": {"Stat_Nam": "West Bengal", "Vil_Nam": "Shibada", "Fam_Wel_Cen_Num": "5", "Fam_Wel_Cen_Par_Med_Staf_Tot_Stren_Num": "2", "id": 317505}, "data_high": {"Stat_Nam": "West Bengal", "Vil_Nam": "Shibada", "Fam_Wel_Cen_Num": "5", "Fam_Wel_Cen_Par_Med_Staf_Tot_Stren_Num": "2", "id": 317505}, "perc": 0.00016058452768075794, "metric": 99.9998379151747, "value_global_local": {}, "partition_field": null, "Vil_Nam": "Shibada", "Stat_Nam": "West Bengal"}, {"data": [["Fam_Wel_Cen_Num", 3.0], ["Fam_Wel_Cen_Par_Med_Staf_Tot_Stren_Num", 1.0], 3.0], "data_low": {"Stat_Nam": "West Bengal", "Vil_Nam": "Kotaldanga", "Fam_Wel_Cen_Num": "3", "Fam_Wel_Cen_Par_Med_Staf_Tot_Stren_Num": "1", "id": 332333}, "data_high": {"Stat_Nam": "West Bengal", "Vil_Nam": "Kotaldanga", "Fam_Wel_Cen_Num": "3", "Fam_Wel_Cen_Par_Med_Staf_Tot_Stren_Num": "1", "id": 332333}, "perc": 0.0003211690553615159, "metric": 99.999676830551, "value_global_local": {}, "partition_field": null, "Vil_Nam": "Kotaldanga", "Stat_Nam": "West Bengal"}, {"data": [["Fam_Wel_Cen_Num", 4.0], ["Fam_Wel_Cen_Par_Med_Staf_Tot_Stren_Num", 1.0], 4.0], "data_low": {"Stat_Nam": "West Bengal", "Vil_Nam": "Palita", "Fam_Wel_Cen_Num": "4", "Fam_Wel_Cen_Par_Med_Staf_Tot_Stren_Num": "1", "id": 316271}, "data_high": {"Stat_Nam": "West Bengal", "Vil_Nam": "Jamar", "Fam_Wel_Cen_Num": "8", "Fam_Wel_Cen_Par_Med_Staf_Tot_Stren_Num": "2", "id": 318557}, "perc": 0.0003211690553615159, "metric": 99.99967583035418, "value_global_local": {}, "partition_field": null, "Vil_Nam": "Palita", "Stat_Nam": "West Bengal"}, {"data": [["Fam_Wel_Cen_Num", 9.0], ["Fam_Wel_Cen_Par_Med_Staf_Tot_Stren_Num", 2.0], 4.5], "data_low": {"Stat_Nam": "TRIPURA", "Vil_Nam": "Purba Nalichhara", "Fam_Wel_Cen_Num": "9", "Fam_Wel_Cen_Par_Med_Staf_Tot_Stren_Num": "2", "id": 271399}, "data_high": {"Stat_Nam": "TRIPURA", "Vil_Nam": "Purba Nalichhara", "Fam_Wel_Cen_Num": "9", "Fam_Wel_Cen_Par_Med_Staf_Tot_Stren_Num": "2", "id": 271399}, "perc": 0.00016058452768075794, "metric": 99.99983591477783, "value_global_local": {}, "partition_field": null, "Vil_Nam": "Purba Nalichhara", "Stat_Nam": "TRIPURA"}, {"data": [["Fam_Wel_Cen_Num", 5.0], ["Fam_Wel_Cen_Par_Med_Staf_Tot_Stren_Num", 1.0], 5.0], "data_low": {"Stat_Nam": "West Bengal", "Vil_Nam": "Bakul Tala", "Fam_Wel_Cen_Num": "5", "Fam_Wel_Cen_Par_Med_Staf_Tot_Stren_Num": "1", "id": 332217}, "data_high": {"Stat_Nam": "West Bengal", "Vil_Nam": "Bakul Tala", "Fam_Wel_Cen_Num": "5", "Fam_Wel_Cen_Par_Med_Staf_Tot_Stren_Num": "1", "id": 332217}, "perc": 0.00016058452768075794, "metric": 99.99983541467863, "value_global_local": {}, "partition_field": null, "Vil_Nam": "Bakul Tala", "Stat_Nam": "West Bengal"}, {"data": [["Fam_Wel_Cen_Num", 1.0], ["Fam_Wel_Cen_Par_Med_Staf_Tot_Stren_Num", 0.0], 9999], "data_low": {"Stat_Nam": "JAMMU & KASHMIR", "Vil_Nam": "Purmandal", "Fam_Wel_Cen_Num": "1", "Fam_Wel_Cen_Par_Med_Staf_Tot_Stren_Num": "0", "id": 6180}, "data_high": {"Stat_Nam": "UTTAR PRADESH", "Vil_Nam": "Siddhpur Kaithauli", "Fam_Wel_Cen_Num": "9", "Fam_Wel_Cen_Par_Med_Staf_Tot_Stren_Num": "0", "id": 126959}, "perc": 0.2699425910313541, "metric": 99.7200844033275, "value_global_local": {"ANDAMAN & NICOBAR ISLANDS": {"global_perc": 0.009009009009009009, "local_perc": 0.00297441998810232}, "Dadra & Nagar Haveli": {"global_perc": 0.015384615384615385, "local_perc": 0.000594883997620464}, "GOA": {"global_perc": 0.23652694610778444, "local_perc": 0.046995835812016655}, "HIMACHAL PRADESH": {"global_perc": 0.0049782503624939585, "local_perc": 0.06127305175490779}, "JAMMU & KASHMIR": {"global_perc": 0.00015260186174271325, "local_perc": 0.000594883997620464}, "JHARKHAND": {"global_perc": 3.086991418163858e-05, "local_perc": 0.000594883997620464}, "MANIPUR": {"global_perc": 0.0003874467260751647, "local_perc": 0.000594883997620464}, "MIZORAM": {"global_perc": 0.012048192771084338, "local_perc": 0.00594883997620464}, "TRIPURA": {"global_perc": 0.001142857142857143, "local_perc": 0.000594883997620464}, "UTTAR PRADESH": {"global_perc": 0.005057410980201173, "local_perc": 0.32123735871505055}, "UTTARAKHAND": {"global_perc": 0.001846007264931817, "local_perc": 0.018441403926234383}, "West Bengal": {"global_perc": 0.02257695559202347, "local_perc": 0.5401546698393813}}, "partition_field": "Stat_Nam", "Vil_Nam": "Purmandal", "Stat_Nam": "JAMMU & KASHMIR"}, {"data": [["Fam_Wel_Cen_Num", 0], ["Fam_Wel_Cen_Par_Med_Staf_Tot_Stren_Num", 0], 99980001], "data_low": {"Stat_Nam": "JAMMU & KASHMIR", "Vil_Nam": "Bore", "Fam_Wel_Cen_Num": "", "Fam_Wel_Cen_Par_Med_Staf_Tot_Stren_Num": "", "id": 0}, "data_high": {"Stat_Nam": "JAMMU & KASHMIR", "Vil_Nam": "Palmar", "Fam_Wel_Cen_Num": "Fam_Num", "Fam_Wel_Cen_Par_Med_Staf_Tot_Stren_Num": "Fam_pst", "id": 4582}, "perc": 95.19563210084708, "metric": 9.521467408351705e-07, "value_global_local": {"null": {"global_perc": 0.9519563210084708, "local_perc": 1.0}}, "partition_field": "Dist_Other", "Vil_Nam": "Bore", "Stat_Nam": "JAMMU & KASHMIR"}]