[{"data": [["Hos_Allop_Doc_Tot_Stren_Num", 0], ["Hos_Allop_Par_Med_Staf_In_Pos_Num", 1.0], 0.0], "data_low": {"Stat_Nam": "JAMMU & KASHMIR", "Vil_Nam": "Desa", "Hos_Allop_Doc_Tot_Stren_Num": "", "Hos_Allop_Par_Med_Staf_In_Pos_Num": "1", "id": 4047}, "data_high": {"Stat_Nam": "KERALA", "Vil_Nam": "Koothattukulam", "Hos_Allop_Doc_Tot_Stren_Num": "4", "Hos_Allop_Par_Med_Staf_In_Pos_Num": "62", "id": 605692}, "perc": 0.005138704885784254, "metric": 99.99486229526286, "value_global_local": {"JAMMU & KASHMIR": {"global_perc": 0.0004578055852281398, "local_perc": 0.09375}, "KERALA": {"global_perc": 0.0009823182711198428, "local_perc": 0.03125}, "MADHYA PRADESH": {"global_perc": 0.00012749758665282407, "local_perc": 0.21875}, "MIZORAM": {"global_perc": 0.0012048192771084338, "local_perc": 0.03125}, "UTTAR PRADESH": {"global_perc": 0.0001498492142281829, "local_perc": 0.5}, "West Bengal": {"global_perc": 9.945795414988313e-05, "local_perc": 0.125}}, "partition_field": "Stat_Nam", "Vil_Nam": "Desa", "Stat_Nam": "JAMMU & KASHMIR"}, {"data": [["Hos_Allop_Doc_Tot_Stren_Num", 1.0], ["Hos_Allop_Par_Med_Staf_In_Pos_Num", 9.0], 0.1111111111111111], "data_low": {"Stat_Nam": "ASSAM", "Vil_Nam": "Saniadi", "Hos_Allop_Doc_Tot_Stren_Num": "1", "Hos_Allop_Par_Med_Staf_In_Pos_Num": "9", "id": 301379}, "data_high": {"Stat_Nam": "West Bengal", "Vil_Nam": "Padmerhat", "Hos_Allop_Doc_Tot_Stren_Num": "8", "Hos_Allop_Par_Med_Staf_In_Pos_Num": "68", "id": 332893}, "perc": 0.018467220683287162, "metric": 99.98153366821923, "value_global_local": {"ANDHRA PRADESH": {"global_perc": 0.00046762589928057557, "local_perc": 0.11304347826086956}, "ASSAM": {"global_perc": 0.0011365788975184693, "local_perc": 0.2608695652173913}, "Arunachal Pradesh": {"global_perc": 0.0001789228842368939, "local_perc": 0.008695652173913044}, "GOA": {"global_perc": 0.0029940119760479044, "local_perc": 0.008695652173913044}, "HIMACHAL PRADESH": {"global_perc": 4.833252779120348e-05, "local_perc": 0.008695652173913044}, "JAMMU & KASHMIR": {"global_perc": 0.0018312223409125592, "local_perc": 0.10434782608695652}, "JHARKHAND": {"global_perc": 3.086991418163858e-05, "local_perc": 0.008695652173913044}, "KERALA": {"global_perc": 0.005893909626719057, "local_perc": 0.05217391304347826}, "MADHYA PRADESH": {"global_perc": 5.464182285121031e-05, "local_perc": 0.02608695652173913}, "Punjab": {"global_perc": 0.0007153644384389158, "local_perc": 0.0782608695652174}, "TRIPURA": {"global_perc": 0.0034285714285714284, "local_perc": 0.02608695652173913}, "UTTAR PRADESH": {"global_perc": 0.0001779459418959672, "local_perc": 0.16521739130434782}, "UTTARAKHAND": {"global_perc": 0.00029774310724706724, "local_perc": 0.043478260869565216}, "West Bengal": {"global_perc": 0.00027350937391217863, "local_perc": 0.09565217391304348}}, "partition_field": "Stat_Nam", "Vil_Nam": "Saniadi", "Stat_Nam": "ASSAM"}, {"data": [["Hos_Allop_Doc_Tot_Stren_Num", 16.0], ["Hos_Allop_Par_Med_Staf_In_Pos_Num", 75.0], 0.21333333333333335], "data_low": {"Stat_Nam": "JAMMU & KASHMIR", "Vil_Nam": "Mandi", "Hos_Allop_Doc_Tot_Stren_Num": "1", "Hos_Allop_Par_Med_Staf_In_Pos_Num": "4", "id": 1149}, "data_high": {"Stat_Nam": "UTTAR PRADESH", "Vil_Nam": "Asopur(Ansik)", "Hos_Allop_Doc_Tot_Stren_Num": "8", "Hos_Allop_Par_Med_Staf_In_Pos_Num": "34", "id": 166130}, "perc": 0.021036573126179292, "metric": 99.97896421353232, "value_global_local": {"ANDHRA PRADESH": {"global_perc": 0.0002158273381294964, "local_perc": 0.04580152671755725}, "ASSAM": {"global_perc": 0.00030308770600492516, "local_perc": 0.061068702290076333}, "HIMACHAL PRADESH": {"global_perc": 4.833252779120348e-05, "local_perc": 0.007633587786259542}, "JAMMU & KASHMIR": {"global_perc": 0.0018312223409125592, "local_perc": 0.0916030534351145}, "JHARKHAND": {"global_perc": 9.260974254491573e-05, "local_perc": 0.022900763358778626}, "KERALA": {"global_perc": 0.007858546168958742, "local_perc": 0.061068702290076333}, "MADHYA PRADESH": {"global_perc": 9.106970475201719e-05, "local_perc": 0.03816793893129771}, "Punjab": {"global_perc": 7.948493760432397e-05, "local_perc": 0.007633587786259542}, "TRIPURA": {"global_perc": 0.002285714285714286, "local_perc": 0.015267175572519083}, "UTTAR PRADESH": {"global_perc": 0.00020604266956375148, "local_perc": 0.16793893129770993}, "UTTARAKHAND": {"global_perc": 0.0027392365866730187, "local_perc": 0.3511450381679389}, "West Bengal": {"global_perc": 0.00042269630513700336, "local_perc": 0.1297709923664122}}, "partition_field": "Stat_Nam", "Vil_Nam": "Perumatty", "Stat_Nam": "KERALA"}, {"data": [["Hos_Allop_Doc_Tot_Stren_Num", 6.0], ["Hos_Allop_Par_Med_Staf_In_Pos_Num", 19.0], 0.3157894736842105], "data_low": {"Stat_Nam": "JAMMU & KASHMIR", "Vil_Nam": "Jawal Pora", "Hos_Allop_Doc_Tot_Stren_Num": "1", "Hos_Allop_Par_Med_Staf_In_Pos_Num": "3", "id": 704}, "data_high": {"Stat_Nam": "UTTAR PRADESH", "Vil_Nam": "Padraun Madurahi", "Hos_Allop_Doc_Tot_Stren_Num": "7", "Hos_Allop_Par_Med_Staf_In_Pos_Num": "17", "id": 188567}, "perc": 0.041591392669316316, "metric": 99.95840929139344, "value_global_local": {"ANDAMAN & NICOBAR ISLANDS": {"global_perc": 0.0018018018018018018, "local_perc": 0.003861003861003861}, "ANDHRA PRADESH": {"global_perc": 0.0003956834532374101, "local_perc": 0.04247104247104247}, "ASSAM": {"global_perc": 0.0018942981625307824, "local_perc": 0.19305019305019305}, "GOA": {"global_perc": 0.0029940119760479044, "local_perc": 0.003861003861003861}, "HIMACHAL PRADESH": {"global_perc": 0.00033832769453842436, "local_perc": 0.02702702702702703}, "JAMMU & KASHMIR": {"global_perc": 0.001220814893941706, "local_perc": 0.03088803088803089}, "JHARKHAND": {"global_perc": 6.173982836327716e-05, "local_perc": 0.007722007722007722}, "KERALA": {"global_perc": 0.003929273084479371, "local_perc": 0.015444015444015444}, "MADHYA PRADESH": {"global_perc": 7.285576380161376e-05, "local_perc": 0.015444015444015444}, "Punjab": {"global_perc": 0.0007153644384389158, "local_perc": 0.03474903474903475}, "RAJASTHAN": {"global_perc": 2.238538681948424e-05, "local_perc": 0.003861003861003861}, "SIKKIM": {"global_perc": 0.0022172949002217295, "local_perc": 0.003861003861003861}, "TRIPURA": {"global_perc": 0.002285714285714286, "local_perc": 0.007722007722007722}, "Tamil Nadu": {"global_perc": 6.258213905751299e-05, "local_perc": 0.003861003861003861}, "UTTAR PRADESH": {"global_perc": 0.0003090640043456272, "local_perc": 0.1274131274131274}, "UTTARAKHAND": {"global_perc": 0.0059548621449413445, "local_perc": 0.3861003861003861}, "West Bengal": {"global_perc": 0.0005967477248992988, "local_perc": 0.09266409266409266}}, "partition_field": "Stat_Nam", "Vil_Nam": "Maheshpur", "Stat_Nam": "West Bengal"}, {"data": [["Hos_Allop_Doc_Tot_Stren_Num", 5.0], ["Hos_Allop_Par_Med_Staf_In_Pos_Num", 12.0], 0.4166666666666667], "data_low": {"Stat_Nam": "JAMMU & KASHMIR", "Vil_Nam": "Panzgam", "Hos_Allop_Doc_Tot_Stren_Num": "1", "Hos_Allop_Par_Med_Staf_In_Pos_Num": "2", "id": 85}, "data_high": {"Stat_Nam": "West Bengal", "Vil_Nam": "Mankar", "Hos_Allop_Doc_Tot_Stren_Num": "6", "Hos_Allop_Par_Med_Staf_In_Pos_Num": "13", "id": 318377}, "perc": 0.35521297522983664, "metric": 99.6447876061477, "value_global_local": {"ANDAMAN & NICOBAR ISLANDS": {"global_perc": 0.0018018018018018018, "local_perc": 0.0004520795660036166}, "ANDHRA PRADESH": {"global_perc": 0.0012589928057553956, "local_perc": 0.015822784810126583}, "ASSAM": {"global_perc": 0.00011365788975184695, "local_perc": 0.00135623869801085}, "HIMACHAL PRADESH": {"global_perc": 0.0008216529724504591, "local_perc": 0.0076853526220614825}, "JAMMU & KASHMIR": {"global_perc": 0.0039676484053105445, "local_perc": 0.011754068716094032}, "JHARKHAND": {"global_perc": 0.0002469593134531086, "local_perc": 0.003616636528028933}, "KERALA": {"global_perc": 0.0019646365422396855, "local_perc": 0.0009041591320072332}, "MADHYA PRADESH": {"global_perc": 0.0006739158151649273, "local_perc": 0.016726943942133816}, "Maharashtra": {"global_perc": 0.0415664720027482, "local_perc": 0.8205244122965641}, "Punjab": {"global_perc": 0.0007153644384389158, "local_perc": 0.00406871609403255}, "RAJASTHAN": {"global_perc": 0.00011192693409742121, "local_perc": 0.0022603978300180833}, "TRIPURA": {"global_perc": 0.0034285714285714284, "local_perc": 0.00135623869801085}, "Tamil Nadu": {"global_perc": 0.00018774641717253895, "local_perc": 0.00135623869801085}, "UTTAR PRADESH": {"global_perc": 0.0014516642628355217, "local_perc": 0.07007233273056059}, "UTTARAKHAND": {"global_perc": 0.004049306258560114, "local_perc": 0.03074141048824593}, "West Bengal": {"global_perc": 0.0006216122134367696, "local_perc": 0.011301989150090416}}, "partition_field": "Stat_Nam", "Vil_Nam": "Garli  (213)", "Stat_Nam": "HIMACHAL PRADESH"}, {"data": [["Hos_Allop_Doc_Tot_Stren_Num", 8.0], ["Hos_Allop_Par_Med_Staf_In_Pos_Num", 15.0], 0.5333333333333333], "data_low": {"Stat_Nam": "West Bengal", "Vil_Nam": "Taraf Rasulpurpatnipara", "Hos_Allop_Doc_Tot_Stren_Num": "22", "Hos_Allop_Par_Med_Staf_In_Pos_Num": "37", "id": 313259}, "data_high": {"Stat_Nam": "UTTAR PRADESH", "Vil_Nam": "Bhinga Dehati", "Hos_Allop_Doc_Tot_Stren_Num": "9", "Hos_Allop_Par_Med_Staf_In_Pos_Num": "15", "id": 171911}, "perc": 0.0036934441366574334, "metric": 99.99630702260612, "value_global_local": {"ASSAM": {"global_perc": 0.00011365788975184695, "local_perc": 0.13043478260869565}, "HIMACHAL PRADESH": {"global_perc": 9.666505558240696e-05, "local_perc": 0.08695652173913043}, "JAMMU & KASHMIR": {"global_perc": 0.00015260186174271325, "local_perc": 0.043478260869565216}, "MADHYA PRADESH": {"global_perc": 1.821394095040344e-05, "local_perc": 0.043478260869565216}, "Punjab": {"global_perc": 7.948493760432397e-05, "local_perc": 0.043478260869565216}, "TRIPURA": {"global_perc": 0.002285714285714286, "local_perc": 0.08695652173913043}, "Tamil Nadu": {"global_perc": 0.00012516427811502597, "local_perc": 0.08695652173913043}, "UTTAR PRADESH": {"global_perc": 2.809672766778429e-05, "local_perc": 0.13043478260869565}, "UTTARAKHAND": {"global_perc": 5.954862144941345e-05, "local_perc": 0.043478260869565216}, "West Bengal": {"global_perc": 0.0001740514197622955, "local_perc": 0.30434782608695654}}, "partition_field": "Stat_Nam", "Vil_Nam": "Billawar", "Stat_Nam": "JAMMU & KASHMIR"}, {"data": [["Hos_Allop_Doc_Tot_Stren_Num", 7.0], ["Hos_Allop_Par_Med_Staf_In_Pos_Num", 11.0], 0.6363636363636364], "data_low": {"Stat_Nam": "UTTAR PRADESH", "Vil_Nam": "Chak Murad", "Hos_Allop_Doc_Tot_Stren_Num": "10", "Hos_Allop_Par_Med_Staf_In_Pos_Num": "15", "id": 203466}, "data_high": {"Stat_Nam": "West Bengal", "Vil_Nam": "Singat", "Hos_Allop_Doc_Tot_Stren_Num": "9", "Hos_Allop_Par_Med_Staf_In_Pos_Num": "14", "id": 317615}, "perc": 0.018306636155606407, "metric": 99.98169372748693, "value_global_local": {"ANDHRA PRADESH": {"global_perc": 0.0002158273381294964, "local_perc": 0.05263157894736842}, "ASSAM": {"global_perc": 7.577192650123129e-05, "local_perc": 0.017543859649122806}, "Arunachal Pradesh": {"global_perc": 0.0001789228842368939, "local_perc": 0.008771929824561403}, "GOA": {"global_perc": 0.0029940119760479044, "local_perc": 0.008771929824561403}, "HARYANA": {"global_perc": 0.000146177459435755, "local_perc": 0.008771929824561403}, "HIMACHAL PRADESH": {"global_perc": 9.666505558240696e-05, "local_perc": 0.017543859649122806}, "JAMMU & KASHMIR": {"global_perc": 0.0010682130321989928, "local_perc": 0.06140350877192982}, "KERALA": {"global_perc": 0.0019646365422396855, "local_perc": 0.017543859649122806}, "MADHYA PRADESH": {"global_perc": 0.00018213940950403439, "local_perc": 0.08771929824561403}, "ODISHA": {"global_perc": 0.00011692943308713192, "local_perc": 0.05263157894736842}, "Punjab": {"global_perc": 7.948493760432397e-05, "local_perc": 0.008771929824561403}, "RAJASTHAN": {"global_perc": 0.0006267908309455588, "local_perc": 0.24561403508771928}, "TRIPURA": {"global_perc": 0.0034285714285714284, "local_perc": 0.02631578947368421}, "Tamil Nadu": {"global_perc": 6.258213905751299e-05, "local_perc": 0.008771929824561403}, "UTTAR PRADESH": {"global_perc": 0.00013111806244966003, "local_perc": 0.12280701754385964}, "UTTARAKHAND": {"global_perc": 0.0016078127791341631, "local_perc": 0.23684210526315788}, "West Bengal": {"global_perc": 4.972897707494157e-05, "local_perc": 0.017543859649122806}}, "partition_field": "Stat_Nam", "Vil_Nam": "Chutala(267)", "Stat_Nam": "HARYANA"}, {"data": [["Hos_Allop_Doc_Tot_Stren_Num", 3.0], ["Hos_Allop_Par_Med_Staf_In_Pos_Num", 4.0], 0.75], "data_low": {"Stat_Nam": "West Bengal", "Vil_Nam": "Sumuria", "Hos_Allop_Doc_Tot_Stren_Num": "10", "Hos_Allop_Par_Med_Staf_In_Pos_Num": "12", "id": 318065}, "data_high": {"Stat_Nam": "UTTAR PRADESH", "Vil_Nam": "Mathura Bangar", "Hos_Allop_Doc_Tot_Stren_Num": "8", "Hos_Allop_Par_Med_Staf_In_Pos_Num": "10", "id": 123611}, "perc": 0.009795656188526236, "metric": 99.99020459383698, "value_global_local": {"HIMACHAL PRADESH": {"global_perc": 0.00019333011116481392, "local_perc": 0.06557377049180328}, "JHARKHAND": {"global_perc": 0.0003704389701796629, "local_perc": 0.19672131147540983}, "ODISHA": {"global_perc": 0.0005651589265878043, "local_perc": 0.47540983606557374}, "Punjab": {"global_perc": 7.948493760432397e-05, "local_perc": 0.01639344262295082}, "UTTAR PRADESH": {"global_perc": 7.492460711409145e-05, "local_perc": 0.13114754098360656}, "UTTARAKHAND": {"global_perc": 0.00017864586434824034, "local_perc": 0.04918032786885246}, "West Bengal": {"global_perc": 9.945795414988313e-05, "local_perc": 0.06557377049180328}}, "partition_field": "Stat_Nam", "Vil_Nam": "Pandoh (325)", "Stat_Nam": "HIMACHAL PRADESH"}, {"data": [["Hos_Allop_Doc_Tot_Stren_Num", 12.0], ["Hos_Allop_Par_Med_Staf_In_Pos_Num", 14.0], 0.8571428571428571], "data_low": {"Stat_Nam": "KERALA", "Vil_Nam": "Agali", "Hos_Allop_Doc_Tot_Stren_Num": "12", "Hos_Allop_Par_Med_Staf_In_Pos_Num": "14", "id": 605452}, "data_high": {"Stat_Nam": "ODISHA", "Vil_Nam": "Sankamar", "Hos_Allop_Doc_Tot_Stren_Num": "9", "Hos_Allop_Par_Med_Staf_In_Pos_Num": "10", "id": 400002}, "perc": 0.010277409771568508, "metric": 99.98972273309947, "value_global_local": {"KERALA": {"global_perc": 0.0009823182711198428, "local_perc": 0.015625}, "ODISHA": {"global_perc": 0.0011692943308713193, "local_perc": 0.9375}, "TRIPURA": {"global_perc": 0.001142857142857143, "local_perc": 0.015625}, "UTTAR PRADESH": {"global_perc": 1.8731151778522863e-05, "local_perc": 0.03125}}, "partition_field": "Stat_Nam", "Vil_Nam": "Agali", "Stat_Nam": "KERALA"}, {"data": [["Hos_Allop_Doc_Tot_Stren_Num", 1.0], ["Hos_Allop_Par_Med_Staf_In_Pos_Num", 1.0], 1.0], "data_low": {"Stat_Nam": "JAMMU & KASHMIR", "Vil_Nam": "Batter Gam", "Hos_Allop_Doc_Tot_Stren_Num": "1", "Hos_Allop_Par_Med_Staf_In_Pos_Num": "1", "id": 60}, "data_high": {"Stat_Nam": "ODISHA", "Vil_Nam": "Sarangagada", "Hos_Allop_Doc_Tot_Stren_Num": "9", "Hos_Allop_Par_Med_Staf_In_Pos_Num": "9", "id": 413752}, "perc": 0.19543137018748244, "metric": 99.80456862981252, "value_global_local": {"ANDHRA PRADESH": {"global_perc": 3.597122302158273e-05, "local_perc": 0.0008216926869350862}, "ASSAM": {"global_perc": 3.7885963250615644e-05, "local_perc": 0.0008216926869350862}, "Arunachal Pradesh": {"global_perc": 0.0001789228842368939, "local_perc": 0.0008216926869350862}, "HIMACHAL PRADESH": {"global_perc": 0.0008699855002416626, "local_perc": 0.014790468364831553}, "JAMMU & KASHMIR": {"global_perc": 0.0025942316496261253, "local_perc": 0.013968775677896467}, "JHARKHAND": {"global_perc": 0.016731493486448108, "local_perc": 0.44535743631881675}, "KERALA": {"global_perc": 0.003929273084479371, "local_perc": 0.003286770747740345}, "MADHYA PRADESH": {"global_perc": 0.000874269165619365, "local_perc": 0.03944124897288414}, "MANIPUR": {"global_perc": 0.0007748934521503294, "local_perc": 0.0016433853738701725}, "MIZORAM": {"global_perc": 0.0012048192771084338, "local_perc": 0.0008216926869350862}, "NCT OF DELHI": {"global_perc": 0.008928571428571428, "local_perc": 0.0008216926869350862}, "ODISHA": {"global_perc": 0.00027283534386997446, "local_perc": 0.011503697617091208}, "Punjab": {"global_perc": 0.022653207217232334, "local_perc": 0.2341824157764996}, "TRIPURA": {"global_perc": 0.011428571428571429, "local_perc": 0.008216926869350863}, "UTTAR PRADESH": {"global_perc": 0.0013299117762751232, "local_perc": 0.11668036154478226}, "UTTARAKHAND": {"global_perc": 0.006073959387840172, "local_perc": 0.0838126540673788}, "West Bengal": {"global_perc": 0.000696205679049182, "local_perc": 0.023007395234182416}}, "partition_field": "Stat_Nam", "Vil_Nam": "Batter Gam", "Stat_Nam": "JAMMU & KASHMIR"}, {"data": [["Hos_Allop_Doc_Tot_Stren_Num", 45.0], ["Hos_Allop_Par_Med_Staf_In_Pos_Num", 40.0], 1.125], "data_low": {"Stat_Nam": "HARYANA", "Vil_Nam": "Mandikhera(53)", "Hos_Allop_Doc_Tot_Stren_Num": "45", "Hos_Allop_Par_Med_Staf_In_Pos_Num": "40", "id": 62846}, "data_high": {"Stat_Nam": "UTTARAKHAND", "Vil_Nam": "Dakpathar", "Hos_Allop_Doc_Tot_Stren_Num": "6", "Hos_Allop_Par_Med_Staf_In_Pos_Num": "5", "id": 44705}, "perc": 0.0006423381107230318, "metric": 99.99935753686508, "value_global_local": {}, "partition_field": null, "Vil_Nam": "Mandikhera(53)", "Stat_Nam": "HARYANA"}, {"data": [["Hos_Allop_Doc_Tot_Stren_Num", 5.0], ["Hos_Allop_Par_Med_Staf_In_Pos_Num", 4.0], 1.25], "data_low": {"Stat_Nam": "HIMACHAL PRADESH", "Vil_Nam": "Panjawar (179)", "Hos_Allop_Doc_Tot_Stren_Num": "4", "Hos_Allop_Par_Med_Staf_In_Pos_Num": "3", "id": 18576}, "data_high": {"Stat_Nam": "Punjab", "Vil_Nam": "Khui Khera (241)", "Hos_Allop_Doc_Tot_Stren_Num": "5", "Hos_Allop_Par_Med_Staf_In_Pos_Num": "4", "id": 34883}, "perc": 0.0014452607491268216, "metric": 99.9985544892045, "value_global_local": {}, "partition_field": null, "Vil_Nam": "Khui Khera (241)", "Stat_Nam": "Punjab"}, {"data": [["Hos_Allop_Doc_Tot_Stren_Num", 7.0], ["Hos_Allop_Par_Med_Staf_In_Pos_Num", 5.0], 1.4], "data_low": {"Stat_Nam": "West Bengal", "Vil_Nam": "Chanditala", "Hos_Allop_Doc_Tot_Stren_Num": "12", "Hos_Allop_Par_Med_Staf_In_Pos_Num": "8", "id": 323944}, "data_high": {"Stat_Nam": "TRIPURA", "Vil_Nam": "Purba Debendranagar (Part)", "Hos_Allop_Doc_Tot_Stren_Num": "7", "Hos_Allop_Par_Med_Staf_In_Pos_Num": "5", "id": 270921}, "perc": 0.0049781203581034964, "metric": 99.9950214795818, "value_global_local": {"ANDHRA PRADESH": {"global_perc": 3.597122302158273e-05, "local_perc": 0.03225806451612903}, "HIMACHAL PRADESH": {"global_perc": 4.833252779120348e-05, "local_perc": 0.03225806451612903}, "MADHYA PRADESH": {"global_perc": 1.821394095040344e-05, "local_perc": 0.03225806451612903}, "Punjab": {"global_perc": 7.948493760432397e-05, "local_perc": 0.03225806451612903}, "TRIPURA": {"global_perc": 0.009142857142857144, "local_perc": 0.25806451612903225}, "UTTAR PRADESH": {"global_perc": 5.619345533556858e-05, "local_perc": 0.1935483870967742}, "UTTARAKHAND": {"global_perc": 0.0005954862144941345, "local_perc": 0.3225806451612903}, "West Bengal": {"global_perc": 7.459346561241235e-05, "local_perc": 0.0967741935483871}}, "partition_field": "Stat_Nam", "Vil_Nam": "Purba Debendranagar (Part)", "Stat_Nam": "TRIPURA"}, {"data": [["Hos_Allop_Doc_Tot_Stren_Num", 5.0], ["Hos_Allop_Par_Med_Staf_In_Pos_Num", 3.0], 1.6666666666666667], "data_low": {"Stat_Nam": "TRIPURA", "Vil_Nam": "Purba Nalichhara", "Hos_Allop_Doc_Tot_Stren_Num": "5", "Hos_Allop_Par_Med_Staf_In_Pos_Num": "3", "id": 271399}, "data_high": {"Stat_Nam": "TRIPURA", "Vil_Nam": "Purba Nalichhara", "Hos_Allop_Doc_Tot_Stren_Num": "5", "Hos_Allop_Par_Med_Staf_In_Pos_Num": "3", "id": 271399}, "perc": 0.00016058452768075794, "metric": 99.99983874867337, "value_global_local": {}, "partition_field": null, "Vil_Nam": "Purba Nalichhara", "Stat_Nam": "TRIPURA"}, {"data": [["Hos_Allop_Doc_Tot_Stren_Num", 38.0], ["Hos_Allop_Par_Med_Staf_In_Pos_Num", 21.0], 1.8095238095238095], "data_low": {"Stat_Nam": "UTTAR PRADESH", "Vil_Nam": "Saddar Pur", "Hos_Allop_Doc_Tot_Stren_Num": "38", "Hos_Allop_Par_Med_Staf_In_Pos_Num": "21", "id": 166309}, "data_high": {"Stat_Nam": "UTTAR PRADESH", "Vil_Nam": "Saddar Pur", "Hos_Allop_Doc_Tot_Stren_Num": "38", "Hos_Allop_Par_Med_Staf_In_Pos_Num": "21", "id": 166309}, "perc": 0.00016058452768075794, "metric": 99.9998386057879, "value_global_local": {}, "partition_field": null, "Vil_Nam": "Saddar Pur", "Stat_Nam": "UTTAR PRADESH"}, {"data": [["Hos_Allop_Doc_Tot_Stren_Num", 2.0], ["Hos_Allop_Par_Med_Staf_In_Pos_Num", 1.0], 2.0], "data_low": {"Stat_Nam": "HIMACHAL PRADESH", "Vil_Nam": "Muhal Pangan (22/38)", "Hos_Allop_Doc_Tot_Stren_Num": "2", "Hos_Allop_Par_Med_Staf_In_Pos_Num": "1", "id": 12576}, "data_high": {"Stat_Nam": "UTTAR PRADESH", "Vil_Nam": "Sikhrera", "Hos_Allop_Doc_Tot_Stren_Num": "6", "Hos_Allop_Par_Med_Staf_In_Pos_Num": "3", "id": 110762}, "perc": 0.014613192018948973, "metric": 99.98538580792717, "value_global_local": {"Arunachal Pradesh": {"global_perc": 0.0003578457684737878, "local_perc": 0.02197802197802198}, "HARYANA": {"global_perc": 0.000146177459435755, "local_perc": 0.01098901098901099}, "HIMACHAL PRADESH": {"global_perc": 4.833252779120348e-05, "local_perc": 0.01098901098901099}, "JHARKHAND": {"global_perc": 0.0005247885410878558, "local_perc": 0.18681318681318682}, "MADHYA PRADESH": {"global_perc": 0.00014571152760322752, "local_perc": 0.08791208791208792}, "Punjab": {"global_perc": 0.0009538192512518877, "local_perc": 0.13186813186813187}, "TRIPURA": {"global_perc": 0.009142857142857144, "local_perc": 0.08791208791208792}, "UTTAR PRADESH": {"global_perc": 0.0001779459418959672, "local_perc": 0.2087912087912088}, "UTTARAKHAND": {"global_perc": 0.0009527779431906152, "local_perc": 0.17582417582417584}, "West Bengal": {"global_perc": 0.0001740514197622955, "local_perc": 0.07692307692307693}}, "partition_field": "Stat_Nam", "Vil_Nam": "Muhal Pangan (22/38)", "Stat_Nam": "HIMACHAL PRADESH"}, {"data": [["Hos_Allop_Doc_Tot_Stren_Num", 9.0], ["Hos_Allop_Par_Med_Staf_In_Pos_Num", 4.0], 2.25], "data_low": {"Stat_Nam": "UTTAR PRADESH", "Vil_Nam": "Koiran", "Hos_Allop_Doc_Tot_Stren_Num": "7", "Hos_Allop_Par_Med_Staf_In_Pos_Num": "3", "id": 201662}, "data_high": {"Stat_Nam": "West Bengal", "Vil_Nam": "Bujruk Bandhail", "Hos_Allop_Doc_Tot_Stren_Num": "9", "Hos_Allop_Par_Med_Staf_In_Pos_Num": "4", "id": 311224}, "perc": 0.0003211690553615159, "metric": 99.99967758069862, "value_global_local": {}, "partition_field": null, "Vil_Nam": "Bujruk Bandhail", "Stat_Nam": "West Bengal"}, {"data": [["Hos_Allop_Doc_Tot_Stren_Num", 5.0], ["Hos_Allop_Par_Med_Staf_In_Pos_Num", 2.0], 2.5], "data_low": {"Stat_Nam": "HIMACHAL PRADESH", "Vil_Nam": "Baldwara (478)", "Hos_Allop_Doc_Tot_Stren_Num": "5", "Hos_Allop_Par_Med_Staf_In_Pos_Num": "2", "id": 14030}, "data_high": {"Stat_Nam": "HIMACHAL PRADESH", "Vil_Nam": "Baldwara (478)", "Hos_Allop_Doc_Tot_Stren_Num": "5", "Hos_Allop_Par_Med_Staf_In_Pos_Num": "2", "id": 14030}, "perc": 0.0003211690553615159, "metric": 99.9996773306494, "value_global_local": {}, "partition_field": null, "Vil_Nam": "Baldwara (478)", "Stat_Nam": "HIMACHAL PRADESH"}, {"data": [["Hos_Allop_Doc_Tot_Stren_Num", 330.0], ["Hos_Allop_Par_Med_Staf_In_Pos_Num", 112.0], 2.9464285714285716], "data_low": {"Stat_Nam": "Punjab", "Vil_Nam": "Bilga (102)", "Hos_Allop_Doc_Tot_Stren_Num": "3", "Hos_Allop_Par_Med_Staf_In_Pos_Num": "1", "id": 29885}, "data_high": {"Stat_Nam": "UTTAR PRADESH", "Vil_Nam": "Bar", "Hos_Allop_Doc_Tot_Stren_Num": "6", "Hos_Allop_Par_Med_Staf_In_Pos_Num": "2", "id": 152208}, "perc": 0.0019270143321690955, "metric": 99.99807103888745, "value_global_local": {}, "partition_field": null, "Vil_Nam": "Velappaya", "Stat_Nam": "KERALA"}, {"data": [["Hos_Allop_Doc_Tot_Stren_Num", 4.0], ["Hos_Allop_Par_Med_Staf_In_Pos_Num", 1.0], 4.0], "data_low": {"Stat_Nam": "Punjab", "Vil_Nam": "Badal (3)", "Hos_Allop_Doc_Tot_Stren_Num": "4", "Hos_Allop_Par_Med_Staf_In_Pos_Num": "1", "id": 35114}, "data_high": {"Stat_Nam": "West Bengal", "Vil_Nam": "Matipur", "Hos_Allop_Doc_Tot_Stren_Num": "8", "Hos_Allop_Par_Med_Staf_In_Pos_Num": "2", "id": 329137}, "perc": 0.0016058452768075795, "metric": 99.99839115417129, "value_global_local": {}, "partition_field": null, "Vil_Nam": "Badal (3)", "Stat_Nam": "Punjab"}, {"data": [["Hos_Allop_Doc_Tot_Stren_Num", 5.0], ["Hos_Allop_Par_Med_Staf_In_Pos_Num", 1.0], 5.0], "data_low": {"Stat_Nam": "West Bengal", "Vil_Nam": "Bakbari", "Hos_Allop_Doc_Tot_Stren_Num": "10", "Hos_Allop_Par_Med_Staf_In_Pos_Num": "2", "id": 328645}, "data_high": {"Stat_Nam": "Punjab", "Vil_Nam": "Wadala Kalan (41)", "Hos_Allop_Doc_Tot_Stren_Num": "5", "Hos_Allop_Par_Med_Staf_In_Pos_Num": "1", "id": 37565}, "perc": 0.0016058452768075795, "metric": 99.9983901539873, "value_global_local": {}, "partition_field": null, "Vil_Nam": "Wadala Kalan (41)", "Stat_Nam": "Punjab"}, {"data": [["Hos_Allop_Doc_Tot_Stren_Num", 6.0], ["Hos_Allop_Par_Med_Staf_In_Pos_Num", 1.0], 6.0], "data_low": {"Stat_Nam": "UTTAR PRADESH", "Vil_Nam": "Bodhipur", "Hos_Allop_Doc_Tot_Stren_Num": "6", "Hos_Allop_Par_Med_Staf_In_Pos_Num": "1", "id": 201660}, "data_high": {"Stat_Nam": "UTTAR PRADESH", "Vil_Nam": "Bodhipur", "Hos_Allop_Doc_Tot_Stren_Num": "6", "Hos_Allop_Par_Med_Staf_In_Pos_Num": "1", "id": 201660}, "perc": 0.0004817535830422739, "metric": 99.9995132454409, "value_global_local": {}, "partition_field": null, "Vil_Nam": "Bodhipur", "Stat_Nam": "UTTAR PRADESH"}, {"data": [["Hos_Allop_Doc_Tot_Stren_Num", 7.0], ["Hos_Allop_Par_Med_Staf_In_Pos_Num", 1.0], 7.0], "data_low": {"Stat_Nam": "UTTAR PRADESH", "Vil_Nam": "Safdarganj", "Hos_Allop_Doc_Tot_Stren_Num": "7", "Hos_Allop_Par_Med_Staf_In_Pos_Num": "1", "id": 163983}, "data_high": {"Stat_Nam": "UTTAR PRADESH", "Vil_Nam": "Safdarganj", "Hos_Allop_Doc_Tot_Stren_Num": "7", "Hos_Allop_Par_Med_Staf_In_Pos_Num": "1", "id": 163983}, "perc": 0.0004817535830422739, "metric": 99.99951224524568, "value_global_local": {}, "partition_field": null, "Vil_Nam": "Safdarganj", "Stat_Nam": "UTTAR PRADESH"}, {"data": [["Hos_Allop_Doc_Tot_Stren_Num", 10.0], ["Hos_Allop_Par_Med_Staf_In_Pos_Num", 1.0], 10.0], "data_low": {"Stat_Nam": "UTTAR PRADESH", "Vil_Nam": "Dadra", "Hos_Allop_Doc_Tot_Stren_Num": "10", "Hos_Allop_Par_Med_Staf_In_Pos_Num": "1", "id": 163980}, "data_high": {"Stat_Nam": "UTTAR PRADESH", "Vil_Nam": "Dadra", "Hos_Allop_Doc_Tot_Stren_Num": "10", "Hos_Allop_Par_Med_Staf_In_Pos_Num": "1", "id": 163980}, "perc": 0.0003211690553615159, "metric": 99.99966982917327, "value_global_local": {}, "partition_field": null, "Vil_Nam": "Dadra", "Stat_Nam": "UTTAR PRADESH"}, {"data": [["Hos_Allop_Doc_Tot_Stren_Num", 1.0], ["Hos_Allop_Par_Med_Staf_In_Pos_Num", 0.0], 9999], "data_low": {"Stat_Nam": "JAMMU & KASHMIR", "Vil_Nam": "Smail Pur", "Hos_Allop_Doc_Tot_Stren_Num": "1", "Hos_Allop_Par_Med_Staf_In_Pos_Num": "0", "id": 6544}, "data_high": {"Stat_Nam": "UTTAR PRADESH", "Vil_Nam": "Pilkhana", "Hos_Allop_Doc_Tot_Stren_Num": "9", "Hos_Allop_Par_Med_Staf_In_Pos_Num": "0", "id": 147309}, "perc": 0.0745112208438717, "metric": 99.91549623037815, "value_global_local": {"Arunachal Pradesh": {"global_perc": 0.0003578457684737878, "local_perc": 0.004310344827586207}, "HIMACHAL PRADESH": {"global_perc": 0.001498308361527308, "local_perc": 0.0668103448275862}, "JAMMU & KASHMIR": {"global_perc": 0.00015260186174271325, "local_perc": 0.0021551724137931034}, "JHARKHAND": {"global_perc": 0.002130024078533062, "local_perc": 0.14870689655172414}, "MADHYA PRADESH": {"global_perc": 0.0006374879332641203, "local_perc": 0.07543103448275862}, "MIZORAM": {"global_perc": 0.0012048192771084338, "local_perc": 0.0021551724137931034}, "TRIPURA": {"global_perc": 0.002285714285714286, "local_perc": 0.004310344827586207}, "UTTAR PRADESH": {"global_perc": 0.0017981905707381946, "local_perc": 0.41379310344827586}, "West Bengal": {"global_perc": 0.0032572479984086726, "local_perc": 0.2823275862068966}}, "partition_field": "Stat_Nam", "Vil_Nam": "Smail Pur", "Stat_Nam": "JAMMU & KASHMIR"}, {"data": [["Hos_Allop_Doc_Tot_Stren_Num", 0], ["Hos_Allop_Par_Med_Staf_In_Pos_Num", 0], 99980001], "data_low": {"Stat_Nam": "JAMMU & KASHMIR", "Vil_Nam": "Bore", "Hos_Allop_Doc_Tot_Stren_Num": "", "Hos_Allop_Par_Med_Staf_In_Pos_Num": "", "id": 0}, "data_high": {"Stat_Nam": "JAMMU & KASHMIR", "Vil_Nam": "Palmar", "Hos_Allop_Doc_Tot_Stren_Num": "HAll_st", "Hos_Allop_Par_Med_Staf_In_Pos_Num": "HAll_ppos", "id": 4582}, "perc": 99.21747159661166, "metric": 9.923731806785205e-07, "value_global_local": {"null": {"global_perc": 0.9921747159661166, "local_perc": 1.0}}, "partition_field": "Dist_Other", "Vil_Nam": "Bore", "Stat_Nam": "JAMMU & KASHMIR"}]