[{"data": [["Vet_Hos_Num", 0.0], ["Vet_Hos_Par_Med_Staf_Tot_Stren_Num", 2.0], 0.0], "data_low": {"Stat_Nam": "UTTAR PRADESH", "Vil_Nam": "Behsuma", "Vet_Hos_Num": "0", "Vet_Hos_Par_Med_Staf_Tot_Stren_Num": "2", "id": 118112}, "data_high": {"Stat_Nam": "West Bengal", "Vil_Nam": "Pedong Khasmahal", "Vet_Hos_Num": "1", "Vet_Hos_Par_Med_Staf_Tot_Stren_Num": "37", "id": 305010}, "perc": 0.010277409771568508, "metric": 99.98972359032567, "value_global_local": {"ANDAMAN & NICOBAR ISLANDS": {"global_perc": 0.0018018018018018018, "local_perc": 0.015625}, "ASSAM": {"global_perc": 0.0013260087137715476, "local_perc": 0.546875}, "BIHAR": {"global_perc": 6.685385746757588e-05, "local_perc": 0.046875}, "HIMACHAL PRADESH": {"global_perc": 4.833252779120348e-05, "local_perc": 0.015625}, "JAMMU & KASHMIR": {"global_perc": 0.000610407446970853, "local_perc": 0.0625}, "MADHYA PRADESH": {"global_perc": 7.285576380161376e-05, "local_perc": 0.0625}, "NAGALAND": {"global_perc": 0.0007002801120448179, "local_perc": 0.015625}, "PUDUCHERRY": {"global_perc": 0.011111111111111112, "local_perc": 0.015625}, "RAJASTHAN": {"global_perc": 2.238538681948424e-05, "local_perc": 0.015625}, "UTTAR PRADESH": {"global_perc": 3.7462303557045726e-05, "local_perc": 0.0625}, "UTTARAKHAND": {"global_perc": 5.954862144941345e-05, "local_perc": 0.015625}, "West Bengal": {"global_perc": 0.00019891590829976627, "local_perc": 0.125}}, "partition_field": "Stat_Nam", "Vil_Nam": "Behsuma", "Stat_Nam": "UTTAR PRADESH"}, {"data": [["Vet_Hos_Num", 1.0], ["Vet_Hos_Par_Med_Staf_Tot_Stren_Num", 9.0], 0.1111111111111111], "data_low": {"Stat_Nam": "UTTARAKHAND", "Vil_Nam": "Athhoorwala", "Vet_Hos_Num": "1", "Vet_Hos_Par_Med_Staf_Tot_Stren_Num": "9", "id": 45055}, "data_high": {"Stat_Nam": "UTTAR PRADESH", "Vil_Nam": "Kotawa", "Vet_Hos_Num": "2", "Vet_Hos_Par_Med_Staf_Tot_Stren_Num": "10", "id": 199054}, "perc": 0.06616082540447228, "metric": 99.93384006307403, "value_global_local": {"ANDAMAN & NICOBAR ISLANDS": {"global_perc": 0.009009009009009009, "local_perc": 0.012135922330097087}, "ASSAM": {"global_perc": 0.0009092631180147756, "local_perc": 0.05825242718446602}, "Arunachal Pradesh": {"global_perc": 0.0001789228842368939, "local_perc": 0.0024271844660194173}, "BIHAR": {"global_perc": 0.0006908231938316174, "local_perc": 0.07524271844660194}, "CHHATTISGARH": {"global_perc": 0.00034780880453145184, "local_perc": 0.01699029126213592}, "HARYANA": {"global_perc": 0.00029235491887151, "local_perc": 0.0048543689320388345}, "HIMACHAL PRADESH": {"global_perc": 0.0015466408893185114, "local_perc": 0.07766990291262135}, "JAMMU & KASHMIR": {"global_perc": 0.003357240958339692, "local_perc": 0.05339805825242718}, "JHARKHAND": {"global_perc": 6.173982836327716e-05, "local_perc": 0.0048543689320388345}, "KARNATAKA": {"global_perc": 0.0006134969325153375, "local_perc": 0.043689320388349516}, "KERALA": {"global_perc": 0.010805500982318271, "local_perc": 0.02669902912621359}, "MADHYA PRADESH": {"global_perc": 0.00030963699615685846, "local_perc": 0.0412621359223301}, "MANIPUR": {"global_perc": 0.0015497869043006587, "local_perc": 0.009708737864077669}, "Maharashtra": {"global_perc": 6.870491240123669e-05, "local_perc": 0.007281553398058253}, "NAGALAND": {"global_perc": 0.0014005602240896359, "local_perc": 0.0048543689320388345}, "Punjab": {"global_perc": 0.00023845481281297194, "local_perc": 0.007281553398058253}, "RAJASTHAN": {"global_perc": 0.0006939469914040115, "local_perc": 0.07524271844660194}, "TRIPURA": {"global_perc": 0.0034285714285714284, "local_perc": 0.007281553398058253}, "Tamil Nadu": {"global_perc": 0.0005006571124601039, "local_perc": 0.019417475728155338}, "UTTAR PRADESH": {"global_perc": 0.00046827879446307153, "local_perc": 0.12135922330097088}, "UTTARAKHAND": {"global_perc": 0.007503126302626094, "local_perc": 0.3058252427184466}, "West Bengal": {"global_perc": 0.00024864488537470786, "local_perc": 0.024271844660194174}}, "partition_field": "Stat_Nam", "Vil_Nam": "Athhoorwala", "Stat_Nam": "UTTARAKHAND"}, {"data": [["Vet_Hos_Num", 1.0], ["Vet_Hos_Par_Med_Staf_Tot_Stren_Num", 4.0], 0.25], "data_low": {"Stat_Nam": "JAMMU & KASHMIR", "Vil_Nam": "Langet", "Vet_Hos_Num": "1", "Vet_Hos_Par_Med_Staf_Tot_Stren_Num": "4", "id": 200}, "data_high": {"Stat_Nam": "HIMACHAL PRADESH", "Vil_Nam": "Badghawar  (276)", "Vet_Hos_Num": "2", "Vet_Hos_Par_Med_Staf_Tot_Stren_Num": "8", "id": 11515}, "perc": 0.45092135372756836, "metric": 99.54907939303988, "value_global_local": {"ANDAMAN & NICOBAR ISLANDS": {"global_perc": 0.012612612612612612, "local_perc": 0.002492877492877493}, "ANDHRA PRADESH": {"global_perc": 0.008201438848920863, "local_perc": 0.0811965811965812}, "ASSAM": {"global_perc": 0.011593104754688388, "local_perc": 0.10897435897435898}, "Arunachal Pradesh": {"global_perc": 0.0007156915369475756, "local_perc": 0.0014245014245014246}, "BIHAR": {"global_perc": 0.002206177296430004, "local_perc": 0.035256410256410256}, "CHANDIGARH": {"global_perc": 0.2, "local_perc": 0.00035612535612535614}, "CHHATTISGARH": {"global_perc": 0.0017390440226572592, "local_perc": 0.012464387464387465}, "GOA": {"global_perc": 0.0029940119760479044, "local_perc": 0.00035612535612535614}, "HARYANA": {"global_perc": 0.00847829264727379, "local_perc": 0.020655270655270654}, "HIMACHAL PRADESH": {"global_perc": 0.011889801836636056, "local_perc": 0.0876068376068376}, "JAMMU & KASHMIR": {"global_perc": 0.02563711277277583, "local_perc": 0.05982905982905983}, "JHARKHAND": {"global_perc": 0.0005556584552694943, "local_perc": 0.00641025641025641}, "KARNATAKA": {"global_perc": 0.009066121336059987, "local_perc": 0.09472934472934473}, "KERALA": {"global_perc": 0.137524557956778, "local_perc": 0.04985754985754986}, "MADHYA PRADESH": {"global_perc": 0.004935977997559332, "local_perc": 0.09650997150997151}, "MANIPUR": {"global_perc": 0.010073614877954282, "local_perc": 0.009259259259259259}, "MIZORAM": {"global_perc": 0.0024096385542168677, "local_perc": 0.0007122507122507123}, "Maharashtra": {"global_perc": 0.00022901637467078896, "local_perc": 0.0035612535612535613}, "NAGALAND": {"global_perc": 0.0021008403361344537, "local_perc": 0.0010683760683760685}, "Punjab": {"global_perc": 0.003656307129798903, "local_perc": 0.01638176638176638}, "RAJASTHAN": {"global_perc": 0.005193409742120344, "local_perc": 0.08262108262108261}, "SIKKIM": {"global_perc": 0.0022172949002217295, "local_perc": 0.00035612535612535614}, "TRIPURA": {"global_perc": 0.02057142857142857, "local_perc": 0.00641025641025641}, "Tamil Nadu": {"global_perc": 0.0035671819262782403, "local_perc": 0.0202991452991453}, "UTTAR PRADESH": {"global_perc": 0.003268585985352239, "local_perc": 0.12428774928774929}, "UTTARAKHAND": {"global_perc": 0.011314238075388556, "local_perc": 0.06766381766381767}, "West Bengal": {"global_perc": 0.0006464767019742403, "local_perc": 0.009259259259259259}}, "partition_field": "Stat_Nam", "Vil_Nam": "Langet", "Stat_Nam": "JAMMU & KASHMIR"}, {"data": [["Vet_Hos_Num", 2.0], ["Vet_Hos_Par_Med_Staf_Tot_Stren_Num", 5.0], 0.4], "data_low": {"Stat_Nam": "JAMMU & KASHMIR", "Vil_Nam": "Dudi", "Vet_Hos_Num": "1", "Vet_Hos_Par_Med_Staf_Tot_Stren_Num": "2", "id": 10}, "data_high": {"Stat_Nam": "HIMACHAL PRADESH", "Vil_Nam": "Man Simbal Buhla  (273)", "Vet_Hos_Num": "2", "Vet_Hos_Par_Med_Staf_Tot_Stren_Num": "5", "id": 11512}, "perc": 1.4916696776265608, "metric": 98.50833091354166, "value_global_local": {"": {"global_perc": 0.017514657942934813, "local_perc": 0.9821294003660244}, "ALABKPUR": {"global_perc": 1.0, "local_perc": 0.00010765421466250404}, "AMBALA": {"global_perc": 0.2, "local_perc": 0.00010765421466250404}, "AMRUT": {"global_perc": 0.14285714285714285, "local_perc": 0.00010765421466250404}, "BADIYANI  KHURD": {"global_perc": 1.0, "local_perc": 0.00010765421466250404}, "BAHADURPUR": {"global_perc": 0.023809523809523808, "local_perc": 0.00010765421466250404}, "BAIJUWAPUR": {"global_perc": 1.0, "local_perc": 0.00010765421466250404}, "BANGANA": {"global_perc": 0.0625, "local_perc": 0.00010765421466250404}, "BARAMATI": {"global_perc": 1.0, "local_perc": 0.00010765421466250404}, "BARAPATI": {"global_perc": 1.0, "local_perc": 0.00010765421466250404}, "BARIGARH": {"global_perc": 1.0, "local_perc": 0.00010765421466250404}, "BARUA": {"global_perc": 0.2, "local_perc": 0.00010765421466250404}, "BASANTPUR": {"global_perc": 0.02564102564102564, "local_perc": 0.00010765421466250404}, "BEHDALA": {"global_perc": 0.3333333333333333, "local_perc": 0.00010765421466250404}, "BELHAN": {"global_perc": 0.3333333333333333, "local_perc": 0.00010765421466250404}, "BHAGWAN PUR": {"global_perc": 0.16666666666666666, "local_perc": 0.00010765421466250404}, "BHAGWANPUR": {"global_perc": 0.034482758620689655, "local_perc": 0.00010765421466250404}, "BHAKHRA": {"global_perc": 1.0, "local_perc": 0.00010765421466250404}, "BHAWARNA": {"global_perc": 0.25, "local_perc": 0.00010765421466250404}, "BHOTA": {"global_perc": 0.16666666666666666, "local_perc": 0.00021530842932500807}, "BHURIA BHOOR": {"global_perc": 1.0, "local_perc": 0.00010765421466250404}, "BIGHBEHARA": {"global_perc": 0.25, "local_perc": 0.00010765421466250404}, "BOSWAN": {"global_perc": 1.0, "local_perc": 0.00010765421466250404}, "BRAKHARI": {"global_perc": 1.0, "local_perc": 0.00010765421466250404}, "BRUA": {"global_perc": 0.5, "local_perc": 0.00010765421466250404}, "CHAIDE": {"global_perc": 0.1, "local_perc": 0.00021530842932500807}, "CHAMKOTE": {"global_perc": 0.5, "local_perc": 0.00010765421466250404}, "CHAMUWA GUNTH": {"global_perc": 1.0, "local_perc": 0.00010765421466250404}, "CHAURA": {"global_perc": 0.0625, "local_perc": 0.00010765421466250404}, "CHAUTHI BAND": {"global_perc": 1.0, "local_perc": 0.00010765421466250404}, "CHEDHI DADWA": {"global_perc": 1.0, "local_perc": 0.00010765421466250404}, "CHEDI DADWA": {"global_perc": 0.5, "local_perc": 0.00010765421466250404}, "CHIKKUR": {"global_perc": 1.0, "local_perc": 0.00010765421466250404}, "CHINTAKI": {"global_perc": 1.0, "local_perc": 0.00010765421466250404}, "CHIPGI": {"global_perc": 1.0, "local_perc": 0.00010765421466250404}, "CHOKHARA": {"global_perc": 1.0, "local_perc": 0.00010765421466250404}, "DADHWALKAR": {"global_perc": 0.5, "local_perc": 0.00010765421466250404}, "DAIRA": {"global_perc": 1.0, "local_perc": 0.00010765421466250404}, "DANGRI": {"global_perc": 0.125, "local_perc": 0.00010765421466250404}, "DHAULADEVI": {"global_perc": 1.0, "local_perc": 0.00010765421466250404}, "DHOLARA": {"global_perc": 0.5, "local_perc": 0.00010765421466250404}, "DIFFERPAT": {"global_perc": 1.0, "local_perc": 0.00010765421466250404}, "ETAUNJA": {"global_perc": 0.3333333333333333, "local_perc": 0.00010765421466250404}, "FURRA": {"global_perc": 0.3333333333333333, "local_perc": 0.00010765421466250404}, "GAHNI": {"global_perc": 0.3333333333333333, "local_perc": 0.00010765421466250404}, "GAJODIH": {"global_perc": 1.0, "local_perc": 0.00010765421466250404}, "GANGDIH": {"global_perc": 1.0, "local_perc": 0.00010765421466250404}, "GAON": {"global_perc": 0.2, "local_perc": 0.0003229626439875121}, "GATWAR": {"global_perc": 1.0, "local_perc": 0.00010765421466250404}, "GAWON": {"global_perc": 1.0, "local_perc": 0.00010765421466250404}, "GOVARDHANPUR": {"global_perc": 1.0, "local_perc": 0.00043061685865001615}, "GURURA": {"global_perc": 1.0, "local_perc": 0.00010765421466250404}, "GUTAKBARA": {"global_perc": 1.0, "local_perc": 0.00010765421466250404}, "HARGURAIYA": {"global_perc": 1.0, "local_perc": 0.00010765421466250404}, "HARHUA": {"global_perc": 0.3333333333333333, "local_perc": 0.00010765421466250404}, "HARIPUR KALAN": {"global_perc": 1.0, "local_perc": 0.00010765421466250404}, "HAVASPUR": {"global_perc": 1.0, "local_perc": 0.00021530842932500807}, "IRUSALAKUPPAM": {"global_perc": 1.0, "local_perc": 0.00010765421466250404}, "ISMAILPUR": {"global_perc": 0.08333333333333333, "local_perc": 0.00010765421466250404}, "JAIJAR": {"global_perc": 0.14285714285714285, "local_perc": 0.00010765421466250404}, "JAMBGI(K.D)": {"global_perc": 1.0, "local_perc": 0.00010765421466250404}, "K. CHINGKHONG": {"global_perc": 0.25, "local_perc": 0.00010765421466250404}, "KALUR": {"global_perc": 1.0, "local_perc": 0.00010765421466250404}, "KANAH BAJNAL": {"global_perc": 0.14285714285714285, "local_perc": 0.00010765421466250404}, "KARLI KALH": {"global_perc": 0.2, "local_perc": 0.00010765421466250404}, "KASLA": {"global_perc": 0.16666666666666666, "local_perc": 0.00010765421466250404}, "KATKA": {"global_perc": 0.5, "local_perc": 0.00010765421466250404}, "KHAIRA": {"global_perc": 0.058823529411764705, "local_perc": 0.00010765421466250404}, "KHANDHAR": {"global_perc": 1.0, "local_perc": 0.00010765421466250404}, "KHERI": {"global_perc": 0.07692307692307693, "local_perc": 0.00010765421466250404}, "KHUMARIPUR": {"global_perc": 1.0, "local_perc": 0.00010765421466250404}, "KISHANPUR": {"global_perc": 0.2222222222222222, "local_perc": 0.00021530842932500807}, "KISHUNPUR": {"global_perc": 0.06666666666666667, "local_perc": 0.00010765421466250404}, "KONI": {"global_perc": 0.16666666666666666, "local_perc": 0.00010765421466250404}, "KOSARIAN": {"global_perc": 0.5, "local_perc": 0.00010765421466250404}, "KUBERPUR KUTULOOPUR": {"global_perc": 1.0, "local_perc": 0.00010765421466250404}, "Kurumpilav": {"global_perc": 1.0, "local_perc": 0.00010765421466250404}, "LATIANA": {"global_perc": 1.0, "local_perc": 0.00010765421466250404}, "LOPOKE": {"global_perc": 0.5, "local_perc": 0.00010765421466250404}, "M.DURAISWAMIPURAM": {"global_perc": 1.0, "local_perc": 0.00010765421466250404}, "MAHURI": {"global_perc": 0.25, "local_perc": 0.00010765421466250404}, "MALOTHI": {"global_perc": 1.0, "local_perc": 0.00010765421466250404}, "MANDRE PUR": {"global_perc": 1.0, "local_perc": 0.00010765421466250404}, "MANGLORE": {"global_perc": 0.2, "local_perc": 0.00010765421466250404}, "MATERNI": {"global_perc": 0.125, "local_perc": 0.00010765421466250404}, "MAYAPUR": {"global_perc": 0.6, "local_perc": 0.0003229626439875121}, "MOHANPUR": {"global_perc": 0.17333333333333334, "local_perc": 0.0013995047906125524}, "MOSIM PUR": {"global_perc": 1.0, "local_perc": 0.00010765421466250404}, "MUSIRIYAM": {"global_perc": 1.0, "local_perc": 0.00010765421466250404}, "N.A.": {"global_perc": 0.0017048683462777042, "local_perc": 0.0019377758639250726}, "NAGWA": {"global_perc": 0.5, "local_perc": 0.00010765421466250404}, "NAKKAMBADI": {"global_perc": 0.5, "local_perc": 0.00010765421466250404}, "NARAHUN": {"global_perc": 0.125, "local_perc": 0.00010765421466250404}, "PALASI": {"global_perc": 0.25, "local_perc": 0.00010765421466250404}, "PALLIKKADU": {"global_perc": 1.0, "local_perc": 0.00010765421466250404}, "PAREWA T. KISHANI": {"global_perc": 1.0, "local_perc": 0.00010765421466250404}, "PARTAWAL": {"global_perc": 1.0, "local_perc": 0.00010765421466250404}, "PHULHAR KHURD": {"global_perc": 1.0, "local_perc": 0.00010765421466250404}, "PRANPUR": {"global_perc": 0.09090909090909091, "local_perc": 0.00010765421466250404}, "PUGA": {"global_perc": 1.0, "local_perc": 0.00010765421466250404}, "PULLERI": {"global_perc": 0.5, "local_perc": 0.00010765421466250404}, "RAGHUPUR": {"global_perc": 0.2, "local_perc": 0.00010765421466250404}, "RAMGARHA": {"global_perc": 1.0, "local_perc": 0.00010765421466250404}, "RANA NAGAR": {"global_perc": 1.0, "local_perc": 0.00010765421466250404}, "RUPAPUR": {"global_perc": 0.3333333333333333, "local_perc": 0.00010765421466250404}, "SAIFPUR KARAMCHANDPUR": {"global_perc": 1.0, "local_perc": 0.00010765421466250404}, "SAMDAWAR": {"global_perc": 1.0, "local_perc": 0.00010765421466250404}, "SARWABAZAR": {"global_perc": 1.0, "local_perc": 0.00010765421466250404}, "SIRHIR": {"global_perc": 1.0, "local_perc": 0.00010765421466250404}, "SIRUVADI": {"global_perc": 1.0, "local_perc": 0.00010765421466250404}, "SITA PUR": {"global_perc": 1.0, "local_perc": 0.00010765421466250404}, "SOMANDURAI": {"global_perc": 1.0, "local_perc": 0.00010765421466250404}, "SOMESHWAR": {"global_perc": 0.3333333333333333, "local_perc": 0.00010765421466250404}, "SUAN": {"global_perc": 0.5, "local_perc": 0.00010765421466250404}, "SURARYOR": {"global_perc": 1.0, "local_perc": 0.00010765421466250404}, "SYAHI DEVI GUNTH": {"global_perc": 1.0, "local_perc": 0.00010765421466250404}, "TANDI": {"global_perc": 0.25, "local_perc": 0.00010765421466250404}, "TIHRA": {"global_perc": 0.14285714285714285, "local_perc": 0.00010765421466250404}, "TILAW KASDHAN": {"global_perc": 1.0, "local_perc": 0.00010765421466250404}, "TOOPER": {"global_perc": 1.0, "local_perc": 0.00021530842932500807}, "UMARPUR": {"global_perc": 0.125, "local_perc": 0.00010765421466250404}, "UNERA": {"global_perc": 1.0, "local_perc": 0.00010765421466250404}, "USILAMPATTI": {"global_perc": 1.0, "local_perc": 0.00010765421466250404}, "VADASERI NORTH": {"global_perc": 1.0, "local_perc": 0.00010765421466250404}, "VARAKALPATTU": {"global_perc": 1.0, "local_perc": 0.00010765421466250404}, "WAHWALPUR": {"global_perc": 1.0, "local_perc": 0.00010765421466250404}}, "partition_field": "Near_Vil_Tow_Nam_hav_Prim_School", "Vil_Nam": "Man Simbal Buhla  (273)", "Stat_Nam": "HIMACHAL PRADESH"}, {"data": [["Vet_Hos_Num", 3.0], ["Vet_Hos_Par_Med_Staf_Tot_Stren_Num", 5.0], 0.6], "data_low": {"Stat_Nam": "UTTARAKHAND", "Vil_Nam": "Banachilar", "Vet_Hos_Num": "2", "Vet_Hos_Par_Med_Staf_Tot_Stren_Num": "3", "id": 44487}, "data_high": {"Stat_Nam": "UTTARAKHAND", "Vil_Nam": "Purola Range", "Vet_Hos_Num": "3", "Vet_Hos_Par_Med_Staf_Tot_Stren_Num": "5", "id": 39911}, "perc": 0.0022481833875306113, "metric": 99.99775221668348, "value_global_local": {}, "partition_field": null, "Vil_Nam": "Purola Range", "Stat_Nam": "UTTARAKHAND"}, {"data": [["Vet_Hos_Num", 1.0], ["Vet_Hos_Par_Med_Staf_Tot_Stren_Num", 1.0], 1.0], "data_low": {"Stat_Nam": "JAMMU & KASHMIR", "Vil_Nam": "Batter Gam", "Vet_Hos_Num": "1", "Vet_Hos_Par_Med_Staf_Tot_Stren_Num": "1", "id": 60}, "data_high": {"Stat_Nam": "Tamil Nadu", "Vil_Nam": "Koduvilarpatty", "Vet_Hos_Num": "3", "Vet_Hos_Par_Med_Staf_Tot_Stren_Num": "3", "id": 618406}, "perc": 2.660725039142479, "metric": 97.33927496085752, "value_global_local": {"": {"global_perc": 0.031214603035643662, "local_perc": 0.9812903615184984}, "ADHARPUR": {"global_perc": 0.25, "local_perc": 6.03536725209729e-05}, "AHMEDGARH": {"global_perc": 1.0, "local_perc": 6.03536725209729e-05}, "AILIYARA MALLA": {"global_perc": 1.0, "local_perc": 6.03536725209729e-05}, "ALIYA": {"global_perc": 0.5, "local_perc": 6.03536725209729e-05}, "ANACHI": {"global_perc": 0.5, "local_perc": 6.03536725209729e-05}, "AREKALHOSAHALLI": {"global_perc": 0.5, "local_perc": 6.03536725209729e-05}, "ATARDEEH": {"global_perc": 1.0, "local_perc": 6.03536725209729e-05}, "ATTARI": {"global_perc": 0.2, "local_perc": 6.03536725209729e-05}, "ATTIBELE": {"global_perc": 0.5, "local_perc": 6.03536725209729e-05}, "B.B.NAGAR": {"global_perc": 0.5, "local_perc": 6.03536725209729e-05}, "BABHANI": {"global_perc": 0.010416666666666666, "local_perc": 0.0001207073450419458}, "BACHAHALLI": {"global_perc": 1.0, "local_perc": 6.03536725209729e-05}, "BADOL": {"global_perc": 0.5, "local_perc": 6.03536725209729e-05}, "BAGAHI": {"global_perc": 0.2, "local_perc": 6.03536725209729e-05}, "BAGGA": {"global_perc": 1.0, "local_perc": 6.03536725209729e-05}, "BAHADURGARH": {"global_perc": 1.0, "local_perc": 6.03536725209729e-05}, "BAIRGACHHI": {"global_perc": 1.0, "local_perc": 6.03536725209729e-05}, "BAKAMI": {"global_perc": 1.0, "local_perc": 6.03536725209729e-05}, "BAKHRUNDA": {"global_perc": 0.2, "local_perc": 6.03536725209729e-05}, "BALLAGAN": {"global_perc": 1.0, "local_perc": 6.03536725209729e-05}, "BALRAMPUR": {"global_perc": 0.1, "local_perc": 6.03536725209729e-05}, "BANDULAHAR": {"global_perc": 1.0, "local_perc": 6.03536725209729e-05}, "BANGA": {"global_perc": 0.5, "local_perc": 6.03536725209729e-05}, "BANGRA": {"global_perc": 0.6666666666666666, "local_perc": 0.0002414146900838916}, "BANGRAN": {"global_perc": 1.0, "local_perc": 6.03536725209729e-05}, "BARARA": {"global_perc": 0.5, "local_perc": 6.03536725209729e-05}, "BASAVANAHALLI": {"global_perc": 0.2, "local_perc": 6.03536725209729e-05}, "BASEDOUR": {"global_perc": 0.3333333333333333, "local_perc": 6.03536725209729e-05}, "BASINI": {"global_perc": 1.0, "local_perc": 6.03536725209729e-05}, "BASKHARI": {"global_perc": 0.5, "local_perc": 6.03536725209729e-05}, "BASSI": {"global_perc": 0.09090909090909091, "local_perc": 6.03536725209729e-05}, "BATOL": {"global_perc": 0.14285714285714285, "local_perc": 6.03536725209729e-05}, "BAWAL": {"global_perc": 0.5, "local_perc": 6.03536725209729e-05}, "BAZARKUNANG": {"global_perc": 0.25, "local_perc": 6.03536725209729e-05}, "BEAR KHURD": {"global_perc": 0.2, "local_perc": 0.0001207073450419458}, "BEGUMSARAI": {"global_perc": 1.0, "local_perc": 6.03536725209729e-05}, "BETHAMGALA": {"global_perc": 1.0, "local_perc": 6.03536725209729e-05}, "BHAGESARA": {"global_perc": 1.0, "local_perc": 6.03536725209729e-05}, "BHAIRPUR": {"global_perc": 0.5, "local_perc": 6.03536725209729e-05}, "BHALAWAG": {"global_perc": 0.5, "local_perc": 6.03536725209729e-05}, "BHALUANI": {"global_perc": 0.5, "local_perc": 6.03536725209729e-05}, "BHANDRA": {"global_perc": 0.3333333333333333, "local_perc": 6.03536725209729e-05}, "BHATHAR": {"global_perc": 0.5, "local_perc": 6.03536725209729e-05}, "BHAWAN SINGH NAWAR": {"global_perc": 0.5, "local_perc": 6.03536725209729e-05}, "BHUNGWAR": {"global_perc": 1.0, "local_perc": 0.0001207073450419458}, "BIJAPUR": {"global_perc": 0.09090909090909091, "local_perc": 6.03536725209729e-05}, "BILISIRI": {"global_perc": 0.5, "local_perc": 6.03536725209729e-05}, "BOHALA": {"global_perc": 1.0, "local_perc": 6.03536725209729e-05}, "BOPPANAHALLI": {"global_perc": 1.0, "local_perc": 6.03536725209729e-05}, "BORAGAONWADI": {"global_perc": 1.0, "local_perc": 6.03536725209729e-05}, "CHAK BAMUN": {"global_perc": 0.6666666666666666, "local_perc": 0.0001207073450419458}, "CHAK NIVRANI": {"global_perc": 1.0, "local_perc": 6.03536725209729e-05}, "CHAKNASTA": {"global_perc": 1.0, "local_perc": 6.03536725209729e-05}, "CHALAGERI": {"global_perc": 0.3333333333333333, "local_perc": 6.03536725209729e-05}, "CHAMDAR": {"global_perc": 0.25, "local_perc": 6.03536725209729e-05}, "CHAND": {"global_perc": 0.2, "local_perc": 6.03536725209729e-05}, "CHANDDIH": {"global_perc": 0.5, "local_perc": 6.03536725209729e-05}, "CHARKHI": {"global_perc": 0.5, "local_perc": 6.03536725209729e-05}, "CHASU": {"global_perc": 0.2, "local_perc": 6.03536725209729e-05}, "CHENNAKAL": {"global_perc": 0.3333333333333333, "local_perc": 6.03536725209729e-05}, "CHETANPURA": {"global_perc": 1.0, "local_perc": 6.03536725209729e-05}, "CHHANGLA": {"global_perc": 0.2, "local_perc": 6.03536725209729e-05}, "CHHITPAL GARH": {"global_perc": 1.0, "local_perc": 6.03536725209729e-05}, "CHINGUS": {"global_perc": 1.0, "local_perc": 6.03536725209729e-05}, "CHOWDAPUR": {"global_perc": 1.0, "local_perc": 6.03536725209729e-05}, "DABHIYAR": {"global_perc": 1.0, "local_perc": 6.03536725209729e-05}, "DADADAHALLI": {"global_perc": 1.0, "local_perc": 6.03536725209729e-05}, "DANASALI": {"global_perc": 0.5, "local_perc": 6.03536725209729e-05}, "DAULATPUR": {"global_perc": 0.02857142857142857, "local_perc": 6.03536725209729e-05}, "DEOTH": {"global_perc": 0.3333333333333333, "local_perc": 6.03536725209729e-05}, "DEVPUR SANWAL": {"global_perc": 0.08333333333333333, "local_perc": 6.03536725209729e-05}, "DHALWARI": {"global_perc": 1.0, "local_perc": 6.03536725209729e-05}, "DHARWAD": {"global_perc": 0.14285714285714285, "local_perc": 6.03536725209729e-05}, "DHIRAR": {"global_perc": 0.5, "local_perc": 6.03536725209729e-05}, "DODDATHANDYA": {"global_perc": 1.0, "local_perc": 6.03536725209729e-05}, "DODMANE": {"global_perc": 0.125, "local_perc": 6.03536725209729e-05}, "DUHAK KHURD": {"global_perc": 0.3333333333333333, "local_perc": 6.03536725209729e-05}, "Dhaliwal Bet": {"global_perc": 1.0, "local_perc": 0.0001207073450419458}, "ELLENABAD": {"global_perc": 1.0, "local_perc": 6.03536725209729e-05}, "FATEHPUR": {"global_perc": 0.015873015873015872, "local_perc": 6.03536725209729e-05}, "FULANG": {"global_perc": 0.3333333333333333, "local_perc": 6.03536725209729e-05}, "GADAG": {"global_perc": 1.0, "local_perc": 6.03536725209729e-05}, "GAGAL": {"global_perc": 0.2, "local_perc": 6.03536725209729e-05}, "GAGOTI": {"global_perc": 0.25, "local_perc": 6.03536725209729e-05}, "GAHARI": {"global_perc": 1.0, "local_perc": 6.03536725209729e-05}, "GARALAG": {"global_perc": 1.0, "local_perc": 6.03536725209729e-05}, "GARHWA": {"global_perc": 0.14285714285714285, "local_perc": 6.03536725209729e-05}, "GARNI": {"global_perc": 0.07692307692307693, "local_perc": 6.03536725209729e-05}, "GARRICHAK": {"global_perc": 1.0, "local_perc": 6.03536725209729e-05}, "GHILATALI": {"global_perc": 1.0, "local_perc": 6.03536725209729e-05}, "GHUMARKAR": {"global_perc": 0.5, "local_perc": 0.0001207073450419458}, "GIGENAHALLI": {"global_perc": 0.5, "local_perc": 6.03536725209729e-05}, "GOLLARAGUDI": {"global_perc": 0.5, "local_perc": 6.03536725209729e-05}, "GOPALPUR": {"global_perc": 0.008333333333333333, "local_perc": 6.03536725209729e-05}, "GUDDADUR": {"global_perc": 1.0, "local_perc": 6.03536725209729e-05}, "GUMRU": {"global_perc": 0.3333333333333333, "local_perc": 6.03536725209729e-05}, "H M PATNA": {"global_perc": 1.0, "local_perc": 6.03536725209729e-05}, "HABAN": {"global_perc": 1.0, "local_perc": 6.03536725209729e-05}, "HARDI": {"global_perc": 0.125, "local_perc": 6.03536725209729e-05}, "HAREHR": {"global_perc": 0.5, "local_perc": 6.03536725209729e-05}, "HARIHARPUR": {"global_perc": 0.03225806451612903, "local_perc": 6.03536725209729e-05}, "HARIRAMPUR": {"global_perc": 0.14285714285714285, "local_perc": 6.03536725209729e-05}, "HARNOT": {"global_perc": 1.0, "local_perc": 6.03536725209729e-05}, "HARVADIH": {"global_perc": 1.0, "local_perc": 6.03536725209729e-05}, "HESARI": {"global_perc": 0.25, "local_perc": 6.03536725209729e-05}, "HUBLI": {"global_perc": 0.2, "local_perc": 6.03536725209729e-05}, "HULIYAR": {"global_perc": 0.5, "local_perc": 6.03536725209729e-05}, "HULLUR": {"global_perc": 0.25, "local_perc": 6.03536725209729e-05}, "HUNASANAKODIHALLI": {"global_perc": 1.0, "local_perc": 6.03536725209729e-05}, "IBRAHIMPUR": {"global_perc": 0.1, "local_perc": 6.03536725209729e-05}, "INGALESHWAR": {"global_perc": 0.5, "local_perc": 6.03536725209729e-05}, "ISHAPUR": {"global_perc": 0.3333333333333333, "local_perc": 6.03536725209729e-05}, "ISMAILA-11B": {"global_perc": 1.0, "local_perc": 6.03536725209729e-05}, "JAGATPUR": {"global_perc": 0.047619047619047616, "local_perc": 6.03536725209729e-05}, "JAIDPUR": {"global_perc": 1.0, "local_perc": 6.03536725209729e-05}, "JANDRU": {"global_perc": 0.5, "local_perc": 6.03536725209729e-05}, "JANGAL GHAT": {"global_perc": 1.0, "local_perc": 6.03536725209729e-05}, "JANGLIANA": {"global_perc": 0.5, "local_perc": 6.03536725209729e-05}, "JATEHRI": {"global_perc": 1.0, "local_perc": 6.03536725209729e-05}, "JATHLANA": {"global_perc": 0.5, "local_perc": 6.03536725209729e-05}, "JHAKHYOY": {"global_perc": 1.0, "local_perc": 6.03536725209729e-05}, "JHAMKE": {"global_perc": 1.0, "local_perc": 6.03536725209729e-05}, "JHARAL": {"global_perc": 0.5, "local_perc": 6.03536725209729e-05}, "JISPA": {"global_perc": 0.5, "local_perc": 6.03536725209729e-05}, "JUGRAJPUR": {"global_perc": 1.0, "local_perc": 6.03536725209729e-05}, "KABBALA": {"global_perc": 1.0, "local_perc": 6.03536725209729e-05}, "KAFALI": {"global_perc": 1.0, "local_perc": 6.03536725209729e-05}, "KALAGARU": {"global_perc": 0.16666666666666666, "local_perc": 6.03536725209729e-05}, "KALAYAT": {"global_perc": 1.0, "local_perc": 0.0001207073450419458}, "KALEWAL BAGTAN": {"global_perc": 0.5, "local_perc": 6.03536725209729e-05}, "KANADU": {"global_perc": 1.0, "local_perc": 6.03536725209729e-05}, "KANDHA": {"global_perc": 0.2, "local_perc": 6.03536725209729e-05}, "KANDHALA SHEIKAN": {"global_perc": 1.0, "local_perc": 6.03536725209729e-05}, "KANNAPUR HATTI": {"global_perc": 1.0, "local_perc": 6.03536725209729e-05}, "KARIALA": {"global_perc": 0.5, "local_perc": 6.03536725209729e-05}, "KAUL": {"global_perc": 1.0, "local_perc": 6.03536725209729e-05}, "KAYALPUR": {"global_perc": 1.0, "local_perc": 6.03536725209729e-05}, "KEELAIYUR": {"global_perc": 1.0, "local_perc": 6.03536725209729e-05}, "KHAI": {"global_perc": 1.0, "local_perc": 6.03536725209729e-05}, "KHALI": {"global_perc": 0.3333333333333333, "local_perc": 6.03536725209729e-05}, "KHANYOL  BAGRA": {"global_perc": 1.0, "local_perc": 6.03536725209729e-05}, "KHEIRI": {"global_perc": 0.5, "local_perc": 6.03536725209729e-05}, "KHIRANWALI": {"global_perc": 0.5, "local_perc": 6.03536725209729e-05}, "KHIRKURI": {"global_perc": 1.0, "local_perc": 6.03536725209729e-05}, "KHUDA": {"global_perc": 0.5, "local_perc": 6.03536725209729e-05}, "KHUTHI": {"global_perc": 0.5, "local_perc": 6.03536725209729e-05}, "KOKKARAPATTY": {"global_perc": 1.0, "local_perc": 6.03536725209729e-05}, "KONE": {"global_perc": 1.0, "local_perc": 6.03536725209729e-05}, "KOPPA S.K": {"global_perc": 1.0, "local_perc": 6.03536725209729e-05}, "KOSLI": {"global_perc": 0.3333333333333333, "local_perc": 6.03536725209729e-05}, "KOT GANGURAI": {"global_perc": 1.0, "local_perc": 6.03536725209729e-05}, "KOT KAWAL": {"global_perc": 1.0, "local_perc": 6.03536725209729e-05}, "KOTI": {"global_perc": 0.045454545454545456, "local_perc": 6.03536725209729e-05}, "KUMBARHAL": {"global_perc": 1.0, "local_perc": 6.03536725209729e-05}, "KUNNAVAKKAM": {"global_perc": 0.5, "local_perc": 6.03536725209729e-05}, "KURAVEDIYA": {"global_perc": 1.0, "local_perc": 6.03536725209729e-05}, "KUTUBPUR": {"global_perc": 0.06666666666666667, "local_perc": 6.03536725209729e-05}, "LAHRU": {"global_perc": 0.125, "local_perc": 6.03536725209729e-05}, "LAKHWAR": {"global_perc": 0.25, "local_perc": 6.03536725209729e-05}, "LAMACHAUR KHAS": {"global_perc": 0.25, "local_perc": 6.03536725209729e-05}, "LANOT": {"global_perc": 0.3333333333333333, "local_perc": 6.03536725209729e-05}, "LATHYANI": {"global_perc": 0.125, "local_perc": 6.03536725209729e-05}, "LODHBHARWARI": {"global_perc": 1.0, "local_perc": 6.03536725209729e-05}, "MACHAGOWDANAHALLI": {"global_perc": 0.1111111111111111, "local_perc": 6.03536725209729e-05}, "MAGOD": {"global_perc": 0.5, "local_perc": 6.03536725209729e-05}, "MAHALAU": {"global_perc": 1.0, "local_perc": 6.03536725209729e-05}, "MAHIMANAHALLI": {"global_perc": 1.0, "local_perc": 6.03536725209729e-05}, "MAJHOLI": {"global_perc": 0.16666666666666666, "local_perc": 6.03536725209729e-05}, "MALIHAPUR": {"global_perc": 1.0, "local_perc": 6.03536725209729e-05}, "MALUR": {"global_perc": 0.5, "local_perc": 6.03536725209729e-05}, "MANGEWAL": {"global_perc": 0.5, "local_perc": 6.03536725209729e-05}, "MANJGRAN": {"global_perc": 0.5, "local_perc": 6.03536725209729e-05}, "MANOH": {"global_perc": 0.14285714285714285, "local_perc": 6.03536725209729e-05}, "MARAGUNDA": {"global_perc": 0.5, "local_perc": 6.03536725209729e-05}, "MARAVANVAYAL": {"global_perc": 1.0, "local_perc": 6.03536725209729e-05}, "MASTI PALKOT": {"global_perc": 1.0, "local_perc": 6.03536725209729e-05}, "MAYURHAND": {"global_perc": 0.25, "local_perc": 6.03536725209729e-05}, "MEHAL": {"global_perc": 0.25, "local_perc": 6.03536725209729e-05}, "MEHMA SARJA": {"global_perc": 1.0, "local_perc": 6.03536725209729e-05}, "MELVAITHINANKUPPAM": {"global_perc": 1.0, "local_perc": 6.03536725209729e-05}, "MERLE": {"global_perc": 1.0, "local_perc": 6.03536725209729e-05}, "MILKI": {"global_perc": 0.125, "local_perc": 6.03536725209729e-05}, "MIRGANDTHAKARPORA": {"global_perc": 1.0, "local_perc": 6.03536725209729e-05}, "MOHAM WALA": {"global_perc": 1.0, "local_perc": 6.03536725209729e-05}, "MUDALAPURA": {"global_perc": 0.5, "local_perc": 6.03536725209729e-05}, "MULEKALENAHALLI": {"global_perc": 0.1111111111111111, "local_perc": 6.03536725209729e-05}, "MUNAN": {"global_perc": 1.0, "local_perc": 6.03536725209729e-05}, "MUNCHINGI PUTTU": {"global_perc": 0.1111111111111111, "local_perc": 6.03536725209729e-05}, "MUSAPUR": {"global_perc": 0.3333333333333333, "local_perc": 6.03536725209729e-05}, "Mianpur": {"global_perc": 0.6666666666666666, "local_perc": 0.0001207073450419458}, "N.A.": {"global_perc": 0.0011365788975184693, "local_perc": 0.0007242440702516748}, "NAHRA": {"global_perc": 1.0, "local_perc": 6.03536725209729e-05}, "NAIN KALAN": {"global_perc": 1.0, "local_perc": 6.03536725209729e-05}, "NAKACHANIPAL": {"global_perc": 1.0, "local_perc": 6.03536725209729e-05}, "NALATHWAD": {"global_perc": 0.25, "local_perc": 6.03536725209729e-05}, "OBRA": {"global_perc": 1.0, "local_perc": 6.03536725209729e-05}, "OCH KHURD": {"global_perc": 1.0, "local_perc": 0.0001207073450419458}, "PANDEPURA KALA": {"global_perc": 1.0, "local_perc": 0.0001207073450419458}, "PANJAILA": {"global_perc": 0.6666666666666666, "local_perc": 0.0001207073450419458}, "PANJEHRA": {"global_perc": 0.16666666666666666, "local_perc": 6.03536725209729e-05}, "PARASANAHALLI": {"global_perc": 0.5, "local_perc": 6.03536725209729e-05}, "PATTI MULTANI": {"global_perc": 0.5, "local_perc": 6.03536725209729e-05}, "PATUKHAR": {"global_perc": 0.6, "local_perc": 0.0001810610175629187}, "PEMMANAHALLI": {"global_perc": 0.5, "local_perc": 6.03536725209729e-05}, "PHILLAUR": {"global_perc": 0.16666666666666666, "local_perc": 6.03536725209729e-05}, "POKHARIA": {"global_perc": 0.125, "local_perc": 6.03536725209729e-05}, "POWARKHALI": {"global_perc": 0.14285714285714285, "local_perc": 6.03536725209729e-05}, "PREMNAGAR": {"global_perc": 0.25, "local_perc": 6.03536725209729e-05}, "PULIYANGULAM": {"global_perc": 0.5, "local_perc": 6.03536725209729e-05}, "PULWAMA": {"global_perc": 0.16666666666666666, "local_perc": 6.03536725209729e-05}, "PURA KOTHI": {"global_perc": 0.5, "local_perc": 6.03536725209729e-05}, "PURANA JUNGA": {"global_perc": 1.0, "local_perc": 6.03536725209729e-05}, "PURANDHA": {"global_perc": 0.25, "local_perc": 6.03536725209729e-05}, "Push wari": {"global_perc": 1.0, "local_perc": 6.03536725209729e-05}, "RAKH": {"global_perc": 0.3333333333333333, "local_perc": 6.03536725209729e-05}, "RAKHOTA": {"global_perc": 0.3333333333333333, "local_perc": 6.03536725209729e-05}, "RAMNAGAR": {"global_perc": 0.019230769230769232, "local_perc": 6.03536725209729e-05}, "RANIPOKHRI": {"global_perc": 0.25, "local_perc": 6.03536725209729e-05}, "RATANARI": {"global_perc": 1.0, "local_perc": 6.03536725209729e-05}, "RAWAL BAZAR": {"global_perc": 0.16666666666666666, "local_perc": 6.03536725209729e-05}, "RAWIN BASI": {"global_perc": 0.25, "local_perc": 6.03536725209729e-05}, "RENDAMPULIKADU": {"global_perc": 0.5, "local_perc": 6.03536725209729e-05}, "REWARI": {"global_perc": 0.1, "local_perc": 6.03536725209729e-05}, "ROHELA HAJI UTTAR": {"global_perc": 0.5, "local_perc": 6.03536725209729e-05}, "ROHTAK": {"global_perc": 1.0, "local_perc": 6.03536725209729e-05}, "ROR": {"global_perc": 1.0, "local_perc": 6.03536725209729e-05}, "ROSE": {"global_perc": 0.3333333333333333, "local_perc": 6.03536725209729e-05}, "RUDAKOTA": {"global_perc": 0.2, "local_perc": 6.03536725209729e-05}, "RUDAPUR": {"global_perc": 1.0, "local_perc": 6.03536725209729e-05}, "RUDRAPUR": {"global_perc": 0.07142857142857142, "local_perc": 6.03536725209729e-05}, "RUER": {"global_perc": 1.0, "local_perc": 6.03536725209729e-05}, "SADAKAR": {"global_perc": 1.0, "local_perc": 6.03536725209729e-05}, "SAGANUR": {"global_perc": 0.5, "local_perc": 6.03536725209729e-05}, "SAGLOT": {"global_perc": 0.25, "local_perc": 6.03536725209729e-05}, "SAHRICHAK": {"global_perc": 1.0, "local_perc": 6.03536725209729e-05}, "SAKALDEEHA": {"global_perc": 0.3333333333333333, "local_perc": 6.03536725209729e-05}, "SAMAILA": {"global_perc": 0.25, "local_perc": 6.03536725209729e-05}, "SAMSALLIPUR": {"global_perc": 1.0, "local_perc": 6.03536725209729e-05}, "SARAY SHANKAR": {"global_perc": 1.0, "local_perc": 6.03536725209729e-05}, "SARDAM": {"global_perc": 0.25, "local_perc": 6.03536725209729e-05}, "SARIFABAD": {"global_perc": 0.5, "local_perc": 6.03536725209729e-05}, "SAROG": {"global_perc": 1.0, "local_perc": 6.03536725209729e-05}, "SATHIA": {"global_perc": 0.2, "local_perc": 6.03536725209729e-05}, "SATHUKUDAL (KILPATHI)": {"global_perc": 1.0, "local_perc": 6.03536725209729e-05}, "SAWAYA RAI HITHER": {"global_perc": 1.0, "local_perc": 6.03536725209729e-05}, "SEEGEHALLI": {"global_perc": 0.18181818181818182, "local_perc": 0.0001207073450419458}, "SELRAPUR": {"global_perc": 1.0, "local_perc": 6.03536725209729e-05}, "SEWAL": {"global_perc": 1.0, "local_perc": 6.03536725209729e-05}, "SHAMTHLA": {"global_perc": 1.0, "local_perc": 6.03536725209729e-05}, "SHER KHAN WALA": {"global_perc": 0.5, "local_perc": 6.03536725209729e-05}, "SHERPUR": {"global_perc": 0.043478260869565216, "local_perc": 6.03536725209729e-05}, "SHIV PUR": {"global_perc": 1.0, "local_perc": 6.03536725209729e-05}, "SHIVPUR": {"global_perc": 0.13636363636363635, "local_perc": 0.0001810610175629187}, "SOMANAKATTI": {"global_perc": 1.0, "local_perc": 6.03536725209729e-05}, "SURAPUR": {"global_perc": 0.5, "local_perc": 6.03536725209729e-05}, "TAMBA": {"global_perc": 0.5, "local_perc": 6.03536725209729e-05}, "TARNA": {"global_perc": 0.5, "local_perc": 6.03536725209729e-05}, "TETRI": {"global_perc": 0.5, "local_perc": 6.03536725209729e-05}, "THATTA": {"global_perc": 1.0, "local_perc": 6.03536725209729e-05}, "THENNERI": {"global_perc": 0.5, "local_perc": 6.03536725209729e-05}, "THIMMAPURA": {"global_perc": 0.3333333333333333, "local_perc": 0.0001207073450419458}, "THIRUMANGALAM PUDUPALAYAM": {"global_perc": 1.0, "local_perc": 6.03536725209729e-05}, "TIALI": {"global_perc": 1.0, "local_perc": 6.03536725209729e-05}, "TIKRI": {"global_perc": 0.0625, "local_perc": 6.03536725209729e-05}, "TINGHARA": {"global_perc": 1.0, "local_perc": 6.03536725209729e-05}, "TOIYAMUDA": {"global_perc": 1.0, "local_perc": 6.03536725209729e-05}, "TRILOKIPUR": {"global_perc": 0.5, "local_perc": 6.03536725209729e-05}, "UDAMANDA": {"global_perc": 1.0, "local_perc": 0.0001207073450419458}, "UKURA": {"global_perc": 1.0, "local_perc": 6.03536725209729e-05}, "URMAR": {"global_perc": 1.0, "local_perc": 6.03536725209729e-05}, "USODU": {"global_perc": 0.25, "local_perc": 0.0001207073450419458}, "VADAKATTUPATTI": {"global_perc": 1.0, "local_perc": 6.03536725209729e-05}, "VANIYANTHANGAL": {"global_perc": 1.0, "local_perc": 6.03536725209729e-05}, "VARANAVASI": {"global_perc": 0.3333333333333333, "local_perc": 6.03536725209729e-05}, "VELLALAPATTI": {"global_perc": 0.5, "local_perc": 6.03536725209729e-05}, "Velur": {"global_perc": 1.0, "local_perc": 6.03536725209729e-05}, "WAGDHARI": {"global_perc": 1.0, "local_perc": 6.03536725209729e-05}}, "partition_field": "Near_Vil_Tow_Nam_hav_Prim_School", "Vil_Nam": "Batter Gam", "Stat_Nam": "JAMMU & KASHMIR"}, {"data": [["Vet_Hos_Num", 4.0], ["Vet_Hos_Par_Med_Staf_Tot_Stren_Num", 3.0], 1.3333333333333333], "data_low": {"Stat_Nam": "West Bengal", "Vil_Nam": "Gobindapur", "Vet_Hos_Num": "4", "Vet_Hos_Par_Med_Staf_Tot_Stren_Num": "3", "id": 323851}, "data_high": {"Stat_Nam": "West Bengal", "Vil_Nam": "Gobindapur", "Vet_Hos_Num": "4", "Vet_Hos_Par_Med_Staf_Tot_Stren_Num": "3", "id": 323851}, "perc": 0.00016058452768075794, "metric": 99.99983908207285, "value_global_local": {}, "partition_field": null, "Vil_Nam": "Gobindapur", "Stat_Nam": "West Bengal"}, {"data": [["Vet_Hos_Num", 3.0], ["Vet_Hos_Par_Med_Staf_Tot_Stren_Num", 2.0], 1.5], "data_low": {"Stat_Nam": "TRIPURA", "Vil_Nam": "Majlishpur (Part)", "Vet_Hos_Num": "3", "Vet_Hos_Par_Med_Staf_Tot_Stren_Num": "2", "id": 270929}, "data_high": {"Stat_Nam": "TRIPURA", "Vil_Nam": "Majlishpur (Part)", "Vet_Hos_Num": "3", "Vet_Hos_Par_Med_Staf_Tot_Stren_Num": "2", "id": 270929}, "perc": 0.0008029226384037898, "metric": 99.9991965772656, "value_global_local": {}, "partition_field": null, "Vil_Nam": "Majlishpur (Part)", "Stat_Nam": "TRIPURA"}, {"data": [["Vet_Hos_Num", 2.0], ["Vet_Hos_Par_Med_Staf_Tot_Stren_Num", 1.0], 2.0], "data_low": {"Stat_Nam": "Punjab", "Vil_Nam": "Jatpur (323)", "Vet_Hos_Num": "2", "Vet_Hos_Par_Med_Staf_Tot_Stren_Num": "1", "id": 31343}, "data_high": {"Stat_Nam": "Punjab", "Vil_Nam": "Jatpur (323)", "Vet_Hos_Num": "2", "Vet_Hos_Par_Med_Staf_Tot_Stren_Num": "1", "id": 31343}, "perc": 0.0070657192179533505, "metric": 99.9929332806527, "value_global_local": {"BIHAR": {"global_perc": 4.456923831171725e-05, "local_perc": 0.045454545454545456}, "CHHATTISGARH": {"global_perc": 4.9686972075921695e-05, "local_perc": 0.022727272727272728}, "HARYANA": {"global_perc": 0.001023242216050285, "local_perc": 0.1590909090909091}, "KERALA": {"global_perc": 0.004911591355599214, "local_perc": 0.11363636363636363}, "MADHYA PRADESH": {"global_perc": 3.642788190080688e-05, "local_perc": 0.045454545454545456}, "Punjab": {"global_perc": 0.0003179397504172959, "local_perc": 0.09090909090909091}, "TRIPURA": {"global_perc": 0.002285714285714286, "local_perc": 0.045454545454545456}, "Tamil Nadu": {"global_perc": 0.00031291069528756495, "local_perc": 0.11363636363636363}, "UTTAR PRADESH": {"global_perc": 9.36557588926143e-05, "local_perc": 0.22727272727272727}, "West Bengal": {"global_perc": 0.0001491869312248247, "local_perc": 0.13636363636363635}}, "partition_field": "Stat_Nam", "Vil_Nam": "Jatpur (323)", "Stat_Nam": "Punjab"}, {"data": [["Vet_Hos_Num", 3.0], ["Vet_Hos_Par_Med_Staf_Tot_Stren_Num", 1.0], 3.0], "data_low": {"Stat_Nam": "Punjab", "Vil_Nam": "Chananwal (427)", "Vet_Hos_Num": "3", "Vet_Hos_Par_Med_Staf_Tot_Stren_Num": "1", "id": 39743}, "data_high": {"Stat_Nam": "Punjab", "Vil_Nam": "Chananwal (427)", "Vet_Hos_Num": "3", "Vet_Hos_Par_Med_Staf_Tot_Stren_Num": "1", "id": 39743}, "perc": 0.00016058452768075794, "metric": 99.99983741507548, "value_global_local": {}, "partition_field": null, "Vil_Nam": "Chananwal (427)", "Stat_Nam": "Punjab"}, {"data": [["Vet_Hos_Num", 10.0], ["Vet_Hos_Par_Med_Staf_Tot_Stren_Num", 1.0], 10.0], "data_low": {"Stat_Nam": "UTTAR PRADESH", "Vil_Nam": "Agai", "Vet_Hos_Num": "10", "Vet_Hos_Par_Med_Staf_Tot_Stren_Num": "1", "id": 156956}, "data_high": {"Stat_Nam": "UTTAR PRADESH", "Vil_Nam": "Agai", "Vet_Hos_Num": "10", "Vet_Hos_Par_Med_Staf_Tot_Stren_Num": "1", "id": 156956}, "perc": 0.00016058452768075794, "metric": 99.99983041368651, "value_global_local": {}, "partition_field": null, "Vil_Nam": "Agai", "Stat_Nam": "UTTAR PRADESH"}, {"data": [["Vet_Hos_Num", 1.0], ["Vet_Hos_Par_Med_Staf_Tot_Stren_Num", 0], 9999], "data_low": {"Stat_Nam": "JAMMU & KASHMIR", "Vil_Nam": "Teki Pora", "Vet_Hos_Num": "1", "Vet_Hos_Par_Med_Staf_Tot_Stren_Num": "", "id": 32}, "data_high": {"Stat_Nam": "West Bengal", "Vil_Nam": "Paschim Bhangan Mari", "Vet_Hos_Num": "8", "Vet_Hos_Par_Med_Staf_Tot_Stren_Num": "", "id": 343943}, "perc": 0.3625998635031515, "metric": 99.62743639658287, "value_global_local": {"ANDAMAN & NICOBAR ISLANDS": {"global_perc": 0.009009009009009009, "local_perc": 0.0022143489813994687}, "ASSAM": {"global_perc": 0.0004925175222580034, "local_perc": 0.005757307351638618}, "Arunachal Pradesh": {"global_perc": 0.0005367686527106817, "local_perc": 0.001328609388839681}, "BIHAR": {"global_perc": 0.0018941926282479832, "local_perc": 0.037643932683790966}, "CHHATTISGARH": {"global_perc": 0.01788730994733181, "local_perc": 0.15943312666076173}, "HIMACHAL PRADESH": {"global_perc": 0.014886418559690673, "local_perc": 0.13640389725420726}, "JAMMU & KASHMIR": {"global_perc": 0.00564626888448039, "local_perc": 0.016386182462356066}, "JHARKHAND": {"global_perc": 6.173982836327716e-05, "local_perc": 0.0008857395925597874}, "MADHYA PRADESH": {"global_perc": 0.004644554942352877, "local_perc": 0.11293179805137289}, "MANIPUR": {"global_perc": 0.0007748934521503294, "local_perc": 0.0008857395925597874}, "MIZORAM": {"global_perc": 0.01325301204819277, "local_perc": 0.00487156775907883}, "TRIPURA": {"global_perc": 0.014857142857142857, "local_perc": 0.005757307351638618}, "UTTAR PRADESH": {"global_perc": 0.005132335587315264, "local_perc": 0.24269264836138174}, "West Bengal": {"global_perc": 0.015316524939082003, "local_perc": 0.2728077945084145}}, "partition_field": "Stat_Nam", "Vil_Nam": "Teki Pora", "Stat_Nam": "JAMMU & KASHMIR"}, {"data": [["Vet_Hos_Num", 0], ["Vet_Hos_Par_Med_Staf_Tot_Stren_Num", 0], 99980001], "data_low": {"Stat_Nam": "JAMMU & KASHMIR", "Vil_Nam": "Bore", "Vet_Hos_Num": "", "Vet_Hos_Par_Med_Staf_Tot_Stren_Num": "", "id": 0}, "data_high": {"Stat_Nam": "JAMMU & KASHMIR", "Vil_Nam": "Palmar", "Vet_Hos_Num": "Vet_Num", "Vet_Hos_Par_Med_Staf_Tot_Stren_Num": "Vet_pst", "id": 4582}, "perc": 94.94704725199728, "metric": 9.496603951023893e-07, "value_global_local": {"null": {"global_perc": 0.9494704725199727, "local_perc": 1.0}}, "partition_field": "Dist_Other", "Vil_Nam": "Bore", "Stat_Nam": "JAMMU & KASHMIR"}]