[{"data": [["Mat_An_Chil_Wel_Cen_Num", 0], ["Mat_An_Chil_Wel_Cen_Par_Med_Staf_Tot_Stren_Num", 1.0], 0.0], "data_low": {"Stat_Nam": "Punjab", "Vil_Nam": "Bathoi Khurd  (24)", "Mat_An_Chil_Wel_Cen_Num": "", "Mat_An_Chil_Wel_Cen_Par_Med_Staf_Tot_Stren_Num": "1", "id": 36453}, "data_high": {"Stat_Nam": "JAMMU & KASHMIR", "Vil_Nam": "Bajpur", "Mat_An_Chil_Wel_Cen_Num": "1", "Mat_An_Chil_Wel_Cen_Par_Med_Staf_Tot_Stren_Num": "40", "id": 6292}, "perc": 0.02119715765386005, "metric": 99.97880384233416, "value_global_local": {"ANDAMAN & NICOBAR ISLANDS": {"global_perc": 0.0036036036036036037, "local_perc": 0.015151515151515152}, "Arunachal Pradesh": {"global_perc": 0.0001789228842368939, "local_perc": 0.007575757575757576}, "BIHAR": {"global_perc": 0.0002451308107144449, "local_perc": 0.08333333333333333}, "GOA": {"global_perc": 0.0029940119760479044, "local_perc": 0.007575757575757576}, "HIMACHAL PRADESH": {"global_perc": 4.833252779120348e-05, "local_perc": 0.007575757575757576}, "JAMMU & KASHMIR": {"global_perc": 0.0015260186174271325, "local_perc": 0.07575757575757576}, "JHARKHAND": {"global_perc": 6.173982836327716e-05, "local_perc": 0.015151515151515152}, "KARNATAKA": {"global_perc": 0.00027266530334015, "local_perc": 0.06060606060606061}, "MADHYA PRADESH": {"global_perc": 9.106970475201719e-05, "local_perc": 0.03787878787878788}, "MIZORAM": {"global_perc": 0.0012048192771084338, "local_perc": 0.007575757575757576}, "PUDUCHERRY": {"global_perc": 0.18888888888888888, "local_perc": 0.12878787878787878}, "Punjab": {"global_perc": 7.948493760432397e-05, "local_perc": 0.007575757575757576}, "RAJASTHAN": {"global_perc": 0.00040293696275071634, "local_perc": 0.13636363636363635}, "SIKKIM": {"global_perc": 0.0066518847006651885, "local_perc": 0.022727272727272728}, "TRIPURA": {"global_perc": 0.005714285714285714, "local_perc": 0.03787878787878788}, "UTTAR PRADESH": {"global_perc": 0.0001873115177852286, "local_perc": 0.15151515151515152}, "UTTARAKHAND": {"global_perc": 0.0003572917286964807, "local_perc": 0.045454545454545456}, "West Bengal": {"global_perc": 0.0004972897707494157, "local_perc": 0.15151515151515152}}, "partition_field": "Stat_Nam", "Vil_Nam": "Bathoi Khurd  (24)", "Stat_Nam": "Punjab"}, {"data": [["Mat_An_Chil_Wel_Cen_Num", 1.0], ["Mat_An_Chil_Wel_Cen_Par_Med_Staf_Tot_Stren_Num", 9.0], 0.1111111111111111], "data_low": {"Stat_Nam": "Punjab", "Vil_Nam": "Katani Kalan (212)", "Mat_An_Chil_Wel_Cen_Num": "1", "Mat_An_Chil_Wel_Cen_Par_Med_Staf_Tot_Stren_Num": "9", "id": 33180}, "data_high": {"Stat_Nam": "PUDUCHERRY", "Vil_Nam": "Katteri", "Mat_An_Chil_Wel_Cen_Num": "2", "Mat_An_Chil_Wel_Cen_Par_Med_Staf_Tot_Stren_Num": "15", "id": 622088}, "perc": 0.19302260227227105, "metric": 99.80697828507834, "value_global_local": {"ANDAMAN & NICOBAR ISLANDS": {"global_perc": 0.0018018018018018018, "local_perc": 0.0008319467554076539}, "ASSAM": {"global_perc": 0.0004546315590073878, "local_perc": 0.009983361064891847}, "Arunachal Pradesh": {"global_perc": 0.0001789228842368939, "local_perc": 0.0008319467554076539}, "BIHAR": {"global_perc": 0.00227303115389758, "local_perc": 0.08485856905158069}, "CHHATTISGARH": {"global_perc": 4.9686972075921695e-05, "local_perc": 0.0008319467554076539}, "Dadra & Nagar Haveli": {"global_perc": 0.03076923076923077, "local_perc": 0.0016638935108153079}, "HARYANA": {"global_perc": 0.000438532378307265, "local_perc": 0.0024958402662229617}, "HIMACHAL PRADESH": {"global_perc": 4.833252779120348e-05, "local_perc": 0.0008319467554076539}, "JAMMU & KASHMIR": {"global_perc": 0.003357240958339692, "local_perc": 0.018302828618968387}, "JHARKHAND": {"global_perc": 0.0007408779403593258, "local_perc": 0.019966722129783693}, "KARNATAKA": {"global_perc": 0.023858214042263123, "local_perc": 0.5823627287853578}, "MADHYA PRADESH": {"global_perc": 0.0013660455712802579, "local_perc": 0.06239600665557404}, "MANIPUR": {"global_perc": 0.001162340178225494, "local_perc": 0.0024958402662229617}, "NAGALAND": {"global_perc": 0.0014005602240896359, "local_perc": 0.0016638935108153079}, "ODISHA": {"global_perc": 0.00011692943308713192, "local_perc": 0.004991680532445923}, "PUDUCHERRY": {"global_perc": 0.1, "local_perc": 0.0074875207986688855}, "Punjab": {"global_perc": 0.0022255782529210714, "local_perc": 0.02329450915141431}, "RAJASTHAN": {"global_perc": 0.0008282593123209169, "local_perc": 0.030782029950083195}, "SIKKIM": {"global_perc": 0.013303769401330377, "local_perc": 0.004991680532445923}, "TRIPURA": {"global_perc": 0.010285714285714285, "local_perc": 0.0074875207986688855}, "Tamil Nadu": {"global_perc": 0.0006884035296326428, "local_perc": 0.009151414309484194}, "UTTAR PRADESH": {"global_perc": 0.0009833854683724502, "local_perc": 0.08735440931780367}, "UTTARAKHAND": {"global_perc": 0.0010123265646400286, "local_perc": 0.014143094841930116}, "West Bengal": {"global_perc": 0.0006216122134367696, "local_perc": 0.020798668885191347}}, "partition_field": "Stat_Nam", "Vil_Nam": "Katani Kalan (212)", "Stat_Nam": "Punjab"}, {"data": [["Mat_An_Chil_Wel_Cen_Num", 2.0], ["Mat_An_Chil_Wel_Cen_Par_Med_Staf_Tot_Stren_Num", 9.0], 0.2222222222222222], "data_low": {"Stat_Nam": "JAMMU & KASHMIR", "Vil_Nam": "Mugal Pora", "Mat_An_Chil_Wel_Cen_Num": "1", "Mat_An_Chil_Wel_Cen_Par_Med_Staf_Tot_Stren_Num": "4", "id": 104}, "data_high": {"Stat_Nam": "UTTAR PRADESH", "Vil_Nam": "Balhia Kalan", "Mat_An_Chil_Wel_Cen_Num": "4", "Mat_An_Chil_Wel_Cen_Par_Med_Staf_Tot_Stren_Num": "17", "id": 210773}, "perc": 0.13906620097153638, "metric": 99.86093457587998, "value_global_local": {"ASSAM": {"global_perc": 0.0004925175222580034, "local_perc": 0.015011547344110854}, "Arunachal Pradesh": {"global_perc": 0.0003578457684737878, "local_perc": 0.0023094688221709007}, "BIHAR": {"global_perc": 0.0023398850113651557, "local_perc": 0.12124711316397228}, "HARYANA": {"global_perc": 0.000730887297178775, "local_perc": 0.005773672055427252}, "HIMACHAL PRADESH": {"global_perc": 0.00019333011116481392, "local_perc": 0.004618937644341801}, "JAMMU & KASHMIR": {"global_perc": 0.0032046390965969787, "local_perc": 0.02424942263279446}, "JHARKHAND": {"global_perc": 0.0012039266530839044, "local_perc": 0.04503464203233257}, "KARNATAKA": {"global_perc": 0.009304703476482618, "local_perc": 0.31524249422632794}, "MADHYA PRADESH": {"global_perc": 0.0015299710398338888, "local_perc": 0.09699769053117784}, "MANIPUR": {"global_perc": 0.0003874467260751647, "local_perc": 0.0011547344110854503}, "MIZORAM": {"global_perc": 0.0024096385542168677, "local_perc": 0.0023094688221709007}, "ODISHA": {"global_perc": 0.0006236236431313702, "local_perc": 0.03695150115473441}, "Punjab": {"global_perc": 0.002543518003338367, "local_perc": 0.03695150115473441}, "RAJASTHAN": {"global_perc": 0.0005148638968481375, "local_perc": 0.026558891454965358}, "SIKKIM": {"global_perc": 0.004434589800443459, "local_perc": 0.0023094688221709007}, "TRIPURA": {"global_perc": 0.002285714285714286, "local_perc": 0.0023094688221709007}, "Tamil Nadu": {"global_perc": 0.0008761499468051818, "local_perc": 0.016166281755196306}, "UTTAR PRADESH": {"global_perc": 0.0015172232940603519, "local_perc": 0.18706697459584296}, "UTTARAKHAND": {"global_perc": 0.001190972428988269, "local_perc": 0.023094688221709007}, "West Bengal": {"global_perc": 0.0007459346561241235, "local_perc": 0.03464203233256351}}, "partition_field": "Stat_Nam", "Vil_Nam": "Bhai Bakhtour (24)", "Stat_Nam": "Punjab"}, {"data": [["Mat_An_Chil_Wel_Cen_Num", 1.0], ["Mat_An_Chil_Wel_Cen_Par_Med_Staf_Tot_Stren_Num", 3.0], 0.3333333333333333], "data_low": {"Stat_Nam": "JAMMU & KASHMIR", "Vil_Nam": "Dard Pora", "Mat_An_Chil_Wel_Cen_Num": "1", "Mat_An_Chil_Wel_Cen_Par_Med_Staf_Tot_Stren_Num": "3", "id": 83}, "data_high": {"Stat_Nam": "UTTAR PRADESH", "Vil_Nam": "Jagdishpur Upraudh", "Mat_An_Chil_Wel_Cen_Num": "7", "Mat_An_Chil_Wel_Cen_Par_Med_Staf_Tot_Stren_Num": "17", "id": 210776}, "perc": 1.2035810349672809, "metric": 98.79641962380725, "value_global_local": {"": {"global_perc": 0.014298933723443878, "local_perc": 0.9937291527685124}, "BACHAHALLI": {"global_perc": 1.0, "local_perc": 0.000133422281521014}, "BADETH MALLA": {"global_perc": 1.0, "local_perc": 0.000133422281521014}, "BADIWALA": {"global_perc": 1.0, "local_perc": 0.000133422281521014}, "BAHERAKHAL": {"global_perc": 0.5, "local_perc": 0.000133422281521014}, "BHALUKAGURI": {"global_perc": 1.0, "local_perc": 0.000133422281521014}, "BHUMAL GADI": {"global_perc": 1.0, "local_perc": 0.000133422281521014}, "CHINDALU": {"global_perc": 1.0, "local_perc": 0.000133422281521014}, "CHIRKUWEDA": {"global_perc": 1.0, "local_perc": 0.000133422281521014}, "DEVIDALI": {"global_perc": 1.0, "local_perc": 0.000133422281521014}, "DHNGULI": {"global_perc": 1.0, "local_perc": 0.000133422281521014}, "DUIKASAI": {"global_perc": 1.0, "local_perc": 0.000133422281521014}, "DUNGRI MALLI": {"global_perc": 0.5, "local_perc": 0.000133422281521014}, "GAJODIH": {"global_perc": 1.0, "local_perc": 0.000133422281521014}, "GHURET": {"global_perc": 1.0, "local_perc": 0.000133422281521014}, "GOVINDAMPALAYAM": {"global_perc": 0.5, "local_perc": 0.000133422281521014}, "GUMMIDIPOONDI": {"global_perc": 0.5, "local_perc": 0.000133422281521014}, "HIDAYATPUR": {"global_perc": 0.3333333333333333, "local_perc": 0.000133422281521014}, "JHANJIDIH": {"global_perc": 1.0, "local_perc": 0.000133422281521014}, "KAKWARA": {"global_perc": 1.0, "local_perc": 0.000133422281521014}, "KANDA MALLA": {"global_perc": 0.3333333333333333, "local_perc": 0.000133422281521014}, "KHIRAIRIKHAL": {"global_perc": 0.2, "local_perc": 0.000133422281521014}, "KOTTARAM": {"global_perc": 1.0, "local_perc": 0.000133422281521014}, "KUKURBAGHI": {"global_perc": 0.0625, "local_perc": 0.000133422281521014}, "KULLATHILVAI": {"global_perc": 0.3333333333333333, "local_perc": 0.000133422281521014}, "KUMIZHI": {"global_perc": 1.0, "local_perc": 0.000133422281521014}, "KUTU PUR": {"global_perc": 1.0, "local_perc": 0.000133422281521014}, "LALGANJ": {"global_perc": 0.04, "local_perc": 0.000133422281521014}, "MAJIRABAD": {"global_perc": 1.0, "local_perc": 0.000133422281521014}, "MANHE": {"global_perc": 1.0, "local_perc": 0.000133422281521014}, "MELPAKKAM": {"global_perc": 0.5, "local_perc": 0.000133422281521014}, "N.A.": {"global_perc": 9.471490812653911e-05, "local_perc": 0.000133422281521014}, "NAGLA BANWARI": {"global_perc": 1.0, "local_perc": 0.000133422281521014}, "NAUGAON": {"global_perc": 0.125, "local_perc": 0.000133422281521014}, "NERIGAM": {"global_perc": 1.0, "local_perc": 0.000133422281521014}, "NIWADA": {"global_perc": 1.0, "local_perc": 0.000133422281521014}, "PACHAI JAGDISH": {"global_perc": 0.5, "local_perc": 0.000133422281521014}, "PERIYAKULAM": {"global_perc": 1.0, "local_perc": 0.000133422281521014}, "PREMNAGAR": {"global_perc": 0.25, "local_perc": 0.000133422281521014}, "PULSIYA": {"global_perc": 1.0, "local_perc": 0.000133422281521014}, "RINGWARI": {"global_perc": 0.3333333333333333, "local_perc": 0.000133422281521014}, "SALEM PUR": {"global_perc": 0.5, "local_perc": 0.000133422281521014}, "SERIYA DHAR": {"global_perc": 0.5, "local_perc": 0.000133422281521014}, "SIRUVADI": {"global_perc": 1.0, "local_perc": 0.000133422281521014}, "SUNKA": {"global_perc": 1.0, "local_perc": 0.000133422281521014}, "THAGACHAGERE": {"global_perc": 1.0, "local_perc": 0.000133422281521014}, "THIRUMANAVAYAL": {"global_perc": 0.5, "local_perc": 0.000133422281521014}, "TINSUKIA": {"global_perc": 0.5, "local_perc": 0.000133422281521014}}, "partition_field": "Near_Vil_Tow_Nam_hav_Prim_School", "Vil_Nam": "Dard Pora", "Stat_Nam": "JAMMU & KASHMIR"}, {"data": [["Mat_An_Chil_Wel_Cen_Num", 4.0], ["Mat_An_Chil_Wel_Cen_Par_Med_Staf_Tot_Stren_Num", 9.0], 0.4444444444444444], "data_low": {"Stat_Nam": "JAMMU & KASHMIR", "Vil_Nam": "Gundi Zuni Reshi", "Mat_An_Chil_Wel_Cen_Num": "1", "Mat_An_Chil_Wel_Cen_Par_Med_Staf_Tot_Stren_Num": "2", "id": 86}, "data_high": {"Stat_Nam": "West Bengal", "Vil_Nam": "Naoda", "Mat_An_Chil_Wel_Cen_Num": "6", "Mat_An_Chil_Wel_Cen_Par_Med_Staf_Tot_Stren_Num": "12", "id": 311123}, "perc": 1.0784856879039704, "metric": 98.92151486176994, "value_global_local": {"ANDAMAN & NICOBAR ISLANDS": {"global_perc": 0.005405405405405406, "local_perc": 0.0004466944609886837}, "ASSAM": {"global_perc": 0.0008334911915135442, "local_perc": 0.003275759380583681}, "Arunachal Pradesh": {"global_perc": 0.003578457684737878, "local_perc": 0.0029779630732578916}, "BIHAR": {"global_perc": 0.046641707893212106, "local_perc": 0.3116438356164384}, "CHHATTISGARH": {"global_perc": 0.008695220113286297, "local_perc": 0.02605717689100655}, "DAMAN & DIU": {"global_perc": 0.05263157894736842, "local_perc": 0.0001488981536628946}, "GOA": {"global_perc": 0.005988023952095809, "local_perc": 0.0002977963073257892}, "HARYANA": {"global_perc": 0.009501534863324076, "local_perc": 0.009678379988088147}, "HIMACHAL PRADESH": {"global_perc": 0.002706621556307395, "local_perc": 0.008338296605122097}, "JAMMU & KASHMIR": {"global_perc": 0.005493667022737677, "local_perc": 0.005360333531864205}, "JHARKHAND": {"global_perc": 0.005124405754152003, "local_perc": 0.0247170935080405}, "KARNATAKA": {"global_perc": 0.013701431492842536, "local_perc": 0.059857057772483624}, "KERALA": {"global_perc": 0.6660117878192534, "local_perc": 0.10095294818344253}, "MADHYA PRADESH": {"global_perc": 0.004517057355700052, "local_perc": 0.03692674210839786}, "MIZORAM": {"global_perc": 0.006024096385542169, "local_perc": 0.0007444907683144729}, "NAGALAND": {"global_perc": 0.0014005602240896359, "local_perc": 0.0002977963073257892}, "ODISHA": {"global_perc": 0.0039950889638103405, "local_perc": 0.03052412150089339}, "PUDUCHERRY": {"global_perc": 0.06666666666666667, "local_perc": 0.0008933889219773674}, "Punjab": {"global_perc": 0.013273984579922104, "local_perc": 0.024865991661703394}, "SIKKIM": {"global_perc": 0.015521064301552107, "local_perc": 0.001042287075640262}, "TRIPURA": {"global_perc": 0.024, "local_perc": 0.0031268612269207863}, "Tamil Nadu": {"global_perc": 0.015332624069090682, "local_perc": 0.03648004764740917}, "UTTAR PRADESH": {"global_perc": 0.01341150467342237, "local_perc": 0.21322215604526504}, "UTTARAKHAND": {"global_perc": 0.01036146013219794, "local_perc": 0.025908278737343658}, "West Bengal": {"global_perc": 0.01205927694067333, "local_perc": 0.07221560452650387}}, "partition_field": "Stat_Nam", "Vil_Nam": "Rasulpur Kalan (169)", "Stat_Nam": "Punjab"}, {"data": [["Mat_An_Chil_Wel_Cen_Num", 4.0], ["Mat_An_Chil_Wel_Cen_Par_Med_Staf_Tot_Stren_Num", 7.0], 0.5714285714285714], "data_low": {"Stat_Nam": "JAMMU & KASHMIR", "Vil_Nam": "Thanole", "Mat_An_Chil_Wel_Cen_Num": "2", "Mat_An_Chil_Wel_Cen_Par_Med_Staf_Tot_Stren_Num": "3", "id": 5140}, "data_high": {"Stat_Nam": "Punjab", "Vil_Nam": "Janal (118)", "Mat_An_Chil_Wel_Cen_Num": "4", "Mat_An_Chil_Wel_Cen_Par_Med_Staf_Tot_Stren_Num": "7", "id": 39578}, "perc": 0.0030511060259344014, "metric": 99.99694932261814, "value_global_local": {}, "partition_field": null, "Vil_Nam": "Janal (118)", "Stat_Nam": "Punjab"}, {"data": [["Mat_An_Chil_Wel_Cen_Num", 1.0], ["Mat_An_Chil_Wel_Cen_Par_Med_Staf_Tot_Stren_Num", 1.0], 1.0], "data_low": {"Stat_Nam": "JAMMU & KASHMIR", "Vil_Nam": "Solina", "Mat_An_Chil_Wel_Cen_Num": "1", "Mat_An_Chil_Wel_Cen_Par_Med_Staf_Tot_Stren_Num": "1", "id": 73}, "data_high": {"Stat_Nam": "West Bengal", "Vil_Nam": "Dariapur", "Mat_An_Chil_Wel_Cen_Num": "7", "Mat_An_Chil_Wel_Cen_Par_Med_Staf_Tot_Stren_Num": "7", "id": 321411}, "perc": 2.3257457144004174, "metric": 97.67425428559959, "value_global_local": {"": {"global_perc": 0.02474667772491831, "local_perc": 0.8900089760408755}, "0": {"global_perc": 0.04, "local_perc": 6.904646827314783e-05}, "ABBASPUR": {"global_perc": 1.0, "local_perc": 6.904646827314783e-05}, "ADHAKARI": {"global_perc": 1.0, "local_perc": 6.904646827314783e-05}, "AGARBARH": {"global_perc": 1.0, "local_perc": 6.904646827314783e-05}, "AHIRAULI": {"global_perc": 0.058823529411764705, "local_perc": 6.904646827314783e-05}, "AHMEDPUR": {"global_perc": 0.3333333333333333, "local_perc": 6.904646827314783e-05}, "AJORPUR": {"global_perc": 1.0, "local_perc": 6.904646827314783e-05}, "AKANII": {"global_perc": 1.0, "local_perc": 6.904646827314783e-05}, "AKDONI KALAN": {"global_perc": 1.0, "local_perc": 6.904646827314783e-05}, "AKHTIYARPUR": {"global_perc": 0.3333333333333333, "local_perc": 6.904646827314783e-05}, "ALABALPUR": {"global_perc": 0.5, "local_perc": 6.904646827314783e-05}, "ALAMGARH": {"global_perc": 1.0, "local_perc": 6.904646827314783e-05}, "AMANPUR": {"global_perc": 0.3333333333333333, "local_perc": 6.904646827314783e-05}, "AMARPUR": {"global_perc": 0.06666666666666667, "local_perc": 6.904646827314783e-05}, "AMAUNA": {"global_perc": 0.2, "local_perc": 6.904646827314783e-05}, "AMAV": {"global_perc": 1.0, "local_perc": 6.904646827314783e-05}, "AMDARI": {"global_perc": 0.6666666666666666, "local_perc": 0.00013809293654629565}, "AMRDHAHA CHARAN": {"global_perc": 1.0, "local_perc": 6.904646827314783e-05}, "AMROH": {"global_perc": 0.1, "local_perc": 6.904646827314783e-05}, "ANAI": {"global_perc": 0.5, "local_perc": 6.904646827314783e-05}, "ANANDPUR": {"global_perc": 0.2, "local_perc": 6.904646827314783e-05}, "ANDAOUR": {"global_perc": 1.0, "local_perc": 0.00013809293654629565}, "ANDRANA": {"global_perc": 0.5, "local_perc": 6.904646827314783e-05}, "ANEAI": {"global_perc": 1.0, "local_perc": 6.904646827314783e-05}, "APAYAL": {"global_perc": 1.0, "local_perc": 6.904646827314783e-05}, "APPAL": {"global_perc": 1.0, "local_perc": 6.904646827314783e-05}, "ARASUR": {"global_perc": 0.25, "local_perc": 6.904646827314783e-05}, "ARIHAULI": {"global_perc": 1.0, "local_perc": 6.904646827314783e-05}, "ASOUTA": {"global_perc": 0.5, "local_perc": 6.904646827314783e-05}, "ATAR MUNAN KAR": {"global_perc": 1.0, "local_perc": 6.904646827314783e-05}, "ATHILA": {"global_perc": 1.0, "local_perc": 6.904646827314783e-05}, "AWAYA": {"global_perc": 1.0, "local_perc": 6.904646827314783e-05}, "AYAR": {"global_perc": 0.5, "local_perc": 6.904646827314783e-05}, "AYODHYAPUR": {"global_perc": 1.0, "local_perc": 6.904646827314783e-05}, "Amonggre": {"global_perc": 0.25, "local_perc": 6.904646827314783e-05}, "B.B.NAGAR": {"global_perc": 0.5, "local_perc": 6.904646827314783e-05}, "BABHANI": {"global_perc": 0.010416666666666666, "local_perc": 0.00013809293654629565}, "BABHNAULI": {"global_perc": 0.16666666666666666, "local_perc": 6.904646827314783e-05}, "BADAGAON": {"global_perc": 0.16666666666666666, "local_perc": 6.904646827314783e-05}, "BADDAMAFI": {"global_perc": 1.0, "local_perc": 6.904646827314783e-05}, "BADGAON": {"global_perc": 0.16666666666666666, "local_perc": 6.904646827314783e-05}, "BADGIRI": {"global_perc": 1.0, "local_perc": 6.904646827314783e-05}, "BADHAINI KHURD": {"global_perc": 1.0, "local_perc": 0.00013809293654629565}, "BADLOLPUR": {"global_perc": 1.0, "local_perc": 6.904646827314783e-05}, "BADSARI": {"global_perc": 1.0, "local_perc": 0.0002071394048194435}, "BAGDA": {"global_perc": 0.5, "local_perc": 6.904646827314783e-05}, "BAGHAULI": {"global_perc": 0.6666666666666666, "local_perc": 0.00013809293654629565}, "BAGHAW": {"global_perc": 1.0, "local_perc": 6.904646827314783e-05}, "BAGHIYA": {"global_perc": 1.0, "local_perc": 6.904646827314783e-05}, "BAGHUAL": {"global_perc": 1.0, "local_perc": 6.904646827314783e-05}, "BAGNAGAR": {"global_perc": 1.0, "local_perc": 6.904646827314783e-05}, "BAHADURPUR": {"global_perc": 0.023809523809523808, "local_perc": 6.904646827314783e-05}, "BAHARAGORA": {"global_perc": 0.125, "local_perc": 6.904646827314783e-05}, "BAHARAICH": {"global_perc": 1.0, "local_perc": 6.904646827314783e-05}, "BAHARPUR": {"global_perc": 0.2, "local_perc": 6.904646827314783e-05}, "BAHDURA": {"global_perc": 1.0, "local_perc": 6.904646827314783e-05}, "BAHORANPUR": {"global_perc": 0.5, "local_perc": 6.904646827314783e-05}, "BAHUARA": {"global_perc": 0.14285714285714285, "local_perc": 6.904646827314783e-05}, "BAHUTACHAK UPADHYAY": {"global_perc": 1.0, "local_perc": 6.904646827314783e-05}, "BAIJALPUR": {"global_perc": 0.5, "local_perc": 6.904646827314783e-05}, "BAIJPUR": {"global_perc": 0.3333333333333333, "local_perc": 6.904646827314783e-05}, "BAIKUNTH PUR": {"global_perc": 0.25, "local_perc": 6.904646827314783e-05}, "BAJIPUR": {"global_perc": 1.0, "local_perc": 6.904646827314783e-05}, "BAKAMI": {"global_perc": 1.0, "local_perc": 6.904646827314783e-05}, "BAKAR PUR": {"global_perc": 1.0, "local_perc": 6.904646827314783e-05}, "BAKARKUNDA": {"global_perc": 1.0, "local_perc": 6.904646827314783e-05}, "BAKWA": {"global_perc": 1.0, "local_perc": 0.00013809293654629565}, "BALEJI": {"global_perc": 1.0, "local_perc": 6.904646827314783e-05}, "BALEUR": {"global_perc": 1.0, "local_perc": 6.904646827314783e-05}, "BALIPUR": {"global_perc": 0.14285714285714285, "local_perc": 6.904646827314783e-05}, "BALKPDI": {"global_perc": 1.0, "local_perc": 6.904646827314783e-05}, "BALLAGAN": {"global_perc": 1.0, "local_perc": 6.904646827314783e-05}, "BALLIA": {"global_perc": 0.5, "local_perc": 6.904646827314783e-05}, "BALRAMPUR": {"global_perc": 0.1, "local_perc": 6.904646827314783e-05}, "BALUA": {"global_perc": 0.07142857142857142, "local_perc": 6.904646827314783e-05}, "BAMBOOFLAT": {"global_perc": 1.0, "local_perc": 6.904646827314783e-05}, "BANDHERSHOL": {"global_perc": 1.0, "local_perc": 6.904646827314783e-05}, "BANDHROUTA": {"global_perc": 1.0, "local_perc": 6.904646827314783e-05}, "BANE DI HATTI": {"global_perc": 0.14285714285714285, "local_perc": 6.904646827314783e-05}, "BANGA": {"global_perc": 0.5, "local_perc": 6.904646827314783e-05}, "BANGRA": {"global_perc": 0.3333333333333333, "local_perc": 0.00013809293654629565}, "BANHARA": {"global_perc": 0.5, "local_perc": 6.904646827314783e-05}, "BANIA CHHAPAR": {"global_perc": 0.4, "local_perc": 0.00013809293654629565}, "BANKAT": {"global_perc": 0.4, "local_perc": 0.00013809293654629565}, "BANKATI": {"global_perc": 0.1, "local_perc": 6.904646827314783e-05}, "BANKI": {"global_perc": 0.1, "local_perc": 6.904646827314783e-05}, "BANSDIH": {"global_perc": 1.0, "local_perc": 0.0006904646827314782}, "BAR": {"global_perc": 0.16666666666666666, "local_perc": 6.904646827314783e-05}, "BARA BOARIJOR": {"global_perc": 1.0, "local_perc": 0.00013809293654629565}, "BARABARU": {"global_perc": 1.0, "local_perc": 0.0002071394048194435}, "BARDIH": {"global_perc": 0.16666666666666666, "local_perc": 6.904646827314783e-05}, "BARDIKANPUR": {"global_perc": 1.0, "local_perc": 6.904646827314783e-05}, "BARDIYA": {"global_perc": 0.3333333333333333, "local_perc": 6.904646827314783e-05}, "BARGADAHA": {"global_perc": 1.0, "local_perc": 6.904646827314783e-05}, "BARHUCHA": {"global_perc": 1.0, "local_perc": 6.904646827314783e-05}, "BARIYAPUR": {"global_perc": 1.0, "local_perc": 6.904646827314783e-05}, "BARIYARPUR": {"global_perc": 0.3333333333333333, "local_perc": 6.904646827314783e-05}, "BARKABARAN": {"global_perc": 1.0, "local_perc": 6.904646827314783e-05}, "BARKABARU": {"global_perc": 1.0, "local_perc": 6.904646827314783e-05}, "BARMANDA": {"global_perc": 0.3333333333333333, "local_perc": 6.904646827314783e-05}, "BARNAG BASANTPUR": {"global_perc": 1.0, "local_perc": 6.904646827314783e-05}, "BARTHRAKALA": {"global_perc": 1.0, "local_perc": 6.904646827314783e-05}, "BARYADI KHUDAI": {"global_perc": 1.0, "local_perc": 6.904646827314783e-05}, "BASANT PUR": {"global_perc": 0.75, "local_perc": 0.0002071394048194435}, "BASANTPUR": {"global_perc": 0.02564102564102564, "local_perc": 6.904646827314783e-05}, "BASANTPURA": {"global_perc": 1.0, "local_perc": 6.904646827314783e-05}, "BASBARIYA": {"global_perc": 1.0, "local_perc": 6.904646827314783e-05}, "BASDIH": {"global_perc": 0.08333333333333333, "local_perc": 6.904646827314783e-05}, "BASRIK": {"global_perc": 1.0, "local_perc": 6.904646827314783e-05}, "BASUDEVA": {"global_perc": 1.0, "local_perc": 6.904646827314783e-05}, "BASUDEWPUR": {"global_perc": 1.0, "local_perc": 6.904646827314783e-05}, "BASVAN": {"global_perc": 1.0, "local_perc": 6.904646827314783e-05}, "BATAULI": {"global_perc": 0.3333333333333333, "local_perc": 6.904646827314783e-05}, "BATIJODA": {"global_perc": 0.25, "local_perc": 6.904646827314783e-05}, "BAUMIH": {"global_perc": 1.0, "local_perc": 6.904646827314783e-05}, "BAUSI": {"global_perc": 0.5, "local_perc": 6.904646827314783e-05}, "BEDIA": {"global_perc": 0.5, "local_perc": 6.904646827314783e-05}, "BEGUNIA": {"global_perc": 0.5, "local_perc": 6.904646827314783e-05}, "BELASI PAH": {"global_perc": 1.0, "local_perc": 6.904646827314783e-05}, "BELBARI": {"global_perc": 0.5, "local_perc": 6.904646827314783e-05}, "BELPAHARI": {"global_perc": 0.2, "local_perc": 6.904646827314783e-05}, "BELSARI": {"global_perc": 0.5, "local_perc": 6.904646827314783e-05}, "BELSRA": {"global_perc": 1.0, "local_perc": 6.904646827314783e-05}, "BELTHARA ROAD": {"global_perc": 0.3333333333333333, "local_perc": 6.904646827314783e-05}, "BELTHRA ROAD": {"global_perc": 1.0, "local_perc": 0.000414278809638887}, "BELWARIA": {"global_perc": 1.0, "local_perc": 6.904646827314783e-05}, "BELWARIYA": {"global_perc": 1.0, "local_perc": 6.904646827314783e-05}, "BERIYA": {"global_perc": 0.5, "local_perc": 0.00013809293654629565}, "BERU AKHARI": {"global_perc": 1.0, "local_perc": 6.904646827314783e-05}, "BETU QUADIM": {"global_perc": 1.0, "local_perc": 6.904646827314783e-05}, "BHAGIPUR": {"global_perc": 0.5, "local_perc": 6.904646827314783e-05}, "BHAIRITAR": {"global_perc": 1.0, "local_perc": 6.904646827314783e-05}, "BHAIYADIH": {"global_perc": 1.0, "local_perc": 6.904646827314783e-05}, "BHALUHA": {"global_perc": 0.3333333333333333, "local_perc": 6.904646827314783e-05}, "BHANPURKHA": {"global_perc": 1.0, "local_perc": 6.904646827314783e-05}, "BHARAHATHA": {"global_perc": 1.0, "local_perc": 6.904646827314783e-05}, "BHARAT PUR": {"global_perc": 0.5, "local_perc": 6.904646827314783e-05}, "BHARATPUR": {"global_perc": 0.05263157894736842, "local_perc": 6.904646827314783e-05}, "BHARAULI": {"global_perc": 0.23076923076923078, "local_perc": 0.0002071394048194435}, "BHARBHAWAN": {"global_perc": 1.0, "local_perc": 6.904646827314783e-05}, "BHARUI": {"global_perc": 1.0, "local_perc": 6.904646827314783e-05}, "BHATAULI": {"global_perc": 0.1111111111111111, "local_perc": 6.904646827314783e-05}, "BHATOLI": {"global_perc": 0.1111111111111111, "local_perc": 6.904646827314783e-05}, "BHATWACHAK": {"global_perc": 1.0, "local_perc": 6.904646827314783e-05}, "BHAUPUR": {"global_perc": 0.2, "local_perc": 6.904646827314783e-05}, "BHAVANIPUR": {"global_perc": 0.3333333333333333, "local_perc": 6.904646827314783e-05}, "BHAWANIPUR": {"global_perc": 0.13333333333333333, "local_perc": 0.00013809293654629565}, "BHAWARNA": {"global_perc": 0.5, "local_perc": 0.00013809293654629565}, "BHEJRIYA": {"global_perc": 1.0, "local_perc": 6.904646827314783e-05}, "BHELKHA": {"global_perc": 0.5, "local_perc": 6.904646827314783e-05}, "BHELWA": {"global_perc": 0.25, "local_perc": 6.904646827314783e-05}, "BHIKHAMPUR": {"global_perc": 0.16666666666666666, "local_perc": 6.904646827314783e-05}, "BHIKHARIPUR": {"global_perc": 0.2, "local_perc": 6.904646827314783e-05}, "BHIKHPUR": {"global_perc": 0.5, "local_perc": 6.904646827314783e-05}, "BHIMPUR": {"global_perc": 0.3076923076923077, "local_perc": 0.0002761858730925913}, "BHIMPURA": {"global_perc": 1.0, "local_perc": 6.904646827314783e-05}, "BHIND LAKHAN": {"global_perc": 1.0, "local_perc": 6.904646827314783e-05}, "BHIPAIRA": {"global_perc": 1.0, "local_perc": 6.904646827314783e-05}, "BHITI": {"global_perc": 0.2857142857142857, "local_perc": 0.00013809293654629565}, "BHITLU": {"global_perc": 0.3333333333333333, "local_perc": 6.904646827314783e-05}, "BHOJPUR": {"global_perc": 0.07142857142857142, "local_perc": 6.904646827314783e-05}, "BHOJPURWA": {"global_perc": 1.0, "local_perc": 6.904646827314783e-05}, "BHOPATPUR": {"global_perc": 0.125, "local_perc": 6.904646827314783e-05}, "BHUTAHAVA": {"global_perc": 1.0, "local_perc": 6.904646827314783e-05}, "BHUTI": {"global_perc": 1.0, "local_perc": 6.904646827314783e-05}, "BHUWANCHAPRA": {"global_perc": 1.0, "local_perc": 6.904646827314783e-05}, "BIBIPUR": {"global_perc": 0.17391304347826086, "local_perc": 0.0002761858730925913}, "BIJULIPUR": {"global_perc": 1.0, "local_perc": 6.904646827314783e-05}, "BIKAPUR": {"global_perc": 0.25, "local_perc": 6.904646827314783e-05}, "BIKRAMGANJ": {"global_perc": 0.012345679012345678, "local_perc": 6.904646827314783e-05}, "BIRAMPUR": {"global_perc": 0.25, "local_perc": 6.904646827314783e-05}, "BISHUNPURA": {"global_perc": 0.1111111111111111, "local_perc": 6.904646827314783e-05}, "BJPKCHAPARA": {"global_perc": 1.0, "local_perc": 6.904646827314783e-05}, "BODASA": {"global_perc": 0.6666666666666666, "local_perc": 0.00013809293654629565}, "BORA GAON": {"global_perc": 0.6666666666666666, "local_perc": 0.00013809293654629565}, "BRAHMDEWTA": {"global_perc": 1.0, "local_perc": 6.904646827314783e-05}, "BRAMH DEVTA": {"global_perc": 1.0, "local_perc": 6.904646827314783e-05}, "BRAUGHI": {"global_perc": 0.3333333333333333, "local_perc": 6.904646827314783e-05}, "BRUNDADEIPUR": {"global_perc": 1.0, "local_perc": 6.904646827314783e-05}, "BUDGADDA": {"global_perc": 0.5, "local_perc": 0.00013809293654629565}, "CAHNAR": {"global_perc": 1.0, "local_perc": 6.904646827314783e-05}, "CHAI CHAPRA": {"global_perc": 1.0, "local_perc": 6.904646827314783e-05}, "CHAINPUR": {"global_perc": 0.043478260869565216, "local_perc": 6.904646827314783e-05}, "CHAK BAHAUDDIN": {"global_perc": 1.0, "local_perc": 6.904646827314783e-05}, "CHAK BAMUN": {"global_perc": 0.6666666666666666, "local_perc": 0.00013809293654629565}, "CHAK BHIKHI": {"global_perc": 0.5, "local_perc": 6.904646827314783e-05}, "CHAK HAZI": {"global_perc": 1.0, "local_perc": 6.904646827314783e-05}, "CHAK KHAN": {"global_perc": 1.0, "local_perc": 6.904646827314783e-05}, "CHAKAPADA": {"global_perc": 0.3333333333333333, "local_perc": 6.904646827314783e-05}, "CHALANGI": {"global_perc": 1.0, "local_perc": 6.904646827314783e-05}, "CHAMPAPUR": {"global_perc": 0.3333333333333333, "local_perc": 6.904646827314783e-05}, "CHAMRMA": {"global_perc": 1.0, "local_perc": 6.904646827314783e-05}, "CHANDPUR": {"global_perc": 0.05128205128205128, "local_perc": 0.00013809293654629565}, "CHARAUON": {"global_perc": 1.0, "local_perc": 0.00013809293654629565}, "CHARAUVA": {"global_perc": 1.0, "local_perc": 6.904646827314783e-05}, "CHAUBEY PUR": {"global_perc": 1.0, "local_perc": 6.904646827314783e-05}, "CHAUNTRA": {"global_perc": 0.2, "local_perc": 6.904646827314783e-05}, "CHELA": {"global_perc": 0.25, "local_perc": 6.904646827314783e-05}, "CHEMAIA": {"global_perc": 1.0, "local_perc": 6.904646827314783e-05}, "CHHANGLA": {"global_perc": 0.2, "local_perc": 6.904646827314783e-05}, "CHHAP": {"global_perc": 1.0, "local_perc": 6.904646827314783e-05}, "CHHAPRA SARIW": {"global_perc": 1.0, "local_perc": 6.904646827314783e-05}, "CHHAPRASARIW": {"global_perc": 1.0, "local_perc": 0.00013809293654629565}, "CHHATA": {"global_perc": 1.0, "local_perc": 6.904646827314783e-05}, "CHHATAK": {"global_perc": 1.0, "local_perc": 6.904646827314783e-05}, "CHHITONI": {"global_perc": 1.0, "local_perc": 6.904646827314783e-05}, "CHHITRAULI": {"global_perc": 1.0, "local_perc": 0.00013809293654629565}, "CHHTARSAR": {"global_perc": 1.0, "local_perc": 6.904646827314783e-05}, "CHILAKHAR": {"global_perc": 1.0, "local_perc": 6.904646827314783e-05}, "CHILAKHAR1": {"global_perc": 1.0, "local_perc": 6.904646827314783e-05}, "CHILOI": {"global_perc": 0.3333333333333333, "local_perc": 6.904646827314783e-05}, "CHINDA": {"global_perc": 1.0, "local_perc": 6.904646827314783e-05}, "CHIPRA": {"global_perc": 0.6666666666666666, "local_perc": 0.00013809293654629565}, "CHITAM PUR": {"global_perc": 1.0, "local_perc": 6.904646827314783e-05}, "CHITAONI": {"global_perc": 1.0, "local_perc": 6.904646827314783e-05}, "CHITAUNI": {"global_perc": 0.5, "local_perc": 6.904646827314783e-05}, "CHITBARGAON": {"global_perc": 1.0, "local_perc": 0.00013809293654629565}, "CHITRA BABUPUR": {"global_perc": 0.4, "local_perc": 0.00013809293654629565}, "CHOLAPUR": {"global_perc": 1.0, "local_perc": 6.904646827314783e-05}, "CHOPARA": {"global_perc": 0.25, "local_perc": 6.904646827314783e-05}, "CHTTURPUR": {"global_perc": 1.0, "local_perc": 6.904646827314783e-05}, "CHUKHA": {"global_perc": 1.0, "local_perc": 6.904646827314783e-05}, "CHUPPEPUR": {"global_perc": 0.3333333333333333, "local_perc": 0.00013809293654629565}, "DADHORPUR": {"global_perc": 1.0, "local_perc": 6.904646827314783e-05}, "DAGHARIYA": {"global_perc": 1.0, "local_perc": 0.00013809293654629565}, "DAHAHA": {"global_perc": 1.0, "local_perc": 6.904646827314783e-05}, "DALU": {"global_perc": 0.07692307692307693, "local_perc": 6.904646827314783e-05}, "DANIYALPUR": {"global_perc": 0.5, "local_perc": 6.904646827314783e-05}, "DARIYA": {"global_perc": 0.5, "local_perc": 6.904646827314783e-05}, "DARMIGAD": {"global_perc": 1.0, "local_perc": 6.904646827314783e-05}, "DARO": {"global_perc": 0.5, "local_perc": 6.904646827314783e-05}, "DARVA": {"global_perc": 0.3333333333333333, "local_perc": 6.904646827314783e-05}, "DATHA": {"global_perc": 1.0, "local_perc": 6.904646827314783e-05}, "DATHATPUR": {"global_perc": 1.0, "local_perc": 6.904646827314783e-05}, "DAULARIYA": {"global_perc": 1.0, "local_perc": 6.904646827314783e-05}, "DAYALPUR": {"global_perc": 0.07142857142857142, "local_perc": 6.904646827314783e-05}, "DAYALPUR KALA": {"global_perc": 1.0, "local_perc": 0.00013809293654629565}, "DEVALVIR": {"global_perc": 1.0, "local_perc": 6.904646827314783e-05}, "DEVANANDPUR": {"global_perc": 1.0, "local_perc": 6.904646827314783e-05}, "DEVARIA KALA": {"global_perc": 1.0, "local_perc": 6.904646827314783e-05}, "DEVARIYA": {"global_perc": 0.25, "local_perc": 0.00013809293654629565}, "DEVDIH": {"global_perc": 1.0, "local_perc": 6.904646827314783e-05}, "DEVDIYA": {"global_perc": 0.5, "local_perc": 6.904646827314783e-05}, "DEWAR": {"global_perc": 0.2, "local_perc": 6.904646827314783e-05}, "DHADHORPUR": {"global_perc": 1.0, "local_perc": 0.00013809293654629565}, "DHAJNAJPUR": {"global_perc": 1.0, "local_perc": 6.904646827314783e-05}, "DHAMAPUR": {"global_perc": 1.0, "local_perc": 6.904646827314783e-05}, "DHAMIPUR": {"global_perc": 1.0, "local_perc": 6.904646827314783e-05}, "DHANAUTI DHURA": {"global_perc": 1.0, "local_perc": 6.904646827314783e-05}, "DHANAUTI KHURD": {"global_perc": 0.5, "local_perc": 6.904646827314783e-05}, "DHANPURA": {"global_perc": 0.125, "local_perc": 6.904646827314783e-05}, "DHANSERI": {"global_perc": 0.5, "local_perc": 6.904646827314783e-05}, "DHARAMPUR": {"global_perc": 0.03125, "local_perc": 6.904646827314783e-05}, "DHARHAR": {"global_perc": 1.0, "local_perc": 6.904646827314783e-05}, "DHARHARA": {"global_perc": 0.14285714285714285, "local_perc": 6.904646827314783e-05}, "DHOLAPUIR": {"global_perc": 1.0, "local_perc": 6.904646827314783e-05}, "DIFFERPAT": {"global_perc": 1.0, "local_perc": 6.904646827314783e-05}, "DIGCHRA": {"global_perc": 1.0, "local_perc": 0.00013809293654629565}, "DIWAKARPUR": {"global_perc": 1.0, "local_perc": 6.904646827314783e-05}, "DIYABHAGAR": {"global_perc": 1.0, "local_perc": 6.904646827314783e-05}, "DIYARABHAGAR": {"global_perc": 1.0, "local_perc": 6.904646827314783e-05}, "DORHWA": {"global_perc": 1.0, "local_perc": 6.904646827314783e-05}, "DORIHAR": {"global_perc": 0.5, "local_perc": 6.904646827314783e-05}, "DUBAKIYA": {"global_perc": 1.0, "local_perc": 0.00013809293654629565}, "DUBAULI INDRACHAK": {"global_perc": 1.0, "local_perc": 6.904646827314783e-05}, "DUBHAD": {"global_perc": 1.0, "local_perc": 0.00013809293654629565}, "DUHIBHUSI": {"global_perc": 1.0, "local_perc": 6.904646827314783e-05}, "DULARPUR": {"global_perc": 0.6666666666666666, "local_perc": 0.00013809293654629565}, "DUMDUA": {"global_perc": 1.0, "local_perc": 6.904646827314783e-05}, "DUMKA": {"global_perc": 0.16666666666666666, "local_perc": 6.904646827314783e-05}, "Dhaliwal Bet": {"global_perc": 1.0, "local_perc": 0.00013809293654629565}, "EKAUNI": {"global_perc": 0.5, "local_perc": 6.904646827314783e-05}, "EKAWARI": {"global_perc": 1.0, "local_perc": 6.904646827314783e-05}, "EKWARI": {"global_perc": 1.0, "local_perc": 6.904646827314783e-05}, "ENDARPUR": {"global_perc": 1.0, "local_perc": 6.904646827314783e-05}, "ERKI": {"global_perc": 1.0, "local_perc": 6.904646827314783e-05}, "ETAHI": {"global_perc": 1.0, "local_perc": 6.904646827314783e-05}, "FAKRA": {"global_perc": 1.0, "local_perc": 6.904646827314783e-05}, "FARIDPUR": {"global_perc": 0.058823529411764705, "local_perc": 6.904646827314783e-05}, "FATEHPUR": {"global_perc": 0.031746031746031744, "local_perc": 0.00013809293654629565}, "FATHAPUR": {"global_perc": 1.0, "local_perc": 6.904646827314783e-05}, "FEKANA": {"global_perc": 1.0, "local_perc": 6.904646827314783e-05}, "FRANGAMATIA": {"global_perc": 1.0, "local_perc": 6.904646827314783e-05}, "FULWARIA": {"global_perc": 1.0, "local_perc": 6.904646827314783e-05}, "G. NANDIPUR": {"global_perc": 1.0, "local_perc": 6.904646827314783e-05}, "GADHMAL": {"global_perc": 1.0, "local_perc": 6.904646827314783e-05}, "GAHARPUR": {"global_perc": 0.3333333333333333, "local_perc": 6.904646827314783e-05}, "GAHURA": {"global_perc": 1.0, "local_perc": 6.904646827314783e-05}, "GAIGHAT": {"global_perc": 0.375, "local_perc": 0.0002071394048194435}, "GAJENDRA": {"global_perc": 1.0, "local_perc": 6.904646827314783e-05}, "GANEOR": {"global_perc": 1.0, "local_perc": 6.904646827314783e-05}, "GANGAIKONDAN": {"global_perc": 1.0, "local_perc": 6.904646827314783e-05}, "GANGAPUR": {"global_perc": 0.15151515151515152, "local_perc": 0.0003452323413657391}, "GAON": {"global_perc": 0.06666666666666667, "local_perc": 6.904646827314783e-05}, "GAORPURA": {"global_perc": 1.0, "local_perc": 6.904646827314783e-05}, "GARHWA": {"global_perc": 0.42857142857142855, "local_perc": 0.0002071394048194435}, "GARHWAR": {"global_perc": 1.0, "local_perc": 0.00013809293654629565}, "GARUD": {"global_perc": 0.25, "local_perc": 6.904646827314783e-05}, "GARWA": {"global_perc": 0.5, "local_perc": 6.904646827314783e-05}, "GAURAKALA": {"global_perc": 1.0, "local_perc": 6.904646827314783e-05}, "GAURAUPWAR": {"global_perc": 1.0, "local_perc": 6.904646827314783e-05}, "GAYGHAR": {"global_perc": 1.0, "local_perc": 6.904646827314783e-05}, "GAZAPUR": {"global_perc": 1.0, "local_perc": 0.00013809293654629565}, "GAZIABAD": {"global_perc": 1.0, "local_perc": 6.904646827314783e-05}, "GAZIYAPUR": {"global_perc": 1.0, "local_perc": 6.904646827314783e-05}, "GHAIGHAT": {"global_perc": 1.0, "local_perc": 6.904646827314783e-05}, "GHATAMPUR": {"global_perc": 0.25, "local_perc": 6.904646827314783e-05}, "GHES": {"global_perc": 1.0, "local_perc": 6.904646827314783e-05}, "GHORDAOR": {"global_perc": 0.5, "local_perc": 6.904646827314783e-05}, "GHOSILA": {"global_perc": 0.5, "local_perc": 6.904646827314783e-05}, "GHUMACHI": {"global_perc": 1.0, "local_perc": 6.904646827314783e-05}, "GHURIPUR": {"global_perc": 1.0, "local_perc": 6.904646827314783e-05}, "GIDAM": {"global_perc": 1.0, "local_perc": 6.904646827314783e-05}, "GIPU": {"global_perc": 0.5, "local_perc": 6.904646827314783e-05}, "GOBIND": {"global_perc": 1.0, "local_perc": 6.904646827314783e-05}, "GOBINDPUR": {"global_perc": 0.043478260869565216, "local_perc": 6.904646827314783e-05}, "GODIWALI KHAS": {"global_perc": 1.0, "local_perc": 6.904646827314783e-05}, "GOIDHAPPA": {"global_perc": 1.0, "local_perc": 6.904646827314783e-05}, "GOKHLAPUR": {"global_perc": 1.0, "local_perc": 6.904646827314783e-05}, "GOKULPUR": {"global_perc": 0.1, "local_perc": 6.904646827314783e-05}, "GONHA TAL": {"global_perc": 1.0, "local_perc": 6.904646827314783e-05}, "GOPICHAK": {"global_perc": 1.0, "local_perc": 6.904646827314783e-05}, "GORA": {"global_perc": 0.25, "local_perc": 6.904646827314783e-05}, "GORDHAPPA": {"global_perc": 1.0, "local_perc": 6.904646827314783e-05}, "GORHRA": {"global_perc": 1.0, "local_perc": 6.904646827314783e-05}, "GORIARI": {"global_perc": 1.0, "local_perc": 6.904646827314783e-05}, "GORIYADIH": {"global_perc": 1.0, "local_perc": 6.904646827314783e-05}, "GOSAIPUR": {"global_perc": 0.3, "local_perc": 0.0002071394048194435}, "GOTHHULI": {"global_perc": 1.0, "local_perc": 6.904646827314783e-05}, "GOVINDPUR": {"global_perc": 0.07407407407407407, "local_perc": 0.00013809293654629565}, "GUDDALUR": {"global_perc": 1.0, "local_perc": 6.904646827314783e-05}, "GUJARAN PURVA": {"global_perc": 1.0, "local_perc": 6.904646827314783e-05}, "GUMRU": {"global_perc": 0.3333333333333333, "local_perc": 6.904646827314783e-05}, "GURUDASPUR": {"global_perc": 0.4, "local_perc": 0.00013809293654629565}, "GUSHAL": {"global_perc": 1.0, "local_perc": 6.904646827314783e-05}, "GUTJORA": {"global_perc": 1.0, "local_perc": 6.904646827314783e-05}, "GYANPUR": {"global_perc": 0.034482758620689655, "local_perc": 6.904646827314783e-05}, "HADIHAKALA": {"global_perc": 1.0, "local_perc": 6.904646827314783e-05}, "HADIYA KALA": {"global_perc": 1.0, "local_perc": 6.904646827314783e-05}, "HAFIZPUR": {"global_perc": 0.25, "local_perc": 6.904646827314783e-05}, "HALLIDAYGANJ": {"global_perc": 0.2, "local_perc": 6.904646827314783e-05}, "HARDIYA JAMIN": {"global_perc": 1.0, "local_perc": 6.904646827314783e-05}, "HARDUA": {"global_perc": 0.25, "local_perc": 6.904646827314783e-05}, "HARIHA KALA": {"global_perc": 1.0, "local_perc": 6.904646827314783e-05}, "HARIHARPUR": {"global_perc": 0.06451612903225806, "local_perc": 0.00013809293654629565}, "HARIRAMPUR": {"global_perc": 0.14285714285714285, "local_perc": 6.904646827314783e-05}, "HARITANGANJ": {"global_perc": 1.0, "local_perc": 6.904646827314783e-05}, "HARNA": {"global_perc": 0.5, "local_perc": 6.904646827314783e-05}, "HARPUR": {"global_perc": 0.125, "local_perc": 0.00013809293654629565}, "HARVADIH": {"global_perc": 1.0, "local_perc": 6.904646827314783e-05}, "HASANPUR": {"global_perc": 0.03333333333333333, "local_perc": 6.904646827314783e-05}, "HATHIVAR": {"global_perc": 1.0, "local_perc": 6.904646827314783e-05}, "HATHIYA": {"global_perc": 1.0, "local_perc": 6.904646827314783e-05}, "HATHIYAR": {"global_perc": 1.0, "local_perc": 6.904646827314783e-05}, "HATIMODA": {"global_perc": 1.0, "local_perc": 6.904646827314783e-05}, "HAZARA SINGHWALA": {"global_perc": 1.0, "local_perc": 6.904646827314783e-05}, "HEERAPUR": {"global_perc": 0.2857142857142857, "local_perc": 0.00013809293654629565}, "HERMA": {"global_perc": 1.0, "local_perc": 6.904646827314783e-05}, "HIGUTAR JAGDISHPUR": {"global_perc": 1.0, "local_perc": 6.904646827314783e-05}, "HITUTOLI": {"global_perc": 1.0, "local_perc": 6.904646827314783e-05}, "HRIYA CHAK": {"global_perc": 1.0, "local_perc": 6.904646827314783e-05}, "HUDOLI": {"global_perc": 0.5, "local_perc": 6.904646827314783e-05}, "HULIYAR": {"global_perc": 0.5, "local_perc": 6.904646827314783e-05}, "HUSENABAD": {"global_perc": 0.3333333333333333, "local_perc": 6.904646827314783e-05}, "IBRAHIM PATTI": {"global_perc": 1.0, "local_perc": 6.904646827314783e-05}, "IBRAHIMPATTI": {"global_perc": 1.0, "local_perc": 6.904646827314783e-05}, "IBRAHIMPUR": {"global_perc": 0.2, "local_perc": 0.00013809293654629565}, "ICHA": {"global_perc": 0.5, "local_perc": 6.904646827314783e-05}, "IDAR": {"global_perc": 0.5, "local_perc": 6.904646827314783e-05}, "INDAUR": {"global_perc": 1.0, "local_perc": 0.00013809293654629565}, "INDERPUR": {"global_perc": 1.0, "local_perc": 6.904646827314783e-05}, "INDRAGADA": {"global_perc": 0.3333333333333333, "local_perc": 6.904646827314783e-05}, "ITKHORI": {"global_perc": 1.0, "local_perc": 0.00013809293654629565}, "ITWA": {"global_perc": 0.1, "local_perc": 6.904646827314783e-05}, "JAGDISHPUR": {"global_perc": 0.024390243902439025, "local_perc": 6.904646827314783e-05}, "JAGDISPUR": {"global_perc": 1.0, "local_perc": 6.904646827314783e-05}, "JAGGHARWA": {"global_perc": 1.0, "local_perc": 6.904646827314783e-05}, "JAGJIVANPUR": {"global_perc": 1.0, "local_perc": 6.904646827314783e-05}, "JAGRITH": {"global_perc": 1.0, "local_perc": 6.904646827314783e-05}, "JAIDOPUR": {"global_perc": 1.0, "local_perc": 6.904646827314783e-05}, "JAIDPUR": {"global_perc": 1.0, "local_perc": 6.904646827314783e-05}, "JAIND": {"global_perc": 0.5, "local_perc": 6.904646827314783e-05}, "JALALPUR": {"global_perc": 0.037037037037037035, "local_perc": 6.904646827314783e-05}, "JAM": {"global_perc": 0.6666666666666666, "local_perc": 0.00013809293654629565}, "JAMALPUR": {"global_perc": 0.06666666666666667, "local_perc": 0.00013809293654629565}, "JAMAPATTI": {"global_perc": 1.0, "local_perc": 6.904646827314783e-05}, "JAMAWAHI": {"global_perc": 1.0, "local_perc": 6.904646827314783e-05}, "JAMBANI": {"global_perc": 0.2, "local_perc": 6.904646827314783e-05}, "JAMBGI(K.D)": {"global_perc": 1.0, "local_perc": 6.904646827314783e-05}, "JAMINBIL KUNDA": {"global_perc": 1.0, "local_perc": 6.904646827314783e-05}, "JAMRI": {"global_perc": 0.25, "local_perc": 6.904646827314783e-05}, "JAMUAA": {"global_perc": 1.0, "local_perc": 6.904646827314783e-05}, "JAMUI": {"global_perc": 0.08333333333333333, "local_perc": 6.904646827314783e-05}, "JAMUWA": {"global_perc": 1.0, "local_perc": 6.904646827314783e-05}, "JANADI": {"global_perc": 1.0, "local_perc": 6.904646827314783e-05}, "JANGLA": {"global_perc": 0.5, "local_perc": 6.904646827314783e-05}, "JANHUPUR": {"global_perc": 1.0, "local_perc": 6.904646827314783e-05}, "JANIPUR": {"global_perc": 0.5, "local_perc": 6.904646827314783e-05}, "JANKI DHAR": {"global_perc": 1.0, "local_perc": 6.904646827314783e-05}, "JANPUR": {"global_perc": 1.0, "local_perc": 6.904646827314783e-05}, "JANSA": {"global_perc": 1.0, "local_perc": 6.904646827314783e-05}, "JARDA": {"global_perc": 0.3333333333333333, "local_perc": 6.904646827314783e-05}, "JAYAPUR": {"global_perc": 0.25, "local_perc": 6.904646827314783e-05}, "JHAMKE": {"global_perc": 1.0, "local_perc": 6.904646827314783e-05}, "JHANJHAUR": {"global_perc": 1.0, "local_perc": 6.904646827314783e-05}, "JHN": {"global_perc": 1.0, "local_perc": 6.904646827314783e-05}, "JHUNGIAN": {"global_perc": 1.0, "local_perc": 6.904646827314783e-05}, "JIGANI KHAS": {"global_perc": 1.0, "local_perc": 6.904646827314783e-05}, "JIGIRSAR": {"global_perc": 1.0, "local_perc": 6.904646827314783e-05}, "JIRA BASTI": {"global_perc": 1.0, "local_perc": 6.904646827314783e-05}, "JKARIYA": {"global_perc": 1.0, "local_perc": 6.904646827314783e-05}, "JOPA": {"global_perc": 1.0, "local_perc": 6.904646827314783e-05}, "Jansua": {"global_perc": 0.5, "local_perc": 6.904646827314783e-05}, "KACHACHIYA KALA": {"global_perc": 1.0, "local_perc": 6.904646827314783e-05}, "KACHHUWAKHAS": {"global_perc": 1.0, "local_perc": 6.904646827314783e-05}, "KACHVACHIYA KALA": {"global_perc": 1.0, "local_perc": 0.00013809293654629565}, "KACHVCHIYA KALA": {"global_perc": 1.0, "local_perc": 6.904646827314783e-05}, "KACHVCHIYA PUR": {"global_perc": 1.0, "local_perc": 6.904646827314783e-05}, "KADGIDOHI": {"global_perc": 1.0, "local_perc": 6.904646827314783e-05}, "KADIPUR": {"global_perc": 0.125, "local_perc": 6.904646827314783e-05}, "KAHNPUR": {"global_perc": 1.0, "local_perc": 6.904646827314783e-05}, "KAITHAVALI": {"global_perc": 1.0, "local_perc": 6.904646827314783e-05}, "KAITHWALI": {"global_perc": 1.0, "local_perc": 6.904646827314783e-05}, "KAJI PUR": {"global_perc": 1.0, "local_perc": 6.904646827314783e-05}, "KAJIPUR": {"global_perc": 0.25, "local_perc": 0.00013809293654629565}, "KAJIYAON": {"global_perc": 1.0, "local_perc": 6.904646827314783e-05}, "KAKARKUNDA": {"global_perc": 1.0, "local_perc": 0.00013809293654629565}, "KAKARPATTI": {"global_perc": 1.0, "local_perc": 6.904646827314783e-05}, "KAKRAHIYA": {"global_perc": 1.0, "local_perc": 6.904646827314783e-05}, "KAMRAULI": {"global_perc": 0.5, "local_perc": 6.904646827314783e-05}, "KAMSIPUR": {"global_perc": 1.0, "local_perc": 6.904646827314783e-05}, "KANA SUAN": {"global_perc": 0.5, "local_perc": 6.904646827314783e-05}, "KANAI": {"global_perc": 1.0, "local_perc": 6.904646827314783e-05}, "KANAKPUR": {"global_perc": 0.1111111111111111, "local_perc": 6.904646827314783e-05}, "KANAKPURA": {"global_perc": 1.0, "local_perc": 6.904646827314783e-05}, "KANATY": {"global_perc": 1.0, "local_perc": 6.904646827314783e-05}, "KANDHALA SHEIKAN": {"global_perc": 1.0, "local_perc": 6.904646827314783e-05}, "KANDI": {"global_perc": 0.08333333333333333, "local_perc": 6.904646827314783e-05}, "KANERI": {"global_perc": 0.5, "local_perc": 6.904646827314783e-05}, "KANHAULI KHAS": {"global_perc": 1.0, "local_perc": 6.904646827314783e-05}, "KANNAPUR HATTI": {"global_perc": 1.0, "local_perc": 6.904646827314783e-05}, "KANTAILA": {"global_perc": 1.0, "local_perc": 6.904646827314783e-05}, "KAPURI": {"global_perc": 0.16666666666666666, "local_perc": 6.904646827314783e-05}, "KAPWA": {"global_perc": 1.0, "local_perc": 6.904646827314783e-05}, "KARAKAT": {"global_perc": 0.125, "local_perc": 6.904646827314783e-05}, "KARKAR": {"global_perc": 1.0, "local_perc": 0.00013809293654629565}, "KARKHIYAWAN": {"global_perc": 1.0, "local_perc": 6.904646827314783e-05}, "KARMAUTA": {"global_perc": 1.0, "local_perc": 6.904646827314783e-05}, "KARMCHATA": {"global_perc": 0.2, "local_perc": 6.904646827314783e-05}, "KARMI": {"global_perc": 0.2222222222222222, "local_perc": 0.00013809293654629565}, "KARNU": {"global_perc": 0.125, "local_perc": 6.904646827314783e-05}, "KARO": {"global_perc": 1.0, "local_perc": 6.904646827314783e-05}, "KARSANDA": {"global_perc": 1.0, "local_perc": 6.904646827314783e-05}, "KASHIPUR": {"global_perc": 0.1, "local_perc": 6.904646827314783e-05}, "KATAHANA": {"global_perc": 0.5, "local_perc": 6.904646827314783e-05}, "KATGHARA KALAN": {"global_perc": 1.0, "local_perc": 6.904646827314783e-05}, "KATHIPR": {"global_perc": 1.0, "local_perc": 6.904646827314783e-05}, "KAULI": {"global_perc": 0.14285714285714285, "local_perc": 6.904646827314783e-05}, "KAUMI": {"global_perc": 1.0, "local_perc": 6.904646827314783e-05}, "KEGHPUR": {"global_perc": 1.0, "local_perc": 6.904646827314783e-05}, "KESHRUA": {"global_perc": 1.0, "local_perc": 6.904646827314783e-05}, "KESHRUWA": {"global_perc": 1.0, "local_perc": 6.904646827314783e-05}, "KEVATLIYA": {"global_perc": 0.5, "local_perc": 6.904646827314783e-05}, "KEVATLIYA KALA": {"global_perc": 1.0, "local_perc": 6.904646827314783e-05}, "KEVATNIYA": {"global_perc": 1.0, "local_perc": 6.904646827314783e-05}, "KEWARA": {"global_perc": 1.0, "local_perc": 6.904646827314783e-05}, "KHACHAR": {"global_perc": 1.0, "local_perc": 6.904646827314783e-05}, "KHAIDLI KHURD": {"global_perc": 1.0, "local_perc": 6.904646827314783e-05}, "KHAIRA BUHLA": {"global_perc": 0.3333333333333333, "local_perc": 6.904646827314783e-05}, "KHAKIRKA": {"global_perc": 1.0, "local_perc": 6.904646827314783e-05}, "KHALISPUR": {"global_perc": 0.14285714285714285, "local_perc": 6.904646827314783e-05}, "KHALSIBERIA": {"global_perc": 0.5, "local_perc": 6.904646827314783e-05}, "KHAMIRIYA": {"global_perc": 1.0, "local_perc": 6.904646827314783e-05}, "KHANAVA": {"global_perc": 1.0, "local_perc": 6.904646827314783e-05}, "KHANPATTI": {"global_perc": 1.0, "local_perc": 6.904646827314783e-05}, "KHANPUR": {"global_perc": 0.02564102564102564, "local_perc": 6.904646827314783e-05}, "KHANVARAN VADA": {"global_perc": 1.0, "local_perc": 6.904646827314783e-05}, "KHARAGPUR": {"global_perc": 0.18181818181818182, "local_perc": 0.00013809293654629565}, "KHARAICH": {"global_perc": 1.0, "local_perc": 6.904646827314783e-05}, "KHARAJ": {"global_perc": 0.3333333333333333, "local_perc": 6.904646827314783e-05}, "KHARAUNI": {"global_perc": 1.0, "local_perc": 6.904646827314783e-05}, "KHARAURA": {"global_perc": 1.0, "local_perc": 6.904646827314783e-05}, "KHARGIPUR": {"global_perc": 0.5, "local_perc": 0.00013809293654629565}, "KHARI": {"global_perc": 0.42857142857142855, "local_perc": 0.0002071394048194435}, "KHARICHA": {"global_perc": 0.3333333333333333, "local_perc": 6.904646827314783e-05}, "KHARID": {"global_perc": 1.0, "local_perc": 6.904646827314783e-05}, "KHARIKA": {"global_perc": 0.6666666666666666, "local_perc": 0.00013809293654629565}, "KHARUHL": {"global_perc": 0.25, "local_perc": 6.904646827314783e-05}, "KHDAIL": {"global_perc": 1.0, "local_perc": 6.904646827314783e-05}, "KHDIKA": {"global_perc": 1.0, "local_perc": 6.904646827314783e-05}, "KHEMAPUR": {"global_perc": 0.25, "local_perc": 0.00013809293654629565}, "KHETA SARAI": {"global_perc": 1.0, "local_perc": 6.904646827314783e-05}, "KHIRANWALI": {"global_perc": 0.5, "local_perc": 6.904646827314783e-05}, "KHOKHKHAR": {"global_perc": 0.25, "local_perc": 6.904646827314783e-05}, "KHORI PAKAD": {"global_perc": 1.0, "local_perc": 0.00013809293654629565}, "KHUDAGANJ": {"global_perc": 0.3333333333333333, "local_perc": 6.904646827314783e-05}, "KHULASPUR": {"global_perc": 1.0, "local_perc": 6.904646827314783e-05}, "KHUN KHUN SARKI": {"global_perc": 0.5, "local_perc": 6.904646827314783e-05}, "KHUNTI": {"global_perc": 0.3333333333333333, "local_perc": 0.00013809293654629565}, "KHURDA SEER": {"global_perc": 1.0, "local_perc": 6.904646827314783e-05}, "KHUTADIH": {"global_perc": 1.0, "local_perc": 6.904646827314783e-05}, "KIDIHARAPUR": {"global_perc": 1.0, "local_perc": 6.904646827314783e-05}, "KIRATPUR": {"global_perc": 0.16666666666666666, "local_perc": 6.904646827314783e-05}, "KIRIBURU": {"global_perc": 1.0, "local_perc": 6.904646827314783e-05}, "KISHOR CHETAN": {"global_perc": 1.0, "local_perc": 6.904646827314783e-05}, "KODAI": {"global_perc": 0.5, "local_perc": 6.904646827314783e-05}, "KOIRAJPUR": {"global_perc": 1.0, "local_perc": 6.904646827314783e-05}, "KOKADIH": {"global_perc": 1.0, "local_perc": 6.904646827314783e-05}, "KOLAMBI": {"global_perc": 0.5, "local_perc": 6.904646827314783e-05}, "KONE": {"global_perc": 1.0, "local_perc": 6.904646827314783e-05}, "KOT GANGURAI": {"global_perc": 1.0, "local_perc": 6.904646827314783e-05}, "KOTHI": {"global_perc": 0.05405405405405406, "local_perc": 0.00013809293654629565}, "KOTWA": {"global_perc": 0.1111111111111111, "local_perc": 6.904646827314783e-05}, "KRISHAN GARH": {"global_perc": 0.1111111111111111, "local_perc": 6.904646827314783e-05}, "KRTHWALIYA": {"global_perc": 1.0, "local_perc": 6.904646827314783e-05}, "KUCHAHARA": {"global_perc": 1.0, "local_perc": 6.904646827314783e-05}, "KUCHHARA": {"global_perc": 1.0, "local_perc": 6.904646827314783e-05}, "KUDI": {"global_perc": 0.2, "local_perc": 6.904646827314783e-05}, "KUMHAILA": {"global_perc": 0.5, "local_perc": 6.904646827314783e-05}, "KUMKUMA": {"global_perc": 0.6666666666666666, "local_perc": 0.00013809293654629565}, "KUNDA": {"global_perc": 0.0625, "local_perc": 6.904646827314783e-05}, "KURAHAR": {"global_perc": 1.0, "local_perc": 6.904646827314783e-05}, "KURAIJI": {"global_perc": 1.0, "local_perc": 6.904646827314783e-05}, "KURALI": {"global_perc": 0.5, "local_perc": 6.904646827314783e-05}, "KURAVEDIYA": {"global_perc": 1.0, "local_perc": 6.904646827314783e-05}, "KURKNALA": {"global_perc": 0.5, "local_perc": 6.904646827314783e-05}, "KURKUTIYA": {"global_perc": 1.0, "local_perc": 6.904646827314783e-05}, "KURSIN": {"global_perc": 1.0, "local_perc": 6.904646827314783e-05}, "KUSHHAR": {"global_perc": 1.0, "local_perc": 0.0002071394048194435}, "Khagraun": {"global_perc": 0.3333333333333333, "local_perc": 6.904646827314783e-05}, "LACHHIPUR": {"global_perc": 0.3333333333333333, "local_perc": 6.904646827314783e-05}, "LAKHAN PUE": {"global_perc": 1.0, "local_perc": 6.904646827314783e-05}, "LAKHI RAMPUR": {"global_perc": 1.0, "local_perc": 6.904646827314783e-05}, "LAKHNA PAR": {"global_perc": 1.0, "local_perc": 6.904646827314783e-05}, "LAKHNAPAR": {"global_perc": 0.3333333333333333, "local_perc": 6.904646827314783e-05}, "LALAT": {"global_perc": 1.0, "local_perc": 0.00013809293654629565}, "LALPUR": {"global_perc": 0.046511627906976744, "local_perc": 0.00013809293654629565}, "LAUHAR": {"global_perc": 0.6666666666666666, "local_perc": 0.00013809293654629565}, "LAXAYNAGAR": {"global_perc": 1.0, "local_perc": 6.904646827314783e-05}, "LEKHAMPUR": {"global_perc": 1.0, "local_perc": 6.904646827314783e-05}, "LODHBHARWARI": {"global_perc": 1.0, "local_perc": 6.904646827314783e-05}, "LOHNA": {"global_perc": 0.3333333333333333, "local_perc": 6.904646827314783e-05}, "LOKAPUR": {"global_perc": 0.2, "local_perc": 6.904646827314783e-05}, "LOTOR": {"global_perc": 1.0, "local_perc": 6.904646827314783e-05}, "LRIYAR": {"global_perc": 1.0, "local_perc": 6.904646827314783e-05}, "LUXMANPUR": {"global_perc": 1.0, "local_perc": 6.904646827314783e-05}, "MADARHANA": {"global_perc": 0.5, "local_perc": 6.904646827314783e-05}, "MADHOPUR": {"global_perc": 0.12903225806451613, "local_perc": 0.0002761858730925913}, "MAGHGAVA": {"global_perc": 1.0, "local_perc": 6.904646827314783e-05}, "MAGIRCHAP": {"global_perc": 1.0, "local_perc": 6.904646827314783e-05}, "MAGRAULI": {"global_perc": 1.0, "local_perc": 0.00013809293654629565}, "MAHARAJPUR": {"global_perc": 0.14285714285714285, "local_perc": 6.904646827314783e-05}, "MAHRIPUR": {"global_perc": 1.0, "local_perc": 6.904646827314783e-05}, "MAHUADANR": {"global_perc": 0.16666666666666666, "local_perc": 6.904646827314783e-05}, "MAHUAKOL": {"global_perc": 1.0, "local_perc": 6.904646827314783e-05}, "MAJHWALIYA": {"global_perc": 1.0, "local_perc": 6.904646827314783e-05}, "MAKSUDAN PATTI": {"global_perc": 0.5, "local_perc": 6.904646827314783e-05}, "MAKUNDAPUR": {"global_perc": 0.1111111111111111, "local_perc": 6.904646827314783e-05}, "MALAI HAR SENPUR": {"global_perc": 1.0, "local_perc": 6.904646827314783e-05}, "MALAUHA": {"global_perc": 1.0, "local_perc": 6.904646827314783e-05}, "MALERA": {"global_perc": 1.0, "local_perc": 6.904646827314783e-05}, "MALHA": {"global_perc": 1.0, "local_perc": 6.904646827314783e-05}, "MALHUWA": {"global_perc": 1.0, "local_perc": 6.904646827314783e-05}, "MALIKPACHAI": {"global_perc": 1.0, "local_perc": 6.904646827314783e-05}, "MALIPUR": {"global_perc": 0.6666666666666666, "local_perc": 0.00013809293654629565}, "MAMBATTU": {"global_perc": 1.0, "local_perc": 6.904646827314783e-05}, "MAMKHIR": {"global_perc": 1.0, "local_perc": 6.904646827314783e-05}, "MANGAT KHERA": {"global_perc": 1.0, "local_perc": 6.904646827314783e-05}, "MANGRAULI": {"global_perc": 0.5, "local_perc": 6.904646827314783e-05}, "MANIKPUR": {"global_perc": 0.02631578947368421, "local_perc": 6.904646827314783e-05}, "MANIYAR": {"global_perc": 1.0, "local_perc": 0.0005523717461851826}, "MANJANPUR": {"global_perc": 1.0, "local_perc": 6.904646827314783e-05}, "MANJHARIA": {"global_perc": 0.5, "local_perc": 6.904646827314783e-05}, "MANPUR": {"global_perc": 0.043478260869565216, "local_perc": 6.904646827314783e-05}, "MARANGHADA": {"global_perc": 0.3333333333333333, "local_perc": 6.904646827314783e-05}, "MARCHI KHURD": {"global_perc": 1.0, "local_perc": 6.904646827314783e-05}, "MARIPAR": {"global_perc": 1.0, "local_perc": 6.904646827314783e-05}, "MAROODIH": {"global_perc": 1.0, "local_perc": 6.904646827314783e-05}, "MARORA": {"global_perc": 0.14285714285714285, "local_perc": 6.904646827314783e-05}, "MARUDIH": {"global_perc": 1.0, "local_perc": 6.904646827314783e-05}, "MASAURI": {"global_perc": 0.25, "local_perc": 6.904646827314783e-05}, "MASOS": {"global_perc": 1.0, "local_perc": 6.904646827314783e-05}, "MASOS KHURD": {"global_perc": 1.0, "local_perc": 6.904646827314783e-05}, "MASTI PALKOT": {"global_perc": 1.0, "local_perc": 6.904646827314783e-05}, "MASUM PUR": {"global_perc": 1.0, "local_perc": 6.904646827314783e-05}, "MATAULI BAZAR": {"global_perc": 1.0, "local_perc": 6.904646827314783e-05}, "MATAURA": {"global_perc": 1.0, "local_perc": 6.904646827314783e-05}, "MATHIA": {"global_perc": 0.25, "local_perc": 6.904646827314783e-05}, "MATIHI": {"global_perc": 1.0, "local_perc": 6.904646827314783e-05}, "MAULAKHOR": {"global_perc": 1.0, "local_perc": 6.904646827314783e-05}, "MAYURHAND": {"global_perc": 0.25, "local_perc": 6.904646827314783e-05}, "MEERGANJ": {"global_perc": 0.5, "local_perc": 6.904646827314783e-05}, "MENDALI": {"global_perc": 1.0, "local_perc": 6.904646827314783e-05}, "MERKHARA": {"global_perc": 1.0, "local_perc": 6.904646827314783e-05}, "MERLE": {"global_perc": 1.0, "local_perc": 6.904646827314783e-05}, "MILKIPUR": {"global_perc": 1.0, "local_perc": 6.904646827314783e-05}, "MILKY PACHAI": {"global_perc": 1.0, "local_perc": 6.904646827314783e-05}, "MIRZAPUR": {"global_perc": 0.07547169811320754, "local_perc": 0.0002761858730925913}, "MISHRAULI": {"global_perc": 0.14285714285714285, "local_perc": 6.904646827314783e-05}, "MITAURA": {"global_perc": 1.0, "local_perc": 6.904646827314783e-05}, "MUDASAN": {"global_perc": 1.0, "local_perc": 6.904646827314783e-05}, "MUHAPAHI": {"global_perc": 1.0, "local_perc": 6.904646827314783e-05}, "MUNAN": {"global_perc": 1.0, "local_perc": 6.904646827314783e-05}, "MUNDERA": {"global_perc": 0.09090909090909091, "local_perc": 6.904646827314783e-05}, "MUNDIYA": {"global_perc": 0.25, "local_perc": 6.904646827314783e-05}, "MUNIMPUR": {"global_perc": 0.3333333333333333, "local_perc": 6.904646827314783e-05}, "MURDAHA": {"global_perc": 1.0, "local_perc": 6.904646827314783e-05}, "MURDI": {"global_perc": 1.0, "local_perc": 6.904646827314783e-05}, "MURIYARI": {"global_perc": 1.0, "local_perc": 0.00013809293654629565}, "MUSRFABAD": {"global_perc": 1.0, "local_perc": 6.904646827314783e-05}, "MUSTFA BAD": {"global_perc": 1.0, "local_perc": 6.904646827314783e-05}, "MUSTFABAD": {"global_perc": 0.2, "local_perc": 6.904646827314783e-05}, "Mianpur": {"global_perc": 0.3333333333333333, "local_perc": 6.904646827314783e-05}, "N.A.": {"global_perc": 0.0469785944307634, "local_perc": 0.03424704826348132}, "NAGAR": {"global_perc": 0.17391304347826086, "local_perc": 0.0002761858730925913}, "NAGAWA GANYEE": {"global_perc": 1.0, "local_perc": 6.904646827314783e-05}, "NAGPURA": {"global_perc": 1.0, "local_perc": 6.904646827314783e-05}, "NAHIYA": {"global_perc": 1.0, "local_perc": 6.904646827314783e-05}, "NAIDUMANGALAM": {"global_perc": 1.0, "local_perc": 6.904646827314783e-05}, "NAINA": {"global_perc": 1.0, "local_perc": 0.00013809293654629565}, "NAINA BAGICHA": {"global_perc": 1.0, "local_perc": 6.904646827314783e-05}, "NAKRIA": {"global_perc": 1.0, "local_perc": 6.904646827314783e-05}, "NAMAPUR": {"global_perc": 1.0, "local_perc": 6.904646827314783e-05}, "NANAURA": {"global_perc": 1.0, "local_perc": 6.904646827314783e-05}, "NANDAPUR": {"global_perc": 0.125, "local_perc": 6.904646827314783e-05}, "NANDAULI": {"global_perc": 0.5, "local_perc": 6.904646827314783e-05}, "NARACHH": {"global_perc": 1.0, "local_perc": 6.904646827314783e-05}, "NARANI": {"global_perc": 0.3333333333333333, "local_perc": 6.904646827314783e-05}, "NARAPAKKAM": {"global_perc": 1.0, "local_perc": 6.904646827314783e-05}, "NARAPATPUR": {"global_perc": 1.0, "local_perc": 6.904646827314783e-05}, "NARAV": {"global_perc": 1.0, "local_perc": 0.0002071394048194435}, "NARAYANPUR": {"global_perc": 0.0449438202247191, "local_perc": 0.0002761858730925913}, "NARHI": {"global_perc": 0.5, "local_perc": 6.904646827314783e-05}, "NAROTTAMPUR": {"global_perc": 0.5, "local_perc": 6.904646827314783e-05}, "NARSADA": {"global_perc": 1.0, "local_perc": 6.904646827314783e-05}, "NASIR": {"global_perc": 0.5, "local_perc": 6.904646827314783e-05}, "NASIRPUR": {"global_perc": 0.25, "local_perc": 0.0002761858730925913}, "NATHAIPUR": {"global_perc": 1.0, "local_perc": 6.904646827314783e-05}, "NAUKAGAON": {"global_perc": 1.0, "local_perc": 6.904646827314783e-05}, "NAVABPUR": {"global_perc": 1.0, "local_perc": 6.904646827314783e-05}, "NAVRIA": {"global_perc": 1.0, "local_perc": 6.904646827314783e-05}, "NAWADA": {"global_perc": 0.06451612903225806, "local_perc": 0.00013809293654629565}, "NAWALPUR": {"global_perc": 0.5, "local_perc": 6.904646827314783e-05}, "NAYAGOAN": {"global_perc": 0.5, "local_perc": 6.904646827314783e-05}, "NERKUNDRAM": {"global_perc": 1.0, "local_perc": 6.904646827314783e-05}, "NEWAIZPAR": {"global_perc": 0.25, "local_perc": 6.904646827314783e-05}, "NIBU KABIR PUR": {"global_perc": 1.0, "local_perc": 0.00013809293654629565}, "NIGHARIK": {"global_perc": 1.0, "local_perc": 6.904646827314783e-05}, "NIHARIK": {"global_perc": 1.0, "local_perc": 6.904646827314783e-05}, "NIMAICH": {"global_perc": 1.0, "local_perc": 6.904646827314783e-05}, "NIRDHAVALPUR": {"global_perc": 1.0, "local_perc": 6.904646827314783e-05}, "NIYASI": {"global_perc": 1.0, "local_perc": 6.904646827314783e-05}, "NOTAR": {"global_perc": 1.0, "local_perc": 6.904646827314783e-05}, "NRWARI": {"global_perc": 1.0, "local_perc": 6.904646827314783e-05}, "OBRA": {"global_perc": 1.0, "local_perc": 6.904646827314783e-05}, "ODARHAN": {"global_perc": 1.0, "local_perc": 6.904646827314783e-05}, "OJHA": {"global_perc": 1.0, "local_perc": 6.904646827314783e-05}, "OLAMPUR CHHAPARA": {"global_perc": 1.0, "local_perc": 6.904646827314783e-05}, "PABAPUR": {"global_perc": 1.0, "local_perc": 6.904646827314783e-05}, "PACHIMPUR": {"global_perc": 1.0, "local_perc": 0.0002071394048194435}, "PACHPEDAWA": {"global_perc": 0.25, "local_perc": 6.904646827314783e-05}, "PADAULI": {"global_perc": 1.0, "local_perc": 6.904646827314783e-05}, "PADROUNA BUJURG": {"global_perc": 1.0, "local_perc": 6.904646827314783e-05}, "PAHARI": {"global_perc": 0.1111111111111111, "local_perc": 6.904646827314783e-05}, "PAHRAJPUR": {"global_perc": 1.0, "local_perc": 6.904646827314783e-05}, "PAIGAMBARPUR": {"global_perc": 1.0, "local_perc": 6.904646827314783e-05}, "PAKAKOT": {"global_perc": 1.0, "local_perc": 6.904646827314783e-05}, "PAKKA KOT": {"global_perc": 1.0, "local_perc": 6.904646827314783e-05}, "PAKKAKIT": {"global_perc": 1.0, "local_perc": 6.904646827314783e-05}, "PAKVAENAR": {"global_perc": 1.0, "local_perc": 0.00013809293654629565}, "PALIYA KHAS": {"global_perc": 1.0, "local_perc": 6.904646827314783e-05}, "PALIYASHAMBHUPUR": {"global_perc": 1.0, "local_perc": 6.904646827314783e-05}, "PALLIKKADU": {"global_perc": 1.0, "local_perc": 6.904646827314783e-05}, "PANDAULI": {"global_perc": 1.0, "local_perc": 6.904646827314783e-05}, "PANDAY": {"global_perc": 1.0, "local_perc": 6.904646827314783e-05}, "PANDEYA PUR": {"global_perc": 1.0, "local_perc": 6.904646827314783e-05}, "PANDEYPUR": {"global_perc": 0.2, "local_perc": 6.904646827314783e-05}, "PANDRA": {"global_perc": 0.3333333333333333, "local_perc": 6.904646827314783e-05}, "PARASHURAM PUR": {"global_perc": 1.0, "local_perc": 6.904646827314783e-05}, "PARBATPUR": {"global_perc": 0.25, "local_perc": 6.904646827314783e-05}, "PARSHURAMPUR": {"global_perc": 0.5, "local_perc": 6.904646827314783e-05}, "PARSIYA": {"global_perc": 0.15384615384615385, "local_perc": 0.00013809293654629565}, "PARSIYARUP PUR": {"global_perc": 1.0, "local_perc": 6.904646827314783e-05}, "PASCHIMPUR": {"global_perc": 1.0, "local_perc": 6.904646827314783e-05}, "PASHUHARI": {"global_perc": 1.0, "local_perc": 6.904646827314783e-05}, "PATAHATU": {"global_perc": 1.0, "local_perc": 6.904646827314783e-05}, "PATERAWA": {"global_perc": 1.0, "local_perc": 6.904646827314783e-05}, "PATH KUALI": {"global_perc": 1.0, "local_perc": 6.904646827314783e-05}, "PATHKAULI": {"global_perc": 0.5, "local_perc": 6.904646827314783e-05}, "PATHKHAULI": {"global_perc": 0.1111111111111111, "local_perc": 6.904646827314783e-05}, "PATLOT": {"global_perc": 1.0, "local_perc": 6.904646827314783e-05}, "PATTI JAMANPYAGPUR": {"global_perc": 1.0, "local_perc": 6.904646827314783e-05}, "PHULBARI": {"global_perc": 0.2, "local_perc": 6.904646827314783e-05}, "PIDAICH": {"global_perc": 1.0, "local_perc": 6.904646827314783e-05}, "PILUI": {"global_perc": 1.0, "local_perc": 6.904646827314783e-05}, "PINDHARA": {"global_perc": 1.0, "local_perc": 6.904646827314783e-05}, "PIPARAHI": {"global_perc": 1.0, "local_perc": 6.904646827314783e-05}, "PIPARIYA": {"global_perc": 0.08333333333333333, "local_perc": 6.904646827314783e-05}, "PIPRA": {"global_perc": 0.05263157894736842, "local_perc": 6.904646827314783e-05}, "PIPRA GODHAR": {"global_perc": 1.0, "local_perc": 6.904646827314783e-05}, "PIPRULI": {"global_perc": 1.0, "local_perc": 6.904646827314783e-05}, "PRADIYA KHURD": {"global_perc": 1.0, "local_perc": 6.904646827314783e-05}, "PRANPUR": {"global_perc": 0.36363636363636365, "local_perc": 0.0002761858730925913}, "PRASADPUR": {"global_perc": 0.75, "local_perc": 0.0002071394048194435}, "PRATAPPAHI": {"global_perc": 1.0, "local_perc": 6.904646827314783e-05}, "PUNAJUR STATE FOREST": {"global_perc": 1.0, "local_perc": 6.904646827314783e-05}, "PURA": {"global_perc": 0.09090909090909091, "local_perc": 6.904646827314783e-05}, "PURALAL": {"global_perc": 1.0, "local_perc": 6.904646827314783e-05}, "PURANDHA": {"global_perc": 0.5, "local_perc": 0.00013809293654629565}, "PURE HAVAN": {"global_perc": 1.0, "local_perc": 6.904646827314783e-05}, "PUREBARIYAR": {"global_perc": 1.0, "local_perc": 6.904646827314783e-05}, "PURSHOTUMPUR": {"global_perc": 0.5, "local_perc": 6.904646827314783e-05}, "PURUNABALICHUA": {"global_perc": 1.0, "local_perc": 6.904646827314783e-05}, "PURUSOTAM PATTI": {"global_perc": 1.0, "local_perc": 6.904646827314783e-05}, "RADDIPUR": {"global_perc": 1.0, "local_perc": 6.904646827314783e-05}, "RADHOPUR": {"global_perc": 0.25, "local_perc": 6.904646827314783e-05}, "RADIPUR": {"global_perc": 0.3333333333333333, "local_perc": 6.904646827314783e-05}, "RAGHUNATHPUR": {"global_perc": 0.038461538461538464, "local_perc": 0.00013809293654629565}, "RAJAPUR": {"global_perc": 0.038461538461538464, "local_perc": 6.904646827314783e-05}, "RAJPUR": {"global_perc": 0.04, "local_perc": 6.904646827314783e-05}, "RAM LACHHAN": {"global_perc": 1.0, "local_perc": 6.904646827314783e-05}, "RAMGARH": {"global_perc": 0.01694915254237288, "local_perc": 6.904646827314783e-05}, "RAMGARWA": {"global_perc": 1.0, "local_perc": 0.00013809293654629565}, "RAMNA": {"global_perc": 1.0, "local_perc": 6.904646827314783e-05}, "RAMPUR": {"global_perc": 0.03597122302158273, "local_perc": 0.0003452323413657391}, "RAMPUR KALA": {"global_perc": 0.5, "local_perc": 6.904646827314783e-05}, "RAMSINGHPUR": {"global_perc": 0.16666666666666666, "local_perc": 6.904646827314783e-05}, "RANGAPATTI": {"global_perc": 0.5, "local_perc": 6.904646827314783e-05}, "RANIPOKHRI": {"global_perc": 0.5, "local_perc": 0.00013809293654629565}, "RASARA": {"global_perc": 0.5, "local_perc": 6.904646827314783e-05}, "RASRA": {"global_perc": 1.0, "local_perc": 0.0003452323413657391}, "RASUBARA": {"global_perc": 1.0, "local_perc": 6.904646827314783e-05}, "RASULPUR": {"global_perc": 0.043478260869565216, "local_perc": 6.904646827314783e-05}, "RATANARI": {"global_perc": 1.0, "local_perc": 6.904646827314783e-05}, "RATNAG": {"global_perc": 0.3333333333333333, "local_perc": 6.904646827314783e-05}, "RATNAULI": {"global_perc": 1.0, "local_perc": 0.00013809293654629565}, "RATSAR": {"global_perc": 1.0, "local_perc": 0.00013809293654629565}, "RATSHAR KALA": {"global_perc": 1.0, "local_perc": 6.904646827314783e-05}, "REWATI": {"global_perc": 1.0, "local_perc": 0.00013809293654629565}, "RIGVAN": {"global_perc": 1.0, "local_perc": 6.904646827314783e-05}, "RIGWAN": {"global_perc": 1.0, "local_perc": 0.00013809293654629565}, "RIKHIYA": {"global_perc": 0.14285714285714285, "local_perc": 6.904646827314783e-05}, "ROHELA HAJI UTTAR": {"global_perc": 0.5, "local_perc": 6.904646827314783e-05}, "ROHUA": {"global_perc": 1.0, "local_perc": 6.904646827314783e-05}, "ROHUWA": {"global_perc": 1.0, "local_perc": 6.904646827314783e-05}, "ROORKEE": {"global_perc": 0.6666666666666666, "local_perc": 0.00013809293654629565}, "ROWAHALI": {"global_perc": 1.0, "local_perc": 6.904646827314783e-05}, "ROWAHLI": {"global_perc": 0.5, "local_perc": 6.904646827314783e-05}, "RUDRAWAR": {"global_perc": 1.0, "local_perc": 6.904646827314783e-05}, "RUKUNPURA": {"global_perc": 0.75, "local_perc": 0.0002071394048194435}, "SADAT MALAUT": {"global_perc": 1.0, "local_perc": 6.904646827314783e-05}, "SAGAHRIYA": {"global_perc": 1.0, "local_perc": 6.904646827314783e-05}, "SAGAR PALI": {"global_perc": 1.0, "local_perc": 6.904646827314783e-05}, "SAHANSHAHPUR": {"global_perc": 1.0, "local_perc": 6.904646827314783e-05}, "SAHATWAR": {"global_perc": 1.0, "local_perc": 6.904646827314783e-05}, "SAHMALPUR": {"global_perc": 1.0, "local_perc": 6.904646827314783e-05}, "SAIDPUR": {"global_perc": 0.0625, "local_perc": 6.904646827314783e-05}, "SAJAI": {"global_perc": 0.5, "local_perc": 6.904646827314783e-05}, "SAKALDEEHA": {"global_perc": 0.3333333333333333, "local_perc": 6.904646827314783e-05}, "SAKARPURA": {"global_perc": 0.5, "local_perc": 6.904646827314783e-05}, "SAKHRUA BUJURG": {"global_perc": 1.0, "local_perc": 6.904646827314783e-05}, "SALEMPUR": {"global_perc": 0.11538461538461539, "local_perc": 0.0002071394048194435}, "SALIAGOCHHA": {"global_perc": 1.0, "local_perc": 6.904646827314783e-05}, "SALVAHANPUR": {"global_perc": 1.0, "local_perc": 6.904646827314783e-05}, "SAMSEK PUR": {"global_perc": 1.0, "local_perc": 6.904646827314783e-05}, "SAMTHA": {"global_perc": 1.0, "local_perc": 6.904646827314783e-05}, "SANGHANATH": {"global_perc": 1.0, "local_perc": 6.904646827314783e-05}, "SANKESHWAR TOWN": {"global_perc": 1.0, "local_perc": 6.904646827314783e-05}, "SANSARIPUR": {"global_perc": 0.3333333333333333, "local_perc": 6.904646827314783e-05}, "SANTANPUR": {"global_perc": 1.0, "local_perc": 6.904646827314783e-05}, "SAPARUM": {"global_perc": 1.0, "local_perc": 0.00013809293654629565}, "SAPERU": {"global_perc": 0.5, "local_perc": 6.904646827314783e-05}, "SAR": {"global_perc": 1.0, "local_perc": 6.904646827314783e-05}, "SARAIA": {"global_perc": 0.25, "local_perc": 6.904646827314783e-05}, "SARAIYA": {"global_perc": 0.0625, "local_perc": 6.904646827314783e-05}, "SARAKPUR": {"global_perc": 0.6666666666666666, "local_perc": 0.00013809293654629565}, "SARANG PUR": {"global_perc": 1.0, "local_perc": 6.904646827314783e-05}, "SARANGPUR": {"global_perc": 0.3333333333333333, "local_perc": 0.00013809293654629565}, "SARANK": {"global_perc": 1.0, "local_perc": 6.904646827314783e-05}, "SARDAM": {"global_perc": 0.25, "local_perc": 6.904646827314783e-05}, "SARKAMI": {"global_perc": 0.5, "local_perc": 6.904646827314783e-05}, "SARUA": {"global_perc": 0.3333333333333333, "local_perc": 6.904646827314783e-05}, "SARWAR KAKAR GHATTI": {"global_perc": 1.0, "local_perc": 0.0002761858730925913}, "SARYA": {"global_perc": 0.3333333333333333, "local_perc": 6.904646827314783e-05}, "SAVAN": {"global_perc": 1.0, "local_perc": 6.904646827314783e-05}, "SAWATWAR": {"global_perc": 1.0, "local_perc": 6.904646827314783e-05}, "SEDMAKPUR": {"global_perc": 1.0, "local_perc": 6.904646827314783e-05}, "SEMARI": {"global_perc": 0.07692307692307693, "local_perc": 6.904646827314783e-05}, "SEMRI TIWARI": {"global_perc": 1.0, "local_perc": 0.0002071394048194435}, "SEMRIYA": {"global_perc": 0.5, "local_perc": 6.904646827314783e-05}, "SEMUAR KHANPUR": {"global_perc": 1.0, "local_perc": 6.904646827314783e-05}, "SERIYA": {"global_perc": 0.5, "local_perc": 6.904646827314783e-05}, "SEWAL": {"global_perc": 1.0, "local_perc": 6.904646827314783e-05}, "SHAHGARH": {"global_perc": 0.25, "local_perc": 6.904646827314783e-05}, "SHAHPAR TITIHA": {"global_perc": 1.0, "local_perc": 6.904646827314783e-05}, "SHAHPUR": {"global_perc": 0.08928571428571429, "local_perc": 0.0003452323413657391}, "SHAHPUR AFGA": {"global_perc": 1.0, "local_perc": 6.904646827314783e-05}, "SHANKARPUR": {"global_perc": 0.03225806451612903, "local_perc": 6.904646827314783e-05}, "SHASHIN": {"global_perc": 1.0, "local_perc": 6.904646827314783e-05}, "SHEETAL CHAWNI": {"global_perc": 1.0, "local_perc": 6.904646827314783e-05}, "SHEKHA KALA": {"global_perc": 1.0, "local_perc": 6.904646827314783e-05}, "SHEKPUR": {"global_perc": 1.0, "local_perc": 6.904646827314783e-05}, "SHIVPUR": {"global_perc": 0.13636363636363635, "local_perc": 0.0002071394048194435}, "SHIVRAM PATTI": {"global_perc": 1.0, "local_perc": 6.904646827314783e-05}, "SHIVRAMPUR": {"global_perc": 0.4, "local_perc": 0.00013809293654629565}, "SIHANCHAOUR KALAN": {"global_perc": 1.0, "local_perc": 6.904646827314783e-05}, "SIHANCHOUR KALAN": {"global_perc": 1.0, "local_perc": 6.904646827314783e-05}, "SIHANPUR": {"global_perc": 1.0, "local_perc": 6.904646827314783e-05}, "SIHORIYA": {"global_perc": 0.5, "local_perc": 6.904646827314783e-05}, "SIKANDARPUR": {"global_perc": 0.10526315789473684, "local_perc": 0.00013809293654629565}, "SIKRIA": {"global_perc": 0.5, "local_perc": 6.904646827314783e-05}, "SILADON": {"global_perc": 0.3333333333333333, "local_perc": 6.904646827314783e-05}, "SIMARIA": {"global_perc": 1.0, "local_perc": 6.904646827314783e-05}, "SINGAHI": {"global_perc": 0.5, "local_perc": 6.904646827314783e-05}, "SINGHAPUR": {"global_perc": 0.6666666666666666, "local_perc": 0.00013809293654629565}, "SIPAR": {"global_perc": 1.0, "local_perc": 6.904646827314783e-05}, "SISIA": {"global_perc": 0.3333333333333333, "local_perc": 6.904646827314783e-05}, "SIVAN KALA": {"global_perc": 1.0, "local_perc": 0.00013809293654629565}, "SIVAN KALAN": {"global_perc": 1.0, "local_perc": 6.904646827314783e-05}, "SIYORI": {"global_perc": 1.0, "local_perc": 6.904646827314783e-05}, "SIYORI PREM RAZA": {"global_perc": 1.0, "local_perc": 0.00013809293654629565}, "SODAG": {"global_perc": 1.0, "local_perc": 6.904646827314783e-05}, "SODHI": {"global_perc": 1.0, "local_perc": 6.904646827314783e-05}, "SOMAPALI": {"global_perc": 1.0, "local_perc": 6.904646827314783e-05}, "SONAPALI": {"global_perc": 1.0, "local_perc": 6.904646827314783e-05}, "SONBARSA": {"global_perc": 0.06666666666666667, "local_perc": 6.904646827314783e-05}, "SONWARSA": {"global_perc": 0.3333333333333333, "local_perc": 6.904646827314783e-05}, "SUGAPUR": {"global_perc": 1.0, "local_perc": 6.904646827314783e-05}, "SUJAYAT": {"global_perc": 1.0, "local_perc": 0.00013809293654629565}, "SUKHASAN": {"global_perc": 0.14285714285714285, "local_perc": 6.904646827314783e-05}, "SUKHPURA": {"global_perc": 0.3333333333333333, "local_perc": 6.904646827314783e-05}, "SULTANPUR": {"global_perc": 0.017857142857142856, "local_perc": 6.904646827314783e-05}, "SUNNAM JOTE": {"global_perc": 1.0, "local_perc": 6.904646827314783e-05}, "SUPAPALI": {"global_perc": 1.0, "local_perc": 6.904646827314783e-05}, "SURAHI": {"global_perc": 1.0, "local_perc": 0.00013809293654629565}, "SURAPUR": {"global_perc": 0.5, "local_perc": 6.904646827314783e-05}, "SURATIYA": {"global_perc": 1.0, "local_perc": 6.904646827314783e-05}, "SURHIYA": {"global_perc": 0.3333333333333333, "local_perc": 6.904646827314783e-05}, "SURIYA": {"global_perc": 0.5, "local_perc": 6.904646827314783e-05}, "SURJANPUR": {"global_perc": 0.2, "local_perc": 6.904646827314783e-05}, "TADARWA": {"global_perc": 1.0, "local_perc": 6.904646827314783e-05}, "TAGHRAULI": {"global_perc": 1.0, "local_perc": 6.904646827314783e-05}, "TAHIRPUR": {"global_perc": 0.6666666666666666, "local_perc": 0.00013809293654629565}, "TAHTHRA": {"global_perc": 1.0, "local_perc": 6.904646827314783e-05}, "TAJPUR": {"global_perc": 0.08333333333333333, "local_perc": 6.904646827314783e-05}, "TAKARASAN": {"global_perc": 1.0, "local_perc": 6.904646827314783e-05}, "TANDWA": {"global_perc": 0.25, "local_perc": 0.00013809293654629565}, "TAPPU RAGUNATHPUR": {"global_perc": 0.5, "local_perc": 6.904646827314783e-05}, "TARAPUR": {"global_perc": 0.05, "local_perc": 6.904646827314783e-05}, "TARDIHA": {"global_perc": 0.2, "local_perc": 6.904646827314783e-05}, "TARDILA": {"global_perc": 1.0, "local_perc": 6.904646827314783e-05}, "TARKOT": {"global_perc": 1.0, "local_perc": 6.904646827314783e-05}, "TARNA": {"global_perc": 0.5, "local_perc": 6.904646827314783e-05}, "TARTO": {"global_perc": 1.0, "local_perc": 6.904646827314783e-05}, "TEGRAHI": {"global_perc": 1.0, "local_perc": 6.904646827314783e-05}, "TEKURI": {"global_perc": 1.0, "local_perc": 6.904646827314783e-05}, "THARRIYA": {"global_perc": 1.0, "local_perc": 6.904646827314783e-05}, "TIBBI KALAN": {"global_perc": 0.25, "local_perc": 6.904646827314783e-05}, "TIKARI": {"global_perc": 0.125, "local_perc": 6.904646827314783e-05}, "TIKRI KHURD": {"global_perc": 1.0, "local_perc": 6.904646827314783e-05}, "TIPIJHARI": {"global_perc": 1.0, "local_perc": 6.904646827314783e-05}, "TIUYRAK": {"global_perc": 1.0, "local_perc": 6.904646827314783e-05}, "TIWARIPUR": {"global_perc": 0.06666666666666667, "local_perc": 6.904646827314783e-05}, "TIYRAKALA": {"global_perc": 1.0, "local_perc": 0.00013809293654629565}, "TODAVA": {"global_perc": 1.0, "local_perc": 6.904646827314783e-05}, "TOE MAKHOWAL": {"global_perc": 0.5, "local_perc": 6.904646827314783e-05}, "TOKRI KALA": {"global_perc": 1.0, "local_perc": 6.904646827314783e-05}, "TOLA SIPAHIYA": {"global_perc": 0.5, "local_perc": 6.904646827314783e-05}, "TRILOK MANDA": {"global_perc": 1.0, "local_perc": 6.904646827314783e-05}, "TUKBERA": {"global_perc": 0.5, "local_perc": 6.904646827314783e-05}, "TURKI DAULATPUR": {"global_perc": 1.0, "local_perc": 6.904646827314783e-05}, "TUSMU": {"global_perc": 1.0, "local_perc": 6.904646827314783e-05}, "Tengkigittim": {"global_perc": 0.16666666666666666, "local_perc": 6.904646827314783e-05}, "Tibbi Kalan": {"global_perc": 1.0, "local_perc": 6.904646827314783e-05}, "UCHERA": {"global_perc": 1.0, "local_perc": 6.904646827314783e-05}, "UDAMANDA": {"global_perc": 1.0, "local_perc": 0.00013809293654629565}, "UDAYPUR": {"global_perc": 0.16666666666666666, "local_perc": 0.00013809293654629565}, "UDHARAN": {"global_perc": 1.0, "local_perc": 6.904646827314783e-05}, "UDHRAN": {"global_perc": 1.0, "local_perc": 6.904646827314783e-05}, "UKACHHI": {"global_perc": 1.0, "local_perc": 6.904646827314783e-05}, "UKTHI": {"global_perc": 1.0, "local_perc": 6.904646827314783e-05}, "UMAR PUR": {"global_perc": 1.0, "local_perc": 6.904646827314783e-05}, "URMAR": {"global_perc": 1.0, "local_perc": 6.904646827314783e-05}, "USRAULI": {"global_perc": 1.0, "local_perc": 6.904646827314783e-05}, "VAAR": {"global_perc": 0.3333333333333333, "local_perc": 6.904646827314783e-05}, "VAKARPUR": {"global_perc": 1.0, "local_perc": 6.904646827314783e-05}, "VAMNIYAB": {"global_perc": 1.0, "local_perc": 6.904646827314783e-05}, "VAMTARI": {"global_perc": 1.0, "local_perc": 6.904646827314783e-05}, "VANSIPUR": {"global_perc": 1.0, "local_perc": 0.00013809293654629565}, "VARESAR KHAS": {"global_perc": 1.0, "local_perc": 6.904646827314783e-05}, "VEERAPATTI": {"global_perc": 1.0, "local_perc": 0.00013809293654629565}, "VEERPUR": {"global_perc": 0.058823529411764705, "local_perc": 6.904646827314783e-05}, "VEERSINGHPUR": {"global_perc": 0.3333333333333333, "local_perc": 6.904646827314783e-05}, "VELLALAPATTI": {"global_perc": 0.5, "local_perc": 6.904646827314783e-05}, "VERSARA KALA": {"global_perc": 1.0, "local_perc": 6.904646827314783e-05}, "VERUAWARI": {"global_perc": 1.0, "local_perc": 6.904646827314783e-05}, "VIRAMPUR": {"global_perc": 1.0, "local_perc": 6.904646827314783e-05}, "VIRPUR": {"global_perc": 0.2, "local_perc": 6.904646827314783e-05}, "VISHANUPUR": {"global_perc": 1.0, "local_perc": 0.00013809293654629565}, "VISHUNPUR": {"global_perc": 0.09090909090909091, "local_perc": 6.904646827314783e-05}, "VISHUNPURA": {"global_perc": 0.16666666666666666, "local_perc": 6.904646827314783e-05}, "WAHWALPUR": {"global_perc": 1.0, "local_perc": 6.904646827314783e-05}, "YADVA": {"global_perc": 1.0, "local_perc": 6.904646827314783e-05}}, "partition_field": "Near_Vil_Tow_Nam_hav_Prim_School", "Vil_Nam": "Solina", "Stat_Nam": "JAMMU & KASHMIR"}, {"data": [["Mat_An_Chil_Wel_Cen_Num", 3.0], ["Mat_An_Chil_Wel_Cen_Par_Med_Staf_Tot_Stren_Num", 2.0], 1.5], "data_low": {"Stat_Nam": "West Bengal", "Vil_Nam": "Palaspuli", "Mat_An_Chil_Wel_Cen_Num": "3", "Mat_An_Chil_Wel_Cen_Par_Med_Staf_Tot_Stren_Num": "2", "id": 318087}, "data_high": {"Stat_Nam": "West Bengal", "Vil_Nam": "Palaspuli", "Mat_An_Chil_Wel_Cen_Num": "3", "Mat_An_Chil_Wel_Cen_Par_Med_Staf_Tot_Stren_Num": "2", "id": 318087}, "perc": 0.0004817535830422739, "metric": 99.99951774631934, "value_global_local": {}, "partition_field": null, "Vil_Nam": "Palaspuli", "Stat_Nam": "West Bengal"}, {"data": [["Mat_An_Chil_Wel_Cen_Num", 4.0], ["Mat_An_Chil_Wel_Cen_Par_Med_Staf_Tot_Stren_Num", 2.0], 2.0], "data_low": {"Stat_Nam": "JAMMU & KASHMIR", "Vil_Nam": "Tantna", "Mat_An_Chil_Wel_Cen_Num": "2", "Mat_An_Chil_Wel_Cen_Par_Med_Staf_Tot_Stren_Num": "1", "id": 4093}, "data_high": {"Stat_Nam": "Punjab", "Vil_Nam": "Heir (347)", "Mat_An_Chil_Wel_Cen_Num": "6", "Mat_An_Chil_Wel_Cen_Par_Med_Staf_Tot_Stren_Num": "3", "id": 37406}, "perc": 0.0030511060259344014, "metric": 99.99694789380455, "value_global_local": {}, "partition_field": null, "Vil_Nam": "Chander Hama", "Stat_Nam": "JAMMU & KASHMIR"}, {"data": [["Mat_An_Chil_Wel_Cen_Num", 5.0], ["Mat_An_Chil_Wel_Cen_Par_Med_Staf_Tot_Stren_Num", 2.0], 2.5], "data_low": {"Stat_Nam": "West Bengal", "Vil_Nam": "Nutandanga", "Mat_An_Chil_Wel_Cen_Num": "5", "Mat_An_Chil_Wel_Cen_Par_Med_Staf_Tot_Stren_Num": "2", "id": 317224}, "data_high": {"Stat_Nam": "West Bengal", "Vil_Nam": "Nutandanga", "Mat_An_Chil_Wel_Cen_Num": "5", "Mat_An_Chil_Wel_Cen_Par_Med_Staf_Tot_Stren_Num": "2", "id": 317224}, "perc": 0.0004817535830422739, "metric": 99.99951674612414, "value_global_local": {}, "partition_field": null, "Vil_Nam": "Nutandanga", "Stat_Nam": "West Bengal"}, {"data": [["Mat_An_Chil_Wel_Cen_Num", 3.0], ["Mat_An_Chil_Wel_Cen_Par_Med_Staf_Tot_Stren_Num", 1.0], 3.0], "data_low": {"Stat_Nam": "Punjab", "Vil_Nam": "Kaire (429)", "Mat_An_Chil_Wel_Cen_Num": "3", "Mat_An_Chil_Wel_Cen_Par_Med_Staf_Tot_Stren_Num": "1", "id": 39735}, "data_high": {"Stat_Nam": "Punjab", "Vil_Nam": "Kaire (429)", "Mat_An_Chil_Wel_Cen_Num": "3", "Mat_An_Chil_Wel_Cen_Par_Med_Staf_Tot_Stren_Num": "1", "id": 39735}, "perc": 0.0003211690553615159, "metric": 99.999676830551, "value_global_local": {}, "partition_field": null, "Vil_Nam": "Kaire (429)", "Stat_Nam": "Punjab"}, {"data": [["Mat_An_Chil_Wel_Cen_Num", 4.0], ["Mat_An_Chil_Wel_Cen_Par_Med_Staf_Tot_Stren_Num", 1.0], 4.0], "data_low": {"Stat_Nam": "Punjab", "Vil_Nam": "Mohan Ke Hithar (172)", "Mat_An_Chil_Wel_Cen_Num": "4", "Mat_An_Chil_Wel_Cen_Par_Med_Staf_Tot_Stren_Num": "1", "id": 34620}, "data_high": {"Stat_Nam": "Punjab", "Vil_Nam": "Mohan Ke Hithar (172)", "Mat_An_Chil_Wel_Cen_Num": "4", "Mat_An_Chil_Wel_Cen_Par_Med_Staf_Tot_Stren_Num": "1", "id": 34620}, "perc": 0.0003211690553615159, "metric": 99.99967583035418, "value_global_local": {}, "partition_field": null, "Vil_Nam": "Mohan Ke Hithar (172)", "Stat_Nam": "Punjab"}, {"data": [["Mat_An_Chil_Wel_Cen_Num", 5.0], ["Mat_An_Chil_Wel_Cen_Par_Med_Staf_Tot_Stren_Num", 1.0], 5.0], "data_low": {"Stat_Nam": "West Bengal", "Vil_Nam": "Bamuha", "Mat_An_Chil_Wel_Cen_Num": "5", "Mat_An_Chil_Wel_Cen_Par_Med_Staf_Tot_Stren_Num": "1", "id": 312570}, "data_high": {"Stat_Nam": "West Bengal", "Vil_Nam": "Bamuha", "Mat_An_Chil_Wel_Cen_Num": "5", "Mat_An_Chil_Wel_Cen_Par_Med_Staf_Tot_Stren_Num": "1", "id": 312570}, "perc": 0.0003211690553615159, "metric": 99.99967483015736, "value_global_local": {}, "partition_field": null, "Vil_Nam": "Bamuha", "Stat_Nam": "West Bengal"}, {"data": [["Mat_An_Chil_Wel_Cen_Num", 1.0], ["Mat_An_Chil_Wel_Cen_Par_Med_Staf_Tot_Stren_Num", 0.0], 9999], "data_low": {"Stat_Nam": "JAMMU & KASHMIR", "Vil_Nam": "Putushy", "Mat_An_Chil_Wel_Cen_Num": "1", "Mat_An_Chil_Wel_Cen_Par_Med_Staf_Tot_Stren_Num": "0", "id": 40}, "data_high": {"Stat_Nam": "West Bengal", "Vil_Nam": "Deotala", "Mat_An_Chil_Wel_Cen_Num": "8", "Mat_An_Chil_Wel_Cen_Par_Med_Staf_Tot_Stren_Num": "", "id": 311315}, "perc": 0.4793448151270625, "metric": 99.51070311945399, "value_global_local": {"ANDAMAN & NICOBAR ISLANDS": {"global_perc": 0.018018018018018018, "local_perc": 0.0033500837520938024}, "BIHAR": {"global_perc": 0.0010028078620136383, "local_perc": 0.01507537688442211}, "Dadra & Nagar Haveli": {"global_perc": 0.03076923076923077, "local_perc": 0.0006700167504187605}, "HIMACHAL PRADESH": {"global_perc": 0.004929917834702755, "local_perc": 0.034170854271356785}, "JAMMU & KASHMIR": {"global_perc": 0.00610407446970853, "local_perc": 0.01340033500837521}, "JHARKHAND": {"global_perc": 0.001883064765079953, "local_perc": 0.020435510887772193}, "MADHYA PRADESH": {"global_perc": 0.00841484071908639, "local_perc": 0.15477386934673368}, "MIZORAM": {"global_perc": 0.01927710843373494, "local_perc": 0.005360134003350084}, "NAGALAND": {"global_perc": 0.0007002801120448179, "local_perc": 0.00033500837520938025}, "PUDUCHERRY": {"global_perc": 0.011111111111111112, "local_perc": 0.00033500837520938025}, "TRIPURA": {"global_perc": 0.002285714285714286, "local_perc": 0.0006700167504187605}, "UTTAR PRADESH": {"global_perc": 0.0077546968363084645, "local_perc": 0.27738693467336684}, "West Bengal": {"global_perc": 0.03518325128052116, "local_perc": 0.474036850921273}}, "partition_field": "Stat_Nam", "Vil_Nam": "Putushy", "Stat_Nam": "JAMMU & KASHMIR"}, {"data": [["Mat_An_Chil_Wel_Cen_Num", 0], ["Mat_An_Chil_Wel_Cen_Par_Med_Staf_Tot_Stren_Num", 0], 99980001], "data_low": {"Stat_Nam": "JAMMU & KASHMIR", "Vil_Nam": "Bore", "Mat_An_Chil_Wel_Cen_Num": "", "Mat_An_Chil_Wel_Cen_Par_Med_Staf_Tot_Stren_Num": "", "id": 0}, "data_high": {"Stat_Nam": "UTTAR PRADESH", "Vil_Nam": "Sirdharpur Ahatmali", "Mat_An_Chil_Wel_Cen_Num": "kk", "Mat_An_Chil_Wel_Cen_Par_Med_Staf_Tot_Stren_Num": "0", "id": 140404}, "perc": 94.55152756031956, "metric": 9.457044070275571e-07, "value_global_local": {"null": {"global_perc": 0.9455152756031956, "local_perc": 1.0}}, "partition_field": "Dist_Other", "Vil_Nam": "Bore", "Stat_Nam": "JAMMU & KASHMIR"}]