[{"data": [["Fam_Wel_Cen_Doc_In_Pos_Num", 0.0], ["Fam_Wel_Cen_Doc_Tot_Stren_Num", 1.0], 0.0], "data_low": {"Stat_Nam": "HIMACHAL PRADESH", "Vil_Nam": "Navei  (217)", "Fam_Wel_Cen_Doc_Tot_Stren_Num": "1", "Fam_Wel_Cen_Doc_In_Pos_Num": "", "id": 7971}, "data_high": {"Stat_Nam": "HIMACHAL PRADESH", "Vil_Nam": "Mahliat  (33)", "Fam_Wel_Cen_Doc_Tot_Stren_Num": "1", "Fam_Wel_Cen_Doc_In_Pos_Num": "0", "id": 6583}, "perc": 0.7695210566461922, "metric": 99.23047993585709, "value_global_local": {"ASSAM": {"global_perc": 0.0002652017427543095, "local_perc": 0.0014607679465776294}, "Arunachal Pradesh": {"global_perc": 0.0001789228842368939, "local_perc": 0.00020868113522537563}, "BIHAR": {"global_perc": 0.010273209430850827, "local_perc": 0.09620200333889817}, "HARYANA": {"global_perc": 0.000146177459435755, "local_perc": 0.00020868113522537563}, "HIMACHAL PRADESH": {"global_perc": 0.0009183180280328661, "local_perc": 0.003964941569282137}, "JHARKHAND": {"global_perc": 0.0036426498734333517, "local_perc": 0.024624373956594323}, "KARNATAKA": {"global_perc": 0.0008520790729379687, "local_perc": 0.005217028380634391}, "MIZORAM": {"global_perc": 0.0012048192771084338, "local_perc": 0.00020868113522537563}, "TRIPURA": {"global_perc": 0.005714285714285714, "local_perc": 0.001043405676126878}, "UTTAR PRADESH": {"global_perc": 0.03793058235150879, "local_perc": 0.8451585976627712}, "UTTARAKHAND": {"global_perc": 0.0016078127791341631, "local_perc": 0.005634390651085142}, "West Bengal": {"global_perc": 0.0019145656173852504, "local_perc": 0.016068447412353925}}, "partition_field": "Stat_Nam", "Vil_Nam": "Mahliat  (33)", "Stat_Nam": "HIMACHAL PRADESH"}, {"data": [["Fam_Wel_Cen_Doc_In_Pos_Num", 1.0], ["Fam_Wel_Cen_Doc_Tot_Stren_Num", 5.0], 0.2], "data_low": {"Stat_Nam": "JHARKHAND", "Vil_Nam": "Gurha", "Fam_Wel_Cen_Doc_Tot_Stren_Num": "5", "Fam_Wel_Cen_Doc_In_Pos_Num": "1", "id": 364629}, "data_high": {"Stat_Nam": "JHARKHAND", "Vil_Nam": "Gurha", "Fam_Wel_Cen_Doc_Tot_Stren_Num": "5", "Fam_Wel_Cen_Doc_In_Pos_Num": "1", "id": 364629}, "perc": 0.0009635071660845478, "metric": 99.99903729298623, "value_global_local": {}, "partition_field": null, "Vil_Nam": "Gurha", "Stat_Nam": "JHARKHAND"}, {"data": [["Fam_Wel_Cen_Doc_In_Pos_Num", 1.0], ["Fam_Wel_Cen_Doc_Tot_Stren_Num", 3.0], 0.3333333333333333], "data_low": {"Stat_Nam": "Punjab", "Vil_Nam": "Katani Kalan (212)", "Fam_Wel_Cen_Doc_Tot_Stren_Num": "3", "Fam_Wel_Cen_Doc_In_Pos_Num": "1", "id": 33180}, "data_high": {"Stat_Nam": "UTTAR PRADESH", "Vil_Nam": "Bhedi Danda", "Fam_Wel_Cen_Doc_Tot_Stren_Num": "8", "Fam_Wel_Cen_Doc_In_Pos_Num": "3", "id": 153211}, "perc": 0.0049781203581034964, "metric": 99.99502254640872, "value_global_local": {"JHARKHAND": {"global_perc": 6.173982836327716e-05, "local_perc": 0.06451612903225806}, "KARNATAKA": {"global_perc": 3.408316291751875e-05, "local_perc": 0.03225806451612903}, "MADHYA PRADESH": {"global_perc": 7.285576380161376e-05, "local_perc": 0.12903225806451613}, "Punjab": {"global_perc": 0.00015896987520864795, "local_perc": 0.06451612903225806}, "TRIPURA": {"global_perc": 0.0034285714285714284, "local_perc": 0.0967741935483871}, "Tamil Nadu": {"global_perc": 0.0006258213905751299, "local_perc": 0.3225806451612903}, "UTTAR PRADESH": {"global_perc": 6.555903122483001e-05, "local_perc": 0.22580645161290322}, "West Bengal": {"global_perc": 4.972897707494157e-05, "local_perc": 0.06451612903225806}}, "partition_field": "Stat_Nam", "Vil_Nam": "Katani Kalan (212)", "Stat_Nam": "Punjab"}, {"data": [["Fam_Wel_Cen_Doc_In_Pos_Num", 1.0], ["Fam_Wel_Cen_Doc_Tot_Stren_Num", 2.0], 0.5], "data_low": {"Stat_Nam": "JAMMU & KASHMIR", "Vil_Nam": "Nawgam", "Fam_Wel_Cen_Doc_Tot_Stren_Num": "2", "Fam_Wel_Cen_Doc_In_Pos_Num": "1", "id": 256}, "data_high": {"Stat_Nam": "Tamil Nadu", "Vil_Nam": "Cherangode", "Fam_Wel_Cen_Doc_Tot_Stren_Num": "10", "Fam_Wel_Cen_Doc_In_Pos_Num": "6", "id": 612459}, "perc": 0.14613192018948976, "metric": 99.8538685791797, "value_global_local": {"ANDHRA PRADESH": {"global_perc": 0.0003237410071942446, "local_perc": 0.00989010989010989}, "ASSAM": {"global_perc": 0.00037885963250615644, "local_perc": 0.01098901098901099}, "BIHAR": {"global_perc": 0.001381646387663235, "local_perc": 0.06813186813186813}, "HARYANA": {"global_perc": 0.00029235491887151, "local_perc": 0.002197802197802198}, "HIMACHAL PRADESH": {"global_perc": 0.0002416626389560174, "local_perc": 0.005494505494505495}, "JAMMU & KASHMIR": {"global_perc": 0.000610407446970853, "local_perc": 0.004395604395604396}, "JHARKHAND": {"global_perc": 0.00030869914181638574, "local_perc": 0.01098901098901099}, "KARNATAKA": {"global_perc": 0.0014314928425357874, "local_perc": 0.046153846153846156}, "MADHYA PRADESH": {"global_perc": 0.0006192739923137169, "local_perc": 0.03736263736263736}, "ODISHA": {"global_perc": 0.008652778048447761, "local_perc": 0.4879120879120879}, "PUDUCHERRY": {"global_perc": 0.011111111111111112, "local_perc": 0.001098901098901099}, "Punjab": {"global_perc": 0.0003974246880216199, "local_perc": 0.005494505494505495}, "RAJASTHAN": {"global_perc": 0.0003133954154727794, "local_perc": 0.015384615384615385}, "SIKKIM": {"global_perc": 0.011086474501108648, "local_perc": 0.005494505494505495}, "TRIPURA": {"global_perc": 0.005714285714285714, "local_perc": 0.005494505494505495}, "Tamil Nadu": {"global_perc": 0.010138306527317103, "local_perc": 0.17802197802197803}, "UTTAR PRADESH": {"global_perc": 0.0005806657051342087, "local_perc": 0.06813186813186813}, "UTTARAKHAND": {"global_perc": 0.0013100696718870957, "local_perc": 0.024175824175824177}, "West Bengal": {"global_perc": 0.0002983738624496494, "local_perc": 0.013186813186813187}}, "partition_field": "Stat_Nam", "Vil_Nam": "Nawgam", "Stat_Nam": "JAMMU & KASHMIR"}, {"data": [["Fam_Wel_Cen_Doc_In_Pos_Num", 2.0], ["Fam_Wel_Cen_Doc_Tot_Stren_Num", 3.0], 0.6666666666666666], "data_low": {"Stat_Nam": "JAMMU & KASHMIR", "Vil_Nam": "Hangah", "Fam_Wel_Cen_Doc_Tot_Stren_Num": "3", "Fam_Wel_Cen_Doc_In_Pos_Num": "2", "id": 286}, "data_high": {"Stat_Nam": "JHARKHAND", "Vil_Nam": "Kantu", "Fam_Wel_Cen_Doc_Tot_Stren_Num": "9", "Fam_Wel_Cen_Doc_In_Pos_Num": "6", "id": 371875}, "perc": 0.022481833875306115, "metric": 99.97751849944974, "value_global_local": {"": {"global_perc": 0.0002324407276144583, "local_perc": 0.6642857142857143}, "0": {"global_perc": 0.0048125633232016215, "local_perc": 0.1357142857142857}, "a": {"global_perc": 7.281730139081045e-05, "local_perc": 0.02857142857142857}, "b": {"global_perc": 0.00010794939332440952, "local_perc": 0.07142857142857142}, "c": {"global_perc": 0.00019688638249398794, "local_perc": 0.1}}, "partition_field": "Dist_Nut_Cen_Other", "Vil_Nam": "Hangah", "Stat_Nam": "JAMMU & KASHMIR"}, {"data": [["Fam_Wel_Cen_Doc_In_Pos_Num", 7.0], ["Fam_Wel_Cen_Doc_Tot_Stren_Num", 9.0], 0.7777777777777778], "data_low": {"Stat_Nam": "Tamil Nadu", "Vil_Nam": "Pamban", "Fam_Wel_Cen_Doc_Tot_Stren_Num": "12", "Fam_Wel_Cen_Doc_In_Pos_Num": "10", "id": 619437}, "data_high": {"Stat_Nam": "UTTAR PRADESH", "Vil_Nam": "Kotawa", "Fam_Wel_Cen_Doc_Tot_Stren_Num": "10", "Fam_Wel_Cen_Doc_In_Pos_Num": "8", "id": 199054}, "perc": 0.0024087679152113694, "metric": 99.99759145434611, "value_global_local": {}, "partition_field": null, "Vil_Nam": "Bhinga Dehati", "Stat_Nam": "UTTAR PRADESH"}, {"data": [["Fam_Wel_Cen_Doc_In_Pos_Num", 8.0], ["Fam_Wel_Cen_Doc_Tot_Stren_Num", 9.0], 0.8888888888888888], "data_low": {"Stat_Nam": "Tamil Nadu", "Vil_Nam": "Desavilakku", "Fam_Wel_Cen_Doc_Tot_Stren_Num": "9", "Fam_Wel_Cen_Doc_In_Pos_Num": "8", "id": 611290}, "data_high": {"Stat_Nam": "Tamil Nadu", "Vil_Nam": "Vadakuthu", "Fam_Wel_Cen_Doc_Tot_Stren_Num": "10", "Fam_Wel_Cen_Doc_In_Pos_Num": "9", "id": 614041}, "perc": 0.0006423381107230318, "metric": 99.99935777302188, "value_global_local": {}, "partition_field": null, "Vil_Nam": "Desavilakku", "Stat_Nam": "Tamil Nadu"}, {"data": [["Fam_Wel_Cen_Doc_In_Pos_Num", 1.0], ["Fam_Wel_Cen_Doc_Tot_Stren_Num", 1.0], 1.0], "data_low": {"Stat_Nam": "JAMMU & KASHMIR", "Vil_Nam": "Sogam", "Fam_Wel_Cen_Doc_Tot_Stren_Num": "1", "Fam_Wel_Cen_Doc_In_Pos_Num": "1", "id": 36}, "data_high": {"Stat_Nam": "West Bengal", "Vil_Nam": "Goalpota", "Fam_Wel_Cen_Doc_Tot_Stren_Num": "9", "Fam_Wel_Cen_Doc_In_Pos_Num": "9", "id": 330938}, "perc": 2.2175117427435866, "metric": 97.78248825725642, "value_global_local": {"": {"global_perc": 0.02587938058432109, "local_perc": 0.9761749583604895}, "1": {"global_perc": 0.3333333333333333, "local_perc": 7.241653993772178e-05}, "AKURA": {"global_perc": 0.3333333333333333, "local_perc": 7.241653993772178e-05}, "ALBAL": {"global_perc": 1.0, "local_perc": 7.241653993772178e-05}, "ALIPUR BIHTA": {"global_perc": 1.0, "local_perc": 7.241653993772178e-05}, "ALIYA": {"global_perc": 0.5, "local_perc": 7.241653993772178e-05}, "AMAUNA": {"global_perc": 0.2, "local_perc": 7.241653993772178e-05}, "AMBATIKA": {"global_perc": 0.5, "local_perc": 7.241653993772178e-05}, "ANDIPATTI": {"global_perc": 0.25, "local_perc": 7.241653993772178e-05}, "AUHAR": {"global_perc": 1.0, "local_perc": 7.241653993772178e-05}, "AURANGABAD HEERAMANSHA": {"global_perc": 1.0, "local_perc": 7.241653993772178e-05}, "AZAMPUR": {"global_perc": 0.5, "local_perc": 7.241653993772178e-05}, "Amonggre": {"global_perc": 0.25, "local_perc": 7.241653993772178e-05}, "B.B.NAGAR": {"global_perc": 0.5, "local_perc": 7.241653993772178e-05}, "BABHANI": {"global_perc": 0.015625, "local_perc": 0.00021724961981316532}, "BADHAN": {"global_perc": 0.5, "local_perc": 7.241653993772178e-05}, "BADIYANI  KHURD": {"global_perc": 1.0, "local_perc": 7.241653993772178e-05}, "BADLA": {"global_perc": 0.2, "local_perc": 7.241653993772178e-05}, "BAG": {"global_perc": 0.1111111111111111, "local_perc": 7.241653993772178e-05}, "BAGELI": {"global_perc": 0.1111111111111111, "local_perc": 7.241653993772178e-05}, "BAHARAGORA": {"global_perc": 0.125, "local_perc": 7.241653993772178e-05}, "BAHUARA": {"global_perc": 0.14285714285714285, "local_perc": 7.241653993772178e-05}, "BAIKUNTH PUR": {"global_perc": 0.25, "local_perc": 7.241653993772178e-05}, "BAKAMI": {"global_perc": 1.0, "local_perc": 7.241653993772178e-05}, "BANDLA": {"global_perc": 0.3333333333333333, "local_perc": 7.241653993772178e-05}, "BANE DI HATTI": {"global_perc": 0.14285714285714285, "local_perc": 7.241653993772178e-05}, "BANGRA": {"global_perc": 0.6666666666666666, "local_perc": 0.0002896661597508871}, "BANIA CHHAPAR": {"global_perc": 0.4, "local_perc": 0.00014483307987544355}, "BANSDIH": {"global_perc": 0.1, "local_perc": 7.241653993772178e-05}, "BARAHNI": {"global_perc": 1.0, "local_perc": 7.241653993772178e-05}, "BARAMPUR": {"global_perc": 0.5, "local_perc": 7.241653993772178e-05}, "BASANTPUR": {"global_perc": 0.02564102564102564, "local_perc": 7.241653993772178e-05}, "BASAULI": {"global_perc": 0.3333333333333333, "local_perc": 7.241653993772178e-05}, "BASINI": {"global_perc": 1.0, "local_perc": 7.241653993772178e-05}, "BASKHARI": {"global_perc": 0.5, "local_perc": 7.241653993772178e-05}, "BASOLI MALLI": {"global_perc": 0.5, "local_perc": 7.241653993772178e-05}, "BATINGOO": {"global_perc": 0.5, "local_perc": 7.241653993772178e-05}, "BAUSI": {"global_perc": 0.5, "local_perc": 7.241653993772178e-05}, "BELHAN": {"global_perc": 0.3333333333333333, "local_perc": 7.241653993772178e-05}, "BHAIYADIH": {"global_perc": 1.0, "local_perc": 7.241653993772178e-05}, "BHAKHRA": {"global_perc": 1.0, "local_perc": 7.241653993772178e-05}, "BHANDRA": {"global_perc": 0.3333333333333333, "local_perc": 7.241653993772178e-05}, "BHAURA DANDA": {"global_perc": 1.0, "local_perc": 7.241653993772178e-05}, "BHAWARNA": {"global_perc": 0.25, "local_perc": 7.241653993772178e-05}, "BHITTI": {"global_perc": 1.0, "local_perc": 0.00014483307987544355}, "BHULE KHURD": {"global_perc": 1.0, "local_perc": 7.241653993772178e-05}, "BIKRAMGANJ": {"global_perc": 0.012345679012345678, "local_perc": 7.241653993772178e-05}, "BISHASHARPUR": {"global_perc": 1.0, "local_perc": 7.241653993772178e-05}, "BOSWAN": {"global_perc": 1.0, "local_perc": 7.241653993772178e-05}, "CHAIBASA": {"global_perc": 0.5, "local_perc": 7.241653993772178e-05}, "CHAK BAMUN": {"global_perc": 0.3333333333333333, "local_perc": 7.241653993772178e-05}, "CHAND": {"global_perc": 0.4, "local_perc": 0.00014483307987544355}, "CHANDIGARH": {"global_perc": 0.3333333333333333, "local_perc": 7.241653993772178e-05}, "CHANDRI": {"global_perc": 0.1111111111111111, "local_perc": 7.241653993772178e-05}, "CHAPAR": {"global_perc": 0.3333333333333333, "local_perc": 7.241653993772178e-05}, "CHATRO": {"global_perc": 0.5, "local_perc": 7.241653993772178e-05}, "CHHANGLA": {"global_perc": 0.2, "local_perc": 7.241653993772178e-05}, "CHILDAG": {"global_perc": 0.5, "local_perc": 7.241653993772178e-05}, "CHIRLAKOPPA": {"global_perc": 1.0, "local_perc": 7.241653993772178e-05}, "CHITAUNI": {"global_perc": 0.5, "local_perc": 7.241653993772178e-05}, "DABARI": {"global_perc": 1.0, "local_perc": 7.241653993772178e-05}, "DAIRA": {"global_perc": 1.0, "local_perc": 7.241653993772178e-05}, "DAK": {"global_perc": 0.5, "local_perc": 7.241653993772178e-05}, "DALU": {"global_perc": 0.07692307692307693, "local_perc": 7.241653993772178e-05}, "DARA": {"global_perc": 1.0, "local_perc": 7.241653993772178e-05}, "DAWAL GARH": {"global_perc": 0.25, "local_perc": 7.241653993772178e-05}, "DEDUWA": {"global_perc": 1.0, "local_perc": 7.241653993772178e-05}, "DHANAURA": {"global_perc": 0.2, "local_perc": 7.241653993772178e-05}, "DHARKANHA KHURD": {"global_perc": 0.09090909090909091, "local_perc": 7.241653993772178e-05}, "DHNGULI": {"global_perc": 1.0, "local_perc": 7.241653993772178e-05}, "DIFFERPAT": {"global_perc": 1.0, "local_perc": 7.241653993772178e-05}, "DIWANE": {"global_perc": 1.0, "local_perc": 7.241653993772178e-05}, "DUIKASAI": {"global_perc": 1.0, "local_perc": 7.241653993772178e-05}, "DUNGRI MALLI": {"global_perc": 1.0, "local_perc": 0.00014483307987544355}, "Dhaliwal Bet": {"global_perc": 0.5, "local_perc": 7.241653993772178e-05}, "F 1 P 2": {"global_perc": 1.0, "local_perc": 7.241653993772178e-05}, "FATEHPUR": {"global_perc": 0.015873015873015872, "local_perc": 7.241653993772178e-05}, "FATEHPUR CHADRAI": {"global_perc": 1.0, "local_perc": 7.241653993772178e-05}, "FULANG": {"global_perc": 0.3333333333333333, "local_perc": 7.241653993772178e-05}, "GACHRA": {"global_perc": 1.0, "local_perc": 7.241653993772178e-05}, "GADIARA": {"global_perc": 0.08333333333333333, "local_perc": 7.241653993772178e-05}, "GAGAL": {"global_perc": 0.2, "local_perc": 7.241653993772178e-05}, "GAGELISAUR": {"global_perc": 1.0, "local_perc": 7.241653993772178e-05}, "GANGDIH": {"global_perc": 1.0, "local_perc": 7.241653993772178e-05}, "GANGOH": {"global_perc": 0.125, "local_perc": 7.241653993772178e-05}, "GARHWA": {"global_perc": 0.14285714285714285, "local_perc": 7.241653993772178e-05}, "GARUD": {"global_perc": 0.25, "local_perc": 7.241653993772178e-05}, "GHINDWARA": {"global_perc": 0.14285714285714285, "local_perc": 7.241653993772178e-05}, "GHURET": {"global_perc": 1.0, "local_perc": 7.241653993772178e-05}, "GOGLO": {"global_perc": 1.0, "local_perc": 7.241653993772178e-05}, "GOPICHAK": {"global_perc": 1.0, "local_perc": 7.241653993772178e-05}, "GOVINDAMPALAYAM": {"global_perc": 0.5, "local_perc": 7.241653993772178e-05}, "GRASTANGANJ": {"global_perc": 1.0, "local_perc": 7.241653993772178e-05}, "GUDARI": {"global_perc": 0.16666666666666666, "local_perc": 7.241653993772178e-05}, "GUDRI": {"global_perc": 0.25, "local_perc": 7.241653993772178e-05}, "GULAULA KHERA": {"global_perc": 1.0, "local_perc": 7.241653993772178e-05}, "GUMANPUR": {"global_perc": 1.0, "local_perc": 7.241653993772178e-05}, "GUMMIDIPOONDI": {"global_perc": 0.5, "local_perc": 7.241653993772178e-05}, "GUMRU": {"global_perc": 0.3333333333333333, "local_perc": 7.241653993772178e-05}, "GURPHALI": {"global_perc": 1.0, "local_perc": 7.241653993772178e-05}, "GUTAKBARA": {"global_perc": 1.0, "local_perc": 7.241653993772178e-05}, "HADIPORA": {"global_perc": 0.2, "local_perc": 7.241653993772178e-05}, "HAJI PUR": {"global_perc": 1.0, "local_perc": 7.241653993772178e-05}, "HALLIDAYGANJ": {"global_perc": 0.2, "local_perc": 7.241653993772178e-05}, "HAMILAPUR": {"global_perc": 1.0, "local_perc": 7.241653993772178e-05}, "HARHUA": {"global_perc": 0.6666666666666666, "local_perc": 0.00014483307987544355}, "HARIHARPUR": {"global_perc": 0.03225806451612903, "local_perc": 7.241653993772178e-05}, "HARIRAMPUR": {"global_perc": 0.14285714285714285, "local_perc": 7.241653993772178e-05}, "HARVADIH": {"global_perc": 1.0, "local_perc": 7.241653993772178e-05}, "HAZARA SINGHWALA": {"global_perc": 1.0, "local_perc": 7.241653993772178e-05}, "HUDOLI": {"global_perc": 0.5, "local_perc": 7.241653993772178e-05}, "IBRAHIMPUR": {"global_perc": 0.1, "local_perc": 7.241653993772178e-05}, "ILKAL": {"global_perc": 0.5, "local_perc": 7.241653993772178e-05}, "ISHAPUR": {"global_perc": 0.3333333333333333, "local_perc": 7.241653993772178e-05}, "JAIDPUR": {"global_perc": 1.0, "local_perc": 7.241653993772178e-05}, "JALALPUR NAURANGA": {"global_perc": 0.5, "local_perc": 7.241653993772178e-05}, "JAMBGI(K.D)": {"global_perc": 1.0, "local_perc": 7.241653993772178e-05}, "JASKOT": {"global_perc": 0.3333333333333333, "local_perc": 7.241653993772178e-05}, "JHANJIDIH": {"global_perc": 1.0, "local_perc": 7.241653993772178e-05}, "JUGUL": {"global_perc": 1.0, "local_perc": 7.241653993772178e-05}, "KAFOL GAON TALLA": {"global_perc": 0.5, "local_perc": 7.241653993772178e-05}, "KAKRALA": {"global_perc": 0.5, "local_perc": 7.241653993772178e-05}, "KANA SUAN": {"global_perc": 0.5, "local_perc": 7.241653993772178e-05}, "KANDHALA SHEIKAN": {"global_perc": 1.0, "local_perc": 7.241653993772178e-05}, "KANDI": {"global_perc": 0.08333333333333333, "local_perc": 7.241653993772178e-05}, "KARAKAT": {"global_perc": 0.125, "local_perc": 7.241653993772178e-05}, "KARLI KALH": {"global_perc": 0.2, "local_perc": 7.241653993772178e-05}, "KARMADAD": {"global_perc": 1.0, "local_perc": 7.241653993772178e-05}, "KARMCHATA": {"global_perc": 0.2, "local_perc": 7.241653993772178e-05}, "KARMUPUR": {"global_perc": 0.5, "local_perc": 7.241653993772178e-05}, "KASUVA": {"global_perc": 0.3333333333333333, "local_perc": 7.241653993772178e-05}, "KATARI": {"global_perc": 0.25, "local_perc": 7.241653993772178e-05}, "KAULI": {"global_perc": 0.14285714285714285, "local_perc": 7.241653993772178e-05}, "KESARI": {"global_perc": 0.25, "local_perc": 7.241653993772178e-05}, "KESHOPUR": {"global_perc": 0.2, "local_perc": 7.241653993772178e-05}, "KHARAICH": {"global_perc": 1.0, "local_perc": 7.241653993772178e-05}, "KHARAR": {"global_perc": 0.2222222222222222, "local_perc": 0.00014483307987544355}, "KHARUHL": {"global_perc": 0.25, "local_perc": 7.241653993772178e-05}, "KHUDAGANJ": {"global_perc": 0.3333333333333333, "local_perc": 7.241653993772178e-05}, "KHUKHRAIN": {"global_perc": 0.3333333333333333, "local_perc": 7.241653993772178e-05}, "KISHANPUR": {"global_perc": 0.2222222222222222, "local_perc": 0.00014483307987544355}, "KOHLADI": {"global_perc": 1.0, "local_perc": 7.241653993772178e-05}, "KOLARI": {"global_perc": 1.0, "local_perc": 7.241653993772178e-05}, "KONE": {"global_perc": 1.0, "local_perc": 7.241653993772178e-05}, "KONI": {"global_perc": 0.16666666666666666, "local_perc": 7.241653993772178e-05}, "KORTI": {"global_perc": 1.0, "local_perc": 7.241653993772178e-05}, "KOSDA": {"global_perc": 0.14285714285714285, "local_perc": 7.241653993772178e-05}, "KOT GANGURAI": {"global_perc": 1.0, "local_perc": 7.241653993772178e-05}, "KOTHI": {"global_perc": 0.05405405405405406, "local_perc": 0.00014483307987544355}, "KOTTARAM": {"global_perc": 1.0, "local_perc": 7.241653993772178e-05}, "KOTWA": {"global_perc": 0.1111111111111111, "local_perc": 7.241653993772178e-05}, "KOTWAR": {"global_perc": 1.0, "local_perc": 7.241653993772178e-05}, "KUKURBAGHI": {"global_perc": 0.0625, "local_perc": 7.241653993772178e-05}, "KULLAR": {"global_perc": 0.6666666666666666, "local_perc": 0.00014483307987544355}, "KULLATHILVAI": {"global_perc": 0.3333333333333333, "local_perc": 7.241653993772178e-05}, "KUMIZHI": {"global_perc": 1.0, "local_perc": 7.241653993772178e-05}, "KURAVEDIYA": {"global_perc": 1.0, "local_perc": 7.241653993772178e-05}, "KURMADIH": {"global_perc": 1.0, "local_perc": 7.241653993772178e-05}, "KUTTI": {"global_perc": 1.0, "local_perc": 7.241653993772178e-05}, "LAHR THAKRAN": {"global_perc": 1.0, "local_perc": 0.00014483307987544355}, "LALGANJ": {"global_perc": 0.08, "local_perc": 0.00014483307987544355}, "LANJ": {"global_perc": 0.3333333333333333, "local_perc": 7.241653993772178e-05}, "LODHBHARWARI": {"global_perc": 1.0, "local_perc": 7.241653993772178e-05}, "LODHIMANJRA": {"global_perc": 0.5, "local_perc": 7.241653993772178e-05}, "MACHONG": {"global_perc": 1.0, "local_perc": 7.241653993772178e-05}, "MADHOPUR": {"global_perc": 0.06451612903225806, "local_perc": 0.00014483307987544355}, "MAHURI": {"global_perc": 0.25, "local_perc": 7.241653993772178e-05}, "MAJHGAWAN": {"global_perc": 0.16666666666666666, "local_perc": 7.241653993772178e-05}, "MAJHIGAWA": {"global_perc": 0.25, "local_perc": 7.241653993772178e-05}, "MAJHOLA": {"global_perc": 0.5, "local_perc": 7.241653993772178e-05}, "MALAU": {"global_perc": 1.0, "local_perc": 7.241653993772178e-05}, "MALHA": {"global_perc": 1.0, "local_perc": 7.241653993772178e-05}, "MAMKHIR": {"global_perc": 1.0, "local_perc": 7.241653993772178e-05}, "MANDRE PUR": {"global_perc": 1.0, "local_perc": 7.241653993772178e-05}, "MANEI": {"global_perc": 1.0, "local_perc": 7.241653993772178e-05}, "MANGAT KHERA": {"global_perc": 1.0, "local_perc": 7.241653993772178e-05}, "MANGLORE": {"global_perc": 0.2, "local_perc": 7.241653993772178e-05}, "MARARI KALA": {"global_perc": 1.0, "local_perc": 0.00014483307987544355}, "MASAUNI": {"global_perc": 0.3333333333333333, "local_perc": 7.241653993772178e-05}, "MASDAMOHANPUR": {"global_perc": 1.0, "local_perc": 7.241653993772178e-05}, "MASTI PALKOT": {"global_perc": 1.0, "local_perc": 7.241653993772178e-05}, "MATHIA": {"global_perc": 0.25, "local_perc": 7.241653993772178e-05}, "MAULAKHOR": {"global_perc": 1.0, "local_perc": 7.241653993772178e-05}, "MELPAKKAM": {"global_perc": 0.5, "local_perc": 7.241653993772178e-05}, "MERLE": {"global_perc": 1.0, "local_perc": 7.241653993772178e-05}, "MO. SARAI ALI": {"global_perc": 1.0, "local_perc": 7.241653993772178e-05}, "MOAHAMMDI": {"global_perc": 1.0, "local_perc": 7.241653993772178e-05}, "MOHANPUR": {"global_perc": 0.013333333333333334, "local_perc": 7.241653993772178e-05}, "MORWA": {"global_perc": 1.0, "local_perc": 7.241653993772178e-05}, "MUDHOL": {"global_perc": 0.3333333333333333, "local_perc": 7.241653993772178e-05}, "MUGALALLI": {"global_perc": 1.0, "local_perc": 7.241653993772178e-05}, "MUKIMPUR": {"global_perc": 1.0, "local_perc": 7.241653993772178e-05}, "MUNAN": {"global_perc": 1.0, "local_perc": 7.241653993772178e-05}, "N.A.": {"global_perc": 0.0035991665088084867, "local_perc": 0.0027518285176334274}, "NARAYANPUR": {"global_perc": 0.011235955056179775, "local_perc": 7.241653993772178e-05}, "NAWADA": {"global_perc": 0.03225806451612903, "local_perc": 7.241653993772178e-05}, "PALLIKKADU": {"global_perc": 1.0, "local_perc": 7.241653993772178e-05}, "PANDEPURA KALA": {"global_perc": 1.0, "local_perc": 0.00014483307987544355}, "PANG": {"global_perc": 0.3333333333333333, "local_perc": 7.241653993772178e-05}, "PAREWA T. KISHANI": {"global_perc": 1.0, "local_perc": 7.241653993772178e-05}, "PARSHURAMPUR": {"global_perc": 0.5, "local_perc": 7.241653993772178e-05}, "PARTAWAL": {"global_perc": 1.0, "local_perc": 7.241653993772178e-05}, "PATARA": {"global_perc": 0.3333333333333333, "local_perc": 7.241653993772178e-05}, "PATHKHAULI": {"global_perc": 0.1111111111111111, "local_perc": 7.241653993772178e-05}, "PATHOLI": {"global_perc": 1.0, "local_perc": 7.241653993772178e-05}, "PATLOT": {"global_perc": 1.0, "local_perc": 7.241653993772178e-05}, "PATTA NAYAJSHOL": {"global_perc": 1.0, "local_perc": 7.241653993772178e-05}, "PATTADKAL": {"global_perc": 1.0, "local_perc": 7.241653993772178e-05}, "PERAGURI": {"global_perc": 1.0, "local_perc": 7.241653993772178e-05}, "PHULANG": {"global_perc": 1.0, "local_perc": 7.241653993772178e-05}, "POHRI": {"global_perc": 1.0, "local_perc": 7.241653993772178e-05}, "PRANPUR": {"global_perc": 0.09090909090909091, "local_perc": 7.241653993772178e-05}, "PURANDHA": {"global_perc": 0.25, "local_perc": 7.241653993772178e-05}, "Push wari": {"global_perc": 1.0, "local_perc": 7.241653993772178e-05}, "RAGHUPUR": {"global_perc": 0.2, "local_perc": 7.241653993772178e-05}, "RAMGARHA": {"global_perc": 1.0, "local_perc": 7.241653993772178e-05}, "RAMNAGAR": {"global_perc": 0.019230769230769232, "local_perc": 7.241653993772178e-05}, "RAMPUR": {"global_perc": 0.007194244604316547, "local_perc": 7.241653993772178e-05}, "RAMPUR KHAS": {"global_perc": 0.3333333333333333, "local_perc": 7.241653993772178e-05}, "RANIPATTI": {"global_perc": 0.3333333333333333, "local_perc": 7.241653993772178e-05}, "RANIPOKHRI": {"global_perc": 0.5, "local_perc": 0.00014483307987544355}, "RASULA": {"global_perc": 1.0, "local_perc": 7.241653993772178e-05}, "REASI": {"global_perc": 0.09090909090909091, "local_perc": 7.241653993772178e-05}, "ROHELA HAJI UTTAR": {"global_perc": 0.5, "local_perc": 7.241653993772178e-05}, "RUPAS MAHAJI": {"global_perc": 0.5, "local_perc": 7.241653993772178e-05}, "Rahmatpur": {"global_perc": 0.5, "local_perc": 7.241653993772178e-05}, "SAGANUR": {"global_perc": 0.5, "local_perc": 7.241653993772178e-05}, "SAHIBGANJ": {"global_perc": 0.05263157894736842, "local_perc": 7.241653993772178e-05}, "SAIFPUR KARAMCHANDPUR": {"global_perc": 1.0, "local_perc": 7.241653993772178e-05}, "SAJIVAN": {"global_perc": 0.5, "local_perc": 7.241653993772178e-05}, "SAKHRUA BUJURG": {"global_perc": 1.0, "local_perc": 7.241653993772178e-05}, "SAMDAWAR": {"global_perc": 1.0, "local_perc": 7.241653993772178e-05}, "SAMTHAR": {"global_perc": 0.3333333333333333, "local_perc": 7.241653993772178e-05}, "SANKESHWAR TOWN": {"global_perc": 1.0, "local_perc": 7.241653993772178e-05}, "SAPERU": {"global_perc": 0.5, "local_perc": 7.241653993772178e-05}, "SARAIA": {"global_perc": 0.25, "local_perc": 7.241653993772178e-05}, "SARAIYAMAFI": {"global_perc": 0.5, "local_perc": 7.241653993772178e-05}, "SELRAPUR": {"global_perc": 1.0, "local_perc": 7.241653993772178e-05}, "SEMRIYA": {"global_perc": 0.5, "local_perc": 7.241653993772178e-05}, "SHAHJAHANPUR": {"global_perc": 0.3333333333333333, "local_perc": 7.241653993772178e-05}, "SHISHGARH": {"global_perc": 1.0, "local_perc": 7.241653993772178e-05}, "SHIVPUR": {"global_perc": 0.18181818181818182, "local_perc": 0.0002896661597508871}, "SHONAKHUN": {"global_perc": 1.0, "local_perc": 7.241653993772178e-05}, "SIKRIA": {"global_perc": 0.5, "local_perc": 7.241653993772178e-05}, "SILGHAT": {"global_perc": 0.14285714285714285, "local_perc": 7.241653993772178e-05}, "SINAWALKALA": {"global_perc": 1.0, "local_perc": 7.241653993772178e-05}, "SINGO KATRALA": {"global_perc": 1.0, "local_perc": 7.241653993772178e-05}, "SIRAGUPPI": {"global_perc": 0.25, "local_perc": 7.241653993772178e-05}, "SIRUVADI": {"global_perc": 1.0, "local_perc": 7.241653993772178e-05}, "SITA PUR": {"global_perc": 1.0, "local_perc": 7.241653993772178e-05}, "SUPASI": {"global_perc": 1.0, "local_perc": 7.241653993772178e-05}, "SYAHI DEVI GUNTH": {"global_perc": 1.0, "local_perc": 7.241653993772178e-05}, "SYALDE": {"global_perc": 0.3333333333333333, "local_perc": 7.241653993772178e-05}, "TARDIHA": {"global_perc": 0.2, "local_perc": 7.241653993772178e-05}, "TARTO": {"global_perc": 1.0, "local_perc": 7.241653993772178e-05}, "THARRIYA": {"global_perc": 1.0, "local_perc": 7.241653993772178e-05}, "THILL": {"global_perc": 0.14285714285714285, "local_perc": 7.241653993772178e-05}, "TIBBI KALAN": {"global_perc": 0.25, "local_perc": 7.241653993772178e-05}, "TIGHARA": {"global_perc": 0.1111111111111111, "local_perc": 7.241653993772178e-05}, "TIKRI": {"global_perc": 0.0625, "local_perc": 7.241653993772178e-05}, "TOLA SIPAHIYA": {"global_perc": 0.5, "local_perc": 7.241653993772178e-05}, "Tengkigittim": {"global_perc": 0.16666666666666666, "local_perc": 7.241653993772178e-05}, "Tibbi Kalan": {"global_perc": 1.0, "local_perc": 7.241653993772178e-05}, "UGAR KHURD": {"global_perc": 1.0, "local_perc": 7.241653993772178e-05}, "UNERA": {"global_perc": 1.0, "local_perc": 7.241653993772178e-05}, "URMAR": {"global_perc": 1.0, "local_perc": 7.241653993772178e-05}, "VADAKATTUPATTI": {"global_perc": 1.0, "local_perc": 7.241653993772178e-05}, "VELLALAPATTI": {"global_perc": 0.5, "local_perc": 7.241653993772178e-05}, "VILANDAPUR": {"global_perc": 0.25, "local_perc": 7.241653993772178e-05}, "VINAURA": {"global_perc": 1.0, "local_perc": 7.241653993772178e-05}}, "partition_field": "Near_Vil_Tow_Nam_hav_Prim_School", "Vil_Nam": "Sogam", "Stat_Nam": "JAMMU & KASHMIR"}, {"data": [["Fam_Wel_Cen_Doc_In_Pos_Num", 5.0], ["Fam_Wel_Cen_Doc_Tot_Stren_Num", 4.0], 1.25], "data_low": {"Stat_Nam": "TRIPURA", "Vil_Nam": "Purba Nalichhara", "Fam_Wel_Cen_Doc_Tot_Stren_Num": "4", "Fam_Wel_Cen_Doc_In_Pos_Num": "5", "id": 271399}, "data_high": {"Stat_Nam": "TRIPURA", "Vil_Nam": "Purba Nalichhara", "Fam_Wel_Cen_Doc_Tot_Stren_Num": "4", "Fam_Wel_Cen_Doc_In_Pos_Num": "5", "id": 271399}, "perc": 0.00016058452768075794, "metric": 99.99983916542273, "value_global_local": {}, "partition_field": null, "Vil_Nam": "Purba Nalichhara", "Stat_Nam": "TRIPURA"}, {"data": [["Fam_Wel_Cen_Doc_In_Pos_Num", 5.0], ["Fam_Wel_Cen_Doc_Tot_Stren_Num", 3.0], 1.6666666666666667], "data_low": {"Stat_Nam": "UTTAR PRADESH", "Vil_Nam": "Lohagarh", "Fam_Wel_Cen_Doc_Tot_Stren_Num": "3", "Fam_Wel_Cen_Doc_In_Pos_Num": "5", "id": 151263}, "data_high": {"Stat_Nam": "UTTAR PRADESH", "Vil_Nam": "Lohagarh", "Fam_Wel_Cen_Doc_Tot_Stren_Num": "3", "Fam_Wel_Cen_Doc_In_Pos_Num": "5", "id": 151263}, "perc": 0.00016058452768075794, "metric": 99.99983874867337, "value_global_local": {}, "partition_field": null, "Vil_Nam": "Lohagarh", "Stat_Nam": "UTTAR PRADESH"}, {"data": [["Fam_Wel_Cen_Doc_In_Pos_Num", 2.0], ["Fam_Wel_Cen_Doc_Tot_Stren_Num", 1.0], 2.0], "data_low": {"Stat_Nam": "JAMMU & KASHMIR", "Vil_Nam": "Hapat Nar", "Fam_Wel_Cen_Doc_Tot_Stren_Num": "1", "Fam_Wel_Cen_Doc_In_Pos_Num": "2", "id": 3522}, "data_high": {"Stat_Nam": "UTTAR PRADESH", "Vil_Nam": "Kirthal", "Fam_Wel_Cen_Doc_Tot_Stren_Num": "2", "Fam_Wel_Cen_Doc_In_Pos_Num": "4", "id": 118570}, "perc": 0.006905134690272592, "metric": 99.99309386517876, "value_global_local": {"Arunachal Pradesh": {"global_perc": 0.0007156915369475756, "local_perc": 0.09302325581395349}, "BIHAR": {"global_perc": 2.2284619155858625e-05, "local_perc": 0.023255813953488372}, "JAMMU & KASHMIR": {"global_perc": 0.00015260186174271325, "local_perc": 0.023255813953488372}, "MADHYA PRADESH": {"global_perc": 0.00014571152760322752, "local_perc": 0.18604651162790697}, "TRIPURA": {"global_perc": 0.002285714285714286, "local_perc": 0.046511627906976744}, "UTTAR PRADESH": {"global_perc": 0.0002435049731207972, "local_perc": 0.6046511627906976}, "UTTARAKHAND": {"global_perc": 5.954862144941345e-05, "local_perc": 0.023255813953488372}}, "partition_field": "Stat_Nam", "Vil_Nam": "Hapat Nar", "Stat_Nam": "JAMMU & KASHMIR"}, {"data": [["Fam_Wel_Cen_Doc_In_Pos_Num", 3.0], ["Fam_Wel_Cen_Doc_Tot_Stren_Num", 1.0], 3.0], "data_low": {"Stat_Nam": "UTTAR PRADESH", "Vil_Nam": "Basauni", "Fam_Wel_Cen_Doc_Tot_Stren_Num": "1", "Fam_Wel_Cen_Doc_In_Pos_Num": "3", "id": 143385}, "data_high": {"Stat_Nam": "UTTAR PRADESH", "Vil_Nam": "Basauni", "Fam_Wel_Cen_Doc_Tot_Stren_Num": "1", "Fam_Wel_Cen_Doc_In_Pos_Num": "3", "id": 143385}, "perc": 0.0004817535830422739, "metric": 99.99951624602653, "value_global_local": {}, "partition_field": null, "Vil_Nam": "Basauni", "Stat_Nam": "UTTAR PRADESH"}, {"data": [["Fam_Wel_Cen_Doc_In_Pos_Num", 4.0], ["Fam_Wel_Cen_Doc_Tot_Stren_Num", 1.0], 4.0], "data_low": {"Stat_Nam": "UTTAR PRADESH", "Vil_Nam": "Kanjauli", "Fam_Wel_Cen_Doc_Tot_Stren_Num": "1", "Fam_Wel_Cen_Doc_In_Pos_Num": "4", "id": 152972}, "data_high": {"Stat_Nam": "UTTAR PRADESH", "Vil_Nam": "Kanjauli", "Fam_Wel_Cen_Doc_Tot_Stren_Num": "1", "Fam_Wel_Cen_Doc_In_Pos_Num": "4", "id": 152972}, "perc": 0.0004817535830422739, "metric": 99.99951524583132, "value_global_local": {}, "partition_field": null, "Vil_Nam": "Kanjauli", "Stat_Nam": "UTTAR PRADESH"}, {"data": [["Fam_Wel_Cen_Doc_In_Pos_Num", 5.0], ["Fam_Wel_Cen_Doc_Tot_Stren_Num", 1.0], 5.0], "data_low": {"Stat_Nam": "UTTAR PRADESH", "Vil_Nam": "Daudpur", "Fam_Wel_Cen_Doc_Tot_Stren_Num": "1", "Fam_Wel_Cen_Doc_In_Pos_Num": "5", "id": 158558}, "data_high": {"Stat_Nam": "UTTAR PRADESH", "Vil_Nam": "Daudpur", "Fam_Wel_Cen_Doc_Tot_Stren_Num": "1", "Fam_Wel_Cen_Doc_In_Pos_Num": "5", "id": 158558}, "perc": 0.0003211690553615159, "metric": 99.99967483015736, "value_global_local": {}, "partition_field": null, "Vil_Nam": "Daudpur", "Stat_Nam": "UTTAR PRADESH"}, {"data": [["Fam_Wel_Cen_Doc_In_Pos_Num", 6.0], ["Fam_Wel_Cen_Doc_Tot_Stren_Num", 1.0], 6.0], "data_low": {"Stat_Nam": "UTTAR PRADESH", "Vil_Nam": "Garhia Gosain", "Fam_Wel_Cen_Doc_Tot_Stren_Num": "1", "Fam_Wel_Cen_Doc_In_Pos_Num": "6", "id": 147288}, "data_high": {"Stat_Nam": "UTTAR PRADESH", "Vil_Nam": "Garhia Gosain", "Fam_Wel_Cen_Doc_Tot_Stren_Num": "1", "Fam_Wel_Cen_Doc_In_Pos_Num": "6", "id": 147288}, "perc": 0.00016058452768075794, "metric": 99.9998344144802, "value_global_local": {}, "partition_field": null, "Vil_Nam": "Garhia Gosain", "Stat_Nam": "UTTAR PRADESH"}, {"data": [["Fam_Wel_Cen_Doc_In_Pos_Num", 8.0], ["Fam_Wel_Cen_Doc_Tot_Stren_Num", 1.0], 8.0], "data_low": {"Stat_Nam": "UTTAR PRADESH", "Vil_Nam": "Har Chandpur", "Fam_Wel_Cen_Doc_Tot_Stren_Num": "1", "Fam_Wel_Cen_Doc_In_Pos_Num": "8", "id": 147282}, "data_high": {"Stat_Nam": "UTTAR PRADESH", "Vil_Nam": "Har Chandpur", "Fam_Wel_Cen_Doc_Tot_Stren_Num": "1", "Fam_Wel_Cen_Doc_In_Pos_Num": "8", "id": 147282}, "perc": 0.0003211690553615159, "metric": 99.9996718295669, "value_global_local": {}, "partition_field": null, "Vil_Nam": "Har Chandpur", "Stat_Nam": "UTTAR PRADESH"}, {"data": [["Fam_Wel_Cen_Doc_In_Pos_Num", 9.0], ["Fam_Wel_Cen_Doc_Tot_Stren_Num", 1.0], 9.0], "data_low": {"Stat_Nam": "MADHYA PRADESH", "Vil_Nam": "Nagjhiri", "Fam_Wel_Cen_Doc_Tot_Stren_Num": "1", "Fam_Wel_Cen_Doc_In_Pos_Num": "9", "id": 475168}, "data_high": {"Stat_Nam": "MADHYA PRADESH", "Vil_Nam": "Nagjhiri", "Fam_Wel_Cen_Doc_Tot_Stren_Num": "1", "Fam_Wel_Cen_Doc_In_Pos_Num": "9", "id": 475168}, "perc": 0.00016058452768075794, "metric": 99.99983141388493, "value_global_local": {}, "partition_field": null, "Vil_Nam": "Nagjhiri", "Stat_Nam": "MADHYA PRADESH"}, {"data": [["Fam_Wel_Cen_Doc_In_Pos_Num", 1.0], ["Fam_Wel_Cen_Doc_Tot_Stren_Num", 0.0], 9999], "data_low": {"Stat_Nam": "HIMACHAL PRADESH", "Vil_Nam": "Dharog (45/22)", "Fam_Wel_Cen_Doc_Tot_Stren_Num": "0", "Fam_Wel_Cen_Doc_In_Pos_Num": "1", "id": 17203}, "data_high": {"Stat_Nam": "UTTAR PRADESH", "Vil_Nam": "Nauhjheel Banger", "Fam_Wel_Cen_Doc_Tot_Stren_Num": "0", "Fam_Wel_Cen_Doc_In_Pos_Num": "4", "id": 123147}, "perc": 0.0171825444618411, "metric": 99.9728191738926, "value_global_local": {"GOA": {"global_perc": 0.04491017964071856, "local_perc": 0.14018691588785046}, "HIMACHAL PRADESH": {"global_perc": 4.833252779120348e-05, "local_perc": 0.009345794392523364}, "UTTAR PRADESH": {"global_perc": 0.0008522674059227901, "local_perc": 0.8504672897196262}}, "partition_field": "Stat_Nam", "Vil_Nam": "Dharog (45/22)", "Stat_Nam": "HIMACHAL PRADESH"}, {"data": [["Fam_Wel_Cen_Doc_In_Pos_Num", 0], ["Fam_Wel_Cen_Doc_Tot_Stren_Num", 0], 99980001], "data_low": {"Stat_Nam": "JAMMU & KASHMIR", "Vil_Nam": "Bore", "Fam_Wel_Cen_Doc_Tot_Stren_Num": "", "Fam_Wel_Cen_Doc_In_Pos_Num": "", "id": 0}, "data_high": {"Stat_Nam": "JAMMU & KASHMIR", "Vil_Nam": "Palmar", "Fam_Wel_Cen_Doc_Tot_Stren_Num": "Fam_st", "Fam_Wel_Cen_Doc_In_Pos_Num": "Fam_pos", "id": 4582}, "perc": 96.80902485045566, "metric": 9.682838956008378e-07, "value_global_local": {"null": {"global_perc": 0.9680902485045566, "local_perc": 1.0}}, "partition_field": "Dist_Other", "Vil_Nam": "Bore", "Stat_Nam": "JAMMU & KASHMIR"}]