[{"data": [["Mob_Heal_Clin_Num", 0], ["Mob_Heal_Clin_Par_Med_Staf_Tot_Stren_Num", 1.0], 0.0], "data_low": {"Stat_Nam": "JAMMU & KASHMIR", "Vil_Nam": "Dongro", "Mob_Heal_Clin_Num": "", "Mob_Heal_Clin_Par_Med_Staf_Tot_Stren_Num": "1", "id": 4095}, "data_high": {"Stat_Nam": "NAGALAND", "Vil_Nam": "Mopungchukit", "Mob_Heal_Clin_Num": "1", "Mob_Heal_Clin_Par_Med_Staf_Tot_Stren_Num": "22", "id": 266126}, "perc": 0.0014452607491268216, "metric": 99.99855573943645, "value_global_local": {}, "partition_field": null, "Vil_Nam": "Dongro", "Stat_Nam": "JAMMU & KASHMIR"}, {"data": [["Mob_Heal_Clin_Num", 1.0], ["Mob_Heal_Clin_Par_Med_Staf_Tot_Stren_Num", 9.0], 0.1111111111111111], "data_low": {"Stat_Nam": "CHHATTISGARH", "Vil_Nam": "Lalbhadur Nagar", "Mob_Heal_Clin_Num": "1", "Mob_Heal_Clin_Par_Med_Staf_Tot_Stren_Num": "9", "id": 438262}, "data_high": {"Stat_Nam": "JAMMU & KASHMIR", "Vil_Nam": "Kradi", "Mob_Heal_Clin_Num": "2", "Mob_Heal_Clin_Par_Med_Staf_Tot_Stren_Num": "10", "id": 3680}, "perc": 0.032116905536151596, "metric": 99.96788398324502, "value_global_local": {"ASSAM": {"global_perc": 0.002992991096798636, "local_perc": 0.395}, "CHHATTISGARH": {"global_perc": 0.00014906091622776508, "local_perc": 0.015}, "JAMMU & KASHMIR": {"global_perc": 0.0003052037234854265, "local_perc": 0.01}, "JHARKHAND": {"global_perc": 0.0004939186269062172, "local_perc": 0.08}, "MADHYA PRADESH": {"global_perc": 0.00012749758665282407, "local_perc": 0.035}, "Maharashtra": {"global_perc": 2.2901637467078896e-05, "local_perc": 0.005}, "Punjab": {"global_perc": 0.00015896987520864795, "local_perc": 0.01}, "RAJASTHAN": {"global_perc": 0.001857987106017192, "local_perc": 0.415}, "UTTAR PRADESH": {"global_perc": 2.809672766778429e-05, "local_perc": 0.015}, "UTTARAKHAND": {"global_perc": 5.954862144941345e-05, "local_perc": 0.005}, "West Bengal": {"global_perc": 7.459346561241235e-05, "local_perc": 0.015}}, "partition_field": "Stat_Nam", "Vil_Nam": "Lalbhadur Nagar", "Stat_Nam": "CHHATTISGARH"}, {"data": [["Mob_Heal_Clin_Num", 2.0], ["Mob_Heal_Clin_Par_Med_Staf_Tot_Stren_Num", 9.0], 0.2222222222222222], "data_low": {"Stat_Nam": "JAMMU & KASHMIR", "Vil_Nam": "Nyoma", "Mob_Heal_Clin_Num": "1", "Mob_Heal_Clin_Par_Med_Staf_Tot_Stren_Num": "4", "id": 889}, "data_high": {"Stat_Nam": "ASSAM", "Vil_Nam": "Borakhai Grant", "Mob_Heal_Clin_Num": "2", "Mob_Heal_Clin_Par_Med_Staf_Tot_Stren_Num": "9", "id": 298096}, "perc": 0.09458428680396644, "metric": 99.90541649039359, "value_global_local": {"ANDHRA PRADESH": {"global_perc": 0.0168705035971223, "local_perc": 0.7962648556876061}, "ASSAM": {"global_perc": 0.00011365788975184695, "local_perc": 0.0050933786078098476}, "JAMMU & KASHMIR": {"global_perc": 0.0004578055852281398, "local_perc": 0.0050933786078098476}, "JHARKHAND": {"global_perc": 0.00030869914181638574, "local_perc": 0.01697792869269949}, "KARNATAKA": {"global_perc": 3.408316291751875e-05, "local_perc": 0.001697792869269949}, "MADHYA PRADESH": {"global_perc": 0.0011839061617762235, "local_perc": 0.11035653650254669}, "Maharashtra": {"global_perc": 2.2901637467078896e-05, "local_perc": 0.001697792869269949}, "ODISHA": {"global_perc": 3.897647769571064e-05, "local_perc": 0.003395585738539898}, "Punjab": {"global_perc": 0.0003974246880216199, "local_perc": 0.008488964346349746}, "TRIPURA": {"global_perc": 0.005714285714285714, "local_perc": 0.008488964346349746}, "UTTAR PRADESH": {"global_perc": 3.7462303557045726e-05, "local_perc": 0.006791171477079796}, "UTTARAKHAND": {"global_perc": 0.000535937593044721, "local_perc": 0.015280135823429542}, "West Bengal": {"global_perc": 0.0002983738624496494, "local_perc": 0.02037351443123939}}, "partition_field": "Stat_Nam", "Vil_Nam": "Borakhai Grant", "Stat_Nam": "ASSAM"}, {"data": [["Mob_Heal_Clin_Num", 1.0], ["Mob_Heal_Clin_Par_Med_Staf_Tot_Stren_Num", 3.0], 0.3333333333333333], "data_low": {"Stat_Nam": "JAMMU & KASHMIR", "Vil_Nam": "Warsun", "Mob_Heal_Clin_Num": "1", "Mob_Heal_Clin_Par_Med_Staf_Tot_Stren_Num": "3", "id": 76}, "data_high": {"Stat_Nam": "Punjab", "Vil_Nam": "Rori Kapura (138)", "Mob_Heal_Clin_Num": "2", "Mob_Heal_Clin_Par_Med_Staf_Tot_Stren_Num": "5", "id": 35408}, "perc": 1.3078003934320928, "metric": 98.69220026464751, "value_global_local": {"ANDHRA PRADESH": {"global_perc": 0.28043165467625897, "local_perc": 0.9572691552062869}, "ASSAM": {"global_perc": 0.0020837279787838604, "local_perc": 0.006753438113948919}, "Arunachal Pradesh": {"global_perc": 0.0003578457684737878, "local_perc": 0.0002455795677799607}, "CHANDIGARH": {"global_perc": 0.2, "local_perc": 0.00012278978388998034}, "CHHATTISGARH": {"global_perc": 4.9686972075921695e-05, "local_perc": 0.00012278978388998034}, "JAMMU & KASHMIR": {"global_perc": 0.0003052037234854265, "local_perc": 0.0002455795677799607}, "JHARKHAND": {"global_perc": 0.0004013088843613015, "local_perc": 0.0015962671905697446}, "KARNATAKA": {"global_perc": 0.0003749147920927062, "local_perc": 0.0013506876227897839}, "KERALA": {"global_perc": 0.004911591355599214, "local_perc": 0.0006139489194499018}, "MADHYA PRADESH": {"global_perc": 0.0028413747882629365, "local_perc": 0.019155206286836934}, "MIZORAM": {"global_perc": 0.0012048192771084338, "local_perc": 0.00012278978388998034}, "Maharashtra": {"global_perc": 0.00022901637467078896, "local_perc": 0.0012278978388998035}, "ODISHA": {"global_perc": 1.948823884785532e-05, "local_perc": 0.00012278978388998034}, "Punjab": {"global_perc": 0.0026230029409426915, "local_perc": 0.004052062868369352}, "TRIPURA": {"global_perc": 0.002285714285714286, "local_perc": 0.0002455795677799607}, "UTTAR PRADESH": {"global_perc": 0.00010302133478187574, "local_perc": 0.0013506876227897839}, "UTTARAKHAND": {"global_perc": 0.00172691002203299, "local_perc": 0.00356090373280943}, "West Bengal": {"global_perc": 0.00037296732806206176, "local_perc": 0.0018418467583497054}}, "partition_field": "Stat_Nam", "Vil_Nam": "Warsun", "Stat_Nam": "JAMMU & KASHMIR"}, {"data": [["Mob_Heal_Clin_Num", 1.0], ["Mob_Heal_Clin_Par_Med_Staf_Tot_Stren_Num", 2.0], 0.5], "data_low": {"Stat_Nam": "JAMMU & KASHMIR", "Vil_Nam": "Maidan Pora", "Mob_Heal_Clin_Num": "1", "Mob_Heal_Clin_Par_Med_Staf_Tot_Stren_Num": "2", "id": 20}, "data_high": {"Stat_Nam": "West Bengal", "Vil_Nam": "Pithakiari", "Mob_Heal_Clin_Num": "5", "Mob_Heal_Clin_Par_Med_Staf_Tot_Stren_Num": "10", "id": 317032}, "perc": 0.11128507768276526, "metric": 99.88871542186071, "value_global_local": {"ASSAM": {"global_perc": 0.00011365788975184695, "local_perc": 0.004329004329004329}, "Arunachal Pradesh": {"global_perc": 0.0005367686527106817, "local_perc": 0.004329004329004329}, "CHANDIGARH": {"global_perc": 0.8, "local_perc": 0.005772005772005772}, "CHHATTISGARH": {"global_perc": 0.00034780880453145184, "local_perc": 0.010101010101010102}, "JAMMU & KASHMIR": {"global_perc": 0.001220814893941706, "local_perc": 0.011544011544011544}, "JHARKHAND": {"global_perc": 0.0013582762239920973, "local_perc": 0.06349206349206349}, "KARNATAKA": {"global_perc": 0.0009202453987730061, "local_perc": 0.03896103896103896}, "KERALA": {"global_perc": 0.01669941060903733, "local_perc": 0.024531024531024532}, "MADHYA PRADESH": {"global_perc": 0.0059013168679307145, "local_perc": 0.4675324675324675}, "Maharashtra": {"global_perc": 0.000664147486545288, "local_perc": 0.04184704184704185}, "ODISHA": {"global_perc": 5.846471654356596e-05, "local_perc": 0.004329004329004329}, "Punjab": {"global_perc": 0.0019076385025037755, "local_perc": 0.03463203463203463}, "TRIPURA": {"global_perc": 0.002285714285714286, "local_perc": 0.002886002886002886}, "UTTAR PRADESH": {"global_perc": 0.0009459231648154045, "local_perc": 0.14574314574314573}, "UTTARAKHAND": {"global_perc": 0.0026201393437741915, "local_perc": 0.06349206349206349}, "West Bengal": {"global_perc": 0.0013178178924859517, "local_perc": 0.07647907647907648}}, "partition_field": "Stat_Nam", "Vil_Nam": "Maidan Pora", "Stat_Nam": "JAMMU & KASHMIR"}, {"data": [["Mob_Heal_Clin_Num", 2.0], ["Mob_Heal_Clin_Par_Med_Staf_Tot_Stren_Num", 3.0], 0.6666666666666666], "data_low": {"Stat_Nam": "Punjab", "Vil_Nam": "Dugri Raj Putan (237)", "Mob_Heal_Clin_Num": "2", "Mob_Heal_Clin_Par_Med_Staf_Tot_Stren_Num": "3", "id": 30924}, "data_high": {"Stat_Nam": "Punjab", "Vil_Nam": "Dugri Raj Putan (237)", "Mob_Heal_Clin_Num": "2", "Mob_Heal_Clin_Par_Med_Staf_Tot_Stren_Num": "3", "id": 30924}, "perc": 0.0003211690553615159, "metric": 99.99967916434356, "value_global_local": {}, "partition_field": null, "Vil_Nam": "Dugri Raj Putan (237)", "Stat_Nam": "Punjab"}, {"data": [["Mob_Heal_Clin_Num", 1.0], ["Mob_Heal_Clin_Par_Med_Staf_Tot_Stren_Num", 1.0], 1.0], "data_low": {"Stat_Nam": "JAMMU & KASHMIR", "Vil_Nam": "Khag", "Mob_Heal_Clin_Num": "1", "Mob_Heal_Clin_Par_Med_Staf_Tot_Stren_Num": "1", "id": 383}, "data_high": {"Stat_Nam": "TRIPURA", "Vil_Nam": "Purba Debendranagar (Part)", "Mob_Heal_Clin_Num": "5", "Mob_Heal_Clin_Par_Med_Staf_Tot_Stren_Num": "5", "id": 270921}, "perc": 0.48255650568067765, "metric": 99.51744349431932, "value_global_local": {"ASSAM": {"global_perc": 0.00018942981625307822, "local_perc": 0.0016638935108153079}, "CHHATTISGARH": {"global_perc": 0.0005465566928351387, "local_perc": 0.003660565723793677}, "HIMACHAL PRADESH": {"global_perc": 9.666505558240696e-05, "local_perc": 0.0006655574043261231}, "JAMMU & KASHMIR": {"global_perc": 0.0036624446818251184, "local_perc": 0.007986688851913478}, "JHARKHAND": {"global_perc": 0.007655738717046366, "local_perc": 0.08252911813643926}, "KARNATAKA": {"global_perc": 0.001738241308793456, "local_perc": 0.01697171381031614}, "KERALA": {"global_perc": 0.019646365422396856, "local_perc": 0.0066555740432612314}, "MADHYA PRADESH": {"global_perc": 0.008032347959127916, "local_perc": 0.14675540765391015}, "MIZORAM": {"global_perc": 0.0024096385542168677, "local_perc": 0.0006655574043261231}, "Maharashtra": {"global_perc": 0.0277796862475667, "local_perc": 0.40366056572379366}, "NCT OF DELHI": {"global_perc": 0.044642857142857144, "local_perc": 0.0016638935108153079}, "Punjab": {"global_perc": 0.04451156505842143, "local_perc": 0.18635607321131448}, "TRIPURA": {"global_perc": 0.006857142857142857, "local_perc": 0.0019966722129783694}, "UTTAR PRADESH": {"global_perc": 0.003268585985352239, "local_perc": 0.11613976705490849}, "UTTARAKHAND": {"global_perc": 0.0016078127791341631, "local_perc": 0.008985024958402662}, "West Bengal": {"global_perc": 0.0010194440300363022, "local_perc": 0.013643926788685524}}, "partition_field": "Stat_Nam", "Vil_Nam": "Khag", "Stat_Nam": "JAMMU & KASHMIR"}, {"data": [["Mob_Heal_Clin_Num", 3.0], ["Mob_Heal_Clin_Par_Med_Staf_Tot_Stren_Num", 2.0], 1.5], "data_low": {"Stat_Nam": "UTTARAKHAND", "Vil_Nam": "Karokhi", "Mob_Heal_Clin_Num": "3", "Mob_Heal_Clin_Par_Med_Staf_Tot_Stren_Num": "2", "id": 41871}, "data_high": {"Stat_Nam": "UTTARAKHAND", "Vil_Nam": "Karokhi", "Mob_Heal_Clin_Num": "3", "Mob_Heal_Clin_Par_Med_Staf_Tot_Stren_Num": "2", "id": 41871}, "perc": 0.0003211690553615159, "metric": 99.99967833084622, "value_global_local": {}, "partition_field": null, "Vil_Nam": "Karokhi", "Stat_Nam": "UTTARAKHAND"}, {"data": [["Mob_Heal_Clin_Num", 2.0], ["Mob_Heal_Clin_Par_Med_Staf_Tot_Stren_Num", 1.0], 2.0], "data_low": {"Stat_Nam": "JAMMU & KASHMIR", "Vil_Nam": "Tantna", "Mob_Heal_Clin_Num": "2", "Mob_Heal_Clin_Par_Med_Staf_Tot_Stren_Num": "1", "id": 4093}, "data_high": {"Stat_Nam": "JAMMU & KASHMIR", "Vil_Nam": "Tantna", "Mob_Heal_Clin_Num": "2", "Mob_Heal_Clin_Par_Med_Staf_Tot_Stren_Num": "1", "id": 4093}, "perc": 0.0049781203581034964, "metric": 99.99502087949165, "value_global_local": {"JAMMU & KASHMIR": {"global_perc": 0.00015260186174271325, "local_perc": 0.03225806451612903}, "MADHYA PRADESH": {"global_perc": 5.464182285121031e-05, "local_perc": 0.0967741935483871}, "Punjab": {"global_perc": 0.0018281535648994515, "local_perc": 0.7419354838709677}, "TRIPURA": {"global_perc": 0.001142857142857143, "local_perc": 0.03225806451612903}, "UTTAR PRADESH": {"global_perc": 2.809672766778429e-05, "local_perc": 0.0967741935483871}}, "partition_field": "Stat_Nam", "Vil_Nam": "Tantna", "Stat_Nam": "JAMMU & KASHMIR"}, {"data": [["Mob_Heal_Clin_Num", 10.0], ["Mob_Heal_Clin_Par_Med_Staf_Tot_Stren_Num", 1.0], 10.0], "data_low": {"Stat_Nam": "JAMMU & KASHMIR", "Vil_Nam": "Desa", "Mob_Heal_Clin_Num": "10", "Mob_Heal_Clin_Par_Med_Staf_Tot_Stren_Num": "1", "id": 4047}, "data_high": {"Stat_Nam": "JAMMU & KASHMIR", "Vil_Nam": "Desa", "Mob_Heal_Clin_Num": "10", "Mob_Heal_Clin_Par_Med_Staf_Tot_Stren_Num": "1", "id": 4047}, "perc": 0.00016058452768075794, "metric": 99.99983041368651, "value_global_local": {}, "partition_field": null, "Vil_Nam": "Desa", "Stat_Nam": "JAMMU & KASHMIR"}, {"data": [["Mob_Heal_Clin_Num", 1.0], ["Mob_Heal_Clin_Par_Med_Staf_Tot_Stren_Num", 0.0], 9999], "data_low": {"Stat_Nam": "JAMMU & KASHMIR", "Vil_Nam": "Thiksey", "Mob_Heal_Clin_Num": "1", "Mob_Heal_Clin_Par_Med_Staf_Tot_Stren_Num": "0", "id": 847}, "data_high": {"Stat_Nam": "West Bengal", "Vil_Nam": "Chandipur", "Mob_Heal_Clin_Num": "9", "Mob_Heal_Clin_Par_Med_Staf_Tot_Stren_Num": "", "id": 333262}, "perc": 0.16524147898349995, "metric": 99.82477504526425, "value_global_local": {"CHHATTISGARH": {"global_perc": 0.005465566928351386, "local_perc": 0.10689990281827016}, "HIMACHAL PRADESH": {"global_perc": 0.0004349927501208313, "local_perc": 0.008746355685131196}, "JAMMU & KASHMIR": {"global_perc": 0.0003052037234854265, "local_perc": 0.001943634596695821}, "JHARKHAND": {"global_perc": 0.0004630487127245786, "local_perc": 0.014577259475218658}, "MADHYA PRADESH": {"global_perc": 0.006484162978343624, "local_perc": 0.3459669582118562}, "MANIPUR": {"global_perc": 0.0003874467260751647, "local_perc": 0.0009718172983479105}, "MIZORAM": {"global_perc": 0.024096385542168676, "local_perc": 0.019436345966958212}, "UTTAR PRADESH": {"global_perc": 0.0012924494727180773, "local_perc": 0.13411078717201166}, "West Bengal": {"global_perc": 0.009398776667163957, "local_perc": 0.3673469387755102}}, "partition_field": "Stat_Nam", "Vil_Nam": "Thiksey", "Stat_Nam": "JAMMU & KASHMIR"}, {"data": [["Mob_Heal_Clin_Num", 0], ["Mob_Heal_Clin_Par_Med_Staf_Tot_Stren_Num", 0], 99980001], "data_low": {"Stat_Nam": "JAMMU & KASHMIR", "Vil_Nam": "Bore", "Mob_Heal_Clin_Num": "", "Mob_Heal_Clin_Par_Med_Staf_Tot_Stren_Num": "", "id": 0}, "data_high": {"Stat_Nam": "JAMMU & KASHMIR", "Vil_Nam": "Palmar", "Mob_Heal_Clin_Num": "Mob_Num", "Mob_Heal_Clin_Par_Med_Staf_Tot_Stren_Num": "Mob_pst", "id": 4582}, "perc": 97.79918904813522, "metric": 9.781875182031177e-07, "value_global_local": {"": {"global_perc": 1.0, "local_perc": 3.2839644018258844e-06}, "ANDAMAN & NICOBAR ISLANDS": {"global_perc": 1.0, "local_perc": 0.0009113001215066828}, "ANDHRA PRADESH": {"global_perc": 0.7026978417266188, "local_perc": 0.03207612229483432}, "ASSAM": {"global_perc": 0.9945065353286607, "local_perc": 0.04310203277396473}, "Arunachal Pradesh": {"global_perc": 0.9989264626945786, "local_perc": 0.009167186627696956}, "BIHAR": {"global_perc": 1.0, "local_perc": 0.07368230928376736}, "CHHATTISGARH": {"global_perc": 0.9933916327139024, "local_perc": 0.03282815014285245}, "DAMAN & DIU": {"global_perc": 1.0, "local_perc": 3.11976618173459e-05}, "Dadra & Nagar Haveli": {"global_perc": 1.0, "local_perc": 0.00010672884305934124}, "GOA": {"global_perc": 1.0, "local_perc": 0.0005484220551049227}, "HARYANA": {"global_perc": 1.0, "local_perc": 0.011232800236445437}, "HIMACHAL PRADESH": {"global_perc": 0.9994683421942968, "local_perc": 0.033954549932678726}, "JAMMU & KASHMIR": {"global_perc": 0.9932855180833207, "local_perc": 0.01068766214574234}, "JHARKHAND": {"global_perc": 0.989319009693153, "local_perc": 0.05262224557485797}, "KARNATAKA": {"global_perc": 0.9969325153374233, "local_perc": 0.048027979376703556}, "KERALA": {"global_perc": 0.9587426326129665, "local_perc": 0.0016025746280910315}, "LAKSHADWEEP": {"global_perc": 1.0, "local_perc": 3.4481626219171784e-05}, "MADHYA PRADESH": {"global_perc": 0.9752836821303026, "local_perc": 0.0879215789300844}, "MANIPUR": {"global_perc": 0.9996125532739248, "local_perc": 0.0042363140783553905}, "MIZORAM": {"global_perc": 0.9722891566265061, "local_perc": 0.0013250796361367442}, "Maharashtra": {"global_perc": 0.9712813466162831, "local_perc": 0.06963810712291879}, "Meghalaya": {"global_perc": 1.0, "local_perc": 0.011229516272043612}, "NAGALAND": {"global_perc": 0.9992997198879552, "local_perc": 0.0023431086007027683}, "NCT OF DELHI": {"global_perc": 0.9553571428571429, "local_perc": 0.00017569209549768482}, "ODISHA": {"global_perc": 0.9998830705669128, "local_perc": 0.08424518078224032}, "PUDUCHERRY": {"global_perc": 1.0, "local_perc": 0.0001477783980821648}, "Punjab": {"global_perc": 0.9484142754947937, "local_perc": 0.019592131621293224}, "RAJASTHAN": {"global_perc": 0.9981420128939829, "local_perc": 0.07321434435650717}, "SIKKIM": {"global_perc": 1.0, "local_perc": 0.0007405339726117368}, "TRIPURA": {"global_perc": 0.9817142857142858, "local_perc": 0.0014104627105842172}, "Tamil Nadu": {"global_perc": 1.0, "local_perc": 0.026237233588387903}, "UTTAR PRADESH": {"global_perc": 0.9942963642834398, "local_perc": 0.1743210403599225}, "UTTARAKHAND": {"global_perc": 0.9933305543976657, "local_perc": 0.027389905093428788}, "West Bengal": {"global_perc": 0.9875180267541896, "local_perc": 0.06521296509145841}}, "partition_field": "Stat_Nam", "Vil_Nam": "Bore", "Stat_Nam": "JAMMU & KASHMIR"}]