[{"data": [["Hos_Allop_Doc_In_Pos_Num", 0], ["Hos_Allop_Par_Med_Staf_In_Pos_Num", 1.0], 0.0], "data_low": {"Stat_Nam": "JAMMU & KASHMIR", "Vil_Nam": "Desa", "Hos_Allop_Doc_In_Pos_Num": "", "Hos_Allop_Par_Med_Staf_In_Pos_Num": "1", "id": 4047}, "data_high": {"Stat_Nam": "KERALA", "Vil_Nam": "Koothattukulam", "Hos_Allop_Doc_In_Pos_Num": "4", "Hos_Allop_Par_Med_Staf_In_Pos_Num": "62", "id": 605692}, "perc": 0.014292022963587458, "metric": 99.9857089770935, "value_global_local": {"HIMACHAL PRADESH": {"global_perc": 0.00014499758337361044, "local_perc": 0.033707865168539325}, "JAMMU & KASHMIR": {"global_perc": 0.00015260186174271325, "local_perc": 0.011235955056179775}, "JHARKHAND": {"global_perc": 0.0010495770821757117, "local_perc": 0.38202247191011235}, "KERALA": {"global_perc": 0.0019646365422396855, "local_perc": 0.02247191011235955}, "MADHYA PRADESH": {"global_perc": 0.00016392546855363094, "local_perc": 0.10112359550561797}, "MIZORAM": {"global_perc": 0.0024096385542168677, "local_perc": 0.02247191011235955}, "TRIPURA": {"global_perc": 0.001142857142857143, "local_perc": 0.011235955056179775}, "UTTAR PRADESH": {"global_perc": 0.00023413939723153577, "local_perc": 0.2808988764044944}, "West Bengal": {"global_perc": 0.0002983738624496494, "local_perc": 0.1348314606741573}}, "partition_field": "Stat_Nam", "Vil_Nam": "Desa", "Stat_Nam": "JAMMU & KASHMIR"}, {"data": [["Hos_Allop_Doc_In_Pos_Num", 1.0], ["Hos_Allop_Par_Med_Staf_In_Pos_Num", 9.0], 0.1111111111111111], "data_low": {"Stat_Nam": "ASSAM", "Vil_Nam": "Saniadi", "Hos_Allop_Doc_In_Pos_Num": "1", "Hos_Allop_Par_Med_Staf_In_Pos_Num": "9", "id": 301379}, "data_high": {"Stat_Nam": "West Bengal", "Vil_Nam": "Padmerhat", "Hos_Allop_Doc_In_Pos_Num": "8", "Hos_Allop_Par_Med_Staf_In_Pos_Num": "68", "id": 332893}, "perc": 0.021839495764583085, "metric": 99.97816139310795, "value_global_local": {"ANDHRA PRADESH": {"global_perc": 0.0006474820143884892, "local_perc": 0.1323529411764706}, "ASSAM": {"global_perc": 0.0014396666035233945, "local_perc": 0.27941176470588236}, "Arunachal Pradesh": {"global_perc": 0.0001789228842368939, "local_perc": 0.007352941176470588}, "GOA": {"global_perc": 0.0029940119760479044, "local_perc": 0.007352941176470588}, "HIMACHAL PRADESH": {"global_perc": 9.666505558240696e-05, "local_perc": 0.014705882352941176}, "JAMMU & KASHMIR": {"global_perc": 0.001220814893941706, "local_perc": 0.058823529411764705}, "JHARKHAND": {"global_perc": 3.086991418163858e-05, "local_perc": 0.007352941176470588}, "KERALA": {"global_perc": 0.008840864440078585, "local_perc": 0.0661764705882353}, "MADHYA PRADESH": {"global_perc": 7.285576380161376e-05, "local_perc": 0.029411764705882353}, "Punjab": {"global_perc": 0.0007153644384389158, "local_perc": 0.0661764705882353}, "TRIPURA": {"global_perc": 0.0034285714285714284, "local_perc": 0.022058823529411766}, "UTTAR PRADESH": {"global_perc": 0.0001873115177852286, "local_perc": 0.14705882352941177}, "UTTARAKHAND": {"global_perc": 0.0004763889715953076, "local_perc": 0.058823529411764705}, "West Bengal": {"global_perc": 0.000348102839524591, "local_perc": 0.10294117647058823}}, "partition_field": "Stat_Nam", "Vil_Nam": "Saniadi", "Stat_Nam": "ASSAM"}, {"data": [["Hos_Allop_Doc_In_Pos_Num", 7.0], ["Hos_Allop_Par_Med_Staf_In_Pos_Num", 33.0], 0.21212121212121213], "data_low": {"Stat_Nam": "JAMMU & KASHMIR", "Vil_Nam": "Mandi", "Hos_Allop_Doc_In_Pos_Num": "1", "Hos_Allop_Par_Med_Staf_In_Pos_Num": "4", "id": 1149}, "data_high": {"Stat_Nam": "West Bengal", "Vil_Nam": "Uttar Harishchandrapur", "Hos_Allop_Doc_In_Pos_Num": "8", "Hos_Allop_Par_Med_Staf_In_Pos_Num": "27", "id": 310711}, "perc": 0.021518326709221568, "metric": 99.9784824611576, "value_global_local": {"ANDHRA PRADESH": {"global_perc": 0.00014388489208633093, "local_perc": 0.029850746268656716}, "ASSAM": {"global_perc": 0.0003409736692555408, "local_perc": 0.06716417910447761}, "HIMACHAL PRADESH": {"global_perc": 4.833252779120348e-05, "local_perc": 0.007462686567164179}, "JAMMU & KASHMIR": {"global_perc": 0.0018312223409125592, "local_perc": 0.08955223880597014}, "JHARKHAND": {"global_perc": 6.173982836327716e-05, "local_perc": 0.014925373134328358}, "KERALA": {"global_perc": 0.004911591355599214, "local_perc": 0.03731343283582089}, "MADHYA PRADESH": {"global_perc": 5.464182285121031e-05, "local_perc": 0.022388059701492536}, "Punjab": {"global_perc": 7.948493760432397e-05, "local_perc": 0.007462686567164179}, "RAJASTHAN": {"global_perc": 2.238538681948424e-05, "local_perc": 0.007462686567164179}, "TRIPURA": {"global_perc": 0.002285714285714286, "local_perc": 0.014925373134328358}, "UTTAR PRADESH": {"global_perc": 0.0002435049731207972, "local_perc": 0.19402985074626866}, "UTTARAKHAND": {"global_perc": 0.003036979693920086, "local_perc": 0.3805970149253731}, "West Bengal": {"global_perc": 0.00042269630513700336, "local_perc": 0.12686567164179105}}, "partition_field": "Stat_Nam", "Vil_Nam": "Pulinkunnu", "Stat_Nam": "KERALA"}, {"data": [["Hos_Allop_Doc_In_Pos_Num", 5.0], ["Hos_Allop_Par_Med_Staf_In_Pos_Num", 16.0], 0.3125], "data_low": {"Stat_Nam": "JAMMU & KASHMIR", "Vil_Nam": "Jawal Pora", "Hos_Allop_Doc_In_Pos_Num": "1", "Hos_Allop_Par_Med_Staf_In_Pos_Num": "3", "id": 704}, "data_high": {"Stat_Nam": "HIMACHAL PRADESH", "Vil_Nam": "Baijnath  (870)", "Hos_Allop_Doc_In_Pos_Num": "8", "Hos_Allop_Par_Med_Staf_In_Pos_Num": "20", "id": 11923}, "perc": 0.045927174916696775, "metric": 99.95407351240502, "value_global_local": {"ANDAMAN & NICOBAR ISLANDS": {"global_perc": 0.0018018018018018018, "local_perc": 0.0034965034965034965}, "ANDHRA PRADESH": {"global_perc": 0.0003237410071942446, "local_perc": 0.03146853146853147}, "ASSAM": {"global_perc": 0.0015533244932752414, "local_perc": 0.14335664335664336}, "Arunachal Pradesh": {"global_perc": 0.0005367686527106817, "local_perc": 0.01048951048951049}, "GOA": {"global_perc": 0.0029940119760479044, "local_perc": 0.0034965034965034965}, "HIMACHAL PRADESH": {"global_perc": 0.0004349927501208313, "local_perc": 0.03146853146853147}, "JAMMU & KASHMIR": {"global_perc": 0.002441629787883412, "local_perc": 0.055944055944055944}, "JHARKHAND": {"global_perc": 0.00015434957090819287, "local_perc": 0.017482517482517484}, "KERALA": {"global_perc": 0.003929273084479371, "local_perc": 0.013986013986013986}, "MADHYA PRADESH": {"global_perc": 5.464182285121031e-05, "local_perc": 0.01048951048951049}, "Punjab": {"global_perc": 0.0007948493760432398, "local_perc": 0.03496503496503497}, "RAJASTHAN": {"global_perc": 6.715616045845272e-05, "local_perc": 0.01048951048951049}, "SIKKIM": {"global_perc": 0.0022172949002217295, "local_perc": 0.0034965034965034965}, "TRIPURA": {"global_perc": 0.0034285714285714284, "local_perc": 0.01048951048951049}, "Tamil Nadu": {"global_perc": 6.258213905751299e-05, "local_perc": 0.0034965034965034965}, "UTTAR PRADESH": {"global_perc": 0.00027160170078858147, "local_perc": 0.10139860139860139}, "UTTARAKHAND": {"global_perc": 0.007026737331030787, "local_perc": 0.4125874125874126}, "West Bengal": {"global_perc": 0.0007210701675866528, "local_perc": 0.10139860139860139}}, "partition_field": "Stat_Nam", "Vil_Nam": "Nirbhoypur", "Stat_Nam": "TRIPURA"}, {"data": [["Hos_Allop_Doc_In_Pos_Num", 5.0], ["Hos_Allop_Par_Med_Staf_In_Pos_Num", 12.0], 0.4166666666666667], "data_low": {"Stat_Nam": "JAMMU & KASHMIR", "Vil_Nam": "Panzgam", "Hos_Allop_Doc_In_Pos_Num": "1", "Hos_Allop_Par_Med_Staf_In_Pos_Num": "2", "id": 85}, "data_high": {"Stat_Nam": "UTTAR PRADESH", "Vil_Nam": "Bhinga Dehati", "Hos_Allop_Doc_In_Pos_Num": "7", "Hos_Allop_Par_Med_Staf_In_Pos_Num": "15", "id": 171911}, "perc": 0.3674173993335742, "metric": 99.63258318197275, "value_global_local": {"ANDAMAN & NICOBAR ISLANDS": {"global_perc": 0.0018018018018018018, "local_perc": 0.00043706293706293706}, "ANDHRA PRADESH": {"global_perc": 0.001223021582733813, "local_perc": 0.01486013986013986}, "ASSAM": {"global_perc": 0.00011365788975184695, "local_perc": 0.0013111888111888112}, "HARYANA": {"global_perc": 0.000146177459435755, "local_perc": 0.00043706293706293706}, "HIMACHAL PRADESH": {"global_perc": 0.0008699855002416626, "local_perc": 0.007867132867132868}, "JAMMU & KASHMIR": {"global_perc": 0.004730657714024111, "local_perc": 0.013548951048951048}, "JHARKHAND": {"global_perc": 0.00018521948508983145, "local_perc": 0.0026223776223776225}, "KERALA": {"global_perc": 0.004911591355599214, "local_perc": 0.0021853146853146855}, "MADHYA PRADESH": {"global_perc": 0.0006739158151649273, "local_perc": 0.016171328671328672}, "MANIPUR": {"global_perc": 0.0003874467260751647, "local_perc": 0.00043706293706293706}, "Maharashtra": {"global_perc": 0.0415664720027482, "local_perc": 0.7932692307692307}, "Punjab": {"global_perc": 0.0007948493760432398, "local_perc": 0.004370629370629371}, "RAJASTHAN": {"global_perc": 0.0006715616045845272, "local_perc": 0.013111888111888112}, "TRIPURA": {"global_perc": 0.0034285714285714284, "local_perc": 0.0013111888111888112}, "Tamil Nadu": {"global_perc": 0.00018774641717253895, "local_perc": 0.0013111888111888112}, "UTTAR PRADESH": {"global_perc": 0.001414201959278476, "local_perc": 0.0659965034965035}, "UTTARAKHAND": {"global_perc": 0.006967188709581373, "local_perc": 0.05113636363636364}, "West Bengal": {"global_perc": 0.0005470187478243573, "local_perc": 0.009615384615384616}}, "partition_field": "Stat_Nam", "Vil_Nam": "Lisarh", "Stat_Nam": "UTTAR PRADESH"}, {"data": [["Hos_Allop_Doc_In_Pos_Num", 7.0], ["Hos_Allop_Par_Med_Staf_In_Pos_Num", 13.0], 0.5384615384615384], "data_low": {"Stat_Nam": "HIMACHAL PRADESH", "Vil_Nam": "Masrur   (503)", "Hos_Allop_Doc_In_Pos_Num": "3", "Hos_Allop_Par_Med_Staf_In_Pos_Num": "5", "id": 10041}, "data_high": {"Stat_Nam": "KERALA", "Vil_Nam": "Agali", "Hos_Allop_Doc_In_Pos_Num": "8", "Hos_Allop_Par_Med_Staf_In_Pos_Num": "14", "id": 605452}, "perc": 0.008029226384037899, "metric": 99.99197123520968, "value_global_local": {"": {"global_perc": 3.998980260033691e-05, "local_perc": 0.32}, "0": {"global_perc": 0.00025329280648429586, "local_perc": 0.02}, "a": {"global_perc": 0.00010922595208621568, "local_perc": 0.12}, "b": {"global_perc": 0.00018351396865149617, "local_perc": 0.34}, "c": {"global_perc": 0.00014063313035284853, "local_perc": 0.2}}, "partition_field": "Dist_Nut_Cen_Other", "Vil_Nam": "Shankar (21)", "Stat_Nam": "Punjab"}, {"data": [["Hos_Allop_Doc_In_Pos_Num", 2.0], ["Hos_Allop_Par_Med_Staf_In_Pos_Num", 3.0], 0.6666666666666666], "data_low": {"Stat_Nam": "UTTAR PRADESH", "Vil_Nam": "Chak Murad", "Hos_Allop_Doc_In_Pos_Num": "10", "Hos_Allop_Par_Med_Staf_In_Pos_Num": "15", "id": 203466}, "data_high": {"Stat_Nam": "West Bengal", "Vil_Nam": "Naksalbari", "Hos_Allop_Doc_In_Pos_Num": "8", "Hos_Allop_Par_Med_Staf_In_Pos_Num": "12", "id": 305312}, "perc": 0.016219037295756553, "metric": 99.98378129605017, "value_global_local": {"ANDHRA PRADESH": {"global_perc": 0.0002158273381294964, "local_perc": 0.0594059405940594}, "ASSAM": {"global_perc": 7.577192650123129e-05, "local_perc": 0.019801980198019802}, "Arunachal Pradesh": {"global_perc": 0.0001789228842368939, "local_perc": 0.009900990099009901}, "GOA": {"global_perc": 0.0029940119760479044, "local_perc": 0.009900990099009901}, "HIMACHAL PRADESH": {"global_perc": 0.00033832769453842436, "local_perc": 0.06930693069306931}, "JAMMU & KASHMIR": {"global_perc": 0.0004578055852281398, "local_perc": 0.0297029702970297}, "MADHYA PRADESH": {"global_perc": 0.00021856729140484125, "local_perc": 0.1188118811881188}, "ODISHA": {"global_perc": 0.0007015765985227915, "local_perc": 0.3564356435643564}, "TRIPURA": {"global_perc": 0.002285714285714286, "local_perc": 0.019801980198019802}, "Tamil Nadu": {"global_perc": 6.258213905751299e-05, "local_perc": 0.009900990099009901}, "UTTAR PRADESH": {"global_perc": 0.0001498492142281829, "local_perc": 0.15841584158415842}, "UTTARAKHAND": {"global_perc": 0.0005954862144941345, "local_perc": 0.09900990099009901}, "West Bengal": {"global_perc": 9.945795414988313e-05, "local_perc": 0.039603960396039604}}, "partition_field": "Stat_Nam", "Vil_Nam": "Behram Pora", "Stat_Nam": "JAMMU & KASHMIR"}, {"data": [["Hos_Allop_Doc_In_Pos_Num", 7.0], ["Hos_Allop_Par_Med_Staf_In_Pos_Num", 9.0], 0.7777777777777778], "data_low": {"Stat_Nam": "UTTAR PRADESH", "Vil_Nam": "Kuiyan", "Hos_Allop_Doc_In_Pos_Num": "20", "Hos_Allop_Par_Med_Staf_In_Pos_Num": "25", "id": 150883}, "data_high": {"Stat_Nam": "ODISHA", "Vil_Nam": "Meramandali", "Hos_Allop_Doc_In_Pos_Num": "8", "Hos_Allop_Par_Med_Staf_In_Pos_Num": "10", "id": 400649}, "perc": 0.008510979967080171, "metric": 99.99148924228066, "value_global_local": {"JHARKHAND": {"global_perc": 3.086991418163858e-05, "local_perc": 0.018867924528301886}, "ODISHA": {"global_perc": 0.0008769707481534894, "local_perc": 0.8490566037735849}, "Punjab": {"global_perc": 7.948493760432397e-05, "local_perc": 0.018867924528301886}, "TRIPURA": {"global_perc": 0.001142857142857143, "local_perc": 0.018867924528301886}, "UTTAR PRADESH": {"global_perc": 3.7462303557045726e-05, "local_perc": 0.07547169811320754}, "West Bengal": {"global_perc": 2.4864488537470783e-05, "local_perc": 0.018867924528301886}}, "partition_field": "Stat_Nam", "Vil_Nam": "Bilaimunda", "Stat_Nam": "ODISHA"}, {"data": [["Hos_Allop_Doc_In_Pos_Num", 8.0], ["Hos_Allop_Par_Med_Staf_In_Pos_Num", 9.0], 0.8888888888888888], "data_low": {"Stat_Nam": "UTTAR PRADESH", "Vil_Nam": "Saddar Pur", "Hos_Allop_Doc_In_Pos_Num": "19", "Hos_Allop_Par_Med_Staf_In_Pos_Num": "21", "id": 166309}, "data_high": {"Stat_Nam": "UTTAR PRADESH", "Vil_Nam": "Banwaripur", "Hos_Allop_Doc_In_Pos_Num": "8", "Hos_Allop_Par_Med_Staf_In_Pos_Num": "9", "id": 214182}, "perc": 0.0017664298044883376, "metric": 99.99823368132687, "value_global_local": {}, "partition_field": null, "Vil_Nam": "Banwaripur", "Stat_Nam": "UTTAR PRADESH"}, {"data": [["Hos_Allop_Doc_In_Pos_Num", 1.0], ["Hos_Allop_Par_Med_Staf_In_Pos_Num", 1.0], 1.0], "data_low": {"Stat_Nam": "JAMMU & KASHMIR", "Vil_Nam": "Batter Gam", "Hos_Allop_Doc_In_Pos_Num": "1", "Hos_Allop_Par_Med_Staf_In_Pos_Num": "1", "id": 60}, "data_high": {"Stat_Nam": "ODISHA", "Vil_Nam": "Gadapur", "Hos_Allop_Doc_In_Pos_Num": "9", "Hos_Allop_Par_Med_Staf_In_Pos_Num": "9", "id": 414913}, "perc": 0.18402986872214863, "metric": 99.81597013127785, "value_global_local": {"ANDHRA PRADESH": {"global_perc": 7.194244604316547e-05, "local_perc": 0.0017452006980802793}, "HARYANA": {"global_perc": 0.000146177459435755, "local_perc": 0.0008726003490401396}, "HIMACHAL PRADESH": {"global_perc": 0.0004833252779120348, "local_perc": 0.008726003490401396}, "JAMMU & KASHMIR": {"global_perc": 0.0021364260643979855, "local_perc": 0.012216404886561954}, "JHARKHAND": {"global_perc": 0.01599061554608878, "local_perc": 0.45200698080279234}, "KERALA": {"global_perc": 0.0019646365422396855, "local_perc": 0.0017452006980802793}, "MADHYA PRADESH": {"global_perc": 0.000874269165619365, "local_perc": 0.041884816753926704}, "MANIPUR": {"global_perc": 0.0003874467260751647, "local_perc": 0.0008726003490401396}, "NCT OF DELHI": {"global_perc": 0.008928571428571428, "local_perc": 0.0008726003490401396}, "ODISHA": {"global_perc": 3.897647769571064e-05, "local_perc": 0.0017452006980802793}, "Punjab": {"global_perc": 0.023289086718066926, "local_perc": 0.2556719022687609}, "TRIPURA": {"global_perc": 0.024, "local_perc": 0.01832460732984293}, "UTTAR PRADESH": {"global_perc": 0.0013111806244966004, "local_perc": 0.12216404886561955}, "UTTARAKHAND": {"global_perc": 0.003989757637110701, "local_perc": 0.05846422338568935}, "West Bengal": {"global_perc": 0.0006464767019742403, "local_perc": 0.02268760907504363}}, "partition_field": "Stat_Nam", "Vil_Nam": "Batter Gam", "Stat_Nam": "JAMMU & KASHMIR"}, {"data": [["Hos_Allop_Doc_In_Pos_Num", 6.0], ["Hos_Allop_Par_Med_Staf_In_Pos_Num", 5.0], 1.2], "data_low": {"Stat_Nam": "Punjab", "Vil_Nam": "Khui Khera (241)", "Hos_Allop_Doc_In_Pos_Num": "5", "Hos_Allop_Par_Med_Staf_In_Pos_Num": "4", "id": 34883}, "data_high": {"Stat_Nam": "JHARKHAND", "Vil_Nam": "Bero", "Hos_Allop_Doc_In_Pos_Num": "6", "Hos_Allop_Par_Med_Staf_In_Pos_Num": "5", "id": 372151}, "perc": 0.0004817535830422739, "metric": 99.99951804637791, "value_global_local": {}, "partition_field": null, "Vil_Nam": "Bero", "Stat_Nam": "JHARKHAND"}, {"data": [["Hos_Allop_Doc_In_Pos_Num", 4.0], ["Hos_Allop_Par_Med_Staf_In_Pos_Num", 3.0], 1.3333333333333333], "data_low": {"Stat_Nam": "TRIPURA", "Vil_Nam": "Satnala", "Hos_Allop_Doc_In_Pos_Num": "4", "Hos_Allop_Par_Med_Staf_In_Pos_Num": "3", "id": 271623}, "data_high": {"Stat_Nam": "TRIPURA", "Vil_Nam": "Satnala", "Hos_Allop_Doc_In_Pos_Num": "4", "Hos_Allop_Par_Med_Staf_In_Pos_Num": "3", "id": 271623}, "perc": 0.0003211690553615159, "metric": 99.9996784975457, "value_global_local": {}, "partition_field": null, "Vil_Nam": "Satnala", "Stat_Nam": "TRIPURA"}, {"data": [["Hos_Allop_Doc_In_Pos_Num", 3.0], ["Hos_Allop_Par_Med_Staf_In_Pos_Num", 2.0], 1.5], "data_low": {"Stat_Nam": "West Bengal", "Vil_Nam": "Chanditala", "Hos_Allop_Doc_In_Pos_Num": "12", "Hos_Allop_Par_Med_Staf_In_Pos_Num": "8", "id": 323944}, "data_high": {"Stat_Nam": "TRIPURA", "Vil_Nam": "Debendrachandranagar (Part)", "Hos_Allop_Doc_In_Pos_Num": "6", "Hos_Allop_Par_Med_Staf_In_Pos_Num": "4", "id": 270790}, "perc": 0.002569352442892127, "metric": 99.99743014746994, "value_global_local": {}, "partition_field": null, "Vil_Nam": "Up Mohal Thotho", "Stat_Nam": "HIMACHAL PRADESH"}, {"data": [["Hos_Allop_Doc_In_Pos_Num", 5.0], ["Hos_Allop_Par_Med_Staf_In_Pos_Num", 3.0], 1.6666666666666667], "data_low": {"Stat_Nam": "UTTAR PRADESH", "Vil_Nam": "Koiran", "Hos_Allop_Doc_In_Pos_Num": "5", "Hos_Allop_Par_Med_Staf_In_Pos_Num": "3", "id": 201662}, "data_high": {"Stat_Nam": "UTTAR PRADESH", "Vil_Nam": "Koiran", "Hos_Allop_Doc_In_Pos_Num": "5", "Hos_Allop_Par_Med_Staf_In_Pos_Num": "3", "id": 201662}, "perc": 0.00016058452768075794, "metric": 99.99983874867337, "value_global_local": {}, "partition_field": null, "Vil_Nam": "Koiran", "Stat_Nam": "UTTAR PRADESH"}, {"data": [["Hos_Allop_Doc_In_Pos_Num", 225.0], ["Hos_Allop_Par_Med_Staf_In_Pos_Num", 120.0], 1.875], "data_low": {"Stat_Nam": "HARYANA", "Vil_Nam": "Khanpur Kalan (56)", "Hos_Allop_Doc_In_Pos_Num": "225", "Hos_Allop_Par_Med_Staf_In_Pos_Num": "120", "id": 59329}, "data_high": {"Stat_Nam": "HARYANA", "Vil_Nam": "Khanpur Kalan (56)", "Hos_Allop_Doc_In_Pos_Num": "225", "Hos_Allop_Par_Med_Staf_In_Pos_Num": "120", "id": 59329}, "perc": 0.00016058452768075794, "metric": 99.99983854029871, "value_global_local": {}, "partition_field": null, "Vil_Nam": "Khanpur Kalan (56)", "Stat_Nam": "HARYANA"}, {"data": [["Hos_Allop_Doc_In_Pos_Num", 6.0], ["Hos_Allop_Par_Med_Staf_In_Pos_Num", 3.0], 2.0], "data_low": {"Stat_Nam": "HIMACHAL PRADESH", "Vil_Nam": "Muhal Pangan (22/38)", "Hos_Allop_Doc_In_Pos_Num": "2", "Hos_Allop_Par_Med_Staf_In_Pos_Num": "1", "id": 12576}, "data_high": {"Stat_Nam": "West Bengal", "Vil_Nam": "Bujruk Bandhail", "Hos_Allop_Doc_In_Pos_Num": "8", "Hos_Allop_Par_Med_Staf_In_Pos_Num": "4", "id": 311224}, "perc": 0.010437994299249267, "metric": 99.98956100560511, "value_global_local": {"HIMACHAL PRADESH": {"global_perc": 9.666505558240696e-05, "local_perc": 0.03076923076923077}, "JAMMU & KASHMIR": {"global_perc": 0.00015260186174271325, "local_perc": 0.015384615384615385}, "JHARKHAND": {"global_perc": 0.0004321787985429401, "local_perc": 0.2153846153846154}, "KERALA": {"global_perc": 0.0009823182711198428, "local_perc": 0.015384615384615385}, "MADHYA PRADESH": {"global_perc": 0.00010928364570242063, "local_perc": 0.09230769230769231}, "Punjab": {"global_perc": 0.00047690962562594387, "local_perc": 0.09230769230769231}, "TRIPURA": {"global_perc": 0.009142857142857144, "local_perc": 0.12307692307692308}, "UTTAR PRADESH": {"global_perc": 0.00014048363833892147, "local_perc": 0.23076923076923078}, "UTTARAKHAND": {"global_perc": 0.0003572917286964807, "local_perc": 0.09230769230769231}, "West Bengal": {"global_perc": 0.0001491869312248247, "local_perc": 0.09230769230769231}}, "partition_field": "Stat_Nam", "Vil_Nam": "Shamsi Pora", "Stat_Nam": "JAMMU & KASHMIR"}, {"data": [["Hos_Allop_Doc_In_Pos_Num", 5.0], ["Hos_Allop_Par_Med_Staf_In_Pos_Num", 2.0], 2.5], "data_low": {"Stat_Nam": "West Bengal", "Vil_Nam": "Bakbari", "Hos_Allop_Doc_In_Pos_Num": "5", "Hos_Allop_Par_Med_Staf_In_Pos_Num": "2", "id": 328645}, "data_high": {"Stat_Nam": "West Bengal", "Vil_Nam": "Bakbari", "Hos_Allop_Doc_In_Pos_Num": "5", "Hos_Allop_Par_Med_Staf_In_Pos_Num": "2", "id": 328645}, "perc": 0.00016058452768075794, "metric": 99.9998379151747, "value_global_local": {}, "partition_field": null, "Vil_Nam": "Bakbari", "Stat_Nam": "West Bengal"}, {"data": [["Hos_Allop_Doc_In_Pos_Num", 3.0], ["Hos_Allop_Par_Med_Staf_In_Pos_Num", 1.0], 3.0], "data_low": {"Stat_Nam": "Punjab", "Vil_Nam": "Bilga (102)", "Hos_Allop_Doc_In_Pos_Num": "3", "Hos_Allop_Par_Med_Staf_In_Pos_Num": "1", "id": 29885}, "data_high": {"Stat_Nam": "UTTAR PRADESH", "Vil_Nam": "Daulatpur Lonhat", "Hos_Allop_Doc_In_Pos_Num": "6", "Hos_Allop_Par_Med_Staf_In_Pos_Num": "2", "id": 167931}, "perc": 0.0011240916937653056, "metric": 99.99887390792865, "value_global_local": {}, "partition_field": null, "Vil_Nam": "Bilga (102)", "Stat_Nam": "Punjab"}, {"data": [["Hos_Allop_Doc_In_Pos_Num", 4.0], ["Hos_Allop_Par_Med_Staf_In_Pos_Num", 1.0], 4.0], "data_low": {"Stat_Nam": "UTTAR PRADESH", "Vil_Nam": "Gaura Purey Badal", "Hos_Allop_Doc_In_Pos_Num": "4", "Hos_Allop_Par_Med_Staf_In_Pos_Num": "1", "id": 158990}, "data_high": {"Stat_Nam": "West Bengal", "Vil_Nam": "Banka Sultanpur", "Hos_Allop_Doc_In_Pos_Num": "8", "Hos_Allop_Par_Med_Staf_In_Pos_Num": "2", "id": 335401}, "perc": 0.0011240916937653056, "metric": 99.99887290773987, "value_global_local": {}, "partition_field": null, "Vil_Nam": "Gaura Purey Badal", "Stat_Nam": "UTTAR PRADESH"}, {"data": [["Hos_Allop_Doc_In_Pos_Num", 5.0], ["Hos_Allop_Par_Med_Staf_In_Pos_Num", 1.0], 5.0], "data_low": {"Stat_Nam": "UTTAR PRADESH", "Vil_Nam": "Sangipur", "Hos_Allop_Doc_In_Pos_Num": "5", "Hos_Allop_Par_Med_Staf_In_Pos_Num": "1", "id": 157029}, "data_high": {"Stat_Nam": "UTTAR PRADESH", "Vil_Nam": "Sangipur", "Hos_Allop_Doc_In_Pos_Num": "5", "Hos_Allop_Par_Med_Staf_In_Pos_Num": "1", "id": 157029}, "perc": 0.0011240916937653056, "metric": 99.99887190755108, "value_global_local": {}, "partition_field": null, "Vil_Nam": "Sangipur", "Stat_Nam": "UTTAR PRADESH"}, {"data": [["Hos_Allop_Doc_In_Pos_Num", 6.0], ["Hos_Allop_Par_Med_Staf_In_Pos_Num", 1.0], 6.0], "data_low": {"Stat_Nam": "JHARKHAND", "Vil_Nam": "Bhandra", "Hos_Allop_Doc_In_Pos_Num": "6", "Hos_Allop_Par_Med_Staf_In_Pos_Num": "1", "id": 361048}, "data_high": {"Stat_Nam": "JHARKHAND", "Vil_Nam": "Bhandra", "Hos_Allop_Doc_In_Pos_Num": "6", "Hos_Allop_Par_Med_Staf_In_Pos_Num": "1", "id": 361048}, "perc": 0.00016058452768075794, "metric": 99.9998344144802, "value_global_local": {}, "partition_field": null, "Vil_Nam": "Bhandra", "Stat_Nam": "JHARKHAND"}, {"data": [["Hos_Allop_Doc_In_Pos_Num", 7.0], ["Hos_Allop_Par_Med_Staf_In_Pos_Num", 1.0], 7.0], "data_low": {"Stat_Nam": "UTTAR PRADESH", "Vil_Nam": "Safdarganj", "Hos_Allop_Doc_In_Pos_Num": "7", "Hos_Allop_Par_Med_Staf_In_Pos_Num": "1", "id": 163983}, "data_high": {"Stat_Nam": "UTTAR PRADESH", "Vil_Nam": "Safdarganj", "Hos_Allop_Doc_In_Pos_Num": "7", "Hos_Allop_Par_Med_Staf_In_Pos_Num": "1", "id": 163983}, "perc": 0.0003211690553615159, "metric": 99.99967282976372, "value_global_local": {}, "partition_field": null, "Vil_Nam": "Safdarganj", "Stat_Nam": "UTTAR PRADESH"}, {"data": [["Hos_Allop_Doc_In_Pos_Num", 8.0], ["Hos_Allop_Par_Med_Staf_In_Pos_Num", 1.0], 8.0], "data_low": {"Stat_Nam": "West Bengal", "Vil_Nam": "Pandua", "Hos_Allop_Doc_In_Pos_Num": "8", "Hos_Allop_Par_Med_Staf_In_Pos_Num": "1", "id": 325972}, "data_high": {"Stat_Nam": "West Bengal", "Vil_Nam": "Pandua", "Hos_Allop_Doc_In_Pos_Num": "8", "Hos_Allop_Par_Med_Staf_In_Pos_Num": "1", "id": 325972}, "perc": 0.00016058452768075794, "metric": 99.99983241408336, "value_global_local": {}, "partition_field": null, "Vil_Nam": "Pandua", "Stat_Nam": "West Bengal"}, {"data": [["Hos_Allop_Doc_In_Pos_Num", 10.0], ["Hos_Allop_Par_Med_Staf_In_Pos_Num", 1.0], 10.0], "data_low": {"Stat_Nam": "UTTAR PRADESH", "Vil_Nam": "Dadra", "Hos_Allop_Doc_In_Pos_Num": "10", "Hos_Allop_Par_Med_Staf_In_Pos_Num": "1", "id": 163980}, "data_high": {"Stat_Nam": "UTTAR PRADESH", "Vil_Nam": "Dadra", "Hos_Allop_Doc_In_Pos_Num": "10", "Hos_Allop_Par_Med_Staf_In_Pos_Num": "1", "id": 163980}, "perc": 0.00016058452768075794, "metric": 99.99983041368651, "value_global_local": {}, "partition_field": null, "Vil_Nam": "Dadra", "Stat_Nam": "UTTAR PRADESH"}, {"data": [["Hos_Allop_Doc_In_Pos_Num", 1.0], ["Hos_Allop_Par_Med_Staf_In_Pos_Num", 0.0], 9999], "data_low": {"Stat_Nam": "JAMMU & KASHMIR", "Vil_Nam": "Smail Pur", "Hos_Allop_Doc_In_Pos_Num": "1", "Hos_Allop_Par_Med_Staf_In_Pos_Num": "0", "id": 6544}, "data_high": {"Stat_Nam": "HIMACHAL PRADESH", "Vil_Nam": "Baddi Sitalpur (204)", "Hos_Allop_Doc_In_Pos_Num": "8", "Hos_Allop_Par_Med_Staf_In_Pos_Num": "0", "id": 21106}, "perc": 0.05122646433016179, "metric": 99.93877865841624, "value_global_local": {"Arunachal Pradesh": {"global_perc": 0.0005367686527106817, "local_perc": 0.009404388714733543}, "HIMACHAL PRADESH": {"global_perc": 0.0005799903334944418, "local_perc": 0.03761755485893417}, "JAMMU & KASHMIR": {"global_perc": 0.00015260186174271325, "local_perc": 0.003134796238244514}, "JHARKHAND": {"global_perc": 0.0015743656232635674, "local_perc": 0.15987460815047022}, "MADHYA PRADESH": {"global_perc": 0.000455348523760086, "local_perc": 0.07836990595611286}, "TRIPURA": {"global_perc": 0.002285714285714286, "local_perc": 0.006269592476489028}, "UTTAR PRADESH": {"global_perc": 0.0015172232940603519, "local_perc": 0.5078369905956113}, "West Bengal": {"global_perc": 0.0015664627778606594, "local_perc": 0.1974921630094044}}, "partition_field": "Stat_Nam", "Vil_Nam": "Smail Pur", "Stat_Nam": "JAMMU & KASHMIR"}, {"data": [["Hos_Allop_Doc_In_Pos_Num", 0], ["Hos_Allop_Par_Med_Staf_In_Pos_Num", 0], 99980001], "data_low": {"Stat_Nam": "JAMMU & KASHMIR", "Vil_Nam": "Bore", "Hos_Allop_Doc_In_Pos_Num": "", "Hos_Allop_Par_Med_Staf_In_Pos_Num": "", "id": 0}, "data_high": {"Stat_Nam": "JAMMU & KASHMIR", "Vil_Nam": "Palmar", "Hos_Allop_Doc_In_Pos_Num": "HAll_pos", "Hos_Allop_Par_Med_Staf_In_Pos_Num": "HAll_ppos", "id": 4582}, "perc": 99.24075635312538, "metric": 9.92606074820157e-07, "value_global_local": {"null": {"global_perc": 0.9924075635312538, "local_perc": 1.0}}, "partition_field": "Dist_Other", "Vil_Nam": "Bore", "Stat_Nam": "JAMMU & KASHMIR"}]