[{"data": [["Hos_Allop_Doc_In_Pos_Num", 0.0], ["Hos_Allop_Doc_Tot_Stren_Num", 1.0], 0.0], "data_low": {"Stat_Nam": "UTTAR PRADESH", "Vil_Nam": "Jagammanpur", "Hos_Allop_Doc_Tot_Stren_Num": "1", "Hos_Allop_Doc_In_Pos_Num": "", "id": 150122}, "data_high": {"Stat_Nam": "HIMACHAL PRADESH", "Vil_Nam": "Mahliat  (33)", "Hos_Allop_Doc_Tot_Stren_Num": "1", "Hos_Allop_Doc_In_Pos_Num": "0", "id": 6583}, "perc": 0.032759243646874624, "metric": 99.96724175622549, "value_global_local": {"HIMACHAL PRADESH": {"global_perc": 0.0010633156114064765, "local_perc": 0.10784313725490197}, "JHARKHAND": {"global_perc": 0.0015743656232635674, "local_perc": 0.25}, "MADHYA PRADESH": {"global_perc": 0.00021856729140484125, "local_perc": 0.058823529411764705}, "MIZORAM": {"global_perc": 0.0024096385542168677, "local_perc": 0.00980392156862745}, "TRIPURA": {"global_perc": 0.001142857142857143, "local_perc": 0.004901960784313725}, "UTTAR PRADESH": {"global_perc": 0.0003746230355704572, "local_perc": 0.19607843137254902}, "West Bengal": {"global_perc": 0.0018897011288477796, "local_perc": 0.37254901960784315}}, "partition_field": "Stat_Nam", "Vil_Nam": "Mahliat  (33)", "Stat_Nam": "HIMACHAL PRADESH"}, {"data": [["Hos_Allop_Doc_In_Pos_Num", 1.0], ["Hos_Allop_Doc_Tot_Stren_Num", 6.0], 0.16666666666666666], "data_low": {"Stat_Nam": "Arunachal Pradesh", "Vil_Nam": "Parbuk", "Hos_Allop_Doc_Tot_Stren_Num": "6", "Hos_Allop_Doc_In_Pos_Num": "1", "id": 265176}, "data_high": {"Stat_Nam": "KERALA", "Vil_Nam": "Peerumade", "Hos_Allop_Doc_Tot_Stren_Num": "8", "Hos_Allop_Doc_In_Pos_Num": "2", "id": 605762}, "perc": 0.0009635071660845478, "metric": 99.9990373263259, "value_global_local": {}, "partition_field": null, "Vil_Nam": "Parbuk", "Stat_Nam": "Arunachal Pradesh"}, {"data": [["Hos_Allop_Doc_In_Pos_Num", 2.0], ["Hos_Allop_Doc_Tot_Stren_Num", 7.0], 0.2857142857142857], "data_low": {"Stat_Nam": "HIMACHAL PRADESH", "Vil_Nam": "Sadarpur  (544)", "Hos_Allop_Doc_Tot_Stren_Num": "3", "Hos_Allop_Doc_In_Pos_Num": "1", "id": 9795}, "data_high": {"Stat_Nam": "HIMACHAL PRADESH", "Vil_Nam": "Keylong (7/2)", "Hos_Allop_Doc_Tot_Stren_Num": "15", "Hos_Allop_Doc_In_Pos_Num": "5", "id": 12214}, "perc": 0.0016058452768075795, "metric": 99.99839486914031, "value_global_local": {}, "partition_field": null, "Vil_Nam": "Tundag", "Stat_Nam": "JHARKHAND"}, {"data": [["Hos_Allop_Doc_In_Pos_Num", 2.0], ["Hos_Allop_Doc_Tot_Stren_Num", 5.0], 0.4], "data_low": {"Stat_Nam": "JAMMU & KASHMIR", "Vil_Nam": "Ari Panthan", "Hos_Allop_Doc_Tot_Stren_Num": "2", "Hos_Allop_Doc_In_Pos_Num": "1", "id": 483}, "data_high": {"Stat_Nam": "West Bengal", "Vil_Nam": "Bakbari", "Hos_Allop_Doc_Tot_Stren_Num": "10", "Hos_Allop_Doc_In_Pos_Num": "5", "id": 328645}, "perc": 0.032759243646874624, "metric": 99.96724135627655, "value_global_local": {"ANDHRA PRADESH": {"global_perc": 0.00017985611510791367, "local_perc": 0.024509803921568627}, "ASSAM": {"global_perc": 0.00030308770600492516, "local_perc": 0.0392156862745098}, "Arunachal Pradesh": {"global_perc": 0.0001789228842368939, "local_perc": 0.004901960784313725}, "HIMACHAL PRADESH": {"global_perc": 0.0002416626389560174, "local_perc": 0.024509803921568627}, "JAMMU & KASHMIR": {"global_perc": 0.001678620479169846, "local_perc": 0.05392156862745098}, "JHARKHAND": {"global_perc": 0.0002469593134531086, "local_perc": 0.0392156862745098}, "KERALA": {"global_perc": 0.0029469548133595285, "local_perc": 0.014705882352941176}, "MADHYA PRADESH": {"global_perc": 0.00012749758665282407, "local_perc": 0.03431372549019608}, "MANIPUR": {"global_perc": 0.0003874467260751647, "local_perc": 0.004901960784313725}, "Punjab": {"global_perc": 0.0008743343136475638, "local_perc": 0.05392156862745098}, "TRIPURA": {"global_perc": 0.006857142857142857, "local_perc": 0.029411764705882353}, "UTTAR PRADESH": {"global_perc": 0.0003090640043456272, "local_perc": 0.16176470588235295}, "UTTARAKHAND": {"global_perc": 0.00535937593044721, "local_perc": 0.4411764705882353}, "West Bengal": {"global_perc": 0.00037296732806206176, "local_perc": 0.07352941176470588}}, "partition_field": "Stat_Nam", "Vil_Nam": "Samipur", "Stat_Nam": "UTTAR PRADESH"}, {"data": [["Hos_Allop_Doc_In_Pos_Num", 14.0], ["Hos_Allop_Doc_Tot_Stren_Num", 26.0], 0.5384615384615384], "data_low": {"Stat_Nam": "West Bengal", "Vil_Nam": "Tehatta", "Hos_Allop_Doc_Tot_Stren_Num": "26", "Hos_Allop_Doc_In_Pos_Num": "14", "id": 319714}, "data_high": {"Stat_Nam": "UTTAR PRADESH", "Vil_Nam": "Rampur", "Hos_Allop_Doc_Tot_Stren_Num": "9", "Hos_Allop_Doc_In_Pos_Num": "5", "id": 202188}, "perc": 0.0030511060259344014, "metric": 99.99694935559076, "value_global_local": {}, "partition_field": null, "Vil_Nam": "Tehatta", "Stat_Nam": "West Bengal"}, {"data": [["Hos_Allop_Doc_In_Pos_Num", 2.0], ["Hos_Allop_Doc_Tot_Stren_Num", 3.0], 0.6666666666666666], "data_low": {"Stat_Nam": "UTTAR PRADESH", "Vil_Nam": "Sakrapar", "Hos_Allop_Doc_Tot_Stren_Num": "14", "Hos_Allop_Doc_In_Pos_Num": "10", "id": 190278}, "data_high": {"Stat_Nam": "KERALA", "Vil_Nam": "Agali", "Hos_Allop_Doc_Tot_Stren_Num": "12", "Hos_Allop_Doc_In_Pos_Num": "8", "id": 605452}, "perc": 0.023605925569071422, "metric": 99.97639440775222, "value_global_local": {"ANDHRA PRADESH": {"global_perc": 7.194244604316547e-05, "local_perc": 0.013605442176870748}, "ASSAM": {"global_perc": 3.7885963250615644e-05, "local_perc": 0.006802721088435374}, "Arunachal Pradesh": {"global_perc": 0.0001789228842368939, "local_perc": 0.006802721088435374}, "HARYANA": {"global_perc": 0.000146177459435755, "local_perc": 0.006802721088435374}, "HIMACHAL PRADESH": {"global_perc": 0.00019333011116481392, "local_perc": 0.027210884353741496}, "JHARKHAND": {"global_perc": 0.00030869914181638574, "local_perc": 0.06802721088435375}, "KERALA": {"global_perc": 0.008840864440078585, "local_perc": 0.061224489795918366}, "MADHYA PRADESH": {"global_perc": 5.464182285121031e-05, "local_perc": 0.02040816326530612}, "ODISHA": {"global_perc": 0.0006431118819792256, "local_perc": 0.22448979591836735}, "Punjab": {"global_perc": 7.948493760432397e-05, "local_perc": 0.006802721088435374}, "RAJASTHAN": {"global_perc": 0.0007163323782234957, "local_perc": 0.21768707482993196}, "TRIPURA": {"global_perc": 0.010285714285714285, "local_perc": 0.061224489795918366}, "UTTAR PRADESH": {"global_perc": 0.00014048363833892147, "local_perc": 0.10204081632653061}, "UTTARAKHAND": {"global_perc": 0.001071875186089442, "local_perc": 0.12244897959183673}, "West Bengal": {"global_perc": 0.00019891590829976627, "local_perc": 0.05442176870748299}}, "partition_field": "Stat_Nam", "Vil_Nam": "Pandoh (325)", "Stat_Nam": "HIMACHAL PRADESH"}, {"data": [["Hos_Allop_Doc_In_Pos_Num", 7.0], ["Hos_Allop_Doc_Tot_Stren_Num", 9.0], 0.7777777777777778], "data_low": {"Stat_Nam": "West Bengal", "Vil_Nam": "Kurkutia", "Hos_Allop_Doc_Tot_Stren_Num": "12", "Hos_Allop_Doc_In_Pos_Num": "10", "id": 327291}, "data_high": {"Stat_Nam": "HIMACHAL PRADESH", "Vil_Nam": "Baijnath  (870)", "Hos_Allop_Doc_Tot_Stren_Num": "10", "Hos_Allop_Doc_In_Pos_Num": "8", "id": 11923}, "perc": 0.013810269380545184, "metric": 99.98618995285544, "value_global_local": {"ANDHRA PRADESH": {"global_perc": 7.194244604316547e-05, "local_perc": 0.023255813953488372}, "HIMACHAL PRADESH": {"global_perc": 0.0002899951667472209, "local_perc": 0.06976744186046512}, "ODISHA": {"global_perc": 0.0011692943308713193, "local_perc": 0.6976744186046512}, "UTTAR PRADESH": {"global_perc": 0.0001217524865603986, "local_perc": 0.1511627906976744}, "West Bengal": {"global_perc": 0.00012432244268735393, "local_perc": 0.05813953488372093}}, "partition_field": "Stat_Nam", "Vil_Nam": "Bhinga Dehati", "Stat_Nam": "UTTAR PRADESH"}, {"data": [["Hos_Allop_Doc_In_Pos_Num", 8.0], ["Hos_Allop_Doc_Tot_Stren_Num", 9.0], 0.8888888888888888], "data_low": {"Stat_Nam": "HARYANA", "Vil_Nam": "Khanpur Kalan (56)", "Hos_Allop_Doc_Tot_Stren_Num": "250", "Hos_Allop_Doc_In_Pos_Num": "225", "id": 59329}, "data_high": {"Stat_Nam": "UTTAR PRADESH", "Vil_Nam": "Pilkhana", "Hos_Allop_Doc_Tot_Stren_Num": "9", "Hos_Allop_Doc_In_Pos_Num": "8", "id": 147309}, "perc": 0.0028905214982536433, "metric": 99.99710958963185, "value_global_local": {}, "partition_field": null, "Vil_Nam": "Pilkhana", "Stat_Nam": "UTTAR PRADESH"}, {"data": [["Hos_Allop_Doc_In_Pos_Num", 1.0], ["Hos_Allop_Doc_Tot_Stren_Num", 1.0], 1.0], "data_low": {"Stat_Nam": "JAMMU & KASHMIR", "Vil_Nam": "Dudi", "Hos_Allop_Doc_Tot_Stren_Num": "1", "Hos_Allop_Doc_In_Pos_Num": "1", "id": 10}, "data_high": {"Stat_Nam": "ODISHA", "Vil_Nam": "Gadapur", "Hos_Allop_Doc_Tot_Stren_Num": "9", "Hos_Allop_Doc_In_Pos_Num": "9", "id": 414913}, "perc": 0.6609659159339998, "metric": 99.339034084066, "value_global_local": {"ANDAMAN & NICOBAR ISLANDS": {"global_perc": 0.0036036036036036037, "local_perc": 0.00048590864917395527}, "ANDHRA PRADESH": {"global_perc": 0.0022661870503597123, "local_perc": 0.015306122448979591}, "ASSAM": {"global_perc": 0.003296078802803561, "local_perc": 0.021137026239067054}, "Arunachal Pradesh": {"global_perc": 0.0005367686527106817, "local_perc": 0.0007288629737609329}, "GOA": {"global_perc": 0.008982035928143712, "local_perc": 0.0007288629737609329}, "HIMACHAL PRADESH": {"global_perc": 0.0022716288061865636, "local_perc": 0.01141885325558795}, "JAMMU & KASHMIR": {"global_perc": 0.009919121013276362, "local_perc": 0.015792031098153546}, "JHARKHAND": {"global_perc": 0.018274989195530035, "local_perc": 0.14382896015549076}, "KERALA": {"global_perc": 0.0137524557956778, "local_perc": 0.003401360544217687}, "MADHYA PRADESH": {"global_perc": 0.002313170500701237, "local_perc": 0.030855199222546162}, "MANIPUR": {"global_perc": 0.0003874467260751647, "local_perc": 0.00024295432458697764}, "Maharashtra": {"global_perc": 0.0415664720027482, "local_perc": 0.44096209912536444}, "NCT OF DELHI": {"global_perc": 0.008928571428571428, "local_perc": 0.00024295432458697764}, "ODISHA": {"global_perc": 5.846471654356596e-05, "local_perc": 0.0007288629737609329}, "Punjab": {"global_perc": 0.02535569509577935, "local_perc": 0.07750242954324588}, "RAJASTHAN": {"global_perc": 4.477077363896848e-05, "local_perc": 0.00048590864917395527}, "SIKKIM": {"global_perc": 0.0022172949002217295, "local_perc": 0.00024295432458697764}, "TRIPURA": {"global_perc": 0.036571428571428574, "local_perc": 0.007774538386783284}, "Tamil Nadu": {"global_perc": 0.0004380749734025909, "local_perc": 0.0017006802721088435}, "UTTAR PRADESH": {"global_perc": 0.004729615824077022, "local_perc": 0.12269193391642372}, "UTTARAKHAND": {"global_perc": 0.015959030548442804, "local_perc": 0.06511175898931001}, "West Bengal": {"global_perc": 0.003953453677457855, "local_perc": 0.038629737609329445}}, "partition_field": "Stat_Nam", "Vil_Nam": "Dudi", "Stat_Nam": "JAMMU & KASHMIR"}, {"data": [["Hos_Allop_Doc_In_Pos_Num", 6.0], ["Hos_Allop_Doc_Tot_Stren_Num", 5.0], 1.2], "data_low": {"Stat_Nam": "UTTARAKHAND", "Vil_Nam": "Pataliya", "Hos_Allop_Doc_Tot_Stren_Num": "4", "Hos_Allop_Doc_In_Pos_Num": "5", "id": 55222}, "data_high": {"Stat_Nam": "TRIPURA", "Vil_Nam": "Debendrachandranagar (Part)", "Hos_Allop_Doc_Tot_Stren_Num": "5", "Hos_Allop_Doc_In_Pos_Num": "6", "id": 270790}, "perc": 0.0004817535830422739, "metric": 99.99951804637791, "value_global_local": {}, "partition_field": null, "Vil_Nam": "Debendrachandranagar (Part)", "Stat_Nam": "TRIPURA"}, {"data": [["Hos_Allop_Doc_In_Pos_Num", 3.0], ["Hos_Allop_Doc_Tot_Stren_Num", 2.0], 1.5], "data_low": {"Stat_Nam": "UTTAR PRADESH", "Vil_Nam": "Bahloolpur", "Hos_Allop_Doc_Tot_Stren_Num": "2", "Hos_Allop_Doc_In_Pos_Num": "3", "id": 157191}, "data_high": {"Stat_Nam": "UTTAR PRADESH", "Vil_Nam": "Bahloolpur", "Hos_Allop_Doc_Tot_Stren_Num": "2", "Hos_Allop_Doc_In_Pos_Num": "3", "id": 157191}, "perc": 0.00016058452768075794, "metric": 99.9998389153731, "value_global_local": {}, "partition_field": null, "Vil_Nam": "Bahloolpur", "Stat_Nam": "UTTAR PRADESH"}, {"data": [["Hos_Allop_Doc_In_Pos_Num", 2.0], ["Hos_Allop_Doc_Tot_Stren_Num", 1.0], 2.0], "data_low": {"Stat_Nam": "JAMMU & KASHMIR", "Vil_Nam": "Sogam", "Hos_Allop_Doc_Tot_Stren_Num": "1", "Hos_Allop_Doc_In_Pos_Num": "2", "id": 36}, "data_high": {"Stat_Nam": "JAMMU & KASHMIR", "Vil_Nam": "Sogam", "Hos_Allop_Doc_Tot_Stren_Num": "1", "Hos_Allop_Doc_In_Pos_Num": "2", "id": 36}, "perc": 0.0028905214982536433, "metric": 99.99710847833062, "value_global_local": {}, "partition_field": null, "Vil_Nam": "Sogam", "Stat_Nam": "JAMMU & KASHMIR"}, {"data": [["Hos_Allop_Doc_In_Pos_Num", 3.0], ["Hos_Allop_Doc_Tot_Stren_Num", 1.0], 3.0], "data_low": {"Stat_Nam": "JAMMU & KASHMIR", "Vil_Nam": "Tokuna", "Hos_Allop_Doc_Tot_Stren_Num": "1", "Hos_Allop_Doc_In_Pos_Num": "3", "id": 2968}, "data_high": {"Stat_Nam": "JAMMU & KASHMIR", "Vil_Nam": "Tokuna", "Hos_Allop_Doc_Tot_Stren_Num": "1", "Hos_Allop_Doc_In_Pos_Num": "3", "id": 2968}, "perc": 0.0009635071660845478, "metric": 99.99903449245312, "value_global_local": {}, "partition_field": null, "Vil_Nam": "Tokuna", "Stat_Nam": "JAMMU & KASHMIR"}, {"data": [["Hos_Allop_Doc_In_Pos_Num", 4.0], ["Hos_Allop_Doc_Tot_Stren_Num", 1.0], 4.0], "data_low": {"Stat_Nam": "JAMMU & KASHMIR", "Vil_Nam": "Pallan Wala", "Hos_Allop_Doc_Tot_Stren_Num": "1", "Hos_Allop_Doc_In_Pos_Num": "4", "id": 5459}, "data_high": {"Stat_Nam": "JAMMU & KASHMIR", "Vil_Nam": "Pallan Wala", "Hos_Allop_Doc_Tot_Stren_Num": "1", "Hos_Allop_Doc_In_Pos_Num": "4", "id": 5459}, "perc": 0.0004817535830422739, "metric": 99.99951524583132, "value_global_local": {}, "partition_field": null, "Vil_Nam": "Pallan Wala", "Stat_Nam": "JAMMU & KASHMIR"}, {"data": [["Hos_Allop_Doc_In_Pos_Num", 5.0], ["Hos_Allop_Doc_Tot_Stren_Num", 1.0], 5.0], "data_low": {"Stat_Nam": "UTTAR PRADESH", "Vil_Nam": "Makur", "Hos_Allop_Doc_Tot_Stren_Num": "1", "Hos_Allop_Doc_In_Pos_Num": "5", "id": 141231}, "data_high": {"Stat_Nam": "UTTAR PRADESH", "Vil_Nam": "Makur", "Hos_Allop_Doc_Tot_Stren_Num": "1", "Hos_Allop_Doc_In_Pos_Num": "5", "id": 141231}, "perc": 0.0003211690553615159, "metric": 99.99967483015736, "value_global_local": {}, "partition_field": null, "Vil_Nam": "Makur", "Stat_Nam": "UTTAR PRADESH"}, {"data": [["Hos_Allop_Doc_In_Pos_Num", 6.0], ["Hos_Allop_Doc_Tot_Stren_Num", 1.0], 6.0], "data_low": {"Stat_Nam": "JAMMU & KASHMIR", "Vil_Nam": "Shamsi Pora", "Hos_Allop_Doc_Tot_Stren_Num": "1", "Hos_Allop_Doc_In_Pos_Num": "6", "id": 3662}, "data_high": {"Stat_Nam": "JAMMU & KASHMIR", "Vil_Nam": "Shamsi Pora", "Hos_Allop_Doc_Tot_Stren_Num": "1", "Hos_Allop_Doc_In_Pos_Num": "6", "id": 3662}, "perc": 0.0003211690553615159, "metric": 99.99967382996054, "value_global_local": {}, "partition_field": null, "Vil_Nam": "Shamsi Pora", "Stat_Nam": "JAMMU & KASHMIR"}, {"data": [["Hos_Allop_Doc_In_Pos_Num", 8.0], ["Hos_Allop_Doc_Tot_Stren_Num", 1.0], 8.0], "data_low": {"Stat_Nam": "UTTAR PRADESH", "Vil_Nam": "Garhia Gosain", "Hos_Allop_Doc_Tot_Stren_Num": "1", "Hos_Allop_Doc_In_Pos_Num": "8", "id": 147288}, "data_high": {"Stat_Nam": "UTTAR PRADESH", "Vil_Nam": "Garhia Gosain", "Hos_Allop_Doc_Tot_Stren_Num": "1", "Hos_Allop_Doc_In_Pos_Num": "8", "id": 147288}, "perc": 0.00016058452768075794, "metric": 99.99983241408336, "value_global_local": {}, "partition_field": null, "Vil_Nam": "Garhia Gosain", "Stat_Nam": "UTTAR PRADESH"}, {"data": [["Hos_Allop_Doc_In_Pos_Num", 1.0], ["Hos_Allop_Doc_Tot_Stren_Num", 0.0], 9999], "data_low": {"Stat_Nam": "UTTAR PRADESH", "Vil_Nam": "Barsana(Rural)", "Hos_Allop_Doc_Tot_Stren_Num": "0", "Hos_Allop_Doc_In_Pos_Num": "1", "id": 122897}, "data_high": {"Stat_Nam": "UTTAR PRADESH", "Vil_Nam": "Firojpur", "Hos_Allop_Doc_Tot_Stren_Num": "0", "Hos_Allop_Doc_In_Pos_Num": "5", "id": 161861}, "perc": 0.0008029226384037898, "metric": 99.98919715775388, "value_global_local": {}, "partition_field": null, "Vil_Nam": "Barsana(Rural)", "Stat_Nam": "UTTAR PRADESH"}, {"data": [["Hos_Allop_Doc_In_Pos_Num", 0], ["Hos_Allop_Doc_Tot_Stren_Num", 0], 99980001], "data_low": {"Stat_Nam": "JAMMU & KASHMIR", "Vil_Nam": "Bore", "Hos_Allop_Doc_Tot_Stren_Num": "", "Hos_Allop_Doc_In_Pos_Num": "", "id": 0}, "data_high": {"Stat_Nam": "JAMMU & KASHMIR", "Vil_Nam": "Palmar", "Hos_Allop_Doc_Tot_Stren_Num": "HAll_st", "Hos_Allop_Doc_In_Pos_Num": "HAll_pos", "id": 4582}, "perc": 99.22100445622064, "metric": 9.924085163413894e-07, "value_global_local": {"null": {"global_perc": 0.9922100445622064, "local_perc": 1.0}}, "partition_field": "Dist_Other", "Vil_Nam": "Bore", "Stat_Nam": "JAMMU & KASHMIR"}]