[{"data": [["TB_Clin_Doc_Tot_Stren_Num", 0.0], ["TB_Clin_Par_Med_Par_Med_Staf_Tot_Stren_Num", 1.0], 0.0], "data_low": {"Stat_Nam": "UTTAR PRADESH", "Vil_Nam": "Bahrawani", "TB_Clin_Doc_Tot_Stren_Num": "", "TB_Clin_Par_Med_Par_Med_Staf_Tot_Stren_Num": "3", "id": 152219}, "data_high": {"Stat_Nam": "PUDUCHERRY", "Vil_Nam": "Arugur", "TB_Clin_Doc_Tot_Stren_Num": "1", "TB_Clin_Par_Med_Par_Med_Staf_Tot_Stren_Num": "15", "id": 622112}, "perc": 0.059095106186518934, "metric": 99.94090589342245, "value_global_local": {"ANDAMAN & NICOBAR ISLANDS": {"global_perc": 0.007207207207207207, "local_perc": 0.010869565217391304}, "Arunachal Pradesh": {"global_perc": 0.0001789228842368939, "local_perc": 0.002717391304347826}, "BIHAR": {"global_perc": 6.685385746757588e-05, "local_perc": 0.008152173913043478}, "CHHATTISGARH": {"global_perc": 0.003428401073238597, "local_perc": 0.1875}, "HARYANA": {"global_perc": 0.003654436485893875, "local_perc": 0.06793478260869565}, "KERALA": {"global_perc": 0.0009823182711198428, "local_perc": 0.002717391304347826}, "MADHYA PRADESH": {"global_perc": 5.464182285121031e-05, "local_perc": 0.008152173913043478}, "MIZORAM": {"global_perc": 0.0024096385542168677, "local_perc": 0.005434782608695652}, "NAGALAND": {"global_perc": 0.0014005602240896359, "local_perc": 0.005434782608695652}, "PUDUCHERRY": {"global_perc": 0.022222222222222223, "local_perc": 0.005434782608695652}, "SIKKIM": {"global_perc": 0.0022172949002217295, "local_perc": 0.002717391304347826}, "TRIPURA": {"global_perc": 0.002285714285714286, "local_perc": 0.005434782608695652}, "UTTAR PRADESH": {"global_perc": 8.429018300335288e-05, "local_perc": 0.024456521739130436}, "West Bengal": {"global_perc": 0.006066935203142871, "local_perc": 0.6630434782608695}}, "partition_field": "Stat_Nam", "Vil_Nam": "Shahzadpur (58)", "Stat_Nam": "HARYANA"}, {"data": [["TB_Clin_Doc_Tot_Stren_Num", 2.0], ["TB_Clin_Par_Med_Par_Med_Staf_Tot_Stren_Num", 19.0], 0.10526315789473684], "data_low": {"Stat_Nam": "KARNATAKA", "Vil_Nam": "Galatga", "TB_Clin_Doc_Tot_Stren_Num": "1", "TB_Clin_Par_Med_Par_Med_Staf_Tot_Stren_Num": "9", "id": 575440}, "data_high": {"Stat_Nam": "PUDUCHERRY", "Vil_Nam": "Karikalampakkam", "TB_Clin_Doc_Tot_Stren_Num": "6", "TB_Clin_Par_Med_Par_Med_Staf_Tot_Stren_Num": "39", "id": 622125}, "perc": 0.09297844152715887, "metric": 99.90702245255656, "value_global_local": {"ANDAMAN & NICOBAR ISLANDS": {"global_perc": 0.0018018018018018018, "local_perc": 0.0017271157167530224}, "BIHAR": {"global_perc": 0.000356553906493738, "local_perc": 0.027633851468048358}, "JAMMU & KASHMIR": {"global_perc": 0.00015260186174271325, "local_perc": 0.0017271157167530224}, "KARNATAKA": {"global_perc": 0.01765507839127471, "local_perc": 0.8946459412780656}, "KERALA": {"global_perc": 0.0019646365422396855, "local_perc": 0.0034542314335060447}, "ODISHA": {"global_perc": 0.00017539414963069788, "local_perc": 0.015544041450777202}, "PUDUCHERRY": {"global_perc": 0.12222222222222222, "local_perc": 0.018998272884283247}, "Punjab": {"global_perc": 0.00023845481281297194, "local_perc": 0.0051813471502590676}, "SIKKIM": {"global_perc": 0.011086474501108648, "local_perc": 0.008635578583765112}, "UTTAR PRADESH": {"global_perc": 2.809672766778429e-05, "local_perc": 0.0051813471502590676}, "UTTARAKHAND": {"global_perc": 0.0001190972428988269, "local_perc": 0.0034542314335060447}, "West Bengal": {"global_perc": 0.00019891590829976627, "local_perc": 0.013816925734024179}}, "partition_field": "Stat_Nam", "Vil_Nam": "Nettapakkam", "Stat_Nam": "PUDUCHERRY"}, {"data": [["TB_Clin_Doc_Tot_Stren_Num", 7.0], ["TB_Clin_Par_Med_Par_Med_Staf_Tot_Stren_Num", 33.0], 0.21212121212121213], "data_low": {"Stat_Nam": "JAMMU & KASHMIR", "Vil_Nam": "Nihama", "TB_Clin_Doc_Tot_Stren_Num": "1", "TB_Clin_Par_Med_Par_Med_Staf_Tot_Stren_Num": "4", "id": 3998}, "data_high": {"Stat_Nam": "West Bengal", "Vil_Nam": "Tentuldanga", "TB_Clin_Doc_Tot_Stren_Num": "7", "TB_Clin_Par_Med_Par_Med_Staf_Tot_Stren_Num": "33", "id": 335275}, "perc": 0.06327030390621864, "metric": 99.93673048363158, "value_global_local": {"ANDHRA PRADESH": {"global_perc": 7.194244604316547e-05, "local_perc": 0.005076142131979695}, "BIHAR": {"global_perc": 0.00040112314480545525, "local_perc": 0.04568527918781726}, "JAMMU & KASHMIR": {"global_perc": 0.00015260186174271325, "local_perc": 0.0025380710659898475}, "KARNATAKA": {"global_perc": 0.010770279481935924, "local_perc": 0.8020304568527918}, "KERALA": {"global_perc": 0.0029469548133595285, "local_perc": 0.007614213197969543}, "MADHYA PRADESH": {"global_perc": 3.642788190080688e-05, "local_perc": 0.005076142131979695}, "PUDUCHERRY": {"global_perc": 0.1111111111111111, "local_perc": 0.025380710659898477}, "Punjab": {"global_perc": 7.948493760432397e-05, "local_perc": 0.0025380710659898475}, "RAJASTHAN": {"global_perc": 2.238538681948424e-05, "local_perc": 0.0025380710659898475}, "SIKKIM": {"global_perc": 0.004434589800443459, "local_perc": 0.005076142131979695}, "TRIPURA": {"global_perc": 0.001142857142857143, "local_perc": 0.0025380710659898475}, "Tamil Nadu": {"global_perc": 0.0004380749734025909, "local_perc": 0.017766497461928935}, "UTTAR PRADESH": {"global_perc": 0.00019667709367449004, "local_perc": 0.0532994923857868}, "UTTARAKHAND": {"global_perc": 5.954862144941345e-05, "local_perc": 0.0025380710659898475}, "West Bengal": {"global_perc": 0.00019891590829976627, "local_perc": 0.02030456852791878}}, "partition_field": "Stat_Nam", "Vil_Nam": "Tentuldanga", "Stat_Nam": "West Bengal"}, {"data": [["TB_Clin_Doc_Tot_Stren_Num", 6.0], ["TB_Clin_Par_Med_Par_Med_Staf_Tot_Stren_Num", 19.0], 0.3157894736842105], "data_low": {"Stat_Nam": "JAMMU & KASHMIR", "Vil_Nam": "Wangat", "TB_Clin_Doc_Tot_Stren_Num": "1", "TB_Clin_Par_Med_Par_Med_Staf_Tot_Stren_Num": "3", "id": 2856}, "data_high": {"Stat_Nam": "PUDUCHERRY", "Vil_Nam": "Mannadipet", "TB_Clin_Doc_Tot_Stren_Num": "6", "TB_Clin_Par_Med_Par_Med_Staf_Tot_Stren_Num": "19", "id": 622093}, "perc": 0.17519771969970693, "metric": 99.8248029634487, "value_global_local": {"": {"global_perc": 0.0020446246529897596, "local_perc": 0.9761686526122824}, "ANDIPATTI": {"global_perc": 0.25, "local_perc": 0.0009165902841429881}, "BACHAHALLI": {"global_perc": 1.0, "local_perc": 0.0009165902841429881}, "BALIA": {"global_perc": 0.08333333333333333, "local_perc": 0.0009165902841429881}, "CHATIKONA": {"global_perc": 0.2857142857142857, "local_perc": 0.0018331805682859762}, "DURGI": {"global_perc": 0.6666666666666666, "local_perc": 0.0036663611365719525}, "FULANG": {"global_perc": 0.3333333333333333, "local_perc": 0.0009165902841429881}, "GUMMIDIPOONDI": {"global_perc": 0.5, "local_perc": 0.0009165902841429881}, "KESHOPUR": {"global_perc": 0.2, "local_perc": 0.0009165902841429881}, "KUBANDHAMUNI": {"global_perc": 0.5, "local_perc": 0.0009165902841429881}, "LANJI": {"global_perc": 1.0, "local_perc": 0.0009165902841429881}, "MAHUWAI": {"global_perc": 1.0, "local_perc": 0.0009165902841429881}, "MELPAKKAM": {"global_perc": 0.5, "local_perc": 0.0009165902841429881}, "PALAKHAMAN": {"global_perc": 1.0, "local_perc": 0.0009165902841429881}, "PALLIKKADU": {"global_perc": 1.0, "local_perc": 0.0009165902841429881}, "PURIKONA": {"global_perc": 0.16666666666666666, "local_perc": 0.0009165902841429881}, "RAINAGAR": {"global_perc": 1.0, "local_perc": 0.0009165902841429881}, "SIRUVADI": {"global_perc": 1.0, "local_perc": 0.0009165902841429881}, "SUNKA": {"global_perc": 1.0, "local_perc": 0.0009165902841429881}, "THAGACHAGERE": {"global_perc": 1.0, "local_perc": 0.0009165902841429881}, "USODU": {"global_perc": 0.125, "local_perc": 0.0009165902841429881}, "VADAKATTUPATTI": {"global_perc": 1.0, "local_perc": 0.0009165902841429881}, "VELLALAPATTI": {"global_perc": 0.5, "local_perc": 0.0009165902841429881}}, "partition_field": "Near_Vil_Tow_Nam_hav_Prim_School", "Vil_Nam": "Mannadipet", "Stat_Nam": "PUDUCHERRY"}, {"data": [["TB_Clin_Doc_Tot_Stren_Num", 3.0], ["TB_Clin_Par_Med_Par_Med_Staf_Tot_Stren_Num", 7.0], 0.42857142857142855], "data_low": {"Stat_Nam": "JAMMU & KASHMIR", "Vil_Nam": "Halmat Pora", "TB_Clin_Doc_Tot_Stren_Num": "1", "TB_Clin_Par_Med_Par_Med_Staf_Tot_Stren_Num": "2", "id": 55}, "data_high": {"Stat_Nam": "PUDUCHERRY", "Vil_Nam": "Ramanathapuram", "TB_Clin_Doc_Tot_Stren_Num": "6", "TB_Clin_Par_Med_Par_Med_Staf_Tot_Stren_Num": "12", "id": 622107}, "perc": 0.3253442530812156, "metric": 99.67465631660218, "value_global_local": {"ANDHRA PRADESH": {"global_perc": 3.597122302158273e-05, "local_perc": 0.0004935834155972359}, "ASSAM": {"global_perc": 0.0006061754120098503, "local_perc": 0.007897334649555774}, "Arunachal Pradesh": {"global_perc": 0.0012524601896582574, "local_perc": 0.0034550839091806516}, "BIHAR": {"global_perc": 0.009381824664616482, "local_perc": 0.20779861796643634}, "CHHATTISGARH": {"global_perc": 0.00039749577660737356, "local_perc": 0.003948667324777887}, "HARYANA": {"global_perc": 0.000146177459435755, "local_perc": 0.0004935834155972359}, "JAMMU & KASHMIR": {"global_perc": 0.0027468335113688385, "local_perc": 0.008884501480750246}, "JHARKHAND": {"global_perc": 0.0004321787985429401, "local_perc": 0.006910167818361303}, "KARNATAKA": {"global_perc": 0.013087934560327199, "local_perc": 0.1895360315893386}, "KERALA": {"global_perc": 0.0137524557956778, "local_perc": 0.006910167818361303}, "MADHYA PRADESH": {"global_perc": 0.00025499517330564815, "local_perc": 0.006910167818361303}, "MANIPUR": {"global_perc": 0.0007748934521503294, "local_perc": 0.0009871668311944718}, "ODISHA": {"global_perc": 0.0009549237035449107, "local_perc": 0.02418558736426456}, "PUDUCHERRY": {"global_perc": 0.011111111111111112, "local_perc": 0.0004935834155972359}, "Punjab": {"global_perc": 0.0010333041888562118, "local_perc": 0.006416584402764067}, "RAJASTHAN": {"global_perc": 0.002708631805157593, "local_perc": 0.05972359328726555}, "SIKKIM": {"global_perc": 0.008869179600886918, "local_perc": 0.0019743336623889436}, "TRIPURA": {"global_perc": 0.009142857142857144, "local_perc": 0.003948667324777887}, "Tamil Nadu": {"global_perc": 0.04762500782276738, "local_perc": 0.37561697926949655}, "UTTAR PRADESH": {"global_perc": 0.0011706969861576789, "local_perc": 0.061697926949654494}, "UTTARAKHAND": {"global_perc": 0.00041684035014589413, "local_perc": 0.0034550839091806516}, "West Bengal": {"global_perc": 0.000919986075886419, "local_perc": 0.01826258637709773}}, "partition_field": "Stat_Nam", "Vil_Nam": "Sindhnur (Rural)", "Stat_Nam": "KARNATAKA"}, {"data": [["TB_Clin_Doc_Tot_Stren_Num", 6.0], ["TB_Clin_Par_Med_Par_Med_Staf_Tot_Stren_Num", 10.0], 0.6], "data_low": {"Stat_Nam": "UTTAR PRADESH", "Vil_Nam": "Said Nagli", "TB_Clin_Doc_Tot_Stren_Num": "2", "TB_Clin_Par_Med_Par_Med_Staf_Tot_Stren_Num": "3", "id": 117718}, "data_high": {"Stat_Nam": "West Bengal", "Vil_Nam": "Goalpota", "TB_Clin_Doc_Tot_Stren_Num": "9", "TB_Clin_Par_Med_Par_Med_Staf_Tot_Stren_Num": "13", "id": 330938}, "perc": 0.015576699185033521, "metric": 99.98442370083266, "value_global_local": {"BIHAR": {"global_perc": 0.0006908231938316174, "local_perc": 0.31958762886597936}, "JHARKHAND": {"global_perc": 6.173982836327716e-05, "local_perc": 0.020618556701030927}, "KARNATAKA": {"global_perc": 0.0014314928425357874, "local_perc": 0.4329896907216495}, "ODISHA": {"global_perc": 0.00013641767193498723, "local_perc": 0.07216494845360824}, "SIKKIM": {"global_perc": 0.0066518847006651885, "local_perc": 0.030927835051546393}, "UTTAR PRADESH": {"global_perc": 5.619345533556858e-05, "local_perc": 0.061855670103092786}, "UTTARAKHAND": {"global_perc": 5.954862144941345e-05, "local_perc": 0.010309278350515464}, "West Bengal": {"global_perc": 0.00012432244268735393, "local_perc": 0.05154639175257732}}, "partition_field": "Stat_Nam", "Vil_Nam": "Jauligrant", "Stat_Nam": "UTTARAKHAND"}, {"data": [["TB_Clin_Doc_Tot_Stren_Num", 5.0], ["TB_Clin_Par_Med_Par_Med_Staf_Tot_Stren_Num", 7.0], 0.7142857142857143], "data_low": {"Stat_Nam": "UTTAR PRADESH", "Vil_Nam": "Mathauli", "TB_Clin_Doc_Tot_Stren_Num": "3", "TB_Clin_Par_Med_Par_Med_Staf_Tot_Stren_Num": "4", "id": 188050}, "data_high": {"Stat_Nam": "Punjab", "Vil_Nam": "Ayali Khurd (153)", "TB_Clin_Doc_Tot_Stren_Num": "7", "TB_Clin_Par_Med_Par_Med_Staf_Tot_Stren_Num": "9", "id": 33424}, "perc": 0.0040146131920189496, "metric": 99.99598567256794, "value_global_local": {"JHARKHAND": {"global_perc": 0.00030869914181638574, "local_perc": 0.4}, "KARNATAKA": {"global_perc": 0.00020449897750511248, "local_perc": 0.24}, "Punjab": {"global_perc": 7.948493760432397e-05, "local_perc": 0.04}, "UTTAR PRADESH": {"global_perc": 9.365575889261431e-06, "local_perc": 0.04}, "UTTARAKHAND": {"global_perc": 5.954862144941345e-05, "local_perc": 0.04}, "West Bengal": {"global_perc": 0.0001491869312248247, "local_perc": 0.24}}, "partition_field": "Stat_Nam", "Vil_Nam": "Rasulpur", "Stat_Nam": "UTTARAKHAND"}, {"data": [["TB_Clin_Doc_Tot_Stren_Num", 1.0], ["TB_Clin_Par_Med_Par_Med_Staf_Tot_Stren_Num", 1.0], 1.0], "data_low": {"Stat_Nam": "JAMMU & KASHMIR", "Vil_Nam": "Dedi Koot", "TB_Clin_Doc_Tot_Stren_Num": "1", "TB_Clin_Par_Med_Par_Med_Staf_Tot_Stren_Num": "1", "id": 102}, "data_high": {"Stat_Nam": "Punjab", "Vil_Nam": "Tahliwala Bodla (229)", "TB_Clin_Doc_Tot_Stren_Num": "6", "TB_Clin_Par_Med_Par_Med_Staf_Tot_Stren_Num": "6", "id": 34868}, "perc": 0.7765867758641455, "metric": 99.22341322413585, "value_global_local": {"ASSAM": {"global_perc": 0.0027277893540443264, "local_perc": 0.01488833746898263}, "BIHAR": {"global_perc": 0.027454650800017827, "local_perc": 0.2547559966914806}, "CHHATTISGARH": {"global_perc": 0.001291861273973964, "local_perc": 0.005376344086021506}, "GOA": {"global_perc": 0.017964071856287425, "local_perc": 0.0012406947890818859}, "HARYANA": {"global_perc": 0.00029235491887151, "local_perc": 0.00041356492969396195}, "HIMACHAL PRADESH": {"global_perc": 0.0007249879168680521, "local_perc": 0.003101736972704715}, "JAMMU & KASHMIR": {"global_perc": 0.0013734167556844193, "local_perc": 0.0018610421836228288}, "JHARKHAND": {"global_perc": 0.007810088287954559, "local_perc": 0.05231596360628619}, "KARNATAKA": {"global_perc": 0.019700068166325836, "local_perc": 0.11952026468155501}, "KERALA": {"global_perc": 0.04518664047151277, "local_perc": 0.009511993382961124}, "MADHYA PRADESH": {"global_perc": 0.0003824927599584722, "local_perc": 0.004342431761786601}, "Maharashtra": {"global_perc": 0.04445207832360014, "local_perc": 0.40136476426799006}, "ODISHA": {"global_perc": 0.003001188782569719, "local_perc": 0.03184449958643507}, "Punjab": {"global_perc": 0.01677132183451236, "local_perc": 0.04363110008271299}, "RAJASTHAN": {"global_perc": 0.00017908309455587392, "local_perc": 0.0016542597187758478}, "SIKKIM": {"global_perc": 0.004434589800443459, "local_perc": 0.00041356492969396195}, "TRIPURA": {"global_perc": 0.006857142857142857, "local_perc": 0.0012406947890818859}, "Tamil Nadu": {"global_perc": 0.00012516427811502597, "local_perc": 0.00041356492969396195}, "UTTAR PRADESH": {"global_perc": 0.001545320021728136, "local_perc": 0.034119106699751864}, "UTTARAKHAND": {"global_perc": 0.0009527779431906152, "local_perc": 0.0033085194375516956}, "West Bengal": {"global_perc": 0.0017653786861604257, "local_perc": 0.014681555004135649}}, "partition_field": "Stat_Nam", "Vil_Nam": "Dedi Koot", "Stat_Nam": "JAMMU & KASHMIR"}, {"data": [["TB_Clin_Doc_Tot_Stren_Num", 15.0], ["TB_Clin_Par_Med_Par_Med_Staf_Tot_Stren_Num", 12.0], 1.25], "data_low": {"Stat_Nam": "TRIPURA", "Vil_Nam": "Debendrachandranagar (Part)", "TB_Clin_Doc_Tot_Stren_Num": "15", "TB_Clin_Par_Med_Par_Med_Staf_Tot_Stren_Num": "12", "id": 270790}, "data_high": {"Stat_Nam": "JHARKHAND", "Vil_Nam": "Mahuatanr", "TB_Clin_Doc_Tot_Stren_Num": "5", "TB_Clin_Par_Med_Par_Med_Staf_Tot_Stren_Num": "4", "id": 360231}, "perc": 0.0030511060259344014, "metric": 99.99694864393169, "value_global_local": {}, "partition_field": null, "Vil_Nam": "Debendrachandranagar (Part)", "Stat_Nam": "TRIPURA"}, {"data": [["TB_Clin_Doc_Tot_Stren_Num", 3.0], ["TB_Clin_Par_Med_Par_Med_Staf_Tot_Stren_Num", 2.0], 1.5], "data_low": {"Stat_Nam": "UTTARAKHAND", "Vil_Nam": "Anand Nagar", "TB_Clin_Doc_Tot_Stren_Num": "3", "TB_Clin_Par_Med_Par_Med_Staf_Tot_Stren_Num": "2", "id": 55011}, "data_high": {"Stat_Nam": "UTTARAKHAND", "Vil_Nam": "Anand Nagar", "TB_Clin_Doc_Tot_Stren_Num": "3", "TB_Clin_Par_Med_Par_Med_Staf_Tot_Stren_Num": "2", "id": 55011}, "perc": 0.0012846762214460635, "metric": 99.99871482368496, "value_global_local": {}, "partition_field": null, "Vil_Nam": "Anand Nagar", "Stat_Nam": "UTTARAKHAND"}, {"data": [["TB_Clin_Doc_Tot_Stren_Num", 5.0], ["TB_Clin_Par_Med_Par_Med_Staf_Tot_Stren_Num", 3.0], 1.6666666666666667], "data_low": {"Stat_Nam": "TRIPURA", "Vil_Nam": "Purba Nalichhara", "TB_Clin_Doc_Tot_Stren_Num": "5", "TB_Clin_Par_Med_Par_Med_Staf_Tot_Stren_Num": "3", "id": 271399}, "data_high": {"Stat_Nam": "TRIPURA", "Vil_Nam": "Purba Nalichhara", "TB_Clin_Doc_Tot_Stren_Num": "5", "TB_Clin_Par_Med_Par_Med_Staf_Tot_Stren_Num": "3", "id": 271399}, "perc": 0.00016058452768075794, "metric": 99.99983874867337, "value_global_local": {}, "partition_field": null, "Vil_Nam": "Purba Nalichhara", "Stat_Nam": "TRIPURA"}, {"data": [["TB_Clin_Doc_Tot_Stren_Num", 2.0], ["TB_Clin_Par_Med_Par_Med_Staf_Tot_Stren_Num", 1.0], 2.0], "data_low": {"Stat_Nam": "JAMMU & KASHMIR", "Vil_Nam": "Singh Pora", "TB_Clin_Doc_Tot_Stren_Num": "2", "TB_Clin_Par_Med_Par_Med_Staf_Tot_Stren_Num": "1", "id": 2330}, "data_high": {"Stat_Nam": "UTTAR PRADESH", "Vil_Nam": "Kirtapur", "TB_Clin_Doc_Tot_Stren_Num": "4", "TB_Clin_Par_Med_Par_Med_Staf_Tot_Stren_Num": "2", "id": 140301}, "perc": 0.005459873941145771, "metric": 99.99453912591343, "value_global_local": {"ASSAM": {"global_perc": 3.7885963250615644e-05, "local_perc": 0.029411764705882353}, "BIHAR": {"global_perc": 6.685385746757588e-05, "local_perc": 0.08823529411764706}, "CHHATTISGARH": {"global_perc": 4.9686972075921695e-05, "local_perc": 0.029411764705882353}, "JAMMU & KASHMIR": {"global_perc": 0.00015260186174271325, "local_perc": 0.029411764705882353}, "JHARKHAND": {"global_perc": 0.0002469593134531086, "local_perc": 0.23529411764705882}, "MANIPUR": {"global_perc": 0.0003874467260751647, "local_perc": 0.029411764705882353}, "ODISHA": {"global_perc": 7.795295539142128e-05, "local_perc": 0.11764705882352941}, "Punjab": {"global_perc": 0.00015896987520864795, "local_perc": 0.058823529411764705}, "TRIPURA": {"global_perc": 0.0034285714285714284, "local_perc": 0.08823529411764706}, "UTTAR PRADESH": {"global_perc": 4.682787944630715e-05, "local_perc": 0.14705882352941177}, "UTTARAKHAND": {"global_perc": 5.954862144941345e-05, "local_perc": 0.029411764705882353}, "West Bengal": {"global_perc": 9.945795414988313e-05, "local_perc": 0.11764705882352941}}, "partition_field": "Stat_Nam", "Vil_Nam": "Singh Pora", "Stat_Nam": "JAMMU & KASHMIR"}, {"data": [["TB_Clin_Doc_Tot_Stren_Num", 5.0], ["TB_Clin_Par_Med_Par_Med_Staf_Tot_Stren_Num", 2.0], 2.5], "data_low": {"Stat_Nam": "UTTAR PRADESH", "Vil_Nam": "Goithaha", "TB_Clin_Doc_Tot_Stren_Num": "5", "TB_Clin_Par_Med_Par_Med_Staf_Tot_Stren_Num": "2", "id": 181092}, "data_high": {"Stat_Nam": "UTTAR PRADESH", "Vil_Nam": "Goithaha", "TB_Clin_Doc_Tot_Stren_Num": "5", "TB_Clin_Par_Med_Par_Med_Staf_Tot_Stren_Num": "2", "id": 181092}, "perc": 0.0003211690553615159, "metric": 99.9996773306494, "value_global_local": {}, "partition_field": null, "Vil_Nam": "Goithaha", "Stat_Nam": "UTTAR PRADESH"}, {"data": [["TB_Clin_Doc_Tot_Stren_Num", 3.0], ["TB_Clin_Par_Med_Par_Med_Staf_Tot_Stren_Num", 1.0], 3.0], "data_low": {"Stat_Nam": "Punjab", "Vil_Nam": "Lakhan Khurd (138)", "TB_Clin_Doc_Tot_Stren_Num": "3", "TB_Clin_Par_Med_Par_Med_Staf_Tot_Stren_Num": "1", "id": 28969}, "data_high": {"Stat_Nam": "Punjab", "Vil_Nam": "Lakhan Khurd (138)", "TB_Clin_Doc_Tot_Stren_Num": "3", "TB_Clin_Par_Med_Par_Med_Staf_Tot_Stren_Num": "1", "id": 28969}, "perc": 0.0006423381107230318, "metric": 99.99935566150207, "value_global_local": {}, "partition_field": null, "Vil_Nam": "Lakhan Khurd (138)", "Stat_Nam": "Punjab"}, {"data": [["TB_Clin_Doc_Tot_Stren_Num", 8.0], ["TB_Clin_Par_Med_Par_Med_Staf_Tot_Stren_Num", 2.0], 4.0], "data_low": {"Stat_Nam": "JHARKHAND", "Vil_Nam": "Eregara Alias Kasiadih", "TB_Clin_Doc_Tot_Stren_Num": "4", "TB_Clin_Par_Med_Par_Med_Staf_Tot_Stren_Num": "1", "id": 347270}, "data_high": {"Stat_Nam": "West Bengal", "Vil_Nam": "Matipur", "TB_Clin_Doc_Tot_Stren_Num": "8", "TB_Clin_Par_Med_Par_Med_Staf_Tot_Stren_Num": "2", "id": 329137}, "perc": 0.0008029226384037898, "metric": 99.9991940767856, "value_global_local": {}, "partition_field": null, "Vil_Nam": "Matipur", "Stat_Nam": "West Bengal"}, {"data": [["TB_Clin_Doc_Tot_Stren_Num", 5.0], ["TB_Clin_Par_Med_Par_Med_Staf_Tot_Stren_Num", 1.0], 5.0], "data_low": {"Stat_Nam": "JHARKHAND", "Vil_Nam": "Kurumdari", "TB_Clin_Doc_Tot_Stren_Num": "5", "TB_Clin_Par_Med_Par_Med_Staf_Tot_Stren_Num": "1", "id": 347267}, "data_high": {"Stat_Nam": "JHARKHAND", "Vil_Nam": "Kurumdari", "TB_Clin_Doc_Tot_Stren_Num": "5", "TB_Clin_Par_Med_Par_Med_Staf_Tot_Stren_Num": "1", "id": 347267}, "perc": 0.0004817535830422739, "metric": 99.9995142456361, "value_global_local": {}, "partition_field": null, "Vil_Nam": "Kurumdari", "Stat_Nam": "JHARKHAND"}, {"data": [["TB_Clin_Doc_Tot_Stren_Num", 1.0], ["TB_Clin_Par_Med_Par_Med_Staf_Tot_Stren_Num", 0.0], 9999], "data_low": {"Stat_Nam": "UTTAR PRADESH", "Vil_Nam": "Hastinapur Kaurwan", "TB_Clin_Doc_Tot_Stren_Num": "1", "TB_Clin_Par_Med_Par_Med_Staf_Tot_Stren_Num": "0", "id": 118132}, "data_high": {"Stat_Nam": "UTTAR PRADESH", "Vil_Nam": "Arongapur", "TB_Clin_Doc_Tot_Stren_Num": "6", "TB_Clin_Par_Med_Par_Med_Staf_Tot_Stren_Num": "0", "id": 139521}, "perc": 0.03950379380946646, "metric": 99.95050015666989, "value_global_local": {"ANDAMAN & NICOBAR ISLANDS": {"global_perc": 0.0018018018018018018, "local_perc": 0.0040650406504065045}, "MADHYA PRADESH": {"global_perc": 0.00025499517330564815, "local_perc": 0.056910569105691054}, "MIZORAM": {"global_perc": 0.0012048192771084338, "local_perc": 0.0040650406504065045}, "UTTAR PRADESH": {"global_perc": 0.0012081592897147245, "local_perc": 0.524390243902439}, "West Bengal": {"global_perc": 0.002511313342284549, "local_perc": 0.4105691056910569}}, "partition_field": "Stat_Nam", "Vil_Nam": "Hastinapur Kaurwan", "Stat_Nam": "UTTAR PRADESH"}, {"data": [["TB_Clin_Doc_Tot_Stren_Num", 0], ["TB_Clin_Par_Med_Par_Med_Staf_Tot_Stren_Num", 0], 99980001], "data_low": {"Stat_Nam": "JAMMU & KASHMIR", "Vil_Nam": "Bore", "TB_Clin_Doc_Tot_Stren_Num": "", "TB_Clin_Par_Med_Par_Med_Staf_Tot_Stren_Num": "", "id": 0}, "data_high": {"Stat_Nam": "JAMMU & KASHMIR", "Vil_Nam": "Palmar", "TB_Clin_Doc_Tot_Stren_Num": "Tb_st", "TB_Clin_Par_Med_Par_Med_Staf_Tot_Stren_Num": "Tb_pst", "id": 4582}, "perc": 98.43622786944478, "metric": 9.84559180684993e-07, "value_global_local": {"null": {"global_perc": 0.9843622786944478, "local_perc": 1.0}}, "partition_field": "Dist_Other", "Vil_Nam": "Bore", "Stat_Nam": "JAMMU & KASHMIR"}]