[{"data": [["Mat_An_Chil_Wel_Cen_Doc_Tot_Stren_Num", 0], ["Mat_An_Chil_Wel_Cen_Par_Med_Staf_Tot_Stren_Num", 1.0], 0.0], "data_low": {"Stat_Nam": "JAMMU & KASHMIR", "Vil_Nam": "Solina", "Mat_An_Chil_Wel_Cen_Doc_Tot_Stren_Num": "", "Mat_An_Chil_Wel_Cen_Par_Med_Staf_Tot_Stren_Num": "1", "id": 73}, "data_high": {"Stat_Nam": "BIHAR", "Vil_Nam": "Hasanpur", "Mat_An_Chil_Wel_Cen_Doc_Tot_Stren_Num": "2", "Mat_An_Chil_Wel_Cen_Par_Med_Staf_Tot_Stren_Num": "21", "id": 235814}, "perc": 0.6927616524147898, "metric": 99.30723934085624, "value_global_local": {"ANDAMAN & NICOBAR ISLANDS": {"global_perc": 0.009009009009009009, "local_perc": 0.0011590171534538712}, "BIHAR": {"global_perc": 0.05083121629451353, "local_perc": 0.528743625405656}, "CHHATTISGARH": {"global_perc": 0.025787538507403358, "local_perc": 0.12030598052851182}, "Dadra & Nagar Haveli": {"global_perc": 0.015384615384615385, "local_perc": 0.0002318034306907742}, "GOA": {"global_perc": 0.0029940119760479044, "local_perc": 0.0002318034306907742}, "HIMACHAL PRADESH": {"global_perc": 4.833252779120348e-05, "local_perc": 0.0002318034306907742}, "JAMMU & KASHMIR": {"global_perc": 0.003357240958339692, "local_perc": 0.005099675475197033}, "JHARKHAND": {"global_perc": 0.0050317960116070875, "local_perc": 0.037783959202596196}, "KARNATAKA": {"global_perc": 0.00020449897750511248, "local_perc": 0.0013908205841446453}, "MADHYA PRADESH": {"global_perc": 0.0006010600513633135, "local_perc": 0.0076495132127955496}, "MIZORAM": {"global_perc": 0.016867469879518072, "local_perc": 0.003245248029670839}, "NAGALAND": {"global_perc": 0.0028011204481792717, "local_perc": 0.0009272137227630969}, "PUDUCHERRY": {"global_perc": 0.43333333333333335, "local_perc": 0.009040333796940195}, "RAJASTHAN": {"global_perc": 0.00017908309455587392, "local_perc": 0.0018544274455261937}, "SIKKIM": {"global_perc": 0.08869179600886919, "local_perc": 0.00927213722763097}, "TRIPURA": {"global_perc": 0.009142857142857144, "local_perc": 0.0018544274455261937}, "UTTAR PRADESH": {"global_perc": 0.0017419971154026262, "local_perc": 0.043115438108484005}, "UTTARAKHAND": {"global_perc": 0.010421008753647354, "local_perc": 0.04056560037088549}, "West Bengal": {"global_perc": 0.020090506738276392, "local_perc": 0.18729717199814558}}, "partition_field": "Stat_Nam", "Vil_Nam": "Solina", "Stat_Nam": "JAMMU & KASHMIR"}, {"data": [["Mat_An_Chil_Wel_Cen_Doc_Tot_Stren_Num", 2.0], ["Mat_An_Chil_Wel_Cen_Par_Med_Staf_Tot_Stren_Num", 19.0], 0.10526315789473684], "data_low": {"Stat_Nam": "RAJASTHAN", "Vil_Nam": "1 DBL-A", "Mat_An_Chil_Wel_Cen_Doc_Tot_Stren_Num": "1", "Mat_An_Chil_Wel_Cen_Par_Med_Staf_Tot_Stren_Num": "9", "id": 67219}, "data_high": {"Stat_Nam": "PUDUCHERRY", "Vil_Nam": "Karikalampakkam", "Mat_An_Chil_Wel_Cen_Doc_Tot_Stren_Num": "7", "Mat_An_Chil_Wel_Cen_Par_Med_Staf_Tot_Stren_Num": "39", "id": 622125}, "perc": 0.1146573527640612, "metric": 99.88534354112566, "value_global_local": {"ANDAMAN & NICOBAR ISLANDS": {"global_perc": 0.0018018018018018018, "local_perc": 0.0014005602240896359}, "ASSAM": {"global_perc": 0.00037885963250615644, "local_perc": 0.014005602240896359}, "BIHAR": {"global_perc": 0.00028970004902616214, "local_perc": 0.018207282913165267}, "CHHATTISGARH": {"global_perc": 4.9686972075921695e-05, "local_perc": 0.0014005602240896359}, "GOA": {"global_perc": 0.0029940119760479044, "local_perc": 0.0014005602240896359}, "HARYANA": {"global_perc": 0.000146177459435755, "local_perc": 0.0014005602240896359}, "JAMMU & KASHMIR": {"global_perc": 0.00015260186174271325, "local_perc": 0.0014005602240896359}, "JHARKHAND": {"global_perc": 0.0004321787985429401, "local_perc": 0.0196078431372549}, "KARNATAKA": {"global_perc": 0.017518745739604637, "local_perc": 0.7198879551820728}, "MADHYA PRADESH": {"global_perc": 0.000455348523760086, "local_perc": 0.0350140056022409}, "ODISHA": {"global_perc": 9.744119423927659e-05, "local_perc": 0.0070028011204481795}, "PUDUCHERRY": {"global_perc": 0.12222222222222222, "local_perc": 0.015406162464985995}, "Punjab": {"global_perc": 0.0007153644384389158, "local_perc": 0.012605042016806723}, "RAJASTHAN": {"global_perc": 0.0007163323782234957, "local_perc": 0.04481792717086835}, "SIKKIM": {"global_perc": 0.011086474501108648, "local_perc": 0.0070028011204481795}, "TRIPURA": {"global_perc": 0.002285714285714286, "local_perc": 0.0028011204481792717}, "Tamil Nadu": {"global_perc": 0.0005632392515176168, "local_perc": 0.012605042016806723}, "UTTAR PRADESH": {"global_perc": 0.0003933541873489801, "local_perc": 0.058823529411764705}, "UTTARAKHAND": {"global_perc": 0.0007145834573929614, "local_perc": 0.01680672268907563}, "West Bengal": {"global_perc": 0.0001491869312248247, "local_perc": 0.008403361344537815}}, "partition_field": "Stat_Nam", "Vil_Nam": "Nettapakkam", "Stat_Nam": "PUDUCHERRY"}, {"data": [["Mat_An_Chil_Wel_Cen_Doc_Tot_Stren_Num", 3.0], ["Mat_An_Chil_Wel_Cen_Par_Med_Staf_Tot_Stren_Num", 14.0], 0.21428571428571427], "data_low": {"Stat_Nam": "HIMACHAL PRADESH", "Vil_Nam": "Up Mohal Siri Nagar (441/1)", "Mat_An_Chil_Wel_Cen_Doc_Tot_Stren_Num": "1", "Mat_An_Chil_Wel_Cen_Par_Med_Staf_Tot_Stren_Num": "4", "id": 22253}, "data_high": {"Stat_Nam": "PUDUCHERRY", "Vil_Nam": "Thirunallar", "Mat_An_Chil_Wel_Cen_Doc_Tot_Stren_Num": "7", "Mat_An_Chil_Wel_Cen_Par_Med_Staf_Tot_Stren_Num": "24", "id": 622165}, "perc": 0.09795656188526236, "metric": 99.90204422321638, "value_global_local": {"ASSAM": {"global_perc": 0.0002652017427543095, "local_perc": 0.011475409836065573}, "Arunachal Pradesh": {"global_perc": 0.0003578457684737878, "local_perc": 0.003278688524590164}, "BIHAR": {"global_perc": 8.91384766234345e-05, "local_perc": 0.006557377049180328}, "Dadra & Nagar Haveli": {"global_perc": 0.015384615384615385, "local_perc": 0.001639344262295082}, "HARYANA": {"global_perc": 0.00029235491887151, "local_perc": 0.003278688524590164}, "HIMACHAL PRADESH": {"global_perc": 4.833252779120348e-05, "local_perc": 0.001639344262295082}, "JAMMU & KASHMIR": {"global_perc": 0.0003052037234854265, "local_perc": 0.003278688524590164}, "JHARKHAND": {"global_perc": 0.0005865283694511329, "local_perc": 0.03114754098360656}, "KARNATAKA": {"global_perc": 0.011588275391956374, "local_perc": 0.5573770491803278}, "MADHYA PRADESH": {"global_perc": 0.00030963699615685846, "local_perc": 0.027868852459016394}, "ODISHA": {"global_perc": 0.00048720597119638297, "local_perc": 0.040983606557377046}, "PUDUCHERRY": {"global_perc": 0.1111111111111111, "local_perc": 0.01639344262295082}, "Punjab": {"global_perc": 0.0015102138144821556, "local_perc": 0.03114754098360656}, "RAJASTHAN": {"global_perc": 0.0006044054441260745, "local_perc": 0.04426229508196721}, "SIKKIM": {"global_perc": 0.0022172949002217295, "local_perc": 0.001639344262295082}, "TRIPURA": {"global_perc": 0.004571428571428572, "local_perc": 0.006557377049180328}, "Tamil Nadu": {"global_perc": 0.0003754928343450779, "local_perc": 0.009836065573770493}, "UTTAR PRADESH": {"global_perc": 0.0008803641335905745, "local_perc": 0.1540983606557377}, "UTTARAKHAND": {"global_perc": 0.000535937593044721, "local_perc": 0.014754098360655738}, "West Bengal": {"global_perc": 0.0004972897707494157, "local_perc": 0.03278688524590164}}, "partition_field": "Stat_Nam", "Vil_Nam": "Vizhidiur", "Stat_Nam": "PUDUCHERRY"}, {"data": [["Mat_An_Chil_Wel_Cen_Doc_Tot_Stren_Num", 6.0], ["Mat_An_Chil_Wel_Cen_Par_Med_Staf_Tot_Stren_Num", 19.0], 0.3157894736842105], "data_low": {"Stat_Nam": "JAMMU & KASHMIR", "Vil_Nam": "Garand Khurd", "Mat_An_Chil_Wel_Cen_Doc_Tot_Stren_Num": "1", "Mat_An_Chil_Wel_Cen_Par_Med_Staf_Tot_Stren_Num": "3", "id": 646}, "data_high": {"Stat_Nam": "PUDUCHERRY", "Vil_Nam": "Mannadipet", "Mat_An_Chil_Wel_Cen_Doc_Tot_Stren_Num": "6", "Mat_An_Chil_Wel_Cen_Par_Med_Staf_Tot_Stren_Num": "19", "id": 622093}, "perc": 1.1051427194989762, "metric": 98.8948579572854, "value_global_local": {"": {"global_perc": 0.01315855152262142, "local_perc": 0.995931415286254}, "BACHAHALLI": {"global_perc": 1.0, "local_perc": 0.00014530659691950015}, "BADIWALA": {"global_perc": 1.0, "local_perc": 0.00014530659691950015}, "BALDIHA": {"global_perc": 0.5, "local_perc": 0.00014530659691950015}, "BHALUKAGURI": {"global_perc": 1.0, "local_perc": 0.00014530659691950015}, "CHIRKUWEDA": {"global_perc": 1.0, "local_perc": 0.00014530659691950015}, "DHNGULI": {"global_perc": 1.0, "local_perc": 0.00014530659691950015}, "DUIKASAI": {"global_perc": 1.0, "local_perc": 0.00014530659691950015}, "DUNGRI MALLI": {"global_perc": 0.5, "local_perc": 0.00014530659691950015}, "GHURET": {"global_perc": 1.0, "local_perc": 0.00014530659691950015}, "GOVINDAMPALAYAM": {"global_perc": 0.5, "local_perc": 0.00014530659691950015}, "GUMMIDIPOONDI": {"global_perc": 0.5, "local_perc": 0.00014530659691950015}, "KOTTARAM": {"global_perc": 1.0, "local_perc": 0.00014530659691950015}, "KUKURBAGHI": {"global_perc": 0.0625, "local_perc": 0.00014530659691950015}, "KULLATHILVAI": {"global_perc": 0.3333333333333333, "local_perc": 0.00014530659691950015}, "KUMIZHI": {"global_perc": 1.0, "local_perc": 0.00014530659691950015}, "MELPAKKAM": {"global_perc": 0.5, "local_perc": 0.00014530659691950015}, "N.A.": {"global_perc": 0.00018942981625307822, "local_perc": 0.0002906131938390003}, "NERIGAM": {"global_perc": 1.0, "local_perc": 0.00014530659691950015}, "PERIYAKULAM": {"global_perc": 1.0, "local_perc": 0.00014530659691950015}, "PREMNAGAR": {"global_perc": 0.25, "local_perc": 0.00014530659691950015}, "RINGWARI": {"global_perc": 0.3333333333333333, "local_perc": 0.00014530659691950015}, "SAWAYA RAI HITHER": {"global_perc": 1.0, "local_perc": 0.00014530659691950015}, "SIRUVADI": {"global_perc": 1.0, "local_perc": 0.00014530659691950015}, "SUNKA": {"global_perc": 1.0, "local_perc": 0.00014530659691950015}, "THAGACHAGERE": {"global_perc": 1.0, "local_perc": 0.00014530659691950015}, "THIRUMANAVAYAL": {"global_perc": 0.5, "local_perc": 0.00014530659691950015}, "TINSUKIA": {"global_perc": 0.5, "local_perc": 0.00014530659691950015}}, "partition_field": "Near_Vil_Tow_Nam_hav_Prim_School", "Vil_Nam": "Mannadipet", "Stat_Nam": "PUDUCHERRY"}, {"data": [["Mat_An_Chil_Wel_Cen_Doc_Tot_Stren_Num", 5.0], ["Mat_An_Chil_Wel_Cen_Par_Med_Staf_Tot_Stren_Num", 12.0], 0.4166666666666667], "data_low": {"Stat_Nam": "JAMMU & KASHMIR", "Vil_Nam": "Nyoma", "Mat_An_Chil_Wel_Cen_Doc_Tot_Stren_Num": "1", "Mat_An_Chil_Wel_Cen_Par_Med_Staf_Tot_Stren_Num": "2", "id": 889}, "data_high": {"Stat_Nam": "PUDUCHERRY", "Vil_Nam": "Ramanathapuram", "Mat_An_Chil_Wel_Cen_Doc_Tot_Stren_Num": "6", "Mat_An_Chil_Wel_Cen_Par_Med_Staf_Tot_Stren_Num": "12", "id": 622107}, "perc": 0.7056084146292505, "metric": 99.2943921647039, "value_global_local": {"ASSAM": {"global_perc": 0.0009471490812653912, "local_perc": 0.005689576695493855}, "Arunachal Pradesh": {"global_perc": 0.003578457684737878, "local_perc": 0.004551661356395084}, "BIHAR": {"global_perc": 0.016824887462673264, "local_perc": 0.17182521620391442}, "CHHATTISGARH": {"global_perc": 0.0022359137434164763, "local_perc": 0.010241238051888939}, "DAMAN & DIU": {"global_perc": 0.05263157894736842, "local_perc": 0.0002275830678197542}, "GOA": {"global_perc": 0.0029940119760479044, "local_perc": 0.0002275830678197542}, "HARYANA": {"global_perc": 0.009209179944452566, "local_perc": 0.014337733272644515}, "HIMACHAL PRADESH": {"global_perc": 0.002609956500724988, "local_perc": 0.012289485662266727}, "JAMMU & KASHMIR": {"global_perc": 0.005035861437509537, "local_perc": 0.007510241238051889}, "JHARKHAND": {"global_perc": 0.0036426498734333517, "local_perc": 0.026854802002730997}, "KARNATAKA": {"global_perc": 0.013019768234492161, "local_perc": 0.08693673190714611}, "KERALA": {"global_perc": 0.6660117878192534, "local_perc": 0.15430131998179336}, "MADHYA PRADESH": {"global_perc": 0.0037520718357831086, "local_perc": 0.04688211197086937}, "MANIPUR": {"global_perc": 0.0007748934521503294, "local_perc": 0.0004551661356395084}, "MIZORAM": {"global_perc": 0.0012048192771084338, "local_perc": 0.0002275830678197542}, "ODISHA": {"global_perc": 0.003722253619940366, "local_perc": 0.043468365953573056}, "PUDUCHERRY": {"global_perc": 0.022222222222222223, "local_perc": 0.0004551661356395084}, "Punjab": {"global_perc": 0.012240680391065894, "local_perc": 0.03504779244424215}, "RAJASTHAN": {"global_perc": 8.954154727793696e-05, "local_perc": 0.0009103322712790169}, "SIKKIM": {"global_perc": 0.004434589800443459, "local_perc": 0.0004551661356395084}, "TRIPURA": {"global_perc": 0.014857142857142857, "local_perc": 0.0029585798816568047}, "Tamil Nadu": {"global_perc": 0.015332624069090682, "local_perc": 0.05575785161583978}, "UTTAR PRADESH": {"global_perc": 0.011800625620469402, "local_perc": 0.2867546654528903}, "UTTARAKHAND": {"global_perc": 0.004942535580301316, "local_perc": 0.0188893946290396}, "West Bengal": {"global_perc": 0.001392411358098364, "local_perc": 0.012744651797906235}}, "partition_field": "Stat_Nam", "Vil_Nam": "Chatar", "Stat_Nam": "BIHAR"}, {"data": [["Mat_An_Chil_Wel_Cen_Doc_Tot_Stren_Num", 5.0], ["Mat_An_Chil_Wel_Cen_Par_Med_Staf_Tot_Stren_Num", 9.0], 0.5555555555555556], "data_low": {"Stat_Nam": "JAMMU & KASHMIR", "Vil_Nam": "Dard Hari Khar Gund", "Mat_An_Chil_Wel_Cen_Doc_Tot_Stren_Num": "3", "Mat_An_Chil_Wel_Cen_Par_Med_Staf_Tot_Stren_Num": "5", "id": 77}, "data_high": {"Stat_Nam": "West Bengal", "Vil_Nam": "Sumuria", "Mat_An_Chil_Wel_Cen_Doc_Tot_Stren_Num": "9", "Mat_An_Chil_Wel_Cen_Par_Med_Staf_Tot_Stren_Num": "15", "id": 318065}, "perc": 0.008992733550122445, "metric": 99.99100771094325, "value_global_local": {"Arunachal Pradesh": {"global_perc": 0.0001789228842368939, "local_perc": 0.017857142857142856}, "BIHAR": {"global_perc": 0.00020056157240272763, "local_perc": 0.16071428571428573}, "HARYANA": {"global_perc": 0.000146177459435755, "local_perc": 0.017857142857142856}, "JAMMU & KASHMIR": {"global_perc": 0.0004578055852281398, "local_perc": 0.05357142857142857}, "JHARKHAND": {"global_perc": 3.086991418163858e-05, "local_perc": 0.017857142857142856}, "KARNATAKA": {"global_perc": 6.81663258350375e-05, "local_perc": 0.03571428571428571}, "MADHYA PRADESH": {"global_perc": 0.00036427881900806877, "local_perc": 0.35714285714285715}, "MANIPUR": {"global_perc": 0.0003874467260751647, "local_perc": 0.017857142857142856}, "Punjab": {"global_perc": 7.948493760432397e-05, "local_perc": 0.017857142857142856}, "RAJASTHAN": {"global_perc": 2.238538681948424e-05, "local_perc": 0.017857142857142856}, "SIKKIM": {"global_perc": 0.0022172949002217295, "local_perc": 0.017857142857142856}, "TRIPURA": {"global_perc": 0.002285714285714286, "local_perc": 0.03571428571428571}, "UTTAR PRADESH": {"global_perc": 7.492460711409145e-05, "local_perc": 0.14285714285714285}, "UTTARAKHAND": {"global_perc": 0.00017864586434824034, "local_perc": 0.05357142857142857}, "West Bengal": {"global_perc": 4.972897707494157e-05, "local_perc": 0.03571428571428571}}, "partition_field": "Stat_Nam", "Vil_Nam": "Rasulpur Kalan (169)", "Stat_Nam": "Punjab"}, {"data": [["Mat_An_Chil_Wel_Cen_Doc_Tot_Stren_Num", 4.0], ["Mat_An_Chil_Wel_Cen_Par_Med_Staf_Tot_Stren_Num", 6.0], 0.6666666666666666], "data_low": {"Stat_Nam": "JAMMU & KASHMIR", "Vil_Nam": "Dard Pora", "Mat_An_Chil_Wel_Cen_Doc_Tot_Stren_Num": "2", "Mat_An_Chil_Wel_Cen_Par_Med_Staf_Tot_Stren_Num": "3", "id": 83}, "data_high": {"Stat_Nam": "West Bengal", "Vil_Nam": "Goalpota", "Mat_An_Chil_Wel_Cen_Doc_Tot_Stren_Num": "9", "Mat_An_Chil_Wel_Cen_Par_Med_Staf_Tot_Stren_Num": "13", "id": 330938}, "perc": 0.07435063631619093, "metric": 99.92564969683592, "value_global_local": {"ASSAM": {"global_perc": 0.00011365788975184695, "local_perc": 0.0064794816414686825}, "Arunachal Pradesh": {"global_perc": 0.0001789228842368939, "local_perc": 0.0021598272138228943}, "BIHAR": {"global_perc": 0.000958238623701921, "local_perc": 0.09287257019438445}, "HIMACHAL PRADESH": {"global_perc": 0.00019333011116481392, "local_perc": 0.008639308855291577}, "JAMMU & KASHMIR": {"global_perc": 0.0025942316496261253, "local_perc": 0.0367170626349892}, "JHARKHAND": {"global_perc": 0.0007408779403593258, "local_perc": 0.05183585313174946}, "KARNATAKA": {"global_perc": 0.0014314928425357874, "local_perc": 0.09071274298056156}, "MADHYA PRADESH": {"global_perc": 0.001129264338925013, "local_perc": 0.13390928725701945}, "MANIPUR": {"global_perc": 0.0003874467260751647, "local_perc": 0.0021598272138228943}, "ODISHA": {"global_perc": 1.948823884785532e-05, "local_perc": 0.0021598272138228943}, "Punjab": {"global_perc": 0.0007153644384389158, "local_perc": 0.019438444924406047}, "RAJASTHAN": {"global_perc": 0.0024847779369627505, "local_perc": 0.23974082073434125}, "SIKKIM": {"global_perc": 0.004434589800443459, "local_perc": 0.004319654427645789}, "TRIPURA": {"global_perc": 0.004571428571428572, "local_perc": 0.008639308855291577}, "Tamil Nadu": {"global_perc": 0.0016897177545528506, "local_perc": 0.058315334773218146}, "UTTAR PRADESH": {"global_perc": 0.00044018206679528725, "local_perc": 0.10151187904967603}, "UTTARAKHAND": {"global_perc": 0.0035729172869648066, "local_perc": 0.12958963282937366}, "West Bengal": {"global_perc": 0.00012432244268735393, "local_perc": 0.01079913606911447}}, "partition_field": "Stat_Nam", "Vil_Nam": "Warnow", "Stat_Nam": "JAMMU & KASHMIR"}, {"data": [["Mat_An_Chil_Wel_Cen_Doc_Tot_Stren_Num", 4.0], ["Mat_An_Chil_Wel_Cen_Par_Med_Staf_Tot_Stren_Num", 5.0], 0.8], "data_low": {"Stat_Nam": "JAMMU & KASHMIR", "Vil_Nam": "Rasri Pora", "Mat_An_Chil_Wel_Cen_Doc_Tot_Stren_Num": "4", "Mat_An_Chil_Wel_Cen_Par_Med_Staf_Tot_Stren_Num": "5", "id": 303}, "data_high": {"Stat_Nam": "TRIPURA", "Vil_Nam": "Jirania", "Mat_An_Chil_Wel_Cen_Doc_Tot_Stren_Num": "8", "Mat_An_Chil_Wel_Cen_Par_Med_Staf_Tot_Stren_Num": "9", "id": 270933}, "perc": 0.0036934441366574334, "metric": 99.99630675589596, "value_global_local": {"ASSAM": {"global_perc": 3.7885963250615644e-05, "local_perc": 0.043478260869565216}, "BIHAR": {"global_perc": 0.0001559923340910104, "local_perc": 0.30434782608695654}, "JAMMU & KASHMIR": {"global_perc": 0.00015260186174271325, "local_perc": 0.043478260869565216}, "JHARKHAND": {"global_perc": 0.00018521948508983145, "local_perc": 0.2608695652173913}, "MADHYA PRADESH": {"global_perc": 5.464182285121031e-05, "local_perc": 0.13043478260869565}, "Punjab": {"global_perc": 0.00015896987520864795, "local_perc": 0.08695652173913043}, "TRIPURA": {"global_perc": 0.0034285714285714284, "local_perc": 0.13043478260869565}}, "partition_field": "Stat_Nam", "Vil_Nam": "Rasri Pora", "Stat_Nam": "JAMMU & KASHMIR"}, {"data": [["Mat_An_Chil_Wel_Cen_Doc_Tot_Stren_Num", 2.0], ["Mat_An_Chil_Wel_Cen_Par_Med_Staf_Tot_Stren_Num", 2.0], 1.0], "data_low": {"Stat_Nam": "JAMMU & KASHMIR", "Vil_Nam": "Hamchi Pora", "Mat_An_Chil_Wel_Cen_Doc_Tot_Stren_Num": "1", "Mat_An_Chil_Wel_Cen_Par_Med_Staf_Tot_Stren_Num": "1", "id": 385}, "data_high": {"Stat_Nam": "Punjab", "Vil_Nam": "Lakho Ke Behram (252)", "Mat_An_Chil_Wel_Cen_Doc_Tot_Stren_Num": "8", "Mat_An_Chil_Wel_Cen_Par_Med_Staf_Tot_Stren_Num": "8", "id": 34533}, "perc": 2.1055843269500985, "metric": 97.8944156730499, "value_global_local": {"": {"global_perc": 0.022193296702874763, "local_perc": 0.8816351433801098}, "AAMILLAHVA": {"global_perc": 1.0, "local_perc": 7.62660158633313e-05}, "ABBASPUR": {"global_perc": 1.0, "local_perc": 7.62660158633313e-05}, "ADHAKARI": {"global_perc": 1.0, "local_perc": 7.62660158633313e-05}, "AHIRAULI": {"global_perc": 0.058823529411764705, "local_perc": 7.62660158633313e-05}, "AHMEDPUR": {"global_perc": 0.3333333333333333, "local_perc": 7.62660158633313e-05}, "AJORPUR": {"global_perc": 1.0, "local_perc": 7.62660158633313e-05}, "AKANII": {"global_perc": 1.0, "local_perc": 7.62660158633313e-05}, "AKHTIYARPUR": {"global_perc": 0.3333333333333333, "local_perc": 7.62660158633313e-05}, "ALABALPUR": {"global_perc": 0.5, "local_perc": 7.62660158633313e-05}, "ALAMGARH": {"global_perc": 1.0, "local_perc": 7.62660158633313e-05}, "AMANPUR": {"global_perc": 0.3333333333333333, "local_perc": 7.62660158633313e-05}, "AMARDOMA": {"global_perc": 0.25, "local_perc": 7.62660158633313e-05}, "AMARPUR": {"global_perc": 0.06666666666666667, "local_perc": 7.62660158633313e-05}, "AMAV": {"global_perc": 1.0, "local_perc": 7.62660158633313e-05}, "AMDARI": {"global_perc": 0.6666666666666666, "local_perc": 0.0001525320317266626}, "AMRDHAHA CHARAN": {"global_perc": 1.0, "local_perc": 7.62660158633313e-05}, "AMROH": {"global_perc": 0.1, "local_perc": 7.62660158633313e-05}, "ANAI": {"global_perc": 0.5, "local_perc": 7.62660158633313e-05}, "ANANDPUR": {"global_perc": 0.2, "local_perc": 7.62660158633313e-05}, "ANANTNAG": {"global_perc": 0.5, "local_perc": 7.62660158633313e-05}, "ANDAOUR": {"global_perc": 1.0, "local_perc": 0.0001525320317266626}, "ANDRANA": {"global_perc": 0.5, "local_perc": 7.62660158633313e-05}, "ANEAI": {"global_perc": 1.0, "local_perc": 7.62660158633313e-05}, "APAYAL": {"global_perc": 1.0, "local_perc": 7.62660158633313e-05}, "APPAL": {"global_perc": 1.0, "local_perc": 7.62660158633313e-05}, "ARASUR": {"global_perc": 0.25, "local_perc": 7.62660158633313e-05}, "ARIHAULI": {"global_perc": 1.0, "local_perc": 7.62660158633313e-05}, "ASOUTA": {"global_perc": 0.5, "local_perc": 7.62660158633313e-05}, "ATAR MUNAN KAR": {"global_perc": 1.0, "local_perc": 7.62660158633313e-05}, "ATHILA": {"global_perc": 1.0, "local_perc": 7.62660158633313e-05}, "AWAYA": {"global_perc": 1.0, "local_perc": 7.62660158633313e-05}, "AYAR": {"global_perc": 0.5, "local_perc": 7.62660158633313e-05}, "AYODHYAPUR": {"global_perc": 1.0, "local_perc": 7.62660158633313e-05}, "Amonggre": {"global_perc": 0.25, "local_perc": 7.62660158633313e-05}, "B.B.NAGAR": {"global_perc": 0.5, "local_perc": 7.62660158633313e-05}, "BABHNAULI": {"global_perc": 0.16666666666666666, "local_perc": 7.62660158633313e-05}, "BADAGAON": {"global_perc": 0.16666666666666666, "local_perc": 7.62660158633313e-05}, "BADDAMAFI": {"global_perc": 1.0, "local_perc": 7.62660158633313e-05}, "BADGAON": {"global_perc": 0.16666666666666666, "local_perc": 7.62660158633313e-05}, "BADGIRI": {"global_perc": 1.0, "local_perc": 7.62660158633313e-05}, "BADHAINI KHURD": {"global_perc": 1.0, "local_perc": 0.0001525320317266626}, "BADLOLPUR": {"global_perc": 1.0, "local_perc": 7.62660158633313e-05}, "BADSARI": {"global_perc": 1.0, "local_perc": 0.0002287980475899939}, "BAGHAULI": {"global_perc": 0.6666666666666666, "local_perc": 0.0001525320317266626}, "BAGHAW": {"global_perc": 1.0, "local_perc": 7.62660158633313e-05}, "BAGHIYA": {"global_perc": 1.0, "local_perc": 7.62660158633313e-05}, "BAGHUAL": {"global_perc": 1.0, "local_perc": 7.62660158633313e-05}, "BAHADURPUR": {"global_perc": 0.023809523809523808, "local_perc": 7.62660158633313e-05}, "BAHARAGORA": {"global_perc": 0.125, "local_perc": 7.62660158633313e-05}, "BAHARAICH": {"global_perc": 1.0, "local_perc": 7.62660158633313e-05}, "BAHARPUR": {"global_perc": 0.2, "local_perc": 7.62660158633313e-05}, "BAHDURA": {"global_perc": 1.0, "local_perc": 7.62660158633313e-05}, "BAHORANPUR": {"global_perc": 0.5, "local_perc": 7.62660158633313e-05}, "BAHUARA": {"global_perc": 0.14285714285714285, "local_perc": 7.62660158633313e-05}, "BAHUTACHAK UPADHYAY": {"global_perc": 1.0, "local_perc": 7.62660158633313e-05}, "BAIJALPUR": {"global_perc": 0.5, "local_perc": 7.62660158633313e-05}, "BAIJPUR": {"global_perc": 0.3333333333333333, "local_perc": 7.62660158633313e-05}, "BAIKUNTH PUR": {"global_perc": 0.25, "local_perc": 7.62660158633313e-05}, "BAJIPUR": {"global_perc": 1.0, "local_perc": 7.62660158633313e-05}, "BAKAR PUR": {"global_perc": 1.0, "local_perc": 7.62660158633313e-05}, "BAKARKUNDA": {"global_perc": 1.0, "local_perc": 7.62660158633313e-05}, "BAKWA": {"global_perc": 1.0, "local_perc": 0.0001525320317266626}, "BALEJI": {"global_perc": 1.0, "local_perc": 7.62660158633313e-05}, "BALEUR": {"global_perc": 1.0, "local_perc": 7.62660158633313e-05}, "BALIA": {"global_perc": 0.08333333333333333, "local_perc": 7.62660158633313e-05}, "BALIPUR": {"global_perc": 0.14285714285714285, "local_perc": 7.62660158633313e-05}, "BALKPDI": {"global_perc": 1.0, "local_perc": 7.62660158633313e-05}, "BALLAGAN": {"global_perc": 1.0, "local_perc": 7.62660158633313e-05}, "BALLIA": {"global_perc": 0.5, "local_perc": 7.62660158633313e-05}, "BALRAMPUR": {"global_perc": 0.1, "local_perc": 7.62660158633313e-05}, "BALUA": {"global_perc": 0.07142857142857142, "local_perc": 7.62660158633313e-05}, "BAMBOOFLAT": {"global_perc": 1.0, "local_perc": 7.62660158633313e-05}, "BANDULAHAR": {"global_perc": 1.0, "local_perc": 7.62660158633313e-05}, "BANE DI HATTI": {"global_perc": 0.14285714285714285, "local_perc": 7.62660158633313e-05}, "BANGA": {"global_perc": 0.5, "local_perc": 7.62660158633313e-05}, "BANGRA": {"global_perc": 0.3333333333333333, "local_perc": 0.0001525320317266626}, "BANHARA": {"global_perc": 0.5, "local_perc": 7.62660158633313e-05}, "BANIA CHHAPAR": {"global_perc": 0.4, "local_perc": 0.0001525320317266626}, "BANKAT": {"global_perc": 0.4, "local_perc": 0.0001525320317266626}, "BANKATI": {"global_perc": 0.1, "local_perc": 7.62660158633313e-05}, "BANKI": {"global_perc": 0.1, "local_perc": 7.62660158633313e-05}, "BANSDIH": {"global_perc": 1.0, "local_perc": 0.000762660158633313}, "BAR": {"global_perc": 0.16666666666666666, "local_perc": 7.62660158633313e-05}, "BARA BOARIJOR": {"global_perc": 1.0, "local_perc": 0.0001525320317266626}, "BARABARU": {"global_perc": 1.0, "local_perc": 0.0002287980475899939}, "BARDIH": {"global_perc": 0.16666666666666666, "local_perc": 7.62660158633313e-05}, "BARDIKANPUR": {"global_perc": 1.0, "local_perc": 7.62660158633313e-05}, "BARDIYA": {"global_perc": 0.3333333333333333, "local_perc": 7.62660158633313e-05}, "BARGADAHA": {"global_perc": 1.0, "local_perc": 7.62660158633313e-05}, "BARHUCHA": {"global_perc": 1.0, "local_perc": 7.62660158633313e-05}, "BARIYAPUR": {"global_perc": 1.0, "local_perc": 7.62660158633313e-05}, "BARIYARPUR": {"global_perc": 0.3333333333333333, "local_perc": 7.62660158633313e-05}, "BARKABARAN": {"global_perc": 1.0, "local_perc": 7.62660158633313e-05}, "BARKABARU": {"global_perc": 1.0, "local_perc": 7.62660158633313e-05}, "BARMANDA": {"global_perc": 0.3333333333333333, "local_perc": 7.62660158633313e-05}, "BARNAG BASANTPUR": {"global_perc": 1.0, "local_perc": 7.62660158633313e-05}, "BARTHRAKALA": {"global_perc": 1.0, "local_perc": 7.62660158633313e-05}, "BARYADI KHUDAI": {"global_perc": 1.0, "local_perc": 7.62660158633313e-05}, "BASANT PUR": {"global_perc": 0.75, "local_perc": 0.0002287980475899939}, "BASANTPUR": {"global_perc": 0.02564102564102564, "local_perc": 7.62660158633313e-05}, "BASANTPURA": {"global_perc": 1.0, "local_perc": 7.62660158633313e-05}, "BASBARIYA": {"global_perc": 1.0, "local_perc": 7.62660158633313e-05}, "BASDIH": {"global_perc": 0.08333333333333333, "local_perc": 7.62660158633313e-05}, "BASRIK": {"global_perc": 1.0, "local_perc": 7.62660158633313e-05}, "BASUDEVA": {"global_perc": 1.0, "local_perc": 7.62660158633313e-05}, "BASVAN": {"global_perc": 1.0, "local_perc": 7.62660158633313e-05}, "BATAULI": {"global_perc": 0.3333333333333333, "local_perc": 7.62660158633313e-05}, "BATIJODA": {"global_perc": 0.25, "local_perc": 7.62660158633313e-05}, "BAUMIH": {"global_perc": 1.0, "local_perc": 7.62660158633313e-05}, "BAUSI": {"global_perc": 0.5, "local_perc": 7.62660158633313e-05}, "BEGUNIA": {"global_perc": 0.5, "local_perc": 7.62660158633313e-05}, "BELASI PAH": {"global_perc": 1.0, "local_perc": 7.62660158633313e-05}, "BELPAHARI": {"global_perc": 0.2, "local_perc": 7.62660158633313e-05}, "BELSARI": {"global_perc": 0.5, "local_perc": 7.62660158633313e-05}, "BELSRA": {"global_perc": 1.0, "local_perc": 7.62660158633313e-05}, "BELTHARA ROAD": {"global_perc": 0.3333333333333333, "local_perc": 7.62660158633313e-05}, "BELTHRA ROAD": {"global_perc": 1.0, "local_perc": 0.0004575960951799878}, "BELWARIA": {"global_perc": 1.0, "local_perc": 7.62660158633313e-05}, "BELWARIYA": {"global_perc": 1.0, "local_perc": 7.62660158633313e-05}, "BERIYA": {"global_perc": 0.5, "local_perc": 0.0001525320317266626}, "BERU AKHARI": {"global_perc": 1.0, "local_perc": 7.62660158633313e-05}, "BETU QUADIM": {"global_perc": 1.0, "local_perc": 7.62660158633313e-05}, "BHAGIPUR": {"global_perc": 0.5, "local_perc": 7.62660158633313e-05}, "BHAIRITAR": {"global_perc": 1.0, "local_perc": 7.62660158633313e-05}, "BHALT": {"global_perc": 1.0, "local_perc": 7.62660158633313e-05}, "BHALUHA": {"global_perc": 0.3333333333333333, "local_perc": 7.62660158633313e-05}, "BHANPURKHA": {"global_perc": 1.0, "local_perc": 7.62660158633313e-05}, "BHARAHATHA": {"global_perc": 1.0, "local_perc": 7.62660158633313e-05}, "BHARAT PUR": {"global_perc": 0.5, "local_perc": 7.62660158633313e-05}, "BHARATPUR": {"global_perc": 0.05263157894736842, "local_perc": 7.62660158633313e-05}, "BHARAULI": {"global_perc": 0.23076923076923078, "local_perc": 0.0002287980475899939}, "BHARBHAWAN": {"global_perc": 1.0, "local_perc": 7.62660158633313e-05}, "BHARUI": {"global_perc": 1.0, "local_perc": 7.62660158633313e-05}, "BHATAULI": {"global_perc": 0.1111111111111111, "local_perc": 7.62660158633313e-05}, "BHATOLI": {"global_perc": 0.1111111111111111, "local_perc": 7.62660158633313e-05}, "BHATWACHAK": {"global_perc": 1.0, "local_perc": 7.62660158633313e-05}, "BHAUPUR": {"global_perc": 0.2, "local_perc": 7.62660158633313e-05}, "BHAVANIPUR": {"global_perc": 0.3333333333333333, "local_perc": 7.62660158633313e-05}, "BHAWANIPUR": {"global_perc": 0.13333333333333333, "local_perc": 0.0001525320317266626}, "BHAWARNA": {"global_perc": 0.5, "local_perc": 0.0001525320317266626}, "BHEJRIYA": {"global_perc": 1.0, "local_perc": 7.62660158633313e-05}, "BHELKHA": {"global_perc": 0.5, "local_perc": 7.62660158633313e-05}, "BHELWA": {"global_perc": 0.25, "local_perc": 7.62660158633313e-05}, "BHIKHAMPUR": {"global_perc": 0.16666666666666666, "local_perc": 7.62660158633313e-05}, "BHIKHARIPUR": {"global_perc": 0.2, "local_perc": 7.62660158633313e-05}, "BHIKHPUR": {"global_perc": 0.5, "local_perc": 7.62660158633313e-05}, "BHIMPUR": {"global_perc": 0.3076923076923077, "local_perc": 0.0003050640634533252}, "BHIMPURA": {"global_perc": 1.0, "local_perc": 7.62660158633313e-05}, "BHIND LAKHAN": {"global_perc": 1.0, "local_perc": 7.62660158633313e-05}, "BHIPAIRA": {"global_perc": 1.0, "local_perc": 7.62660158633313e-05}, "BHITI": {"global_perc": 0.2857142857142857, "local_perc": 0.0001525320317266626}, "BHITLU": {"global_perc": 0.3333333333333333, "local_perc": 7.62660158633313e-05}, "BHOJPUR": {"global_perc": 0.07142857142857142, "local_perc": 7.62660158633313e-05}, "BHOJPURWA": {"global_perc": 1.0, "local_perc": 7.62660158633313e-05}, "BHOPATPUR": {"global_perc": 0.125, "local_perc": 7.62660158633313e-05}, "BHUTAHAVA": {"global_perc": 1.0, "local_perc": 7.62660158633313e-05}, "BHUTI": {"global_perc": 1.0, "local_perc": 7.62660158633313e-05}, "BHUWANCHAPRA": {"global_perc": 1.0, "local_perc": 7.62660158633313e-05}, "BIBIPUR": {"global_perc": 0.17391304347826086, "local_perc": 0.0003050640634533252}, "BIJULIPUR": {"global_perc": 1.0, "local_perc": 7.62660158633313e-05}, "BIKAPUR": {"global_perc": 0.25, "local_perc": 7.62660158633313e-05}, "BIRAMPUR": {"global_perc": 0.25, "local_perc": 7.62660158633313e-05}, "BIRIYA": {"global_perc": 1.0, "local_perc": 7.62660158633313e-05}, "BISHUNPURA": {"global_perc": 0.1111111111111111, "local_perc": 7.62660158633313e-05}, "BJPKCHAPARA": {"global_perc": 1.0, "local_perc": 7.62660158633313e-05}, "BODASA": {"global_perc": 0.6666666666666666, "local_perc": 0.0001525320317266626}, "BRAHMDEWTA": {"global_perc": 1.0, "local_perc": 7.62660158633313e-05}, "BRAMH DEVTA": {"global_perc": 1.0, "local_perc": 7.62660158633313e-05}, "BRAUGHI": {"global_perc": 0.3333333333333333, "local_perc": 7.62660158633313e-05}, "BRUNDADEIPUR": {"global_perc": 1.0, "local_perc": 7.62660158633313e-05}, "BUDGADDA": {"global_perc": 0.5, "local_perc": 0.0001525320317266626}, "BUDGAM": {"global_perc": 1.0, "local_perc": 7.62660158633313e-05}, "CAHNAR": {"global_perc": 1.0, "local_perc": 7.62660158633313e-05}, "CHAI CHAPRA": {"global_perc": 1.0, "local_perc": 7.62660158633313e-05}, "CHAINPUR": {"global_perc": 0.043478260869565216, "local_perc": 7.62660158633313e-05}, "CHAK BAHAUDDIN": {"global_perc": 1.0, "local_perc": 7.62660158633313e-05}, "CHAK BAMUN": {"global_perc": 0.6666666666666666, "local_perc": 0.0001525320317266626}, "CHAK HAZI": {"global_perc": 1.0, "local_perc": 7.62660158633313e-05}, "CHAK KHAN": {"global_perc": 1.0, "local_perc": 7.62660158633313e-05}, "CHAKAPADA": {"global_perc": 0.3333333333333333, "local_perc": 7.62660158633313e-05}, "CHALANGI": {"global_perc": 1.0, "local_perc": 7.62660158633313e-05}, "CHAMPAPUR": {"global_perc": 0.3333333333333333, "local_perc": 7.62660158633313e-05}, "CHAMRMA": {"global_perc": 1.0, "local_perc": 7.62660158633313e-05}, "CHANDPUR": {"global_perc": 0.05128205128205128, "local_perc": 0.0001525320317266626}, "CHARAUON": {"global_perc": 1.0, "local_perc": 0.0001525320317266626}, "CHARAUVA": {"global_perc": 1.0, "local_perc": 7.62660158633313e-05}, "CHAUBEY PUR": {"global_perc": 1.0, "local_perc": 7.62660158633313e-05}, "CHAUNTRA": {"global_perc": 0.2, "local_perc": 7.62660158633313e-05}, "CHELA": {"global_perc": 0.25, "local_perc": 7.62660158633313e-05}, "CHEMAIA": {"global_perc": 1.0, "local_perc": 7.62660158633313e-05}, "CHHANGLA": {"global_perc": 0.2, "local_perc": 7.62660158633313e-05}, "CHHAP": {"global_perc": 1.0, "local_perc": 7.62660158633313e-05}, "CHHAPRA SARIW": {"global_perc": 1.0, "local_perc": 7.62660158633313e-05}, "CHHAPRASARIW": {"global_perc": 1.0, "local_perc": 0.0001525320317266626}, "CHHATA": {"global_perc": 1.0, "local_perc": 7.62660158633313e-05}, "CHHATAK": {"global_perc": 1.0, "local_perc": 7.62660158633313e-05}, "CHHITONI": {"global_perc": 1.0, "local_perc": 7.62660158633313e-05}, "CHHITRAULI": {"global_perc": 1.0, "local_perc": 0.0001525320317266626}, "CHHTARSAR": {"global_perc": 1.0, "local_perc": 7.62660158633313e-05}, "CHILAKHAR": {"global_perc": 1.0, "local_perc": 7.62660158633313e-05}, "CHILAKHAR1": {"global_perc": 1.0, "local_perc": 7.62660158633313e-05}, "CHILOI": {"global_perc": 0.3333333333333333, "local_perc": 7.62660158633313e-05}, "CHINDA": {"global_perc": 1.0, "local_perc": 7.62660158633313e-05}, "CHIPRA": {"global_perc": 0.6666666666666666, "local_perc": 0.0001525320317266626}, "CHITAM PUR": {"global_perc": 1.0, "local_perc": 7.62660158633313e-05}, "CHITAONI": {"global_perc": 1.0, "local_perc": 7.62660158633313e-05}, "CHITAUNI": {"global_perc": 0.5, "local_perc": 7.62660158633313e-05}, "CHITBARGAON": {"global_perc": 1.0, "local_perc": 0.0001525320317266626}, "CHITRA BABUPUR": {"global_perc": 0.4, "local_perc": 0.0001525320317266626}, "CHOLAPUR": {"global_perc": 1.0, "local_perc": 7.62660158633313e-05}, "CHOPARA": {"global_perc": 0.25, "local_perc": 7.62660158633313e-05}, "CHTTURPUR": {"global_perc": 1.0, "local_perc": 7.62660158633313e-05}, "CHUKHA": {"global_perc": 1.0, "local_perc": 7.62660158633313e-05}, "CHUPPEPUR": {"global_perc": 0.3333333333333333, "local_perc": 0.0001525320317266626}, "DABARI": {"global_perc": 1.0, "local_perc": 7.62660158633313e-05}, "DADHORPUR": {"global_perc": 1.0, "local_perc": 7.62660158633313e-05}, "DAGHARIYA": {"global_perc": 1.0, "local_perc": 0.0001525320317266626}, "DAHAHA": {"global_perc": 1.0, "local_perc": 7.62660158633313e-05}, "DALU": {"global_perc": 0.07692307692307693, "local_perc": 7.62660158633313e-05}, "DANIYALPUR": {"global_perc": 0.5, "local_perc": 7.62660158633313e-05}, "DARIYA": {"global_perc": 0.5, "local_perc": 7.62660158633313e-05}, "DARO": {"global_perc": 0.5, "local_perc": 7.62660158633313e-05}, "DARVA": {"global_perc": 0.3333333333333333, "local_perc": 7.62660158633313e-05}, "DATHA": {"global_perc": 1.0, "local_perc": 7.62660158633313e-05}, "DATHATPUR": {"global_perc": 1.0, "local_perc": 7.62660158633313e-05}, "DAULARIYA": {"global_perc": 1.0, "local_perc": 7.62660158633313e-05}, "DAYALPUR": {"global_perc": 0.07142857142857142, "local_perc": 7.62660158633313e-05}, "DAYALPUR KALA": {"global_perc": 1.0, "local_perc": 0.0001525320317266626}, "DEVALVIR": {"global_perc": 1.0, "local_perc": 7.62660158633313e-05}, "DEVANANDPUR": {"global_perc": 1.0, "local_perc": 7.62660158633313e-05}, "DEVARIA KALA": {"global_perc": 1.0, "local_perc": 7.62660158633313e-05}, "DEVARIYA": {"global_perc": 0.25, "local_perc": 0.0001525320317266626}, "DEVDIH": {"global_perc": 1.0, "local_perc": 7.62660158633313e-05}, "DEVDIYA": {"global_perc": 0.5, "local_perc": 7.62660158633313e-05}, "DHADHORPUR": {"global_perc": 1.0, "local_perc": 0.0001525320317266626}, "DHAJNAJPUR": {"global_perc": 1.0, "local_perc": 7.62660158633313e-05}, "DHAMAPUR": {"global_perc": 1.0, "local_perc": 7.62660158633313e-05}, "DHAMIPUR": {"global_perc": 1.0, "local_perc": 7.62660158633313e-05}, "DHANAUTI DHURA": {"global_perc": 1.0, "local_perc": 7.62660158633313e-05}, "DHANAUTI KHURD": {"global_perc": 0.5, "local_perc": 7.62660158633313e-05}, "DHANPURA": {"global_perc": 0.125, "local_perc": 7.62660158633313e-05}, "DHARAMPUR": {"global_perc": 0.03125, "local_perc": 7.62660158633313e-05}, "DHARHAR": {"global_perc": 1.0, "local_perc": 7.62660158633313e-05}, "DHARHARA": {"global_perc": 0.14285714285714285, "local_perc": 7.62660158633313e-05}, "DHOLAPUIR": {"global_perc": 1.0, "local_perc": 7.62660158633313e-05}, "DIFFERPAT": {"global_perc": 1.0, "local_perc": 7.62660158633313e-05}, "DIGCHRA": {"global_perc": 1.0, "local_perc": 0.0001525320317266626}, "DIWAKARPUR": {"global_perc": 1.0, "local_perc": 7.62660158633313e-05}, "DIYABHAGAR": {"global_perc": 1.0, "local_perc": 7.62660158633313e-05}, "DIYARABHAGAR": {"global_perc": 1.0, "local_perc": 7.62660158633313e-05}, "DORHWA": {"global_perc": 1.0, "local_perc": 7.62660158633313e-05}, "DORIHAR": {"global_perc": 0.5, "local_perc": 7.62660158633313e-05}, "DUBAKIYA": {"global_perc": 1.0, "local_perc": 0.0001525320317266626}, "DUBAULI INDRACHAK": {"global_perc": 1.0, "local_perc": 7.62660158633313e-05}, "DUBHAD": {"global_perc": 1.0, "local_perc": 0.0001525320317266626}, "DUHIBHUSI": {"global_perc": 1.0, "local_perc": 7.62660158633313e-05}, "DULARPUR": {"global_perc": 0.6666666666666666, "local_perc": 0.0001525320317266626}, "DUMDUA": {"global_perc": 1.0, "local_perc": 7.62660158633313e-05}, "Dhaliwal Bet": {"global_perc": 1.0, "local_perc": 0.0001525320317266626}, "EKAUNI": {"global_perc": 0.5, "local_perc": 7.62660158633313e-05}, "EKAWARI": {"global_perc": 1.0, "local_perc": 7.62660158633313e-05}, "EKDERBA": {"global_perc": 0.5, "local_perc": 7.62660158633313e-05}, "EKWARI": {"global_perc": 1.0, "local_perc": 7.62660158633313e-05}, "ENDARPUR": {"global_perc": 1.0, "local_perc": 7.62660158633313e-05}, "ERKI": {"global_perc": 1.0, "local_perc": 7.62660158633313e-05}, "ETAHI": {"global_perc": 1.0, "local_perc": 7.62660158633313e-05}, "FAKRA": {"global_perc": 1.0, "local_perc": 7.62660158633313e-05}, "FARIDPUR": {"global_perc": 0.058823529411764705, "local_perc": 7.62660158633313e-05}, "FATEHPUR": {"global_perc": 0.031746031746031744, "local_perc": 0.0001525320317266626}, "FATHAPUR": {"global_perc": 1.0, "local_perc": 7.62660158633313e-05}, "FEKANA": {"global_perc": 1.0, "local_perc": 7.62660158633313e-05}, "FRANGAMATIA": {"global_perc": 1.0, "local_perc": 7.62660158633313e-05}, "FULANG": {"global_perc": 0.3333333333333333, "local_perc": 7.62660158633313e-05}, "FULWARIA": {"global_perc": 1.0, "local_perc": 7.62660158633313e-05}, "G. NANDIPUR": {"global_perc": 1.0, "local_perc": 7.62660158633313e-05}, "GADHMAL": {"global_perc": 1.0, "local_perc": 7.62660158633313e-05}, "GAHARPUR": {"global_perc": 0.3333333333333333, "local_perc": 7.62660158633313e-05}, "GAHURA": {"global_perc": 1.0, "local_perc": 7.62660158633313e-05}, "GAIGHAT": {"global_perc": 0.375, "local_perc": 0.0002287980475899939}, "GAJENDRA": {"global_perc": 1.0, "local_perc": 7.62660158633313e-05}, "GANEOR": {"global_perc": 1.0, "local_perc": 7.62660158633313e-05}, "GANGAIKONDAN": {"global_perc": 1.0, "local_perc": 7.62660158633313e-05}, "GANGAPUR": {"global_perc": 0.15151515151515152, "local_perc": 0.0003813300793166565}, "GAON": {"global_perc": 0.06666666666666667, "local_perc": 7.62660158633313e-05}, "GAORPURA": {"global_perc": 1.0, "local_perc": 7.62660158633313e-05}, "GARHWA": {"global_perc": 0.42857142857142855, "local_perc": 0.0002287980475899939}, "GARHWAR": {"global_perc": 1.0, "local_perc": 0.0001525320317266626}, "GARUD": {"global_perc": 0.25, "local_perc": 7.62660158633313e-05}, "GARWA": {"global_perc": 0.5, "local_perc": 7.62660158633313e-05}, "GAURAKALA": {"global_perc": 1.0, "local_perc": 7.62660158633313e-05}, "GAURAUPWAR": {"global_perc": 1.0, "local_perc": 7.62660158633313e-05}, "GAYGHAR": {"global_perc": 1.0, "local_perc": 7.62660158633313e-05}, "GAZAPUR": {"global_perc": 1.0, "local_perc": 0.0001525320317266626}, "GAZIABAD": {"global_perc": 1.0, "local_perc": 7.62660158633313e-05}, "GAZIYAPUR": {"global_perc": 1.0, "local_perc": 7.62660158633313e-05}, "GHAIGHAT": {"global_perc": 1.0, "local_perc": 7.62660158633313e-05}, "GHATAMPUR": {"global_perc": 0.25, "local_perc": 7.62660158633313e-05}, "GHOSILA": {"global_perc": 0.5, "local_perc": 7.62660158633313e-05}, "GHUMACHI": {"global_perc": 1.0, "local_perc": 7.62660158633313e-05}, "GHURIPUR": {"global_perc": 1.0, "local_perc": 7.62660158633313e-05}, "GIPU": {"global_perc": 0.5, "local_perc": 7.62660158633313e-05}, "GOBIND": {"global_perc": 1.0, "local_perc": 7.62660158633313e-05}, "GOBINDPUR": {"global_perc": 0.043478260869565216, "local_perc": 7.62660158633313e-05}, "GODIWALI KHAS": {"global_perc": 1.0, "local_perc": 7.62660158633313e-05}, "GOIDHAPPA": {"global_perc": 1.0, "local_perc": 7.62660158633313e-05}, "GOKULPUR": {"global_perc": 0.1, "local_perc": 7.62660158633313e-05}, "GONHA TAL": {"global_perc": 1.0, "local_perc": 7.62660158633313e-05}, "GOPICHAK": {"global_perc": 1.0, "local_perc": 7.62660158633313e-05}, "GORA": {"global_perc": 0.25, "local_perc": 7.62660158633313e-05}, "GORDHAPPA": {"global_perc": 1.0, "local_perc": 7.62660158633313e-05}, "GORHRA": {"global_perc": 1.0, "local_perc": 7.62660158633313e-05}, "GORIYADIH": {"global_perc": 1.0, "local_perc": 7.62660158633313e-05}, "GOSAIPUR": {"global_perc": 0.2, "local_perc": 0.0001525320317266626}, "GOTHHULI": {"global_perc": 1.0, "local_perc": 7.62660158633313e-05}, "GOVINDPUR": {"global_perc": 0.07407407407407407, "local_perc": 0.0001525320317266626}, "GUDDALUR": {"global_perc": 1.0, "local_perc": 7.62660158633313e-05}, "GUJARAN PURVA": {"global_perc": 1.0, "local_perc": 7.62660158633313e-05}, "GUMRU": {"global_perc": 0.3333333333333333, "local_perc": 7.62660158633313e-05}, "GURUDASPUR": {"global_perc": 0.4, "local_perc": 0.0001525320317266626}, "GUSHAL": {"global_perc": 1.0, "local_perc": 7.62660158633313e-05}, "GUTJORA": {"global_perc": 1.0, "local_perc": 7.62660158633313e-05}, "GYANPUR": {"global_perc": 0.034482758620689655, "local_perc": 7.62660158633313e-05}, "HADIHAKALA": {"global_perc": 1.0, "local_perc": 7.62660158633313e-05}, "HADIYA KALA": {"global_perc": 1.0, "local_perc": 7.62660158633313e-05}, "HAFIZPUR": {"global_perc": 0.25, "local_perc": 7.62660158633313e-05}, "HALLIDAYGANJ": {"global_perc": 0.2, "local_perc": 7.62660158633313e-05}, "HARDIYA JAMIN": {"global_perc": 1.0, "local_perc": 7.62660158633313e-05}, "HARDUA": {"global_perc": 0.25, "local_perc": 7.62660158633313e-05}, "HARIHA KALA": {"global_perc": 1.0, "local_perc": 7.62660158633313e-05}, "HARIHARPUR": {"global_perc": 0.0967741935483871, "local_perc": 0.0002287980475899939}, "HARPUR": {"global_perc": 0.125, "local_perc": 0.0001525320317266626}, "HARVADIH": {"global_perc": 1.0, "local_perc": 7.62660158633313e-05}, "HASANPUR": {"global_perc": 0.03333333333333333, "local_perc": 7.62660158633313e-05}, "HATGAON": {"global_perc": 0.5, "local_perc": 7.62660158633313e-05}, "HATHIVAR": {"global_perc": 1.0, "local_perc": 7.62660158633313e-05}, "HATHIYA": {"global_perc": 1.0, "local_perc": 7.62660158633313e-05}, "HATHIYAR": {"global_perc": 1.0, "local_perc": 7.62660158633313e-05}, "HATIMODA": {"global_perc": 1.0, "local_perc": 7.62660158633313e-05}, "HAZARA SINGHWALA": {"global_perc": 1.0, "local_perc": 7.62660158633313e-05}, "HEERAPUR": {"global_perc": 0.2857142857142857, "local_perc": 0.0001525320317266626}, "HERMA": {"global_perc": 1.0, "local_perc": 7.62660158633313e-05}, "HIGUTAR JAGDISHPUR": {"global_perc": 1.0, "local_perc": 7.62660158633313e-05}, "HITUTOLI": {"global_perc": 1.0, "local_perc": 7.62660158633313e-05}, "HRIYA CHAK": {"global_perc": 1.0, "local_perc": 7.62660158633313e-05}, "HULIYAR": {"global_perc": 0.5, "local_perc": 7.62660158633313e-05}, "HUSENABAD": {"global_perc": 0.3333333333333333, "local_perc": 7.62660158633313e-05}, "IBRAHIM PATTI": {"global_perc": 1.0, "local_perc": 7.62660158633313e-05}, "IBRAHIMPATTI": {"global_perc": 1.0, "local_perc": 7.62660158633313e-05}, "IBRAHIMPUR": {"global_perc": 0.2, "local_perc": 0.0001525320317266626}, "ICHA": {"global_perc": 0.5, "local_perc": 7.62660158633313e-05}, "IDAR": {"global_perc": 0.5, "local_perc": 7.62660158633313e-05}, "INDAUR": {"global_perc": 1.0, "local_perc": 0.0001525320317266626}, "INDERPUR": {"global_perc": 1.0, "local_perc": 7.62660158633313e-05}, "INDRAGADA": {"global_perc": 0.3333333333333333, "local_perc": 7.62660158633313e-05}, "ISMILPUR": {"global_perc": 1.0, "local_perc": 7.62660158633313e-05}, "ITKHORI": {"global_perc": 0.5, "local_perc": 7.62660158633313e-05}, "ITWA": {"global_perc": 0.1, "local_perc": 7.62660158633313e-05}, "JAGDISHPUR": {"global_perc": 0.024390243902439025, "local_perc": 7.62660158633313e-05}, "JAGDISPUR": {"global_perc": 1.0, "local_perc": 7.62660158633313e-05}, "JAGGHARWA": {"global_perc": 1.0, "local_perc": 7.62660158633313e-05}, "JAGJIVANPUR": {"global_perc": 1.0, "local_perc": 7.62660158633313e-05}, "JAGRITH": {"global_perc": 1.0, "local_perc": 7.62660158633313e-05}, "JAIDOPUR": {"global_perc": 1.0, "local_perc": 7.62660158633313e-05}, "JAIDPUR": {"global_perc": 1.0, "local_perc": 7.62660158633313e-05}, "JAIND": {"global_perc": 0.5, "local_perc": 7.62660158633313e-05}, "JALALPUR": {"global_perc": 0.037037037037037035, "local_perc": 7.62660158633313e-05}, "JAM": {"global_perc": 0.6666666666666666, "local_perc": 0.0001525320317266626}, "JAMALPUR": {"global_perc": 0.06666666666666667, "local_perc": 0.0001525320317266626}, "JAMAPATTI": {"global_perc": 1.0, "local_perc": 7.62660158633313e-05}, "JAMAWAHI": {"global_perc": 1.0, "local_perc": 7.62660158633313e-05}, "JAMBANI": {"global_perc": 0.2, "local_perc": 7.62660158633313e-05}, "JAMBGI(K.D)": {"global_perc": 1.0, "local_perc": 7.62660158633313e-05}, "JAMINBIL KUNDA": {"global_perc": 1.0, "local_perc": 7.62660158633313e-05}, "JAMRI": {"global_perc": 0.25, "local_perc": 7.62660158633313e-05}, "JAMUAA": {"global_perc": 1.0, "local_perc": 7.62660158633313e-05}, "JAMUI": {"global_perc": 0.08333333333333333, "local_perc": 7.62660158633313e-05}, "JAMUWA": {"global_perc": 1.0, "local_perc": 7.62660158633313e-05}, "JANADI": {"global_perc": 1.0, "local_perc": 7.62660158633313e-05}, "JANGLA": {"global_perc": 0.5, "local_perc": 7.62660158633313e-05}, "JANHUPUR": {"global_perc": 1.0, "local_perc": 7.62660158633313e-05}, "JANIPUR": {"global_perc": 0.5, "local_perc": 7.62660158633313e-05}, "JANKI DHAR": {"global_perc": 1.0, "local_perc": 7.62660158633313e-05}, "JANPUR": {"global_perc": 1.0, "local_perc": 7.62660158633313e-05}, "JANSA": {"global_perc": 1.0, "local_perc": 7.62660158633313e-05}, "JARDA": {"global_perc": 0.3333333333333333, "local_perc": 7.62660158633313e-05}, "JAYAPUR": {"global_perc": 0.25, "local_perc": 7.62660158633313e-05}, "JHAMKE": {"global_perc": 1.0, "local_perc": 7.62660158633313e-05}, "JHANJHAUR": {"global_perc": 1.0, "local_perc": 7.62660158633313e-05}, "JHN": {"global_perc": 1.0, "local_perc": 7.62660158633313e-05}, "JHUNGIAN": {"global_perc": 1.0, "local_perc": 7.62660158633313e-05}, "JIGANI KHAS": {"global_perc": 1.0, "local_perc": 7.62660158633313e-05}, "JIGIRSAR": {"global_perc": 1.0, "local_perc": 7.62660158633313e-05}, "JIRA BASTI": {"global_perc": 1.0, "local_perc": 7.62660158633313e-05}, "JKARIYA": {"global_perc": 1.0, "local_perc": 7.62660158633313e-05}, "JOPA": {"global_perc": 1.0, "local_perc": 7.62660158633313e-05}, "Jansua": {"global_perc": 0.5, "local_perc": 7.62660158633313e-05}, "KACHACHIYA KALA": {"global_perc": 1.0, "local_perc": 7.62660158633313e-05}, "KACHHUWAKHAS": {"global_perc": 1.0, "local_perc": 7.62660158633313e-05}, "KACHVACHIYA KALA": {"global_perc": 1.0, "local_perc": 0.0001525320317266626}, "KACHVCHIYA KALA": {"global_perc": 1.0, "local_perc": 7.62660158633313e-05}, "KACHVCHIYA PUR": {"global_perc": 1.0, "local_perc": 7.62660158633313e-05}, "KADGIDOHI": {"global_perc": 1.0, "local_perc": 7.62660158633313e-05}, "KADIPUR": {"global_perc": 0.125, "local_perc": 7.62660158633313e-05}, "KAHNPUR": {"global_perc": 1.0, "local_perc": 7.62660158633313e-05}, "KAITHAVALI": {"global_perc": 1.0, "local_perc": 7.62660158633313e-05}, "KAITHWALI": {"global_perc": 1.0, "local_perc": 7.62660158633313e-05}, "KAJI PUR": {"global_perc": 1.0, "local_perc": 7.62660158633313e-05}, "KAJIPUR": {"global_perc": 0.25, "local_perc": 0.0001525320317266626}, "KAJIYAON": {"global_perc": 1.0, "local_perc": 7.62660158633313e-05}, "KAKARKUNDA": {"global_perc": 1.0, "local_perc": 0.0001525320317266626}, "KAKARPATTI": {"global_perc": 1.0, "local_perc": 7.62660158633313e-05}, "KAKRAHIYA": {"global_perc": 1.0, "local_perc": 7.62660158633313e-05}, "KAMRAULI": {"global_perc": 0.5, "local_perc": 7.62660158633313e-05}, "KAMSIPUR": {"global_perc": 1.0, "local_perc": 7.62660158633313e-05}, "KANA SUAN": {"global_perc": 0.5, "local_perc": 7.62660158633313e-05}, "KANAI": {"global_perc": 1.0, "local_perc": 7.62660158633313e-05}, "KANAKPUR": {"global_perc": 0.1111111111111111, "local_perc": 7.62660158633313e-05}, "KANAKPURA": {"global_perc": 1.0, "local_perc": 7.62660158633313e-05}, "KANATY": {"global_perc": 1.0, "local_perc": 7.62660158633313e-05}, "KANDHALA SHEIKAN": {"global_perc": 1.0, "local_perc": 7.62660158633313e-05}, "KANDI": {"global_perc": 0.08333333333333333, "local_perc": 7.62660158633313e-05}, "KANERI": {"global_perc": 0.5, "local_perc": 7.62660158633313e-05}, "KANHAULI KHAS": {"global_perc": 1.0, "local_perc": 7.62660158633313e-05}, "KANKABATI": {"global_perc": 0.3333333333333333, "local_perc": 7.62660158633313e-05}, "KANNAPUR HATTI": {"global_perc": 1.0, "local_perc": 7.62660158633313e-05}, "KANTAILA": {"global_perc": 1.0, "local_perc": 7.62660158633313e-05}, "KAPURI": {"global_perc": 0.16666666666666666, "local_perc": 7.62660158633313e-05}, "KAPWA": {"global_perc": 1.0, "local_perc": 7.62660158633313e-05}, "KARKAR": {"global_perc": 1.0, "local_perc": 0.0001525320317266626}, "KARKHIYAWAN": {"global_perc": 1.0, "local_perc": 7.62660158633313e-05}, "KARMAUTA": {"global_perc": 1.0, "local_perc": 7.62660158633313e-05}, "KARMI": {"global_perc": 0.2222222222222222, "local_perc": 0.0001525320317266626}, "KARNU": {"global_perc": 0.125, "local_perc": 7.62660158633313e-05}, "KARO": {"global_perc": 1.0, "local_perc": 7.62660158633313e-05}, "KARSANDA": {"global_perc": 1.0, "local_perc": 7.62660158633313e-05}, "KASHIPUR": {"global_perc": 0.1, "local_perc": 7.62660158633313e-05}, "KATAHANA": {"global_perc": 0.5, "local_perc": 7.62660158633313e-05}, "KATGHARA KALAN": {"global_perc": 1.0, "local_perc": 7.62660158633313e-05}, "KATHIPR": {"global_perc": 1.0, "local_perc": 7.62660158633313e-05}, "KAULI": {"global_perc": 0.14285714285714285, "local_perc": 7.62660158633313e-05}, "KAUMI": {"global_perc": 1.0, "local_perc": 7.62660158633313e-05}, "KEGHPUR": {"global_perc": 1.0, "local_perc": 7.62660158633313e-05}, "KESHRUA": {"global_perc": 1.0, "local_perc": 7.62660158633313e-05}, "KESHRUWA": {"global_perc": 1.0, "local_perc": 7.62660158633313e-05}, "KEVATLIYA": {"global_perc": 0.5, "local_perc": 7.62660158633313e-05}, "KEVATLIYA KALA": {"global_perc": 1.0, "local_perc": 7.62660158633313e-05}, "KEVATNIYA": {"global_perc": 1.0, "local_perc": 7.62660158633313e-05}, "KEWARA": {"global_perc": 1.0, "local_perc": 7.62660158633313e-05}, "KHACHAR": {"global_perc": 1.0, "local_perc": 7.62660158633313e-05}, "KHAIDLI KHURD": {"global_perc": 1.0, "local_perc": 7.62660158633313e-05}, "KHAIRA BUHLA": {"global_perc": 0.3333333333333333, "local_perc": 7.62660158633313e-05}, "KHAIRHI": {"global_perc": 0.16666666666666666, "local_perc": 7.62660158633313e-05}, "KHAKIRKA": {"global_perc": 1.0, "local_perc": 7.62660158633313e-05}, "KHALISPUR": {"global_perc": 0.14285714285714285, "local_perc": 7.62660158633313e-05}, "KHALSIBERIA": {"global_perc": 0.5, "local_perc": 7.62660158633313e-05}, "KHAMIRIYA": {"global_perc": 1.0, "local_perc": 7.62660158633313e-05}, "KHANAVA": {"global_perc": 1.0, "local_perc": 7.62660158633313e-05}, "KHANPATTI": {"global_perc": 1.0, "local_perc": 7.62660158633313e-05}, "KHANPUR": {"global_perc": 0.02564102564102564, "local_perc": 7.62660158633313e-05}, "KHANVARAN VADA": {"global_perc": 1.0, "local_perc": 7.62660158633313e-05}, "KHARAGPUR": {"global_perc": 0.18181818181818182, "local_perc": 0.0001525320317266626}, "KHARAICH": {"global_perc": 1.0, "local_perc": 7.62660158633313e-05}, "KHARAUNI": {"global_perc": 1.0, "local_perc": 7.62660158633313e-05}, "KHARAURA": {"global_perc": 1.0, "local_perc": 7.62660158633313e-05}, "KHARGIPUR": {"global_perc": 0.5, "local_perc": 0.0001525320317266626}, "KHARI": {"global_perc": 0.42857142857142855, "local_perc": 0.0002287980475899939}, "KHARICHA": {"global_perc": 0.3333333333333333, "local_perc": 7.62660158633313e-05}, "KHARID": {"global_perc": 1.0, "local_perc": 7.62660158633313e-05}, "KHARIKA": {"global_perc": 0.6666666666666666, "local_perc": 0.0001525320317266626}, "KHARUHL": {"global_perc": 0.25, "local_perc": 7.62660158633313e-05}, "KHDAIL": {"global_perc": 1.0, "local_perc": 7.62660158633313e-05}, "KHDIKA": {"global_perc": 1.0, "local_perc": 7.62660158633313e-05}, "KHEMAPUR": {"global_perc": 0.25, "local_perc": 0.0001525320317266626}, "KHETA SARAI": {"global_perc": 1.0, "local_perc": 7.62660158633313e-05}, "KHIRANWALI": {"global_perc": 0.5, "local_perc": 7.62660158633313e-05}, "KHOKHKHAR": {"global_perc": 0.25, "local_perc": 7.62660158633313e-05}, "KHORI PAKAD": {"global_perc": 1.0, "local_perc": 0.0001525320317266626}, "KHUDAGANJ": {"global_perc": 0.3333333333333333, "local_perc": 7.62660158633313e-05}, "KHULASPUR": {"global_perc": 1.0, "local_perc": 7.62660158633313e-05}, "KHUN KHUN SARKI": {"global_perc": 0.5, "local_perc": 7.62660158633313e-05}, "KHUNTI": {"global_perc": 0.3333333333333333, "local_perc": 0.0001525320317266626}, "KHURDA SEER": {"global_perc": 1.0, "local_perc": 7.62660158633313e-05}, "KIDIHARAPUR": {"global_perc": 1.0, "local_perc": 7.62660158633313e-05}, "KIRATPUR": {"global_perc": 0.16666666666666666, "local_perc": 7.62660158633313e-05}, "KIRIBURU": {"global_perc": 1.0, "local_perc": 7.62660158633313e-05}, "KISHANPUR": {"global_perc": 0.1111111111111111, "local_perc": 7.62660158633313e-05}, "KISHOR CHETAN": {"global_perc": 1.0, "local_perc": 7.62660158633313e-05}, "KODAI": {"global_perc": 0.5, "local_perc": 7.62660158633313e-05}, "KOIRAJPUR": {"global_perc": 1.0, "local_perc": 7.62660158633313e-05}, "KOKADIH": {"global_perc": 1.0, "local_perc": 7.62660158633313e-05}, "KOLAMBI": {"global_perc": 0.5, "local_perc": 7.62660158633313e-05}, "KONE": {"global_perc": 1.0, "local_perc": 7.62660158633313e-05}, "KOT GANGURAI": {"global_perc": 1.0, "local_perc": 7.62660158633313e-05}, "KOTHI": {"global_perc": 0.05405405405405406, "local_perc": 0.0001525320317266626}, "KOTWA": {"global_perc": 0.1111111111111111, "local_perc": 7.62660158633313e-05}, "KRISHAN GARH": {"global_perc": 0.1111111111111111, "local_perc": 7.62660158633313e-05}, "KRTHWALIYA": {"global_perc": 1.0, "local_perc": 7.62660158633313e-05}, "KUCHAHARA": {"global_perc": 1.0, "local_perc": 7.62660158633313e-05}, "KUCHHARA": {"global_perc": 1.0, "local_perc": 7.62660158633313e-05}, "KUDI": {"global_perc": 0.2, "local_perc": 7.62660158633313e-05}, "KUMHAILA": {"global_perc": 0.5, "local_perc": 7.62660158633313e-05}, "KUMKUMA": {"global_perc": 0.6666666666666666, "local_perc": 0.0001525320317266626}, "KUNDA": {"global_perc": 0.0625, "local_perc": 7.62660158633313e-05}, "KURAHAR": {"global_perc": 1.0, "local_perc": 7.62660158633313e-05}, "KURAIJI": {"global_perc": 1.0, "local_perc": 7.62660158633313e-05}, "KURALI": {"global_perc": 0.5, "local_perc": 7.62660158633313e-05}, "KURAVEDIYA": {"global_perc": 1.0, "local_perc": 7.62660158633313e-05}, "KURKNALA": {"global_perc": 0.5, "local_perc": 7.62660158633313e-05}, "KURKUTIYA": {"global_perc": 1.0, "local_perc": 7.62660158633313e-05}, "KURSI": {"global_perc": 0.3333333333333333, "local_perc": 7.62660158633313e-05}, "KURSIN": {"global_perc": 1.0, "local_perc": 7.62660158633313e-05}, "KUSHHAR": {"global_perc": 1.0, "local_perc": 0.0002287980475899939}, "LACHHIPUR": {"global_perc": 0.3333333333333333, "local_perc": 7.62660158633313e-05}, "LAKHAN PUE": {"global_perc": 1.0, "local_perc": 7.62660158633313e-05}, "LAKHI RAMPUR": {"global_perc": 1.0, "local_perc": 7.62660158633313e-05}, "LAKHNA PAR": {"global_perc": 1.0, "local_perc": 7.62660158633313e-05}, "LAKHNAPAR": {"global_perc": 0.3333333333333333, "local_perc": 7.62660158633313e-05}, "LALGANJ": {"global_perc": 0.16, "local_perc": 0.0003050640634533252}, "LALPUR": {"global_perc": 0.046511627906976744, "local_perc": 0.0001525320317266626}, "LAUHAR": {"global_perc": 0.6666666666666666, "local_perc": 0.0001525320317266626}, "LAXAYNAGAR": {"global_perc": 1.0, "local_perc": 7.62660158633313e-05}, "LEKHAMPUR": {"global_perc": 1.0, "local_perc": 7.62660158633313e-05}, "LODHBHARWARI": {"global_perc": 1.0, "local_perc": 7.62660158633313e-05}, "LOHNA": {"global_perc": 0.3333333333333333, "local_perc": 7.62660158633313e-05}, "LOKAPUR": {"global_perc": 0.2, "local_perc": 7.62660158633313e-05}, "LOTOR": {"global_perc": 1.0, "local_perc": 7.62660158633313e-05}, "LRIYAR": {"global_perc": 1.0, "local_perc": 7.62660158633313e-05}, "LUXMANPUR": {"global_perc": 1.0, "local_perc": 7.62660158633313e-05}, "MADARHANA": {"global_perc": 0.5, "local_perc": 7.62660158633313e-05}, "MADHOPUR": {"global_perc": 0.12903225806451613, "local_perc": 0.0003050640634533252}, "MAGHGAVA": {"global_perc": 1.0, "local_perc": 7.62660158633313e-05}, "MAGIRCHAP": {"global_perc": 1.0, "local_perc": 7.62660158633313e-05}, "MAGRAULI": {"global_perc": 1.0, "local_perc": 0.0001525320317266626}, "MAHARAJPUR": {"global_perc": 0.14285714285714285, "local_perc": 7.62660158633313e-05}, "MAHUADANR": {"global_perc": 0.16666666666666666, "local_perc": 7.62660158633313e-05}, "MAHUAKOL": {"global_perc": 1.0, "local_perc": 7.62660158633313e-05}, "MAHUWAI": {"global_perc": 1.0, "local_perc": 7.62660158633313e-05}, "MAJHWALIYA": {"global_perc": 1.0, "local_perc": 7.62660158633313e-05}, "MAKSUDAN PATTI": {"global_perc": 0.5, "local_perc": 7.62660158633313e-05}, "MAKUNDAPUR": {"global_perc": 0.1111111111111111, "local_perc": 7.62660158633313e-05}, "MALAI HAR SENPUR": {"global_perc": 1.0, "local_perc": 7.62660158633313e-05}, "MALAUHA": {"global_perc": 1.0, "local_perc": 7.62660158633313e-05}, "MALERA": {"global_perc": 1.0, "local_perc": 7.62660158633313e-05}, "MALHUWA": {"global_perc": 1.0, "local_perc": 7.62660158633313e-05}, "MALIKPACHAI": {"global_perc": 1.0, "local_perc": 7.62660158633313e-05}, "MALIPUR": {"global_perc": 0.6666666666666666, "local_perc": 0.0001525320317266626}, "MAMBATTU": {"global_perc": 1.0, "local_perc": 7.62660158633313e-05}, "MAMKHIR": {"global_perc": 1.0, "local_perc": 7.62660158633313e-05}, "MANGAT KHERA": {"global_perc": 1.0, "local_perc": 7.62660158633313e-05}, "MANGRAULI": {"global_perc": 0.5, "local_perc": 7.62660158633313e-05}, "MANIKPUR": {"global_perc": 0.02631578947368421, "local_perc": 7.62660158633313e-05}, "MANIYAR": {"global_perc": 1.0, "local_perc": 0.0006101281269066504}, "MANJANPUR": {"global_perc": 1.0, "local_perc": 7.62660158633313e-05}, "MANJHARIA": {"global_perc": 0.5, "local_perc": 7.62660158633313e-05}, "MANPUR": {"global_perc": 0.043478260869565216, "local_perc": 7.62660158633313e-05}, "MARANGHADA": {"global_perc": 0.3333333333333333, "local_perc": 7.62660158633313e-05}, "MARCHI KHURD": {"global_perc": 1.0, "local_perc": 7.62660158633313e-05}, "MARIPAR": {"global_perc": 1.0, "local_perc": 7.62660158633313e-05}, "MAROODIH": {"global_perc": 1.0, "local_perc": 7.62660158633313e-05}, "MARORA": {"global_perc": 0.14285714285714285, "local_perc": 7.62660158633313e-05}, "MARUDIH": {"global_perc": 1.0, "local_perc": 7.62660158633313e-05}, "MASAURI": {"global_perc": 0.25, "local_perc": 7.62660158633313e-05}, "MASOS": {"global_perc": 1.0, "local_perc": 7.62660158633313e-05}, "MASOS KHURD": {"global_perc": 1.0, "local_perc": 7.62660158633313e-05}, "MASTI PALKOT": {"global_perc": 1.0, "local_perc": 7.62660158633313e-05}, "MASUM PUR": {"global_perc": 1.0, "local_perc": 7.62660158633313e-05}, "MATAULI BAZAR": {"global_perc": 1.0, "local_perc": 7.62660158633313e-05}, "MATAURA": {"global_perc": 1.0, "local_perc": 7.62660158633313e-05}, "MATHIA": {"global_perc": 0.25, "local_perc": 7.62660158633313e-05}, "MATIHI": {"global_perc": 1.0, "local_perc": 7.62660158633313e-05}, "MAULAKHOR": {"global_perc": 1.0, "local_perc": 7.62660158633313e-05}, "MAYURHAND": {"global_perc": 0.25, "local_perc": 7.62660158633313e-05}, "MEERGANJ": {"global_perc": 0.5, "local_perc": 7.62660158633313e-05}, "MERKHARA": {"global_perc": 1.0, "local_perc": 7.62660158633313e-05}, "MERLE": {"global_perc": 1.0, "local_perc": 7.62660158633313e-05}, "MILKIPUR": {"global_perc": 1.0, "local_perc": 7.62660158633313e-05}, "MILKY PACHAI": {"global_perc": 1.0, "local_perc": 7.62660158633313e-05}, "MIRZAPUR": {"global_perc": 0.07547169811320754, "local_perc": 0.0003050640634533252}, "MISHRAULI": {"global_perc": 0.14285714285714285, "local_perc": 7.62660158633313e-05}, "MITAURA": {"global_perc": 1.0, "local_perc": 7.62660158633313e-05}, "MUBARAKPUR": {"global_perc": 0.08333333333333333, "local_perc": 7.62660158633313e-05}, "MUDASAN": {"global_perc": 1.0, "local_perc": 7.62660158633313e-05}, "MUHAPAHI": {"global_perc": 1.0, "local_perc": 7.62660158633313e-05}, "MUNAN": {"global_perc": 1.0, "local_perc": 7.62660158633313e-05}, "MUNDERA": {"global_perc": 0.09090909090909091, "local_perc": 7.62660158633313e-05}, "MUNDIYA": {"global_perc": 0.25, "local_perc": 7.62660158633313e-05}, "MUNIMPUR": {"global_perc": 0.3333333333333333, "local_perc": 7.62660158633313e-05}, "MURDAHA": {"global_perc": 1.0, "local_perc": 7.62660158633313e-05}, "MURDI": {"global_perc": 1.0, "local_perc": 7.62660158633313e-05}, "MURIYARI": {"global_perc": 1.0, "local_perc": 0.0001525320317266626}, "MUSRFABAD": {"global_perc": 1.0, "local_perc": 7.62660158633313e-05}, "MUSTFA BAD": {"global_perc": 1.0, "local_perc": 7.62660158633313e-05}, "MUSTFABAD": {"global_perc": 0.2, "local_perc": 7.62660158633313e-05}, "Mianpur": {"global_perc": 0.3333333333333333, "local_perc": 7.62660158633313e-05}, "N.A.": {"global_perc": 0.04650501989013071, "local_perc": 0.03744661378889567}, "NAGAR": {"global_perc": 0.17391304347826086, "local_perc": 0.0003050640634533252}, "NAGAWA GANYEE": {"global_perc": 1.0, "local_perc": 7.62660158633313e-05}, "NAGPURA": {"global_perc": 1.0, "local_perc": 7.62660158633313e-05}, "NAHIYA": {"global_perc": 1.0, "local_perc": 7.62660158633313e-05}, "NAIDUMANGALAM": {"global_perc": 1.0, "local_perc": 7.62660158633313e-05}, "NAINA": {"global_perc": 1.0, "local_perc": 0.0001525320317266626}, "NAKRIA": {"global_perc": 1.0, "local_perc": 7.62660158633313e-05}, "NAMAPUR": {"global_perc": 1.0, "local_perc": 7.62660158633313e-05}, "NANAURA": {"global_perc": 1.0, "local_perc": 7.62660158633313e-05}, "NANDAPUR": {"global_perc": 0.125, "local_perc": 7.62660158633313e-05}, "NANDAULI": {"global_perc": 0.5, "local_perc": 7.62660158633313e-05}, "NARACHH": {"global_perc": 1.0, "local_perc": 7.62660158633313e-05}, "NARANI": {"global_perc": 0.3333333333333333, "local_perc": 7.62660158633313e-05}, "NARAPAKKAM": {"global_perc": 1.0, "local_perc": 7.62660158633313e-05}, "NARAPATPUR": {"global_perc": 1.0, "local_perc": 7.62660158633313e-05}, "NARAV": {"global_perc": 1.0, "local_perc": 0.0002287980475899939}, "NARAYANPUR": {"global_perc": 0.0449438202247191, "local_perc": 0.0003050640634533252}, "NARHI": {"global_perc": 0.5, "local_perc": 7.62660158633313e-05}, "NAROTTAMPUR": {"global_perc": 0.5, "local_perc": 7.62660158633313e-05}, "NARSADA": {"global_perc": 1.0, "local_perc": 7.62660158633313e-05}, "NASIR": {"global_perc": 0.5, "local_perc": 7.62660158633313e-05}, "NASIRPUR": {"global_perc": 0.25, "local_perc": 0.0003050640634533252}, "NATHAIPUR": {"global_perc": 1.0, "local_perc": 7.62660158633313e-05}, "NAUKAGAON": {"global_perc": 1.0, "local_perc": 7.62660158633313e-05}, "NAVABPUR": {"global_perc": 1.0, "local_perc": 7.62660158633313e-05}, "NAVRIA": {"global_perc": 1.0, "local_perc": 7.62660158633313e-05}, "NAWADA": {"global_perc": 0.06451612903225806, "local_perc": 0.0001525320317266626}, "NAWALPUR": {"global_perc": 0.5, "local_perc": 7.62660158633313e-05}, "NAYAGOAN": {"global_perc": 0.5, "local_perc": 7.62660158633313e-05}, "NERKUNDRAM": {"global_perc": 1.0, "local_perc": 7.62660158633313e-05}, "NEWAIZPAR": {"global_perc": 0.25, "local_perc": 7.62660158633313e-05}, "NIBU KABIR PUR": {"global_perc": 1.0, "local_perc": 0.0001525320317266626}, "NIGHARIK": {"global_perc": 1.0, "local_perc": 7.62660158633313e-05}, "NIHARIK": {"global_perc": 1.0, "local_perc": 7.62660158633313e-05}, "NIMAICH": {"global_perc": 1.0, "local_perc": 7.62660158633313e-05}, "NIRDHAVALPUR": {"global_perc": 1.0, "local_perc": 7.62660158633313e-05}, "NIYASI": {"global_perc": 1.0, "local_perc": 7.62660158633313e-05}, "NOTAR": {"global_perc": 1.0, "local_perc": 7.62660158633313e-05}, "NRWARI": {"global_perc": 1.0, "local_perc": 7.62660158633313e-05}, "OBRA": {"global_perc": 1.0, "local_perc": 7.62660158633313e-05}, "ODARHAN": {"global_perc": 1.0, "local_perc": 7.62660158633313e-05}, "OJHA": {"global_perc": 1.0, "local_perc": 7.62660158633313e-05}, "OLAMPUR CHHAPARA": {"global_perc": 1.0, "local_perc": 7.62660158633313e-05}, "PABAPUR": {"global_perc": 1.0, "local_perc": 7.62660158633313e-05}, "PACHIMPUR": {"global_perc": 1.0, "local_perc": 0.0002287980475899939}, "PACHPEDAWA": {"global_perc": 0.25, "local_perc": 7.62660158633313e-05}, "PADAULI": {"global_perc": 1.0, "local_perc": 7.62660158633313e-05}, "PADROUNA BUJURG": {"global_perc": 1.0, "local_perc": 7.62660158633313e-05}, "PAHARI": {"global_perc": 0.1111111111111111, "local_perc": 7.62660158633313e-05}, "PAHRAJPUR": {"global_perc": 1.0, "local_perc": 7.62660158633313e-05}, "PAIGAMBARPUR": {"global_perc": 1.0, "local_perc": 7.62660158633313e-05}, "PAKAKOT": {"global_perc": 1.0, "local_perc": 7.62660158633313e-05}, "PAKKA KOT": {"global_perc": 1.0, "local_perc": 7.62660158633313e-05}, "PAKKAKIT": {"global_perc": 1.0, "local_perc": 7.62660158633313e-05}, "PAKVAENAR": {"global_perc": 1.0, "local_perc": 0.0001525320317266626}, "PALIYA": {"global_perc": 0.125, "local_perc": 7.62660158633313e-05}, "PALIYA KHAS": {"global_perc": 1.0, "local_perc": 7.62660158633313e-05}, "PALIYASHAMBHUPUR": {"global_perc": 1.0, "local_perc": 7.62660158633313e-05}, "PALLIKKADU": {"global_perc": 1.0, "local_perc": 7.62660158633313e-05}, "PANDAULI": {"global_perc": 1.0, "local_perc": 7.62660158633313e-05}, "PANDAY": {"global_perc": 1.0, "local_perc": 7.62660158633313e-05}, "PANDEYA PUR": {"global_perc": 1.0, "local_perc": 7.62660158633313e-05}, "PANDEYPUR": {"global_perc": 0.2, "local_perc": 7.62660158633313e-05}, "PANDRA": {"global_perc": 0.3333333333333333, "local_perc": 7.62660158633313e-05}, "PARASHURAM PUR": {"global_perc": 1.0, "local_perc": 7.62660158633313e-05}, "PARBATPUR": {"global_perc": 0.25, "local_perc": 7.62660158633313e-05}, "PARSHURAMPUR": {"global_perc": 0.5, "local_perc": 7.62660158633313e-05}, "PARSIYA": {"global_perc": 0.15384615384615385, "local_perc": 0.0001525320317266626}, "PARSIYARUP PUR": {"global_perc": 1.0, "local_perc": 7.62660158633313e-05}, "PASCHIMPUR": {"global_perc": 1.0, "local_perc": 7.62660158633313e-05}, "PASHUHARI": {"global_perc": 1.0, "local_perc": 7.62660158633313e-05}, "PATAHATU": {"global_perc": 1.0, "local_perc": 7.62660158633313e-05}, "PATERAWA": {"global_perc": 1.0, "local_perc": 7.62660158633313e-05}, "PATH KUALI": {"global_perc": 1.0, "local_perc": 7.62660158633313e-05}, "PATHKAULI": {"global_perc": 0.5, "local_perc": 7.62660158633313e-05}, "PATHKHAULI": {"global_perc": 0.1111111111111111, "local_perc": 7.62660158633313e-05}, "PATLOT": {"global_perc": 1.0, "local_perc": 7.62660158633313e-05}, "PATTI JAMANPYAGPUR": {"global_perc": 1.0, "local_perc": 7.62660158633313e-05}, "PHULANG": {"global_perc": 1.0, "local_perc": 7.62660158633313e-05}, "PHULBARI": {"global_perc": 0.2, "local_perc": 7.62660158633313e-05}, "PIDAICH": {"global_perc": 1.0, "local_perc": 7.62660158633313e-05}, "PILUI": {"global_perc": 1.0, "local_perc": 7.62660158633313e-05}, "PINDHARA": {"global_perc": 1.0, "local_perc": 7.62660158633313e-05}, "PIPARAHI": {"global_perc": 1.0, "local_perc": 7.62660158633313e-05}, "PIPARIYA": {"global_perc": 0.08333333333333333, "local_perc": 7.62660158633313e-05}, "PIPRA": {"global_perc": 0.05263157894736842, "local_perc": 7.62660158633313e-05}, "PIPRA GODHAR": {"global_perc": 1.0, "local_perc": 7.62660158633313e-05}, "PIPRULI": {"global_perc": 1.0, "local_perc": 7.62660158633313e-05}, "PRADIYA KHURD": {"global_perc": 1.0, "local_perc": 7.62660158633313e-05}, "PRANPUR": {"global_perc": 0.36363636363636365, "local_perc": 0.0003050640634533252}, "PRASADPUR": {"global_perc": 0.75, "local_perc": 0.0002287980475899939}, "PRATAPPAHI": {"global_perc": 1.0, "local_perc": 7.62660158633313e-05}, "PUNAJUR STATE FOREST": {"global_perc": 1.0, "local_perc": 7.62660158633313e-05}, "PURA": {"global_perc": 0.09090909090909091, "local_perc": 7.62660158633313e-05}, "PURALAL": {"global_perc": 1.0, "local_perc": 7.62660158633313e-05}, "PURE HAVAN": {"global_perc": 1.0, "local_perc": 7.62660158633313e-05}, "PUREBARIYAR": {"global_perc": 1.0, "local_perc": 7.62660158633313e-05}, "PURUNABALICHUA": {"global_perc": 1.0, "local_perc": 7.62660158633313e-05}, "PURUSOTAM PATTI": {"global_perc": 1.0, "local_perc": 7.62660158633313e-05}, "RADDIPUR": {"global_perc": 1.0, "local_perc": 7.62660158633313e-05}, "RADHOPUR": {"global_perc": 0.25, "local_perc": 7.62660158633313e-05}, "RADIPUR": {"global_perc": 0.3333333333333333, "local_perc": 7.62660158633313e-05}, "RAGHUNATHPUR": {"global_perc": 0.019230769230769232, "local_perc": 7.62660158633313e-05}, "RAJAPUR": {"global_perc": 0.038461538461538464, "local_perc": 7.62660158633313e-05}, "RAJPUR": {"global_perc": 0.04, "local_perc": 7.62660158633313e-05}, "RAM LACHHAN": {"global_perc": 1.0, "local_perc": 7.62660158633313e-05}, "RAMGARH": {"global_perc": 0.01694915254237288, "local_perc": 7.62660158633313e-05}, "RAMGARHA": {"global_perc": 1.0, "local_perc": 7.62660158633313e-05}, "RAMGARWA": {"global_perc": 1.0, "local_perc": 0.0001525320317266626}, "RAMNA": {"global_perc": 1.0, "local_perc": 7.62660158633313e-05}, "RAMPUR": {"global_perc": 0.03597122302158273, "local_perc": 0.0003813300793166565}, "RAMPUR KALA": {"global_perc": 0.5, "local_perc": 7.62660158633313e-05}, "RAMSINGHPUR": {"global_perc": 0.16666666666666666, "local_perc": 7.62660158633313e-05}, "RASARA": {"global_perc": 0.5, "local_perc": 7.62660158633313e-05}, "RASRA": {"global_perc": 1.0, "local_perc": 0.0003813300793166565}, "RASUBARA": {"global_perc": 1.0, "local_perc": 7.62660158633313e-05}, "RASULPUR": {"global_perc": 0.043478260869565216, "local_perc": 7.62660158633313e-05}, "RATANARI": {"global_perc": 1.0, "local_perc": 7.62660158633313e-05}, "RATNAG": {"global_perc": 0.3333333333333333, "local_perc": 7.62660158633313e-05}, "RATNAULI": {"global_perc": 1.0, "local_perc": 0.0001525320317266626}, "RATSAR": {"global_perc": 1.0, "local_perc": 0.0001525320317266626}, "RATSHAR KALA": {"global_perc": 1.0, "local_perc": 7.62660158633313e-05}, "REWATI": {"global_perc": 1.0, "local_perc": 0.0001525320317266626}, "RIGVAN": {"global_perc": 1.0, "local_perc": 7.62660158633313e-05}, "RIGWAN": {"global_perc": 1.0, "local_perc": 0.0001525320317266626}, "ROHELA HAJI UTTAR": {"global_perc": 0.5, "local_perc": 7.62660158633313e-05}, "ROHUA": {"global_perc": 1.0, "local_perc": 7.62660158633313e-05}, "ROHUWA": {"global_perc": 1.0, "local_perc": 7.62660158633313e-05}, "ROORKEE": {"global_perc": 0.6666666666666666, "local_perc": 0.0001525320317266626}, "ROWAHALI": {"global_perc": 1.0, "local_perc": 7.62660158633313e-05}, "ROWAHLI": {"global_perc": 0.5, "local_perc": 7.62660158633313e-05}, "RUDRAWAR": {"global_perc": 1.0, "local_perc": 7.62660158633313e-05}, "RUKUNPURA": {"global_perc": 0.75, "local_perc": 0.0002287980475899939}, "SADAKAR": {"global_perc": 1.0, "local_perc": 7.62660158633313e-05}, "SADAT MALAUT": {"global_perc": 1.0, "local_perc": 7.62660158633313e-05}, "SAGAHRIYA": {"global_perc": 1.0, "local_perc": 7.62660158633313e-05}, "SAGAR PALI": {"global_perc": 1.0, "local_perc": 7.62660158633313e-05}, "SAHANSHAHPUR": {"global_perc": 1.0, "local_perc": 7.62660158633313e-05}, "SAHATWAR": {"global_perc": 1.0, "local_perc": 7.62660158633313e-05}, "SAIDPUR": {"global_perc": 0.0625, "local_perc": 7.62660158633313e-05}, "SAJAI": {"global_perc": 0.5, "local_perc": 7.62660158633313e-05}, "SAJIVAN": {"global_perc": 0.5, "local_perc": 7.62660158633313e-05}, "SAKALDEEHA": {"global_perc": 0.3333333333333333, "local_perc": 7.62660158633313e-05}, "SAKARPURA": {"global_perc": 0.5, "local_perc": 7.62660158633313e-05}, "SAKHRUA BUJURG": {"global_perc": 1.0, "local_perc": 7.62660158633313e-05}, "SALEMPUR": {"global_perc": 0.11538461538461539, "local_perc": 0.0002287980475899939}, "SALIAGOCHHA": {"global_perc": 1.0, "local_perc": 7.62660158633313e-05}, "SALVAHANPUR": {"global_perc": 1.0, "local_perc": 7.62660158633313e-05}, "SAMSEK PUR": {"global_perc": 1.0, "local_perc": 7.62660158633313e-05}, "SAMTHA": {"global_perc": 1.0, "local_perc": 7.62660158633313e-05}, "SANKESHWAR TOWN": {"global_perc": 1.0, "local_perc": 7.62660158633313e-05}, "SANSARIPUR": {"global_perc": 0.3333333333333333, "local_perc": 7.62660158633313e-05}, "SANTANPUR": {"global_perc": 1.0, "local_perc": 7.62660158633313e-05}, "SAPARUM": {"global_perc": 1.0, "local_perc": 0.0001525320317266626}, "SAPERU": {"global_perc": 0.5, "local_perc": 7.62660158633313e-05}, "SARAIYA": {"global_perc": 0.0625, "local_perc": 7.62660158633313e-05}, "SARAKPUR": {"global_perc": 0.6666666666666666, "local_perc": 0.0001525320317266626}, "SARANG PUR": {"global_perc": 1.0, "local_perc": 7.62660158633313e-05}, "SARANGPUR": {"global_perc": 0.3333333333333333, "local_perc": 0.0001525320317266626}, "SARANK": {"global_perc": 1.0, "local_perc": 7.62660158633313e-05}, "SARDAM": {"global_perc": 0.25, "local_perc": 7.62660158633313e-05}, "SARKAMI": {"global_perc": 0.5, "local_perc": 7.62660158633313e-05}, "SARWAR KAKAR GHATTI": {"global_perc": 1.0, "local_perc": 0.0003050640634533252}, "SARYA": {"global_perc": 0.3333333333333333, "local_perc": 7.62660158633313e-05}, "SAVAN": {"global_perc": 1.0, "local_perc": 7.62660158633313e-05}, "SAWATWAR": {"global_perc": 1.0, "local_perc": 7.62660158633313e-05}, "SEDMAKPUR": {"global_perc": 1.0, "local_perc": 7.62660158633313e-05}, "SEMARI": {"global_perc": 0.07692307692307693, "local_perc": 7.62660158633313e-05}, "SEMRI TIWARI": {"global_perc": 1.0, "local_perc": 0.0002287980475899939}, "SEMUAR KHANPUR": {"global_perc": 1.0, "local_perc": 7.62660158633313e-05}, "SERIYA": {"global_perc": 0.5, "local_perc": 7.62660158633313e-05}, "SEWAL": {"global_perc": 1.0, "local_perc": 7.62660158633313e-05}, "SHAHGARH": {"global_perc": 0.25, "local_perc": 7.62660158633313e-05}, "SHAHPAR TITIHA": {"global_perc": 1.0, "local_perc": 7.62660158633313e-05}, "SHAHPUR": {"global_perc": 0.08928571428571429, "local_perc": 0.0003813300793166565}, "SHAHPUR AFGA": {"global_perc": 1.0, "local_perc": 7.62660158633313e-05}, "SHANKARPUR": {"global_perc": 0.03225806451612903, "local_perc": 7.62660158633313e-05}, "SHASHIN": {"global_perc": 1.0, "local_perc": 7.62660158633313e-05}, "SHEETAL CHAWNI": {"global_perc": 1.0, "local_perc": 7.62660158633313e-05}, "SHEKHA KALA": {"global_perc": 1.0, "local_perc": 7.62660158633313e-05}, "SHEKPUR": {"global_perc": 1.0, "local_perc": 7.62660158633313e-05}, "SHIVRAM PATTI": {"global_perc": 1.0, "local_perc": 7.62660158633313e-05}, "SHIVRAMPUR": {"global_perc": 0.4, "local_perc": 0.0001525320317266626}, "SIHANCHAOUR KALAN": {"global_perc": 1.0, "local_perc": 7.62660158633313e-05}, "SIHANCHOUR KALAN": {"global_perc": 1.0, "local_perc": 7.62660158633313e-05}, "SIHANPUR": {"global_perc": 1.0, "local_perc": 7.62660158633313e-05}, "SIHORIYA": {"global_perc": 0.5, "local_perc": 7.62660158633313e-05}, "SIKANDARPUR": {"global_perc": 0.10526315789473684, "local_perc": 0.0001525320317266626}, "SIKRIA": {"global_perc": 0.5, "local_perc": 7.62660158633313e-05}, "SILADON": {"global_perc": 0.3333333333333333, "local_perc": 7.62660158633313e-05}, "SIMARIA": {"global_perc": 1.0, "local_perc": 7.62660158633313e-05}, "SINGAHI": {"global_perc": 0.5, "local_perc": 7.62660158633313e-05}, "SINGHAPUR": {"global_perc": 0.6666666666666666, "local_perc": 0.0001525320317266626}, "SIPAR": {"global_perc": 1.0, "local_perc": 7.62660158633313e-05}, "SISIA": {"global_perc": 0.3333333333333333, "local_perc": 7.62660158633313e-05}, "SIVAN KALA": {"global_perc": 1.0, "local_perc": 0.0001525320317266626}, "SIVAN KALAN": {"global_perc": 1.0, "local_perc": 7.62660158633313e-05}, "SIYORI": {"global_perc": 1.0, "local_perc": 7.62660158633313e-05}, "SIYORI PREM RAZA": {"global_perc": 1.0, "local_perc": 0.0001525320317266626}, "SODAG": {"global_perc": 1.0, "local_perc": 7.62660158633313e-05}, "SODHI": {"global_perc": 1.0, "local_perc": 7.62660158633313e-05}, "SOMAPALI": {"global_perc": 1.0, "local_perc": 7.62660158633313e-05}, "SONAPALI": {"global_perc": 1.0, "local_perc": 7.62660158633313e-05}, "SONBARSA": {"global_perc": 0.06666666666666667, "local_perc": 7.62660158633313e-05}, "SONWARSA": {"global_perc": 0.3333333333333333, "local_perc": 7.62660158633313e-05}, "SUGAPUR": {"global_perc": 1.0, "local_perc": 7.62660158633313e-05}, "SUJAYAT": {"global_perc": 1.0, "local_perc": 0.0001525320317266626}, "SUKHPURA": {"global_perc": 0.3333333333333333, "local_perc": 7.62660158633313e-05}, "SULTANPUR": {"global_perc": 0.017857142857142856, "local_perc": 7.62660158633313e-05}, "SUNNAM JOTE": {"global_perc": 1.0, "local_perc": 7.62660158633313e-05}, "SUPAPALI": {"global_perc": 1.0, "local_perc": 7.62660158633313e-05}, "SURAHI": {"global_perc": 1.0, "local_perc": 0.0001525320317266626}, "SURAPUR": {"global_perc": 0.5, "local_perc": 7.62660158633313e-05}, "SURATIYA": {"global_perc": 1.0, "local_perc": 7.62660158633313e-05}, "SURHIYA": {"global_perc": 0.3333333333333333, "local_perc": 7.62660158633313e-05}, "SURIYA": {"global_perc": 0.5, "local_perc": 7.62660158633313e-05}, "SURJANPUR": {"global_perc": 0.2, "local_perc": 7.62660158633313e-05}, "TADARWA": {"global_perc": 1.0, "local_perc": 7.62660158633313e-05}, "TAGHRAULI": {"global_perc": 1.0, "local_perc": 7.62660158633313e-05}, "TAHIRPUR": {"global_perc": 0.6666666666666666, "local_perc": 0.0001525320317266626}, "TAHTHRA": {"global_perc": 1.0, "local_perc": 7.62660158633313e-05}, "TAJPUR": {"global_perc": 0.08333333333333333, "local_perc": 7.62660158633313e-05}, "TAKARASAN": {"global_perc": 1.0, "local_perc": 7.62660158633313e-05}, "TAMBA": {"global_perc": 0.5, "local_perc": 7.62660158633313e-05}, "TANDWA": {"global_perc": 0.25, "local_perc": 0.0001525320317266626}, "TARAPUR": {"global_perc": 0.05, "local_perc": 7.62660158633313e-05}, "TARDILA": {"global_perc": 1.0, "local_perc": 7.62660158633313e-05}, "TARKOT": {"global_perc": 1.0, "local_perc": 7.62660158633313e-05}, "TARNA": {"global_perc": 0.5, "local_perc": 7.62660158633313e-05}, "TARTO": {"global_perc": 1.0, "local_perc": 7.62660158633313e-05}, "TEGRAHI": {"global_perc": 1.0, "local_perc": 7.62660158633313e-05}, "TEKURI": {"global_perc": 1.0, "local_perc": 7.62660158633313e-05}, "THARRIYA": {"global_perc": 1.0, "local_perc": 7.62660158633313e-05}, "TIBBI KALAN": {"global_perc": 0.25, "local_perc": 7.62660158633313e-05}, "TIKARI": {"global_perc": 0.125, "local_perc": 7.62660158633313e-05}, "TIKRI KHURD": {"global_perc": 1.0, "local_perc": 7.62660158633313e-05}, "TILAW KASDHAN": {"global_perc": 1.0, "local_perc": 7.62660158633313e-05}, "TIPIJHARI": {"global_perc": 1.0, "local_perc": 7.62660158633313e-05}, "TIUYRAK": {"global_perc": 1.0, "local_perc": 7.62660158633313e-05}, "TIWARIPUR": {"global_perc": 0.06666666666666667, "local_perc": 7.62660158633313e-05}, "TIYRAKALA": {"global_perc": 1.0, "local_perc": 0.0001525320317266626}, "TODAVA": {"global_perc": 1.0, "local_perc": 7.62660158633313e-05}, "TOE MAKHOWAL": {"global_perc": 0.5, "local_perc": 7.62660158633313e-05}, "TOKRI KALA": {"global_perc": 1.0, "local_perc": 7.62660158633313e-05}, "TOLA SIPAHIYA": {"global_perc": 0.5, "local_perc": 7.62660158633313e-05}, "TRILOK MANDA": {"global_perc": 1.0, "local_perc": 7.62660158633313e-05}, "TUKBERA": {"global_perc": 0.5, "local_perc": 7.62660158633313e-05}, "TURKI DAULATPUR": {"global_perc": 1.0, "local_perc": 7.62660158633313e-05}, "TUSMU": {"global_perc": 1.0, "local_perc": 7.62660158633313e-05}, "Tengkigittim": {"global_perc": 0.16666666666666666, "local_perc": 7.62660158633313e-05}, "Tibbi Kalan": {"global_perc": 1.0, "local_perc": 7.62660158633313e-05}, "UCHERA": {"global_perc": 1.0, "local_perc": 7.62660158633313e-05}, "UDAYPUR": {"global_perc": 0.16666666666666666, "local_perc": 0.0001525320317266626}, "UDHARAN": {"global_perc": 1.0, "local_perc": 7.62660158633313e-05}, "UDHRAN": {"global_perc": 1.0, "local_perc": 7.62660158633313e-05}, "UKACHHI": {"global_perc": 1.0, "local_perc": 7.62660158633313e-05}, "UKTHI": {"global_perc": 1.0, "local_perc": 7.62660158633313e-05}, "UMAR PUR": {"global_perc": 1.0, "local_perc": 7.62660158633313e-05}, "URMAR": {"global_perc": 1.0, "local_perc": 7.62660158633313e-05}, "USRAULI": {"global_perc": 1.0, "local_perc": 7.62660158633313e-05}, "VAAR": {"global_perc": 0.3333333333333333, "local_perc": 7.62660158633313e-05}, "VAKARPUR": {"global_perc": 1.0, "local_perc": 7.62660158633313e-05}, "VAMNIYAB": {"global_perc": 1.0, "local_perc": 7.62660158633313e-05}, "VAMTARI": {"global_perc": 1.0, "local_perc": 7.62660158633313e-05}, "VANSIPUR": {"global_perc": 1.0, "local_perc": 0.0001525320317266626}, "VARESAR KHAS": {"global_perc": 1.0, "local_perc": 7.62660158633313e-05}, "VEERAPATTI": {"global_perc": 1.0, "local_perc": 0.0001525320317266626}, "VEERPUR": {"global_perc": 0.058823529411764705, "local_perc": 7.62660158633313e-05}, "VEERSINGHPUR": {"global_perc": 0.3333333333333333, "local_perc": 7.62660158633313e-05}, "VELLALAPATTI": {"global_perc": 0.5, "local_perc": 7.62660158633313e-05}, "VERSARA KALA": {"global_perc": 1.0, "local_perc": 7.62660158633313e-05}, "VERUAWARI": {"global_perc": 1.0, "local_perc": 7.62660158633313e-05}, "VIRAMPUR": {"global_perc": 1.0, "local_perc": 7.62660158633313e-05}, "VIRPUR": {"global_perc": 0.2, "local_perc": 7.62660158633313e-05}, "VISHANUPUR": {"global_perc": 1.0, "local_perc": 0.0001525320317266626}, "VISHUNPUR": {"global_perc": 0.09090909090909091, "local_perc": 7.62660158633313e-05}, "VISHUNPURA": {"global_perc": 0.16666666666666666, "local_perc": 7.62660158633313e-05}, "WAHWALPUR": {"global_perc": 1.0, "local_perc": 7.62660158633313e-05}, "YADVA": {"global_perc": 1.0, "local_perc": 7.62660158633313e-05}}, "partition_field": "Near_Vil_Tow_Nam_hav_Prim_School", "Vil_Nam": "Gundi Zuni Reshi", "Stat_Nam": "JAMMU & KASHMIR"}, {"data": [["Mat_An_Chil_Wel_Cen_Doc_Tot_Stren_Num", 9.0], ["Mat_An_Chil_Wel_Cen_Par_Med_Staf_Tot_Stren_Num", 8.0], 1.125], "data_low": {"Stat_Nam": "JHARKHAND", "Vil_Nam": "Bero", "Mat_An_Chil_Wel_Cen_Doc_Tot_Stren_Num": "6", "Mat_An_Chil_Wel_Cen_Par_Med_Staf_Tot_Stren_Num": "5", "id": 372151}, "data_high": {"Stat_Nam": "UTTAR PRADESH", "Vil_Nam": "Sarosi", "Mat_An_Chil_Wel_Cen_Doc_Tot_Stren_Num": "9", "Mat_An_Chil_Wel_Cen_Par_Med_Staf_Tot_Stren_Num": "8", "id": 141358}, "perc": 0.0008029226384037898, "metric": 99.9991969523376, "value_global_local": {}, "partition_field": null, "Vil_Nam": "Sarosi", "Stat_Nam": "UTTAR PRADESH"}, {"data": [["Mat_An_Chil_Wel_Cen_Doc_Tot_Stren_Num", 5.0], ["Mat_An_Chil_Wel_Cen_Par_Med_Staf_Tot_Stren_Num", 4.0], 1.25], "data_low": {"Stat_Nam": "UTTARAKHAND", "Vil_Nam": "Sirodi", "Mat_An_Chil_Wel_Cen_Doc_Tot_Stren_Num": "4", "Mat_An_Chil_Wel_Cen_Par_Med_Staf_Tot_Stren_Num": "3", "id": 54239}, "data_high": {"Stat_Nam": "UTTAR PRADESH", "Vil_Nam": "Biraich", "Mat_An_Chil_Wel_Cen_Doc_Tot_Stren_Num": "9", "Mat_An_Chil_Wel_Cen_Par_Med_Staf_Tot_Stren_Num": "7", "id": 204150}, "perc": 0.0027299369705728856, "metric": 99.99726981298626, "value_global_local": {}, "partition_field": null, "Vil_Nam": "Bhinga Dehati", "Stat_Nam": "UTTAR PRADESH"}, {"data": [["Mat_An_Chil_Wel_Cen_Doc_Tot_Stren_Num", 3.0], ["Mat_An_Chil_Wel_Cen_Par_Med_Staf_Tot_Stren_Num", 2.0], 1.5], "data_low": {"Stat_Nam": "JAMMU & KASHMIR", "Vil_Nam": "Shoolora", "Mat_An_Chil_Wel_Cen_Doc_Tot_Stren_Num": "3", "Mat_An_Chil_Wel_Cen_Par_Med_Staf_Tot_Stren_Num": "2", "id": 93}, "data_high": {"Stat_Nam": "BIHAR", "Vil_Nam": "Tola Utimpanre", "Mat_An_Chil_Wel_Cen_Doc_Tot_Stren_Num": "9", "Mat_An_Chil_Wel_Cen_Par_Med_Staf_Tot_Stren_Num": "6", "id": 216319}, "perc": 0.009795656188526236, "metric": 99.99020384376044, "value_global_local": {"BIHAR": {"global_perc": 0.000356553906493738, "local_perc": 0.26229508196721313}, "HARYANA": {"global_perc": 0.000146177459435755, "local_perc": 0.01639344262295082}, "HIMACHAL PRADESH": {"global_perc": 4.833252779120348e-05, "local_perc": 0.01639344262295082}, "JAMMU & KASHMIR": {"global_perc": 0.00015260186174271325, "local_perc": 0.01639344262295082}, "JHARKHAND": {"global_perc": 0.00021608939927147004, "local_perc": 0.11475409836065574}, "MADHYA PRADESH": {"global_perc": 0.00029142305520645504, "local_perc": 0.26229508196721313}, "Punjab": {"global_perc": 7.948493760432397e-05, "local_perc": 0.01639344262295082}, "SIKKIM": {"global_perc": 0.0022172949002217295, "local_perc": 0.01639344262295082}, "TRIPURA": {"global_perc": 0.001142857142857143, "local_perc": 0.01639344262295082}, "UTTAR PRADESH": {"global_perc": 7.492460711409145e-05, "local_perc": 0.13114754098360656}, "UTTARAKHAND": {"global_perc": 0.00017864586434824034, "local_perc": 0.04918032786885246}, "West Bengal": {"global_perc": 0.00012432244268735393, "local_perc": 0.08196721311475409}}, "partition_field": "Stat_Nam", "Vil_Nam": "Shoolora", "Stat_Nam": "JAMMU & KASHMIR"}, {"data": [["Mat_An_Chil_Wel_Cen_Doc_Tot_Stren_Num", 5.0], ["Mat_An_Chil_Wel_Cen_Par_Med_Staf_Tot_Stren_Num", 3.0], 1.6666666666666667], "data_low": {"Stat_Nam": "UTTARAKHAND", "Vil_Nam": "Makanpur Mahmood Alampur", "Mat_An_Chil_Wel_Cen_Doc_Tot_Stren_Num": "5", "Mat_An_Chil_Wel_Cen_Par_Med_Staf_Tot_Stren_Num": "3", "id": 56046}, "data_high": {"Stat_Nam": "BIHAR", "Vil_Nam": "Madhopur Hazari", "Mat_An_Chil_Wel_Cen_Doc_Tot_Stren_Num": "7", "Mat_An_Chil_Wel_Cen_Par_Med_Staf_Tot_Stren_Num": "4", "id": 226988}, "perc": 0.0014452607491268216, "metric": 99.9985540724605, "value_global_local": {}, "partition_field": null, "Vil_Nam": "Makanpur Mahmood Alampur", "Stat_Nam": "UTTARAKHAND"}, {"data": [["Mat_An_Chil_Wel_Cen_Doc_Tot_Stren_Num", 2.0], ["Mat_An_Chil_Wel_Cen_Par_Med_Staf_Tot_Stren_Num", 1.0], 2.0], "data_low": {"Stat_Nam": "JAMMU & KASHMIR", "Vil_Nam": "Palar", "Mat_An_Chil_Wel_Cen_Doc_Tot_Stren_Num": "2", "Mat_An_Chil_Wel_Cen_Par_Med_Staf_Tot_Stren_Num": "1", "id": 658}, "data_high": {"Stat_Nam": "UTTAR PRADESH", "Vil_Nam": "Bar", "Mat_An_Chil_Wel_Cen_Doc_Tot_Stren_Num": "6", "Mat_An_Chil_Wel_Cen_Par_Med_Staf_Tot_Stren_Num": "3", "id": 152208}, "perc": 0.027459954233409613, "metric": 99.97253904584122, "value_global_local": {"ASSAM": {"global_perc": 3.7885963250615644e-05, "local_perc": 0.005847953216374269}, "BIHAR": {"global_perc": 0.00037883852564959665, "local_perc": 0.09941520467836257}, "HARYANA": {"global_perc": 0.000730887297178775, "local_perc": 0.029239766081871343}, "HIMACHAL PRADESH": {"global_perc": 9.666505558240696e-05, "local_perc": 0.011695906432748537}, "JAMMU & KASHMIR": {"global_perc": 0.0009156111704562796, "local_perc": 0.03508771929824561}, "JHARKHAND": {"global_perc": 0.0008643575970858801, "local_perc": 0.16374269005847952}, "MADHYA PRADESH": {"global_perc": 0.0006557018742145238, "local_perc": 0.21052631578947367}, "ODISHA": {"global_perc": 1.948823884785532e-05, "local_perc": 0.005847953216374269}, "Punjab": {"global_perc": 7.948493760432397e-05, "local_perc": 0.005847953216374269}, "TRIPURA": {"global_perc": 0.0034285714285714284, "local_perc": 0.017543859649122806}, "UTTAR PRADESH": {"global_perc": 0.00025287054901005864, "local_perc": 0.15789473684210525}, "UTTARAKHAND": {"global_perc": 0.002262847615077711, "local_perc": 0.2222222222222222}, "West Bengal": {"global_perc": 0.0001491869312248247, "local_perc": 0.03508771929824561}}, "partition_field": "Stat_Nam", "Vil_Nam": "Palar", "Stat_Nam": "JAMMU & KASHMIR"}, {"data": [["Mat_An_Chil_Wel_Cen_Doc_Tot_Stren_Num", 12.0], ["Mat_An_Chil_Wel_Cen_Par_Med_Staf_Tot_Stren_Num", 5.0], 2.4], "data_low": {"Stat_Nam": "TRIPURA", "Vil_Nam": "Debendrachandranagar (Part)", "Mat_An_Chil_Wel_Cen_Doc_Tot_Stren_Num": "12", "Mat_An_Chil_Wel_Cen_Par_Med_Staf_Tot_Stren_Num": "5", "id": 270790}, "data_high": {"Stat_Nam": "HIMACHAL PRADESH", "Vil_Nam": "Baldwara (478)", "Mat_An_Chil_Wel_Cen_Doc_Tot_Stren_Num": "5", "Mat_An_Chil_Wel_Cen_Par_Med_Staf_Tot_Stren_Num": "2", "id": 14030}, "perc": 0.0024087679152113694, "metric": 99.99758983183847, "value_global_local": {}, "partition_field": null, "Vil_Nam": "Debendrachandranagar (Part)", "Stat_Nam": "TRIPURA"}, {"data": [["Mat_An_Chil_Wel_Cen_Doc_Tot_Stren_Num", 8.0], ["Mat_An_Chil_Wel_Cen_Par_Med_Staf_Tot_Stren_Num", 3.0], 2.6666666666666665], "data_low": {"Stat_Nam": "Punjab", "Vil_Nam": "Heir (347)", "Mat_An_Chil_Wel_Cen_Doc_Tot_Stren_Num": "8", "Mat_An_Chil_Wel_Cen_Par_Med_Staf_Tot_Stren_Num": "3", "id": 37406}, "data_high": {"Stat_Nam": "Punjab", "Vil_Nam": "Heir (347)", "Mat_An_Chil_Wel_Cen_Doc_Tot_Stren_Num": "8", "Mat_An_Chil_Wel_Cen_Par_Med_Staf_Tot_Stren_Num": "3", "id": 37406}, "perc": 0.0003211690553615159, "metric": 99.99967716394993, "value_global_local": {}, "partition_field": null, "Vil_Nam": "Heir (347)", "Stat_Nam": "Punjab"}, {"data": [["Mat_An_Chil_Wel_Cen_Doc_Tot_Stren_Num", 3.0], ["Mat_An_Chil_Wel_Cen_Par_Med_Staf_Tot_Stren_Num", 1.0], 3.0], "data_low": {"Stat_Nam": "Punjab", "Vil_Nam": "Siyonti Tarf Narot (78)", "Mat_An_Chil_Wel_Cen_Doc_Tot_Stren_Num": "3", "Mat_An_Chil_Wel_Cen_Par_Med_Staf_Tot_Stren_Num": "1", "id": 27491}, "data_high": {"Stat_Nam": "Punjab", "Vil_Nam": "Siyonti Tarf Narot (78)", "Mat_An_Chil_Wel_Cen_Doc_Tot_Stren_Num": "3", "Mat_An_Chil_Wel_Cen_Par_Med_Staf_Tot_Stren_Num": "1", "id": 27491}, "perc": 0.004175197719699706, "metric": 99.99582280196375, "value_global_local": {"BIHAR": {"global_perc": 2.2284619155858625e-05, "local_perc": 0.038461538461538464}, "JHARKHAND": {"global_perc": 0.00021608939927147004, "local_perc": 0.2692307692307692}, "MADHYA PRADESH": {"global_perc": 0.00021856729140484125, "local_perc": 0.46153846153846156}, "Punjab": {"global_perc": 7.948493760432397e-05, "local_perc": 0.038461538461538464}, "UTTAR PRADESH": {"global_perc": 1.8731151778522863e-05, "local_perc": 0.07692307692307693}, "UTTARAKHAND": {"global_perc": 5.954862144941345e-05, "local_perc": 0.038461538461538464}, "West Bengal": {"global_perc": 4.972897707494157e-05, "local_perc": 0.07692307692307693}}, "partition_field": "Stat_Nam", "Vil_Nam": "Siyonti Tarf Narot (78)", "Stat_Nam": "Punjab"}, {"data": [["Mat_An_Chil_Wel_Cen_Doc_Tot_Stren_Num", 10.0], ["Mat_An_Chil_Wel_Cen_Par_Med_Staf_Tot_Stren_Num", 3.0], 3.3333333333333335], "data_low": {"Stat_Nam": "UTTAR PRADESH", "Vil_Nam": "Bisenpur", "Mat_An_Chil_Wel_Cen_Doc_Tot_Stren_Num": "10", "Mat_An_Chil_Wel_Cen_Par_Med_Staf_Tot_Stren_Num": "3", "id": 202245}, "data_high": {"Stat_Nam": "UTTAR PRADESH", "Vil_Nam": "Bisenpur", "Mat_An_Chil_Wel_Cen_Doc_Tot_Stren_Num": "10", "Mat_An_Chil_Wel_Cen_Par_Med_Staf_Tot_Stren_Num": "3", "id": 202245}, "perc": 0.00016058452768075794, "metric": 99.999837081676, "value_global_local": {}, "partition_field": null, "Vil_Nam": "Bisenpur", "Stat_Nam": "UTTAR PRADESH"}, {"data": [["Mat_An_Chil_Wel_Cen_Doc_Tot_Stren_Num", 4.0], ["Mat_An_Chil_Wel_Cen_Par_Med_Staf_Tot_Stren_Num", 1.0], 4.0], "data_low": {"Stat_Nam": "Punjab", "Vil_Nam": "Sekhwan (474)", "Mat_An_Chil_Wel_Cen_Doc_Tot_Stren_Num": "4", "Mat_An_Chil_Wel_Cen_Par_Med_Staf_Tot_Stren_Num": "1", "id": 28186}, "data_high": {"Stat_Nam": "UTTAR PRADESH", "Vil_Nam": "Thansera", "Mat_An_Chil_Wel_Cen_Doc_Tot_Stren_Num": "8", "Mat_An_Chil_Wel_Cen_Par_Med_Staf_Tot_Stren_Num": "2", "id": 124139}, "perc": 0.007386888273314867, "metric": 99.99261011134824, "value_global_local": {"BIHAR": {"global_perc": 2.2284619155858625e-05, "local_perc": 0.021739130434782608}, "HARYANA": {"global_perc": 0.000146177459435755, "local_perc": 0.021739130434782608}, "JHARKHAND": {"global_perc": 0.00108044699635735, "local_perc": 0.7608695652173914}, "MADHYA PRADESH": {"global_perc": 5.464182285121031e-05, "local_perc": 0.06521739130434782}, "Punjab": {"global_perc": 0.0003179397504172959, "local_perc": 0.08695652173913043}, "UTTAR PRADESH": {"global_perc": 9.365575889261431e-06, "local_perc": 0.021739130434782608}, "West Bengal": {"global_perc": 2.4864488537470783e-05, "local_perc": 0.021739130434782608}}, "partition_field": "Stat_Nam", "Vil_Nam": "Sekhwan (474)", "Stat_Nam": "Punjab"}, {"data": [["Mat_An_Chil_Wel_Cen_Doc_Tot_Stren_Num", 5.0], ["Mat_An_Chil_Wel_Cen_Par_Med_Staf_Tot_Stren_Num", 1.0], 5.0], "data_low": {"Stat_Nam": "Punjab", "Vil_Nam": "Khizarabad (322)", "Mat_An_Chil_Wel_Cen_Doc_Tot_Stren_Num": "5", "Mat_An_Chil_Wel_Cen_Par_Med_Staf_Tot_Stren_Num": "1", "id": 38774}, "data_high": {"Stat_Nam": "Punjab", "Vil_Nam": "Khizarabad (322)", "Mat_An_Chil_Wel_Cen_Doc_Tot_Stren_Num": "5", "Mat_An_Chil_Wel_Cen_Par_Med_Staf_Tot_Stren_Num": "1", "id": 38774}, "perc": 0.0022481833875306113, "metric": 99.99774781590229, "value_global_local": {}, "partition_field": null, "Vil_Nam": "Khizarabad (322)", "Stat_Nam": "Punjab"}, {"data": [["Mat_An_Chil_Wel_Cen_Doc_Tot_Stren_Num", 6.0], ["Mat_An_Chil_Wel_Cen_Par_Med_Staf_Tot_Stren_Num", 1.0], 6.0], "data_low": {"Stat_Nam": "BIHAR", "Vil_Nam": "Minapur", "Mat_An_Chil_Wel_Cen_Doc_Tot_Stren_Num": "6", "Mat_An_Chil_Wel_Cen_Par_Med_Staf_Tot_Stren_Num": "1", "id": 227811}, "data_high": {"Stat_Nam": "BIHAR", "Vil_Nam": "Minapur", "Mat_An_Chil_Wel_Cen_Doc_Tot_Stren_Num": "6", "Mat_An_Chil_Wel_Cen_Par_Med_Staf_Tot_Stren_Num": "1", "id": 227811}, "perc": 0.0008029226384037898, "metric": 99.99919207640161, "value_global_local": {}, "partition_field": null, "Vil_Nam": "Minapur", "Stat_Nam": "BIHAR"}, {"data": [["Mat_An_Chil_Wel_Cen_Doc_Tot_Stren_Num", 7.0], ["Mat_An_Chil_Wel_Cen_Par_Med_Staf_Tot_Stren_Num", 1.0], 7.0], "data_low": {"Stat_Nam": "Punjab", "Vil_Nam": "Ayali Khurd (153)", "Mat_An_Chil_Wel_Cen_Doc_Tot_Stren_Num": "7", "Mat_An_Chil_Wel_Cen_Par_Med_Staf_Tot_Stren_Num": "1", "id": 33424}, "data_high": {"Stat_Nam": "Punjab", "Vil_Nam": "Ayali Khurd (153)", "Mat_An_Chil_Wel_Cen_Doc_Tot_Stren_Num": "7", "Mat_An_Chil_Wel_Cen_Par_Med_Staf_Tot_Stren_Num": "1", "id": 33424}, "perc": 0.0003211690553615159, "metric": 99.99967282976372, "value_global_local": {}, "partition_field": null, "Vil_Nam": "Ayali Khurd (153)", "Stat_Nam": "Punjab"}, {"data": [["Mat_An_Chil_Wel_Cen_Doc_Tot_Stren_Num", 8.0], ["Mat_An_Chil_Wel_Cen_Par_Med_Staf_Tot_Stren_Num", 1.0], 8.0], "data_low": {"Stat_Nam": "BIHAR", "Vil_Nam": "Parsauni", "Mat_An_Chil_Wel_Cen_Doc_Tot_Stren_Num": "8", "Mat_An_Chil_Wel_Cen_Par_Med_Staf_Tot_Stren_Num": "1", "id": 230253}, "data_high": {"Stat_Nam": "BIHAR", "Vil_Nam": "Parsauni", "Mat_An_Chil_Wel_Cen_Doc_Tot_Stren_Num": "8", "Mat_An_Chil_Wel_Cen_Par_Med_Staf_Tot_Stren_Num": "1", "id": 230253}, "perc": 0.00016058452768075794, "metric": 99.99983241408336, "value_global_local": {}, "partition_field": null, "Vil_Nam": "Parsauni", "Stat_Nam": "BIHAR"}, {"data": [["Mat_An_Chil_Wel_Cen_Doc_Tot_Stren_Num", 11.0], ["Mat_An_Chil_Wel_Cen_Par_Med_Staf_Tot_Stren_Num", 1.0], 11.0], "data_low": {"Stat_Nam": "UTTAR PRADESH", "Vil_Nam": "Bhadev", "Mat_An_Chil_Wel_Cen_Doc_Tot_Stren_Num": "11", "Mat_An_Chil_Wel_Cen_Par_Med_Staf_Tot_Stren_Num": "1", "id": 204041}, "data_high": {"Stat_Nam": "UTTAR PRADESH", "Vil_Nam": "Bhadev", "Mat_An_Chil_Wel_Cen_Doc_Tot_Stren_Num": "11", "Mat_An_Chil_Wel_Cen_Par_Med_Staf_Tot_Stren_Num": "1", "id": 204041}, "perc": 0.00016058452768075794, "metric": 99.99982941348809, "value_global_local": {}, "partition_field": null, "Vil_Nam": "Bhadev", "Stat_Nam": "UTTAR PRADESH"}, {"data": [["Mat_An_Chil_Wel_Cen_Doc_Tot_Stren_Num", 1.0], ["Mat_An_Chil_Wel_Cen_Par_Med_Staf_Tot_Stren_Num", 0], 9999], "data_low": {"Stat_Nam": "JAMMU & KASHMIR", "Vil_Nam": "Trapay", "Mat_An_Chil_Wel_Cen_Doc_Tot_Stren_Num": "1", "Mat_An_Chil_Wel_Cen_Par_Med_Staf_Tot_Stren_Num": "", "id": 379}, "data_high": {"Stat_Nam": "UTTAR PRADESH", "Vil_Nam": "Ranibari", "Mat_An_Chil_Wel_Cen_Doc_Tot_Stren_Num": "9", "Mat_An_Chil_Wel_Cen_Par_Med_Staf_Tot_Stren_Num": "0", "id": 210432}, "perc": 0.16090569673611949, "metric": 99.8291103939334, "value_global_local": {"ANDAMAN & NICOBAR ISLANDS": {"global_perc": 0.007207207207207207, "local_perc": 0.003992015968063872}, "BIHAR": {"global_perc": 0.0010028078620136383, "local_perc": 0.04491017964071856}, "HIMACHAL PRADESH": {"global_perc": 0.0014016433059449009, "local_perc": 0.028942115768463075}, "JAMMU & KASHMIR": {"global_perc": 0.0007630093087135663, "local_perc": 0.00499001996007984}, "JHARKHAND": {"global_perc": 0.0017595851083533989, "local_perc": 0.05688622754491018}, "MADHYA PRADESH": {"global_perc": 0.003733857894832705, "local_perc": 0.20459081836327345}, "MIZORAM": {"global_perc": 0.0036144578313253013, "local_perc": 0.0029940119760479044}, "NAGALAND": {"global_perc": 0.0014005602240896359, "local_perc": 0.001996007984031936}, "TRIPURA": {"global_perc": 0.001142857142857143, "local_perc": 0.000998003992015968}, "UTTAR PRADESH": {"global_perc": 0.004064659935939461, "local_perc": 0.43313373253493015}, "UTTARAKHAND": {"global_perc": 0.00017864586434824034, "local_perc": 0.0029940119760479044}, "West Bengal": {"global_perc": 0.005321000547018748, "local_perc": 0.21357285429141717}}, "partition_field": "Stat_Nam", "Vil_Nam": "Trapay", "Stat_Nam": "JAMMU & KASHMIR"}, {"data": [["Mat_An_Chil_Wel_Cen_Doc_Tot_Stren_Num", 0], ["Mat_An_Chil_Wel_Cen_Par_Med_Staf_Tot_Stren_Num", 0], 99980001], "data_low": {"Stat_Nam": "JAMMU & KASHMIR", "Vil_Nam": "Bore", "Mat_An_Chil_Wel_Cen_Doc_Tot_Stren_Num": "", "Mat_An_Chil_Wel_Cen_Par_Med_Staf_Tot_Stren_Num": "", "id": 0}, "data_high": {"Stat_Nam": "JAMMU & KASHMIR", "Vil_Nam": "Palmar", "Mat_An_Chil_Wel_Cen_Doc_Tot_Stren_Num": "Mat_st", "Mat_An_Chil_Wel_Cen_Par_Med_Staf_Tot_Stren_Num": "Mat_pst", "id": 4582}, "perc": 94.86996667871051, "metric": 9.488894351852478e-07, "value_global_local": {"null": {"global_perc": 0.948699666787105, "local_perc": 1.0}}, "partition_field": "Dist_Other", "Vil_Nam": "Bore", "Stat_Nam": "JAMMU & KASHMIR"}]