[{"data": [["Prim_Heal_Cen_Num", 0.0], ["Prim_Heal_Cen_Par_Med_Staf_In_Pos_Num", 8.0], 0.0], "data_low": {"Stat_Nam": "UTTAR PRADESH", "Vil_Nam": "Nagla Maha Singh Pur", "Prim_Heal_Cen_Num": "", "Prim_Heal_Cen_Par_Med_Staf_In_Pos_Num": "2", "id": 147152}, "data_high": {"Stat_Nam": "KERALA", "Vil_Nam": "Pampadumpara", "Prim_Heal_Cen_Num": "2", "Prim_Heal_Cen_Par_Med_Staf_In_Pos_Num": "40", "id": 605731}, "perc": 0.18868682002489062, "metric": 99.8113141782879, "value_global_local": {"ANDAMAN & NICOBAR ISLANDS": {"global_perc": 0.010810810810810811, "local_perc": 0.005106382978723404}, "ANDHRA PRADESH": {"global_perc": 0.0008633093525179857, "local_perc": 0.020425531914893616}, "Arunachal Pradesh": {"global_perc": 0.0003578457684737878, "local_perc": 0.001702127659574468}, "BIHAR": {"global_perc": 0.0005571154788964656, "local_perc": 0.02127659574468085}, "CHHATTISGARH": {"global_perc": 0.001440922190201729, "local_perc": 0.02468085106382979}, "Dadra & Nagar Haveli": {"global_perc": 0.015384615384615385, "local_perc": 0.000851063829787234}, "GOA": {"global_perc": 0.014970059880239521, "local_perc": 0.00425531914893617}, "HARYANA": {"global_perc": 0.006870340593480485, "local_perc": 0.04}, "HIMACHAL PRADESH": {"global_perc": 0.00014499758337361044, "local_perc": 0.002553191489361702}, "JAMMU & KASHMIR": {"global_perc": 0.008850907981077369, "local_perc": 0.04936170212765958}, "JHARKHAND": {"global_perc": 0.0003704389701796629, "local_perc": 0.010212765957446808}, "KARNATAKA": {"global_perc": 0.000136332651670075, "local_perc": 0.003404255319148936}, "KERALA": {"global_perc": 0.1925343811394892, "local_perc": 0.16680851063829788}, "MADHYA PRADESH": {"global_perc": 9.106970475201719e-05, "local_perc": 0.00425531914893617}, "MANIPUR": {"global_perc": 0.001162340178225494, "local_perc": 0.002553191489361702}, "MIZORAM": {"global_perc": 0.00963855421686747, "local_perc": 0.006808510638297872}, "Maharashtra": {"global_perc": 0.006870491240123669, "local_perc": 0.2553191489361702}, "NAGALAND": {"global_perc": 0.024509803921568627, "local_perc": 0.029787234042553193}, "PUDUCHERRY": {"global_perc": 0.15555555555555556, "local_perc": 0.011914893617021277}, "Punjab": {"global_perc": 0.0007948493760432398, "local_perc": 0.00851063829787234}, "RAJASTHAN": {"global_perc": 0.002708631805157593, "local_perc": 0.10297872340425532}, "SIKKIM": {"global_perc": 0.0022172949002217295, "local_perc": 0.000851063829787234}, "TRIPURA": {"global_perc": 0.011428571428571429, "local_perc": 0.00851063829787234}, "Tamil Nadu": {"global_perc": 0.0037549283434507794, "local_perc": 0.05106382978723404}, "UTTAR PRADESH": {"global_perc": 0.0010114821960402346, "local_perc": 0.09191489361702128}, "UTTARAKHAND": {"global_perc": 0.00017864586434824034, "local_perc": 0.002553191489361702}, "West Bengal": {"global_perc": 0.0021134815256850167, "local_perc": 0.07234042553191489}}, "partition_field": "Stat_Nam", "Vil_Nam": "Rehroda Kalan(12)", "Stat_Nam": "HARYANA"}, {"data": [["Prim_Heal_Cen_Num", 3.0], ["Prim_Heal_Cen_Par_Med_Staf_In_Pos_Num", 28.0], 0.10714285714285714], "data_low": {"Stat_Nam": "JAMMU & KASHMIR", "Vil_Nam": "Lal Pora", "Prim_Heal_Cen_Num": "1", "Prim_Heal_Cen_Par_Med_Staf_In_Pos_Num": "9", "id": 23}, "data_high": {"Stat_Nam": "Tamil Nadu", "Vil_Nam": "Kavandapadi", "Prim_Heal_Cen_Num": "3", "Prim_Heal_Cen_Par_Med_Staf_In_Pos_Num": "28", "id": 612267}, "perc": 0.7987474406840901, "metric": 99.20125344521855, "value_global_local": {"": {"global_perc": 0.009497425500789053, "local_perc": 0.9945717732207479}, "AMBALA": {"global_perc": 0.2, "local_perc": 0.0002010454362685967}, "ANACHI": {"global_perc": 0.5, "local_perc": 0.0002010454362685967}, "B.BAGEWADI": {"global_perc": 0.5, "local_perc": 0.0002010454362685967}, "BHEEMAWALA": {"global_perc": 1.0, "local_perc": 0.0002010454362685967}, "BISNAH": {"global_perc": 0.2, "local_perc": 0.0002010454362685967}, "BOLLA": {"global_perc": 1.0, "local_perc": 0.0004020908725371934}, "BORAGAONWADI": {"global_perc": 1.0, "local_perc": 0.0002010454362685967}, "DEOTH": {"global_perc": 0.3333333333333333, "local_perc": 0.0002010454362685967}, "DEVPUR SANWAL": {"global_perc": 0.08333333333333333, "local_perc": 0.0002010454362685967}, "Dhanaka": {"global_perc": 1.0, "local_perc": 0.0002010454362685967}, "JANUBAZAR": {"global_perc": 1.0, "local_perc": 0.0002010454362685967}, "JHALUAJHALA": {"global_perc": 0.5, "local_perc": 0.0002010454362685967}, "KALADHUNGI": {"global_perc": 0.1111111111111111, "local_perc": 0.0002010454362685967}, "KARALA GAON": {"global_perc": 0.2, "local_perc": 0.0002010454362685967}, "KUMIZHI": {"global_perc": 1.0, "local_perc": 0.0002010454362685967}, "KUTHAL GAON": {"global_perc": 0.14285714285714285, "local_perc": 0.0002010454362685967}, "MELTHA": {"global_perc": 0.5, "local_perc": 0.0002010454362685967}, "N.A.": {"global_perc": 9.471490812653911e-05, "local_perc": 0.0002010454362685967}, "PANIPAT": {"global_perc": 0.2, "local_perc": 0.0002010454362685967}, "PISTANA": {"global_perc": 0.2, "local_perc": 0.0002010454362685967}, "PREMPUR": {"global_perc": 0.2, "local_perc": 0.0002010454362685967}, "RAMGARHA": {"global_perc": 1.0, "local_perc": 0.0002010454362685967}, "RAWAL BAZAR": {"global_perc": 0.16666666666666666, "local_perc": 0.0002010454362685967}, "SHAIKHPUR": {"global_perc": 0.5, "local_perc": 0.0002010454362685967}, "USODU": {"global_perc": 0.125, "local_perc": 0.0002010454362685967}, "VELLALAPATTI": {"global_perc": 0.5, "local_perc": 0.0002010454362685967}}, "partition_field": "Near_Vil_Tow_Nam_hav_Prim_School", "Vil_Nam": "Kavandapadi", "Stat_Nam": "Tamil Nadu"}, {"data": [["Prim_Heal_Cen_Num", 2.0], ["Prim_Heal_Cen_Par_Med_Staf_In_Pos_Num", 9.0], 0.2222222222222222], "data_low": {"Stat_Nam": "JAMMU & KASHMIR", "Vil_Nam": "Halmat Pora", "Prim_Heal_Cen_Num": "1", "Prim_Heal_Cen_Par_Med_Staf_In_Pos_Num": "4", "id": 55}, "data_high": {"Stat_Nam": "KERALA", "Vil_Nam": "Kannan Devan Hills", "Prim_Heal_Cen_Num": "2", "Prim_Heal_Cen_Par_Med_Staf_In_Pos_Num": "9", "id": 605709}, "perc": 0.5162792564936369, "metric": 99.48372151742342, "value_global_local": {"": {"global_perc": 0.00604172186193312, "local_perc": 0.9788491446345257}, "ANDIPATTI": {"global_perc": 0.25, "local_perc": 0.00031104199066874026}, "AREKALHOSAHALLI": {"global_perc": 0.5, "local_perc": 0.00031104199066874026}, "ASUTO HQ.": {"global_perc": 1.0, "local_perc": 0.00031104199066874026}, "BHANPURKHA": {"global_perc": 1.0, "local_perc": 0.00031104199066874026}, "BHATKOT": {"global_perc": 0.16666666666666666, "local_perc": 0.00031104199066874026}, "BILISIRI": {"global_perc": 0.5, "local_perc": 0.00031104199066874026}, "BIPULINGI": {"global_perc": 0.5, "local_perc": 0.00031104199066874026}, "CHHANI": {"global_perc": 0.14285714285714285, "local_perc": 0.00031104199066874026}, "DADADAHALLI": {"global_perc": 1.0, "local_perc": 0.00031104199066874026}, "DHANNYACHARA": {"global_perc": 1.0, "local_perc": 0.00031104199066874026}, "FATTA BANGAR": {"global_perc": 1.0, "local_perc": 0.00031104199066874026}, "GADUTHURU": {"global_perc": 0.1, "local_perc": 0.00031104199066874026}, "GANGATI": {"global_perc": 1.0, "local_perc": 0.0006220839813374805}, "GAON": {"global_perc": 0.06666666666666667, "local_perc": 0.00031104199066874026}, "GHAROTA KALAN": {"global_perc": 1.0, "local_perc": 0.00031104199066874026}, "GUJARAN PURVA": {"global_perc": 1.0, "local_perc": 0.00031104199066874026}, "HARNA": {"global_perc": 0.5, "local_perc": 0.00031104199066874026}, "IDAR": {"global_perc": 0.5, "local_perc": 0.00031104199066874026}, "JALIKHAN": {"global_perc": 0.3333333333333333, "local_perc": 0.00031104199066874026}, "JAMINBIL KUNDA": {"global_perc": 1.0, "local_perc": 0.00031104199066874026}, "KAFALI": {"global_perc": 1.0, "local_perc": 0.00031104199066874026}, "KANDA": {"global_perc": 0.0625, "local_perc": 0.00031104199066874026}, "KANHAULI KHAS": {"global_perc": 1.0, "local_perc": 0.00031104199066874026}, "KANKRADNAG": {"global_perc": 1.0, "local_perc": 0.00031104199066874026}, "KESARE": {"global_perc": 1.0, "local_perc": 0.00031104199066874026}, "KHURDA SEER": {"global_perc": 1.0, "local_perc": 0.00031104199066874026}, "KOTTARAM": {"global_perc": 1.0, "local_perc": 0.00031104199066874026}, "MACHAGOWDANAHALLI": {"global_perc": 0.1111111111111111, "local_perc": 0.00031104199066874026}, "MAJHWALIYA": {"global_perc": 1.0, "local_perc": 0.00031104199066874026}, "MALAG": {"global_perc": 0.25, "local_perc": 0.00031104199066874026}, "MARHEEN": {"global_perc": 0.3333333333333333, "local_perc": 0.00031104199066874026}, "MARIPAR": {"global_perc": 1.0, "local_perc": 0.00031104199066874026}, "MELPAKKAM": {"global_perc": 0.5, "local_perc": 0.00031104199066874026}, "MIRPUR RATANPUR": {"global_perc": 1.0, "local_perc": 0.00031104199066874026}, "MULEKALENAHALLI": {"global_perc": 0.1111111111111111, "local_perc": 0.00031104199066874026}, "N.A.": {"global_perc": 0.0013260087137715476, "local_perc": 0.004354587869362364}, "NEWAIZPAR": {"global_perc": 0.25, "local_perc": 0.00031104199066874026}, "NUAGAN": {"global_perc": 0.14285714285714285, "local_perc": 0.00031104199066874026}, "OLAMPUR CHHAPARA": {"global_perc": 1.0, "local_perc": 0.00031104199066874026}, "P.S. CHAKDA": {"global_perc": 1.0, "local_perc": 0.00031104199066874026}, "PANDEPURA KALA": {"global_perc": 1.0, "local_perc": 0.0006220839813374805}, "PATHOLI": {"global_perc": 1.0, "local_perc": 0.00031104199066874026}, "PIPRA GODHAR": {"global_perc": 1.0, "local_perc": 0.00031104199066874026}, "R.S.PURA": {"global_perc": 0.5, "local_perc": 0.00031104199066874026}, "RAM LACHHAN": {"global_perc": 1.0, "local_perc": 0.00031104199066874026}, "SALI GAON": {"global_perc": 0.25, "local_perc": 0.00031104199066874026}, "SINGRIJAN": {"global_perc": 1.0, "local_perc": 0.00031104199066874026}, "SOMINAKOPPA": {"global_perc": 0.16666666666666666, "local_perc": 0.00031104199066874026}, "TAJANGI": {"global_perc": 1.0, "local_perc": 0.00031104199066874026}, "THALAGHATTAPURA": {"global_perc": 0.2, "local_perc": 0.00031104199066874026}, "TINALI": {"global_perc": 0.16666666666666666, "local_perc": 0.00031104199066874026}, "UDAYA RAMPUR": {"global_perc": 1.0, "local_perc": 0.00031104199066874026}, "VADAKATTUPATTI": {"global_perc": 1.0, "local_perc": 0.00031104199066874026}}, "partition_field": "Near_Vil_Tow_Nam_hav_Prim_School", "Vil_Nam": "Kannan Devan Hills", "Stat_Nam": "KERALA"}, {"data": [["Prim_Heal_Cen_Num", 1.0], ["Prim_Heal_Cen_Par_Med_Staf_In_Pos_Num", 3.0], 0.3333333333333333], "data_low": {"Stat_Nam": "JAMMU & KASHMIR", "Vil_Nam": "Cheeri Koot", "Prim_Heal_Cen_Num": "1", "Prim_Heal_Cen_Par_Med_Staf_In_Pos_Num": "3", "id": 46}, "data_high": {"Stat_Nam": "JAMMU & KASHMIR", "Vil_Nam": "Shajroo", "Prim_Heal_Cen_Num": "4", "Prim_Heal_Cen_Par_Med_Staf_In_Pos_Num": "11", "id": 5103}, "perc": 0.7009514633265085, "metric": 99.29904919879957, "value_global_local": {"ANDAMAN & NICOBAR ISLANDS": {"global_perc": 0.0018018018018018018, "local_perc": 0.0002290950744558992}, "ANDHRA PRADESH": {"global_perc": 0.007194244604316547, "local_perc": 0.045819014891179836}, "ASSAM": {"global_perc": 0.016669823830270884, "local_perc": 0.10080183276059565}, "Arunachal Pradesh": {"global_perc": 0.00322061191626409, "local_perc": 0.004123711340206186}, "BIHAR": {"global_perc": 0.0023398850113651557, "local_perc": 0.024054982817869417}, "CHHATTISGARH": {"global_perc": 0.00322965318493491, "local_perc": 0.014891179839633447}, "GOA": {"global_perc": 0.0029940119760479044, "local_perc": 0.0002290950744558992}, "HARYANA": {"global_perc": 0.003362081567022365, "local_perc": 0.005269186712485682}, "HIMACHAL PRADESH": {"global_perc": 0.0035766070565490574, "local_perc": 0.01695303550973654}, "JAMMU & KASHMIR": {"global_perc": 0.012513352662902488, "local_perc": 0.018785796105383733}, "JHARKHAND": {"global_perc": 0.0038587392727048218, "local_perc": 0.0286368843069874}, "KARNATAKA": {"global_perc": 0.010293115201090662, "local_perc": 0.06918671248568156}, "KERALA": {"global_perc": 0.05992141453831041, "local_perc": 0.013974799541809852}, "MADHYA PRADESH": {"global_perc": 0.0021310310911972024, "local_perc": 0.026804123711340205}, "MANIPUR": {"global_perc": 0.008136381247578458, "local_perc": 0.004810996563573883}, "MIZORAM": {"global_perc": 0.004819277108433735, "local_perc": 0.0009163802978235968}, "Maharashtra": {"global_perc": 0.0007099507614794458, "local_perc": 0.007101947308132875}, "Meghalaya": {"global_perc": 0.002778183945021202, "local_perc": 0.004352806414662085}, "NAGALAND": {"global_perc": 0.0063025210084033615, "local_perc": 0.002061855670103093}, "ODISHA": {"global_perc": 0.0009549237035449107, "local_perc": 0.01122565864833906}, "Punjab": {"global_perc": 0.0020666083777124236, "local_perc": 0.005956471935853379}, "RAJASTHAN": {"global_perc": 0.04163681948424069, "local_perc": 0.4261168384879725}, "SIKKIM": {"global_perc": 0.015521064301552107, "local_perc": 0.0016036655211912943}, "TRIPURA": {"global_perc": 0.017142857142857144, "local_perc": 0.003436426116838488}, "Tamil Nadu": {"global_perc": 0.017084923962701046, "local_perc": 0.06254295532646048}, "UTTAR PRADESH": {"global_perc": 0.0028377694944462135, "local_perc": 0.06941580756013746}, "UTTARAKHAND": {"global_perc": 0.003692014529863634, "local_perc": 0.01420389461626575}, "West Bengal": {"global_perc": 0.0017902431746978965, "local_perc": 0.016494845360824743}}, "partition_field": "Stat_Nam", "Vil_Nam": "Cheeri Koot", "Stat_Nam": "JAMMU & KASHMIR"}, {"data": [["Prim_Heal_Cen_Num", 1.0], ["Prim_Heal_Cen_Par_Med_Staf_In_Pos_Num", 2.0], 0.5], "data_low": {"Stat_Nam": "JAMMU & KASHMIR", "Vil_Nam": "Keran", "Prim_Heal_Cen_Num": "1", "Prim_Heal_Cen_Par_Med_Staf_In_Pos_Num": "2", "id": 1}, "data_high": {"Stat_Nam": "MANIPUR", "Vil_Nam": "Pangei", "Prim_Heal_Cen_Num": "3", "Prim_Heal_Cen_Par_Med_Staf_In_Pos_Num": "5", "id": 269188}, "perc": 0.5646151993255449, "metric": 99.43538529795082, "value_global_local": {"": {"global_perc": 0.006448726957176153, "local_perc": 0.9553469852104665}, "ADHARPUR": {"global_perc": 0.25, "local_perc": 0.0002844141069397042}, "AMEPUR": {"global_perc": 0.3333333333333333, "local_perc": 0.0002844141069397042}, "ANDARGAON": {"global_perc": 1.0, "local_perc": 0.0002844141069397042}, "Atiya": {"global_perc": 1.0, "local_perc": 0.0002844141069397042}, "BADOWALA": {"global_perc": 1.0, "local_perc": 0.0002844141069397042}, "BADRUDDINPUR": {"global_perc": 1.0, "local_perc": 0.0002844141069397042}, "BALIA": {"global_perc": 0.08333333333333333, "local_perc": 0.0002844141069397042}, "BARAILA": {"global_perc": 0.4, "local_perc": 0.0005688282138794084}, "BARAP": {"global_perc": 0.3333333333333333, "local_perc": 0.0002844141069397042}, "BASAVANAHALLI": {"global_perc": 0.2, "local_perc": 0.0002844141069397042}, "BASEDOUR": {"global_perc": 0.3333333333333333, "local_perc": 0.0002844141069397042}, "BASINI": {"global_perc": 1.0, "local_perc": 0.0002844141069397042}, "BEGUMSARAI": {"global_perc": 1.0, "local_perc": 0.0002844141069397042}, "BELHAN": {"global_perc": 0.3333333333333333, "local_perc": 0.0002844141069397042}, "BHADAURA": {"global_perc": 0.14285714285714285, "local_perc": 0.0002844141069397042}, "BHARERI": {"global_perc": 0.09090909090909091, "local_perc": 0.0002844141069397042}, "BHATPURA": {"global_perc": 0.125, "local_perc": 0.0002844141069397042}, "BHAWARNA": {"global_perc": 0.25, "local_perc": 0.0002844141069397042}, "BHUMAL GADI": {"global_perc": 1.0, "local_perc": 0.0002844141069397042}, "BHUTAHAVA": {"global_perc": 1.0, "local_perc": 0.0002844141069397042}, "BISHASHARPUR": {"global_perc": 1.0, "local_perc": 0.0002844141069397042}, "BISNAH": {"global_perc": 0.2, "local_perc": 0.0002844141069397042}, "CHAMPAPUR": {"global_perc": 0.3333333333333333, "local_perc": 0.0002844141069397042}, "CHAUBATTA KHAL": {"global_perc": 1.0, "local_perc": 0.0002844141069397042}, "CHHANI": {"global_perc": 0.14285714285714285, "local_perc": 0.0002844141069397042}, "CHHITKUL": {"global_perc": 1.0, "local_perc": 0.0005688282138794084}, "DABARI": {"global_perc": 1.0, "local_perc": 0.0002844141069397042}, "DAIRA": {"global_perc": 1.0, "local_perc": 0.0002844141069397042}, "DALU": {"global_perc": 0.07692307692307693, "local_perc": 0.0002844141069397042}, "DAULATPUR": {"global_perc": 0.02857142857142857, "local_perc": 0.0002844141069397042}, "DEWAL": {"global_perc": 0.3333333333333333, "local_perc": 0.0002844141069397042}, "DHNGULI": {"global_perc": 1.0, "local_perc": 0.0002844141069397042}, "DHOOMAKOT": {"global_perc": 0.5, "local_perc": 0.0002844141069397042}, "DHORHA": {"global_perc": 0.5, "local_perc": 0.0002844141069397042}, "DHUNA": {"global_perc": 0.3333333333333333, "local_perc": 0.0002844141069397042}, "DIFFERPAT": {"global_perc": 1.0, "local_perc": 0.0002844141069397042}, "FATEHPUR": {"global_perc": 0.015873015873015872, "local_perc": 0.0002844141069397042}, "FURRA": {"global_perc": 0.3333333333333333, "local_perc": 0.0002844141069397042}, "Fulertol": {"global_perc": 1.0, "local_perc": 0.0002844141069397042}, "GADIARA": {"global_perc": 0.08333333333333333, "local_perc": 0.0002844141069397042}, "GAJADHARPUR": {"global_perc": 0.125, "local_perc": 0.0002844141069397042}, "GANDHA": {"global_perc": 0.5, "local_perc": 0.0002844141069397042}, "GAUHARPUR": {"global_perc": 0.3333333333333333, "local_perc": 0.0002844141069397042}, "GOVINDAMPALAYAM": {"global_perc": 0.5, "local_perc": 0.0002844141069397042}, "GULAULA KHERA": {"global_perc": 1.0, "local_perc": 0.0002844141069397042}, "GUMMIDIPOONDI": {"global_perc": 0.5, "local_perc": 0.0002844141069397042}, "GURI": {"global_perc": 0.1111111111111111, "local_perc": 0.0002844141069397042}, "GUTAKBARA": {"global_perc": 1.0, "local_perc": 0.0002844141069397042}, "HALLIDAYGANJ": {"global_perc": 0.2, "local_perc": 0.0002844141069397042}, "HAUCAK": {"global_perc": 0.16666666666666666, "local_perc": 0.0002844141069397042}, "HIJALJURI": {"global_perc": 1.0, "local_perc": 0.0002844141069397042}, "HUNASANAKODIHALLI": {"global_perc": 1.0, "local_perc": 0.0002844141069397042}, "ISHAPUR": {"global_perc": 0.3333333333333333, "local_perc": 0.0002844141069397042}, "JAGATPUR": {"global_perc": 0.047619047619047616, "local_perc": 0.0002844141069397042}, "JAMUAMWAN": {"global_perc": 1.0, "local_perc": 0.0002844141069397042}, "JISPA": {"global_perc": 0.5, "local_perc": 0.0002844141069397042}, "KACHNAL": {"global_perc": 1.0, "local_perc": 0.0002844141069397042}, "KAGAPUR": {"global_perc": 1.0, "local_perc": 0.0002844141069397042}, "KAKRALA": {"global_perc": 0.5, "local_perc": 0.0002844141069397042}, "KANAUDI": {"global_perc": 0.5, "local_perc": 0.0002844141069397042}, "KANDIKHAL": {"global_perc": 1.0, "local_perc": 0.0002844141069397042}, "KARADIE": {"global_perc": 1.0, "local_perc": 0.0002844141069397042}, "KERA MALLA": {"global_perc": 1.0, "local_perc": 0.0002844141069397042}, "KHALISPUR MUBARAK": {"global_perc": 1.0, "local_perc": 0.0002844141069397042}, "KHURAMPUR DALLU": {"global_perc": 0.5, "local_perc": 0.0002844141069397042}, "KHUSBARI": {"global_perc": 1.0, "local_perc": 0.0002844141069397042}, "KITAJHOR": {"global_perc": 1.0, "local_perc": 0.0002844141069397042}, "KORI": {"global_perc": 0.2, "local_perc": 0.0002844141069397042}, "KOSDA": {"global_perc": 0.14285714285714285, "local_perc": 0.0002844141069397042}, "KOTHUNG": {"global_perc": 1.0, "local_perc": 0.0002844141069397042}, "KRALPATH": {"global_perc": 1.0, "local_perc": 0.0002844141069397042}, "KUKURBAGHI": {"global_perc": 0.0625, "local_perc": 0.0002844141069397042}, "MACHONG": {"global_perc": 1.0, "local_perc": 0.0002844141069397042}, "MADHOPUR": {"global_perc": 0.03225806451612903, "local_perc": 0.0002844141069397042}, "MAGALI": {"global_perc": 1.0, "local_perc": 0.0002844141069397042}, "MAHAMMOD": {"global_perc": 1.0, "local_perc": 0.0002844141069397042}, "MAHMOODPUR": {"global_perc": 0.125, "local_perc": 0.0002844141069397042}, "MAJHIGAWA": {"global_perc": 0.25, "local_perc": 0.0002844141069397042}, "MAJHOLA": {"global_perc": 0.5, "local_perc": 0.0002844141069397042}, "MALIHAPUR": {"global_perc": 1.0, "local_perc": 0.0002844141069397042}, "MANGWAL": {"global_perc": 0.3333333333333333, "local_perc": 0.0002844141069397042}, "MOHANPUR": {"global_perc": 0.013333333333333334, "local_perc": 0.0002844141069397042}, "N.A.": {"global_perc": 0.003125591968175791, "local_perc": 0.00938566552901024}, "NAGARDIH": {"global_perc": 1.0, "local_perc": 0.0002844141069397042}, "NALATHWAD": {"global_perc": 0.25, "local_perc": 0.0002844141069397042}, "NAND TALLA": {"global_perc": 1.0, "local_perc": 0.0002844141069397042}, "NAUGAON": {"global_perc": 0.125, "local_perc": 0.0002844141069397042}, "PADARIYA": {"global_perc": 0.07692307692307693, "local_perc": 0.0002844141069397042}, "PAIGAMBARPUR": {"global_perc": 1.0, "local_perc": 0.0002844141069397042}, "PALLEL": {"global_perc": 0.04, "local_perc": 0.0002844141069397042}, "PALLIKKADU": {"global_perc": 1.0, "local_perc": 0.0002844141069397042}, "RAGHOPUR": {"global_perc": 0.16666666666666666, "local_perc": 0.0002844141069397042}, "RAKHAUNA": {"global_perc": 0.2, "local_perc": 0.0002844141069397042}, "RANAKOT": {"global_perc": 0.25, "local_perc": 0.0002844141069397042}, "RANIPOKHRI": {"global_perc": 0.25, "local_perc": 0.0002844141069397042}, "RANIPUR": {"global_perc": 0.029411764705882353, "local_perc": 0.0002844141069397042}, "RASAM": {"global_perc": 1.0, "local_perc": 0.0002844141069397042}, "REASI": {"global_perc": 0.09090909090909091, "local_perc": 0.0002844141069397042}, "RIEW": {"global_perc": 1.0, "local_perc": 0.0002844141069397042}, "Rahmatpur": {"global_perc": 0.5, "local_perc": 0.0002844141069397042}, "SADIKPUR SEMRAHA": {"global_perc": 1.0, "local_perc": 0.0002844141069397042}, "SANKARPUR": {"global_perc": 0.16666666666666666, "local_perc": 0.0002844141069397042}, "SANSARIPUR": {"global_perc": 0.3333333333333333, "local_perc": 0.0002844141069397042}, "SARAIA": {"global_perc": 0.25, "local_perc": 0.0002844141069397042}, "SHAHJAHANPUR": {"global_perc": 0.3333333333333333, "local_perc": 0.0002844141069397042}, "SHISHGARH": {"global_perc": 1.0, "local_perc": 0.0002844141069397042}, "SIHORIYA": {"global_perc": 0.5, "local_perc": 0.0002844141069397042}, "SIMLO": {"global_perc": 1.0, "local_perc": 0.0002844141069397042}, "SIRUVADI": {"global_perc": 1.0, "local_perc": 0.0002844141069397042}, "SITA PUR": {"global_perc": 1.0, "local_perc": 0.0002844141069397042}, "SIYUM": {"global_perc": 0.03125, "local_perc": 0.0002844141069397042}, "SOAFSHALI": {"global_perc": 1.0, "local_perc": 0.0002844141069397042}, "SURARYOR": {"global_perc": 1.0, "local_perc": 0.0002844141069397042}, "TABAR": {"global_perc": 1.0, "local_perc": 0.0002844141069397042}, "TAMBA": {"global_perc": 0.5, "local_perc": 0.0002844141069397042}, "TETRI": {"global_perc": 0.5, "local_perc": 0.0002844141069397042}, "THANDORA": {"global_perc": 0.5, "local_perc": 0.0002844141069397042}, "TIKAITA": {"global_perc": 1.0, "local_perc": 0.0002844141069397042}, "UNERA": {"global_perc": 1.0, "local_perc": 0.0002844141069397042}, "VILANDAPUR": {"global_perc": 0.25, "local_perc": 0.0002844141069397042}, "VINAURA": {"global_perc": 1.0, "local_perc": 0.0002844141069397042}, "WALONG H.Q": {"global_perc": 1.0, "local_perc": 0.0002844141069397042}, "ZAHRIKHAL": {"global_perc": 0.3333333333333333, "local_perc": 0.0002844141069397042}}, "partition_field": "Near_Vil_Tow_Nam_hav_Prim_School", "Vil_Nam": "Keran", "Stat_Nam": "JAMMU & KASHMIR"}, {"data": [["Prim_Heal_Cen_Num", 2.0], ["Prim_Heal_Cen_Par_Med_Staf_In_Pos_Num", 3.0], 0.6666666666666666], "data_low": {"Stat_Nam": "JAMMU & KASHMIR", "Vil_Nam": "Kalantra Pain", "Prim_Heal_Cen_Num": "2", "Prim_Heal_Cen_Par_Med_Staf_In_Pos_Num": "3", "id": 2458}, "data_high": {"Stat_Nam": "ASSAM", "Vil_Nam": "Rowah Pt.III", "Prim_Heal_Cen_Num": "3", "Prim_Heal_Cen_Par_Med_Staf_In_Pos_Num": "4", "id": 279840}, "perc": 0.008832149022441688, "metric": 99.99116818434811, "value_global_local": {"ASSAM": {"global_perc": 0.0019700700890320135, "local_perc": 0.9454545454545454}, "JAMMU & KASHMIR": {"global_perc": 0.00015260186174271325, "local_perc": 0.01818181818181818}, "KERALA": {"global_perc": 0.0009823182711198428, "local_perc": 0.01818181818181818}, "West Bengal": {"global_perc": 2.4864488537470783e-05, "local_perc": 0.01818181818181818}}, "partition_field": "Stat_Nam", "Vil_Nam": "Kalantra Pain", "Stat_Nam": "JAMMU & KASHMIR"}, {"data": [["Prim_Heal_Cen_Num", 1.0], ["Prim_Heal_Cen_Par_Med_Staf_In_Pos_Num", 1.0], 1.0], "data_low": {"Stat_Nam": "JAMMU & KASHMIR", "Vil_Nam": "Khurhama", "Prim_Heal_Cen_Num": "1", "Prim_Heal_Cen_Par_Med_Staf_In_Pos_Num": "1", "id": 15}, "data_high": {"Stat_Nam": "JAMMU & KASHMIR", "Vil_Nam": "Wangat", "Prim_Heal_Cen_Num": "2", "Prim_Heal_Cen_Par_Med_Staf_In_Pos_Num": "2", "id": 2856}, "perc": 0.5080894455819182, "metric": 99.49191055441808, "value_global_local": {"ANDAMAN & NICOBAR ISLANDS": {"global_perc": 0.0036036036036036037, "local_perc": 0.0006321112515802782}, "ANDHRA PRADESH": {"global_perc": 0.0010071942446043165, "local_perc": 0.008849557522123894}, "ASSAM": {"global_perc": 0.003788596325061565, "local_perc": 0.0316055625790139}, "Arunachal Pradesh": {"global_perc": 0.001968151726605833, "local_perc": 0.00347661188369153}, "BIHAR": {"global_perc": 0.005548870169808798, "local_perc": 0.07869785082174463}, "CHANDIGARH": {"global_perc": 0.2, "local_perc": 0.0003160556257901391}, "CHHATTISGARH": {"global_perc": 0.0040743317102255785, "local_perc": 0.025916561314791402}, "HARYANA": {"global_perc": 0.00233883935097208, "local_perc": 0.0050568900126422255}, "HIMACHAL PRADESH": {"global_perc": 0.007684871918801353, "local_perc": 0.05025284450063211}, "JAMMU & KASHMIR": {"global_perc": 0.01403937128032962, "local_perc": 0.029077117572692796}, "JHARKHAND": {"global_perc": 0.015218867691547818, "local_perc": 0.15581542351453856}, "KARNATAKA": {"global_perc": 0.01901840490797546, "local_perc": 0.1763590391908976}, "KERALA": {"global_perc": 0.08644400785854617, "local_perc": 0.02781289506953224}, "MADHYA PRADESH": {"global_perc": 0.002622807496858095, "local_perc": 0.045512010113780026}, "MANIPUR": {"global_perc": 0.002324680356450988, "local_perc": 0.0018963337547408343}, "MIZORAM": {"global_perc": 0.0024096385542168677, "local_perc": 0.0006321112515802782}, "Maharashtra": {"global_perc": 0.00018321309973663117, "local_perc": 0.0025284450063211127}, "NAGALAND": {"global_perc": 0.0021008403361344537, "local_perc": 0.0009481668773704172}, "Punjab": {"global_perc": 0.0603290676416819, "local_perc": 0.23988621997471554}, "TRIPURA": {"global_perc": 0.013714285714285714, "local_perc": 0.0037926675094816687}, "UTTAR PRADESH": {"global_perc": 0.0021728136063086517, "local_perc": 0.07332490518331226}, "UTTARAKHAND": {"global_perc": 0.00041684035014589413, "local_perc": 0.0022123893805309734}, "West Bengal": {"global_perc": 0.002784822716196728, "local_perc": 0.035398230088495575}}, "partition_field": "Stat_Nam", "Vil_Nam": "Khurhama", "Stat_Nam": "JAMMU & KASHMIR"}, {"data": [["Prim_Heal_Cen_Num", 4.0], ["Prim_Heal_Cen_Par_Med_Staf_In_Pos_Num", 3.0], 1.3333333333333333], "data_low": {"Stat_Nam": "JAMMU & KASHMIR", "Vil_Nam": "Barwalah", "Prim_Heal_Cen_Num": "4", "Prim_Heal_Cen_Par_Med_Staf_In_Pos_Num": "3", "id": 2853}, "data_high": {"Stat_Nam": "JAMMU & KASHMIR", "Vil_Nam": "Barwalah", "Prim_Heal_Cen_Num": "4", "Prim_Heal_Cen_Par_Med_Staf_In_Pos_Num": "3", "id": 2853}, "perc": 0.00016058452768075794, "metric": 99.99983908207285, "value_global_local": {}, "partition_field": null, "Vil_Nam": "Barwalah", "Stat_Nam": "JAMMU & KASHMIR"}, {"data": [["Prim_Heal_Cen_Num", 3.0], ["Prim_Heal_Cen_Par_Med_Staf_In_Pos_Num", 2.0], 1.5], "data_low": {"Stat_Nam": "JAMMU & KASHMIR", "Vil_Nam": "Salal", "Prim_Heal_Cen_Num": "3", "Prim_Heal_Cen_Par_Med_Staf_In_Pos_Num": "2", "id": 5181}, "data_high": {"Stat_Nam": "JAMMU & KASHMIR", "Vil_Nam": "Salal", "Prim_Heal_Cen_Num": "3", "Prim_Heal_Cen_Par_Med_Staf_In_Pos_Num": "2", "id": 5181}, "perc": 0.00016058452768075794, "metric": 99.9998389153731, "value_global_local": {}, "partition_field": null, "Vil_Nam": "Salal", "Stat_Nam": "JAMMU & KASHMIR"}, {"data": [["Prim_Heal_Cen_Num", 2.0], ["Prim_Heal_Cen_Par_Med_Staf_In_Pos_Num", 1.0], 2.0], "data_low": {"Stat_Nam": "JAMMU & KASHMIR", "Vil_Nam": "Ghalian", "Prim_Heal_Cen_Num": "2", "Prim_Heal_Cen_Par_Med_Staf_In_Pos_Num": "1", "id": 1509}, "data_high": {"Stat_Nam": "JAMMU & KASHMIR", "Vil_Nam": "Ghalian", "Prim_Heal_Cen_Num": "2", "Prim_Heal_Cen_Par_Med_Staf_In_Pos_Num": "1", "id": 1509}, "perc": 0.0019270143321690955, "metric": 99.99807198548707, "value_global_local": {}, "partition_field": null, "Vil_Nam": "Ghalian", "Stat_Nam": "JAMMU & KASHMIR"}, {"data": [["Prim_Heal_Cen_Num", 10.0], ["Prim_Heal_Cen_Par_Med_Staf_In_Pos_Num", 4.0], 2.5], "data_low": {"Stat_Nam": "MIZORAM", "Vil_Nam": "Bualpui NG \u0091W\u0092", "Prim_Heal_Cen_Num": "10", "Prim_Heal_Cen_Par_Med_Staf_In_Pos_Num": "4", "id": 270702}, "data_high": {"Stat_Nam": "MIZORAM", "Vil_Nam": "Bualpui NG \u0091W\u0092", "Prim_Heal_Cen_Num": "10", "Prim_Heal_Cen_Par_Med_Staf_In_Pos_Num": "4", "id": 270702}, "perc": 0.00016058452768075794, "metric": 99.9998379151747, "value_global_local": {}, "partition_field": null, "Vil_Nam": "Bualpui NG \u0091W\u0092", "Stat_Nam": "MIZORAM"}, {"data": [["Prim_Heal_Cen_Num", 3.0], ["Prim_Heal_Cen_Par_Med_Staf_In_Pos_Num", 1.0], 3.0], "data_low": {"Stat_Nam": "Punjab", "Vil_Nam": "Ghiala (300)", "Prim_Heal_Cen_Num": "3", "Prim_Heal_Cen_Par_Med_Staf_In_Pos_Num": "1", "id": 27372}, "data_high": {"Stat_Nam": "Punjab", "Vil_Nam": "Ghiala (300)", "Prim_Heal_Cen_Num": "3", "Prim_Heal_Cen_Par_Med_Staf_In_Pos_Num": "1", "id": 27372}, "perc": 0.0003211690553615159, "metric": 99.999676830551, "value_global_local": {}, "partition_field": null, "Vil_Nam": "Ghiala (300)", "Stat_Nam": "Punjab"}, {"data": [["Prim_Heal_Cen_Num", 1.0], ["Prim_Heal_Cen_Par_Med_Staf_In_Pos_Num", 0], 9999], "data_low": {"Stat_Nam": "JAMMU & KASHMIR", "Vil_Nam": "Arigam", "Prim_Heal_Cen_Num": "1", "Prim_Heal_Cen_Par_Med_Staf_In_Pos_Num": "", "id": 591}, "data_high": {"Stat_Nam": "JAMMU & KASHMIR", "Vil_Nam": "Bhajwal", "Prim_Heal_Cen_Num": "2", "Prim_Heal_Cen_Par_Med_Staf_In_Pos_Num": "0", "id": 1635}, "perc": 0.3510377775101369, "metric": 99.63899732636727, "value_global_local": {"ANDAMAN & NICOBAR ISLANDS": {"global_perc": 0.0036036036036036037, "local_perc": 0.0009149130832570906}, "ANDHRA PRADESH": {"global_perc": 3.597122302158273e-05, "local_perc": 0.0004574565416285453}, "Arunachal Pradesh": {"global_perc": 0.0003578457684737878, "local_perc": 0.0009149130832570906}, "CHHATTISGARH": {"global_perc": 0.012868925767663719, "local_perc": 0.11848124428179323}, "GOA": {"global_perc": 0.0029940119760479044, "local_perc": 0.0004574565416285453}, "HARYANA": {"global_perc": 0.00029235491887151, "local_perc": 0.0009149130832570906}, "HIMACHAL PRADESH": {"global_perc": 0.0021749637506041568, "local_perc": 0.02058554437328454}, "JAMMU & KASHMIR": {"global_perc": 0.006714481916679384, "local_perc": 0.020128087831655993}, "JHARKHAND": {"global_perc": 0.0016669753658084831, "local_perc": 0.024702653247941447}, "MADHYA PRADESH": {"global_perc": 0.0005828461104129101, "local_perc": 0.01463860933211345}, "MANIPUR": {"global_perc": 0.0027121270825261525, "local_perc": 0.003202195791399817}, "MIZORAM": {"global_perc": 0.033734939759036145, "local_perc": 0.012808783165599268}, "NAGALAND": {"global_perc": 0.008403361344537815, "local_perc": 0.0054894784995425435}, "Punjab": {"global_perc": 0.0028614577537556633, "local_perc": 0.01646843549862763}, "TRIPURA": {"global_perc": 0.001142857142857143, "local_perc": 0.0004574565416285453}, "UTTAR PRADESH": {"global_perc": 0.005048045404311911, "local_perc": 0.2465690759377859}, "West Bengal": {"global_perc": 0.02787309165050475, "local_perc": 0.5128087831655993}}, "partition_field": "Stat_Nam", "Vil_Nam": "Arigam", "Stat_Nam": "JAMMU & KASHMIR"}, {"data": [["Prim_Heal_Cen_Num", 0], ["Prim_Heal_Cen_Par_Med_Staf_In_Pos_Num", 0], 99980001], "data_low": {"Stat_Nam": "JAMMU & KASHMIR", "Vil_Nam": "Bore", "Prim_Heal_Cen_Num": "", "Prim_Heal_Cen_Par_Med_Staf_In_Pos_Num": "", "id": 0}, "data_high": {"Stat_Nam": "JAMMU & KASHMIR", "Vil_Nam": "Palmar", "Prim_Heal_Cen_Num": "Phc_Num", "Prim_Heal_Cen_Par_Med_Staf_In_Pos_Num": "Phc_ppos", "id": 4582}, "perc": 96.36003051106026, "metric": 9.637930540834889e-07, "value_global_local": {"null": {"global_perc": 0.9636003051106026, "local_perc": 1.0}}, "partition_field": "Dist_Other", "Vil_Nam": "Bore", "Stat_Nam": "JAMMU & KASHMIR"}]