[{"data": [["Gov_Prim_School_Num", 0], ["Tot_Hous", 0], 99980001], "data_low": {"Stat_Nam": "JAMMU & KASHMIR", "Vil_Nam": "Bugna", "Tot_Hous": "", "Gov_Prim_School_Num": "", "id": 2}, "data_high": {"Stat_Nam": "JAMMU & KASHMIR", "Vil_Nam": "Bugna", "Tot_Hous": "", "Gov_Prim_School_Num": "", "id": 2}, "perc": 6.897105463888555, "metric": 401322472066.1994, "value_global_local": {"": {"global_perc": 1.0, "local_perc": 4.6565774155995343e-05}, "ANDAMAN & NICOBAR ISLANDS": {"global_perc": 0.2864864864864865, "local_perc": 0.0037019790454016297}, "ANDHRA PRADESH": {"global_perc": 0.05446043165467626, "local_perc": 0.035250291036088476}, "ASSAM": {"global_perc": 0.03875734040537981, "local_perc": 0.02381839348079162}, "Arunachal Pradesh": {"global_perc": 0.05922347468241188, "local_perc": 0.007706635622817229}, "BIHAR": {"global_perc": 0.1292730757231359, "local_perc": 0.13506402793946448}, "CHHATTISGARH": {"global_perc": 0.027775017390440228, "local_perc": 0.013015133876600698}, "GOA": {"global_perc": 0.041916167664670656, "local_perc": 0.0003259604190919674}, "HARYANA": {"global_perc": 0.029089314427715247, "local_perc": 0.004633294528521537}, "HIMACHAL PRADESH": {"global_perc": 0.13571773803769938, "local_perc": 0.06537834691501747}, "JAMMU & KASHMIR": {"global_perc": 0.03296200213642606, "local_perc": 0.005029103608847497}, "JHARKHAND": {"global_perc": 0.08958449095511514, "local_perc": 0.06756693830034924}, "KARNATAKA": {"global_perc": 0.06622358554873892, "local_perc": 0.045238649592549474}, "KERALA": {"global_perc": 0.0009823182711198428, "local_perc": 2.3282887077997672e-05}, "LAKSHADWEEP": {"global_perc": 0.7142857142857143, "local_perc": 0.0003492433061699651}, "MADHYA PRADESH": {"global_perc": 0.05416826038649983, "local_perc": 0.06924330616996507}, "MANIPUR": {"global_perc": 0.02557148392096087, "local_perc": 0.0015366705471478463}, "MIZORAM": {"global_perc": 0.15180722891566265, "local_perc": 0.0029336437718277064}, "Maharashtra": {"global_perc": 0.061971830985915494, "local_perc": 0.0630034924330617}, "Meghalaya": {"global_perc": 0.05556367890042404, "local_perc": 0.008847497089639115}, "NAGALAND": {"global_perc": 0.0196078431372549, "local_perc": 0.0006519208381839348}, "NCT OF DELHI": {"global_perc": 0.08035714285714286, "local_perc": 0.00020954598370197903}, "ODISHA": {"global_perc": 0.07085923645080194, "local_perc": 0.08465657741559954}, "Punjab": {"global_perc": 0.0328272792305858, "local_perc": 0.009615832363213039}, "RAJASTHAN": {"global_perc": 0.03151862464183381, "local_perc": 0.032782305005820724}, "SIKKIM": {"global_perc": 0.057649667405764965, "local_perc": 0.0006053550640279394}, "TRIPURA": {"global_perc": 0.013714285714285714, "local_perc": 0.00027939464493597206}, "Tamil Nadu": {"global_perc": 0.05820138932348708, "local_perc": 0.021653084982537835}, "UTTAR PRADESH": {"global_perc": 0.08392492554367167, "local_perc": 0.20863795110593714}, "UTTARAKHAND": {"global_perc": 0.06240695527898529, "local_perc": 0.02440046565774156}, "West Bengal": {"global_perc": 0.06812869859266994, "local_perc": 0.06379511059371362}}, "partition_field": "Stat_Nam", "Vil_Nam": "Bugna", "Stat_Nam": "JAMMU & KASHMIR"}, {"data": [["Gov_Prim_School_Num", 1.0], ["Tot_Hous", 0.0], 9999], "data_low": {"Stat_Nam": "JHARKHAND", "Vil_Nam": "Misirgidhanda", "Tot_Hous": "0", "Gov_Prim_School_Num": "1", "id": 351733}, "data_high": {"Stat_Nam": "JHARKHAND", "Vil_Nam": "Misirgidhanda", "Tot_Hous": "0", "Gov_Prim_School_Num": "1", "id": 351733}, "perc": 0.00016058452768075794, "metric": 43113715.321314916, "value_global_local": {}, "partition_field": null, "Vil_Nam": "Misirgidhanda", "Stat_Nam": "JHARKHAND"}, {"data": [["Gov_Prim_School_Num", 3.0], ["Tot_Hous", 1.0], 3.0], "data_low": {"Stat_Nam": "UTTAR PRADESH", "Vil_Nam": "Sidhaur (Gramin)", "Tot_Hous": "1", "Gov_Prim_School_Num": "3", "id": 164501}, "data_high": {"Stat_Nam": "UTTAR PRADESH", "Vil_Nam": "Sidhaur (Gramin)", "Tot_Hous": "1", "Gov_Prim_School_Num": "3", "id": 164501}, "perc": 0.00016058452768075794, "metric": 17145.52628904626, "value_global_local": {}, "partition_field": null, "Vil_Nam": "Sidhaur (Gramin)", "Stat_Nam": "UTTAR PRADESH"}, {"data": [["Gov_Prim_School_Num", 2.0], ["Tot_Hous", 1.0], 2.0], "data_low": {"Stat_Nam": "HIMACHAL PRADESH", "Vil_Nam": "Sayari (322)", "Tot_Hous": "1", "Gov_Prim_School_Num": "2", "id": 22139}, "data_high": {"Stat_Nam": "UTTAR PRADESH", "Vil_Nam": "Pindari", "Tot_Hous": "410", "Gov_Prim_School_Num": "782", "id": 146670}, "perc": 0.0022481833875306113, "metric": 12833.876831040963, "value_global_local": {}, "partition_field": null, "Vil_Nam": "Sayari (322)", "Stat_Nam": "HIMACHAL PRADESH"}, {"data": [["Gov_Prim_School_Num", 3.0], ["Tot_Hous", 2.0], 1.5], "data_low": {"Stat_Nam": "KARNATAKA", "Vil_Nam": "Kumar Ramankunta", "Tot_Hous": "2", "Gov_Prim_School_Num": "3", "id": 580086}, "data_high": {"Stat_Nam": "KARNATAKA", "Vil_Nam": "Kumar Ramankunta", "Tot_Hous": "2", "Gov_Prim_School_Num": "3", "id": 580086}, "perc": 0.0003211690553615159, "metric": 10678.436842900668, "value_global_local": {}, "partition_field": null, "Vil_Nam": "Kumar Ramankunta", "Stat_Nam": "KARNATAKA"}, {"data": [["Gov_Prim_School_Num", 12.0], ["Tot_Hous", 10.0], 1.2], "data_low": {"Stat_Nam": "West Bengal", "Vil_Nam": "Baragajari", "Tot_Hous": "10", "Gov_Prim_School_Num": "12", "id": 330359}, "data_high": {"Stat_Nam": "West Bengal", "Vil_Nam": "Baragajari", "Tot_Hous": "10", "Gov_Prim_School_Num": "12", "id": 330359}, "perc": 0.00016058452768075794, "metric": 9385.039531238483, "value_global_local": {}, "partition_field": null, "Vil_Nam": "Baragajari", "Stat_Nam": "West Bengal"}, {"data": [["Gov_Prim_School_Num", 1.0], ["Tot_Hous", 1.0], 1.0], "data_low": {"Stat_Nam": "JAMMU & KASHMIR", "Vil_Nam": "Marza Pora", "Tot_Hous": "1", "Gov_Prim_School_Num": "1", "id": 2949}, "data_high": {"Stat_Nam": "JHARKHAND", "Vil_Nam": "Maheshbathan Arazi", "Tot_Hous": "3", "Gov_Prim_School_Num": "3", "id": 357265}, "perc": 0.033562166285278416, "metric": 8519.916482517425, "value_global_local": {"ANDAMAN & NICOBAR ISLANDS": {"global_perc": 0.0018018018018018018, "local_perc": 0.004784688995215311}, "ANDHRA PRADESH": {"global_perc": 0.00014388489208633093, "local_perc": 0.019138755980861243}, "ASSAM": {"global_perc": 0.0003409736692555408, "local_perc": 0.0430622009569378}, "Arunachal Pradesh": {"global_perc": 0.0005367686527106817, "local_perc": 0.014354066985645933}, "BIHAR": {"global_perc": 0.00013370771493515177, "local_perc": 0.028708133971291867}, "HIMACHAL PRADESH": {"global_perc": 0.0010633156114064765, "local_perc": 0.10526315789473684}, "JAMMU & KASHMIR": {"global_perc": 0.00015260186174271325, "local_perc": 0.004784688995215311}, "JHARKHAND": {"global_perc": 0.001450885966537013, "local_perc": 0.22488038277511962}, "KARNATAKA": {"global_perc": 0.0005453306066803, "local_perc": 0.07655502392344497}, "Meghalaya": {"global_perc": 0.00029244041526538966, "local_perc": 0.009569377990430622}, "ODISHA": {"global_perc": 0.0006626001208270808, "local_perc": 0.16267942583732056}, "UTTAR PRADESH": {"global_perc": 0.0003277951561241501, "local_perc": 0.1674641148325359}, "UTTARAKHAND": {"global_perc": 0.0010123265646400286, "local_perc": 0.08133971291866028}, "West Bengal": {"global_perc": 0.0002983738624496494, "local_perc": 0.05741626794258373}}, "partition_field": "Stat_Nam", "Vil_Nam": "Marza Pora", "Stat_Nam": "JAMMU & KASHMIR"}, {"data": [["Gov_Prim_School_Num", 4.0], ["Tot_Hous", 5.0], 0.8], "data_low": {"Stat_Nam": "JHARKHAND", "Vil_Nam": "Pathratanr", "Tot_Hous": "5", "Gov_Prim_School_Num": "4", "id": 351780}, "data_high": {"Stat_Nam": "KARNATAKA", "Vil_Nam": "Ramasamudra Rural", "Tot_Hous": "7", "Gov_Prim_School_Num": "5", "id": 597786}, "perc": 0.0004817535830422739, "metric": 7660.462315239329, "value_global_local": {}, "partition_field": null, "Vil_Nam": "Pathratanr", "Stat_Nam": "JHARKHAND"}, {"data": [["Gov_Prim_School_Num", 2.0], ["Tot_Hous", 3.0], 0.6666666666666666], "data_low": {"Stat_Nam": "UTTARAKHAND", "Vil_Nam": "Patholi Chak Bhainti", "Tot_Hous": "3", "Gov_Prim_School_Num": "2", "id": 40851}, "data_high": {"Stat_Nam": "JHARKHAND", "Vil_Nam": "Parasbani", "Tot_Hous": "7", "Gov_Prim_School_Num": "4", "id": 353004}, "perc": 0.0014452607491268216, "metric": 7085.545019815968, "value_global_local": {}, "partition_field": null, "Vil_Nam": "Patholi Chak Bhainti", "Stat_Nam": "UTTARAKHAND"}, {"data": [["Gov_Prim_School_Num", 81.0], ["Tot_Hous", 155.0], 0.5225806451612903], "data_low": {"Stat_Nam": "HIMACHAL PRADESH", "Vil_Nam": "Jangal Jamwar  (188)", "Tot_Hous": "2", "Gov_Prim_School_Num": "1", "id": 7824}, "data_high": {"Stat_Nam": "UTTAR PRADESH", "Vil_Nam": "Baurayan", "Tot_Hous": "155", "Gov_Prim_School_Num": "81", "id": 146649}, "perc": 0.027459954233409613, "metric": 6462.661484838074, "value_global_local": {"ANDHRA PRADESH": {"global_perc": 0.00017985611510791367, "local_perc": 0.029239766081871343}, "ASSAM": {"global_perc": 0.0004925175222580034, "local_perc": 0.07602339181286549}, "BIHAR": {"global_perc": 0.00013370771493515177, "local_perc": 0.03508771929824561}, "CHHATTISGARH": {"global_perc": 0.00014906091622776508, "local_perc": 0.017543859649122806}, "HIMACHAL PRADESH": {"global_perc": 0.0007733204446592557, "local_perc": 0.0935672514619883}, "JHARKHAND": {"global_perc": 0.0012039266530839044, "local_perc": 0.22807017543859648}, "KARNATAKA": {"global_perc": 0.00027266530334015, "local_perc": 0.04678362573099415}, "MIZORAM": {"global_perc": 0.0012048192771084338, "local_perc": 0.005847953216374269}, "Meghalaya": {"global_perc": 0.0004386606228980845, "local_perc": 0.017543859649122806}, "ODISHA": {"global_perc": 0.0006236236431313702, "local_perc": 0.1871345029239766}, "UTTAR PRADESH": {"global_perc": 0.0001498492142281829, "local_perc": 0.0935672514619883}, "UTTARAKHAND": {"global_perc": 0.0012505210504376823, "local_perc": 0.12280701754385964}, "West Bengal": {"global_perc": 0.00019891590829976627, "local_perc": 0.04678362573099415}}, "partition_field": "Stat_Nam", "Vil_Nam": "Baurayan", "Stat_Nam": "UTTAR PRADESH"}, {"data": [["Gov_Prim_School_Num", 70.0], ["Tot_Hous", 171.0], 0.4093567251461988], "data_low": {"Stat_Nam": "JAMMU & KASHMIR", "Vil_Nam": "Chak Sarkari", "Tot_Hous": "3", "Gov_Prim_School_Num": "1", "id": 1577}, "data_high": {"Stat_Nam": "UTTAR PRADESH", "Vil_Nam": "Naikpur", "Tot_Hous": "232", "Gov_Prim_School_Num": "90", "id": 146666}, "perc": 0.03195632100847083, "metric": 5974.374513930546, "value_global_local": {"ANDAMAN & NICOBAR ISLANDS": {"global_perc": 0.0036036036036036037, "local_perc": 0.010050251256281407}, "ANDHRA PRADESH": {"global_perc": 0.0003237410071942446, "local_perc": 0.04522613065326633}, "ASSAM": {"global_perc": 0.0004167455957567721, "local_perc": 0.05527638190954774}, "Arunachal Pradesh": {"global_perc": 0.0001789228842368939, "local_perc": 0.005025125628140704}, "BIHAR": {"global_perc": 8.91384766234345e-05, "local_perc": 0.020100502512562814}, "HARYANA": {"global_perc": 0.000146177459435755, "local_perc": 0.005025125628140704}, "HIMACHAL PRADESH": {"global_perc": 0.0010633156114064765, "local_perc": 0.11055276381909548}, "JAMMU & KASHMIR": {"global_perc": 0.00015260186174271325, "local_perc": 0.005025125628140704}, "JHARKHAND": {"global_perc": 0.0009260974254491572, "local_perc": 0.1507537688442211}, "KARNATAKA": {"global_perc": 0.00027266530334015, "local_perc": 0.04020100502512563}, "Maharashtra": {"global_perc": 6.870491240123669e-05, "local_perc": 0.01507537688442211}, "Meghalaya": {"global_perc": 0.00014622020763269483, "local_perc": 0.005025125628140704}, "NAGALAND": {"global_perc": 0.0007002801120448179, "local_perc": 0.005025125628140704}, "ODISHA": {"global_perc": 0.001032876658936332, "local_perc": 0.2663316582914573}, "UTTAR PRADESH": {"global_perc": 0.00020604266956375148, "local_perc": 0.11055276381909548}, "UTTARAKHAND": {"global_perc": 0.0016078127791341631, "local_perc": 0.135678391959799}, "West Bengal": {"global_perc": 7.459346561241235e-05, "local_perc": 0.01507537688442211}}, "partition_field": "Stat_Nam", "Vil_Nam": "Atirajpur", "Stat_Nam": "UTTAR PRADESH"}, {"data": [["Gov_Prim_School_Num", 63.0], ["Tot_Hous", 214.0], 0.29439252336448596], "data_low": {"Stat_Nam": "HIMACHAL PRADESH", "Vil_Nam": "Khajiar Jangal  (29)", "Tot_Hous": "4", "Gov_Prim_School_Num": "1", "id": 7675}, "data_high": {"Stat_Nam": "UTTAR PRADESH", "Vil_Nam": "Bhalasaiyed", "Tot_Hous": "322", "Gov_Prim_School_Num": "92", "id": 146644}, "perc": 0.08270103175559035, "metric": 5476.096445453683, "value_global_local": {"ANDHRA PRADESH": {"global_perc": 0.0008633093525179857, "local_perc": 0.04660194174757282}, "ASSAM": {"global_perc": 0.0018942981625307824, "local_perc": 0.0970873786407767}, "Arunachal Pradesh": {"global_perc": 0.003399534800500984, "local_perc": 0.036893203883495145}, "BIHAR": {"global_perc": 0.00040112314480545525, "local_perc": 0.03495145631067961}, "CHHATTISGARH": {"global_perc": 0.00039749577660737356, "local_perc": 0.015533980582524271}, "HARYANA": {"global_perc": 0.00029235491887151, "local_perc": 0.003883495145631068}, "HIMACHAL PRADESH": {"global_perc": 0.0024649589173513773, "local_perc": 0.09902912621359224}, "JHARKHAND": {"global_perc": 0.0025004630487127245, "local_perc": 0.15728155339805824}, "KARNATAKA": {"global_perc": 0.0011247443762781187, "local_perc": 0.06407766990291262}, "MADHYA PRADESH": {"global_perc": 1.821394095040344e-05, "local_perc": 0.001941747572815534}, "MANIPUR": {"global_perc": 0.0015497869043006587, "local_perc": 0.007766990291262136}, "Maharashtra": {"global_perc": 4.580327493415779e-05, "local_perc": 0.003883495145631068}, "Meghalaya": {"global_perc": 0.001754642491592338, "local_perc": 0.02330097087378641}, "NAGALAND": {"global_perc": 0.0021008403361344537, "local_perc": 0.005825242718446602}, "ODISHA": {"global_perc": 0.0018124062128505446, "local_perc": 0.18058252427184465}, "Tamil Nadu": {"global_perc": 0.00018774641717253895, "local_perc": 0.005825242718446602}, "UTTAR PRADESH": {"global_perc": 0.0003558918837919344, "local_perc": 0.07378640776699029}, "UTTARAKHAND": {"global_perc": 0.0025605907223247783, "local_perc": 0.08349514563106795}, "West Bengal": {"global_perc": 0.0007459346561241235, "local_perc": 0.05825242718446602}}, "partition_field": "Stat_Nam", "Vil_Nam": "Latupur", "Stat_Nam": "UTTAR PRADESH"}, {"data": [["Gov_Prim_School_Num", 6.0], ["Tot_Hous", 31.0], 0.1935483870967742], "data_low": {"Stat_Nam": "JAMMU & KASHMIR", "Vil_Nam": "Chak Rangi", "Tot_Hous": "6", "Gov_Prim_School_Num": "1", "id": 2087}, "data_high": {"Stat_Nam": "West Bengal", "Vil_Nam": "Man Kanali", "Tot_Hous": "65", "Gov_Prim_School_Num": "9", "id": 325303}, "perc": 0.29579669998795616, "metric": 5030.925277288176, "value_global_local": {"ANDAMAN & NICOBAR ISLANDS": {"global_perc": 0.0018018018018018018, "local_perc": 0.0005428881650380022}, "ANDHRA PRADESH": {"global_perc": 0.003129496402877698, "local_perc": 0.04723127035830619}, "ASSAM": {"global_perc": 0.006402727789354044, "local_perc": 0.09174809989142237}, "Arunachal Pradesh": {"global_perc": 0.022365360529611737, "local_perc": 0.06786102062975027}, "BIHAR": {"global_perc": 0.0011142309577929312, "local_perc": 0.02714440825190011}, "CHHATTISGARH": {"global_perc": 0.0013415482460498857, "local_perc": 0.014657980456026058}, "GOA": {"global_perc": 0.0029940119760479044, "local_perc": 0.0005428881650380022}, "HARYANA": {"global_perc": 0.001023242216050285, "local_perc": 0.003800217155266015}, "HIMACHAL PRADESH": {"global_perc": 0.009666505558240696, "local_perc": 0.10857763300760044}, "JAMMU & KASHMIR": {"global_perc": 0.001678620479169846, "local_perc": 0.005971769815418024}, "JHARKHAND": {"global_perc": 0.007655738717046366, "local_perc": 0.13463626492942454}, "KARNATAKA": {"global_perc": 0.0015337423312883436, "local_perc": 0.024429967426710098}, "MADHYA PRADESH": {"global_perc": 0.00034606487805766535, "local_perc": 0.01031487513572204}, "MANIPUR": {"global_perc": 0.003487020534676482, "local_perc": 0.004885993485342019}, "MIZORAM": {"global_perc": 0.0036144578313253013, "local_perc": 0.0016286644951140066}, "Maharashtra": {"global_perc": 0.00020611473720371008, "local_perc": 0.004885993485342019}, "Meghalaya": {"global_perc": 0.013452259102207926, "local_perc": 0.0499457111834962}, "NAGALAND": {"global_perc": 0.009103641456582634, "local_perc": 0.007057546145494028}, "ODISHA": {"global_perc": 0.006197259953617992, "local_perc": 0.17263843648208468}, "Punjab": {"global_perc": 7.948493760432397e-05, "local_perc": 0.0005428881650380022}, "RAJASTHAN": {"global_perc": 2.238538681948424e-05, "local_perc": 0.0005428881650380022}, "TRIPURA": {"global_perc": 0.001142857142857143, "local_perc": 0.0005428881650380022}, "Tamil Nadu": {"global_perc": 0.0005632392515176168, "local_perc": 0.004885993485342019}, "UTTAR PRADESH": {"global_perc": 0.0009833854683724502, "local_perc": 0.057003257328990226}, "UTTARAKHAND": {"global_perc": 0.012802953611623891, "local_perc": 0.11672095548317046}, "West Bengal": {"global_perc": 0.0018897011288477796, "local_perc": 0.04125950054288816}}, "partition_field": "Stat_Nam", "Vil_Nam": "Lagalur", "Stat_Nam": "KARNATAKA"}, {"data": [["Gov_Prim_School_Num", 4.0], ["Tot_Hous", 43.0], 0.09302325581395349], "data_low": {"Stat_Nam": "JAMMU & KASHMIR", "Vil_Nam": "Pitho Bala", "Tot_Hous": "11", "Gov_Prim_School_Num": "1", "id": 1913}, "data_high": {"Stat_Nam": "JAMMU & KASHMIR", "Vil_Nam": "Samote", "Tot_Hous": "138", "Gov_Prim_School_Num": "9", "id": 1230}, "perc": 5.080412702236139, "metric": 4378.116460460719, "value_global_local": {"ANDAMAN & NICOBAR ISLANDS": {"global_perc": 0.07207207207207207, "local_perc": 0.001264342383917565}, "ANDHRA PRADESH": {"global_perc": 0.05737410071942446, "local_perc": 0.0504156525587129}, "ASSAM": {"global_perc": 0.08747868914567153, "local_perc": 0.07298416411164144}, "Arunachal Pradesh": {"global_perc": 0.20093039899803186, "local_perc": 0.035496412428485634}, "BIHAR": {"global_perc": 0.018518518518518517, "local_perc": 0.02626671302588741}, "CHHATTISGARH": {"global_perc": 0.06320182848057239, "local_perc": 0.04020608780857856}, "Dadra & Nagar Haveli": {"global_perc": 0.03076923076923077, "local_perc": 6.321711919587824e-05}, "GOA": {"global_perc": 0.041916167664670656, "local_perc": 0.0004425198343711477}, "HARYANA": {"global_perc": 0.011548019295424646, "local_perc": 0.0024970762082371905}, "HIMACHAL PRADESH": {"global_perc": 0.13876268728854518, "local_perc": 0.09074817460568321}, "JAMMU & KASHMIR": {"global_perc": 0.09491835800396765, "local_perc": 0.019660524069918132}, "JHARKHAND": {"global_perc": 0.09424584799654256, "local_perc": 0.09650093245250814}, "KARNATAKA": {"global_perc": 0.04369461486025903, "local_perc": 0.04052217340455795}, "LAKSHADWEEP": {"global_perc": 0.047619047619047616, "local_perc": 3.160855959793912e-05}, "MADHYA PRADESH": {"global_perc": 0.04804837622716427, "local_perc": 0.08338338021936341}, "MANIPUR": {"global_perc": 0.12630763270050369, "local_perc": 0.010304390428928153}, "MIZORAM": {"global_perc": 0.09759036144578313, "local_perc": 0.002560293327433069}, "Maharashtra": {"global_perc": 0.025191801213786787, "local_perc": 0.03476941555773303}, "Meghalaya": {"global_perc": 0.23833893844129259, "local_perc": 0.05152195214464077}, "NAGALAND": {"global_perc": 0.10644257703081232, "local_perc": 0.004804501058886746}, "NCT OF DELHI": {"global_perc": 0.017857142857142856, "local_perc": 6.321711919587824e-05}, "ODISHA": {"global_perc": 0.08264962095375442, "local_perc": 0.13405190125485983}, "Punjab": {"global_perc": 0.015817502583260472, "local_perc": 0.006290103359989885}, "RAJASTHAN": {"global_perc": 0.0004253223495702006, "local_perc": 0.0006005626323608433}, "SIKKIM": {"global_perc": 0.022172949002217297, "local_perc": 0.00031608559597939124}, "TRIPURA": {"global_perc": 0.032, "local_perc": 0.0008850396687422954}, "Tamil Nadu": {"global_perc": 0.006884035296326429, "local_perc": 0.0034769415557733036}, "UTTAR PRADESH": {"global_perc": 0.012521774963942533, "local_perc": 0.04226064418244461}, "UTTARAKHAND": {"global_perc": 0.1909724289882689, "local_perc": 0.10136865063059076}, "West Bengal": {"global_perc": 0.03637674673031976, "local_perc": 0.04624332269178494}}, "partition_field": "Stat_Nam", "Vil_Nam": "Skiumarkha", "Stat_Nam": "JAMMU & KASHMIR"}]