[{"data": [["Fam_Wel_Cen_Doc_In_Pos_Num", 0.0], ["Fam_Wel_Cen_Par_Med_Staf_In_Pos_Num", 1.0], 0.0], "data_low": {"Stat_Nam": "HIMACHAL PRADESH", "Vil_Nam": "Muhal Gojra (20/20)", "Fam_Wel_Cen_Doc_In_Pos_Num": "", "Fam_Wel_Cen_Par_Med_Staf_In_Pos_Num": "1", "id": 12596}, "data_high": {"Stat_Nam": "UTTAR PRADESH", "Vil_Nam": "Lakhanapur", "Fam_Wel_Cen_Doc_In_Pos_Num": "1", "Fam_Wel_Cen_Par_Med_Staf_In_Pos_Num": "20", "id": 143957}, "perc": 1.5297282106869003, "metric": 98.47027277421279, "value_global_local": {"ANDAMAN & NICOBAR ISLANDS": {"global_perc": 0.016216216216216217, "local_perc": 0.0009447826999790048}, "ASSAM": {"global_perc": 0.0002652017427543095, "local_perc": 0.0007348309888725593}, "Arunachal Pradesh": {"global_perc": 0.0003578457684737878, "local_perc": 0.0002099517111064455}, "BIHAR": {"global_perc": 0.05370593216561929, "local_perc": 0.25299181188326686}, "Dadra & Nagar Haveli": {"global_perc": 0.015384615384615385, "local_perc": 0.00010497585555322275}, "GOA": {"global_perc": 0.023952095808383235, "local_perc": 0.000839806844425782}, "HARYANA": {"global_perc": 0.00438532378307265, "local_perc": 0.003149275666596683}, "HIMACHAL PRADESH": {"global_perc": 0.0009666505558240696, "local_perc": 0.0020995171110644553}, "JAMMU & KASHMIR": {"global_perc": 0.00015260186174271325, "local_perc": 0.00010497585555322275}, "JHARKHAND": {"global_perc": 0.0019139346792615916, "local_perc": 0.006508503044299811}, "KARNATAKA": {"global_perc": 0.20518064076346285, "local_perc": 0.631954650430401}, "MIZORAM": {"global_perc": 0.0012048192771084338, "local_perc": 0.00010497585555322275}, "NAGALAND": {"global_perc": 0.004201680672268907, "local_perc": 0.0006298551333193366}, "PUDUCHERRY": {"global_perc": 0.03333333333333333, "local_perc": 0.0003149275666596683}, "SIKKIM": {"global_perc": 0.31263858093126384, "local_perc": 0.014801595633004408}, "TRIPURA": {"global_perc": 0.008, "local_perc": 0.0007348309888725593}, "Tamil Nadu": {"global_perc": 0.0010638963639777207, "local_perc": 0.001784589544404787}, "UTTAR PRADESH": {"global_perc": 0.0010395789237080187, "local_perc": 0.011652319966407726}, "UTTARAKHAND": {"global_perc": 0.011671529804085035, "local_perc": 0.02057526768843166}, "West Bengal": {"global_perc": 0.011785767566761151, "local_perc": 0.049758555532227584}}, "partition_field": "Stat_Nam", "Vil_Nam": "Keshwan", "Stat_Nam": "JAMMU & KASHMIR"}, {"data": [["Fam_Wel_Cen_Doc_In_Pos_Num", 2.0], ["Fam_Wel_Cen_Par_Med_Staf_In_Pos_Num", 19.0], 0.10526315789473684], "data_low": {"Stat_Nam": "Punjab", "Vil_Nam": "Sehna (438)", "Fam_Wel_Cen_Doc_In_Pos_Num": "1", "Fam_Wel_Cen_Par_Med_Staf_In_Pos_Num": "9", "id": 39805}, "data_high": {"Stat_Nam": "PUDUCHERRY", "Vil_Nam": "Karikalampakkam", "Fam_Wel_Cen_Doc_In_Pos_Num": "5", "Fam_Wel_Cen_Par_Med_Staf_In_Pos_Num": "29", "id": 622125}, "perc": 0.05315347866233089, "metric": 99.94684741577781, "value_global_local": {"": {"global_perc": 0.0006316258317686675, "local_perc": 0.9939577039274925}, "BORAGAONWADI": {"global_perc": 1.0, "local_perc": 0.0030211480362537764}, "GUDRI": {"global_perc": 0.25, "local_perc": 0.0030211480362537764}}, "partition_field": "Near_Vil_Tow_Nam_hav_Prim_School", "Vil_Nam": "Nettapakkam", "Stat_Nam": "PUDUCHERRY"}, {"data": [["Fam_Wel_Cen_Doc_In_Pos_Num", 3.0], ["Fam_Wel_Cen_Par_Med_Staf_In_Pos_Num", 14.0], 0.21428571428571427], "data_low": {"Stat_Nam": "JAMMU & KASHMIR", "Vil_Nam": "Kot Ranka", "Fam_Wel_Cen_Doc_In_Pos_Num": "1", "Fam_Wel_Cen_Par_Med_Staf_In_Pos_Num": "4", "id": 1447}, "data_high": {"Stat_Nam": "PUDUCHERRY", "Vil_Nam": "Nedungadu", "Fam_Wel_Cen_Doc_In_Pos_Num": "6", "Fam_Wel_Cen_Par_Med_Staf_In_Pos_Num": "26", "id": 622157}, "perc": 0.10213175960496206, "metric": 99.89786902546388, "value_global_local": {"": {"global_perc": 0.0012018169321798963, "local_perc": 0.9842767295597484}, "ANDIPATTI": {"global_perc": 0.25, "local_perc": 0.0015723270440251573}, "BASANTPUR": {"global_perc": 0.02564102564102564, "local_perc": 0.0015723270440251573}, "BASOLI MALLI": {"global_perc": 0.5, "local_perc": 0.0015723270440251573}, "DHNGULI": {"global_perc": 1.0, "local_perc": 0.0015723270440251573}, "DUNGRI MALLI": {"global_perc": 0.5, "local_perc": 0.0015723270440251573}, "GHINDWARA": {"global_perc": 0.14285714285714285, "local_perc": 0.0015723270440251573}, "KANDI": {"global_perc": 0.08333333333333333, "local_perc": 0.0015723270440251573}, "KUMIZHI": {"global_perc": 1.0, "local_perc": 0.0015723270440251573}, "MALAU": {"global_perc": 1.0, "local_perc": 0.0015723270440251573}, "VADAKATTUPATTI": {"global_perc": 1.0, "local_perc": 0.0015723270440251573}}, "partition_field": "Near_Vil_Tow_Nam_hav_Prim_School", "Vil_Nam": "Kabilakkurichi", "Stat_Nam": "Tamil Nadu"}, {"data": [["Fam_Wel_Cen_Doc_In_Pos_Num", 6.0], ["Fam_Wel_Cen_Par_Med_Staf_In_Pos_Num", 19.0], 0.3157894736842105], "data_low": {"Stat_Nam": "JAMMU & KASHMIR", "Vil_Nam": "Mayan", "Fam_Wel_Cen_Doc_In_Pos_Num": "1", "Fam_Wel_Cen_Par_Med_Staf_In_Pos_Num": "3", "id": 2520}, "data_high": {"Stat_Nam": "Tamil Nadu", "Vil_Nam": "Vadakuthu", "Fam_Wel_Cen_Doc_In_Pos_Num": "9", "Fam_Wel_Cen_Par_Med_Staf_In_Pos_Num": "25", "id": 614041}, "perc": 0.2742783732787346, "metric": 99.72572230919162, "value_global_local": {"": {"global_perc": 0.0032406820791048957, "local_perc": 0.9882903981264637}, "AZAMPUR": {"global_perc": 0.5, "local_perc": 0.000585480093676815}, "BASAULI": {"global_perc": 0.3333333333333333, "local_perc": 0.000585480093676815}, "DABARI": {"global_perc": 1.0, "local_perc": 0.000585480093676815}, "DAWAL GARH": {"global_perc": 0.25, "local_perc": 0.000585480093676815}, "DUNGRI MALLI": {"global_perc": 0.5, "local_perc": 0.000585480093676815}, "GAGELISAUR": {"global_perc": 1.0, "local_perc": 0.000585480093676815}, "GHURET": {"global_perc": 1.0, "local_perc": 0.000585480093676815}, "GRASTANGANJ": {"global_perc": 1.0, "local_perc": 0.000585480093676815}, "GURPHALI": {"global_perc": 1.0, "local_perc": 0.000585480093676815}, "JASKOT": {"global_perc": 0.3333333333333333, "local_perc": 0.000585480093676815}, "KAFOL GAON TALLA": {"global_perc": 0.5, "local_perc": 0.000585480093676815}, "KAKWARA": {"global_perc": 1.0, "local_perc": 0.000585480093676815}, "KHARAR": {"global_perc": 0.1111111111111111, "local_perc": 0.000585480093676815}, "KOLARI": {"global_perc": 1.0, "local_perc": 0.000585480093676815}, "KULLATHILVAI": {"global_perc": 0.3333333333333333, "local_perc": 0.000585480093676815}, "N.A.": {"global_perc": 9.471490812653911e-05, "local_perc": 0.000585480093676815}, "PATHOLI": {"global_perc": 1.0, "local_perc": 0.000585480093676815}, "SYAHI DEVI GUNTH": {"global_perc": 1.0, "local_perc": 0.000585480093676815}, "SYALDE": {"global_perc": 0.3333333333333333, "local_perc": 0.000585480093676815}, "VELLALAPATTI": {"global_perc": 0.5, "local_perc": 0.000585480093676815}}, "partition_field": "Near_Vil_Tow_Nam_hav_Prim_School", "Vil_Nam": "Mannadipet", "Stat_Nam": "PUDUCHERRY"}, {"data": [["Fam_Wel_Cen_Doc_In_Pos_Num", 3.0], ["Fam_Wel_Cen_Par_Med_Staf_In_Pos_Num", 7.0], 0.42857142857142855], "data_low": {"Stat_Nam": "JAMMU & KASHMIR", "Vil_Nam": "Sogam", "Fam_Wel_Cen_Doc_In_Pos_Num": "1", "Fam_Wel_Cen_Par_Med_Staf_In_Pos_Num": "2", "id": 36}, "data_high": {"Stat_Nam": "Tamil Nadu", "Vil_Nam": "Chickadasampalayam", "Fam_Wel_Cen_Doc_In_Pos_Num": "8", "Fam_Wel_Cen_Par_Med_Staf_In_Pos_Num": "18", "id": 621552}, "perc": 0.6042795776626921, "metric": 99.39572099042647, "value_global_local": {"ANDHRA PRADESH": {"global_perc": 0.001079136690647482, "local_perc": 0.007972362476747276}, "ASSAM": {"global_perc": 0.0008334911915135442, "local_perc": 0.005846399149614669}, "Arunachal Pradesh": {"global_perc": 0.0007156915369475756, "local_perc": 0.0010629816635663034}, "BIHAR": {"global_perc": 0.012390248250657395, "local_perc": 0.14775445123571618}, "CHANDIGARH": {"global_perc": 0.2, "local_perc": 0.00026574541589157585}, "HARYANA": {"global_perc": 0.001315597134921795, "local_perc": 0.0023917087430241827}, "HIMACHAL PRADESH": {"global_perc": 0.0002899951667472209, "local_perc": 0.0015944724953494552}, "JAMMU & KASHMIR": {"global_perc": 0.019380436441324585, "local_perc": 0.033749667818230134}, "JHARKHAND": {"global_perc": 0.0016978452799901217, "local_perc": 0.014615997874036673}, "KARNATAKA": {"global_perc": 0.005521472392638037, "local_perc": 0.04305075737443529}, "MADHYA PRADESH": {"global_perc": 0.002604593555907692, "local_perc": 0.03800159447249535}, "MANIPUR": {"global_perc": 0.0003874467260751647, "local_perc": 0.00026574541589157585}, "NCT OF DELHI": {"global_perc": 0.017857142857142856, "local_perc": 0.0005314908317831517}, "PUDUCHERRY": {"global_perc": 0.06666666666666667, "local_perc": 0.0015944724953494552}, "Punjab": {"global_perc": 0.003020427628964311, "local_perc": 0.010098325803879883}, "RAJASTHAN": {"global_perc": 0.030018803724928367, "local_perc": 0.3563646027106032}, "SIKKIM": {"global_perc": 0.008869179600886918, "local_perc": 0.0010629816635663034}, "TRIPURA": {"global_perc": 0.004571428571428572, "local_perc": 0.0010629816635663034}, "Tamil Nadu": {"global_perc": 0.02115276300143939, "local_perc": 0.08982195057135264}, "UTTAR PRADESH": {"global_perc": 0.007820255867533295, "local_perc": 0.22189742226946585}, "UTTARAKHAND": {"global_perc": 0.0036324659084142202, "local_perc": 0.016210470369386127}, "West Bengal": {"global_perc": 0.00044756079367447413, "local_perc": 0.0047834174860483655}}, "partition_field": "Stat_Nam", "Vil_Nam": "Kathoomar", "Stat_Nam": "RAJASTHAN"}, {"data": [["Fam_Wel_Cen_Doc_In_Pos_Num", 3.0], ["Fam_Wel_Cen_Par_Med_Staf_In_Pos_Num", 5.0], 0.6], "data_low": {"Stat_Nam": "JAMMU & KASHMIR", "Vil_Nam": "Gushi", "Fam_Wel_Cen_Doc_In_Pos_Num": "2", "Fam_Wel_Cen_Par_Med_Staf_In_Pos_Num": "3", "id": 59}, "data_high": {"Stat_Nam": "West Bengal", "Vil_Nam": "Goalpota", "Fam_Wel_Cen_Doc_In_Pos_Num": "9", "Fam_Wel_Cen_Par_Med_Staf_In_Pos_Num": "13", "id": 330938}, "perc": 0.02135774218154081, "metric": 99.97864265781303, "value_global_local": {"ANDHRA PRADESH": {"global_perc": 0.0003956834532374101, "local_perc": 0.08270676691729323}, "ASSAM": {"global_perc": 0.00011365788975184695, "local_perc": 0.022556390977443608}, "Arunachal Pradesh": {"global_perc": 0.0001789228842368939, "local_perc": 0.007518796992481203}, "BIHAR": {"global_perc": 0.000713107812987476, "local_perc": 0.24060150375939848}, "HIMACHAL PRADESH": {"global_perc": 4.833252779120348e-05, "local_perc": 0.007518796992481203}, "JAMMU & KASHMIR": {"global_perc": 0.0022890279261406988, "local_perc": 0.11278195488721804}, "JHARKHAND": {"global_perc": 0.00030869914181638574, "local_perc": 0.07518796992481203}, "KARNATAKA": {"global_perc": 6.81663258350375e-05, "local_perc": 0.015037593984962405}, "MADHYA PRADESH": {"global_perc": 0.00027320911425605157, "local_perc": 0.11278195488721804}, "Punjab": {"global_perc": 0.00015896987520864795, "local_perc": 0.015037593984962405}, "RAJASTHAN": {"global_perc": 8.954154727793696e-05, "local_perc": 0.03007518796992481}, "SIKKIM": {"global_perc": 0.0066518847006651885, "local_perc": 0.022556390977443608}, "TRIPURA": {"global_perc": 0.0034285714285714284, "local_perc": 0.022556390977443608}, "Tamil Nadu": {"global_perc": 0.00012516427811502597, "local_perc": 0.015037593984962405}, "UTTAR PRADESH": {"global_perc": 0.00022477382134227433, "local_perc": 0.18045112781954886}, "UTTARAKHAND": {"global_perc": 5.954862144941345e-05, "local_perc": 0.007518796992481203}, "West Bengal": {"global_perc": 9.945795414988313e-05, "local_perc": 0.03007518796992481}}, "partition_field": "Stat_Nam", "Vil_Nam": "Baki Aker", "Stat_Nam": "JAMMU & KASHMIR"}, {"data": [["Fam_Wel_Cen_Doc_In_Pos_Num", 5.0], ["Fam_Wel_Cen_Par_Med_Staf_In_Pos_Num", 7.0], 0.7142857142857143], "data_low": {"Stat_Nam": "UTTAR PRADESH", "Vil_Nam": "Ramnagar Sikari", "Fam_Wel_Cen_Doc_In_Pos_Num": "18", "Fam_Wel_Cen_Par_Med_Staf_In_Pos_Num": "25", "id": 210648}, "data_high": {"Stat_Nam": "JHARKHAND", "Vil_Nam": "Lothmana", "Fam_Wel_Cen_Doc_In_Pos_Num": "7", "Fam_Wel_Cen_Par_Med_Staf_In_Pos_Num": "9", "id": 371207}, "perc": 0.0036934441366574334, "metric": 99.99630684162422, "value_global_local": {"ASSAM": {"global_perc": 3.7885963250615644e-05, "local_perc": 0.043478260869565216}, "JAMMU & KASHMIR": {"global_perc": 0.00015260186174271325, "local_perc": 0.043478260869565216}, "JHARKHAND": {"global_perc": 3.086991418163858e-05, "local_perc": 0.043478260869565216}, "MADHYA PRADESH": {"global_perc": 0.00020035335045443783, "local_perc": 0.4782608695652174}, "RAJASTHAN": {"global_perc": 2.238538681948424e-05, "local_perc": 0.043478260869565216}, "TRIPURA": {"global_perc": 0.001142857142857143, "local_perc": 0.043478260869565216}, "Tamil Nadu": {"global_perc": 6.258213905751299e-05, "local_perc": 0.043478260869565216}, "UTTAR PRADESH": {"global_perc": 5.619345533556858e-05, "local_perc": 0.2608695652173913}}, "partition_field": "Stat_Nam", "Vil_Nam": "Purba Nalichhara", "Stat_Nam": "TRIPURA"}, {"data": [["Fam_Wel_Cen_Doc_In_Pos_Num", 5.0], ["Fam_Wel_Cen_Par_Med_Staf_In_Pos_Num", 6.0], 0.8333333333333334], "data_low": {"Stat_Nam": "UTTAR PRADESH", "Vil_Nam": "Basrehar", "Fam_Wel_Cen_Doc_In_Pos_Num": "5", "Fam_Wel_Cen_Par_Med_Staf_In_Pos_Num": "6", "id": 146759}, "data_high": {"Stat_Nam": "UTTAR PRADESH", "Vil_Nam": "Basrehar", "Fam_Wel_Cen_Doc_In_Pos_Num": "5", "Fam_Wel_Cen_Par_Med_Staf_In_Pos_Num": "6", "id": 146759}, "perc": 0.00016058452768075794, "metric": 99.99983958217206, "value_global_local": {}, "partition_field": null, "Vil_Nam": "Basrehar", "Stat_Nam": "UTTAR PRADESH"}, {"data": [["Fam_Wel_Cen_Doc_In_Pos_Num", 2.0], ["Fam_Wel_Cen_Par_Med_Staf_In_Pos_Num", 2.0], 1.0], "data_low": {"Stat_Nam": "JAMMU & KASHMIR", "Vil_Nam": "Krala Gund", "Fam_Wel_Cen_Doc_In_Pos_Num": "1", "Fam_Wel_Cen_Par_Med_Staf_In_Pos_Num": "1", "id": 296}, "data_high": {"Stat_Nam": "JHARKHAND", "Vil_Nam": "Sarjomhatu", "Fam_Wel_Cen_Doc_In_Pos_Num": "7", "Fam_Wel_Cen_Par_Med_Staf_In_Pos_Num": "7", "id": 375144}, "perc": 1.2442089204705127, "metric": 98.75579107952949, "value_global_local": {"ANDHRA PRADESH": {"global_perc": 0.0002158273381294964, "local_perc": 0.0007743933918430562}, "ASSAM": {"global_perc": 0.011479446864936542, "local_perc": 0.03910686628807434}, "Arunachal Pradesh": {"global_perc": 0.0005367686527106817, "local_perc": 0.0003871966959215281}, "BIHAR": {"global_perc": 0.027833489325667423, "local_perc": 0.16120289106866287}, "GOA": {"global_perc": 0.15568862275449102, "local_perc": 0.006711409395973154}, "HARYANA": {"global_perc": 0.00380061394532963, "local_perc": 0.003355704697986577}, "HIMACHAL PRADESH": {"global_perc": 0.007491541807636539, "local_perc": 0.020005162622612288}, "JAMMU & KASHMIR": {"global_perc": 0.011139935907218068, "local_perc": 0.009421786267423852}, "JHARKHAND": {"global_perc": 0.012039266530839044, "local_perc": 0.050335570469798654}, "KARNATAKA": {"global_perc": 0.02556237218813906, "local_perc": 0.09679917398038203}, "KERALA": {"global_perc": 0.5648330058939096, "local_perc": 0.07421270005162622}, "MADHYA PRADESH": {"global_perc": 0.01329617689379451, "local_perc": 0.09421786267423851}, "MANIPUR": {"global_perc": 0.0003874467260751647, "local_perc": 0.00012906556530717606}, "Maharashtra": {"global_perc": 0.04273445551356922, "local_perc": 0.2408363448631905}, "Meghalaya": {"global_perc": 0.019154847199883022, "local_perc": 0.016907589055240063}, "NCT OF DELHI": {"global_perc": 0.044642857142857144, "local_perc": 0.0006453278265358802}, "ODISHA": {"global_perc": 0.008652778048447761, "local_perc": 0.05730511099638617}, "PUDUCHERRY": {"global_perc": 0.2777777777777778, "local_perc": 0.003226639132679401}, "Punjab": {"global_perc": 0.034099038232254984, "local_perc": 0.05536912751677853}, "RAJASTHAN": {"global_perc": 0.0008730300859598854, "local_perc": 0.0050335570469798654}, "SIKKIM": {"global_perc": 0.0066518847006651885, "local_perc": 0.0003871966959215281}, "TRIPURA": {"global_perc": 0.016, "local_perc": 0.0018069179143004647}, "UTTAR PRADESH": {"global_perc": 0.003240489257684455, "local_perc": 0.04465668559628291}, "UTTARAKHAND": {"global_perc": 0.004644792473054249, "local_perc": 0.010067114093959731}, "West Bengal": {"global_perc": 0.0013675468695608932, "local_perc": 0.007098606091894682}}, "partition_field": "Stat_Nam", "Vil_Nam": "Budnumbal", "Stat_Nam": "JAMMU & KASHMIR"}, {"data": [["Fam_Wel_Cen_Doc_In_Pos_Num", 4.0], ["Fam_Wel_Cen_Par_Med_Staf_In_Pos_Num", 3.0], 1.3333333333333333], "data_low": {"Stat_Nam": "UTTAR PRADESH", "Vil_Nam": "Panigawa", "Fam_Wel_Cen_Doc_In_Pos_Num": "4", "Fam_Wel_Cen_Par_Med_Staf_In_Pos_Num": "3", "id": 211356}, "data_high": {"Stat_Nam": "UTTAR PRADESH", "Vil_Nam": "Panigawa", "Fam_Wel_Cen_Doc_In_Pos_Num": "4", "Fam_Wel_Cen_Par_Med_Staf_In_Pos_Num": "3", "id": 211356}, "perc": 0.0003211690553615159, "metric": 99.9996784975457, "value_global_local": {}, "partition_field": null, "Vil_Nam": "Panigawa", "Stat_Nam": "UTTAR PRADESH"}, {"data": [["Fam_Wel_Cen_Doc_In_Pos_Num", 3.0], ["Fam_Wel_Cen_Par_Med_Staf_In_Pos_Num", 2.0], 1.5], "data_low": {"Stat_Nam": "JAMMU & KASHMIR", "Vil_Nam": "Tikri", "Fam_Wel_Cen_Doc_In_Pos_Num": "3", "Fam_Wel_Cen_Par_Med_Staf_In_Pos_Num": "2", "id": 4829}, "data_high": {"Stat_Nam": "JAMMU & KASHMIR", "Vil_Nam": "Tikri", "Fam_Wel_Cen_Doc_In_Pos_Num": "3", "Fam_Wel_Cen_Par_Med_Staf_In_Pos_Num": "2", "id": 4829}, "perc": 0.002569352442892127, "metric": 99.99743014746994, "value_global_local": {}, "partition_field": null, "Vil_Nam": "Tikri", "Stat_Nam": "JAMMU & KASHMIR"}, {"data": [["Fam_Wel_Cen_Doc_In_Pos_Num", 5.0], ["Fam_Wel_Cen_Par_Med_Staf_In_Pos_Num", 3.0], 1.6666666666666667], "data_low": {"Stat_Nam": "UTTAR PRADESH", "Vil_Nam": "Mamari Mu. Daranagar", "Fam_Wel_Cen_Doc_In_Pos_Num": "5", "Fam_Wel_Cen_Par_Med_Staf_In_Pos_Num": "3", "id": 211313}, "data_high": {"Stat_Nam": "UTTAR PRADESH", "Vil_Nam": "Mamari Mu. Daranagar", "Fam_Wel_Cen_Doc_In_Pos_Num": "5", "Fam_Wel_Cen_Par_Med_Staf_In_Pos_Num": "3", "id": 211313}, "perc": 0.00016058452768075794, "metric": 99.99983874867337, "value_global_local": {}, "partition_field": null, "Vil_Nam": "Mamari Mu. Daranagar", "Stat_Nam": "UTTAR PRADESH"}, {"data": [["Fam_Wel_Cen_Doc_In_Pos_Num", 2.0], ["Fam_Wel_Cen_Par_Med_Staf_In_Pos_Num", 1.0], 2.0], "data_low": {"Stat_Nam": "JAMMU & KASHMIR", "Vil_Nam": "Gana Pora", "Fam_Wel_Cen_Doc_In_Pos_Num": "2", "Fam_Wel_Cen_Par_Med_Staf_In_Pos_Num": "1", "id": 193}, "data_high": {"Stat_Nam": "HIMACHAL PRADESH", "Vil_Nam": "Bathri Jarai  (82)", "Fam_Wel_Cen_Doc_In_Pos_Num": "4", "Fam_Wel_Cen_Par_Med_Staf_In_Pos_Num": "2", "id": 7324}, "perc": 0.01734312898952186, "metric": 99.9826558709839, "value_global_local": {"Arunachal Pradesh": {"global_perc": 0.0005367686527106817, "local_perc": 0.027777777777777776}, "BIHAR": {"global_perc": 0.0004456923831171725, "local_perc": 0.18518518518518517}, "HARYANA": {"global_perc": 0.00029235491887151, "local_perc": 0.018518518518518517}, "HIMACHAL PRADESH": {"global_perc": 9.666505558240696e-05, "local_perc": 0.018518518518518517}, "JAMMU & KASHMIR": {"global_perc": 0.0003052037234854265, "local_perc": 0.018518518518518517}, "JHARKHAND": {"global_perc": 0.0002469593134531086, "local_perc": 0.07407407407407407}, "MADHYA PRADESH": {"global_perc": 0.0005646321694625066, "local_perc": 0.28703703703703703}, "Punjab": {"global_perc": 0.00047690962562594387, "local_perc": 0.05555555555555555}, "RAJASTHAN": {"global_perc": 0.0002686246418338109, "local_perc": 0.1111111111111111}, "TRIPURA": {"global_perc": 0.001142857142857143, "local_perc": 0.009259259259259259}, "UTTAR PRADESH": {"global_perc": 0.00011238691067113716, "local_perc": 0.1111111111111111}, "UTTARAKHAND": {"global_perc": 0.00029774310724706724, "local_perc": 0.046296296296296294}, "West Bengal": {"global_perc": 9.945795414988313e-05, "local_perc": 0.037037037037037035}}, "partition_field": "Stat_Nam", "Vil_Nam": "Gana Pora", "Stat_Nam": "JAMMU & KASHMIR"}, {"data": [["Fam_Wel_Cen_Doc_In_Pos_Num", 9.0], ["Fam_Wel_Cen_Par_Med_Staf_In_Pos_Num", 4.0], 2.25], "data_low": {"Stat_Nam": "MADHYA PRADESH", "Vil_Nam": "Nagjhiri", "Fam_Wel_Cen_Doc_In_Pos_Num": "9", "Fam_Wel_Cen_Par_Med_Staf_In_Pos_Num": "4", "id": 475168}, "data_high": {"Stat_Nam": "MADHYA PRADESH", "Vil_Nam": "Nagjhiri", "Fam_Wel_Cen_Doc_In_Pos_Num": "9", "Fam_Wel_Cen_Par_Med_Staf_In_Pos_Num": "4", "id": 475168}, "perc": 0.00016058452768075794, "metric": 99.99983816522429, "value_global_local": {}, "partition_field": null, "Vil_Nam": "Nagjhiri", "Stat_Nam": "MADHYA PRADESH"}, {"data": [["Fam_Wel_Cen_Doc_In_Pos_Num", 5.0], ["Fam_Wel_Cen_Par_Med_Staf_In_Pos_Num", 2.0], 2.5], "data_low": {"Stat_Nam": "UTTARAKHAND", "Vil_Nam": "Sirodi", "Fam_Wel_Cen_Doc_In_Pos_Num": "5", "Fam_Wel_Cen_Par_Med_Staf_In_Pos_Num": "2", "id": 54239}, "data_high": {"Stat_Nam": "UTTARAKHAND", "Vil_Nam": "Sirodi", "Fam_Wel_Cen_Doc_In_Pos_Num": "5", "Fam_Wel_Cen_Par_Med_Staf_In_Pos_Num": "2", "id": 54239}, "perc": 0.0004817535830422739, "metric": 99.99951674612414, "value_global_local": {}, "partition_field": null, "Vil_Nam": "Sirodi", "Stat_Nam": "UTTARAKHAND"}, {"data": [["Fam_Wel_Cen_Doc_In_Pos_Num", 3.0], ["Fam_Wel_Cen_Par_Med_Staf_In_Pos_Num", 1.0], 3.0], "data_low": {"Stat_Nam": "UTTAR PRADESH", "Vil_Nam": "Devpur", "Fam_Wel_Cen_Doc_In_Pos_Num": "3", "Fam_Wel_Cen_Par_Med_Staf_In_Pos_Num": "1", "id": 214604}, "data_high": {"Stat_Nam": "JHARKHAND", "Vil_Nam": "Jhujhko", "Fam_Wel_Cen_Doc_In_Pos_Num": "6", "Fam_Wel_Cen_Par_Med_Staf_In_Pos_Num": "2", "id": 360347}, "perc": 0.0009635071660845478, "metric": 99.99903449245312, "value_global_local": {}, "partition_field": null, "Vil_Nam": "Devpur", "Stat_Nam": "UTTAR PRADESH"}, {"data": [["Fam_Wel_Cen_Doc_In_Pos_Num", 7.0], ["Fam_Wel_Cen_Par_Med_Staf_In_Pos_Num", 2.0], 3.5], "data_low": {"Stat_Nam": "UTTAR PRADESH", "Vil_Nam": "Patkhauli", "Fam_Wel_Cen_Doc_In_Pos_Num": "7", "Fam_Wel_Cen_Par_Med_Staf_In_Pos_Num": "2", "id": 210726}, "data_high": {"Stat_Nam": "UTTAR PRADESH", "Vil_Nam": "Patkhauli", "Fam_Wel_Cen_Doc_In_Pos_Num": "7", "Fam_Wel_Cen_Par_Med_Staf_In_Pos_Num": "2", "id": 210726}, "perc": 0.00016058452768075794, "metric": 99.99983691497627, "value_global_local": {}, "partition_field": null, "Vil_Nam": "Patkhauli", "Stat_Nam": "UTTAR PRADESH"}, {"data": [["Fam_Wel_Cen_Doc_In_Pos_Num", 4.0], ["Fam_Wel_Cen_Par_Med_Staf_In_Pos_Num", 1.0], 4.0], "data_low": {"Stat_Nam": "Punjab", "Vil_Nam": "Manak rai (29)", "Fam_Wel_Cen_Doc_In_Pos_Num": "4", "Fam_Wel_Cen_Par_Med_Staf_In_Pos_Num": "1", "id": 30431}, "data_high": {"Stat_Nam": "UTTAR PRADESH", "Vil_Nam": "Kotawa", "Fam_Wel_Cen_Doc_In_Pos_Num": "8", "Fam_Wel_Cen_Par_Med_Staf_In_Pos_Num": "2", "id": 199054}, "perc": 0.0004817535830422739, "metric": 99.99951524583132, "value_global_local": {}, "partition_field": null, "Vil_Nam": "Manak rai (29)", "Stat_Nam": "Punjab"}, {"data": [["Fam_Wel_Cen_Doc_In_Pos_Num", 6.0], ["Fam_Wel_Cen_Par_Med_Staf_In_Pos_Num", 1.0], 6.0], "data_low": {"Stat_Nam": "UTTAR PRADESH", "Vil_Nam": "Mathauli", "Fam_Wel_Cen_Doc_In_Pos_Num": "6", "Fam_Wel_Cen_Par_Med_Staf_In_Pos_Num": "1", "id": 188050}, "data_high": {"Stat_Nam": "UTTAR PRADESH", "Vil_Nam": "Mathauli", "Fam_Wel_Cen_Doc_In_Pos_Num": "6", "Fam_Wel_Cen_Par_Med_Staf_In_Pos_Num": "1", "id": 188050}, "perc": 0.0004817535830422739, "metric": 99.9995132454409, "value_global_local": {}, "partition_field": null, "Vil_Nam": "Mathauli", "Stat_Nam": "UTTAR PRADESH"}, {"data": [["Fam_Wel_Cen_Doc_In_Pos_Num", 2.0], ["Fam_Wel_Cen_Par_Med_Staf_In_Pos_Num", 0.0], 9999], "data_low": {"Stat_Nam": "HIMACHAL PRADESH", "Vil_Nam": "Barali (111)", "Fam_Wel_Cen_Doc_In_Pos_Num": "1", "Fam_Wel_Cen_Par_Med_Staf_In_Pos_Num": "0", "id": 13356}, "data_high": {"Stat_Nam": "UTTAR PRADESH", "Vil_Nam": "Har Chandpur", "Fam_Wel_Cen_Doc_In_Pos_Num": "8", "Fam_Wel_Cen_Par_Med_Staf_In_Pos_Num": "0", "id": 147282}, "perc": 0.0905696736119475, "metric": 99.89943938345534, "value_global_local": {"BIHAR": {"global_perc": 0.00011142309577929313, "local_perc": 0.008865248226950355}, "GOA": {"global_perc": 0.005988023952095809, "local_perc": 0.0035460992907801418}, "HIMACHAL PRADESH": {"global_perc": 0.0012566457225712904, "local_perc": 0.04609929078014184}, "JAMMU & KASHMIR": {"global_perc": 0.00015260186174271325, "local_perc": 0.0017730496453900709}, "JHARKHAND": {"global_perc": 0.0013582762239920973, "local_perc": 0.07801418439716312}, "MADHYA PRADESH": {"global_perc": 1.821394095040344e-05, "local_perc": 0.0017730496453900709}, "TRIPURA": {"global_perc": 0.0034285714285714284, "local_perc": 0.005319148936170213}, "UTTAR PRADESH": {"global_perc": 0.003652574596811958, "local_perc": 0.6914893617021277}, "UTTARAKHAND": {"global_perc": 0.001846007264931817, "local_perc": 0.0549645390070922}, "West Bengal": {"global_perc": 0.0015167338007857178, "local_perc": 0.10815602836879433}}, "partition_field": "Stat_Nam", "Vil_Nam": "Purmandal", "Stat_Nam": "JAMMU & KASHMIR"}, {"data": [["Fam_Wel_Cen_Doc_In_Pos_Num", 0], ["Fam_Wel_Cen_Par_Med_Staf_In_Pos_Num", 0], 99980001], "data_low": {"Stat_Nam": "JAMMU & KASHMIR", "Vil_Nam": "Bore", "Fam_Wel_Cen_Doc_In_Pos_Num": "", "Fam_Wel_Cen_Par_Med_Staf_In_Pos_Num": "", "id": 0}, "data_high": {"Stat_Nam": "JAMMU & KASHMIR", "Vil_Nam": "Palmar", "Fam_Wel_Cen_Doc_In_Pos_Num": "Fam_pos", "Fam_Wel_Cen_Par_Med_Staf_In_Pos_Num": "Fam_ppos", "id": 4582}, "perc": 96.05331406319002, "metric": 9.607252760798633e-07, "value_global_local": {"null": {"global_perc": 0.9605331406319001, "local_perc": 1.0}}, "partition_field": "Dist_Other", "Vil_Nam": "Bore", "Stat_Nam": "JAMMU & KASHMIR"}]