[{"data": [["Vet_Hos_Doc_In_Pos_Num", 0], ["Vet_Hos_Num", 1.0], 0.0], "data_low": {"Stat_Nam": "JAMMU & KASHMIR", "Vil_Nam": "Teki Pora", "Vet_Hos_Num": "1", "Vet_Hos_Doc_In_Pos_Num": "", "id": 32}, "data_high": {"Stat_Nam": "UTTAR PRADESH", "Vil_Nam": "Rendhar", "Vet_Hos_Num": "29", "Vet_Hos_Doc_In_Pos_Num": "1", "id": 150327}, "perc": 0.4592717491669678, "metric": 99.54072924643943, "value_global_local": {"ANDAMAN & NICOBAR ISLANDS": {"global_perc": 0.016216216216216217, "local_perc": 0.003146853146853147}, "ASSAM": {"global_perc": 0.000530403485508619, "local_perc": 0.0048951048951048955}, "Arunachal Pradesh": {"global_perc": 0.0005367686527106817, "local_perc": 0.001048951048951049}, "BIHAR": {"global_perc": 0.000178276953246869, "local_perc": 0.002797202797202797}, "CHHATTISGARH": {"global_perc": 0.013663917320878466, "local_perc": 0.09615384615384616}, "HARYANA": {"global_perc": 0.010086244701067096, "local_perc": 0.024125874125874126}, "HIMACHAL PRADESH": {"global_perc": 0.009666505558240696, "local_perc": 0.06993006993006994}, "JAMMU & KASHMIR": {"global_perc": 0.010987334045475354, "local_perc": 0.025174825174825177}, "JHARKHAND": {"global_perc": 0.0006482681978144101, "local_perc": 0.0073426573426573424}, "KARNATAKA": {"global_perc": 0.027675528289025222, "local_perc": 0.2839160839160839}, "MADHYA PRADESH": {"global_perc": 0.002240314736899623, "local_perc": 0.043006993006993004}, "MANIPUR": {"global_perc": 0.0019372336303758234, "local_perc": 0.0017482517482517483}, "MIZORAM": {"global_perc": 0.01927710843373494, "local_perc": 0.005594405594405594}, "NAGALAND": {"global_perc": 0.0028011204481792717, "local_perc": 0.0013986013986013986}, "PUDUCHERRY": {"global_perc": 0.1111111111111111, "local_perc": 0.0034965034965034965}, "RAJASTHAN": {"global_perc": 0.007320021489971347, "local_perc": 0.11433566433566433}, "TRIPURA": {"global_perc": 0.030857142857142857, "local_perc": 0.00944055944055944}, "UTTAR PRADESH": {"global_perc": 0.0023413939723153578, "local_perc": 0.08741258741258741}, "West Bengal": {"global_perc": 0.015291660450544533, "local_perc": 0.21503496503496503}}, "partition_field": "Stat_Nam", "Vil_Nam": "Teki Pora", "Stat_Nam": "JAMMU & KASHMIR"}, {"data": [["Vet_Hos_Doc_In_Pos_Num", 1.0], ["Vet_Hos_Num", 4.0], 0.25], "data_low": {"Stat_Nam": "West Bengal", "Vil_Nam": "Betad", "Vet_Hos_Num": "4", "Vet_Hos_Doc_In_Pos_Num": "1", "id": 329552}, "data_high": {"Stat_Nam": "West Bengal", "Vil_Nam": "Betad", "Vet_Hos_Num": "4", "Vet_Hos_Doc_In_Pos_Num": "1", "id": 329552}, "perc": 0.0006423381107230318, "metric": 99.9993584120345, "value_global_local": {}, "partition_field": null, "Vil_Nam": "Betad", "Stat_Nam": "West Bengal"}, {"data": [["Vet_Hos_Doc_In_Pos_Num", 1.0], ["Vet_Hos_Num", 2.0], 0.5], "data_low": {"Stat_Nam": "Punjab", "Vil_Nam": "Jatpur (323)", "Vet_Hos_Num": "2", "Vet_Hos_Doc_In_Pos_Num": "1", "id": 31343}, "data_high": {"Stat_Nam": "Punjab", "Vil_Nam": "Jatpur (323)", "Vet_Hos_Num": "2", "Vet_Hos_Doc_In_Pos_Num": "1", "id": 31343}, "perc": 0.013970853908225944, "metric": 99.98602964612192, "value_global_local": {"ANDHRA PRADESH": {"global_perc": 0.0001079136690647482, "local_perc": 0.034482758620689655}, "BIHAR": {"global_perc": 6.685385746757588e-05, "local_perc": 0.034482758620689655}, "CHHATTISGARH": {"global_perc": 0.00014906091622776508, "local_perc": 0.034482758620689655}, "HARYANA": {"global_perc": 0.000438532378307265, "local_perc": 0.034482758620689655}, "KERALA": {"global_perc": 0.011787819253438114, "local_perc": 0.13793103448275862}, "MADHYA PRADESH": {"global_perc": 3.642788190080688e-05, "local_perc": 0.022988505747126436}, "Punjab": {"global_perc": 0.0003974246880216199, "local_perc": 0.05747126436781609}, "TRIPURA": {"global_perc": 0.002285714285714286, "local_perc": 0.022988505747126436}, "Tamil Nadu": {"global_perc": 0.0010013142249202078, "local_perc": 0.1839080459770115}, "UTTAR PRADESH": {"global_perc": 0.00027160170078858147, "local_perc": 0.3333333333333333}, "UTTARAKHAND": {"global_perc": 0.0003572917286964807, "local_perc": 0.06896551724137931}, "West Bengal": {"global_perc": 7.459346561241235e-05, "local_perc": 0.034482758620689655}}, "partition_field": "Stat_Nam", "Vil_Nam": "Jatpur (323)", "Stat_Nam": "Punjab"}, {"data": [["Vet_Hos_Doc_In_Pos_Num", 1.0], ["Vet_Hos_Num", 1.0], 1.0], "data_low": {"Stat_Nam": "JAMMU & KASHMIR", "Vil_Nam": "Dudi", "Vet_Hos_Num": "1", "Vet_Hos_Doc_In_Pos_Num": "1", "id": 10}, "data_high": {"Stat_Nam": "Punjab", "Vil_Nam": "Chananwal (427)", "Vet_Hos_Num": "3", "Vet_Hos_Doc_In_Pos_Num": "3", "id": 39743}, "perc": 4.1607451122084385, "metric": 95.83925488779155, "value_global_local": {"": {"global_perc": 0.048779176697806396, "local_perc": 0.9806252412196064}, "1GHANEPUR": {"global_perc": 1.0, "local_perc": 3.8595137012736394e-05}, "ADHARPUR": {"global_perc": 0.25, "local_perc": 3.8595137012736394e-05}, "ADI BADRI": {"global_perc": 0.3333333333333333, "local_perc": 3.8595137012736394e-05}, "AHMEDGARH": {"global_perc": 1.0, "local_perc": 3.8595137012736394e-05}, "AILIYARA MALLA": {"global_perc": 1.0, "local_perc": 3.8595137012736394e-05}, "AMBALA": {"global_perc": 0.2, "local_perc": 3.8595137012736394e-05}, "AMROH": {"global_perc": 0.1, "local_perc": 3.8595137012736394e-05}, "AMRUT": {"global_perc": 0.14285714285714285, "local_perc": 3.8595137012736394e-05}, "ANACHI": {"global_perc": 0.5, "local_perc": 3.8595137012736394e-05}, "ANHECH": {"global_perc": 0.25, "local_perc": 3.8595137012736394e-05}, "AREKALHOSAHALLI": {"global_perc": 0.5, "local_perc": 3.8595137012736394e-05}, "ASAUVAPARMOHRAI": {"global_perc": 1.0, "local_perc": 3.8595137012736394e-05}, "ATARDEEH": {"global_perc": 1.0, "local_perc": 3.8595137012736394e-05}, "ATTARI": {"global_perc": 0.2, "local_perc": 3.8595137012736394e-05}, "ATTIBELE": {"global_perc": 0.5, "local_perc": 3.8595137012736394e-05}, "B.B.NAGAR": {"global_perc": 0.5, "local_perc": 3.8595137012736394e-05}, "BABHANI": {"global_perc": 0.010416666666666666, "local_perc": 7.719027402547279e-05}, "BADETH MALLA": {"global_perc": 1.0, "local_perc": 3.8595137012736394e-05}, "BADHAVA": {"global_perc": 1.0, "local_perc": 3.8595137012736394e-05}, "BADOL": {"global_perc": 0.5, "local_perc": 3.8595137012736394e-05}, "BADOLI": {"global_perc": 0.09090909090909091, "local_perc": 3.8595137012736394e-05}, "BAGAHI": {"global_perc": 0.2, "local_perc": 3.8595137012736394e-05}, "BAGGA": {"global_perc": 1.0, "local_perc": 3.8595137012736394e-05}, "BAHADURGARH": {"global_perc": 1.0, "local_perc": 3.8595137012736394e-05}, "BAHADURPUR": {"global_perc": 0.047619047619047616, "local_perc": 7.719027402547279e-05}, "BAHERA KHAL": {"global_perc": 1.0, "local_perc": 3.8595137012736394e-05}, "BAIJUWAPUR": {"global_perc": 1.0, "local_perc": 3.8595137012736394e-05}, "BAKAMI": {"global_perc": 1.0, "local_perc": 3.8595137012736394e-05}, "BAKHALAG": {"global_perc": 0.2, "local_perc": 3.8595137012736394e-05}, "BAKHRUNDA": {"global_perc": 0.2, "local_perc": 3.8595137012736394e-05}, "BALLA": {"global_perc": 0.1111111111111111, "local_perc": 3.8595137012736394e-05}, "BALLAGAN": {"global_perc": 1.0, "local_perc": 3.8595137012736394e-05}, "BALRAMPUR": {"global_perc": 0.1, "local_perc": 3.8595137012736394e-05}, "BANDULAHAR": {"global_perc": 1.0, "local_perc": 3.8595137012736394e-05}, "BANGA": {"global_perc": 0.5, "local_perc": 3.8595137012736394e-05}, "BANGANA": {"global_perc": 0.0625, "local_perc": 3.8595137012736394e-05}, "BANGRA": {"global_perc": 0.6666666666666666, "local_perc": 0.00015438054805094558}, "BARAMATI": {"global_perc": 1.0, "local_perc": 3.8595137012736394e-05}, "BARAMPUR": {"global_perc": 0.5, "local_perc": 3.8595137012736394e-05}, "BARAPATI": {"global_perc": 1.0, "local_perc": 3.8595137012736394e-05}, "BARARA": {"global_perc": 0.5, "local_perc": 3.8595137012736394e-05}, "BARIGARH": {"global_perc": 1.0, "local_perc": 3.8595137012736394e-05}, "BASAULI": {"global_perc": 0.3333333333333333, "local_perc": 3.8595137012736394e-05}, "BASAVANAHALLI": {"global_perc": 0.2, "local_perc": 3.8595137012736394e-05}, "BASEDOUR": {"global_perc": 0.3333333333333333, "local_perc": 3.8595137012736394e-05}, "BASINI": {"global_perc": 1.0, "local_perc": 3.8595137012736394e-05}, "BASOLI MALLI": {"global_perc": 0.5, "local_perc": 3.8595137012736394e-05}, "BASSI": {"global_perc": 0.09090909090909091, "local_perc": 3.8595137012736394e-05}, "BATOL": {"global_perc": 0.14285714285714285, "local_perc": 3.8595137012736394e-05}, "BAWAL": {"global_perc": 0.5, "local_perc": 3.8595137012736394e-05}, "BAZARKUNANG": {"global_perc": 0.25, "local_perc": 3.8595137012736394e-05}, "BEAR KHURD": {"global_perc": 0.1, "local_perc": 3.8595137012736394e-05}, "BEGUMSARAI": {"global_perc": 1.0, "local_perc": 3.8595137012736394e-05}, "BEHDALA": {"global_perc": 0.3333333333333333, "local_perc": 3.8595137012736394e-05}, "BEHREWALA": {"global_perc": 1.0, "local_perc": 3.8595137012736394e-05}, "BELHAN": {"global_perc": 0.3333333333333333, "local_perc": 3.8595137012736394e-05}, "BHAGESARA": {"global_perc": 1.0, "local_perc": 3.8595137012736394e-05}, "BHAGWANPUR": {"global_perc": 0.034482758620689655, "local_perc": 3.8595137012736394e-05}, "BHAIRPUR": {"global_perc": 0.5, "local_perc": 3.8595137012736394e-05}, "BHAKHRA": {"global_perc": 1.0, "local_perc": 3.8595137012736394e-05}, "BHALAWAG": {"global_perc": 0.5, "local_perc": 3.8595137012736394e-05}, "BHALUANI": {"global_perc": 0.5, "local_perc": 3.8595137012736394e-05}, "BHARANTA": {"global_perc": 0.16666666666666666, "local_perc": 3.8595137012736394e-05}, "BHATHAR": {"global_perc": 0.5, "local_perc": 3.8595137012736394e-05}, "BHATKOT": {"global_perc": 0.16666666666666666, "local_perc": 3.8595137012736394e-05}, "BHATKOTE": {"global_perc": 0.3333333333333333, "local_perc": 3.8595137012736394e-05}, "BHATWARI SUNAR": {"global_perc": 1.0, "local_perc": 3.8595137012736394e-05}, "BHAWAN SINGH NAWAR": {"global_perc": 0.5, "local_perc": 3.8595137012736394e-05}, "BHAWARNA": {"global_perc": 0.25, "local_perc": 3.8595137012736394e-05}, "BHOTA": {"global_perc": 0.16666666666666666, "local_perc": 7.719027402547279e-05}, "BHUNGWAR": {"global_perc": 1.0, "local_perc": 7.719027402547279e-05}, "BIGHAPUR": {"global_perc": 1.0, "local_perc": 3.8595137012736394e-05}, "BIGHBEHARA": {"global_perc": 0.25, "local_perc": 3.8595137012736394e-05}, "BISHUNPUR KETHARIA": {"global_perc": 1.0, "local_perc": 3.8595137012736394e-05}, "BOHALA": {"global_perc": 1.0, "local_perc": 3.8595137012736394e-05}, "BOPPANAHALLI": {"global_perc": 1.0, "local_perc": 3.8595137012736394e-05}, "BORAGAONWADI": {"global_perc": 1.0, "local_perc": 3.8595137012736394e-05}, "BOSWAN": {"global_perc": 1.0, "local_perc": 3.8595137012736394e-05}, "BRAKHARI": {"global_perc": 1.0, "local_perc": 3.8595137012736394e-05}, "BRUA": {"global_perc": 0.5, "local_perc": 3.8595137012736394e-05}, "BUNGADA": {"global_perc": 1.0, "local_perc": 3.8595137012736394e-05}, "CHAIDE": {"global_perc": 0.1, "local_perc": 7.719027402547279e-05}, "CHAK BAMUN": {"global_perc": 0.6666666666666666, "local_perc": 7.719027402547279e-05}, "CHAK NIVRANI": {"global_perc": 1.0, "local_perc": 3.8595137012736394e-05}, "CHALAGERI": {"global_perc": 0.3333333333333333, "local_perc": 3.8595137012736394e-05}, "CHAMALI": {"global_perc": 0.5, "local_perc": 3.8595137012736394e-05}, "CHAMDAR": {"global_perc": 0.25, "local_perc": 3.8595137012736394e-05}, "CHAMKOTE": {"global_perc": 0.5, "local_perc": 3.8595137012736394e-05}, "CHAMUWA GUNTH": {"global_perc": 1.0, "local_perc": 3.8595137012736394e-05}, "CHAND": {"global_perc": 0.2, "local_perc": 3.8595137012736394e-05}, "CHANDDIH": {"global_perc": 0.5, "local_perc": 3.8595137012736394e-05}, "CHANDIKHET": {"global_perc": 1.0, "local_perc": 3.8595137012736394e-05}, "CHARKHI": {"global_perc": 0.5, "local_perc": 3.8595137012736394e-05}, "CHASU": {"global_perc": 0.2, "local_perc": 3.8595137012736394e-05}, "CHAUBATTA KHAL": {"global_perc": 1.0, "local_perc": 3.8595137012736394e-05}, "CHAURA": {"global_perc": 0.0625, "local_perc": 3.8595137012736394e-05}, "CHAUTHI BAND": {"global_perc": 1.0, "local_perc": 3.8595137012736394e-05}, "CHENNAKAL": {"global_perc": 0.3333333333333333, "local_perc": 3.8595137012736394e-05}, "CHETANPURA": {"global_perc": 1.0, "local_perc": 3.8595137012736394e-05}, "CHHANGLA": {"global_perc": 0.2, "local_perc": 3.8595137012736394e-05}, "CHIKKUR": {"global_perc": 1.0, "local_perc": 3.8595137012736394e-05}, "CHINGUS": {"global_perc": 1.0, "local_perc": 3.8595137012736394e-05}, "CHINTAKI": {"global_perc": 1.0, "local_perc": 3.8595137012736394e-05}, "CHIPGI": {"global_perc": 1.0, "local_perc": 3.8595137012736394e-05}, "CHIRLAKOPPA": {"global_perc": 1.0, "local_perc": 3.8595137012736394e-05}, "CHOKHARA": {"global_perc": 1.0, "local_perc": 3.8595137012736394e-05}, "CHOWDAPUR": {"global_perc": 1.0, "local_perc": 3.8595137012736394e-05}, "DABHIYAR": {"global_perc": 1.0, "local_perc": 3.8595137012736394e-05}, "DADHWALKAR": {"global_perc": 0.5, "local_perc": 3.8595137012736394e-05}, "DAIRA": {"global_perc": 1.0, "local_perc": 3.8595137012736394e-05}, "DANASALI": {"global_perc": 0.5, "local_perc": 3.8595137012736394e-05}, "DANGRI": {"global_perc": 0.125, "local_perc": 3.8595137012736394e-05}, "DAULATPUR": {"global_perc": 0.05714285714285714, "local_perc": 7.719027402547279e-05}, "DAWAL GARH": {"global_perc": 0.75, "local_perc": 0.00011578541103820918}, "DEOTH": {"global_perc": 0.3333333333333333, "local_perc": 3.8595137012736394e-05}, "DEVPUR SANWAL": {"global_perc": 0.08333333333333333, "local_perc": 3.8595137012736394e-05}, "DHARWAD": {"global_perc": 0.14285714285714285, "local_perc": 3.8595137012736394e-05}, "DHAULADEVI": {"global_perc": 1.0, "local_perc": 3.8595137012736394e-05}, "DHIRAR": {"global_perc": 0.5, "local_perc": 3.8595137012736394e-05}, "DHNGULI": {"global_perc": 1.0, "local_perc": 3.8595137012736394e-05}, "DHOLARA": {"global_perc": 0.5, "local_perc": 3.8595137012736394e-05}, "DHWLA": {"global_perc": 1.0, "local_perc": 3.8595137012736394e-05}, "DIGOLIKHAL": {"global_perc": 0.125, "local_perc": 3.8595137012736394e-05}, "DODIYAL": {"global_perc": 0.5, "local_perc": 3.8595137012736394e-05}, "DODMANE": {"global_perc": 0.125, "local_perc": 3.8595137012736394e-05}, "DUGRI PANTH": {"global_perc": 0.5, "local_perc": 3.8595137012736394e-05}, "DUHAK KHURD": {"global_perc": 0.3333333333333333, "local_perc": 3.8595137012736394e-05}, "DUNGRI MALLI": {"global_perc": 1.0, "local_perc": 7.719027402547279e-05}, "Dhaliwal Bet": {"global_perc": 1.0, "local_perc": 7.719027402547279e-05}, "ELLENABAD": {"global_perc": 1.0, "local_perc": 3.8595137012736394e-05}, "ETAUNJA": {"global_perc": 0.3333333333333333, "local_perc": 3.8595137012736394e-05}, "FATEHPUR": {"global_perc": 0.015873015873015872, "local_perc": 3.8595137012736394e-05}, "FULANG": {"global_perc": 0.3333333333333333, "local_perc": 3.8595137012736394e-05}, "GADARIYA": {"global_perc": 1.0, "local_perc": 3.8595137012736394e-05}, "GAGAL": {"global_perc": 0.2, "local_perc": 3.8595137012736394e-05}, "GAGOTI": {"global_perc": 0.25, "local_perc": 3.8595137012736394e-05}, "GAHARI": {"global_perc": 1.0, "local_perc": 3.8595137012736394e-05}, "GAINCHARI": {"global_perc": 0.2, "local_perc": 3.8595137012736394e-05}, "GAJODIH": {"global_perc": 1.0, "local_perc": 3.8595137012736394e-05}, "GANGDIH": {"global_perc": 1.0, "local_perc": 3.8595137012736394e-05}, "GARALAG": {"global_perc": 1.0, "local_perc": 3.8595137012736394e-05}, "GARHWA": {"global_perc": 0.14285714285714285, "local_perc": 3.8595137012736394e-05}, "GARNI": {"global_perc": 0.07692307692307693, "local_perc": 3.8595137012736394e-05}, "GARRICHAK": {"global_perc": 1.0, "local_perc": 3.8595137012736394e-05}, "GATWAR": {"global_perc": 1.0, "local_perc": 3.8595137012736394e-05}, "GHINDWARA": {"global_perc": 0.14285714285714285, "local_perc": 3.8595137012736394e-05}, "GHURET": {"global_perc": 1.0, "local_perc": 3.8595137012736394e-05}, "GIGENAHALLI": {"global_perc": 0.5, "local_perc": 3.8595137012736394e-05}, "GOLLARAGUDI": {"global_perc": 0.5, "local_perc": 3.8595137012736394e-05}, "GOPALPUR": {"global_perc": 0.008333333333333333, "local_perc": 3.8595137012736394e-05}, "GOVARDHANPUR": {"global_perc": 1.0, "local_perc": 0.00015438054805094558}, "GRASTANGANJ": {"global_perc": 1.0, "local_perc": 3.8595137012736394e-05}, "GUDDADUR": {"global_perc": 1.0, "local_perc": 3.8595137012736394e-05}, "GULEHAN": {"global_perc": 1.0, "local_perc": 3.8595137012736394e-05}, "GULELA": {"global_perc": 0.2, "local_perc": 3.8595137012736394e-05}, "GULELEA": {"global_perc": 1.0, "local_perc": 3.8595137012736394e-05}, "GUMRU": {"global_perc": 0.3333333333333333, "local_perc": 3.8595137012736394e-05}, "GURPHALI": {"global_perc": 1.0, "local_perc": 3.8595137012736394e-05}, "GURURA": {"global_perc": 1.0, "local_perc": 3.8595137012736394e-05}, "GUTAKBARA": {"global_perc": 1.0, "local_perc": 3.8595137012736394e-05}, "HABAN": {"global_perc": 1.0, "local_perc": 3.8595137012736394e-05}, "HALANA": {"global_perc": 1.0, "local_perc": 7.719027402547279e-05}, "HAR": {"global_perc": 0.1111111111111111, "local_perc": 3.8595137012736394e-05}, "HARDI": {"global_perc": 0.125, "local_perc": 3.8595137012736394e-05}, "HAREHR": {"global_perc": 0.5, "local_perc": 3.8595137012736394e-05}, "HARIHARPUR": {"global_perc": 0.03225806451612903, "local_perc": 3.8595137012736394e-05}, "HARIPUR KALAN": {"global_perc": 1.0, "local_perc": 3.8595137012736394e-05}, "HARIRAMPUR": {"global_perc": 0.14285714285714285, "local_perc": 3.8595137012736394e-05}, "HARNOT": {"global_perc": 1.0, "local_perc": 3.8595137012736394e-05}, "HAVASPUR": {"global_perc": 1.0, "local_perc": 7.719027402547279e-05}, "HOBAR": {"global_perc": 0.25, "local_perc": 3.8595137012736394e-05}, "HUBLI": {"global_perc": 0.2, "local_perc": 3.8595137012736394e-05}, "HUDOLI": {"global_perc": 0.5, "local_perc": 3.8595137012736394e-05}, "HUNASANAKODIHALLI": {"global_perc": 1.0, "local_perc": 3.8595137012736394e-05}, "IBRAHIMPUR": {"global_perc": 0.1, "local_perc": 3.8595137012736394e-05}, "IRUSALAKUPPAM": {"global_perc": 1.0, "local_perc": 3.8595137012736394e-05}, "ISHAPUR": {"global_perc": 0.3333333333333333, "local_perc": 3.8595137012736394e-05}, "ISMAILA-11B": {"global_perc": 1.0, "local_perc": 3.8595137012736394e-05}, "ISMAILPUR": {"global_perc": 0.08333333333333333, "local_perc": 3.8595137012736394e-05}, "JAGATPUR": {"global_perc": 0.047619047619047616, "local_perc": 3.8595137012736394e-05}, "JAIDPUR": {"global_perc": 1.0, "local_perc": 3.8595137012736394e-05}, "JAIJAR": {"global_perc": 0.14285714285714285, "local_perc": 3.8595137012736394e-05}, "JAMAN JAMAL": {"global_perc": 1.0, "local_perc": 3.8595137012736394e-05}, "JAMBGI(K.D)": {"global_perc": 1.0, "local_perc": 3.8595137012736394e-05}, "JAMBONI": {"global_perc": 0.5, "local_perc": 3.8595137012736394e-05}, "JANDRU": {"global_perc": 0.5, "local_perc": 3.8595137012736394e-05}, "JANGAL GHAT": {"global_perc": 1.0, "local_perc": 3.8595137012736394e-05}, "JANGLIANA": {"global_perc": 0.5, "local_perc": 3.8595137012736394e-05}, "JATEHRI": {"global_perc": 1.0, "local_perc": 3.8595137012736394e-05}, "JATHLANA": {"global_perc": 0.5, "local_perc": 3.8595137012736394e-05}, "JAWALGAON MALLA": {"global_perc": 1.0, "local_perc": 3.8595137012736394e-05}, "JHAKHYOY": {"global_perc": 1.0, "local_perc": 3.8595137012736394e-05}, "JHAMKE": {"global_perc": 1.0, "local_perc": 3.8595137012736394e-05}, "JHARAL": {"global_perc": 0.5, "local_perc": 3.8595137012736394e-05}, "JISPA": {"global_perc": 0.5, "local_perc": 3.8595137012736394e-05}, "JOSYANA": {"global_perc": 0.2, "local_perc": 3.8595137012736394e-05}, "JUGRAJPUR": {"global_perc": 1.0, "local_perc": 3.8595137012736394e-05}, "K. CHINGKHONG": {"global_perc": 0.25, "local_perc": 3.8595137012736394e-05}, "KAFALI": {"global_perc": 1.0, "local_perc": 3.8595137012736394e-05}, "KAFOL GAON TALLA": {"global_perc": 0.5, "local_perc": 3.8595137012736394e-05}, "KALAGARU": {"global_perc": 0.16666666666666666, "local_perc": 3.8595137012736394e-05}, "KALAYAT": {"global_perc": 1.0, "local_perc": 7.719027402547279e-05}, "KALEWAL BAGTAN": {"global_perc": 0.5, "local_perc": 3.8595137012736394e-05}, "KALLAR KATOCHAN": {"global_perc": 1.0, "local_perc": 7.719027402547279e-05}, "KALUR": {"global_perc": 1.0, "local_perc": 3.8595137012736394e-05}, "KANADU": {"global_perc": 1.0, "local_perc": 3.8595137012736394e-05}, "KANAH BAJNAL": {"global_perc": 0.14285714285714285, "local_perc": 3.8595137012736394e-05}, "KANDAIKHAL": {"global_perc": 1.0, "local_perc": 3.8595137012736394e-05}, "KANDHALA SHEIKAN": {"global_perc": 1.0, "local_perc": 3.8595137012736394e-05}, "KANDIKHAL": {"global_perc": 1.0, "local_perc": 3.8595137012736394e-05}, "KARIALA": {"global_perc": 0.5, "local_perc": 3.8595137012736394e-05}, "KASLA": {"global_perc": 0.16666666666666666, "local_perc": 3.8595137012736394e-05}, "KAUL": {"global_perc": 1.0, "local_perc": 3.8595137012736394e-05}, "KAYALPUR": {"global_perc": 1.0, "local_perc": 3.8595137012736394e-05}, "KEELAIYUR": {"global_perc": 1.0, "local_perc": 3.8595137012736394e-05}, "KHAI": {"global_perc": 1.0, "local_perc": 3.8595137012736394e-05}, "KHAIRA": {"global_perc": 0.058823529411764705, "local_perc": 3.8595137012736394e-05}, "KHALI": {"global_perc": 0.3333333333333333, "local_perc": 3.8595137012736394e-05}, "KHANYOL  BAGRA": {"global_perc": 1.0, "local_perc": 3.8595137012736394e-05}, "KHARGIPUR": {"global_perc": 0.25, "local_perc": 3.8595137012736394e-05}, "KHEIRI": {"global_perc": 0.5, "local_perc": 3.8595137012736394e-05}, "KHERI": {"global_perc": 0.07692307692307693, "local_perc": 3.8595137012736394e-05}, "KHIRANWALI": {"global_perc": 0.5, "local_perc": 3.8595137012736394e-05}, "KHUDA": {"global_perc": 0.5, "local_perc": 3.8595137012736394e-05}, "KHUMARIPUR": {"global_perc": 1.0, "local_perc": 3.8595137012736394e-05}, "KHUTHI": {"global_perc": 0.5, "local_perc": 3.8595137012736394e-05}, "KILAR": {"global_perc": 0.06666666666666667, "local_perc": 3.8595137012736394e-05}, "KISHANPUR": {"global_perc": 0.2222222222222222, "local_perc": 7.719027402547279e-05}, "KISHUNPUR": {"global_perc": 0.06666666666666667, "local_perc": 3.8595137012736394e-05}, "KOKKARAPATTY": {"global_perc": 1.0, "local_perc": 3.8595137012736394e-05}, "KOLARI": {"global_perc": 1.0, "local_perc": 3.8595137012736394e-05}, "KONE": {"global_perc": 1.0, "local_perc": 3.8595137012736394e-05}, "KONI": {"global_perc": 0.16666666666666666, "local_perc": 3.8595137012736394e-05}, "KOPPA S.K": {"global_perc": 1.0, "local_perc": 3.8595137012736394e-05}, "KOSARIAN": {"global_perc": 0.5, "local_perc": 3.8595137012736394e-05}, "KOSLI": {"global_perc": 0.3333333333333333, "local_perc": 3.8595137012736394e-05}, "KOT GANGURAI": {"global_perc": 1.0, "local_perc": 3.8595137012736394e-05}, "KOT KAWAL": {"global_perc": 1.0, "local_perc": 3.8595137012736394e-05}, "KOTA TALLA": {"global_perc": 1.0, "local_perc": 3.8595137012736394e-05}, "KOTHI": {"global_perc": 0.02702702702702703, "local_perc": 3.8595137012736394e-05}, "KOTI": {"global_perc": 0.045454545454545456, "local_perc": 3.8595137012736394e-05}, "KUBERPUR KUTULOOPUR": {"global_perc": 1.0, "local_perc": 3.8595137012736394e-05}, "KUMBARHAL": {"global_perc": 1.0, "local_perc": 3.8595137012736394e-05}, "KUNNAVAKKAM": {"global_perc": 0.5, "local_perc": 3.8595137012736394e-05}, "KUNSAL BUHLI": {"global_perc": 1.0, "local_perc": 3.8595137012736394e-05}, "KURAVEDIYA": {"global_perc": 1.0, "local_perc": 3.8595137012736394e-05}, "Kurumpilav": {"global_perc": 1.0, "local_perc": 3.8595137012736394e-05}, "LAHRU": {"global_perc": 0.125, "local_perc": 3.8595137012736394e-05}, "LAMACHAUR KHAS": {"global_perc": 0.25, "local_perc": 3.8595137012736394e-05}, "LAMSANG NP": {"global_perc": 1.0, "local_perc": 3.8595137012736394e-05}, "LATHYANI": {"global_perc": 0.125, "local_perc": 3.8595137012736394e-05}, "LATIANA": {"global_perc": 1.0, "local_perc": 3.8595137012736394e-05}, "LOHNA": {"global_perc": 0.3333333333333333, "local_perc": 3.8595137012736394e-05}, "LOPOKE": {"global_perc": 0.5, "local_perc": 3.8595137012736394e-05}, "M.DURAISWAMIPURAM": {"global_perc": 1.0, "local_perc": 3.8595137012736394e-05}, "MACHAGOWDANAHALLI": {"global_perc": 0.1111111111111111, "local_perc": 3.8595137012736394e-05}, "MAGOD": {"global_perc": 0.5, "local_perc": 3.8595137012736394e-05}, "MAHALAU": {"global_perc": 1.0, "local_perc": 3.8595137012736394e-05}, "MAHURI": {"global_perc": 0.25, "local_perc": 3.8595137012736394e-05}, "MAINDARKHAL": {"global_perc": 1.0, "local_perc": 3.8595137012736394e-05}, "MAJHOLI": {"global_perc": 0.16666666666666666, "local_perc": 3.8595137012736394e-05}, "MALAU": {"global_perc": 1.0, "local_perc": 3.8595137012736394e-05}, "MALIHAPUR": {"global_perc": 1.0, "local_perc": 3.8595137012736394e-05}, "MALOTHI": {"global_perc": 1.0, "local_perc": 3.8595137012736394e-05}, "MALUR": {"global_perc": 0.5, "local_perc": 3.8595137012736394e-05}, "MANDRE PUR": {"global_perc": 1.0, "local_perc": 3.8595137012736394e-05}, "MANGEWAL": {"global_perc": 0.5, "local_perc": 3.8595137012736394e-05}, "MANGLORE": {"global_perc": 0.2, "local_perc": 3.8595137012736394e-05}, "MANJGRAN": {"global_perc": 0.5, "local_perc": 3.8595137012736394e-05}, "MANJKOT": {"global_perc": 1.0, "local_perc": 3.8595137012736394e-05}, "MANOH": {"global_perc": 0.14285714285714285, "local_perc": 3.8595137012736394e-05}, "MARAGUNDA": {"global_perc": 0.5, "local_perc": 3.8595137012736394e-05}, "MARAVANVAYAL": {"global_perc": 1.0, "local_perc": 3.8595137012736394e-05}, "MASTI PALKOT": {"global_perc": 1.0, "local_perc": 3.8595137012736394e-05}, "MAYAPUR": {"global_perc": 0.6, "local_perc": 0.00011578541103820918}, "MAYURHAND": {"global_perc": 0.25, "local_perc": 3.8595137012736394e-05}, "MEHAL": {"global_perc": 0.25, "local_perc": 3.8595137012736394e-05}, "MEHMA SARJA": {"global_perc": 1.0, "local_perc": 3.8595137012736394e-05}, "MELVAITHINANKUPPAM": {"global_perc": 1.0, "local_perc": 3.8595137012736394e-05}, "MERLE": {"global_perc": 1.0, "local_perc": 3.8595137012736394e-05}, "MILKI": {"global_perc": 0.125, "local_perc": 3.8595137012736394e-05}, "MIRGANDTHAKARPORA": {"global_perc": 1.0, "local_perc": 3.8595137012736394e-05}, "MOHAM WALA": {"global_perc": 1.0, "local_perc": 3.8595137012736394e-05}, "MOHANPUR": {"global_perc": 0.12, "local_perc": 0.00034735623311462754}, "MONGAL": {"global_perc": 1.0, "local_perc": 3.8595137012736394e-05}, "MULEKALENAHALLI": {"global_perc": 0.1111111111111111, "local_perc": 3.8595137012736394e-05}, "MUNAN": {"global_perc": 1.0, "local_perc": 3.8595137012736394e-05}, "MUNCHINGI PUTTU": {"global_perc": 0.1111111111111111, "local_perc": 3.8595137012736394e-05}, "MUSAPUR": {"global_perc": 0.3333333333333333, "local_perc": 3.8595137012736394e-05}, "MUSIRIYAM": {"global_perc": 1.0, "local_perc": 3.8595137012736394e-05}, "N.A.": {"global_perc": 0.0027467323356696344, "local_perc": 0.0011192589733693555}, "NAGWA": {"global_perc": 0.5, "local_perc": 3.8595137012736394e-05}, "NAHRA": {"global_perc": 1.0, "local_perc": 3.8595137012736394e-05}, "NAIN KALAN": {"global_perc": 1.0, "local_perc": 3.8595137012736394e-05}, "NAKACHANIPAL": {"global_perc": 1.0, "local_perc": 3.8595137012736394e-05}, "NAKKAMBADI": {"global_perc": 0.5, "local_perc": 3.8595137012736394e-05}, "NALATHWAD": {"global_perc": 0.25, "local_perc": 3.8595137012736394e-05}, "NARAHUN": {"global_perc": 0.125, "local_perc": 3.8595137012736394e-05}, "NARSHINGDHAR": {"global_perc": 1.0, "local_perc": 3.8595137012736394e-05}, "NAUGAON": {"global_perc": 0.125, "local_perc": 3.8595137012736394e-05}, "NAWAKHAL": {"global_perc": 1.0, "local_perc": 3.8595137012736394e-05}, "NELA": {"global_perc": 0.5, "local_perc": 3.8595137012736394e-05}, "OBRA": {"global_perc": 1.0, "local_perc": 3.8595137012736394e-05}, "OCH KHURD": {"global_perc": 1.0, "local_perc": 7.719027402547279e-05}, "PALASI": {"global_perc": 0.25, "local_perc": 3.8595137012736394e-05}, "PALETA": {"global_perc": 0.5, "local_perc": 3.8595137012736394e-05}, "PALLIKKADU": {"global_perc": 1.0, "local_perc": 3.8595137012736394e-05}, "PANDEPURA KALA": {"global_perc": 1.0, "local_perc": 7.719027402547279e-05}, "PANJAILA": {"global_perc": 0.6666666666666666, "local_perc": 7.719027402547279e-05}, "PANJEHRA": {"global_perc": 0.16666666666666666, "local_perc": 3.8595137012736394e-05}, "PANJGAIN": {"global_perc": 0.5, "local_perc": 3.8595137012736394e-05}, "PANOH": {"global_perc": 0.5, "local_perc": 3.8595137012736394e-05}, "PARARA": {"global_perc": 1.0, "local_perc": 3.8595137012736394e-05}, "PARASANAHALLI": {"global_perc": 0.5, "local_perc": 3.8595137012736394e-05}, "PAREWA T. KISHANI": {"global_perc": 1.0, "local_perc": 3.8595137012736394e-05}, "PARSED PUR": {"global_perc": 1.0, "local_perc": 3.8595137012736394e-05}, "PATHOLI": {"global_perc": 1.0, "local_perc": 3.8595137012736394e-05}, "PATTI MULTANI": {"global_perc": 0.5, "local_perc": 3.8595137012736394e-05}, "PATUKHAR": {"global_perc": 0.6, "local_perc": 0.00011578541103820918}, "PEMMANAHALLI": {"global_perc": 0.5, "local_perc": 3.8595137012736394e-05}, "PHILLAUR": {"global_perc": 0.16666666666666666, "local_perc": 3.8595137012736394e-05}, "PHOKHUNGRI": {"global_perc": 1.0, "local_perc": 3.8595137012736394e-05}, "PHULHAR KHURD": {"global_perc": 1.0, "local_perc": 3.8595137012736394e-05}, "PINGLA": {"global_perc": 0.2, "local_perc": 3.8595137012736394e-05}, "POKHARIA": {"global_perc": 0.125, "local_perc": 3.8595137012736394e-05}, "POKHARIYA": {"global_perc": 0.5, "local_perc": 3.8595137012736394e-05}, "POWARKHALI": {"global_perc": 0.14285714285714285, "local_perc": 3.8595137012736394e-05}, "PRANPUR": {"global_perc": 0.09090909090909091, "local_perc": 3.8595137012736394e-05}, "PREMNAGAR": {"global_perc": 0.25, "local_perc": 3.8595137012736394e-05}, "PULIYANGULAM": {"global_perc": 0.5, "local_perc": 3.8595137012736394e-05}, "PULLERI": {"global_perc": 0.5, "local_perc": 3.8595137012736394e-05}, "PULWAMA": {"global_perc": 0.16666666666666666, "local_perc": 3.8595137012736394e-05}, "PURA KOTHI": {"global_perc": 0.5, "local_perc": 3.8595137012736394e-05}, "PURANA JUNGA": {"global_perc": 1.0, "local_perc": 3.8595137012736394e-05}, "PURANDHA": {"global_perc": 0.25, "local_perc": 3.8595137012736394e-05}, "Push wari": {"global_perc": 1.0, "local_perc": 3.8595137012736394e-05}, "RAGHUPUR": {"global_perc": 0.2, "local_perc": 3.8595137012736394e-05}, "RAIKWA": {"global_perc": 1.0, "local_perc": 3.8595137012736394e-05}, "RAINAGAR": {"global_perc": 1.0, "local_perc": 3.8595137012736394e-05}, "RAJAPUR": {"global_perc": 0.038461538461538464, "local_perc": 3.8595137012736394e-05}, "RAKH": {"global_perc": 0.3333333333333333, "local_perc": 3.8595137012736394e-05}, "RAKHOTA": {"global_perc": 0.3333333333333333, "local_perc": 3.8595137012736394e-05}, "RAMGARHA": {"global_perc": 1.0, "local_perc": 3.8595137012736394e-05}, "RAMNAGAR": {"global_perc": 0.019230769230769232, "local_perc": 3.8595137012736394e-05}, "RASULA": {"global_perc": 1.0, "local_perc": 3.8595137012736394e-05}, "RATANARI": {"global_perc": 1.0, "local_perc": 3.8595137012736394e-05}, "RAWAL BAZAR": {"global_perc": 0.16666666666666666, "local_perc": 3.8595137012736394e-05}, "RAWIN BASI": {"global_perc": 0.25, "local_perc": 3.8595137012736394e-05}, "RENDAMPULIKADU": {"global_perc": 0.5, "local_perc": 3.8595137012736394e-05}, "RINGWARI": {"global_perc": 0.6666666666666666, "local_perc": 7.719027402547279e-05}, "RITHAKHAL": {"global_perc": 0.2, "local_perc": 3.8595137012736394e-05}, "ROHELA HAJI UTTAR": {"global_perc": 0.5, "local_perc": 3.8595137012736394e-05}, "ROHLWIN": {"global_perc": 0.5, "local_perc": 3.8595137012736394e-05}, "ROHTAK": {"global_perc": 1.0, "local_perc": 3.8595137012736394e-05}, "ROR": {"global_perc": 1.0, "local_perc": 3.8595137012736394e-05}, "ROSE": {"global_perc": 0.3333333333333333, "local_perc": 3.8595137012736394e-05}, "RUDAKOTA": {"global_perc": 0.2, "local_perc": 3.8595137012736394e-05}, "RUDAPUR": {"global_perc": 1.0, "local_perc": 3.8595137012736394e-05}, "RUDRAPUR": {"global_perc": 0.07142857142857142, "local_perc": 3.8595137012736394e-05}, "RUER": {"global_perc": 1.0, "local_perc": 3.8595137012736394e-05}, "SADAKAR": {"global_perc": 1.0, "local_perc": 3.8595137012736394e-05}, "SAGANUR": {"global_perc": 0.5, "local_perc": 3.8595137012736394e-05}, "SAGLOT": {"global_perc": 0.25, "local_perc": 3.8595137012736394e-05}, "SAHIBPUR": {"global_perc": 1.0, "local_perc": 3.8595137012736394e-05}, "SAHRICHAK": {"global_perc": 1.0, "local_perc": 3.8595137012736394e-05}, "SAI UGIALLA": {"global_perc": 1.0, "local_perc": 3.8595137012736394e-05}, "SAIDAPUR": {"global_perc": 0.1111111111111111, "local_perc": 3.8595137012736394e-05}, "SAIFPUR KARAMCHANDPUR": {"global_perc": 1.0, "local_perc": 3.8595137012736394e-05}, "SAMAILA": {"global_perc": 0.25, "local_perc": 3.8595137012736394e-05}, "SAMDAWAR": {"global_perc": 1.0, "local_perc": 3.8595137012736394e-05}, "SAMSALLIPUR": {"global_perc": 1.0, "local_perc": 3.8595137012736394e-05}, "SAMTHAR": {"global_perc": 0.3333333333333333, "local_perc": 3.8595137012736394e-05}, "SARDAM": {"global_perc": 0.25, "local_perc": 3.8595137012736394e-05}, "SARIFABAD": {"global_perc": 0.5, "local_perc": 3.8595137012736394e-05}, "SAROG": {"global_perc": 1.0, "local_perc": 3.8595137012736394e-05}, "SARWABAZAR": {"global_perc": 1.0, "local_perc": 3.8595137012736394e-05}, "SATHIA": {"global_perc": 0.2, "local_perc": 3.8595137012736394e-05}, "SATHUKUDAL (KILPATHI)": {"global_perc": 1.0, "local_perc": 3.8595137012736394e-05}, "SAWAR": {"global_perc": 0.25, "local_perc": 3.8595137012736394e-05}, "SAWAYA RAI HITHER": {"global_perc": 1.0, "local_perc": 3.8595137012736394e-05}, "SEEGEHALLI": {"global_perc": 0.18181818181818182, "local_perc": 7.719027402547279e-05}, "SELRAPUR": {"global_perc": 1.0, "local_perc": 3.8595137012736394e-05}, "SEWAL": {"global_perc": 1.0, "local_perc": 3.8595137012736394e-05}, "SHAMTHLA": {"global_perc": 1.0, "local_perc": 3.8595137012736394e-05}, "SHER KHAN WALA": {"global_perc": 0.5, "local_perc": 3.8595137012736394e-05}, "SHERPUR": {"global_perc": 0.043478260869565216, "local_perc": 3.8595137012736394e-05}, "SHIV PUR": {"global_perc": 1.0, "local_perc": 3.8595137012736394e-05}, "SHIVPUR": {"global_perc": 0.09090909090909091, "local_perc": 7.719027402547279e-05}, "SIDHPUR": {"global_perc": 0.1111111111111111, "local_perc": 3.8595137012736394e-05}, "SIKRIA": {"global_perc": 0.5, "local_perc": 3.8595137012736394e-05}, "SINGHNI": {"global_perc": 1.0, "local_perc": 3.8595137012736394e-05}, "SIRHIR": {"global_perc": 1.0, "local_perc": 3.8595137012736394e-05}, "SIRUVADI": {"global_perc": 1.0, "local_perc": 3.8595137012736394e-05}, "SITA PUR": {"global_perc": 1.0, "local_perc": 3.8595137012736394e-05}, "SOAFSHALI": {"global_perc": 1.0, "local_perc": 3.8595137012736394e-05}, "SOMANAKATTI": {"global_perc": 1.0, "local_perc": 3.8595137012736394e-05}, "SOMANDURAI": {"global_perc": 1.0, "local_perc": 3.8595137012736394e-05}, "SOMESHWAR": {"global_perc": 0.3333333333333333, "local_perc": 3.8595137012736394e-05}, "SURAPUR": {"global_perc": 0.5, "local_perc": 3.8595137012736394e-05}, "SURARYOR": {"global_perc": 1.0, "local_perc": 3.8595137012736394e-05}, "SYAHI DEVI GUNTH": {"global_perc": 1.0, "local_perc": 3.8595137012736394e-05}, "SYAR": {"global_perc": 1.0, "local_perc": 3.8595137012736394e-05}, "TANDI": {"global_perc": 0.25, "local_perc": 3.8595137012736394e-05}, "TARNA": {"global_perc": 0.5, "local_perc": 3.8595137012736394e-05}, "TARTO": {"global_perc": 1.0, "local_perc": 3.8595137012736394e-05}, "TETRI": {"global_perc": 0.5, "local_perc": 3.8595137012736394e-05}, "THALISAIN": {"global_perc": 0.5, "local_perc": 3.8595137012736394e-05}, "THANA KHURD": {"global_perc": 0.1, "local_perc": 3.8595137012736394e-05}, "THATTA": {"global_perc": 1.0, "local_perc": 3.8595137012736394e-05}, "THENNERI": {"global_perc": 0.5, "local_perc": 3.8595137012736394e-05}, "THIRUMANGALAM PUDUPALAYAM": {"global_perc": 1.0, "local_perc": 3.8595137012736394e-05}, "TIALI": {"global_perc": 1.0, "local_perc": 3.8595137012736394e-05}, "TIHRA": {"global_perc": 0.14285714285714285, "local_perc": 3.8595137012736394e-05}, "TIKRI": {"global_perc": 0.0625, "local_perc": 3.8595137012736394e-05}, "TINGHARA": {"global_perc": 1.0, "local_perc": 3.8595137012736394e-05}, "TRILOKIPUR": {"global_perc": 0.5, "local_perc": 3.8595137012736394e-05}, "UDAMANDA": {"global_perc": 1.0, "local_perc": 7.719027402547279e-05}, "UKURA": {"global_perc": 1.0, "local_perc": 3.8595137012736394e-05}, "UMARPUR": {"global_perc": 0.125, "local_perc": 3.8595137012736394e-05}, "UNERA": {"global_perc": 1.0, "local_perc": 3.8595137012736394e-05}, "URLA": {"global_perc": 0.25, "local_perc": 3.8595137012736394e-05}, "URMAR": {"global_perc": 1.0, "local_perc": 3.8595137012736394e-05}, "USILAMPATTI": {"global_perc": 1.0, "local_perc": 3.8595137012736394e-05}, "USODU": {"global_perc": 0.25, "local_perc": 7.719027402547279e-05}, "VADAKATTUPATTI": {"global_perc": 1.0, "local_perc": 3.8595137012736394e-05}, "VADASERI NORTH": {"global_perc": 1.0, "local_perc": 3.8595137012736394e-05}, "VANIYANTHANGAL": {"global_perc": 1.0, "local_perc": 3.8595137012736394e-05}, "VARAKALPATTU": {"global_perc": 1.0, "local_perc": 3.8595137012736394e-05}, "VARANAVASI": {"global_perc": 0.3333333333333333, "local_perc": 3.8595137012736394e-05}, "VELLALAPATTI": {"global_perc": 0.5, "local_perc": 3.8595137012736394e-05}, "Velur": {"global_perc": 1.0, "local_perc": 3.8595137012736394e-05}, "WAGDHARI": {"global_perc": 1.0, "local_perc": 3.8595137012736394e-05}}, "partition_field": "Near_Vil_Tow_Nam_hav_Prim_School", "Vil_Nam": "Dudi", "Stat_Nam": "JAMMU & KASHMIR"}, {"data": [["Vet_Hos_Doc_In_Pos_Num", 4.0], ["Vet_Hos_Num", 3.0], 1.3333333333333333], "data_low": {"Stat_Nam": "UTTAR PRADESH", "Vil_Nam": "Bhend", "Vet_Hos_Num": "3", "Vet_Hos_Doc_In_Pos_Num": "4", "id": 151126}, "data_high": {"Stat_Nam": "UTTAR PRADESH", "Vil_Nam": "Bhend", "Vet_Hos_Num": "3", "Vet_Hos_Doc_In_Pos_Num": "4", "id": 151126}, "perc": 0.00016058452768075794, "metric": 99.99983908207285, "value_global_local": {}, "partition_field": null, "Vil_Nam": "Bhend", "Stat_Nam": "UTTAR PRADESH"}, {"data": [["Vet_Hos_Doc_In_Pos_Num", 3.0], ["Vet_Hos_Num", 2.0], 1.5], "data_low": {"Stat_Nam": "UTTAR PRADESH", "Vil_Nam": "Kirtapur", "Vet_Hos_Num": "2", "Vet_Hos_Doc_In_Pos_Num": "3", "id": 140301}, "data_high": {"Stat_Nam": "UTTAR PRADESH", "Vil_Nam": "Kirtapur", "Vet_Hos_Num": "2", "Vet_Hos_Doc_In_Pos_Num": "3", "id": 140301}, "perc": 0.0017664298044883376, "metric": 99.99823307010432, "value_global_local": {}, "partition_field": null, "Vil_Nam": "Kirtapur", "Stat_Nam": "UTTAR PRADESH"}, {"data": [["Vet_Hos_Doc_In_Pos_Num", 2.0], ["Vet_Hos_Num", 1.0], 2.0], "data_low": {"Stat_Nam": "JAMMU & KASHMIR", "Vil_Nam": "Sogam", "Vet_Hos_Num": "1", "Vet_Hos_Doc_In_Pos_Num": "2", "id": 36}, "data_high": {"Stat_Nam": "HIMACHAL PRADESH", "Vil_Nam": "Badghawar  (276)", "Vet_Hos_Num": "2", "Vet_Hos_Doc_In_Pos_Num": "4", "id": 11515}, "perc": 0.33128588060540365, "metric": 99.66871312250808, "value_global_local": {"ANDHRA PRADESH": {"global_perc": 0.0007553956834532374, "local_perc": 0.010179350460494426}, "ASSAM": {"global_perc": 0.0009850350445160068, "local_perc": 0.012603005332040717}, "Arunachal Pradesh": {"global_perc": 0.0001789228842368939, "local_perc": 0.0004847309743092584}, "BIHAR": {"global_perc": 0.00356553906493738, "local_perc": 0.07755695588948133}, "CHHATTISGARH": {"global_perc": 0.007303984895160489, "local_perc": 0.07125545322346098}, "HARYANA": {"global_perc": 0.028358427130536473, "local_perc": 0.09403780901599612}, "HIMACHAL PRADESH": {"global_perc": 0.011309811503141615, "local_perc": 0.11342704798836646}, "JAMMU & KASHMIR": {"global_perc": 0.010071722875019075, "local_perc": 0.031992244304411055}, "JHARKHAND": {"global_perc": 0.0008952275112675186, "local_perc": 0.014057198254968492}, "KARNATAKA": {"global_perc": 0.0006816632583503749, "local_perc": 0.009694619486185167}, "KERALA": {"global_perc": 0.014734774066797643, "local_perc": 0.007270964614638876}, "MADHYA PRADESH": {"global_perc": 0.006101670218385152, "local_perc": 0.16238487639360155}, "MANIPUR": {"global_perc": 0.0038744672607516468, "local_perc": 0.004847309743092583}, "Maharashtra": {"global_perc": 0.0021069506469712585, "local_perc": 0.04459524963645177}, "NCT OF DELHI": {"global_perc": 0.14285714285714285, "local_perc": 0.007755695588948134}, "Punjab": {"global_perc": 0.0064382799459502425, "local_perc": 0.03926320891904993}, "RAJASTHAN": {"global_perc": 0.0043203796561604585, "local_perc": 0.09355307804168686}, "TRIPURA": {"global_perc": 0.022857142857142857, "local_perc": 0.009694619486185167}, "Tamil Nadu": {"global_perc": 0.0023155391451279805, "local_perc": 0.01793504604944256}, "UTTAR PRADESH": {"global_perc": 0.002697285856107292, "local_perc": 0.1396025206010664}, "UTTARAKHAND": {"global_perc": 0.0023223962365271243, "local_perc": 0.018904507998061076}, "West Bengal": {"global_perc": 0.0009697150529613606, "local_perc": 0.018904507998061076}}, "partition_field": "Stat_Nam", "Vil_Nam": "Sogam", "Stat_Nam": "JAMMU & KASHMIR"}, {"data": [["Vet_Hos_Doc_In_Pos_Num", 3.0], ["Vet_Hos_Num", 1.0], 3.0], "data_low": {"Stat_Nam": "JAMMU & KASHMIR", "Vil_Nam": "Saher", "Vet_Hos_Num": "1", "Vet_Hos_Doc_In_Pos_Num": "3", "id": 1498}, "data_high": {"Stat_Nam": "JAMMU & KASHMIR", "Vil_Nam": "Saher", "Vet_Hos_Num": "1", "Vet_Hos_Doc_In_Pos_Num": "3", "id": 1498}, "perc": 0.05877393713115742, "metric": 99.9412240636445, "value_global_local": {"ASSAM": {"global_perc": 3.7885963250615644e-05, "local_perc": 0.00273224043715847}, "BIHAR": {"global_perc": 0.0004456923831171725, "local_perc": 0.0546448087431694}, "CHHATTISGARH": {"global_perc": 0.001291861273973964, "local_perc": 0.07103825136612021}, "HIMACHAL PRADESH": {"global_perc": 0.0014499758337361043, "local_perc": 0.08196721311475409}, "JAMMU & KASHMIR": {"global_perc": 0.0010682130321989928, "local_perc": 0.01912568306010929}, "JHARKHAND": {"global_perc": 0.0004013088843613015, "local_perc": 0.03551912568306011}, "KARNATAKA": {"global_perc": 3.408316291751875e-05, "local_perc": 0.00273224043715847}, "KERALA": {"global_perc": 0.0068762278978389, "local_perc": 0.01912568306010929}, "MADHYA PRADESH": {"global_perc": 0.0008014134018177513, "local_perc": 0.12021857923497267}, "Punjab": {"global_perc": 0.0010333041888562118, "local_perc": 0.03551912568306011}, "RAJASTHAN": {"global_perc": 0.0020370702005730657, "local_perc": 0.24863387978142076}, "TRIPURA": {"global_perc": 0.004571428571428572, "local_perc": 0.01092896174863388}, "Tamil Nadu": {"global_perc": 6.258213905751299e-05, "local_perc": 0.00273224043715847}, "UTTAR PRADESH": {"global_perc": 0.0007960739505872216, "local_perc": 0.23224043715846995}, "UTTARAKHAND": {"global_perc": 0.0010123265646400286, "local_perc": 0.04644808743169399}, "West Bengal": {"global_perc": 0.0001491869312248247, "local_perc": 0.01639344262295082}}, "partition_field": "Stat_Nam", "Vil_Nam": "Saher", "Stat_Nam": "JAMMU & KASHMIR"}, {"data": [["Vet_Hos_Doc_In_Pos_Num", 4.0], ["Vet_Hos_Num", 1.0], 4.0], "data_low": {"Stat_Nam": "HIMACHAL PRADESH", "Vil_Nam": "Kasba Bathri  (82A)", "Vet_Hos_Num": "1", "Vet_Hos_Doc_In_Pos_Num": "4", "id": 7323}, "data_high": {"Stat_Nam": "HIMACHAL PRADESH", "Vil_Nam": "Kasba Bathri  (82A)", "Vet_Hos_Num": "1", "Vet_Hos_Doc_In_Pos_Num": "4", "id": 7323}, "perc": 0.013970853908225944, "metric": 99.9860261459109, "value_global_local": {"HIMACHAL PRADESH": {"global_perc": 0.00019333011116481392, "local_perc": 0.04597701149425287}, "JHARKHAND": {"global_perc": 6.173982836327716e-05, "local_perc": 0.022988505747126436}, "MADHYA PRADESH": {"global_perc": 0.00012749758665282407, "local_perc": 0.08045977011494253}, "MANIPUR": {"global_perc": 0.001162340178225494, "local_perc": 0.034482758620689655}, "Punjab": {"global_perc": 7.948493760432397e-05, "local_perc": 0.011494252873563218}, "RAJASTHAN": {"global_perc": 0.0008954154727793697, "local_perc": 0.45977011494252873}, "UTTAR PRADESH": {"global_perc": 0.0002435049731207972, "local_perc": 0.2988505747126437}, "UTTARAKHAND": {"global_perc": 0.0002381944857976538, "local_perc": 0.04597701149425287}}, "partition_field": "Stat_Nam", "Vil_Nam": "Kasba Bathri  (82A)", "Stat_Nam": "HIMACHAL PRADESH"}, {"data": [["Vet_Hos_Doc_In_Pos_Num", 5.0], ["Vet_Hos_Num", 1.0], 5.0], "data_low": {"Stat_Nam": "UTTAR PRADESH", "Vil_Nam": "Kotawa", "Vet_Hos_Num": "2", "Vet_Hos_Doc_In_Pos_Num": "10", "id": 199054}, "data_high": {"Stat_Nam": "JAMMU & KASHMIR", "Vil_Nam": "Khanan", "Vet_Hos_Num": "1", "Vet_Hos_Doc_In_Pos_Num": "5", "id": 2857}, "perc": 0.004335782247380465, "metric": 99.99566021712596, "value_global_local": {"CHHATTISGARH": {"global_perc": 9.937394415184339e-05, "local_perc": 0.07407407407407407}, "HIMACHAL PRADESH": {"global_perc": 9.666505558240696e-05, "local_perc": 0.07407407407407407}, "JAMMU & KASHMIR": {"global_perc": 0.00015260186174271325, "local_perc": 0.037037037037037035}, "MADHYA PRADESH": {"global_perc": 1.821394095040344e-05, "local_perc": 0.037037037037037035}, "RAJASTHAN": {"global_perc": 6.715616045845272e-05, "local_perc": 0.1111111111111111}, "TRIPURA": {"global_perc": 0.001142857142857143, "local_perc": 0.037037037037037035}, "UTTAR PRADESH": {"global_perc": 0.00015921479011744431, "local_perc": 0.6296296296296297}}, "partition_field": "Stat_Nam", "Vil_Nam": "Khanan", "Stat_Nam": "JAMMU & KASHMIR"}, {"data": [["Vet_Hos_Doc_In_Pos_Num", 6.0], ["Vet_Hos_Num", 1.0], 6.0], "data_low": {"Stat_Nam": "HIMACHAL PRADESH", "Vil_Nam": "Sarahan Kalan (263/1)", "Vet_Hos_Num": "1", "Vet_Hos_Doc_In_Pos_Num": "6", "id": 22644}, "data_high": {"Stat_Nam": "HIMACHAL PRADESH", "Vil_Nam": "Sarahan Kalan (263/1)", "Vet_Hos_Num": "1", "Vet_Hos_Doc_In_Pos_Num": "6", "id": 22644}, "perc": 0.0008029226384037898, "metric": 99.99919207640161, "value_global_local": {}, "partition_field": null, "Vil_Nam": "Sarahan Kalan (263/1)", "Stat_Nam": "HIMACHAL PRADESH"}, {"data": [["Vet_Hos_Doc_In_Pos_Num", 8.0], ["Vet_Hos_Num", 1.0], 8.0], "data_low": {"Stat_Nam": "UTTAR PRADESH", "Vil_Nam": "Ankari Pur", "Vet_Hos_Num": "1", "Vet_Hos_Doc_In_Pos_Num": "8", "id": 165720}, "data_high": {"Stat_Nam": "UTTAR PRADESH", "Vil_Nam": "Ankari Pur", "Vet_Hos_Num": "1", "Vet_Hos_Doc_In_Pos_Num": "8", "id": 165720}, "perc": 0.00016058452768075794, "metric": 99.99983241408336, "value_global_local": {}, "partition_field": null, "Vil_Nam": "Ankari Pur", "Stat_Nam": "UTTAR PRADESH"}, {"data": [["Vet_Hos_Doc_In_Pos_Num", 13.0], ["Vet_Hos_Num", 1.0], 13.0], "data_low": {"Stat_Nam": "UTTAR PRADESH", "Vil_Nam": "Paliya Ray Singh", "Vet_Hos_Num": "1", "Vet_Hos_Doc_In_Pos_Num": "13", "id": 140039}, "data_high": {"Stat_Nam": "UTTAR PRADESH", "Vil_Nam": "Paliya Ray Singh", "Vet_Hos_Num": "1", "Vet_Hos_Doc_In_Pos_Num": "13", "id": 140039}, "perc": 0.00016058452768075794, "metric": 99.99982741309124, "value_global_local": {}, "partition_field": null, "Vil_Nam": "Paliya Ray Singh", "Stat_Nam": "UTTAR PRADESH"}, {"data": [["Vet_Hos_Doc_In_Pos_Num", 1.0], ["Vet_Hos_Num", 0.0], 9999], "data_low": {"Stat_Nam": "UTTAR PRADESH", "Vil_Nam": "Bijhamai", "Vet_Hos_Num": "0", "Vet_Hos_Doc_In_Pos_Num": "1", "id": 123931}, "data_high": {"Stat_Nam": "UTTAR PRADESH", "Vil_Nam": "Mau Mustkil", "Vet_Hos_Num": "0", "Vet_Hos_Doc_In_Pos_Num": "4", "id": 155216}, "perc": 0.006905134690272592, "metric": 99.98309555592321, "value_global_local": {"ASSAM": {"global_perc": 0.0013260087137715476, "local_perc": 0.813953488372093}, "MADHYA PRADESH": {"global_perc": 7.285576380161376e-05, "local_perc": 0.09302325581395349}, "UTTAR PRADESH": {"global_perc": 3.7462303557045726e-05, "local_perc": 0.09302325581395349}}, "partition_field": "Stat_Nam", "Vil_Nam": "Bijhamai", "Stat_Nam": "UTTAR PRADESH"}, {"data": [["Vet_Hos_Doc_In_Pos_Num", 0], ["Vet_Hos_Num", 0], 99980001], "data_low": {"Stat_Nam": "JAMMU & KASHMIR", "Vil_Nam": "Bore", "Vet_Hos_Num": "", "Vet_Hos_Doc_In_Pos_Num": "", "id": 0}, "data_high": {"Stat_Nam": "JAMMU & KASHMIR", "Vil_Nam": "Palmar", "Vet_Hos_Num": "Vet_Num", "Vet_Hos_Doc_In_Pos_Num": "Vet_pos", "id": 4582}, "perc": 94.94704725199728, "metric": 9.496603951023893e-07, "value_global_local": {"null": {"global_perc": 0.9494704725199727, "local_perc": 1.0}}, "partition_field": "Dist_Other", "Vil_Nam": "Bore", "Stat_Nam": "JAMMU & KASHMIR"}]