[{"data": [["Prim_Heal_Cen_Doc_Tot_Stren_Num", 0.0], ["Prim_Heal_Cen_Num", 1.0], 0.0], "data_low": {"Stat_Nam": "UTTAR PRADESH", "Vil_Nam": "Sarurpur Khurd", "Prim_Heal_Cen_Num": "1", "Prim_Heal_Cen_Doc_Tot_Stren_Num": "", "id": 117918}, "data_high": {"Stat_Nam": "MIZORAM", "Vil_Nam": "Bualpui NG \u0091W\u0092", "Prim_Heal_Cen_Num": "10", "Prim_Heal_Cen_Doc_Tot_Stren_Num": "1", "id": 270702}, "perc": 0.19430727849371715, "metric": 99.80569371976286, "value_global_local": {"ANDAMAN & NICOBAR ISLANDS": {"global_perc": 0.0018018018018018018, "local_perc": 0.0008264462809917355}, "CHHATTISGARH": {"global_perc": 0.012769551823511876, "local_perc": 0.21239669421487603}, "JAMMU & KASHMIR": {"global_perc": 0.004425453990538684, "local_perc": 0.023966942148760332}, "JHARKHAND": {"global_perc": 3.086991418163858e-05, "local_perc": 0.0008264462809917355}, "MANIPUR": {"global_perc": 0.0007748934521503294, "local_perc": 0.001652892561983471}, "MIZORAM": {"global_perc": 0.012048192771084338, "local_perc": 0.008264462809917356}, "NAGALAND": {"global_perc": 0.0070028011204481795, "local_perc": 0.008264462809917356}, "SIKKIM": {"global_perc": 0.0022172949002217295, "local_perc": 0.0008264462809917355}, "UTTAR PRADESH": {"global_perc": 0.001414201959278476, "local_perc": 0.12479338842975207}, "West Bengal": {"global_perc": 0.018598637426028148, "local_perc": 0.6181818181818182}}, "partition_field": "Stat_Nam", "Vil_Nam": "Khardong", "Stat_Nam": "JAMMU & KASHMIR"}, {"data": [["Prim_Heal_Cen_Doc_Tot_Stren_Num", 1.0], ["Prim_Heal_Cen_Num", 3.0], 0.3333333333333333], "data_low": {"Stat_Nam": "JAMMU & KASHMIR", "Vil_Nam": "Salal", "Prim_Heal_Cen_Num": "3", "Prim_Heal_Cen_Doc_Tot_Stren_Num": "1", "id": 5181}, "data_high": {"Stat_Nam": "JAMMU & KASHMIR", "Vil_Nam": "Salal", "Prim_Heal_Cen_Num": "3", "Prim_Heal_Cen_Doc_Tot_Stren_Num": "1", "id": 5181}, "perc": 0.0006423381107230318, "metric": 99.999358328685, "value_global_local": {}, "partition_field": null, "Vil_Nam": "Salal", "Stat_Nam": "JAMMU & KASHMIR"}, {"data": [["Prim_Heal_Cen_Doc_Tot_Stren_Num", 1.0], ["Prim_Heal_Cen_Num", 2.0], 0.5], "data_low": {"Stat_Nam": "JAMMU & KASHMIR", "Vil_Nam": "Ghalian", "Prim_Heal_Cen_Num": "2", "Prim_Heal_Cen_Doc_Tot_Stren_Num": "1", "id": 1509}, "data_high": {"Stat_Nam": "JAMMU & KASHMIR", "Vil_Nam": "Ghalian", "Prim_Heal_Cen_Num": "2", "Prim_Heal_Cen_Doc_Tot_Stren_Num": "1", "id": 1509}, "perc": 0.0110803324099723, "metric": 99.98892016763462, "value_global_local": {"ASSAM": {"global_perc": 0.0017806402727789355, "local_perc": 0.6811594202898551}, "JAMMU & KASHMIR": {"global_perc": 0.0003052037234854265, "local_perc": 0.028985507246376812}, "KERALA": {"global_perc": 0.008840864440078585, "local_perc": 0.13043478260869565}, "MIZORAM": {"global_perc": 0.0012048192771084338, "local_perc": 0.014492753623188406}, "Punjab": {"global_perc": 0.0003974246880216199, "local_perc": 0.07246376811594203}, "West Bengal": {"global_perc": 0.00012432244268735393, "local_perc": 0.07246376811594203}}, "partition_field": "Stat_Nam", "Vil_Nam": "Ghalian", "Stat_Nam": "JAMMU & KASHMIR"}, {"data": [["Prim_Heal_Cen_Doc_Tot_Stren_Num", 3.0], ["Prim_Heal_Cen_Num", 4.0], 0.75], "data_low": {"Stat_Nam": "JAMMU & KASHMIR", "Vil_Nam": "Barwalah", "Prim_Heal_Cen_Num": "4", "Prim_Heal_Cen_Doc_Tot_Stren_Num": "3", "id": 2853}, "data_high": {"Stat_Nam": "JAMMU & KASHMIR", "Vil_Nam": "Barwalah", "Prim_Heal_Cen_Num": "4", "Prim_Heal_Cen_Doc_Tot_Stren_Num": "3", "id": 2853}, "perc": 0.00016058452768075794, "metric": 99.99983966552192, "value_global_local": {}, "partition_field": null, "Vil_Nam": "Barwalah", "Stat_Nam": "JAMMU & KASHMIR"}, {"data": [["Prim_Heal_Cen_Doc_Tot_Stren_Num", 1.0], ["Prim_Heal_Cen_Num", 1.0], 1.0], "data_low": {"Stat_Nam": "JAMMU & KASHMIR", "Vil_Nam": "Kuligam", "Prim_Heal_Cen_Num": "1", "Prim_Heal_Cen_Doc_Tot_Stren_Num": "1", "id": 19}, "data_high": {"Stat_Nam": "ASSAM", "Vil_Nam": "Rowah Pt.III", "Prim_Heal_Cen_Num": "3", "Prim_Heal_Cen_Doc_Tot_Stren_Num": "3", "id": 279840}, "perc": 1.7521377815247503, "metric": 98.24786221847525, "value_global_local": {"": {"global_perc": 0.020375212621765556, "local_perc": 0.9726881129135735}, "AHMEDGARH": {"global_perc": 1.0, "local_perc": 9.165062780680047e-05}, "AHMEDPUR": {"global_perc": 0.3333333333333333, "local_perc": 9.165062780680047e-05}, "ALIPUR BIHTA": {"global_perc": 1.0, "local_perc": 9.165062780680047e-05}, "AMEPUR": {"global_perc": 0.3333333333333333, "local_perc": 9.165062780680047e-05}, "AMRDHAHA CHARAN": {"global_perc": 1.0, "local_perc": 9.165062780680047e-05}, "ANDARGAON": {"global_perc": 1.0, "local_perc": 9.165062780680047e-05}, "ANDIPATTI": {"global_perc": 0.25, "local_perc": 9.165062780680047e-05}, "AREKALHOSAHALLI": {"global_perc": 0.5, "local_perc": 9.165062780680047e-05}, "ATTARI": {"global_perc": 0.2, "local_perc": 9.165062780680047e-05}, "AYAR": {"global_perc": 0.5, "local_perc": 9.165062780680047e-05}, "BACHAHALLI": {"global_perc": 1.0, "local_perc": 9.165062780680047e-05}, "BADOWALA": {"global_perc": 1.0, "local_perc": 9.165062780680047e-05}, "BADRUDDINPUR": {"global_perc": 1.0, "local_perc": 9.165062780680047e-05}, "BAGAR PANOGI": {"global_perc": 1.0, "local_perc": 9.165062780680047e-05}, "BAHADURPUR": {"global_perc": 0.023809523809523808, "local_perc": 9.165062780680047e-05}, "BAJROTH": {"global_perc": 1.0, "local_perc": 9.165062780680047e-05}, "BAKAMI": {"global_perc": 1.0, "local_perc": 9.165062780680047e-05}, "BALH BEHAL": {"global_perc": 0.125, "local_perc": 9.165062780680047e-05}, "BALLAGAN": {"global_perc": 1.0, "local_perc": 9.165062780680047e-05}, "BANGA": {"global_perc": 0.5, "local_perc": 9.165062780680047e-05}, "BASAULI": {"global_perc": 0.3333333333333333, "local_perc": 9.165062780680047e-05}, "BASAVANAHALLI": {"global_perc": 0.2, "local_perc": 9.165062780680047e-05}, "BASINI": {"global_perc": 1.0, "local_perc": 9.165062780680047e-05}, "BASUDEWPUR": {"global_perc": 1.0, "local_perc": 9.165062780680047e-05}, "BELDIHRI": {"global_perc": 0.3333333333333333, "local_perc": 9.165062780680047e-05}, "BHARIJA": {"global_perc": 0.5, "local_perc": 9.165062780680047e-05}, "BHATKOT": {"global_perc": 0.16666666666666666, "local_perc": 9.165062780680047e-05}, "BHATPURA": {"global_perc": 0.125, "local_perc": 9.165062780680047e-05}, "BHAURA DANDA": {"global_perc": 1.0, "local_perc": 9.165062780680047e-05}, "BHILOWAL": {"global_perc": 0.5, "local_perc": 9.165062780680047e-05}, "BHITI": {"global_perc": 0.14285714285714285, "local_perc": 9.165062780680047e-05}, "BHUMAL GADI": {"global_perc": 1.0, "local_perc": 9.165062780680047e-05}, "BHUTAHAVA": {"global_perc": 1.0, "local_perc": 9.165062780680047e-05}, "BHUTI": {"global_perc": 1.0, "local_perc": 9.165062780680047e-05}, "BILISIRI": {"global_perc": 0.5, "local_perc": 9.165062780680047e-05}, "BISHASHARPUR": {"global_perc": 1.0, "local_perc": 9.165062780680047e-05}, "BOLLA": {"global_perc": 1.0, "local_perc": 0.00018330125561360095}, "BRAUGHI": {"global_perc": 0.3333333333333333, "local_perc": 9.165062780680047e-05}, "BUDGADDA": {"global_perc": 0.5, "local_perc": 0.00018330125561360095}, "Banwalipur": {"global_perc": 1.0, "local_perc": 9.165062780680047e-05}, "CHAK BAMUN": {"global_perc": 0.3333333333333333, "local_perc": 9.165062780680047e-05}, "CHAKRI": {"global_perc": 0.5, "local_perc": 9.165062780680047e-05}, "CHAMA": {"global_perc": 1.0, "local_perc": 9.165062780680047e-05}, "CHAMPAPUR": {"global_perc": 0.3333333333333333, "local_perc": 9.165062780680047e-05}, "CHANDWE": {"global_perc": 1.0, "local_perc": 9.165062780680047e-05}, "CHAUBATTA KHAL": {"global_perc": 1.0, "local_perc": 9.165062780680047e-05}, "CHHANGLA": {"global_perc": 0.2, "local_perc": 9.165062780680047e-05}, "CHHANI": {"global_perc": 0.14285714285714285, "local_perc": 9.165062780680047e-05}, "CHHATADAMORE": {"global_perc": 1.0, "local_perc": 9.165062780680047e-05}, "CHHITKUL": {"global_perc": 1.0, "local_perc": 0.00018330125561360095}, "CHILOI": {"global_perc": 0.3333333333333333, "local_perc": 9.165062780680047e-05}, "CHOPTA": {"global_perc": 0.5, "local_perc": 9.165062780680047e-05}, "CHORAIN": {"global_perc": 1.0, "local_perc": 9.165062780680047e-05}, "CHOURM": {"global_perc": 0.5, "local_perc": 9.165062780680047e-05}, "CHUKHARA BANDHUDIH": {"global_perc": 1.0, "local_perc": 9.165062780680047e-05}, "DABARI": {"global_perc": 1.0, "local_perc": 9.165062780680047e-05}, "DADADAHALLI": {"global_perc": 1.0, "local_perc": 9.165062780680047e-05}, "DADHOG": {"global_perc": 0.125, "local_perc": 9.165062780680047e-05}, "DAIRA": {"global_perc": 1.0, "local_perc": 9.165062780680047e-05}, "DEGO DEHARI": {"global_perc": 1.0, "local_perc": 9.165062780680047e-05}, "DEWAL": {"global_perc": 0.3333333333333333, "local_perc": 9.165062780680047e-05}, "DHOOMAKOT": {"global_perc": 0.5, "local_perc": 9.165062780680047e-05}, "DHORHA": {"global_perc": 0.5, "local_perc": 9.165062780680047e-05}, "DUNGRI MALLI": {"global_perc": 1.0, "local_perc": 0.00018330125561360095}, "ERKI": {"global_perc": 1.0, "local_perc": 9.165062780680047e-05}, "FATEHPUR": {"global_perc": 0.015873015873015872, "local_perc": 9.165062780680047e-05}, "FATEHPUR CHADRAI": {"global_perc": 1.0, "local_perc": 9.165062780680047e-05}, "FATTUWALA": {"global_perc": 1.0, "local_perc": 9.165062780680047e-05}, "FULANG": {"global_perc": 0.3333333333333333, "local_perc": 9.165062780680047e-05}, "FURRA": {"global_perc": 0.3333333333333333, "local_perc": 9.165062780680047e-05}, "GADIARA": {"global_perc": 0.08333333333333333, "local_perc": 9.165062780680047e-05}, "GANGATI": {"global_perc": 1.0, "local_perc": 0.00018330125561360095}, "GANGHARA": {"global_perc": 0.5, "local_perc": 9.165062780680047e-05}, "GARHWA": {"global_perc": 0.14285714285714285, "local_perc": 9.165062780680047e-05}, "GHANAUR": {"global_perc": 0.3333333333333333, "local_perc": 9.165062780680047e-05}, "GHUMACHI": {"global_perc": 1.0, "local_perc": 9.165062780680047e-05}, "GOKULPUR": {"global_perc": 0.1, "local_perc": 9.165062780680047e-05}, "GOVINDAMPALAYAM": {"global_perc": 0.5, "local_perc": 9.165062780680047e-05}, "GULAULA KHERA": {"global_perc": 1.0, "local_perc": 9.165062780680047e-05}, "GUMMIDIPOONDI": {"global_perc": 0.5, "local_perc": 9.165062780680047e-05}, "GUTAKBARA": {"global_perc": 1.0, "local_perc": 9.165062780680047e-05}, "GYANPUR": {"global_perc": 0.06896551724137931, "local_perc": 0.00018330125561360095}, "HAIBAT PINDI": {"global_perc": 0.1, "local_perc": 9.165062780680047e-05}, "HARIHARPUR": {"global_perc": 0.03225806451612903, "local_perc": 9.165062780680047e-05}, "HIJALJURI": {"global_perc": 1.0, "local_perc": 9.165062780680047e-05}, "HOBAR": {"global_perc": 0.25, "local_perc": 9.165062780680047e-05}, "HULIYAR": {"global_perc": 0.5, "local_perc": 9.165062780680047e-05}, "HUNASANAKODIHALLI": {"global_perc": 1.0, "local_perc": 9.165062780680047e-05}, "IBRAHIMPUR": {"global_perc": 0.1, "local_perc": 9.165062780680047e-05}, "ISHAPUR": {"global_perc": 0.3333333333333333, "local_perc": 9.165062780680047e-05}, "JAGANU": {"global_perc": 1.0, "local_perc": 9.165062780680047e-05}, "JALALPUR NAURANGA": {"global_perc": 0.5, "local_perc": 9.165062780680047e-05}, "JAMARARI": {"global_perc": 0.3333333333333333, "local_perc": 9.165062780680047e-05}, "JAMBGI(K.D)": {"global_perc": 1.0, "local_perc": 9.165062780680047e-05}, "JANGLA": {"global_perc": 0.5, "local_perc": 9.165062780680047e-05}, "JANIPUR": {"global_perc": 0.5, "local_perc": 9.165062780680047e-05}, "JANJO": {"global_perc": 0.5, "local_perc": 9.165062780680047e-05}, "JANUBAZAR": {"global_perc": 1.0, "local_perc": 9.165062780680047e-05}, "JHAMKE": {"global_perc": 1.0, "local_perc": 9.165062780680047e-05}, "JHANJOWAL": {"global_perc": 1.0, "local_perc": 9.165062780680047e-05}, "JOPA": {"global_perc": 1.0, "local_perc": 9.165062780680047e-05}, "Jansua": {"global_perc": 1.0, "local_perc": 0.00018330125561360095}, "KADEYA": {"global_perc": 1.0, "local_perc": 9.165062780680047e-05}, "KAGAPUR": {"global_perc": 1.0, "local_perc": 9.165062780680047e-05}, "KAKRALA": {"global_perc": 0.5, "local_perc": 9.165062780680047e-05}, "KALEENDA MATIANA": {"global_perc": 1.0, "local_perc": 9.165062780680047e-05}, "KALEWAL BAGTAN": {"global_perc": 0.5, "local_perc": 9.165062780680047e-05}, "KALEWAL BHAGTAN": {"global_perc": 1.0, "local_perc": 9.165062780680047e-05}, "KANDHALA SHEIKAN": {"global_perc": 1.0, "local_perc": 9.165062780680047e-05}, "KANDIKHAL": {"global_perc": 1.0, "local_perc": 9.165062780680047e-05}, "KANNAPUR HATTI": {"global_perc": 1.0, "local_perc": 9.165062780680047e-05}, "KARJA": {"global_perc": 0.5, "local_perc": 9.165062780680047e-05}, "KARNU": {"global_perc": 0.125, "local_perc": 9.165062780680047e-05}, "KASIDA": {"global_perc": 1.0, "local_perc": 9.165062780680047e-05}, "KASWAD": {"global_perc": 0.5, "local_perc": 9.165062780680047e-05}, "KERA MALLA": {"global_perc": 1.0, "local_perc": 9.165062780680047e-05}, "KESARE": {"global_perc": 1.0, "local_perc": 9.165062780680047e-05}, "KESHOPUR": {"global_perc": 0.2, "local_perc": 9.165062780680047e-05}, "KHALISPUR MUBARAK": {"global_perc": 1.0, "local_perc": 9.165062780680047e-05}, "KHANDEPUR": {"global_perc": 0.3333333333333333, "local_perc": 9.165062780680047e-05}, "KHANOLI": {"global_perc": 0.3333333333333333, "local_perc": 9.165062780680047e-05}, "KHILASU": {"global_perc": 1.0, "local_perc": 9.165062780680047e-05}, "KHIRANWALI": {"global_perc": 0.5, "local_perc": 9.165062780680047e-05}, "KHIRI": {"global_perc": 0.5, "local_perc": 9.165062780680047e-05}, "KHUN KHUN SARKI": {"global_perc": 0.5, "local_perc": 9.165062780680047e-05}, "KHURAMPUR DALLU": {"global_perc": 0.5, "local_perc": 9.165062780680047e-05}, "KILAR": {"global_perc": 0.06666666666666667, "local_perc": 9.165062780680047e-05}, "KOHIMA": {"global_perc": 0.3333333333333333, "local_perc": 9.165062780680047e-05}, "KOHWIN": {"global_perc": 1.0, "local_perc": 9.165062780680047e-05}, "KORI": {"global_perc": 0.2, "local_perc": 9.165062780680047e-05}, "KOSDA": {"global_perc": 0.14285714285714285, "local_perc": 9.165062780680047e-05}, "KOT GANGURAI": {"global_perc": 1.0, "local_perc": 9.165062780680047e-05}, "KOTHUNG": {"global_perc": 1.0, "local_perc": 9.165062780680047e-05}, "KRALPATH": {"global_perc": 1.0, "local_perc": 9.165062780680047e-05}, "KRTHWALIYA": {"global_perc": 1.0, "local_perc": 9.165062780680047e-05}, "KULLATHILVAI": {"global_perc": 0.3333333333333333, "local_perc": 9.165062780680047e-05}, "LADWAL": {"global_perc": 0.25, "local_perc": 9.165062780680047e-05}, "LAXAYNAGAR": {"global_perc": 1.0, "local_perc": 9.165062780680047e-05}, "MACHAGOWDANAHALLI": {"global_perc": 0.1111111111111111, "local_perc": 9.165062780680047e-05}, "MACHONG": {"global_perc": 1.0, "local_perc": 9.165062780680047e-05}, "MADARHANA": {"global_perc": 0.5, "local_perc": 9.165062780680047e-05}, "MAHMOODPUR": {"global_perc": 0.125, "local_perc": 9.165062780680047e-05}, "MAHUADANR": {"global_perc": 0.16666666666666666, "local_perc": 9.165062780680047e-05}, "MAILI": {"global_perc": 1.0, "local_perc": 9.165062780680047e-05}, "MAJHIGAWA": {"global_perc": 0.25, "local_perc": 9.165062780680047e-05}, "MALLARPUR": {"global_perc": 1.0, "local_perc": 9.165062780680047e-05}, "MALLICKPUR": {"global_perc": 1.0, "local_perc": 9.165062780680047e-05}, "MANGWAL": {"global_perc": 0.3333333333333333, "local_perc": 9.165062780680047e-05}, "MASTI PALKOT": {"global_perc": 1.0, "local_perc": 9.165062780680047e-05}, "MATAULI BAZAR": {"global_perc": 1.0, "local_perc": 9.165062780680047e-05}, "MAYURHAND": {"global_perc": 0.25, "local_perc": 9.165062780680047e-05}, "MEERGANJ": {"global_perc": 0.5, "local_perc": 9.165062780680047e-05}, "MEZOMA": {"global_perc": 0.5, "local_perc": 9.165062780680047e-05}, "MIADI KALAN": {"global_perc": 0.25, "local_perc": 9.165062780680047e-05}, "MIRPUR RATANPUR": {"global_perc": 1.0, "local_perc": 9.165062780680047e-05}, "MISRAULI": {"global_perc": 1.0, "local_perc": 9.165062780680047e-05}, "MULEKALENAHALLI": {"global_perc": 0.1111111111111111, "local_perc": 9.165062780680047e-05}, "MUNAN": {"global_perc": 1.0, "local_perc": 9.165062780680047e-05}, "N.A.": {"global_perc": 0.005493464671339269, "local_perc": 0.005315736412794428}, "NAGARDIH": {"global_perc": 1.0, "local_perc": 9.165062780680047e-05}, "NAGENAHALLI": {"global_perc": 0.16666666666666666, "local_perc": 9.165062780680047e-05}, "NALATHWAD": {"global_perc": 0.25, "local_perc": 9.165062780680047e-05}, "NAND TALLA": {"global_perc": 1.0, "local_perc": 9.165062780680047e-05}, "NAUGAON": {"global_perc": 0.125, "local_perc": 9.165062780680047e-05}, "NAWADA": {"global_perc": 0.03225806451612903, "local_perc": 9.165062780680047e-05}, "NOHRI": {"global_perc": 0.5, "local_perc": 9.165062780680047e-05}, "OBRA": {"global_perc": 1.0, "local_perc": 9.165062780680047e-05}, "P.S. CHAKDA": {"global_perc": 1.0, "local_perc": 9.165062780680047e-05}, "PAHARPUR": {"global_perc": 0.04, "local_perc": 9.165062780680047e-05}, "PAIGAMBARPUR": {"global_perc": 1.0, "local_perc": 9.165062780680047e-05}, "PALLEL": {"global_perc": 0.04, "local_perc": 9.165062780680047e-05}, "PALLIKKADU": {"global_perc": 1.0, "local_perc": 9.165062780680047e-05}, "PATIAL": {"global_perc": 0.3333333333333333, "local_perc": 9.165062780680047e-05}, "PATORA": {"global_perc": 1.0, "local_perc": 9.165062780680047e-05}, "PIPRULI": {"global_perc": 1.0, "local_perc": 9.165062780680047e-05}, "PIRAN WALA": {"global_perc": 1.0, "local_perc": 9.165062780680047e-05}, "POKHARIA": {"global_perc": 0.125, "local_perc": 9.165062780680047e-05}, "POKHARIYA": {"global_perc": 0.5, "local_perc": 9.165062780680047e-05}, "PORU": {"global_perc": 0.09090909090909091, "local_perc": 9.165062780680047e-05}, "PUNAJUR STATE FOREST": {"global_perc": 1.0, "local_perc": 9.165062780680047e-05}, "PURALAL": {"global_perc": 1.0, "local_perc": 9.165062780680047e-05}, "PURAUNI BUZURG": {"global_perc": 1.0, "local_perc": 9.165062780680047e-05}, "PURE HAVAN": {"global_perc": 1.0, "local_perc": 9.165062780680047e-05}, "RAJDERA": {"global_perc": 1.0, "local_perc": 9.165062780680047e-05}, "RAMBAG  UDAICHANDPUR": {"global_perc": 1.0, "local_perc": 9.165062780680047e-05}, "RANIPOKHRI": {"global_perc": 0.25, "local_perc": 9.165062780680047e-05}, "RASAM": {"global_perc": 1.0, "local_perc": 9.165062780680047e-05}, "RATNAG": {"global_perc": 0.3333333333333333, "local_perc": 9.165062780680047e-05}, "REASI": {"global_perc": 0.09090909090909091, "local_perc": 9.165062780680047e-05}, "RIEW": {"global_perc": 1.0, "local_perc": 9.165062780680047e-05}, "RIHALKAR": {"global_perc": 0.3333333333333333, "local_perc": 9.165062780680047e-05}, "RUPNAGAR": {"global_perc": 1.0, "local_perc": 9.165062780680047e-05}, "SADIKPUR SEMRAHA": {"global_perc": 1.0, "local_perc": 9.165062780680047e-05}, "SANKESHWAR TOWN": {"global_perc": 1.0, "local_perc": 9.165062780680047e-05}, "SANSARIPUR": {"global_perc": 0.3333333333333333, "local_perc": 9.165062780680047e-05}, "SARAIA": {"global_perc": 0.25, "local_perc": 9.165062780680047e-05}, "SARDAM": {"global_perc": 0.25, "local_perc": 9.165062780680047e-05}, "SARYALI": {"global_perc": 0.5, "local_perc": 9.165062780680047e-05}, "SATHIALA": {"global_perc": 0.5, "local_perc": 9.165062780680047e-05}, "SEWAL": {"global_perc": 1.0, "local_perc": 9.165062780680047e-05}, "SHAHJAHANPUR": {"global_perc": 0.3333333333333333, "local_perc": 9.165062780680047e-05}, "SHER KHAN WALA": {"global_perc": 0.5, "local_perc": 9.165062780680047e-05}, "SHISHGARH": {"global_perc": 1.0, "local_perc": 9.165062780680047e-05}, "SIHORIYA": {"global_perc": 0.5, "local_perc": 9.165062780680047e-05}, "SIKRIA": {"global_perc": 0.5, "local_perc": 9.165062780680047e-05}, "SINGHNI": {"global_perc": 1.0, "local_perc": 9.165062780680047e-05}, "SIRUVADI": {"global_perc": 1.0, "local_perc": 9.165062780680047e-05}, "SITA PUR": {"global_perc": 1.0, "local_perc": 9.165062780680047e-05}, "SIYUM": {"global_perc": 0.03125, "local_perc": 9.165062780680047e-05}, "SOAFSHALI": {"global_perc": 1.0, "local_perc": 9.165062780680047e-05}, "SOMESAR": {"global_perc": 0.3333333333333333, "local_perc": 9.165062780680047e-05}, "SOMINAKOPPA": {"global_perc": 0.16666666666666666, "local_perc": 9.165062780680047e-05}, "SOUHDA KHURD": {"global_perc": 1.0, "local_perc": 9.165062780680047e-05}, "SUNKA": {"global_perc": 1.0, "local_perc": 9.165062780680047e-05}, "SURAPUR": {"global_perc": 0.5, "local_perc": 9.165062780680047e-05}, "SURARYOR": {"global_perc": 1.0, "local_perc": 9.165062780680047e-05}, "TABAR": {"global_perc": 1.0, "local_perc": 9.165062780680047e-05}, "TAGUV": {"global_perc": 0.3333333333333333, "local_perc": 9.165062780680047e-05}, "THAGACHAGERE": {"global_perc": 1.0, "local_perc": 9.165062780680047e-05}, "THALAGHATTAPURA": {"global_perc": 0.2, "local_perc": 9.165062780680047e-05}, "THILL": {"global_perc": 0.14285714285714285, "local_perc": 9.165062780680047e-05}, "TINGHARA": {"global_perc": 1.0, "local_perc": 9.165062780680047e-05}, "TRAL": {"global_perc": 0.5, "local_perc": 9.165062780680047e-05}, "UDAYA RAMPUR": {"global_perc": 1.0, "local_perc": 9.165062780680047e-05}, "UNERA": {"global_perc": 1.0, "local_perc": 9.165062780680047e-05}, "UP MUHAL BHAJYAR": {"global_perc": 1.0, "local_perc": 9.165062780680047e-05}, "URMAR": {"global_perc": 1.0, "local_perc": 9.165062780680047e-05}, "VADAKATTUPATTI": {"global_perc": 1.0, "local_perc": 9.165062780680047e-05}, "VARESAR KHAS": {"global_perc": 1.0, "local_perc": 9.165062780680047e-05}, "VILANDAPUR": {"global_perc": 0.25, "local_perc": 9.165062780680047e-05}, "VINAURA": {"global_perc": 1.0, "local_perc": 9.165062780680047e-05}, "WALONG H.Q": {"global_perc": 1.0, "local_perc": 9.165062780680047e-05}, "Yongnyah vill": {"global_perc": 1.0, "local_perc": 9.165062780680047e-05}, "ZAHRIKHAL": {"global_perc": 0.3333333333333333, "local_perc": 9.165062780680047e-05}}, "partition_field": "Near_Vil_Tow_Nam_hav_Prim_School", "Vil_Nam": "Kuligam", "Stat_Nam": "JAMMU & KASHMIR"}, {"data": [["Prim_Heal_Cen_Doc_Tot_Stren_Num", 3.0], ["Prim_Heal_Cen_Num", 2.0], 1.5], "data_low": {"Stat_Nam": "JAMMU & KASHMIR", "Vil_Nam": "Kalantra Pain", "Prim_Heal_Cen_Num": "2", "Prim_Heal_Cen_Doc_Tot_Stren_Num": "3", "id": 2458}, "data_high": {"Stat_Nam": "JAMMU & KASHMIR", "Vil_Nam": "Kalantra Pain", "Prim_Heal_Cen_Num": "2", "Prim_Heal_Cen_Doc_Tot_Stren_Num": "3", "id": 2458}, "perc": 0.0016058452768075795, "metric": 99.9983936546312, "value_global_local": {}, "partition_field": null, "Vil_Nam": "Kalantra Pain", "Stat_Nam": "JAMMU & KASHMIR"}, {"data": [["Prim_Heal_Cen_Doc_Tot_Stren_Num", 2.0], ["Prim_Heal_Cen_Num", 1.0], 2.0], "data_low": {"Stat_Nam": "JAMMU & KASHMIR", "Vil_Nam": "Keran", "Prim_Heal_Cen_Num": "1", "Prim_Heal_Cen_Doc_Tot_Stren_Num": "2", "id": 1}, "data_high": {"Stat_Nam": "JAMMU & KASHMIR", "Vil_Nam": "Shajroo", "Prim_Heal_Cen_Num": "4", "Prim_Heal_Cen_Doc_Tot_Stren_Num": "8", "id": 5103}, "perc": 1.1693765305712795, "metric": 98.83062248092479, "value_global_local": {"": {"global_perc": 0.013746021141226928, "local_perc": 0.9832463608898654}, "ADHARPUR": {"global_perc": 0.25, "local_perc": 0.00013732491073880802}, "ANACHI": {"global_perc": 0.5, "local_perc": 0.00013732491073880802}, "B.BAGEWADI": {"global_perc": 0.5, "local_perc": 0.00013732491073880802}, "BALIA": {"global_perc": 0.08333333333333333, "local_perc": 0.00013732491073880802}, "BALRAMPUR": {"global_perc": 0.1, "local_perc": 0.00013732491073880802}, "BANKI": {"global_perc": 0.1, "local_perc": 0.00013732491073880802}, "BARAILA": {"global_perc": 0.4, "local_perc": 0.00027464982147761604}, "BARAP": {"global_perc": 0.3333333333333333, "local_perc": 0.00013732491073880802}, "BASEDOUR": {"global_perc": 0.3333333333333333, "local_perc": 0.00013732491073880802}, "BELHAN": {"global_perc": 0.3333333333333333, "local_perc": 0.00013732491073880802}, "BHADAURA": {"global_perc": 0.14285714285714285, "local_perc": 0.00013732491073880802}, "BHANPURKHA": {"global_perc": 1.0, "local_perc": 0.00013732491073880802}, "BHARERI": {"global_perc": 0.09090909090909091, "local_perc": 0.00013732491073880802}, "BHIRAWA": {"global_perc": 1.0, "local_perc": 0.00013732491073880802}, "BISNAH": {"global_perc": 0.4, "local_perc": 0.00027464982147761604}, "BORAGAONWADI": {"global_perc": 1.0, "local_perc": 0.00013732491073880802}, "CHANDRI": {"global_perc": 0.1111111111111111, "local_perc": 0.00013732491073880802}, "CHHITPAL GARH": {"global_perc": 1.0, "local_perc": 0.00013732491073880802}, "CHITBARGAON": {"global_perc": 0.5, "local_perc": 0.00013732491073880802}, "CHOWKI": {"global_perc": 0.125, "local_perc": 0.00013732491073880802}, "DAULATPUR": {"global_perc": 0.05714285714285714, "local_perc": 0.00027464982147761604}, "DHANNYACHARA": {"global_perc": 1.0, "local_perc": 0.00013732491073880802}, "DHUNA": {"global_perc": 0.3333333333333333, "local_perc": 0.00013732491073880802}, "DIFFERPAT": {"global_perc": 1.0, "local_perc": 0.00013732491073880802}, "Dhanaka": {"global_perc": 1.0, "local_perc": 0.00013732491073880802}, "GADUTHURU": {"global_perc": 0.1, "local_perc": 0.00013732491073880802}, "GAJADHARPUR": {"global_perc": 0.125, "local_perc": 0.00013732491073880802}, "GAON": {"global_perc": 0.06666666666666667, "local_perc": 0.00013732491073880802}, "GAUHARPUR": {"global_perc": 0.3333333333333333, "local_perc": 0.00013732491073880802}, "GONHA TAL": {"global_perc": 1.0, "local_perc": 0.00013732491073880802}, "GOPALPUR": {"global_perc": 0.008333333333333333, "local_perc": 0.00013732491073880802}, "GUJARAN PURVA": {"global_perc": 1.0, "local_perc": 0.00013732491073880802}, "GURI": {"global_perc": 0.1111111111111111, "local_perc": 0.00013732491073880802}, "HAFIZPUR": {"global_perc": 0.25, "local_perc": 0.00013732491073880802}, "HARNA": {"global_perc": 0.5, "local_perc": 0.00013732491073880802}, "HAUCAK": {"global_perc": 0.16666666666666666, "local_perc": 0.00013732491073880802}, "INDAR": {"global_perc": 0.3333333333333333, "local_perc": 0.00013732491073880802}, "ITKHORI": {"global_perc": 0.5, "local_perc": 0.00013732491073880802}, "ITWA": {"global_perc": 0.1, "local_perc": 0.00013732491073880802}, "JAGATPUR": {"global_perc": 0.047619047619047616, "local_perc": 0.00013732491073880802}, "JAMINBIL KUNDA": {"global_perc": 1.0, "local_perc": 0.00013732491073880802}, "JAMUAMWAN": {"global_perc": 1.0, "local_perc": 0.00013732491073880802}, "JISPA": {"global_perc": 0.5, "local_perc": 0.00013732491073880802}, "KACHNAL": {"global_perc": 1.0, "local_perc": 0.00013732491073880802}, "KADIPUR": {"global_perc": 0.125, "local_perc": 0.00013732491073880802}, "KANAUDI": {"global_perc": 0.5, "local_perc": 0.00013732491073880802}, "KANHAULI KHAS": {"global_perc": 1.0, "local_perc": 0.00013732491073880802}, "KANKRADNAG": {"global_perc": 1.0, "local_perc": 0.00013732491073880802}, "KARADIE": {"global_perc": 1.0, "local_perc": 0.00013732491073880802}, "KATAHANA": {"global_perc": 0.5, "local_perc": 0.00013732491073880802}, "KHARAJ": {"global_perc": 0.3333333333333333, "local_perc": 0.00013732491073880802}, "KHOKHKHAR": {"global_perc": 0.25, "local_perc": 0.00013732491073880802}, "KHURDA SEER": {"global_perc": 1.0, "local_perc": 0.00013732491073880802}, "KIRATPUR": {"global_perc": 0.16666666666666666, "local_perc": 0.00013732491073880802}, "KITAJHOR": {"global_perc": 1.0, "local_perc": 0.00013732491073880802}, "KODAK": {"global_perc": 0.029411764705882353, "local_perc": 0.00013732491073880802}, "KOTTARAM": {"global_perc": 1.0, "local_perc": 0.00013732491073880802}, "KUKURBAGHI": {"global_perc": 0.0625, "local_perc": 0.00013732491073880802}, "KUMIZHI": {"global_perc": 1.0, "local_perc": 0.00013732491073880802}, "MADHOPUR": {"global_perc": 0.03225806451612903, "local_perc": 0.00013732491073880802}, "MAGALI": {"global_perc": 1.0, "local_perc": 0.00013732491073880802}, "MAHADUPUR": {"global_perc": 1.0, "local_perc": 0.00013732491073880802}, "MAJHOLA": {"global_perc": 0.5, "local_perc": 0.00013732491073880802}, "MAJHWALIYA": {"global_perc": 1.0, "local_perc": 0.00013732491073880802}, "MALIHAPUR": {"global_perc": 1.0, "local_perc": 0.00013732491073880802}, "MANGARA": {"global_perc": 1.0, "local_perc": 0.00013732491073880802}, "MARHEEN": {"global_perc": 0.6666666666666666, "local_perc": 0.00027464982147761604}, "MARIPAR": {"global_perc": 1.0, "local_perc": 0.00013732491073880802}, "MELPAKKAM": {"global_perc": 0.5, "local_perc": 0.00013732491073880802}, "MOHANPUR": {"global_perc": 0.013333333333333334, "local_perc": 0.00013732491073880802}, "MUNCHINGI PUTTU": {"global_perc": 0.1111111111111111, "local_perc": 0.00013732491073880802}, "N.A.": {"global_perc": 0.002367872703163478, "local_perc": 0.0034331227684702005}, "NABINAGAR": {"global_perc": 0.25, "local_perc": 0.00013732491073880802}, "NEWAIZPAR": {"global_perc": 0.25, "local_perc": 0.00013732491073880802}, "OLAMPUR CHHAPARA": {"global_perc": 1.0, "local_perc": 0.00013732491073880802}, "PADARIYA": {"global_perc": 0.07692307692307693, "local_perc": 0.00013732491073880802}, "PIPRA GODHAR": {"global_perc": 1.0, "local_perc": 0.00013732491073880802}, "RAGHOPUR": {"global_perc": 0.16666666666666666, "local_perc": 0.00013732491073880802}, "RAKHAUNA": {"global_perc": 0.2, "local_perc": 0.00013732491073880802}, "RAM LACHHAN": {"global_perc": 1.0, "local_perc": 0.00013732491073880802}, "RAMGARHA": {"global_perc": 1.0, "local_perc": 0.00013732491073880802}, "RAMPUR": {"global_perc": 0.007194244604316547, "local_perc": 0.00013732491073880802}, "RANIPUR": {"global_perc": 0.029411764705882353, "local_perc": 0.00013732491073880802}, "Rahmatpur": {"global_perc": 0.5, "local_perc": 0.00013732491073880802}, "S.HOTOVI": {"global_perc": 1.0, "local_perc": 0.00013732491073880802}, "SHAIKHPUR": {"global_perc": 0.5, "local_perc": 0.00013732491073880802}, "TAJANGI": {"global_perc": 1.0, "local_perc": 0.00013732491073880802}, "TAMBA": {"global_perc": 0.5, "local_perc": 0.00013732491073880802}, "THANDORA": {"global_perc": 0.5, "local_perc": 0.00013732491073880802}, "TIKAITA": {"global_perc": 1.0, "local_perc": 0.00013732491073880802}, "TINALI": {"global_perc": 0.16666666666666666, "local_perc": 0.00013732491073880802}, "TORANGDIH": {"global_perc": 1.0, "local_perc": 0.00013732491073880802}, "USODU": {"global_perc": 0.125, "local_perc": 0.00013732491073880802}, "VELLALAPATTI": {"global_perc": 0.5, "local_perc": 0.00013732491073880802}}, "partition_field": "Near_Vil_Tow_Nam_hav_Prim_School", "Vil_Nam": "Keran", "Stat_Nam": "JAMMU & KASHMIR"}, {"data": [["Prim_Heal_Cen_Doc_Tot_Stren_Num", 7.0], ["Prim_Heal_Cen_Num", 3.0], 2.3333333333333335], "data_low": {"Stat_Nam": "JAMMU & KASHMIR", "Vil_Nam": "Mahore", "Prim_Heal_Cen_Num": "3", "Prim_Heal_Cen_Doc_Tot_Stren_Num": "7", "id": 5104}, "data_high": {"Stat_Nam": "JAMMU & KASHMIR", "Vil_Nam": "Mahore", "Prim_Heal_Cen_Num": "3", "Prim_Heal_Cen_Doc_Tot_Stren_Num": "7", "id": 5104}, "perc": 0.00016058452768075794, "metric": 99.99983808187443, "value_global_local": {}, "partition_field": null, "Vil_Nam": "Mahore", "Stat_Nam": "JAMMU & KASHMIR"}, {"data": [["Prim_Heal_Cen_Doc_Tot_Stren_Num", 5.0], ["Prim_Heal_Cen_Num", 2.0], 2.5], "data_low": {"Stat_Nam": "JAMMU & KASHMIR", "Vil_Nam": "Billawar", "Prim_Heal_Cen_Num": "2", "Prim_Heal_Cen_Doc_Tot_Stren_Num": "5", "id": 1675}, "data_high": {"Stat_Nam": "JAMMU & KASHMIR", "Vil_Nam": "Billawar", "Prim_Heal_Cen_Num": "2", "Prim_Heal_Cen_Doc_Tot_Stren_Num": "5", "id": 1675}, "perc": 0.0017664298044883376, "metric": 99.99823206992197, "value_global_local": {}, "partition_field": null, "Vil_Nam": "Billawar", "Stat_Nam": "JAMMU & KASHMIR"}, {"data": [["Prim_Heal_Cen_Doc_Tot_Stren_Num", 3.0], ["Prim_Heal_Cen_Num", 1.0], 3.0], "data_low": {"Stat_Nam": "JAMMU & KASHMIR", "Vil_Nam": "Cheeri Koot", "Prim_Heal_Cen_Num": "1", "Prim_Heal_Cen_Doc_Tot_Stren_Num": "3", "id": 46}, "data_high": {"Stat_Nam": "Tamil Nadu", "Vil_Nam": "Desavilakku", "Prim_Heal_Cen_Num": "3", "Prim_Heal_Cen_Doc_Tot_Stren_Num": "9", "id": 611290}, "perc": 0.3014171584567827, "metric": 99.6985808471727, "value_global_local": {"ANDAMAN & NICOBAR ISLANDS": {"global_perc": 0.009009009009009009, "local_perc": 0.002663825253063399}, "ANDHRA PRADESH": {"global_perc": 0.002661870503597122, "local_perc": 0.03942461374533831}, "ASSAM": {"global_perc": 0.02280734987687062, "local_perc": 0.32072456046883324}, "Arunachal Pradesh": {"global_perc": 0.001789228842368939, "local_perc": 0.005327650506126798}, "BIHAR": {"global_perc": 0.0028970004902616215, "local_perc": 0.06925945657964838}, "CHHATTISGARH": {"global_perc": 0.0016893570505813376, "local_perc": 0.018114011720831113}, "HARYANA": {"global_perc": 0.0175412951322906, "local_perc": 0.06393180607352157}, "HIMACHAL PRADESH": {"global_perc": 0.002319961333977767, "local_perc": 0.02557272242940863}, "JAMMU & KASHMIR": {"global_perc": 0.010529528460247215, "local_perc": 0.036760788492274904}, "JHARKHAND": {"global_perc": 0.0011421868247206272, "local_perc": 0.019712306872669155}, "KARNATAKA": {"global_perc": 0.0008179959100204499, "local_perc": 0.012786361214704315}, "KERALA": {"global_perc": 0.08546168958742632, "local_perc": 0.04635055940330314}, "MADHYA PRADESH": {"global_perc": 0.0014206873941314683, "local_perc": 0.04155567394778902}, "MANIPUR": {"global_perc": 0.00581170089112747, "local_perc": 0.007991475759190196}, "Maharashtra": {"global_perc": 0.0004580327493415779, "local_perc": 0.010655301012253596}, "NAGALAND": {"global_perc": 0.0021008403361344537, "local_perc": 0.0015982951518380393}, "ODISHA": {"global_perc": 0.0025139828113733362, "local_perc": 0.0687266915290357}, "PUDUCHERRY": {"global_perc": 0.05555555555555555, "local_perc": 0.002663825253063399}, "Punjab": {"global_perc": 0.0024640330657340432, "local_perc": 0.016515716568993075}, "SIKKIM": {"global_perc": 0.008869179600886918, "local_perc": 0.002131060202450719}, "TRIPURA": {"global_perc": 0.027428571428571427, "local_perc": 0.012786361214704315}, "Tamil Nadu": {"global_perc": 0.0035671819262782403, "local_perc": 0.030367607884922748}, "UTTAR PRADESH": {"global_perc": 0.0008897297094798359, "local_perc": 0.05061267980820458}, "UTTARAKHAND": {"global_perc": 0.004585243851604835, "local_perc": 0.041022908897176344}, "West Bengal": {"global_perc": 0.0024615843652096075, "local_perc": 0.0527437400106553}}, "partition_field": "Stat_Nam", "Vil_Nam": "Cheeri Koot", "Stat_Nam": "JAMMU & KASHMIR"}, {"data": [["Prim_Heal_Cen_Doc_Tot_Stren_Num", 10.0], ["Prim_Heal_Cen_Num", 3.0], 3.3333333333333335], "data_low": {"Stat_Nam": "Tamil Nadu", "Vil_Nam": "Kavandapadi", "Prim_Heal_Cen_Num": "3", "Prim_Heal_Cen_Doc_Tot_Stren_Num": "10", "id": 612267}, "data_high": {"Stat_Nam": "Tamil Nadu", "Vil_Nam": "Kavandapadi", "Prim_Heal_Cen_Num": "3", "Prim_Heal_Cen_Doc_Tot_Stren_Num": "10", "id": 612267}, "perc": 0.0004817535830422739, "metric": 99.99951591262813, "value_global_local": {}, "partition_field": null, "Vil_Nam": "Kavandapadi", "Stat_Nam": "Tamil Nadu"}, {"data": [["Prim_Heal_Cen_Doc_Tot_Stren_Num", 4.0], ["Prim_Heal_Cen_Num", 1.0], 4.0], "data_low": {"Stat_Nam": "JAMMU & KASHMIR", "Vil_Nam": "Panzgam", "Prim_Heal_Cen_Num": "1", "Prim_Heal_Cen_Doc_Tot_Stren_Num": "4", "id": 85}, "data_high": {"Stat_Nam": "Tamil Nadu", "Vil_Nam": "Kadiapattinam", "Prim_Heal_Cen_Num": "2", "Prim_Heal_Cen_Doc_Tot_Stren_Num": "8", "id": 620363}, "perc": 0.1305552210044562, "metric": 99.86944178231289, "value_global_local": {"ANDAMAN & NICOBAR ISLANDS": {"global_perc": 0.005405405405405406, "local_perc": 0.0036900369003690036}, "ANDHRA PRADESH": {"global_perc": 0.0002517985611510791, "local_perc": 0.008610086100861008}, "ASSAM": {"global_perc": 0.0075014207236218985, "local_perc": 0.24354243542435425}, "Arunachal Pradesh": {"global_perc": 0.0003578457684737878, "local_perc": 0.0024600246002460025}, "BIHAR": {"global_perc": 0.0020724695814948522, "local_perc": 0.11439114391143912}, "CHHATTISGARH": {"global_perc": 0.0008943654973665905, "local_perc": 0.02214022140221402}, "GOA": {"global_perc": 0.011976047904191617, "local_perc": 0.004920049200492005}, "HARYANA": {"global_perc": 0.002777371729279345, "local_perc": 0.023370233702337023}, "HIMACHAL PRADESH": {"global_perc": 0.0011599806669888835, "local_perc": 0.02952029520295203}, "JAMMU & KASHMIR": {"global_perc": 0.006409278193193957, "local_perc": 0.05166051660516605}, "JHARKHAND": {"global_perc": 0.0015434957090819288, "local_perc": 0.06150061500615006}, "KARNATAKA": {"global_perc": 0.00017041581458759374, "local_perc": 0.006150061500615006}, "KERALA": {"global_perc": 0.021611001964636542, "local_perc": 0.02706027060270603}, "MADHYA PRADESH": {"global_perc": 0.0005099903466112963, "local_perc": 0.03444034440344403}, "MANIPUR": {"global_perc": 0.0015497869043006587, "local_perc": 0.004920049200492005}, "Meghalaya": {"global_perc": 0.01564556221669835, "local_perc": 0.13161131611316113}, "NCT OF DELHI": {"global_perc": 0.008928571428571428, "local_perc": 0.0012300123001230013}, "ODISHA": {"global_perc": 9.744119423927659e-05, "local_perc": 0.006150061500615006}, "Punjab": {"global_perc": 0.0011127891264605357, "local_perc": 0.017220172201722016}, "TRIPURA": {"global_perc": 0.011428571428571429, "local_perc": 0.012300123001230012}, "Tamil Nadu": {"global_perc": 0.00012516427811502597, "local_perc": 0.0024600246002460025}, "UTTAR PRADESH": {"global_perc": 0.0002996984284563658, "local_perc": 0.03936039360393604}, "UTTARAKHAND": {"global_perc": 0.0029178824510212586, "local_perc": 0.06027060270602706}, "West Bengal": {"global_perc": 0.001839972151772838, "local_perc": 0.0910209102091021}}, "partition_field": "Stat_Nam", "Vil_Nam": "Panzgam", "Stat_Nam": "JAMMU & KASHMIR"}, {"data": [["Prim_Heal_Cen_Doc_Tot_Stren_Num", 5.0], ["Prim_Heal_Cen_Num", 1.0], 5.0], "data_low": {"Stat_Nam": "JAMMU & KASHMIR", "Vil_Nam": "Bhajwal", "Prim_Heal_Cen_Num": "2", "Prim_Heal_Cen_Doc_Tot_Stren_Num": "10", "id": 1635}, "data_high": {"Stat_Nam": "JAMMU & KASHMIR", "Vil_Nam": "Watra Hail", "Prim_Heal_Cen_Num": "1", "Prim_Heal_Cen_Doc_Tot_Stren_Num": "5", "id": 553}, "perc": 0.032598659119193865, "metric": 99.9673973413849, "value_global_local": {"ANDHRA PRADESH": {"global_perc": 3.597122302158273e-05, "local_perc": 0.0049261083743842365}, "ASSAM": {"global_perc": 3.7885963250615644e-05, "local_perc": 0.0049261083743842365}, "BIHAR": {"global_perc": 0.0008245309087667692, "local_perc": 0.18226600985221675}, "CHHATTISGARH": {"global_perc": 0.0009440524694425122, "local_perc": 0.09359605911330049}, "HARYANA": {"global_perc": 0.00175412951322906, "local_perc": 0.059113300492610835}, "HIMACHAL PRADESH": {"global_perc": 0.00014499758337361044, "local_perc": 0.014778325123152709}, "JAMMU & KASHMIR": {"global_perc": 0.002441629787883412, "local_perc": 0.07881773399014778}, "JHARKHAND": {"global_perc": 0.0004630487127245786, "local_perc": 0.07389162561576355}, "KARNATAKA": {"global_perc": 3.408316291751875e-05, "local_perc": 0.0049261083743842365}, "KERALA": {"global_perc": 0.003929273084479371, "local_perc": 0.019704433497536946}, "MADHYA PRADESH": {"global_perc": 0.000455348523760086, "local_perc": 0.12315270935960591}, "MANIPUR": {"global_perc": 0.0003874467260751647, "local_perc": 0.0049261083743842365}, "Punjab": {"global_perc": 0.00047690962562594387, "local_perc": 0.029556650246305417}, "TRIPURA": {"global_perc": 0.001142857142857143, "local_perc": 0.0049261083743842365}, "Tamil Nadu": {"global_perc": 6.258213905751299e-05, "local_perc": 0.0049261083743842365}, "UTTAR PRADESH": {"global_perc": 4.682787944630715e-05, "local_perc": 0.024630541871921183}, "UTTARAKHAND": {"global_perc": 0.0007145834573929614, "local_perc": 0.059113300492610835}, "West Bengal": {"global_perc": 0.0010691730071112438, "local_perc": 0.21182266009852216}}, "partition_field": "Stat_Nam", "Vil_Nam": "Watra Hail", "Stat_Nam": "JAMMU & KASHMIR"}, {"data": [["Prim_Heal_Cen_Doc_Tot_Stren_Num", 6.0], ["Prim_Heal_Cen_Num", 1.0], 6.0], "data_low": {"Stat_Nam": "Tamil Nadu", "Vil_Nam": "Pamban", "Prim_Heal_Cen_Num": "2", "Prim_Heal_Cen_Doc_Tot_Stren_Num": "12", "id": 619437}, "data_high": {"Stat_Nam": "JAMMU & KASHMIR", "Vil_Nam": "Lal Pora", "Prim_Heal_Cen_Num": "1", "Prim_Heal_Cen_Doc_Tot_Stren_Num": "6", "id": 23}, "perc": 0.012043839576056847, "metric": 99.98795116002611, "value_global_local": {"ANDHRA PRADESH": {"global_perc": 3.597122302158273e-05, "local_perc": 0.013333333333333334}, "BIHAR": {"global_perc": 0.00037883852564959665, "local_perc": 0.22666666666666666}, "CHHATTISGARH": {"global_perc": 0.00014906091622776508, "local_perc": 0.04}, "GOA": {"global_perc": 0.0029940119760479044, "local_perc": 0.013333333333333334}, "HARYANA": {"global_perc": 0.000730887297178775, "local_perc": 0.06666666666666667}, "HIMACHAL PRADESH": {"global_perc": 4.833252779120348e-05, "local_perc": 0.013333333333333334}, "JAMMU & KASHMIR": {"global_perc": 0.0015260186174271325, "local_perc": 0.13333333333333333}, "JHARKHAND": {"global_perc": 0.00015434957090819287, "local_perc": 0.06666666666666667}, "KERALA": {"global_perc": 0.0009823182711198428, "local_perc": 0.013333333333333334}, "MANIPUR": {"global_perc": 0.005424254165052305, "local_perc": 0.18666666666666668}, "PUDUCHERRY": {"global_perc": 0.022222222222222223, "local_perc": 0.02666666666666667}, "Punjab": {"global_perc": 0.0005563945632302679, "local_perc": 0.09333333333333334}, "TRIPURA": {"global_perc": 0.001142857142857143, "local_perc": 0.013333333333333334}, "Tamil Nadu": {"global_perc": 6.258213905751299e-05, "local_perc": 0.013333333333333334}, "UTTAR PRADESH": {"global_perc": 2.809672766778429e-05, "local_perc": 0.04}, "UTTARAKHAND": {"global_perc": 0.00017864586434824034, "local_perc": 0.04}}, "partition_field": "Stat_Nam", "Vil_Nam": "Lal Pora", "Stat_Nam": "JAMMU & KASHMIR"}, {"data": [["Prim_Heal_Cen_Doc_Tot_Stren_Num", 7.0], ["Prim_Heal_Cen_Num", 1.0], 7.0], "data_low": {"Stat_Nam": "JAMMU & KASHMIR", "Vil_Nam": "Gundna", "Prim_Heal_Cen_Num": "1", "Prim_Heal_Cen_Doc_Tot_Stren_Num": "7", "id": 4064}, "data_high": {"Stat_Nam": "JAMMU & KASHMIR", "Vil_Nam": "Gundna", "Prim_Heal_Cen_Num": "1", "Prim_Heal_Cen_Doc_Tot_Stren_Num": "7", "id": 4064}, "perc": 0.0024087679152113694, "metric": 99.99758523102916, "value_global_local": {}, "partition_field": null, "Vil_Nam": "Gundna", "Stat_Nam": "JAMMU & KASHMIR"}, {"data": [["Prim_Heal_Cen_Doc_Tot_Stren_Num", 8.0], ["Prim_Heal_Cen_Num", 1.0], 8.0], "data_low": {"Stat_Nam": "JAMMU & KASHMIR", "Vil_Nam": "Panchal", "Prim_Heal_Cen_Num": "1", "Prim_Heal_Cen_Doc_Tot_Stren_Num": "8", "id": 4481}, "data_high": {"Stat_Nam": "JAMMU & KASHMIR", "Vil_Nam": "Panchal", "Prim_Heal_Cen_Num": "1", "Prim_Heal_Cen_Doc_Tot_Stren_Num": "8", "id": 4481}, "perc": 0.004817535830422739, "metric": 99.99517546310665, "value_global_local": {"BIHAR": {"global_perc": 0.0001559923340910104, "local_perc": 0.23333333333333334}, "CHHATTISGARH": {"global_perc": 0.00019874788830368678, "local_perc": 0.13333333333333333}, "GOA": {"global_perc": 0.0029940119760479044, "local_perc": 0.03333333333333333}, "HARYANA": {"global_perc": 0.000146177459435755, "local_perc": 0.03333333333333333}, "JAMMU & KASHMIR": {"global_perc": 0.00015260186174271325, "local_perc": 0.03333333333333333}, "JHARKHAND": {"global_perc": 0.0004013088843613015, "local_perc": 0.43333333333333335}, "Punjab": {"global_perc": 7.948493760432397e-05, "local_perc": 0.03333333333333333}, "UTTAR PRADESH": {"global_perc": 1.8731151778522863e-05, "local_perc": 0.06666666666666667}}, "partition_field": "Stat_Nam", "Vil_Nam": "Panchal", "Stat_Nam": "JAMMU & KASHMIR"}, {"data": [["Prim_Heal_Cen_Doc_Tot_Stren_Num", 9.0], ["Prim_Heal_Cen_Num", 1.0], 9.0], "data_low": {"Stat_Nam": "BIHAR", "Vil_Nam": "Alamnagar", "Prim_Heal_Cen_Num": "1", "Prim_Heal_Cen_Doc_Tot_Stren_Num": "9", "id": 225197}, "data_high": {"Stat_Nam": "BIHAR", "Vil_Nam": "Alamnagar", "Prim_Heal_Cen_Num": "1", "Prim_Heal_Cen_Doc_Tot_Stren_Num": "9", "id": 225197}, "perc": 0.0003211690553615159, "metric": 99.99967082937009, "value_global_local": {}, "partition_field": null, "Vil_Nam": "Alamnagar", "Stat_Nam": "BIHAR"}, {"data": [["Prim_Heal_Cen_Doc_Tot_Stren_Num", 10.0], ["Prim_Heal_Cen_Num", 1.0], 10.0], "data_low": {"Stat_Nam": "JAMMU & KASHMIR", "Vil_Nam": "Palang (Preng)", "Prim_Heal_Cen_Num": "1", "Prim_Heal_Cen_Doc_Tot_Stren_Num": "10", "id": 2851}, "data_high": {"Stat_Nam": "JAMMU & KASHMIR", "Vil_Nam": "Palang (Preng)", "Prim_Heal_Cen_Num": "1", "Prim_Heal_Cen_Doc_Tot_Stren_Num": "10", "id": 2851}, "perc": 0.0016058452768075795, "metric": 99.99838515306747, "value_global_local": {}, "partition_field": null, "Vil_Nam": "Palang (Preng)", "Stat_Nam": "JAMMU & KASHMIR"}, {"data": [["Prim_Heal_Cen_Doc_Tot_Stren_Num", 12.0], ["Prim_Heal_Cen_Num", 1.0], 12.0], "data_low": {"Stat_Nam": "UTTARAKHAND", "Vil_Nam": "Jauligrant", "Prim_Heal_Cen_Num": "1", "Prim_Heal_Cen_Doc_Tot_Stren_Num": "12", "id": 45051}, "data_high": {"Stat_Nam": "UTTARAKHAND", "Vil_Nam": "Jauligrant", "Prim_Heal_Cen_Num": "1", "Prim_Heal_Cen_Doc_Tot_Stren_Num": "12", "id": 45051}, "perc": 0.0006423381107230318, "metric": 99.99934665975962, "value_global_local": {}, "partition_field": null, "Vil_Nam": "Jauligrant", "Stat_Nam": "UTTARAKHAND"}, {"data": [["Prim_Heal_Cen_Doc_Tot_Stren_Num", 14.0], ["Prim_Heal_Cen_Num", 1.0], 14.0], "data_low": {"Stat_Nam": "MANIPUR", "Vil_Nam": "Nungoo Wapokpi", "Prim_Heal_Cen_Num": "1", "Prim_Heal_Cen_Doc_Tot_Stren_Num": "14", "id": 268970}, "data_high": {"Stat_Nam": "MANIPUR", "Vil_Nam": "Nungoo Wapokpi", "Prim_Heal_Cen_Num": "1", "Prim_Heal_Cen_Doc_Tot_Stren_Num": "14", "id": 268970}, "perc": 0.00016058452768075794, "metric": 99.99982641289282, "value_global_local": {}, "partition_field": null, "Vil_Nam": "Nungoo Wapokpi", "Stat_Nam": "MANIPUR"}, {"data": [["Prim_Heal_Cen_Doc_Tot_Stren_Num", 2.0], ["Prim_Heal_Cen_Num", 0.0], 9999], "data_low": {"Stat_Nam": "UTTAR PRADESH", "Vil_Nam": "Thok Sumera", "Prim_Heal_Cen_Num": "0", "Prim_Heal_Cen_Doc_Tot_Stren_Num": "1", "id": 123315}, "data_high": {"Stat_Nam": "UTTAR PRADESH", "Vil_Nam": "Raipura Jat", "Prim_Heal_Cen_Num": "0", "Prim_Heal_Cen_Doc_Tot_Stren_Num": "6", "id": 123728}, "perc": 0.02135774218154081, "metric": 99.96864439369268, "value_global_local": {"MANIPUR": {"global_perc": 0.0003874467260751647, "local_perc": 0.007518796992481203}, "NAGALAND": {"global_perc": 0.0007002801120448179, "local_perc": 0.007518796992481203}, "UTTAR PRADESH": {"global_perc": 0.0011613314102684174, "local_perc": 0.9323308270676691}, "West Bengal": {"global_perc": 0.0001740514197622955, "local_perc": 0.05263157894736842}}, "partition_field": "Stat_Nam", "Vil_Nam": "Peerpur Bangar", "Stat_Nam": "UTTAR PRADESH"}, {"data": [["Prim_Heal_Cen_Doc_Tot_Stren_Num", 0], ["Prim_Heal_Cen_Num", 0], 99980001], "data_low": {"Stat_Nam": "JAMMU & KASHMIR", "Vil_Nam": "Bore", "Prim_Heal_Cen_Num": "", "Prim_Heal_Cen_Doc_Tot_Stren_Num": "", "id": 0}, "data_high": {"Stat_Nam": "JAMMU & KASHMIR", "Vil_Nam": "Palmar", "Prim_Heal_Cen_Num": "Phc_Num", "Prim_Heal_Cen_Doc_Tot_Stren_Num": "Phc_st", "id": 4582}, "perc": 96.36035168011561, "metric": 9.637962664164768e-07, "value_global_local": {"null": {"global_perc": 0.9636035168011562, "local_perc": 1.0}}, "partition_field": "Dist_Other", "Vil_Nam": "Bore", "Stat_Nam": "JAMMU & KASHMIR"}]