[{"data": [["TB_Clin_Num", 0.0], ["TB_Clin_Par_Med_Par_Med_Staf_In_Pos_Num", 1.0], 0.0], "data_low": {"Stat_Nam": "UTTAR PRADESH", "Vil_Nam": "Pithna Pur", "TB_Clin_Num": "0", "TB_Clin_Par_Med_Par_Med_Staf_In_Pos_Num": "1", "id": 145260}, "data_high": {"Stat_Nam": "West Bengal", "Vil_Nam": "Tentuldanga", "TB_Clin_Num": "1", "TB_Clin_Par_Med_Par_Med_Staf_In_Pos_Num": "30", "id": 335275}, "perc": 0.009153318077803204, "metric": 99.99084768203068, "value_global_local": {"ANDAMAN & NICOBAR ISLANDS": {"global_perc": 0.0018018018018018018, "local_perc": 0.017543859649122806}, "Arunachal Pradesh": {"global_perc": 0.0001789228842368939, "local_perc": 0.017543859649122806}, "BIHAR": {"global_perc": 4.456923831171725e-05, "local_perc": 0.03508771929824561}, "JAMMU & KASHMIR": {"global_perc": 0.0003052037234854265, "local_perc": 0.03508771929824561}, "KERALA": {"global_perc": 0.0009823182711198428, "local_perc": 0.017543859649122806}, "PUDUCHERRY": {"global_perc": 0.18888888888888888, "local_perc": 0.2982456140350877}, "SIKKIM": {"global_perc": 0.0022172949002217295, "local_perc": 0.017543859649122806}, "TRIPURA": {"global_perc": 0.002285714285714286, "local_perc": 0.03508771929824561}, "UTTAR PRADESH": {"global_perc": 0.00023413939723153577, "local_perc": 0.43859649122807015}, "West Bengal": {"global_perc": 0.00012432244268735393, "local_perc": 0.08771929824561403}}, "partition_field": "Stat_Nam", "Vil_Nam": "Pithna Pur", "Stat_Nam": "UTTAR PRADESH"}, {"data": [["TB_Clin_Num", 1.0], ["TB_Clin_Par_Med_Par_Med_Staf_In_Pos_Num", 9.0], 0.1111111111111111], "data_low": {"Stat_Nam": "BIHAR", "Vil_Nam": "Itarhi", "TB_Clin_Num": "1", "TB_Clin_Par_Med_Par_Med_Staf_In_Pos_Num": "9", "id": 247705}, "data_high": {"Stat_Nam": "BIHAR", "Vil_Nam": "Itarhi", "TB_Clin_Num": "1", "TB_Clin_Par_Med_Par_Med_Staf_In_Pos_Num": "9", "id": 247705}, "perc": 0.08318278533863263, "metric": 99.91681810298853, "value_global_local": {"Arunachal Pradesh": {"global_perc": 0.0001789228842368939, "local_perc": 0.0019305019305019305}, "BIHAR": {"global_perc": 0.0011588001961046486, "local_perc": 0.10038610038610038}, "JAMMU & KASHMIR": {"global_perc": 0.00015260186174271325, "local_perc": 0.0019305019305019305}, "JHARKHAND": {"global_perc": 0.00030869914181638574, "local_perc": 0.019305019305019305}, "KARNATAKA": {"global_perc": 0.013905930470347648, "local_perc": 0.7876447876447876}, "KERALA": {"global_perc": 0.003929273084479371, "local_perc": 0.007722007722007722}, "MADHYA PRADESH": {"global_perc": 3.642788190080688e-05, "local_perc": 0.003861003861003861}, "NAGALAND": {"global_perc": 0.0007002801120448179, "local_perc": 0.0019305019305019305}, "PUDUCHERRY": {"global_perc": 0.1, "local_perc": 0.017374517374517374}, "Punjab": {"global_perc": 0.0003974246880216199, "local_perc": 0.009652509652509652}, "SIKKIM": {"global_perc": 0.0066518847006651885, "local_perc": 0.005791505791505791}, "TRIPURA": {"global_perc": 0.001142857142857143, "local_perc": 0.0019305019305019305}, "Tamil Nadu": {"global_perc": 6.258213905751299e-05, "local_perc": 0.0019305019305019305}, "UTTAR PRADESH": {"global_perc": 1.8731151778522863e-05, "local_perc": 0.003861003861003861}, "UTTARAKHAND": {"global_perc": 0.00017864586434824034, "local_perc": 0.005791505791505791}, "West Bengal": {"global_perc": 0.00037296732806206176, "local_perc": 0.02895752895752896}}, "partition_field": "Stat_Nam", "Vil_Nam": "Itarhi", "Stat_Nam": "BIHAR"}, {"data": [["TB_Clin_Num", 1.0], ["TB_Clin_Par_Med_Par_Med_Staf_In_Pos_Num", 4.0], 0.25], "data_low": {"Stat_Nam": "JAMMU & KASHMIR", "Vil_Nam": "Mani Gam", "TB_Clin_Num": "1", "TB_Clin_Par_Med_Par_Med_Staf_In_Pos_Num": "4", "id": 2811}, "data_high": {"Stat_Nam": "Tamil Nadu", "Vil_Nam": "Chickadasampalayam", "TB_Clin_Num": "3", "TB_Clin_Par_Med_Par_Med_Staf_In_Pos_Num": "11", "id": 621552}, "perc": 0.1604239431530772, "metric": 99.83957680579353, "value_global_local": {"ANDHRA PRADESH": {"global_perc": 0.0001079136690647482, "local_perc": 0.003003003003003003}, "Arunachal Pradesh": {"global_perc": 0.0007156915369475756, "local_perc": 0.004004004004004004}, "BIHAR": {"global_perc": 0.0020724695814948522, "local_perc": 0.09309309309309309}, "JAMMU & KASHMIR": {"global_perc": 0.001220814893941706, "local_perc": 0.008008008008008008}, "JHARKHAND": {"global_perc": 0.0009260974254491572, "local_perc": 0.03003003003003003}, "KARNATAKA": {"global_perc": 0.023585548738922973, "local_perc": 0.6926926926926927}, "KERALA": {"global_perc": 0.003929273084479371, "local_perc": 0.004004004004004004}, "MADHYA PRADESH": {"global_perc": 9.106970475201719e-05, "local_perc": 0.005005005005005005}, "MANIPUR": {"global_perc": 0.0003874467260751647, "local_perc": 0.001001001001001001}, "NAGALAND": {"global_perc": 0.0014005602240896359, "local_perc": 0.002002002002002002}, "ODISHA": {"global_perc": 0.00037027653810925106, "local_perc": 0.01901901901901902}, "Punjab": {"global_perc": 0.0005563945632302679, "local_perc": 0.007007007007007007}, "SIKKIM": {"global_perc": 0.017738359201773836, "local_perc": 0.008008008008008008}, "TRIPURA": {"global_perc": 0.002285714285714286, "local_perc": 0.002002002002002002}, "Tamil Nadu": {"global_perc": 0.0015645534764378247, "local_perc": 0.025025025025025027}, "UTTAR PRADESH": {"global_perc": 0.0004963755221308559, "local_perc": 0.05305305305305305}, "UTTARAKHAND": {"global_perc": 0.00029774310724706724, "local_perc": 0.005005005005005005}, "West Bengal": {"global_perc": 0.0009448505644238898, "local_perc": 0.03803803803803804}}, "partition_field": "Stat_Nam", "Vil_Nam": "Mani Gam", "Stat_Nam": "JAMMU & KASHMIR"}, {"data": [["TB_Clin_Num", 3.0], ["TB_Clin_Par_Med_Par_Med_Staf_In_Pos_Num", 8.0], 0.375], "data_low": {"Stat_Nam": "West Bengal", "Vil_Nam": "Rangilabad", "TB_Clin_Num": "3", "TB_Clin_Par_Med_Par_Med_Staf_In_Pos_Num": "8", "id": 332170}, "data_high": {"Stat_Nam": "West Bengal", "Vil_Nam": "Rangilabad", "TB_Clin_Num": "3", "TB_Clin_Par_Med_Par_Med_Staf_In_Pos_Num": "8", "id": 332170}, "perc": 0.0008029226384037898, "metric": 99.9991977024816, "value_global_local": {}, "partition_field": null, "Vil_Nam": "Rangilabad", "Stat_Nam": "West Bengal"}, {"data": [["TB_Clin_Num", 1.0], ["TB_Clin_Par_Med_Par_Med_Staf_In_Pos_Num", 2.0], 0.5], "data_low": {"Stat_Nam": "JAMMU & KASHMIR", "Vil_Nam": "Halmat Pora", "TB_Clin_Num": "1", "TB_Clin_Par_Med_Par_Med_Staf_In_Pos_Num": "2", "id": 55}, "data_high": {"Stat_Nam": "ASSAM", "Vil_Nam": "Sunai Bera Gaon", "TB_Clin_Num": "2", "TB_Clin_Par_Med_Par_Med_Staf_In_Pos_Num": "4", "id": 283519}, "perc": 0.404030671644787, "metric": 99.59596982643465, "value_global_local": {"ANDAMAN & NICOBAR ISLANDS": {"global_perc": 0.0036036036036036037, "local_perc": 0.000794912559618442}, "ASSAM": {"global_perc": 0.0006061754120098503, "local_perc": 0.006359300476947536}, "Arunachal Pradesh": {"global_perc": 0.0005367686527106817, "local_perc": 0.0011923688394276629}, "BIHAR": {"global_perc": 0.0074430627980567815, "local_perc": 0.1327503974562798}, "CHHATTISGARH": {"global_perc": 0.0005962436649110603, "local_perc": 0.0047694753577106515}, "HARYANA": {"global_perc": 0.000438532378307265, "local_perc": 0.0011923688394276629}, "JAMMU & KASHMIR": {"global_perc": 0.002441629787883412, "local_perc": 0.006359300476947536}, "JHARKHAND": {"global_perc": 0.0004321787985429401, "local_perc": 0.005564387917329093}, "KARNATAKA": {"global_perc": 0.013769597818677573, "local_perc": 0.16057233704292528}, "KERALA": {"global_perc": 0.0137524557956778, "local_perc": 0.005564387917329093}, "MADHYA PRADESH": {"global_perc": 0.00020035335045443783, "local_perc": 0.0043720190779014305}, "MANIPUR": {"global_perc": 0.0007748934521503294, "local_perc": 0.000794912559618442}, "ODISHA": {"global_perc": 0.0011108296143277532, "local_perc": 0.022655007949125595}, "Punjab": {"global_perc": 0.0009538192512518877, "local_perc": 0.0047694753577106515}, "RAJASTHAN": {"global_perc": 0.0018132163323782236, "local_perc": 0.0321939586645469}, "SIKKIM": {"global_perc": 0.019955654101995565, "local_perc": 0.003577106518282989}, "TRIPURA": {"global_perc": 0.006857142857142857, "local_perc": 0.0023847376788553257}, "Tamil Nadu": {"global_perc": 0.07872833093435133, "local_perc": 0.5}, "UTTAR PRADESH": {"global_perc": 0.0013861052316106917, "local_perc": 0.058823529411764705}, "UTTARAKHAND": {"global_perc": 0.0004763889715953076, "local_perc": 0.003179650238473768}, "West Bengal": {"global_perc": 0.0026356357849719033, "local_perc": 0.04213036565977742}}, "partition_field": "Stat_Nam", "Vil_Nam": "Halmat Pora", "Stat_Nam": "JAMMU & KASHMIR"}, {"data": [["TB_Clin_Num", 2.0], ["TB_Clin_Par_Med_Par_Med_Staf_In_Pos_Num", 3.0], 0.6666666666666666], "data_low": {"Stat_Nam": "West Bengal", "Vil_Nam": "Padmanabhpur", "TB_Clin_Num": "2", "TB_Clin_Par_Med_Par_Med_Staf_In_Pos_Num": "3", "id": 314076}, "data_high": {"Stat_Nam": "West Bengal", "Vil_Nam": "Margram", "TB_Clin_Num": "3", "TB_Clin_Par_Med_Par_Med_Staf_In_Pos_Num": "4", "id": 315001}, "perc": 0.01975189690473323, "metric": 99.9802484364294, "value_global_local": {"Tamil Nadu": {"global_perc": 0.0074472745478440456, "local_perc": 0.967479674796748}, "West Bengal": {"global_perc": 9.945795414988313e-05, "local_perc": 0.032520325203252036}}, "partition_field": "Stat_Nam", "Vil_Nam": "Padmanabhpur", "Stat_Nam": "West Bengal"}, {"data": [["TB_Clin_Num", 1.0], ["TB_Clin_Par_Med_Par_Med_Staf_In_Pos_Num", 1.0], 1.0], "data_low": {"Stat_Nam": "JAMMU & KASHMIR", "Vil_Nam": "Dedi Koot", "TB_Clin_Num": "1", "TB_Clin_Par_Med_Par_Med_Staf_In_Pos_Num": "1", "id": 102}, "data_high": {"Stat_Nam": "West Bengal", "Vil_Nam": "Kandara", "TB_Clin_Num": "3", "TB_Clin_Par_Med_Par_Med_Staf_In_Pos_Num": "3", "id": 317688}, "perc": 0.8043678991529166, "metric": 99.19563210084708, "value_global_local": {"ANDAMAN & NICOBAR ISLANDS": {"global_perc": 0.0036036036036036037, "local_perc": 0.0003992812936713915}, "ASSAM": {"global_perc": 0.002765675317294942, "local_perc": 0.014573767219005789}, "BIHAR": {"global_perc": 0.029148281855863083, "local_perc": 0.26112996606109}, "CHHATTISGARH": {"global_perc": 0.001291861273973964, "local_perc": 0.005190656817728089}, "GOA": {"global_perc": 0.017964071856287425, "local_perc": 0.0011978438810141745}, "HARYANA": {"global_perc": 0.003654436485893875, "local_perc": 0.004991016170892394}, "HIMACHAL PRADESH": {"global_perc": 0.0006766553890768487, "local_perc": 0.0027949690556997404}, "JAMMU & KASHMIR": {"global_perc": 0.0010682130321989928, "local_perc": 0.0013974845278498702}, "JHARKHAND": {"global_perc": 0.005896153608692968, "local_perc": 0.038131363545617886}, "KARNATAKA": {"global_perc": 0.02007498295841854, "local_perc": 0.1175883409862248}, "KERALA": {"global_perc": 0.04616895874263261, "local_perc": 0.0093831104012777}, "MADHYA PRADESH": {"global_perc": 0.0004371345828096825, "local_perc": 0.004791375524056698}, "MANIPUR": {"global_perc": 0.0003874467260751647, "local_perc": 0.00019964064683569574}, "MIZORAM": {"global_perc": 0.0024096385542168677, "local_perc": 0.0003992812936713915}, "Maharashtra": {"global_perc": 0.04445207832360014, "local_perc": 0.38750249550808546}, "ODISHA": {"global_perc": 0.003839183053027498, "local_perc": 0.03932920742663206}, "Punjab": {"global_perc": 0.015738017645656147, "local_perc": 0.03952884807346776}, "RAJASTHAN": {"global_perc": 0.001119269340974212, "local_perc": 0.009982032341784788}, "TRIPURA": {"global_perc": 0.013714285714285714, "local_perc": 0.002395687762028349}, "UTTAR PRADESH": {"global_perc": 0.0010208477719294959, "local_perc": 0.021760830505090836}, "UTTARAKHAND": {"global_perc": 0.0010123265646400286, "local_perc": 0.0033938909962068276}, "West Bengal": {"global_perc": 0.0042269630513700335, "local_perc": 0.033938909962068275}}, "partition_field": "Stat_Nam", "Vil_Nam": "Dedi Koot", "Stat_Nam": "JAMMU & KASHMIR"}, {"data": [["TB_Clin_Num", 2.0], ["TB_Clin_Par_Med_Par_Med_Staf_In_Pos_Num", 1.0], 2.0], "data_low": {"Stat_Nam": "JAMMU & KASHMIR", "Vil_Nam": "Singh Pora", "TB_Clin_Num": "2", "TB_Clin_Par_Med_Par_Med_Staf_In_Pos_Num": "1", "id": 2330}, "data_high": {"Stat_Nam": "JAMMU & KASHMIR", "Vil_Nam": "Singh Pora", "TB_Clin_Num": "2", "TB_Clin_Par_Med_Par_Med_Staf_In_Pos_Num": "1", "id": 2330}, "perc": 0.0035328596089766752, "metric": 99.99646614022632, "value_global_local": {"JAMMU & KASHMIR": {"global_perc": 0.00015260186174271325, "local_perc": 0.045454545454545456}, "Punjab": {"global_perc": 0.0014307288768778317, "local_perc": 0.8181818181818182}, "UTTARAKHAND": {"global_perc": 0.0001190972428988269, "local_perc": 0.09090909090909091}, "West Bengal": {"global_perc": 2.4864488537470783e-05, "local_perc": 0.045454545454545456}}, "partition_field": "Stat_Nam", "Vil_Nam": "Singh Pora", "Stat_Nam": "JAMMU & KASHMIR"}, {"data": [["TB_Clin_Num", 1.0], ["TB_Clin_Par_Med_Par_Med_Staf_In_Pos_Num", 0.0], 9999], "data_low": {"Stat_Nam": "HIMACHAL PRADESH", "Vil_Nam": "Bharmour  (97)", "TB_Clin_Num": "1", "TB_Clin_Par_Med_Par_Med_Staf_In_Pos_Num": "0", "id": 8095}, "data_high": {"Stat_Nam": "West Bengal", "Vil_Nam": "Gogla", "TB_Clin_Num": "5", "TB_Clin_Par_Med_Par_Med_Staf_In_Pos_Num": "", "id": 317236}, "perc": 0.16170861937452327, "metric": 99.82830755158727, "value_global_local": {"ANDAMAN & NICOBAR ISLANDS": {"global_perc": 0.007207207207207207, "local_perc": 0.003972194637537239}, "BIHAR": {"global_perc": 6.685385746757588e-05, "local_perc": 0.0029791459781529296}, "CHHATTISGARH": {"global_perc": 0.003279340157010832, "local_perc": 0.06554121151936444}, "GOA": {"global_perc": 0.0029940119760479044, "local_perc": 0.0009930486593843098}, "HIMACHAL PRADESH": {"global_perc": 9.666505558240696e-05, "local_perc": 0.0019860973187686196}, "JHARKHAND": {"global_perc": 0.0024078533061678087, "local_perc": 0.07745779543197617}, "MADHYA PRADESH": {"global_perc": 0.0003824927599584722, "local_perc": 0.020854021847070508}, "MIZORAM": {"global_perc": 0.00963855421686747, "local_perc": 0.007944389275074478}, "TRIPURA": {"global_perc": 0.002285714285714286, "local_perc": 0.0019860973187686196}, "UTTAR PRADESH": {"global_perc": 0.0014048363833892147, "local_perc": 0.14895729890764647}, "West Bengal": {"global_perc": 0.016708936297180368, "local_perc": 0.6673286991062563}}, "partition_field": "Stat_Nam", "Vil_Nam": "Bharmour  (97)", "Stat_Nam": "HIMACHAL PRADESH"}, {"data": [["TB_Clin_Num", 0], ["TB_Clin_Par_Med_Par_Med_Staf_In_Pos_Num", 0], 99980001], "data_low": {"Stat_Nam": "JAMMU & KASHMIR", "Vil_Nam": "Bore", "TB_Clin_Num": "", "TB_Clin_Par_Med_Par_Med_Staf_In_Pos_Num": "", "id": 0}, "data_high": {"Stat_Nam": "JAMMU & KASHMIR", "Vil_Nam": "Palmar", "TB_Clin_Num": "Tb_Num", "TB_Clin_Par_Med_Par_Med_Staf_In_Pos_Num": "Tb_ppos", "id": 4582}, "perc": 98.35304508410616, "metric": 9.83727186441078e-07, "value_global_local": {"null": {"global_perc": 0.9835304508410615, "local_perc": 1.0}}, "partition_field": "Dist_Other", "Vil_Nam": "Bore", "Stat_Nam": "JAMMU & KASHMIR"}]