[{"data": [["Hos_Allop_Par_Med_Staf_In_Pos_Num", 0.0], ["Hos_Allop_Par_Med_Staf_Tot_Stren_Num", 1.0], 0.0], "data_low": {"Stat_Nam": "UTTAR PRADESH", "Vil_Nam": "Shahbajpur Bidhuna", "Hos_Allop_Par_Med_Staf_Tot_Stren_Num": "1", "Hos_Allop_Par_Med_Staf_In_Pos_Num": "", "id": 147573}, "data_high": {"Stat_Nam": "HIMACHAL PRADESH", "Vil_Nam": "Kasbati Tisa  (411)", "Hos_Allop_Par_Med_Staf_Tot_Stren_Num": "1", "Hos_Allop_Par_Med_Staf_In_Pos_Num": "0", "id": 6816}, "perc": 0.03597093420048978, "metric": 99.96403006563976, "value_global_local": {"HIMACHAL PRADESH": {"global_perc": 0.00111164813919768, "local_perc": 0.10267857142857142}, "JHARKHAND": {"global_perc": 0.002130024078533062, "local_perc": 0.3080357142857143}, "MADHYA PRADESH": {"global_perc": 3.642788190080688e-05, "local_perc": 0.008928571428571428}, "MIZORAM": {"global_perc": 0.0012048192771084338, "local_perc": 0.004464285714285714}, "TRIPURA": {"global_perc": 0.004571428571428572, "local_perc": 0.017857142857142856}, "UTTAR PRADESH": {"global_perc": 0.0009459231648154045, "local_perc": 0.45089285714285715}, "West Bengal": {"global_perc": 0.0005967477248992988, "local_perc": 0.10714285714285714}}, "partition_field": "Stat_Nam", "Vil_Nam": "Kasbati Tisa  (411)", "Stat_Nam": "HIMACHAL PRADESH"}, {"data": [["Hos_Allop_Par_Med_Staf_In_Pos_Num", 1.0], ["Hos_Allop_Par_Med_Staf_Tot_Stren_Num", 9.0], 0.1111111111111111], "data_low": {"Stat_Nam": "Punjab", "Vil_Nam": "Dher (295)", "Hos_Allop_Par_Med_Staf_Tot_Stren_Num": "9", "Hos_Allop_Par_Med_Staf_In_Pos_Num": "1", "id": 38100}, "data_high": {"Stat_Nam": "West Bengal", "Vil_Nam": "Natidanga", "Hos_Allop_Par_Med_Staf_Tot_Stren_Num": "20", "Hos_Allop_Par_Med_Staf_In_Pos_Num": "3", "id": 319601}, "perc": 0.0003211690553615159, "metric": 99.99967972000849, "value_global_local": {}, "partition_field": null, "Vil_Nam": "Dher (295)", "Stat_Nam": "Punjab"}, {"data": [["Hos_Allop_Par_Med_Staf_In_Pos_Num", 1.0], ["Hos_Allop_Par_Med_Staf_Tot_Stren_Num", 4.0], 0.25], "data_low": {"Stat_Nam": "Punjab", "Vil_Nam": "Pheruman (13)", "Hos_Allop_Par_Med_Staf_Tot_Stren_Num": "4", "Hos_Allop_Par_Med_Staf_In_Pos_Num": "1", "id": 37464}, "data_high": {"Stat_Nam": "Arunachal Pradesh", "Vil_Nam": "Parbuk", "Hos_Allop_Par_Med_Staf_Tot_Stren_Num": "10", "Hos_Allop_Par_Med_Staf_In_Pos_Num": "3", "id": 265176}, "perc": 0.005941627524188044, "metric": 99.99405912258126, "value_global_local": {"Arunachal Pradesh": {"global_perc": 0.0003578457684737878, "local_perc": 0.05405405405405406}, "JAMMU & KASHMIR": {"global_perc": 0.00015260186174271325, "local_perc": 0.02702702702702703}, "JHARKHAND": {"global_perc": 3.086991418163858e-05, "local_perc": 0.02702702702702703}, "MADHYA PRADESH": {"global_perc": 7.285576380161376e-05, "local_perc": 0.10810810810810811}, "Punjab": {"global_perc": 0.00047690962562594387, "local_perc": 0.16216216216216217}, "TRIPURA": {"global_perc": 0.002285714285714286, "local_perc": 0.05405405405405406}, "UTTAR PRADESH": {"global_perc": 3.7462303557045726e-05, "local_perc": 0.10810810810810811}, "UTTARAKHAND": {"global_perc": 0.0004763889715953076, "local_perc": 0.21621621621621623}, "West Bengal": {"global_perc": 0.00022378039683723706, "local_perc": 0.24324324324324326}}, "partition_field": "Stat_Nam", "Vil_Nam": "Pheruman (13)", "Stat_Nam": "Punjab"}, {"data": [["Hos_Allop_Par_Med_Staf_In_Pos_Num", 5.0], ["Hos_Allop_Par_Med_Staf_Tot_Stren_Num", 14.0], 0.35714285714285715], "data_low": {"Stat_Nam": "HARYANA", "Vil_Nam": "Chutala(267)", "Hos_Allop_Par_Med_Staf_Tot_Stren_Num": "27", "Hos_Allop_Par_Med_Staf_In_Pos_Num": "11", "id": 60142}, "data_high": {"Stat_Nam": "RAJASTHAN", "Vil_Nam": "SHERARA", "Hos_Allop_Par_Med_Staf_Tot_Stren_Num": "25", "Hos_Allop_Par_Med_Staf_In_Pos_Num": "9", "id": 68498}, "perc": 0.007708057328676382, "metric": 99.9922925856075, "value_global_local": {"Arunachal Pradesh": {"global_perc": 0.0001789228842368939, "local_perc": 0.020833333333333332}, "HARYANA": {"global_perc": 0.000146177459435755, "local_perc": 0.020833333333333332}, "HIMACHAL PRADESH": {"global_perc": 9.666505558240696e-05, "local_perc": 0.041666666666666664}, "JHARKHAND": {"global_perc": 3.086991418163858e-05, "local_perc": 0.020833333333333332}, "MIZORAM": {"global_perc": 0.0012048192771084338, "local_perc": 0.020833333333333332}, "RAJASTHAN": {"global_perc": 0.0006267908309455588, "local_perc": 0.5833333333333334}, "TRIPURA": {"global_perc": 0.002285714285714286, "local_perc": 0.041666666666666664}, "UTTAR PRADESH": {"global_perc": 1.8731151778522863e-05, "local_perc": 0.041666666666666664}, "UTTARAKHAND": {"global_perc": 0.00041684035014589413, "local_perc": 0.14583333333333334}, "West Bengal": {"global_perc": 7.459346561241235e-05, "local_perc": 0.0625}}, "partition_field": "Stat_Nam", "Vil_Nam": "Nalkata", "Stat_Nam": "TRIPURA"}, {"data": [["Hos_Allop_Par_Med_Staf_In_Pos_Num", 12.0], ["Hos_Allop_Par_Med_Staf_Tot_Stren_Num", 25.0], 0.48], "data_low": {"Stat_Nam": "JAMMU & KASHMIR", "Vil_Nam": "Bodhkharbu", "Hos_Allop_Par_Med_Staf_Tot_Stren_Num": "2", "Hos_Allop_Par_Med_Staf_In_Pos_Num": "1", "id": 1011}, "data_high": {"Stat_Nam": "UTTAR PRADESH", "Vil_Nam": "Fazlabad Parmanandpur", "Hos_Allop_Par_Med_Staf_Tot_Stren_Num": "14", "Hos_Allop_Par_Med_Staf_In_Pos_Num": "8", "id": 112542}, "perc": 0.01798546710024489, "metric": 99.98201505291021, "value_global_local": {"ANDHRA PRADESH": {"global_perc": 7.194244604316547e-05, "local_perc": 0.017857142857142856}, "JAMMU & KASHMIR": {"global_perc": 0.0003052037234854265, "local_perc": 0.017857142857142856}, "JHARKHAND": {"global_perc": 0.0004321787985429401, "local_perc": 0.125}, "KERALA": {"global_perc": 0.0019646365422396855, "local_perc": 0.017857142857142856}, "MADHYA PRADESH": {"global_perc": 7.285576380161376e-05, "local_perc": 0.03571428571428571}, "MANIPUR": {"global_perc": 0.0003874467260751647, "local_perc": 0.008928571428571428}, "MIZORAM": {"global_perc": 0.0012048192771084338, "local_perc": 0.008928571428571428}, "Punjab": {"global_perc": 0.0009538192512518877, "local_perc": 0.10714285714285714}, "RAJASTHAN": {"global_perc": 0.00011192693409742121, "local_perc": 0.044642857142857144}, "TRIPURA": {"global_perc": 0.004571428571428572, "local_perc": 0.03571428571428571}, "UTTAR PRADESH": {"global_perc": 0.00011238691067113716, "local_perc": 0.10714285714285714}, "UTTARAKHAND": {"global_perc": 0.002679687965223605, "local_perc": 0.4017857142857143}, "West Bengal": {"global_perc": 0.00019891590829976627, "local_perc": 0.07142857142857142}}, "partition_field": "Stat_Nam", "Vil_Nam": "Baroda Meo", "Stat_Nam": "RAJASTHAN"}, {"data": [["Hos_Allop_Par_Med_Staf_In_Pos_Num", 7.0], ["Hos_Allop_Par_Med_Staf_Tot_Stren_Num", 12.0], 0.5833333333333334], "data_low": {"Stat_Nam": "UTTARAKHAND", "Vil_Nam": "East Hopetown", "Hos_Allop_Par_Med_Staf_Tot_Stren_Num": "15", "Hos_Allop_Par_Med_Staf_In_Pos_Num": "10", "id": 44829}, "data_high": {"Stat_Nam": "West Bengal", "Vil_Nam": "Paniparul", "Hos_Allop_Par_Med_Staf_Tot_Stren_Num": "15", "Hos_Allop_Par_Med_Staf_In_Pos_Num": "9", "id": 344753}, "perc": 0.027299369705728854, "metric": 99.97270104693051, "value_global_local": {"ANDAMAN & NICOBAR ISLANDS": {"global_perc": 0.0018018018018018018, "local_perc": 0.0058823529411764705}, "ANDHRA PRADESH": {"global_perc": 0.0001079136690647482, "local_perc": 0.01764705882352941}, "ASSAM": {"global_perc": 7.577192650123129e-05, "local_perc": 0.011764705882352941}, "Arunachal Pradesh": {"global_perc": 0.0001789228842368939, "local_perc": 0.0058823529411764705}, "HIMACHAL PRADESH": {"global_perc": 0.0002899951667472209, "local_perc": 0.03529411764705882}, "JAMMU & KASHMIR": {"global_perc": 0.0004578055852281398, "local_perc": 0.01764705882352941}, "JHARKHAND": {"global_perc": 0.00018521948508983145, "local_perc": 0.03529411764705882}, "KERALA": {"global_perc": 0.0009823182711198428, "local_perc": 0.0058823529411764705}, "MADHYA PRADESH": {"global_perc": 7.285576380161376e-05, "local_perc": 0.023529411764705882}, "RAJASTHAN": {"global_perc": 2.238538681948424e-05, "local_perc": 0.0058823529411764705}, "SIKKIM": {"global_perc": 0.0022172949002217295, "local_perc": 0.0058823529411764705}, "TRIPURA": {"global_perc": 0.009142857142857144, "local_perc": 0.047058823529411764}, "UTTAR PRADESH": {"global_perc": 0.0002435049731207972, "local_perc": 0.15294117647058825}, "UTTARAKHAND": {"global_perc": 0.005478473173346037, "local_perc": 0.5411764705882353}, "West Bengal": {"global_perc": 0.00037296732806206176, "local_perc": 0.08823529411764706}}, "partition_field": "Stat_Nam", "Vil_Nam": "Baltora", "Stat_Nam": "West Bengal"}, {"data": [["Hos_Allop_Par_Med_Staf_In_Pos_Num", 9.0], ["Hos_Allop_Par_Med_Staf_Tot_Stren_Num", 13.0], 0.6923076923076923], "data_low": {"Stat_Nam": "KERALA", "Vil_Nam": "Velappaya", "Hos_Allop_Par_Med_Staf_Tot_Stren_Num": "149", "Hos_Allop_Par_Med_Staf_In_Pos_Num": "112", "id": 605594}, "data_high": {"Stat_Nam": "West Bengal", "Vil_Nam": "Gopiballavpur", "Hos_Allop_Par_Med_Staf_Tot_Stren_Num": "13", "Hos_Allop_Par_Med_Staf_In_Pos_Num": "9", "id": 338713}, "perc": 0.012204424103737605, "metric": 99.98779588361255, "value_global_local": {"ANDHRA PRADESH": {"global_perc": 3.597122302158273e-05, "local_perc": 0.013157894736842105}, "ASSAM": {"global_perc": 0.00015154385300246258, "local_perc": 0.05263157894736842}, "HIMACHAL PRADESH": {"global_perc": 4.833252779120348e-05, "local_perc": 0.013157894736842105}, "JAMMU & KASHMIR": {"global_perc": 0.00015260186174271325, "local_perc": 0.013157894736842105}, "JHARKHAND": {"global_perc": 3.086991418163858e-05, "local_perc": 0.013157894736842105}, "KERALA": {"global_perc": 0.0009823182711198428, "local_perc": 0.013157894736842105}, "MADHYA PRADESH": {"global_perc": 1.821394095040344e-05, "local_perc": 0.013157894736842105}, "Punjab": {"global_perc": 7.948493760432397e-05, "local_perc": 0.013157894736842105}, "TRIPURA": {"global_perc": 0.002285714285714286, "local_perc": 0.02631578947368421}, "UTTAR PRADESH": {"global_perc": 0.00010302133478187574, "local_perc": 0.14473684210526316}, "UTTARAKHAND": {"global_perc": 0.0029774310724706723, "local_perc": 0.6578947368421053}, "West Bengal": {"global_perc": 4.972897707494157e-05, "local_perc": 0.02631578947368421}}, "partition_field": "Stat_Nam", "Vil_Nam": "Gopiballavpur", "Stat_Nam": "West Bengal"}, {"data": [["Hos_Allop_Par_Med_Staf_In_Pos_Num", 23.0], ["Hos_Allop_Par_Med_Staf_Tot_Stren_Num", 29.0], 0.7931034482758621], "data_low": {"Stat_Nam": "UTTARAKHAND", "Vil_Nam": "Rani Pokhari Grant", "Hos_Allop_Par_Med_Staf_Tot_Stren_Num": "12", "Hos_Allop_Par_Med_Staf_In_Pos_Num": "10", "id": 45042}, "data_high": {"Stat_Nam": "ASSAM", "Vil_Nam": "Saniadi", "Hos_Allop_Par_Med_Staf_Tot_Stren_Num": "11", "Hos_Allop_Par_Med_Staf_In_Pos_Num": "9", "id": 301379}, "perc": 0.024248263679794452, "metric": 99.97575194320795, "value_global_local": {"ANDHRA PRADESH": {"global_perc": 0.0005755395683453237, "local_perc": 0.10596026490066225}, "ASSAM": {"global_perc": 0.00030308770600492516, "local_perc": 0.052980132450331126}, "HARYANA": {"global_perc": 0.000146177459435755, "local_perc": 0.006622516556291391}, "HIMACHAL PRADESH": {"global_perc": 0.0005316578057032382, "local_perc": 0.0728476821192053}, "JAMMU & KASHMIR": {"global_perc": 0.0007630093087135663, "local_perc": 0.033112582781456956}, "JHARKHAND": {"global_perc": 6.173982836327716e-05, "local_perc": 0.013245033112582781}, "KERALA": {"global_perc": 0.010805500982318271, "local_perc": 0.0728476821192053}, "ODISHA": {"global_perc": 0.0005651589265878043, "local_perc": 0.19205298013245034}, "Punjab": {"global_perc": 7.948493760432397e-05, "local_perc": 0.006622516556291391}, "TRIPURA": {"global_perc": 0.001142857142857143, "local_perc": 0.006622516556291391}, "Tamil Nadu": {"global_perc": 0.00031291069528756495, "local_perc": 0.033112582781456956}, "UTTAR PRADESH": {"global_perc": 0.00019667709367449004, "local_perc": 0.1390728476821192}, "UTTARAKHAND": {"global_perc": 0.002143750372178884, "local_perc": 0.23841059602649006}, "West Bengal": {"global_perc": 9.945795414988313e-05, "local_perc": 0.026490066225165563}}, "partition_field": "Stat_Nam", "Vil_Nam": "Bagda", "Stat_Nam": "West Bengal"}, {"data": [["Hos_Allop_Par_Med_Staf_In_Pos_Num", 9.0], ["Hos_Allop_Par_Med_Staf_Tot_Stren_Num", 10.0], 0.9], "data_low": {"Stat_Nam": "JAMMU & KASHMIR", "Vil_Nam": "Batter Gam", "Hos_Allop_Par_Med_Staf_Tot_Stren_Num": "1", "Hos_Allop_Par_Med_Staf_In_Pos_Num": "1", "id": 60}, "data_high": {"Stat_Nam": "UTTAR PRADESH", "Vil_Nam": "Sunathi Khadkhdki", "Hos_Allop_Par_Med_Staf_Tot_Stren_Num": "10", "Hos_Allop_Par_Med_Staf_In_Pos_Num": "9", "id": 108825}, "perc": 0.6055642538841383, "metric": 99.39443584553017, "value_global_local": {"ANDAMAN & NICOBAR ISLANDS": {"global_perc": 0.0018018018018018018, "local_perc": 0.00026518164942985947}, "ANDHRA PRADESH": {"global_perc": 0.0018345323741007194, "local_perc": 0.013524264120922832}, "ASSAM": {"global_perc": 0.0031445349498010985, "local_perc": 0.022010076902678335}, "Arunachal Pradesh": {"global_perc": 0.0001789228842368939, "local_perc": 0.00026518164942985947}, "GOA": {"global_perc": 0.008982035928143712, "local_perc": 0.0007955449482895784}, "HARYANA": {"global_perc": 0.000146177459435755, "local_perc": 0.00026518164942985947}, "HIMACHAL PRADESH": {"global_perc": 0.0017399710004833253, "local_perc": 0.00954653937947494}, "JAMMU & KASHMIR": {"global_perc": 0.009919121013276362, "local_perc": 0.017236807212940866}, "JHARKHAND": {"global_perc": 0.017657590911897263, "local_perc": 0.1516839034738796}, "KERALA": {"global_perc": 0.0137524557956778, "local_perc": 0.0037125430920180325}, "MADHYA PRADESH": {"global_perc": 0.0018942498588419576, "local_perc": 0.027578891540705384}, "MANIPUR": {"global_perc": 0.0003874467260751647, "local_perc": 0.00026518164942985947}, "Maharashtra": {"global_perc": 0.0415664720027482, "local_perc": 0.4813046937151949}, "NCT OF DELHI": {"global_perc": 0.008928571428571428, "local_perc": 0.00026518164942985947}, "ODISHA": {"global_perc": 0.0015590591078284255, "local_perc": 0.021214531954388757}, "Punjab": {"global_perc": 0.024878785470153406, "local_perc": 0.083001856271546}, "TRIPURA": {"global_perc": 0.029714285714285714, "local_perc": 0.006894722885176346}, "Tamil Nadu": {"global_perc": 0.00012516427811502597, "local_perc": 0.0005303632988597189}, "UTTAR PRADESH": {"global_perc": 0.0033341450165770693, "local_perc": 0.09440466719702996}, "UTTARAKHAND": {"global_perc": 0.008515452867266123, "local_perc": 0.0379209758684699}, "West Bengal": {"global_perc": 0.0025610423193594906, "local_perc": 0.027313709891275524}}, "partition_field": "Stat_Nam", "Vil_Nam": "Sunathi Khadkhdki", "Stat_Nam": "UTTAR PRADESH"}, {"data": [["Hos_Allop_Par_Med_Staf_In_Pos_Num", 12.0], ["Hos_Allop_Par_Med_Staf_Tot_Stren_Num", 10.0], 1.2], "data_low": {"Stat_Nam": "UTTAR PRADESH", "Vil_Nam": "Lisarh", "Hos_Allop_Par_Med_Staf_Tot_Stren_Num": "10", "Hos_Allop_Par_Med_Staf_In_Pos_Num": "12", "id": 110124}, "data_high": {"Stat_Nam": "TRIPURA", "Vil_Nam": "Mandainagar", "Hos_Allop_Par_Med_Staf_Tot_Stren_Num": "5", "Hos_Allop_Par_Med_Staf_In_Pos_Num": "6", "id": 270920}, "perc": 0.0004817535830422739, "metric": 99.99951804637791, "value_global_local": {}, "partition_field": null, "Vil_Nam": "Lisarh", "Stat_Nam": "UTTAR PRADESH"}, {"data": [["Hos_Allop_Par_Med_Staf_In_Pos_Num", 16.0], ["Hos_Allop_Par_Med_Staf_Tot_Stren_Num", 12.0], 1.3333333333333333], "data_low": {"Stat_Nam": "UTTAR PRADESH", "Vil_Nam": "Ahamadpur", "Hos_Allop_Par_Med_Staf_Tot_Stren_Num": "11", "Hos_Allop_Par_Med_Staf_In_Pos_Num": "15", "id": 110005}, "data_high": {"Stat_Nam": "UTTAR PRADESH", "Vil_Nam": "Mudli", "Hos_Allop_Par_Med_Staf_Tot_Stren_Num": "6", "Hos_Allop_Par_Med_Staf_In_Pos_Num": "8", "id": 208707}, "perc": 0.0008029226384037898, "metric": 99.99919674396428, "value_global_local": {}, "partition_field": null, "Vil_Nam": "Sohjani Umerpur", "Stat_Nam": "UTTAR PRADESH"}, {"data": [["Hos_Allop_Par_Med_Staf_In_Pos_Num", 3.0], ["Hos_Allop_Par_Med_Staf_Tot_Stren_Num", 2.0], 1.5], "data_low": {"Stat_Nam": "UTTAR PRADESH", "Vil_Nam": "Samaspur", "Hos_Allop_Par_Med_Staf_Tot_Stren_Num": "2", "Hos_Allop_Par_Med_Staf_In_Pos_Num": "3", "id": 120834}, "data_high": {"Stat_Nam": "UTTAR PRADESH", "Vil_Nam": "Samaspur", "Hos_Allop_Par_Med_Staf_Tot_Stren_Num": "2", "Hos_Allop_Par_Med_Staf_In_Pos_Num": "3", "id": 120834}, "perc": 0.0008029226384037898, "metric": 99.9991965772656, "value_global_local": {}, "partition_field": null, "Vil_Nam": "Samaspur", "Stat_Nam": "UTTAR PRADESH"}, {"data": [["Hos_Allop_Par_Med_Staf_In_Pos_Num", 13.0], ["Hos_Allop_Par_Med_Staf_Tot_Stren_Num", 8.0], 1.625], "data_low": {"Stat_Nam": "UTTAR PRADESH", "Vil_Nam": "Samipur", "Hos_Allop_Par_Med_Staf_Tot_Stren_Num": "8", "Hos_Allop_Par_Med_Staf_In_Pos_Num": "13", "id": 111122}, "data_high": {"Stat_Nam": "UTTAR PRADESH", "Vil_Nam": "Samipur", "Hos_Allop_Par_Med_Staf_Tot_Stren_Num": "8", "Hos_Allop_Par_Med_Staf_In_Pos_Num": "13", "id": 111122}, "perc": 0.00016058452768075794, "metric": 99.9998387903483, "value_global_local": {}, "partition_field": null, "Vil_Nam": "Samipur", "Stat_Nam": "UTTAR PRADESH"}, {"data": [["Hos_Allop_Par_Med_Staf_In_Pos_Num", 4.0], ["Hos_Allop_Par_Med_Staf_Tot_Stren_Num", 2.0], 2.0], "data_low": {"Stat_Nam": "UTTAR PRADESH", "Vil_Nam": "Chhani Buzurg", "Hos_Allop_Par_Med_Staf_Tot_Stren_Num": "1", "Hos_Allop_Par_Med_Staf_In_Pos_Num": "2", "id": 152908}, "data_high": {"Stat_Nam": "JAMMU & KASHMIR", "Vil_Nam": "Naid Khi (Sadat Pora)", "Hos_Allop_Par_Med_Staf_Tot_Stren_Num": "2", "Hos_Allop_Par_Med_Staf_In_Pos_Num": "4", "id": 2755}, "perc": 0.0011240916937653056, "metric": 99.99887490811744, "value_global_local": {}, "partition_field": null, "Vil_Nam": "Naid Khi (Sadat Pora)", "Stat_Nam": "JAMMU & KASHMIR"}, {"data": [["Hos_Allop_Par_Med_Staf_In_Pos_Num", 5.0], ["Hos_Allop_Par_Med_Staf_Tot_Stren_Num", 2.0], 2.5], "data_low": {"Stat_Nam": "JAMMU & KASHMIR", "Vil_Nam": "Sogam", "Hos_Allop_Par_Med_Staf_Tot_Stren_Num": "2", "Hos_Allop_Par_Med_Staf_In_Pos_Num": "5", "id": 36}, "data_high": {"Stat_Nam": "JAMMU & KASHMIR", "Vil_Nam": "Sogam", "Hos_Allop_Par_Med_Staf_Tot_Stren_Num": "2", "Hos_Allop_Par_Med_Staf_In_Pos_Num": "5", "id": 36}, "perc": 0.0004817535830422739, "metric": 99.99951674612414, "value_global_local": {}, "partition_field": null, "Vil_Nam": "Sogam", "Stat_Nam": "JAMMU & KASHMIR"}, {"data": [["Hos_Allop_Par_Med_Staf_In_Pos_Num", 6.0], ["Hos_Allop_Par_Med_Staf_Tot_Stren_Num", 2.0], 3.0], "data_low": {"Stat_Nam": "MADHYA PRADESH", "Vil_Nam": "Surkhi", "Hos_Allop_Par_Med_Staf_Tot_Stren_Num": "1", "Hos_Allop_Par_Med_Staf_In_Pos_Num": "3", "id": 458242}, "data_high": {"Stat_Nam": "JAMMU & KASHMIR", "Vil_Nam": "Tokuna", "Hos_Allop_Par_Med_Staf_Tot_Stren_Num": "2", "Hos_Allop_Par_Med_Staf_In_Pos_Num": "6", "id": 2968}, "perc": 0.0006423381107230318, "metric": 99.99935566150207, "value_global_local": {}, "partition_field": null, "Vil_Nam": "Tokuna", "Stat_Nam": "JAMMU & KASHMIR"}, {"data": [["Hos_Allop_Par_Med_Staf_In_Pos_Num", 13.0], ["Hos_Allop_Par_Med_Staf_Tot_Stren_Num", 3.0], 4.333333333333333], "data_low": {"Stat_Nam": "JAMMU & KASHMIR", "Vil_Nam": "Rakh Dhok (Jourian)", "Hos_Allop_Par_Med_Staf_Tot_Stren_Num": "3", "Hos_Allop_Par_Med_Staf_In_Pos_Num": "13", "id": 5477}, "data_high": {"Stat_Nam": "JAMMU & KASHMIR", "Vil_Nam": "Rakh Dhok (Jourian)", "Hos_Allop_Par_Med_Staf_Tot_Stren_Num": "3", "Hos_Allop_Par_Med_Staf_In_Pos_Num": "13", "id": 5477}, "perc": 0.00016058452768075794, "metric": 99.99983608147758, "value_global_local": {}, "partition_field": null, "Vil_Nam": "Rakh Dhok (Jourian)", "Stat_Nam": "JAMMU & KASHMIR"}, {"data": [["Hos_Allop_Par_Med_Staf_In_Pos_Num", 6.0], ["Hos_Allop_Par_Med_Staf_Tot_Stren_Num", 1.0], 6.0], "data_low": {"Stat_Nam": "JAMMU & KASHMIR", "Vil_Nam": "Pallan Wala", "Hos_Allop_Par_Med_Staf_Tot_Stren_Num": "2", "Hos_Allop_Par_Med_Staf_In_Pos_Num": "12", "id": 5459}, "data_high": {"Stat_Nam": "JAMMU & KASHMIR", "Vil_Nam": "Dudi", "Hos_Allop_Par_Med_Staf_Tot_Stren_Num": "1", "Hos_Allop_Par_Med_Staf_In_Pos_Num": "6", "id": 10}, "perc": 0.0004817535830422739, "metric": 99.9995132454409, "value_global_local": {}, "partition_field": null, "Vil_Nam": "Dudi", "Stat_Nam": "JAMMU & KASHMIR"}, {"data": [["Hos_Allop_Par_Med_Staf_In_Pos_Num", 41.0], ["Hos_Allop_Par_Med_Staf_Tot_Stren_Num", 4.0], 10.25], "data_low": {"Stat_Nam": "UTTAR PRADESH", "Vil_Nam": "Sarhari", "Hos_Allop_Par_Med_Staf_Tot_Stren_Num": "4", "Hos_Allop_Par_Med_Staf_In_Pos_Num": "41", "id": 184168}, "data_high": {"Stat_Nam": "UTTAR PRADESH", "Vil_Nam": "Sarhari", "Hos_Allop_Par_Med_Staf_Tot_Stren_Num": "4", "Hos_Allop_Par_Med_Staf_In_Pos_Num": "41", "id": 184168}, "perc": 0.00016058452768075794, "metric": 99.9998301636369, "value_global_local": {}, "partition_field": null, "Vil_Nam": "Sarhari", "Stat_Nam": "UTTAR PRADESH"}, {"data": [["Hos_Allop_Par_Med_Staf_In_Pos_Num", 2.0], ["Hos_Allop_Par_Med_Staf_Tot_Stren_Num", 0.0], 9999], "data_low": {"Stat_Nam": "UTTAR PRADESH", "Vil_Nam": "Tera Kalan", "Hos_Allop_Par_Med_Staf_Tot_Stren_Num": "", "Hos_Allop_Par_Med_Staf_In_Pos_Num": "1", "id": 163632}, "data_high": {"Stat_Nam": "UTTAR PRADESH", "Vil_Nam": "Puthari", "Hos_Allop_Par_Med_Staf_Tot_Stren_Num": "0", "Hos_Allop_Par_Med_Staf_In_Pos_Num": "2", "id": 122864}, "perc": 0.0014452607491268216, "metric": 99.98855488387697, "value_global_local": {}, "partition_field": null, "Vil_Nam": "Puthari", "Stat_Nam": "UTTAR PRADESH"}, {"data": [["Hos_Allop_Par_Med_Staf_In_Pos_Num", 0], ["Hos_Allop_Par_Med_Staf_Tot_Stren_Num", 0], 99980001], "data_low": {"Stat_Nam": "JAMMU & KASHMIR", "Vil_Nam": "Bore", "Hos_Allop_Par_Med_Staf_Tot_Stren_Num": "", "Hos_Allop_Par_Med_Staf_In_Pos_Num": "", "id": 0}, "data_high": {"Stat_Nam": "JAMMU & KASHMIR", "Vil_Nam": "Palmar", "Hos_Allop_Par_Med_Staf_Tot_Stren_Num": "HAll_pst", "Hos_Allop_Par_Med_Staf_In_Pos_Num": "HAll_ppos", "id": 4582}, "perc": 99.25601188325504, "metric": 9.927586606370912e-07, "value_global_local": {"null": {"global_perc": 0.9925601188325505, "local_perc": 1.0}}, "partition_field": "Dist_Other", "Vil_Nam": "Bore", "Stat_Nam": "JAMMU & KASHMIR"}]