[{"data": [["Tot_Mal_Pop_of_Vil", 0], ["Tot_Pop_of_Vil", 0.0], 99980001], "data_low": {"Stat_Nam": "JAMMU & KASHMIR", "Vil_Nam": "Bugna", "Tot_Pop_of_Vil": "0", "Tot_Mal_Pop_of_Vil": "", "id": 2}, "data_high": {"Stat_Nam": "Maharashtra", "Vil_Nam": "Ziri Sawar", "Tot_Pop_of_Vil": "0", "Tot_Mal_Pop_of_Vil": "0", "id": 504072}, "perc": 6.897105463888555, "metric": 16051785235.984238, "value_global_local": {"": {"global_perc": 1.0, "local_perc": 4.6565774155995343e-05}, "ANDAMAN & NICOBAR ISLANDS": {"global_perc": 0.2864864864864865, "local_perc": 0.0037019790454016297}, "ANDHRA PRADESH": {"global_perc": 0.05446043165467626, "local_perc": 0.035250291036088476}, "ASSAM": {"global_perc": 0.03875734040537981, "local_perc": 0.02381839348079162}, "Arunachal Pradesh": {"global_perc": 0.05922347468241188, "local_perc": 0.007706635622817229}, "BIHAR": {"global_perc": 0.1292730757231359, "local_perc": 0.13506402793946448}, "CHHATTISGARH": {"global_perc": 0.027775017390440228, "local_perc": 0.013015133876600698}, "GOA": {"global_perc": 0.041916167664670656, "local_perc": 0.0003259604190919674}, "HARYANA": {"global_perc": 0.029089314427715247, "local_perc": 0.004633294528521537}, "HIMACHAL PRADESH": {"global_perc": 0.13571773803769938, "local_perc": 0.06537834691501747}, "JAMMU & KASHMIR": {"global_perc": 0.03296200213642606, "local_perc": 0.005029103608847497}, "JHARKHAND": {"global_perc": 0.08958449095511514, "local_perc": 0.06756693830034924}, "KARNATAKA": {"global_perc": 0.06622358554873892, "local_perc": 0.045238649592549474}, "KERALA": {"global_perc": 0.0009823182711198428, "local_perc": 2.3282887077997672e-05}, "LAKSHADWEEP": {"global_perc": 0.7142857142857143, "local_perc": 0.0003492433061699651}, "MADHYA PRADESH": {"global_perc": 0.05416826038649983, "local_perc": 0.06924330616996507}, "MANIPUR": {"global_perc": 0.02557148392096087, "local_perc": 0.0015366705471478463}, "MIZORAM": {"global_perc": 0.15180722891566265, "local_perc": 0.0029336437718277064}, "Maharashtra": {"global_perc": 0.061971830985915494, "local_perc": 0.0630034924330617}, "Meghalaya": {"global_perc": 0.05556367890042404, "local_perc": 0.008847497089639115}, "NAGALAND": {"global_perc": 0.0196078431372549, "local_perc": 0.0006519208381839348}, "NCT OF DELHI": {"global_perc": 0.08035714285714286, "local_perc": 0.00020954598370197903}, "ODISHA": {"global_perc": 0.07085923645080194, "local_perc": 0.08465657741559954}, "Punjab": {"global_perc": 0.0328272792305858, "local_perc": 0.009615832363213039}, "RAJASTHAN": {"global_perc": 0.03151862464183381, "local_perc": 0.032782305005820724}, "SIKKIM": {"global_perc": 0.057649667405764965, "local_perc": 0.0006053550640279394}, "TRIPURA": {"global_perc": 0.013714285714285714, "local_perc": 0.00027939464493597206}, "Tamil Nadu": {"global_perc": 0.05820138932348708, "local_perc": 0.021653084982537835}, "UTTAR PRADESH": {"global_perc": 0.08392492554367167, "local_perc": 0.20863795110593714}, "UTTARAKHAND": {"global_perc": 0.06240695527898529, "local_perc": 0.02440046565774156}, "West Bengal": {"global_perc": 0.06812869859266994, "local_perc": 0.06379511059371362}}, "partition_field": "Stat_Nam", "Vil_Nam": "Bugna", "Stat_Nam": "JAMMU & KASHMIR"}, {"data": [["Tot_Mal_Pop_of_Vil", 6933.0], ["Tot_Pop_of_Vil", 1224.0], 5.66421568627451], "data_low": {"Stat_Nam": "Tamil Nadu", "Vil_Nam": "Anaipatti", "Tot_Pop_of_Vil": "1224", "Tot_Mal_Pop_of_Vil": "6933", "id": 612733}, "data_high": {"Stat_Nam": "Tamil Nadu", "Vil_Nam": "Anaipatti", "Tot_Pop_of_Vil": "1224", "Tot_Mal_Pop_of_Vil": "6933", "id": 612733}, "perc": 0.00016058452768075794, "metric": 1049.1994948430636, "value_global_local": {}, "partition_field": null, "Vil_Nam": "Anaipatti", "Stat_Nam": "Tamil Nadu"}, {"data": [["Tot_Mal_Pop_of_Vil", 0.0], ["Tot_Pop_of_Vil", 3.0], 0.0], "data_low": {"Stat_Nam": "HIMACHAL PRADESH", "Vil_Nam": "D.P.F. Jandrighat (90)", "Tot_Pop_of_Vil": "3", "Tot_Mal_Pop_of_Vil": "0", "id": 7335}, "data_high": {"Stat_Nam": "ANDHRA PRADESH", "Vil_Nam": "Allampalle", "Tot_Pop_of_Vil": "1059", "Tot_Mal_Pop_of_Vil": "77", "id": 557279}, "perc": 0.013970853908225944, "metric": 322.8042160312014, "value_global_local": {"ANDHRA PRADESH": {"global_perc": 0.00014388489208633093, "local_perc": 0.04597701149425287}, "ASSAM": {"global_perc": 3.7885963250615644e-05, "local_perc": 0.011494252873563218}, "Arunachal Pradesh": {"global_perc": 0.0023259974950796207, "local_perc": 0.14942528735632185}, "BIHAR": {"global_perc": 6.685385746757588e-05, "local_perc": 0.034482758620689655}, "HIMACHAL PRADESH": {"global_perc": 0.0007733204446592557, "local_perc": 0.1839080459770115}, "JHARKHAND": {"global_perc": 0.00021608939927147004, "local_perc": 0.08045977011494253}, "KARNATAKA": {"global_perc": 6.81663258350375e-05, "local_perc": 0.022988505747126436}, "MADHYA PRADESH": {"global_perc": 7.285576380161376e-05, "local_perc": 0.04597701149425287}, "Maharashtra": {"global_perc": 6.870491240123669e-05, "local_perc": 0.034482758620689655}, "Meghalaya": {"global_perc": 0.00029244041526538966, "local_perc": 0.022988505747126436}, "ODISHA": {"global_perc": 0.00019488238847855318, "local_perc": 0.11494252873563218}, "Punjab": {"global_perc": 7.948493760432397e-05, "local_perc": 0.011494252873563218}, "RAJASTHAN": {"global_perc": 4.477077363896848e-05, "local_perc": 0.022988505747126436}, "Tamil Nadu": {"global_perc": 0.00018774641717253895, "local_perc": 0.034482758620689655}, "UTTAR PRADESH": {"global_perc": 2.809672766778429e-05, "local_perc": 0.034482758620689655}, "UTTARAKHAND": {"global_perc": 0.0007145834573929614, "local_perc": 0.13793103448275862}, "West Bengal": {"global_perc": 2.4864488537470783e-05, "local_perc": 0.011494252873563218}}, "partition_field": "Stat_Nam", "Vil_Nam": "D.P.F. Jandrighat (90)", "Stat_Nam": "HIMACHAL PRADESH"}, {"data": [["Tot_Mal_Pop_of_Vil", 1.0], ["Tot_Pop_of_Vil", 9.0], 0.1111111111111111], "data_low": {"Stat_Nam": "BIHAR", "Vil_Nam": "Malepali", "Tot_Pop_of_Vil": "9", "Tot_Mal_Pop_of_Vil": "1", "id": 223267}, "data_high": {"Stat_Nam": "ANDHRA PRADESH", "Vil_Nam": "Boduluru", "Tot_Pop_of_Vil": "534", "Tot_Mal_Pop_of_Vil": "97", "id": 564960}, "perc": 0.020233650487775503, "metric": 298.0279710477047, "value_global_local": {"ANDAMAN & NICOBAR ISLANDS": {"global_perc": 0.0018018018018018018, "local_perc": 0.007936507936507936}, "ANDHRA PRADESH": {"global_perc": 0.0006115107913669065, "local_perc": 0.1349206349206349}, "ASSAM": {"global_perc": 3.7885963250615644e-05, "local_perc": 0.007936507936507936}, "Arunachal Pradesh": {"global_perc": 0.0025049203793165147, "local_perc": 0.1111111111111111}, "BIHAR": {"global_perc": 8.91384766234345e-05, "local_perc": 0.031746031746031744}, "HIMACHAL PRADESH": {"global_perc": 0.0005316578057032382, "local_perc": 0.0873015873015873}, "JAMMU & KASHMIR": {"global_perc": 0.00015260186174271325, "local_perc": 0.007936507936507936}, "JHARKHAND": {"global_perc": 0.00018521948508983145, "local_perc": 0.047619047619047616}, "KARNATAKA": {"global_perc": 0.00023858214042263122, "local_perc": 0.05555555555555555}, "MADHYA PRADESH": {"global_perc": 9.106970475201719e-05, "local_perc": 0.03968253968253968}, "Maharashtra": {"global_perc": 6.870491240123669e-05, "local_perc": 0.023809523809523808}, "Meghalaya": {"global_perc": 0.00014622020763269483, "local_perc": 0.007936507936507936}, "ODISHA": {"global_perc": 0.000428741254652817, "local_perc": 0.1746031746031746}, "Punjab": {"global_perc": 7.948493760432397e-05, "local_perc": 0.007936507936507936}, "RAJASTHAN": {"global_perc": 4.477077363896848e-05, "local_perc": 0.015873015873015872}, "UTTAR PRADESH": {"global_perc": 0.0001217524865603986, "local_perc": 0.10317460317460317}, "UTTARAKHAND": {"global_perc": 0.0008336807002917883, "local_perc": 0.1111111111111111}, "West Bengal": {"global_perc": 7.459346561241235e-05, "local_perc": 0.023809523809523808}}, "partition_field": "Stat_Nam", "Vil_Nam": "Malepali", "Stat_Nam": "BIHAR"}, {"data": [["Tot_Mal_Pop_of_Vil", 3.0], ["Tot_Pop_of_Vil", 14.0], 0.21428571428571427], "data_low": {"Stat_Nam": "HIMACHAL PRADESH", "Vil_Nam": "Chakban Panapar  (179)", "Tot_Pop_of_Vil": "4", "Tot_Mal_Pop_of_Vil": "1", "id": 11057}, "data_high": {"Stat_Nam": "ODISHA", "Vil_Nam": "Padmapur", "Tot_Pop_of_Vil": "336", "Tot_Mal_Pop_of_Vil": "99", "id": 412564}, "perc": 0.08302220081095187, "metric": 274.86750427794476, "value_global_local": {"ANDHRA PRADESH": {"global_perc": 0.0014028776978417265, "local_perc": 0.07543520309477757}, "ASSAM": {"global_perc": 0.0005682894487592347, "local_perc": 0.029013539651837523}, "Arunachal Pradesh": {"global_perc": 0.00733583825371265, "local_perc": 0.07930367504835589}, "BIHAR": {"global_perc": 0.0003342692873378794, "local_perc": 0.029013539651837523}, "CHHATTISGARH": {"global_perc": 4.9686972075921695e-05, "local_perc": 0.0019342359767891683}, "HARYANA": {"global_perc": 0.000146177459435755, "local_perc": 0.0019342359767891683}, "HIMACHAL PRADESH": {"global_perc": 0.0014499758337361043, "local_perc": 0.058027079303675046}, "JAMMU & KASHMIR": {"global_perc": 0.0003052037234854265, "local_perc": 0.0038684719535783366}, "JHARKHAND": {"global_perc": 0.0009260974254491572, "local_perc": 0.058027079303675046}, "KARNATAKA": {"global_perc": 0.0006134969325153375, "local_perc": 0.03481624758220503}, "MADHYA PRADESH": {"global_perc": 0.0004735624647104894, "local_perc": 0.05029013539651837}, "Maharashtra": {"global_perc": 0.0005954425741440513, "local_perc": 0.05029013539651837}, "Meghalaya": {"global_perc": 0.0004386606228980845, "local_perc": 0.005802707930367505}, "ODISHA": {"global_perc": 0.0012082708085670297, "local_perc": 0.11992263056092843}, "Punjab": {"global_perc": 0.0003974246880216199, "local_perc": 0.009671179883945842}, "RAJASTHAN": {"global_perc": 0.0003805515759312321, "local_perc": 0.03288201160541586}, "SIKKIM": {"global_perc": 0.0022172949002217295, "local_perc": 0.0019342359767891683}, "Tamil Nadu": {"global_perc": 0.00018774641717253895, "local_perc": 0.005802707930367505}, "UTTAR PRADESH": {"global_perc": 0.0005806657051342087, "local_perc": 0.11992263056092843}, "UTTARAKHAND": {"global_perc": 0.0063717024950872385, "local_perc": 0.20696324951644102}, "West Bengal": {"global_perc": 0.00032323835098712017, "local_perc": 0.025145067698259187}}, "partition_field": "Stat_Nam", "Vil_Nam": "Chapla (17)", "Stat_Nam": "HIMACHAL PRADESH"}, {"data": [["Tot_Mal_Pop_of_Vil", 127.0], ["Tot_Pop_of_Vil", 404.0], 0.31435643564356436], "data_low": {"Stat_Nam": "JAMMU & KASHMIR", "Vil_Nam": "Wand Gahi", "Tot_Pop_of_Vil": "3", "Tot_Mal_Pop_of_Vil": "1", "id": 5683}, "data_high": {"Stat_Nam": "Tamil Nadu", "Vil_Nam": "Pallivayal", "Tot_Pop_of_Vil": "2788", "Tot_Mal_Pop_of_Vil": "999", "id": 617613}, "perc": 0.9045726444257095, "metric": 250.50848640425883, "value_global_local": {"ANDAMAN & NICOBAR ISLANDS": {"global_perc": 0.007207207207207207, "local_perc": 0.0007101011894194922}, "ANDHRA PRADESH": {"global_perc": 0.008129496402877698, "local_perc": 0.04012071720220131}, "ASSAM": {"global_perc": 0.003902254214813412, "local_perc": 0.018285105627551927}, "Arunachal Pradesh": {"global_perc": 0.04723564143853999, "local_perc": 0.04686667850168649}, "BIHAR": {"global_perc": 0.001961046485715559, "local_perc": 0.015622226167228831}, "CHHATTISGARH": {"global_perc": 0.0038755838219218922, "local_perc": 0.0138469731936801}, "GOA": {"global_perc": 0.005988023952095809, "local_perc": 0.0003550505947097461}, "HARYANA": {"global_perc": 0.00087706475661453, "local_perc": 0.0010651517841292384}, "HIMACHAL PRADESH": {"global_perc": 0.02725954567423876, "local_perc": 0.10012426770814842}, "JAMMU & KASHMIR": {"global_perc": 0.003509842820082405, "local_perc": 0.004083081839162081}, "JHARKHAND": {"global_perc": 0.006451812063962462, "local_perc": 0.03710278714716847}, "KARNATAKA": {"global_perc": 0.003987730061349694, "local_perc": 0.020770459790520147}, "MADHYA PRADESH": {"global_perc": 0.0029688723749157603, "local_perc": 0.02893662346884431}, "MANIPUR": {"global_perc": 0.006974041069352964, "local_perc": 0.003195455352387715}, "MIZORAM": {"global_perc": 0.0012048192771084338, "local_perc": 0.00017752529735487306}, "Maharashtra": {"global_perc": 0.009435474636436505, "local_perc": 0.0731404225102077}, "Meghalaya": {"global_perc": 0.00877321245796169, "local_perc": 0.010651517841292384}, "NAGALAND": {"global_perc": 0.0035014005602240898, "local_perc": 0.0008876264867743654}, "ODISHA": {"global_perc": 0.013953579015064409, "local_perc": 0.12710811290608912}, "Punjab": {"global_perc": 0.0020666083777124236, "local_perc": 0.004615657731226699}, "RAJASTHAN": {"global_perc": 0.002507163323782235, "local_perc": 0.019882833303745785}, "SIKKIM": {"global_perc": 0.0022172949002217295, "local_perc": 0.00017752529735487306}, "Tamil Nadu": {"global_perc": 0.0018148820326678765, "local_perc": 0.005148233623291319}, "UTTAR PRADESH": {"global_perc": 0.0044018206679528726, "local_perc": 0.08343688975679034}, "UTTARAKHAND": {"global_perc": 0.10790210206633716, "local_perc": 0.32167583880703}, "West Bengal": {"global_perc": 0.003083196578646377, "local_perc": 0.02201313687200426}}, "partition_field": "Stat_Nam", "Vil_Nam": "Hatiamba", "Stat_Nam": "ODISHA"}, {"data": [["Tot_Mal_Pop_of_Vil", 2.0], ["Tot_Pop_of_Vil", 2.0], 1.0], "data_low": {"Stat_Nam": "HIMACHAL PRADESH", "Vil_Nam": "Chakban Paud  (471)", "Tot_Pop_of_Vil": "1", "Tot_Mal_Pop_of_Vil": "1", "id": 9696}, "data_high": {"Stat_Nam": "Arunachal Pradesh", "Vil_Nam": "Oil India Housing Complex", "Tot_Pop_of_Vil": "97", "Tot_Mal_Pop_of_Vil": "97", "id": 263274}, "perc": 0.146613673772532, "metric": 244.52811260773785, "value_global_local": {"ANDAMAN & NICOBAR ISLANDS": {"global_perc": 0.04144144144144144, "local_perc": 0.025191675794085433}, "ANDHRA PRADESH": {"global_perc": 0.0003237410071942446, "local_perc": 0.009857612267250822}, "ASSAM": {"global_perc": 0.0012502367872703163, "local_perc": 0.03614457831325301}, "Arunachal Pradesh": {"global_perc": 0.006977992485238862, "local_perc": 0.04271631982475356}, "BIHAR": {"global_perc": 0.0004234077639613139, "local_perc": 0.0208105147864184}, "CHHATTISGARH": {"global_perc": 0.00019874788830368678, "local_perc": 0.004381161007667032}, "HARYANA": {"global_perc": 0.00146177459435755, "local_perc": 0.01095290251916758}, "HIMACHAL PRADESH": {"global_perc": 0.003914934751087482, "local_perc": 0.0887185104052574}, "JAMMU & KASHMIR": {"global_perc": 0.0007630093087135663, "local_perc": 0.00547645125958379}, "JHARKHAND": {"global_perc": 0.0005865283694511329, "local_perc": 0.0208105147864184}, "KARNATAKA": {"global_perc": 0.0006134969325153375, "local_perc": 0.019715224534501644}, "LAKSHADWEEP": {"global_perc": 0.09523809523809523, "local_perc": 0.002190580503833516}, "MADHYA PRADESH": {"global_perc": 0.001784966213139537, "local_perc": 0.10733844468784227}, "MANIPUR": {"global_perc": 0.0007748934521503294, "local_perc": 0.002190580503833516}, "MIZORAM": {"global_perc": 0.0012048192771084338, "local_perc": 0.001095290251916758}, "Maharashtra": {"global_perc": 0.001305393335623497, "local_perc": 0.0624315443592552}, "Meghalaya": {"global_perc": 0.0016084222839596433, "local_perc": 0.012048192771084338}, "NAGALAND": {"global_perc": 0.0028011204481792717, "local_perc": 0.004381161007667032}, "ODISHA": {"global_perc": 0.0012472472862627404, "local_perc": 0.0700985761226725}, "Punjab": {"global_perc": 0.0008743343136475638, "local_perc": 0.012048192771084338}, "RAJASTHAN": {"global_perc": 0.0014102793696275072, "local_perc": 0.06900328587075576}, "SIKKIM": {"global_perc": 0.011086474501108648, "local_perc": 0.00547645125958379}, "Tamil Nadu": {"global_perc": 6.258213905751299e-05, "local_perc": 0.001095290251916758}, "UTTAR PRADESH": {"global_perc": 0.0017419971154026262, "local_perc": 0.20372398685651696}, "UTTARAKHAND": {"global_perc": 0.007443577681176681, "local_perc": 0.13691128148959475}, "West Bengal": {"global_perc": 0.000571883236361828, "local_perc": 0.025191675794085433}}, "partition_field": "Stat_Nam", "Vil_Nam": "Doglah Kalan", "Stat_Nam": "JAMMU & KASHMIR"}, {"data": [["Tot_Mal_Pop_of_Vil", 10.0], ["Tot_Pop_of_Vil", 16.0], 0.625], "data_low": {"Stat_Nam": "UTTAR PRADESH", "Vil_Nam": "Ganespur", "Tot_Pop_of_Vil": "16", "Tot_Mal_Pop_of_Vil": "10", "id": 180540}, "data_high": {"Stat_Nam": "Maharashtra", "Vil_Nam": "Shernapur", "Tot_Pop_of_Vil": "1712", "Tot_Mal_Pop_of_Vil": "998", "id": 527678}, "perc": 1.3566180898470432, "metric": 177.77590179904817, "value_global_local": {"ANDAMAN & NICOBAR ISLANDS": {"global_perc": 0.07567567567567568, "local_perc": 0.004971590909090909}, "ANDHRA PRADESH": {"global_perc": 0.008057553956834532, "local_perc": 0.026515151515151516}, "ASSAM": {"global_perc": 0.014889183557491949, "local_perc": 0.04651988636363636}, "Arunachal Pradesh": {"global_perc": 0.08105206655931294, "local_perc": 0.05362215909090909}, "BIHAR": {"global_perc": 0.007019655034095467, "local_perc": 0.037286931818181816}, "CHANDIGARH": {"global_perc": 0.8, "local_perc": 0.0004734848484848485}, "CHHATTISGARH": {"global_perc": 0.006856802146477194, "local_perc": 0.016335227272727272}, "DAMAN & DIU": {"global_perc": 0.05263157894736842, "local_perc": 0.00011837121212121212}, "Dadra & Nagar Haveli": {"global_perc": 0.046153846153846156, "local_perc": 0.0003551136363636364}, "GOA": {"global_perc": 0.017964071856287425, "local_perc": 0.0007102272727272727}, "HARYANA": {"global_perc": 0.01140184183598889, "local_perc": 0.009232954545454546}, "HIMACHAL PRADESH": {"global_perc": 0.030062832286128563, "local_perc": 0.07362689393939394}, "JAMMU & KASHMIR": {"global_perc": 0.020906455058751716, "local_perc": 0.01621685606060606}, "JHARKHAND": {"global_perc": 0.01278014447119837, "local_perc": 0.049005681818181816}, "KARNATAKA": {"global_perc": 0.011349693251533743, "local_perc": 0.03941761363636364}, "MADHYA PRADESH": {"global_perc": 0.016028268036355025, "local_perc": 0.10416666666666667}, "MANIPUR": {"global_perc": 0.0263463773731112, "local_perc": 0.008049242424242424}, "MIZORAM": {"global_perc": 0.012048192771084338, "local_perc": 0.0011837121212121212}, "Maharashtra": {"global_perc": 0.007992671476010535, "local_perc": 0.04131155303030303}, "Meghalaya": {"global_perc": 0.02514987571282351, "local_perc": 0.020359848484848484}, "NAGALAND": {"global_perc": 0.023809523809523808, "local_perc": 0.004024621212121212}, "NCT OF DELHI": {"global_perc": 0.026785714285714284, "local_perc": 0.0003551136363636364}, "ODISHA": {"global_perc": 0.012745308206497379, "local_perc": 0.07741477272727272}, "Punjab": {"global_perc": 0.013273984579922104, "local_perc": 0.019767992424242424}, "RAJASTHAN": {"global_perc": 0.017706840974212035, "local_perc": 0.09363162878787878}, "SIKKIM": {"global_perc": 0.03325942350332594, "local_perc": 0.0017755681818181818}, "TRIPURA": {"global_perc": 0.012571428571428572, "local_perc": 0.0013020833333333333}, "Tamil Nadu": {"global_perc": 0.0032542712309906754, "local_perc": 0.00615530303030303}, "UTTAR PRADESH": {"global_perc": 0.013083709517298219, "local_perc": 0.16536458333333334}, "UTTARAKHAND": {"global_perc": 0.026618233787887812, "local_perc": 0.052911931818181816}, "West Bengal": {"global_perc": 0.005843154806305634, "local_perc": 0.027817234848484848}}, "partition_field": "Stat_Nam", "Vil_Nam": "Ganespur", "Stat_Nam": "UTTAR PRADESH"}, {"data": [["Tot_Mal_Pop_of_Vil", 75.0], ["Tot_Pop_of_Vil", 181.0], 0.4143646408839779], "data_low": {"Stat_Nam": "HIMACHAL PRADESH", "Vil_Nam": "Kotha  (128)", "Tot_Pop_of_Vil": "24", "Tot_Mal_Pop_of_Vil": "10", "id": 11042}, "data_high": {"Stat_Nam": "ANDHRA PRADESH", "Vil_Nam": "Kammanapalle", "Tot_Pop_of_Vil": "2319", "Tot_Mal_Pop_of_Vil": "999", "id": 575033}, "perc": 1.9146493235376771, "metric": 226.0950137116428, "value_global_local": {"ANDAMAN & NICOBAR ISLANDS": {"global_perc": 0.016216216216216217, "local_perc": 0.0007548435796359977}, "ANDHRA PRADESH": {"global_perc": 0.021258992805755397, "local_perc": 0.04956806172943051}, "ASSAM": {"global_perc": 0.011100587232430384, "local_perc": 0.024574352092594145}, "Arunachal Pradesh": {"global_perc": 0.06781177312578279, "local_perc": 0.031787301853560344}, "BIHAR": {"global_perc": 0.006863662700004457, "local_perc": 0.02583242472532081}, "CHHATTISGARH": {"global_perc": 0.016347013812978237, "local_perc": 0.027593726411138136}, "GOA": {"global_perc": 0.029940119760479042, "local_perc": 0.0008387150884844419}, "HARYANA": {"global_perc": 0.00087706475661453, "local_perc": 0.0005032290530906651}, "HIMACHAL PRADESH": {"global_perc": 0.059207346544224264, "local_perc": 0.10274259833934413}, "JAMMU & KASHMIR": {"global_perc": 0.004730657714024111, "local_perc": 0.0026000167743017695}, "JHARKHAND": {"global_perc": 0.016083225288633696, "local_perc": 0.04369705611003942}, "KARNATAKA": {"global_perc": 0.010702113156100887, "local_perc": 0.026335653778411475}, "KERALA": {"global_perc": 0.005893909626719057, "local_perc": 0.0005032290530906651}, "MADHYA PRADESH": {"global_perc": 0.006174525982186766, "local_perc": 0.02843244149962258}, "MANIPUR": {"global_perc": 0.02905850445563735, "local_perc": 0.006290363163633314}, "MIZORAM": {"global_perc": 0.004819277108433735, "local_perc": 0.00033548603539377674}, "Maharashtra": {"global_perc": 0.019603801671819535, "local_perc": 0.07179401157426822}, "Meghalaya": {"global_perc": 0.029828922357069746, "local_perc": 0.017109787805082613}, "NAGALAND": {"global_perc": 0.01680672268907563, "local_perc": 0.0020129162123626605}, "ODISHA": {"global_perc": 0.03502036520959601, "local_perc": 0.1507171014006542}, "Punjab": {"global_perc": 0.003258882441777283, "local_perc": 0.0034387318627862114}, "RAJASTHAN": {"global_perc": 0.006738001432664757, "local_perc": 0.0252453241633817}, "TRIPURA": {"global_perc": 0.002285714285714286, "local_perc": 0.00016774301769688837}, "Tamil Nadu": {"global_perc": 0.0048188247074285, "local_perc": 0.0064581061813302025}, "UTTAR PRADESH": {"global_perc": 0.013664375222432428, "local_perc": 0.12236853140988006}, "UTTARAKHAND": {"global_perc": 0.14690644911570297, "local_perc": 0.2069110123291118}, "West Bengal": {"global_perc": 0.00634044457705505, "local_perc": 0.021387234756353266}}, "partition_field": "Stat_Nam", "Vil_Nam": "Karot  (275)", "Stat_Nam": "HIMACHAL PRADESH"}, {"data": [["Tot_Mal_Pop_of_Vil", 861.0], ["Tot_Pop_of_Vil", 1180.0], 0.7296610169491525], "data_low": {"Stat_Nam": "UTTARAKHAND", "Vil_Nam": "Saldang", "Tot_Pop_of_Vil": "13", "Tot_Mal_Pop_of_Vil": "10", "id": 45352}, "data_high": {"Stat_Nam": "ASSAM", "Vil_Nam": "Upper Dillaji (Teron Gaon)", "Tot_Pop_of_Vil": "1315", "Tot_Mal_Pop_of_Vil": "996", "id": 295469}, "perc": 0.10951864787827692, "metric": 198.05178841694539, "value_global_local": {"ANDAMAN & NICOBAR ISLANDS": {"global_perc": 0.018018018018018018, "local_perc": 0.01466275659824047}, "ANDHRA PRADESH": {"global_perc": 0.0008633093525179857, "local_perc": 0.03519061583577713}, "ASSAM": {"global_perc": 0.0012123508240197006, "local_perc": 0.0469208211143695}, "Arunachal Pradesh": {"global_perc": 0.007156915369475756, "local_perc": 0.05865102639296188}, "BIHAR": {"global_perc": 0.00026741542987030354, "local_perc": 0.017595307917888565}, "CHHATTISGARH": {"global_perc": 0.0004968697207592169, "local_perc": 0.01466275659824047}, "DAMAN & DIU": {"global_perc": 0.05263157894736842, "local_perc": 0.001466275659824047}, "HARYANA": {"global_perc": 0.00087706475661453, "local_perc": 0.008797653958944282}, "HIMACHAL PRADESH": {"global_perc": 0.003431609473175447, "local_perc": 0.10410557184750734}, "JAMMU & KASHMIR": {"global_perc": 0.0045780558522813975, "local_perc": 0.04398826979472141}, "JHARKHAND": {"global_perc": 0.0007408779403593258, "local_perc": 0.03519061583577713}, "KARNATAKA": {"global_perc": 0.0009202453987730061, "local_perc": 0.039589442815249266}, "MADHYA PRADESH": {"global_perc": 0.0010381946341729961, "local_perc": 0.08357771260997067}, "MANIPUR": {"global_perc": 0.004261913986826811, "local_perc": 0.016129032258064516}, "Maharashtra": {"global_perc": 0.0007099507614794458, "local_perc": 0.045454545454545456}, "Meghalaya": {"global_perc": 0.0007311010381634742, "local_perc": 0.007331378299120235}, "NAGALAND": {"global_perc": 0.004201680672268907, "local_perc": 0.008797653958944282}, "ODISHA": {"global_perc": 0.0009549237035449107, "local_perc": 0.0718475073313783}, "Punjab": {"global_perc": 0.0007153644384389158, "local_perc": 0.013196480938416423}, "RAJASTHAN": {"global_perc": 0.0008730300859598854, "local_perc": 0.05718475073313783}, "SIKKIM": {"global_perc": 0.008869179600886918, "local_perc": 0.005865102639296188}, "TRIPURA": {"global_perc": 0.001142857142857143, "local_perc": 0.001466275659824047}, "Tamil Nadu": {"global_perc": 0.00031291069528756495, "local_perc": 0.007331378299120235}, "UTTAR PRADESH": {"global_perc": 0.0009740198924831888, "local_perc": 0.15249266862170088}, "UTTARAKHAND": {"global_perc": 0.0033942714226165662, "local_perc": 0.08357771260997067}, "West Bengal": {"global_perc": 0.00042269630513700336, "local_perc": 0.024926686217008796}}, "partition_field": "Stat_Nam", "Vil_Nam": "Uchathol", "Stat_Nam": "MANIPUR"}, {"data": [["Tot_Mal_Pop_of_Vil", 1019.0], ["Tot_Pop_of_Vil", 1146.0], 0.8891797556719022], "data_low": {"Stat_Nam": "UTTARAKHAND", "Vil_Nam": "Bhingrad Range", "Tot_Pop_of_Vil": "12", "Tot_Mal_Pop_of_Vil": "10", "id": 53809}, "data_high": {"Stat_Nam": "ASSAM", "Vil_Nam": "Medhi-Chapori", "Tot_Pop_of_Vil": "111", "Tot_Mal_Pop_of_Vil": "98", "id": 303782}, "perc": 0.02505118631819824, "metric": 225.72035171049197, "value_global_local": {"ANDAMAN & NICOBAR ISLANDS": {"global_perc": 0.005405405405405406, "local_perc": 0.019230769230769232}, "ANDHRA PRADESH": {"global_perc": 0.00017985611510791367, "local_perc": 0.03205128205128205}, "ASSAM": {"global_perc": 0.0004167455957567721, "local_perc": 0.07051282051282051}, "Arunachal Pradesh": {"global_perc": 0.0021470746108427268, "local_perc": 0.07692307692307693}, "BIHAR": {"global_perc": 8.91384766234345e-05, "local_perc": 0.02564102564102564}, "CHHATTISGARH": {"global_perc": 4.9686972075921695e-05, "local_perc": 0.00641025641025641}, "HARYANA": {"global_perc": 0.000438532378307265, "local_perc": 0.019230769230769232}, "HIMACHAL PRADESH": {"global_perc": 0.0006766553890768487, "local_perc": 0.08974358974358974}, "JAMMU & KASHMIR": {"global_perc": 0.0022890279261406988, "local_perc": 0.09615384615384616}, "JHARKHAND": {"global_perc": 9.260974254491573e-05, "local_perc": 0.019230769230769232}, "KARNATAKA": {"global_perc": 0.00017041581458759374, "local_perc": 0.03205128205128205}, "MADHYA PRADESH": {"global_perc": 0.00010928364570242063, "local_perc": 0.038461538461538464}, "MANIPUR": {"global_perc": 0.0007748934521503294, "local_perc": 0.01282051282051282}, "Maharashtra": {"global_perc": 0.00016031146226955229, "local_perc": 0.04487179487179487}, "Meghalaya": {"global_perc": 0.0004386606228980845, "local_perc": 0.019230769230769232}, "NAGALAND": {"global_perc": 0.0007002801120448179, "local_perc": 0.00641025641025641}, "ODISHA": {"global_perc": 0.00015590591078284256, "local_perc": 0.05128205128205128}, "Punjab": {"global_perc": 0.00023845481281297194, "local_perc": 0.019230769230769232}, "RAJASTHAN": {"global_perc": 0.00022385386819484242, "local_perc": 0.0641025641025641}, "SIKKIM": {"global_perc": 0.0066518847006651885, "local_perc": 0.019230769230769232}, "TRIPURA": {"global_perc": 0.002285714285714286, "local_perc": 0.01282051282051282}, "Tamil Nadu": {"global_perc": 0.00012516427811502597, "local_perc": 0.01282051282051282}, "UTTAR PRADESH": {"global_perc": 0.00014048363833892147, "local_perc": 0.09615384615384616}, "UTTARAKHAND": {"global_perc": 0.0010123265646400286, "local_perc": 0.10897435897435898}, "West Bengal": {"global_perc": 2.4864488537470783e-05, "local_perc": 0.00641025641025641}}, "partition_field": "Stat_Nam", "Vil_Nam": "Banjara", "Stat_Nam": "ODISHA"}]