[{"data": [["Dis_Par_Med_Staf_In_Pos_Num", 0.0], ["Dis_Par_Med_Staf_Tot_Stren_Num", 3.0], 0.0], "data_low": {"Stat_Nam": "JAMMU & KASHMIR", "Vil_Nam": "Thang Dumbur", "Dis_Par_Med_Staf_Tot_Stren_Num": "3", "Dis_Par_Med_Staf_In_Pos_Num": "", "id": 1024}, "data_high": {"Stat_Nam": "JAMMU & KASHMIR", "Vil_Nam": "Liktse", "Dis_Par_Med_Staf_Tot_Stren_Num": "3", "Dis_Par_Med_Staf_In_Pos_Num": "0", "id": 871}, "perc": 0.08446746156007869, "metric": 99.91553353779511, "value_global_local": {"ANDAMAN & NICOBAR ISLANDS": {"global_perc": 0.0018018018018018018, "local_perc": 0.0019011406844106464}, "ASSAM": {"global_perc": 3.7885963250615644e-05, "local_perc": 0.0019011406844106464}, "BIHAR": {"global_perc": 6.685385746757588e-05, "local_perc": 0.005703422053231939}, "CHHATTISGARH": {"global_perc": 0.0040743317102255785, "local_perc": 0.155893536121673}, "HIMACHAL PRADESH": {"global_perc": 0.006283228612856452, "local_perc": 0.24714828897338403}, "JAMMU & KASHMIR": {"global_perc": 0.00564626888448039, "local_perc": 0.07034220532319392}, "JHARKHAND": {"global_perc": 0.0006791381119960486, "local_perc": 0.04182509505703422}, "MADHYA PRADESH": {"global_perc": 0.00025499517330564815, "local_perc": 0.026615969581749048}, "MIZORAM": {"global_perc": 0.021686746987951807, "local_perc": 0.034220532319391636}, "NAGALAND": {"global_perc": 0.0007002801120448179, "local_perc": 0.0019011406844106464}, "TRIPURA": {"global_perc": 0.006857142857142857, "local_perc": 0.011406844106463879}, "UTTAR PRADESH": {"global_perc": 0.0010208477719294959, "local_perc": 0.20722433460076045}, "West Bengal": {"global_perc": 0.00253617783082202, "local_perc": 0.19391634980988592}}, "partition_field": "Stat_Nam", "Vil_Nam": "Liktse", "Stat_Nam": "JAMMU & KASHMIR"}, {"data": [["Dis_Par_Med_Staf_In_Pos_Num", 1.0], ["Dis_Par_Med_Staf_Tot_Stren_Num", 5.0], 0.2], "data_low": {"Stat_Nam": "JAMMU & KASHMIR", "Vil_Nam": "Dablehar", "Dis_Par_Med_Staf_Tot_Stren_Num": "5", "Dis_Par_Med_Staf_In_Pos_Num": "1", "id": 5968}, "data_high": {"Stat_Nam": "JAMMU & KASHMIR", "Vil_Nam": "Dablehar", "Dis_Par_Med_Staf_Tot_Stren_Num": "5", "Dis_Par_Med_Staf_In_Pos_Num": "1", "id": 5968}, "perc": 0.0027299369705728856, "metric": 99.99727086316761, "value_global_local": {}, "partition_field": null, "Vil_Nam": "Dablehar", "Stat_Nam": "JAMMU & KASHMIR"}, {"data": [["Dis_Par_Med_Staf_In_Pos_Num", 1.0], ["Dis_Par_Med_Staf_Tot_Stren_Num", 3.0], 0.3333333333333333], "data_low": {"Stat_Nam": "JAMMU & KASHMIR", "Vil_Nam": "Sogam", "Dis_Par_Med_Staf_Tot_Stren_Num": "3", "Dis_Par_Med_Staf_In_Pos_Num": "1", "id": 780}, "data_high": {"Stat_Nam": "Tamil Nadu", "Vil_Nam": "Inamkiliyur", "Dis_Par_Med_Staf_Tot_Stren_Num": "12", "Dis_Par_Med_Staf_In_Pos_Num": "4", "id": 615195}, "perc": 0.01252559315909912, "metric": 99.98747507355739, "value_global_local": {"ASSAM": {"global_perc": 3.7885963250615644e-05, "local_perc": 0.01282051282051282}, "BIHAR": {"global_perc": 2.2284619155858625e-05, "local_perc": 0.01282051282051282}, "HIMACHAL PRADESH": {"global_perc": 9.666505558240696e-05, "local_perc": 0.02564102564102564}, "JAMMU & KASHMIR": {"global_perc": 0.0018312223409125592, "local_perc": 0.15384615384615385}, "JHARKHAND": {"global_perc": 6.173982836327716e-05, "local_perc": 0.02564102564102564}, "KARNATAKA": {"global_perc": 0.0005453306066803, "local_perc": 0.20512820512820512}, "KERALA": {"global_perc": 0.003929273084479371, "local_perc": 0.05128205128205128}, "MADHYA PRADESH": {"global_perc": 1.821394095040344e-05, "local_perc": 0.01282051282051282}, "MANIPUR": {"global_perc": 0.0007748934521503294, "local_perc": 0.02564102564102564}, "NCT OF DELHI": {"global_perc": 0.008928571428571428, "local_perc": 0.01282051282051282}, "Punjab": {"global_perc": 0.0009538192512518877, "local_perc": 0.15384615384615385}, "SIKKIM": {"global_perc": 0.013303769401330377, "local_perc": 0.07692307692307693}, "TRIPURA": {"global_perc": 0.009142857142857144, "local_perc": 0.10256410256410256}, "Tamil Nadu": {"global_perc": 0.00018774641717253895, "local_perc": 0.038461538461538464}, "UTTAR PRADESH": {"global_perc": 2.809672766778429e-05, "local_perc": 0.038461538461538464}, "UTTARAKHAND": {"global_perc": 0.0001190972428988269, "local_perc": 0.02564102564102564}, "West Bengal": {"global_perc": 4.972897707494157e-05, "local_perc": 0.02564102564102564}}, "partition_field": "Stat_Nam", "Vil_Nam": "Sogam", "Stat_Nam": "JAMMU & KASHMIR"}, {"data": [["Dis_Par_Med_Staf_In_Pos_Num", 1.0], ["Dis_Par_Med_Staf_Tot_Stren_Num", 2.0], 0.5], "data_low": {"Stat_Nam": "JAMMU & KASHMIR", "Vil_Nam": "Khurhama", "Dis_Par_Med_Staf_Tot_Stren_Num": "2", "Dis_Par_Med_Staf_In_Pos_Num": "1", "id": 15}, "data_high": {"Stat_Nam": "JAMMU & KASHMIR", "Vil_Nam": "Tareru", "Dis_Par_Med_Staf_Tot_Stren_Num": "12", "Dis_Par_Med_Staf_In_Pos_Num": "7", "id": 1503}, "perc": 0.3457384880966719, "metric": 99.6542620102743, "value_global_local": {"ANDAMAN & NICOBAR ISLANDS": {"global_perc": 0.0018018018018018018, "local_perc": 0.00046446818392940084}, "ANDHRA PRADESH": {"global_perc": 3.597122302158273e-05, "local_perc": 0.00046446818392940084}, "ASSAM": {"global_perc": 0.0007577192650123129, "local_perc": 0.009289363678588018}, "BIHAR": {"global_perc": 0.0004234077639613139, "local_perc": 0.008824895494658615}, "CHHATTISGARH": {"global_perc": 9.937394415184339e-05, "local_perc": 0.0009289363678588017}, "HARYANA": {"global_perc": 0.01578716561906154, "local_perc": 0.05016256386437529}, "HIMACHAL PRADESH": {"global_perc": 0.024746254229096182, "local_perc": 0.23780771017185323}, "JAMMU & KASHMIR": {"global_perc": 0.009003509842820083, "local_perc": 0.02740362285183465}, "JHARKHAND": {"global_perc": 0.0015434957090819288, "local_perc": 0.023223409196470042}, "KARNATAKA": {"global_perc": 0.0027948193592365373, "local_perc": 0.03808639108221087}, "KERALA": {"global_perc": 0.01669941060903733, "local_perc": 0.007895959126799815}, "MADHYA PRADESH": {"global_perc": 0.00016392546855363094, "local_perc": 0.0041802136553646075}, "MANIPUR": {"global_perc": 0.0027121270825261525, "local_perc": 0.003251277287505806}, "NAGALAND": {"global_perc": 0.0028011204481792717, "local_perc": 0.0018578727357176034}, "NCT OF DELHI": {"global_perc": 0.017857142857142856, "local_perc": 0.0009289363678588017}, "ODISHA": {"global_perc": 0.0201508389686824, "local_perc": 0.48026010218300047}, "Punjab": {"global_perc": 0.005563945632302679, "local_perc": 0.032512772875058056}, "RAJASTHAN": {"global_perc": 4.477077363896848e-05, "local_perc": 0.0009289363678588017}, "SIKKIM": {"global_perc": 0.008869179600886918, "local_perc": 0.0018578727357176034}, "TRIPURA": {"global_perc": 0.061714285714285715, "local_perc": 0.025081281932187643}, "Tamil Nadu": {"global_perc": 0.0027536141185305714, "local_perc": 0.020436600092893636}, "UTTAR PRADESH": {"global_perc": 0.0001217524865603986, "local_perc": 0.006038086391082211}, "UTTARAKHAND": {"global_perc": 0.0014291669147859227, "local_perc": 0.01114723641430562}, "West Bengal": {"global_perc": 0.00037296732806206176, "local_perc": 0.006967022758941012}}, "partition_field": "Stat_Nam", "Vil_Nam": "Khurhama", "Stat_Nam": "JAMMU & KASHMIR"}, {"data": [["Dis_Par_Med_Staf_In_Pos_Num", 5.0], ["Dis_Par_Med_Staf_Tot_Stren_Num", 8.0], 0.625], "data_low": {"Stat_Nam": "KERALA", "Vil_Nam": "Ramamangalam", "Dis_Par_Med_Staf_Tot_Stren_Num": "14", "Dis_Par_Med_Staf_In_Pos_Num": "10", "id": 605686}, "data_high": {"Stat_Nam": "Tamil Nadu", "Vil_Nam": "Veerapandi", "Dis_Par_Med_Staf_Tot_Stren_Num": "12", "Dis_Par_Med_Staf_In_Pos_Num": "8", "id": 611419}, "perc": 0.09635071660845478, "metric": 99.90364965810517, "value_global_local": {"": {"global_perc": 0.0011019854937240582, "local_perc": 0.9566666666666667}, "BADOLI": {"global_perc": 0.09090909090909091, "local_perc": 0.0016666666666666668}, "BANGANA": {"global_perc": 0.0625, "local_perc": 0.0016666666666666668}, "BHATWARA": {"global_perc": 0.16666666666666666, "local_perc": 0.0016666666666666668}, "CHAMIYARI": {"global_perc": 1.0, "local_perc": 0.0016666666666666668}, "CHAMOLI": {"global_perc": 0.5, "local_perc": 0.0016666666666666668}, "DAIRA": {"global_perc": 1.0, "local_perc": 0.0016666666666666668}, "DHNGULI": {"global_perc": 1.0, "local_perc": 0.0016666666666666668}, "DIGOLIKHAL": {"global_perc": 0.125, "local_perc": 0.0016666666666666668}, "DUDHANA GHIRTHAN": {"global_perc": 0.5, "local_perc": 0.0016666666666666668}, "GHURET": {"global_perc": 1.0, "local_perc": 0.0016666666666666668}, "GOVINDAMPALAYAM": {"global_perc": 0.5, "local_perc": 0.0016666666666666668}, "GUMMIDIPOONDI": {"global_perc": 0.5, "local_perc": 0.0016666666666666668}, "GURPHALI": {"global_perc": 1.0, "local_perc": 0.0016666666666666668}, "KHAJURIGUDA": {"global_perc": 1.0, "local_perc": 0.0016666666666666668}, "KOTLU": {"global_perc": 0.3333333333333333, "local_perc": 0.0016666666666666668}, "KOTTARAM": {"global_perc": 1.0, "local_perc": 0.0016666666666666668}, "KUJJI": {"global_perc": 0.5, "local_perc": 0.0016666666666666668}, "LAKHWAR": {"global_perc": 0.25, "local_perc": 0.0016666666666666668}, "MALAU": {"global_perc": 1.0, "local_perc": 0.0016666666666666668}, "NATHAN": {"global_perc": 0.5, "local_perc": 0.0016666666666666668}, "PALLIKKADU": {"global_perc": 1.0, "local_perc": 0.0016666666666666668}, "PAREWA T. KISHANI": {"global_perc": 1.0, "local_perc": 0.0016666666666666668}, "POWARKHALI": {"global_perc": 0.14285714285714285, "local_perc": 0.0016666666666666668}, "RANIPOKHRI": {"global_perc": 0.25, "local_perc": 0.0016666666666666668}, "RITHAKHAL": {"global_perc": 0.2, "local_perc": 0.0016666666666666668}, "SIRUVADI": {"global_perc": 1.0, "local_perc": 0.0016666666666666668}}, "partition_field": "Near_Vil_Tow_Nam_hav_Prim_School", "Vil_Nam": "Nakot", "Stat_Nam": "UTTARAKHAND"}, {"data": [["Dis_Par_Med_Staf_In_Pos_Num", 8.0], ["Dis_Par_Med_Staf_Tot_Stren_Num", 11.0], 0.7272727272727273], "data_low": {"Stat_Nam": "Tamil Nadu", "Vil_Nam": "Orathur", "Dis_Par_Med_Staf_Tot_Stren_Num": "15", "Dis_Par_Med_Staf_In_Pos_Num": "12", "id": 613244}, "data_high": {"Stat_Nam": "Tamil Nadu", "Vil_Nam": "Vathanakurichi", "Dis_Par_Med_Staf_Tot_Stren_Num": "12", "Dis_Par_Med_Staf_In_Pos_Num": "9", "id": 616692}, "perc": 0.10566461921393874, "metric": 99.89433565327964, "value_global_local": {"": {"global_perc": 0.0012440533099881354, "local_perc": 0.9848024316109423}, "ANDIPATTI": {"global_perc": 0.25, "local_perc": 0.001519756838905775}, "BALAK RUPI": {"global_perc": 0.5, "local_perc": 0.001519756838905775}, "BHATWARA": {"global_perc": 0.16666666666666666, "local_perc": 0.001519756838905775}, "BHERI": {"global_perc": 0.16666666666666666, "local_perc": 0.001519756838905775}, "CHIRLAKOPPA": {"global_perc": 1.0, "local_perc": 0.001519756838905775}, "DAKOON": {"global_perc": 1.0, "local_perc": 0.001519756838905775}, "KULLATHILVAI": {"global_perc": 0.3333333333333333, "local_perc": 0.001519756838905775}, "MELPAKKAM": {"global_perc": 0.5, "local_perc": 0.001519756838905775}, "NAUGAON": {"global_perc": 0.125, "local_perc": 0.001519756838905775}, "VADAKATTUPATTI": {"global_perc": 1.0, "local_perc": 0.001519756838905775}}, "partition_field": "Near_Vil_Tow_Nam_hav_Prim_School", "Vil_Nam": "Avalurpet", "Stat_Nam": "Tamil Nadu"}, {"data": [["Dis_Par_Med_Staf_In_Pos_Num", 5.0], ["Dis_Par_Med_Staf_Tot_Stren_Num", 6.0], 0.8333333333333334], "data_low": {"Stat_Nam": "Tamil Nadu", "Vil_Nam": "Panjetty", "Dis_Par_Med_Staf_Tot_Stren_Num": "12", "Dis_Par_Med_Staf_In_Pos_Num": "10", "id": 606277}, "data_high": {"Stat_Nam": "Tamil Nadu", "Vil_Nam": "Vallipuram", "Dis_Par_Med_Staf_Tot_Stren_Num": "10", "Dis_Par_Med_Staf_In_Pos_Num": "9", "id": 607410}, "perc": 0.05299289413465012, "metric": 99.94700727247702, "value_global_local": {"": {"global_perc": 0.0006316258317686675, "local_perc": 0.996969696969697}, "VELLALAPATTI": {"global_perc": 0.5, "local_perc": 0.0030303030303030303}}, "partition_field": "Near_Vil_Tow_Nam_hav_Prim_School", "Vil_Nam": "Hayihama", "Stat_Nam": "JAMMU & KASHMIR"}, {"data": [["Dis_Par_Med_Staf_In_Pos_Num", 20.0], ["Dis_Par_Med_Staf_Tot_Stren_Num", 21.0], 0.9523809523809523], "data_low": {"Stat_Nam": "JAMMU & KASHMIR", "Vil_Nam": "Tung Check", "Dis_Par_Med_Staf_Tot_Stren_Num": "1", "Dis_Par_Med_Staf_In_Pos_Num": "1", "id": 37}, "data_high": {"Stat_Nam": "JAMMU & KASHMIR", "Vil_Nam": "Lach Khazana", "Dis_Par_Med_Staf_Tot_Stren_Num": "9", "Dis_Par_Med_Staf_In_Pos_Num": "9", "id": 4604}, "perc": 2.5219800072263037, "metric": 97.47802003920108, "value_global_local": {"": {"global_perc": 0.02936964125956558, "local_perc": 0.9740846864056033}, "ADHARPUR": {"global_perc": 0.25, "local_perc": 6.367398917542184e-05}, "AHMEDGARH": {"global_perc": 1.0, "local_perc": 6.367398917542184e-05}, "AILEE": {"global_perc": 1.0, "local_perc": 6.367398917542184e-05}, "AKBARNAGAR": {"global_perc": 0.1111111111111111, "local_perc": 6.367398917542184e-05}, "ALAKDIHA": {"global_perc": 0.5, "local_perc": 6.367398917542184e-05}, "ALAM": {"global_perc": 1.0, "local_perc": 6.367398917542184e-05}, "ALIPUR BIHTA": {"global_perc": 1.0, "local_perc": 6.367398917542184e-05}, "AMADIH": {"global_perc": 1.0, "local_perc": 6.367398917542184e-05}, "AMBATIKA": {"global_perc": 0.5, "local_perc": 6.367398917542184e-05}, "AMRAPARA": {"global_perc": 1.0, "local_perc": 6.367398917542184e-05}, "ARALAPURA": {"global_perc": 1.0, "local_perc": 6.367398917542184e-05}, "ARITAR DUNG DUNG": {"global_perc": 1.0, "local_perc": 6.367398917542184e-05}, "ARWO": {"global_perc": 1.0, "local_perc": 6.367398917542184e-05}, "ASHARAM PAR": {"global_perc": 0.5, "local_perc": 6.367398917542184e-05}, "ASHMUKAM": {"global_perc": 0.2, "local_perc": 6.367398917542184e-05}, "ASU": {"global_perc": 1.0, "local_perc": 6.367398917542184e-05}, "AURANGABAD": {"global_perc": 0.058823529411764705, "local_perc": 6.367398917542184e-05}, "BADAL": {"global_perc": 1.0, "local_perc": 6.367398917542184e-05}, "BADDI": {"global_perc": 0.5, "local_perc": 6.367398917542184e-05}, "BAGGA": {"global_perc": 1.0, "local_perc": 6.367398917542184e-05}, "BAGGI": {"global_perc": 0.16666666666666666, "local_perc": 6.367398917542184e-05}, "BAGHA": {"global_perc": 0.25, "local_perc": 6.367398917542184e-05}, "BAHADURPUR": {"global_perc": 0.023809523809523808, "local_perc": 6.367398917542184e-05}, "BAHARAGORA": {"global_perc": 0.125, "local_perc": 6.367398917542184e-05}, "BAHERA": {"global_perc": 0.07692307692307693, "local_perc": 6.367398917542184e-05}, "BAHUARA": {"global_perc": 0.14285714285714285, "local_perc": 6.367398917542184e-05}, "BAKHRUNDA": {"global_perc": 0.2, "local_perc": 6.367398917542184e-05}, "BALDWARA": {"global_perc": 0.14285714285714285, "local_perc": 6.367398917542184e-05}, "BALLAGAN": {"global_perc": 1.0, "local_perc": 6.367398917542184e-05}, "BALYAH": {"global_perc": 0.5, "local_perc": 0.00012734797835084368}, "BAMBOOFLAT": {"global_perc": 1.0, "local_perc": 6.367398917542184e-05}, "BAMMI": {"global_perc": 1.0, "local_perc": 6.367398917542184e-05}, "BANAHATTI": {"global_perc": 1.0, "local_perc": 6.367398917542184e-05}, "BANDLA": {"global_perc": 0.3333333333333333, "local_perc": 6.367398917542184e-05}, "BANDROL": {"global_perc": 0.3333333333333333, "local_perc": 6.367398917542184e-05}, "BANE DI HATTI": {"global_perc": 0.2857142857142857, "local_perc": 0.00012734797835084368}, "BANGA": {"global_perc": 0.5, "local_perc": 6.367398917542184e-05}, "BANGANA": {"global_perc": 0.0625, "local_perc": 6.367398917542184e-05}, "BANI": {"global_perc": 0.0625, "local_perc": 6.367398917542184e-05}, "BARAILA": {"global_perc": 0.4, "local_perc": 0.00012734797835084368}, "BARARA": {"global_perc": 0.5, "local_perc": 6.367398917542184e-05}, "BARTO": {"global_perc": 0.5, "local_perc": 6.367398917542184e-05}, "BASARKE GILLAN": {"global_perc": 1.0, "local_perc": 6.367398917542184e-05}, "BASDIHAGOPAL": {"global_perc": 0.5, "local_perc": 6.367398917542184e-05}, "BASEDOUR": {"global_perc": 0.3333333333333333, "local_perc": 6.367398917542184e-05}, "BASINI": {"global_perc": 1.0, "local_perc": 6.367398917542184e-05}, "BATAHARI": {"global_perc": 0.5, "local_perc": 6.367398917542184e-05}, "BAWAL": {"global_perc": 0.5, "local_perc": 6.367398917542184e-05}, "BAZARKUNANG": {"global_perc": 0.25, "local_perc": 6.367398917542184e-05}, "BEAR KHURD": {"global_perc": 0.1, "local_perc": 6.367398917542184e-05}, "BEGUMSARAI": {"global_perc": 1.0, "local_perc": 6.367398917542184e-05}, "BELBARNA": {"global_perc": 0.6666666666666666, "local_perc": 0.00012734797835084368}, "BELHAN": {"global_perc": 0.3333333333333333, "local_perc": 6.367398917542184e-05}, "BHADAURA": {"global_perc": 0.14285714285714285, "local_perc": 6.367398917542184e-05}, "BHAGWAN PUR": {"global_perc": 0.16666666666666666, "local_perc": 6.367398917542184e-05}, "BHAIYADIH": {"global_perc": 1.0, "local_perc": 6.367398917542184e-05}, "BHAJNATH": {"global_perc": 1.0, "local_perc": 6.367398917542184e-05}, "BHAKERA": {"global_perc": 0.1111111111111111, "local_perc": 6.367398917542184e-05}, "BHAKHRA": {"global_perc": 1.0, "local_perc": 6.367398917542184e-05}, "BHANDRECH": {"global_perc": 0.25, "local_perc": 0.00012734797835084368}, "BHATOLI LAMIAN": {"global_perc": 0.5, "local_perc": 6.367398917542184e-05}, "BHATWAR": {"global_perc": 0.5, "local_perc": 6.367398917542184e-05}, "BHILOWAL": {"global_perc": 0.5, "local_perc": 6.367398917542184e-05}, "BHOPAL": {"global_perc": 0.3333333333333333, "local_perc": 6.367398917542184e-05}, "BHULE KHURD": {"global_perc": 1.0, "local_perc": 6.367398917542184e-05}, "BHUNGWAR": {"global_perc": 0.5, "local_perc": 6.367398917542184e-05}, "BHUNKAR": {"global_perc": 0.3333333333333333, "local_perc": 6.367398917542184e-05}, "BIGHBEHARA": {"global_perc": 0.25, "local_perc": 6.367398917542184e-05}, "BIHUN": {"global_perc": 0.5, "local_perc": 6.367398917542184e-05}, "BISHNUPUR": {"global_perc": 0.047619047619047616, "local_perc": 6.367398917542184e-05}, "BISNAH": {"global_perc": 0.2, "local_perc": 6.367398917542184e-05}, "BIZARI III": {"global_perc": 0.16666666666666666, "local_perc": 6.367398917542184e-05}, "BORA GAON": {"global_perc": 0.3333333333333333, "local_perc": 6.367398917542184e-05}, "BUDGADDA": {"global_perc": 0.5, "local_perc": 0.00012734797835084368}, "CHAK BAMUN": {"global_perc": 0.6666666666666666, "local_perc": 0.00012734797835084368}, "CHAK KARMAN": {"global_perc": 0.5, "local_perc": 6.367398917542184e-05}, "CHANAR BIGHA": {"global_perc": 0.2, "local_perc": 6.367398917542184e-05}, "CHAND": {"global_perc": 0.4, "local_perc": 0.00012734797835084368}, "CHANDI": {"global_perc": 0.04, "local_perc": 6.367398917542184e-05}, "CHANDLAPURA": {"global_perc": 1.0, "local_perc": 6.367398917542184e-05}, "CHANDPUR": {"global_perc": 0.02564102564102564, "local_perc": 6.367398917542184e-05}, "CHANDRI": {"global_perc": 0.1111111111111111, "local_perc": 6.367398917542184e-05}, "CHANGKI": {"global_perc": 1.0, "local_perc": 6.367398917542184e-05}, "CHAPRI": {"global_perc": 0.25, "local_perc": 6.367398917542184e-05}, "CHARADIH": {"global_perc": 1.0, "local_perc": 6.367398917542184e-05}, "CHARKHARI": {"global_perc": 0.5, "local_perc": 6.367398917542184e-05}, "CHARU": {"global_perc": 0.03571428571428571, "local_perc": 6.367398917542184e-05}, "CHAUNTRA": {"global_perc": 0.2, "local_perc": 6.367398917542184e-05}, "CHELA": {"global_perc": 0.25, "local_perc": 6.367398917542184e-05}, "CHHANGLA": {"global_perc": 0.2, "local_perc": 6.367398917542184e-05}, "CHHOTO JHILA": {"global_perc": 1.0, "local_perc": 6.367398917542184e-05}, "CHIKKUR": {"global_perc": 1.0, "local_perc": 6.367398917542184e-05}, "CHILOI": {"global_perc": 0.3333333333333333, "local_perc": 6.367398917542184e-05}, "CHINGUS": {"global_perc": 1.0, "local_perc": 6.367398917542184e-05}, "CHORA": {"global_perc": 0.25, "local_perc": 6.367398917542184e-05}, "CHOTA SINGTAM": {"global_perc": 1.0, "local_perc": 6.367398917542184e-05}, "DAMADIH": {"global_perc": 0.5, "local_perc": 6.367398917542184e-05}, "DARKOTI": {"global_perc": 0.2, "local_perc": 6.367398917542184e-05}, "DASOLI UPPARLI": {"global_perc": 0.5, "local_perc": 6.367398917542184e-05}, "DEDUWA": {"global_perc": 1.0, "local_perc": 6.367398917542184e-05}, "DEHLI": {"global_perc": 0.5, "local_perc": 6.367398917542184e-05}, "DEVARIYA": {"global_perc": 0.125, "local_perc": 6.367398917542184e-05}, "DEWARIYA": {"global_perc": 0.5, "local_perc": 6.367398917542184e-05}, "DHARIYA": {"global_perc": 1.0, "local_perc": 6.367398917542184e-05}, "DHARKANHA KHURD": {"global_perc": 0.09090909090909091, "local_perc": 6.367398917542184e-05}, "DHATI": {"global_perc": 0.16666666666666666, "local_perc": 6.367398917542184e-05}, "DHATO GHRAN": {"global_perc": 0.5, "local_perc": 6.367398917542184e-05}, "DHAVALESHWAR": {"global_perc": 1.0, "local_perc": 6.367398917542184e-05}, "DHIRHWIN": {"global_perc": 1.0, "local_perc": 6.367398917542184e-05}, "DIWANE": {"global_perc": 1.0, "local_perc": 6.367398917542184e-05}, "DIYAL": {"global_perc": 1.0, "local_perc": 6.367398917542184e-05}, "DODIYAL": {"global_perc": 0.5, "local_perc": 6.367398917542184e-05}, "DUIKASAI": {"global_perc": 1.0, "local_perc": 6.367398917542184e-05}, "Dhaliwal Bet": {"global_perc": 1.0, "local_perc": 0.00012734797835084368}, "EAKHARA": {"global_perc": 1.0, "local_perc": 6.367398917542184e-05}, "EKTARA": {"global_perc": 0.16666666666666666, "local_perc": 6.367398917542184e-05}, "Erumeli": {"global_perc": 1.0, "local_perc": 6.367398917542184e-05}, "FATEHPUR": {"global_perc": 0.031746031746031744, "local_perc": 0.00012734797835084368}, "FATTUWALA": {"global_perc": 1.0, "local_perc": 6.367398917542184e-05}, "FULANG": {"global_perc": 0.3333333333333333, "local_perc": 6.367398917542184e-05}, "GACHRA": {"global_perc": 1.0, "local_perc": 6.367398917542184e-05}, "GADARIYA": {"global_perc": 1.0, "local_perc": 6.367398917542184e-05}, "GADIARA": {"global_perc": 0.08333333333333333, "local_perc": 6.367398917542184e-05}, "GAHAR": {"global_perc": 0.07692307692307693, "local_perc": 6.367398917542184e-05}, "GAJADHARPUR": {"global_perc": 0.125, "local_perc": 6.367398917542184e-05}, "GAJODIH": {"global_perc": 1.0, "local_perc": 6.367398917542184e-05}, "GANGDIH": {"global_perc": 1.0, "local_perc": 6.367398917542184e-05}, "GANGHARA": {"global_perc": 0.5, "local_perc": 6.367398917542184e-05}, "GARALAG": {"global_perc": 1.0, "local_perc": 6.367398917542184e-05}, "GARHWA": {"global_perc": 0.14285714285714285, "local_perc": 6.367398917542184e-05}, "GAUHARPUR": {"global_perc": 0.3333333333333333, "local_perc": 6.367398917542184e-05}, "GHANU": {"global_perc": 0.5, "local_perc": 6.367398917542184e-05}, "GIGENAHALLI": {"global_perc": 0.5, "local_perc": 6.367398917542184e-05}, "GOH": {"global_perc": 0.2, "local_perc": 6.367398917542184e-05}, "GOPICHAK": {"global_perc": 1.0, "local_perc": 6.367398917542184e-05}, "GUDRI": {"global_perc": 0.25, "local_perc": 6.367398917542184e-05}, "GULEHAN": {"global_perc": 1.0, "local_perc": 6.367398917542184e-05}, "GULELA": {"global_perc": 0.2, "local_perc": 6.367398917542184e-05}, "GULELEA": {"global_perc": 1.0, "local_perc": 6.367398917542184e-05}, "GULHAN": {"global_perc": 1.0, "local_perc": 6.367398917542184e-05}, "GUMRU": {"global_perc": 0.3333333333333333, "local_perc": 6.367398917542184e-05}, "GURI": {"global_perc": 0.1111111111111111, "local_perc": 6.367398917542184e-05}, "GURIYALI": {"global_perc": 1.0, "local_perc": 6.367398917542184e-05}, "HAKHROLE": {"global_perc": 1.0, "local_perc": 6.367398917542184e-05}, "HALANA": {"global_perc": 1.0, "local_perc": 0.00012734797835084368}, "HAREHR": {"global_perc": 0.5, "local_perc": 6.367398917542184e-05}, "HARHUA": {"global_perc": 0.6666666666666666, "local_perc": 0.00012734797835084368}, "HARIHARPUR": {"global_perc": 0.03225806451612903, "local_perc": 6.367398917542184e-05}, "HARIRAMPUR": {"global_perc": 0.14285714285714285, "local_perc": 6.367398917542184e-05}, "HARVADIH": {"global_perc": 1.0, "local_perc": 6.367398917542184e-05}, "HASAL": {"global_perc": 0.5, "local_perc": 6.367398917542184e-05}, "HAUCAK": {"global_perc": 0.16666666666666666, "local_perc": 6.367398917542184e-05}, "HIMTANA": {"global_perc": 1.0, "local_perc": 6.367398917542184e-05}, "Habibwal": {"global_perc": 1.0, "local_perc": 6.367398917542184e-05}, "IBRAHIMPUR": {"global_perc": 0.1, "local_perc": 6.367398917542184e-05}, "ICHAWA": {"global_perc": 1.0, "local_perc": 6.367398917542184e-05}, "INDAR": {"global_perc": 0.6666666666666666, "local_perc": 0.00012734797835084368}, "ISHAPUR": {"global_perc": 0.3333333333333333, "local_perc": 6.367398917542184e-05}, "JAGDISHPUR": {"global_perc": 0.024390243902439025, "local_perc": 6.367398917542184e-05}, "JAI DEVI": {"global_perc": 0.16666666666666666, "local_perc": 6.367398917542184e-05}, "JALALPUR NAURANGA": {"global_perc": 0.5, "local_perc": 6.367398917542184e-05}, "JALASAR": {"global_perc": 0.5, "local_perc": 6.367398917542184e-05}, "JAMARARI": {"global_perc": 0.3333333333333333, "local_perc": 6.367398917542184e-05}, "JAMUAMWAN": {"global_perc": 1.0, "local_perc": 6.367398917542184e-05}, "JAMUIATANR": {"global_perc": 1.0, "local_perc": 6.367398917542184e-05}, "JANDRU": {"global_perc": 0.5, "local_perc": 6.367398917542184e-05}, "JANGLIANA": {"global_perc": 0.5, "local_perc": 6.367398917542184e-05}, "JAROLA": {"global_perc": 0.5, "local_perc": 6.367398917542184e-05}, "JASYAL": {"global_perc": 0.25, "local_perc": 6.367398917542184e-05}, "JAWALGAON MALLA": {"global_perc": 1.0, "local_perc": 6.367398917542184e-05}, "JHAKOTA": {"global_perc": 0.8571428571428571, "local_perc": 0.00038204393505253105}, "JHAMKE": {"global_perc": 1.0, "local_perc": 6.367398917542184e-05}, "JHANJIDIH": {"global_perc": 1.0, "local_perc": 6.367398917542184e-05}, "JINDRI": {"global_perc": 0.3333333333333333, "local_perc": 6.367398917542184e-05}, "JOL SAPAR": {"global_perc": 0.25, "local_perc": 6.367398917542184e-05}, "JUNKI": {"global_perc": 1.0, "local_perc": 6.367398917542184e-05}, "K. CHINGKHONG": {"global_perc": 0.25, "local_perc": 6.367398917542184e-05}, "KAHNU": {"global_perc": 0.25, "local_perc": 6.367398917542184e-05}, "KAKWARA": {"global_perc": 1.0, "local_perc": 6.367398917542184e-05}, "KALEWAL BAGTAN": {"global_perc": 0.5, "local_perc": 6.367398917542184e-05}, "KALLAR KATOCHAN": {"global_perc": 1.0, "local_perc": 0.00012734797835084368}, "KALLU SADARAHALLI": {"global_perc": 1.0, "local_perc": 6.367398917542184e-05}, "KANAIR": {"global_perc": 1.0, "local_perc": 6.367398917542184e-05}, "KANDHALA SHEIKAN": {"global_perc": 1.0, "local_perc": 6.367398917542184e-05}, "KANNAPUR HATTI": {"global_perc": 1.0, "local_perc": 6.367398917542184e-05}, "KAPINA": {"global_perc": 0.5, "local_perc": 6.367398917542184e-05}, "KARAMTOLI ALIAS MAHUA": {"global_perc": 1.0, "local_perc": 6.367398917542184e-05}, "KARIANA": {"global_perc": 1.0, "local_perc": 6.367398917542184e-05}, "KARLI KALH": {"global_perc": 0.2, "local_perc": 6.367398917542184e-05}, "KARMA": {"global_perc": 0.058823529411764705, "local_perc": 6.367398917542184e-05}, "KARMADAD": {"global_perc": 1.0, "local_perc": 6.367398917542184e-05}, "KATKAHI": {"global_perc": 1.0, "local_perc": 6.367398917542184e-05}, "KENGENAHALLI": {"global_perc": 1.0, "local_perc": 6.367398917542184e-05}, "KHAD KHAS": {"global_perc": 1.0, "local_perc": 6.367398917542184e-05}, "KHANDURA": {"global_perc": 0.5, "local_perc": 6.367398917542184e-05}, "KHANGSAR": {"global_perc": 1.0, "local_perc": 6.367398917542184e-05}, "KHARVIWADA": {"global_perc": 1.0, "local_perc": 6.367398917542184e-05}, "KHATNOL": {"global_perc": 1.0, "local_perc": 6.367398917542184e-05}, "KHEIRI": {"global_perc": 0.5, "local_perc": 6.367398917542184e-05}, "KHIRANWALI": {"global_perc": 0.5, "local_perc": 6.367398917542184e-05}, "KHUDA": {"global_perc": 0.5, "local_perc": 6.367398917542184e-05}, "KIRAWN": {"global_perc": 0.5, "local_perc": 6.367398917542184e-05}, "KONI": {"global_perc": 0.16666666666666666, "local_perc": 6.367398917542184e-05}, "KOPRA": {"global_perc": 0.3333333333333333, "local_perc": 6.367398917542184e-05}, "KOSDA": {"global_perc": 0.14285714285714285, "local_perc": 6.367398917542184e-05}, "KOT GANGURAI": {"global_perc": 1.0, "local_perc": 6.367398917542184e-05}, "KOTHI": {"global_perc": 0.08108108108108109, "local_perc": 0.00019102196752626553}, "KRISHAN GARH": {"global_perc": 0.1111111111111111, "local_perc": 6.367398917542184e-05}, "KUDHI": {"global_perc": 1.0, "local_perc": 6.367398917542184e-05}, "KUDKI": {"global_perc": 0.5, "local_perc": 6.367398917542184e-05}, "KUMARDUNGI": {"global_perc": 0.3333333333333333, "local_perc": 6.367398917542184e-05}, "KUMIZHI": {"global_perc": 1.0, "local_perc": 6.367398917542184e-05}, "KUNDIA": {"global_perc": 0.5, "local_perc": 6.367398917542184e-05}, "KUNGRI": {"global_perc": 1.0, "local_perc": 6.367398917542184e-05}, "KURAVEDIYA": {"global_perc": 1.0, "local_perc": 6.367398917542184e-05}, "KUTTI": {"global_perc": 1.0, "local_perc": 6.367398917542184e-05}, "KYARTU": {"global_perc": 0.5, "local_perc": 6.367398917542184e-05}, "KYOR": {"global_perc": 0.3333333333333333, "local_perc": 6.367398917542184e-05}, "Kalihand": {"global_perc": 1.0, "local_perc": 6.367398917542184e-05}, "LABANGARH": {"global_perc": 1.0, "local_perc": 6.367398917542184e-05}, "LALOWAL": {"global_perc": 1.0, "local_perc": 6.367398917542184e-05}, "LAPCHANG": {"global_perc": 0.5, "local_perc": 6.367398917542184e-05}, "LEHLI KHURD": {"global_perc": 0.3333333333333333, "local_perc": 6.367398917542184e-05}, "LOKOBOMI": {"global_perc": 1.0, "local_perc": 6.367398917542184e-05}, "LOLSUM": {"global_perc": 1.0, "local_perc": 6.367398917542184e-05}, "M. BAZAR": {"global_perc": 1.0, "local_perc": 6.367398917542184e-05}, "MAGALI": {"global_perc": 1.0, "local_perc": 6.367398917542184e-05}, "MAHDIPUR": {"global_perc": 0.5, "local_perc": 6.367398917542184e-05}, "MAHESPUR": {"global_perc": 1.0, "local_perc": 6.367398917542184e-05}, "MAHURI": {"global_perc": 0.5, "local_perc": 0.00012734797835084368}, "MAITHI": {"global_perc": 0.5, "local_perc": 6.367398917542184e-05}, "MAJHIGAWA": {"global_perc": 0.25, "local_perc": 6.367398917542184e-05}, "MAJRA KUND": {"global_perc": 1.0, "local_perc": 6.367398917542184e-05}, "MALANG": {"global_perc": 0.2, "local_perc": 6.367398917542184e-05}, "MALBANDI": {"global_perc": 0.5, "local_perc": 6.367398917542184e-05}, "MALHA": {"global_perc": 1.0, "local_perc": 6.367398917542184e-05}, "MALIHAPUR": {"global_perc": 1.0, "local_perc": 6.367398917542184e-05}, "MALOKHAR": {"global_perc": 0.5, "local_perc": 6.367398917542184e-05}, "MANHAL": {"global_perc": 0.2, "local_perc": 6.367398917542184e-05}, "MANJGRAN": {"global_perc": 0.5, "local_perc": 6.367398917542184e-05}, "MARARI KALA": {"global_perc": 1.0, "local_perc": 0.00012734797835084368}, "MASTI PALKOT": {"global_perc": 1.0, "local_perc": 6.367398917542184e-05}, "MATHENA": {"global_perc": 1.0, "local_perc": 6.367398917542184e-05}, "MAYAN GAON": {"global_perc": 1.0, "local_perc": 6.367398917542184e-05}, "MAYURHAND": {"global_perc": 0.75, "local_perc": 0.00019102196752626553}, "MERLE": {"global_perc": 1.0, "local_perc": 6.367398917542184e-05}, "MIADI KALAN": {"global_perc": 0.25, "local_perc": 6.367398917542184e-05}, "MIRJANPUR": {"global_perc": 1.0, "local_perc": 6.367398917542184e-05}, "MISRAULI": {"global_perc": 1.0, "local_perc": 6.367398917542184e-05}, "MO. SARAI ALI": {"global_perc": 1.0, "local_perc": 6.367398917542184e-05}, "MOHAM WALA": {"global_perc": 1.0, "local_perc": 6.367398917542184e-05}, "MOHANPUR": {"global_perc": 0.013333333333333334, "local_perc": 6.367398917542184e-05}, "MOZAL": {"global_perc": 0.5, "local_perc": 6.367398917542184e-05}, "MUKARI": {"global_perc": 1.0, "local_perc": 6.367398917542184e-05}, "MULEKALENAHALLI": {"global_perc": 0.1111111111111111, "local_perc": 6.367398917542184e-05}, "MUNAN": {"global_perc": 1.0, "local_perc": 6.367398917542184e-05}, "MUSTAFABAD": {"global_perc": 0.07692307692307693, "local_perc": 6.367398917542184e-05}, "Mulayam": {"global_perc": 1.0, "local_perc": 6.367398917542184e-05}, "N.A.": {"global_perc": 0.0012312938056450084, "local_perc": 0.0008277618592804839}, "NABINAGAR": {"global_perc": 0.25, "local_perc": 6.367398917542184e-05}, "NADICHAINE": {"global_perc": 1.0, "local_perc": 6.367398917542184e-05}, "NAINITAL": {"global_perc": 0.3333333333333333, "local_perc": 6.367398917542184e-05}, "NAND": {"global_perc": 0.125, "local_perc": 6.367398917542184e-05}, "NARAHUN": {"global_perc": 0.125, "local_perc": 6.367398917542184e-05}, "NARIAH": {"global_perc": 0.1111111111111111, "local_perc": 6.367398917542184e-05}, "NASRULLAHPUR": {"global_perc": 1.0, "local_perc": 0.00012734797835084368}, "NAURA KANDOL": {"global_perc": 0.6666666666666666, "local_perc": 0.00012734797835084368}, "NAWADA": {"global_perc": 0.03225806451612903, "local_perc": 6.367398917542184e-05}, "NELAGALALE": {"global_perc": 0.3333333333333333, "local_perc": 6.367398917542184e-05}, "NIRALKERI": {"global_perc": 1.0, "local_perc": 6.367398917542184e-05}, "OBRA": {"global_perc": 1.0, "local_perc": 6.367398917542184e-05}, "OR": {"global_perc": 0.3333333333333333, "local_perc": 6.367398917542184e-05}, "PADARIYA": {"global_perc": 0.07692307692307693, "local_perc": 6.367398917542184e-05}, "PADRAL": {"global_perc": 0.3333333333333333, "local_perc": 6.367398917542184e-05}, "PAKADIA PURAB": {"global_perc": 1.0, "local_perc": 6.367398917542184e-05}, "PALAKHARU": {"global_perc": 0.5, "local_perc": 6.367398917542184e-05}, "PALCHAI": {"global_perc": 1.0, "local_perc": 6.367398917542184e-05}, "PANDEPURA KALA": {"global_perc": 1.0, "local_perc": 0.00012734797835084368}, "PARASANAHALLI": {"global_perc": 0.5, "local_perc": 6.367398917542184e-05}, "PAROL": {"global_perc": 0.16666666666666666, "local_perc": 6.367398917542184e-05}, "PARRIA PARASSAWAN": {"global_perc": 0.4, "local_perc": 0.00012734797835084368}, "PATHOLI": {"global_perc": 1.0, "local_perc": 6.367398917542184e-05}, "PATIAL": {"global_perc": 0.3333333333333333, "local_perc": 6.367398917542184e-05}, "PHOKHUNGRI": {"global_perc": 1.0, "local_perc": 6.367398917542184e-05}, "PINCHAIL": {"global_perc": 1.0, "local_perc": 6.367398917542184e-05}, "PIPRA": {"global_perc": 0.05263157894736842, "local_perc": 6.367398917542184e-05}, "PULWAMA": {"global_perc": 0.16666666666666666, "local_perc": 6.367398917542184e-05}, "PURANDHA": {"global_perc": 0.25, "local_perc": 6.367398917542184e-05}, "PURE UDAIRAM": {"global_perc": 1.0, "local_perc": 6.367398917542184e-05}, "PUREMANSARAM": {"global_perc": 1.0, "local_perc": 6.367398917542184e-05}, "QAZIGUND": {"global_perc": 0.2, "local_perc": 6.367398917542184e-05}, "R.S.PORA": {"global_perc": 0.125, "local_perc": 6.367398917542184e-05}, "RAGHOPUR": {"global_perc": 0.16666666666666666, "local_perc": 6.367398917542184e-05}, "RAJEPUSARAYMARJARI": {"global_perc": 1.0, "local_perc": 6.367398917542184e-05}, "RAMPUR": {"global_perc": 0.007194244604316547, "local_perc": 6.367398917542184e-05}, "RANIPOKHRI": {"global_perc": 0.25, "local_perc": 6.367398917542184e-05}, "RATNAG": {"global_perc": 0.3333333333333333, "local_perc": 6.367398917542184e-05}, "RAVTI": {"global_perc": 1.0, "local_perc": 6.367398917542184e-05}, "REASI": {"global_perc": 0.09090909090909091, "local_perc": 6.367398917542184e-05}, "REPEDA": {"global_perc": 1.0, "local_perc": 6.367398917542184e-05}, "RERU UPERALA": {"global_perc": 0.5, "local_perc": 6.367398917542184e-05}, "ROHELA HAJI UTTAR": {"global_perc": 0.5, "local_perc": 6.367398917542184e-05}, "RONO": {"global_perc": 0.1, "local_perc": 6.367398917542184e-05}, "RUPAS MAHAJI": {"global_perc": 0.5, "local_perc": 6.367398917542184e-05}, "Randhawa Brota": {"global_perc": 1.0, "local_perc": 6.367398917542184e-05}, "SADURI": {"global_perc": 0.6666666666666666, "local_perc": 0.00012734797835084368}, "SAHIBGANJ": {"global_perc": 0.05263157894736842, "local_perc": 6.367398917542184e-05}, "SAHMADA": {"global_perc": 1.0, "local_perc": 6.367398917542184e-05}, "SAI UGIALLA": {"global_perc": 1.0, "local_perc": 6.367398917542184e-05}, "SALLER": {"global_perc": 0.5, "local_perc": 6.367398917542184e-05}, "SANAI": {"global_perc": 0.09090909090909091, "local_perc": 6.367398917542184e-05}, "SANGHANATH": {"global_perc": 1.0, "local_perc": 6.367398917542184e-05}, "SANOG UPPERLA": {"global_perc": 1.0, "local_perc": 6.367398917542184e-05}, "SARAIA": {"global_perc": 0.25, "local_perc": 6.367398917542184e-05}, "SARAIAREJANI": {"global_perc": 1.0, "local_perc": 6.367398917542184e-05}, "SARAV BUJURG": {"global_perc": 1.0, "local_perc": 6.367398917542184e-05}, "SARDAM": {"global_perc": 0.25, "local_perc": 6.367398917542184e-05}, "SATHIALA": {"global_perc": 0.5, "local_perc": 6.367398917542184e-05}, "SERA": {"global_perc": 0.1, "local_perc": 6.367398917542184e-05}, "SEWAL": {"global_perc": 1.0, "local_perc": 6.367398917542184e-05}, "SHAHAL": {"global_perc": 0.25, "local_perc": 6.367398917542184e-05}, "SHAHJAHANPUR": {"global_perc": 0.3333333333333333, "local_perc": 6.367398917542184e-05}, "SHEKHPURA": {"global_perc": 0.1, "local_perc": 6.367398917542184e-05}, "SHER KHAN WALA": {"global_perc": 0.5, "local_perc": 6.367398917542184e-05}, "SHIV PUR": {"global_perc": 1.0, "local_perc": 6.367398917542184e-05}, "SHIVPUR": {"global_perc": 0.13636363636363635, "local_perc": 0.00019102196752626553}, "SHURTANG": {"global_perc": 1.0, "local_perc": 0.00019102196752626553}, "SIKRIA": {"global_perc": 0.5, "local_perc": 6.367398917542184e-05}, "SINDRANG": {"global_perc": 1.0, "local_perc": 6.367398917542184e-05}, "SIYUM": {"global_perc": 0.03125, "local_perc": 6.367398917542184e-05}, "SOBHA KOTHI": {"global_perc": 1.0, "local_perc": 6.367398917542184e-05}, "SOUHDA KHURD": {"global_perc": 1.0, "local_perc": 6.367398917542184e-05}, "SUKNAL": {"global_perc": 0.25, "local_perc": 6.367398917542184e-05}, "SUNDERBANI": {"global_perc": 0.5, "local_perc": 6.367398917542184e-05}, "SURAPUR": {"global_perc": 0.5, "local_perc": 6.367398917542184e-05}, "SURARYOR": {"global_perc": 1.0, "local_perc": 6.367398917542184e-05}, "SYAHI DEVI GUNTH": {"global_perc": 1.0, "local_perc": 6.367398917542184e-05}, "TALDU": {"global_perc": 1.0, "local_perc": 6.367398917542184e-05}, "TARNA": {"global_perc": 0.5, "local_perc": 6.367398917542184e-05}, "TARTO": {"global_perc": 1.0, "local_perc": 6.367398917542184e-05}, "TARUN": {"global_perc": 0.5, "local_perc": 6.367398917542184e-05}, "TEGRA": {"global_perc": 1.0, "local_perc": 6.367398917542184e-05}, "TETARIYA": {"global_perc": 0.07692307692307693, "local_perc": 6.367398917542184e-05}, "TETRI": {"global_perc": 0.5, "local_perc": 6.367398917542184e-05}, "THAKAR KI": {"global_perc": 1.0, "local_perc": 6.367398917542184e-05}, "THANA KHURD": {"global_perc": 0.3, "local_perc": 0.00019102196752626553}, "TIGHARA": {"global_perc": 0.1111111111111111, "local_perc": 6.367398917542184e-05}, "TIHRA": {"global_perc": 0.14285714285714285, "local_perc": 6.367398917542184e-05}, "TIKKAR GADHIANI": {"global_perc": 1.0, "local_perc": 6.367398917542184e-05}, "TIPRI": {"global_perc": 0.3333333333333333, "local_perc": 6.367398917542184e-05}, "TRAL": {"global_perc": 0.5, "local_perc": 6.367398917542184e-05}, "TUSKUTRI": {"global_perc": 1.0, "local_perc": 6.367398917542184e-05}, "UDAIPUR": {"global_perc": 0.18181818181818182, "local_perc": 0.00012734797835084368}, "UNERA": {"global_perc": 1.0, "local_perc": 6.367398917542184e-05}, "URMAR": {"global_perc": 1.0, "local_perc": 6.367398917542184e-05}, "VEDAR": {"global_perc": 1.0, "local_perc": 6.367398917542184e-05}, "WAKURA": {"global_perc": 0.5, "local_perc": 6.367398917542184e-05}, "WILIGAM": {"global_perc": 1.0, "local_perc": 6.367398917542184e-05}}, "partition_field": "Near_Vil_Tow_Nam_hav_Prim_School", "Vil_Nam": "Cherangode", "Stat_Nam": "Tamil Nadu"}, {"data": [["Dis_Par_Med_Staf_In_Pos_Num", 5.0], ["Dis_Par_Med_Staf_Tot_Stren_Num", 4.0], 1.25], "data_low": {"Stat_Nam": "TRIPURA", "Vil_Nam": "Srirampur", "Dis_Par_Med_Staf_Tot_Stren_Num": "4", "Dis_Par_Med_Staf_In_Pos_Num": "5", "id": 271502}, "data_high": {"Stat_Nam": "TRIPURA", "Vil_Nam": "Srirampur", "Dis_Par_Med_Staf_Tot_Stren_Num": "4", "Dis_Par_Med_Staf_In_Pos_Num": "5", "id": 271502}, "perc": 0.00016058452768075794, "metric": 99.99983916542273, "value_global_local": {}, "partition_field": null, "Vil_Nam": "Srirampur", "Stat_Nam": "TRIPURA"}, {"data": [["Dis_Par_Med_Staf_In_Pos_Num", 3.0], ["Dis_Par_Med_Staf_Tot_Stren_Num", 2.0], 1.5], "data_low": {"Stat_Nam": "Arunachal Pradesh", "Vil_Nam": "Bichom", "Dis_Par_Med_Staf_Tot_Stren_Num": "2", "Dis_Par_Med_Staf_In_Pos_Num": "3", "id": 260796}, "data_high": {"Stat_Nam": "Arunachal Pradesh", "Vil_Nam": "Bichom", "Dis_Par_Med_Staf_Tot_Stren_Num": "2", "Dis_Par_Med_Staf_In_Pos_Num": "3", "id": 260796}, "perc": 0.0006423381107230318, "metric": 99.99935716179247, "value_global_local": {}, "partition_field": null, "Vil_Nam": "Bichom", "Stat_Nam": "Arunachal Pradesh"}, {"data": [["Dis_Par_Med_Staf_In_Pos_Num", 7.0], ["Dis_Par_Med_Staf_Tot_Stren_Num", 4.0], 1.75], "data_low": {"Stat_Nam": "MADHYA PRADESH", "Vil_Nam": "Raipura", "Dis_Par_Med_Staf_Tot_Stren_Num": "4", "Dis_Par_Med_Staf_In_Pos_Num": "7", "id": 457106}, "data_high": {"Stat_Nam": "MADHYA PRADESH", "Vil_Nam": "Raipura", "Dis_Par_Med_Staf_Tot_Stren_Num": "4", "Dis_Par_Med_Staf_In_Pos_Num": "7", "id": 457106}, "perc": 0.00016058452768075794, "metric": 99.99983866532351, "value_global_local": {}, "partition_field": null, "Vil_Nam": "Raipura", "Stat_Nam": "MADHYA PRADESH"}, {"data": [["Dis_Par_Med_Staf_In_Pos_Num", 2.0], ["Dis_Par_Med_Staf_Tot_Stren_Num", 1.0], 2.0], "data_low": {"Stat_Nam": "JAMMU & KASHMIR", "Vil_Nam": "Khanan", "Dis_Par_Med_Staf_Tot_Stren_Num": "1", "Dis_Par_Med_Staf_In_Pos_Num": "2", "id": 2857}, "data_high": {"Stat_Nam": "ODISHA", "Vil_Nam": "Ranigada", "Dis_Par_Med_Staf_Tot_Stren_Num": "2", "Dis_Par_Med_Staf_In_Pos_Num": "4", "id": 425984}, "perc": 0.0033722750812959167, "metric": 99.9966267247524, "value_global_local": {"Arunachal Pradesh": {"global_perc": 0.0001789228842368939, "local_perc": 0.047619047619047616}, "HIMACHAL PRADESH": {"global_perc": 4.833252779120348e-05, "local_perc": 0.047619047619047616}, "JAMMU & KASHMIR": {"global_perc": 0.00015260186174271325, "local_perc": 0.047619047619047616}, "KARNATAKA": {"global_perc": 3.408316291751875e-05, "local_perc": 0.047619047619047616}, "MADHYA PRADESH": {"global_perc": 3.642788190080688e-05, "local_perc": 0.09523809523809523}, "NAGALAND": {"global_perc": 0.0007002801120448179, "local_perc": 0.047619047619047616}, "ODISHA": {"global_perc": 1.948823884785532e-05, "local_perc": 0.047619047619047616}, "TRIPURA": {"global_perc": 0.008, "local_perc": 0.3333333333333333}, "UTTAR PRADESH": {"global_perc": 5.619345533556858e-05, "local_perc": 0.2857142857142857}}, "partition_field": "Stat_Nam", "Vil_Nam": "Khanan", "Stat_Nam": "JAMMU & KASHMIR"}, {"data": [["Dis_Par_Med_Staf_In_Pos_Num", 5.0], ["Dis_Par_Med_Staf_Tot_Stren_Num", 2.0], 2.5], "data_low": {"Stat_Nam": "UTTAR PRADESH", "Vil_Nam": "Kheri Manihar", "Dis_Par_Med_Staf_Tot_Stren_Num": "2", "Dis_Par_Med_Staf_In_Pos_Num": "5", "id": 118082}, "data_high": {"Stat_Nam": "UTTAR PRADESH", "Vil_Nam": "Kheri Manihar", "Dis_Par_Med_Staf_Tot_Stren_Num": "2", "Dis_Par_Med_Staf_In_Pos_Num": "5", "id": 118082}, "perc": 0.00016058452768075794, "metric": 99.9998379151747, "value_global_local": {}, "partition_field": null, "Vil_Nam": "Kheri Manihar", "Stat_Nam": "UTTAR PRADESH"}, {"data": [["Dis_Par_Med_Staf_In_Pos_Num", 4.0], ["Dis_Par_Med_Staf_Tot_Stren_Num", 1.0], 4.0], "data_low": {"Stat_Nam": "TRIPURA", "Vil_Nam": "Chandipur", "Dis_Par_Med_Staf_Tot_Stren_Num": "1", "Dis_Par_Med_Staf_In_Pos_Num": "4", "id": 271503}, "data_high": {"Stat_Nam": "TRIPURA", "Vil_Nam": "Chandipur", "Dis_Par_Med_Staf_Tot_Stren_Num": "1", "Dis_Par_Med_Staf_In_Pos_Num": "4", "id": 271503}, "perc": 0.00016058452768075794, "metric": 99.99983641487705, "value_global_local": {}, "partition_field": null, "Vil_Nam": "Chandipur", "Stat_Nam": "TRIPURA"}, {"data": [["Dis_Par_Med_Staf_In_Pos_Num", 5.0], ["Dis_Par_Med_Staf_Tot_Stren_Num", 1.0], 5.0], "data_low": {"Stat_Nam": "TRIPURA", "Vil_Nam": "Halahali", "Dis_Par_Med_Staf_Tot_Stren_Num": "1", "Dis_Par_Med_Staf_In_Pos_Num": "5", "id": 271355}, "data_high": {"Stat_Nam": "TRIPURA", "Vil_Nam": "Halahali", "Dis_Par_Med_Staf_Tot_Stren_Num": "1", "Dis_Par_Med_Staf_In_Pos_Num": "5", "id": 271355}, "perc": 0.00016058452768075794, "metric": 99.99983541467863, "value_global_local": {}, "partition_field": null, "Vil_Nam": "Halahali", "Stat_Nam": "TRIPURA"}, {"data": [["Dis_Par_Med_Staf_In_Pos_Num", 1.0], ["Dis_Par_Med_Staf_Tot_Stren_Num", 0.0], 9999], "data_low": {"Stat_Nam": "JAMMU & KASHMIR", "Vil_Nam": "Douniyan", "Dis_Par_Med_Staf_Tot_Stren_Num": "0", "Dis_Par_Med_Staf_In_Pos_Num": "1", "id": 6263}, "data_high": {"Stat_Nam": "UTTAR PRADESH", "Vil_Nam": "Ajnokh", "Dis_Par_Med_Staf_Tot_Stren_Num": "0", "Dis_Par_Med_Staf_In_Pos_Num": "4", "id": 122992}, "perc": 0.0035328596089766752, "metric": 99.986467493777, "value_global_local": {"HIMACHAL PRADESH": {"global_perc": 0.00014499758337361044, "local_perc": 0.13636363636363635}, "JAMMU & KASHMIR": {"global_perc": 0.0004578055852281398, "local_perc": 0.13636363636363635}, "NAGALAND": {"global_perc": 0.0007002801120448179, "local_perc": 0.045454545454545456}, "SIKKIM": {"global_perc": 0.0022172949002217295, "local_perc": 0.045454545454545456}, "UTTAR PRADESH": {"global_perc": 0.00010302133478187574, "local_perc": 0.5}, "West Bengal": {"global_perc": 7.459346561241235e-05, "local_perc": 0.13636363636363635}}, "partition_field": "Stat_Nam", "Vil_Nam": "Douniyan", "Stat_Nam": "JAMMU & KASHMIR"}, {"data": [["Dis_Par_Med_Staf_In_Pos_Num", 0], ["Dis_Par_Med_Staf_Tot_Stren_Num", 0], 99980001], "data_low": {"Stat_Nam": "JAMMU & KASHMIR", "Vil_Nam": "Bore", "Dis_Par_Med_Staf_Tot_Stren_Num": "", "Dis_Par_Med_Staf_In_Pos_Num": "", "id": 0}, "data_high": {"Stat_Nam": "JAMMU & KASHMIR", "Vil_Nam": "Palmar", "Dis_Par_Med_Staf_Tot_Stren_Num": "Dis_pst", "Dis_Par_Med_Staf_In_Pos_Num": "Dis_ppos", "id": 4582}, "perc": 96.76919988759083, "metric": 9.678855663103148e-07, "value_global_local": {"null": {"global_perc": 0.9676919988759083, "local_perc": 1.0}}, "partition_field": "Dist_Other", "Vil_Nam": "Bore", "Stat_Nam": "JAMMU & KASHMIR"}]