[{"data": [["Pow_Sup_For_Dom_Us_Sum_April_Sep_per_day_in_Hour", 0.0], ["Pow_Sup_For_Dom_Us_Win_Oc_Mar_per_day_in_Hour", 0.0], 99980001], "data_low": {"Stat_Nam": "JAMMU & KASHMIR", "Vil_Nam": "Bugna", "Pow_Sup_For_Dom_Us_Sum_April_Sep_per_day_in_Hour": "", "Pow_Sup_For_Dom_Us_Win_Oc_Mar_per_day_in_Hour": "", "id": 2}, "data_high": {"Stat_Nam": "JAMMU & KASHMIR", "Vil_Nam": "Palmar", "Pow_Sup_For_Dom_Us_Sum_April_Sep_per_day_in_Hour": "P_DUse_Sum", "Pow_Sup_For_Dom_Us_Win_Oc_Mar_per_day_in_Hour": "P_DUse_Win", "id": 4582}, "perc": 24.240716206993458, "metric": 2356484076.0630956, "value_global_local": {"": {"global_perc": 1.0, "local_perc": 1.324915702238445e-05}, "ANDAMAN & NICOBAR ISLANDS": {"global_perc": 0.5387387387387388, "local_perc": 0.0019807489748464753}, "ANDHRA PRADESH": {"global_perc": 0.05446043165467626, "local_perc": 0.01002961186594503}, "ASSAM": {"global_perc": 0.22136768327334722, "local_perc": 0.038707412240896175}, "Arunachal Pradesh": {"global_perc": 0.5593129361245304, "local_perc": 0.020708432425986897}, "BIHAR": {"global_perc": 0.4644114632080938, "local_perc": 0.13805621617324598}, "CHHATTISGARH": {"global_perc": 0.6419556792209082, "local_perc": 0.08558955436460355}, "Dadra & Nagar Haveli": {"global_perc": 0.015384615384615385, "local_perc": 6.624578511192225e-06}, "GOA": {"global_perc": 0.04491017964071856, "local_perc": 9.936867766788338e-05}, "HARYANA": {"global_perc": 0.029089314427715247, "local_perc": 0.001318291123727253}, "HIMACHAL PRADESH": {"global_perc": 0.13571773803769938, "local_perc": 0.01860181645942777}, "JAMMU & KASHMIR": {"global_perc": 0.03692965054173661, "local_perc": 0.0016031479997085185}, "JHARKHAND": {"global_perc": 0.5522318947953325, "local_perc": 0.11850708498671772}, "KARNATAKA": {"global_perc": 0.9996591683708248, "local_perc": 0.19429888773326798}, "KERALA": {"global_perc": 0.0009823182711198428, "local_perc": 6.624578511192225e-06}, "LAKSHADWEEP": {"global_perc": 0.7619047619047619, "local_perc": 0.0001059932561790756}, "MADHYA PRADESH": {"global_perc": 0.09975775458535964, "local_perc": 0.03628281650579982}, "MANIPUR": {"global_perc": 0.19101123595505617, "local_perc": 0.003265917206017767}, "MIZORAM": {"global_perc": 0.42168674698795183, "local_perc": 0.002318602478917279}, "Maharashtra": {"global_perc": 0.07007901064926142, "local_perc": 0.02027121024424821}, "Meghalaya": {"global_perc": 0.2782570551250183, "local_perc": 0.012606572906798804}, "NAGALAND": {"global_perc": 0.14705882352941177, "local_perc": 0.0013911614873503672}, "NCT OF DELHI": {"global_perc": 0.08035714285714286, "local_perc": 5.962120660073003e-05}, "ODISHA": {"global_perc": 0.29891060744840486, "local_perc": 0.10160778520466636}, "Punjab": {"global_perc": 0.0328272792305858, "local_perc": 0.0027359509251223893}, "RAJASTHAN": {"global_perc": 0.0727301217765043, "local_perc": 0.02152325558286354}, "SIKKIM": {"global_perc": 0.07095343680709534, "local_perc": 0.0002119865123581512}, "TRIPURA": {"global_perc": 0.022857142857142857, "local_perc": 0.0001324915702238445}, "Tamil Nadu": {"global_perc": 0.06076725702484511, "local_perc": 0.006432465734367651}, "UTTAR PRADESH": {"global_perc": 0.19010245940022852, "local_perc": 0.1344656946201798}, "UTTARAKHAND": {"global_perc": 0.07520990889060918, "local_perc": 0.008366842659635781}, "West Bengal": {"global_perc": 0.07016758665274256, "local_perc": 0.01869456055858446}}, "partition_field": "Stat_Nam", "Vil_Nam": "Bore", "Stat_Nam": "JAMMU & KASHMIR"}, {"data": [["Pow_Sup_For_Dom_Us_Sum_April_Sep_per_day_in_Hour", 8.0], ["Pow_Sup_For_Dom_Us_Win_Oc_Mar_per_day_in_Hour", 1.0], 8.0], "data_low": {"Stat_Nam": "UTTAR PRADESH", "Vil_Nam": "Paliharpur", "Pow_Sup_For_Dom_Us_Sum_April_Sep_per_day_in_Hour": "8", "Pow_Sup_For_Dom_Us_Win_Oc_Mar_per_day_in_Hour": "1", "id": 178555}, "data_high": {"Stat_Nam": "UTTAR PRADESH", "Vil_Nam": "Paliharpur", "Pow_Sup_For_Dom_Us_Sum_April_Sep_per_day_in_Hour": "8", "Pow_Sup_For_Dom_Us_Win_Oc_Mar_per_day_in_Hour": "1", "id": 178555}, "perc": 0.010598578826930025, "metric": 179.9809225581115, "value_global_local": {"BIHAR": {"global_perc": 0.0002451308107144449, "local_perc": 0.16666666666666666}, "CHHATTISGARH": {"global_perc": 0.00014906091622776508, "local_perc": 0.045454545454545456}, "JHARKHAND": {"global_perc": 0.00018521948508983145, "local_perc": 0.09090909090909091}, "UTTAR PRADESH": {"global_perc": 0.00043081649090602583, "local_perc": 0.696969696969697}}, "partition_field": "Stat_Nam", "Vil_Nam": "Paliharpur", "Stat_Nam": "UTTAR PRADESH"}, {"data": [["Pow_Sup_For_Dom_Us_Sum_April_Sep_per_day_in_Hour", 15.0], ["Pow_Sup_For_Dom_Us_Win_Oc_Mar_per_day_in_Hour", 2.0], 7.5], "data_low": {"Stat_Nam": "UTTAR PRADESH", "Vil_Nam": "Bumhaura", "Pow_Sup_For_Dom_Us_Sum_April_Sep_per_day_in_Hour": "15", "Pow_Sup_For_Dom_Us_Win_Oc_Mar_per_day_in_Hour": "2", "id": 133758}, "data_high": {"Stat_Nam": "UTTAR PRADESH", "Vil_Nam": "Bumhaura", "Pow_Sup_For_Dom_Us_Sum_April_Sep_per_day_in_Hour": "15", "Pow_Sup_For_Dom_Us_Win_Oc_Mar_per_day_in_Hour": "2", "id": 133758}, "perc": 0.0008029226384037898, "metric": 164.4431240827724, "value_global_local": {}, "partition_field": null, "Vil_Nam": "Bumhaura", "Stat_Nam": "UTTAR PRADESH"}, {"data": [["Pow_Sup_For_Dom_Us_Sum_April_Sep_per_day_in_Hour", 7.0], ["Pow_Sup_For_Dom_Us_Win_Oc_Mar_per_day_in_Hour", 1.0], 7.0], "data_low": {"Stat_Nam": "CHHATTISGARH", "Vil_Nam": "Sagundhap Tukda", "Pow_Sup_For_Dom_Us_Sum_April_Sep_per_day_in_Hour": "21", "Pow_Sup_For_Dom_Us_Win_Oc_Mar_per_day_in_Hour": "3", "id": 444091}, "data_high": {"Stat_Nam": "UTTAR PRADESH", "Vil_Nam": "Siddhpur Kaithauli", "Pow_Sup_For_Dom_Us_Sum_April_Sep_per_day_in_Hour": "7", "Pow_Sup_For_Dom_Us_Win_Oc_Mar_per_day_in_Hour": "1", "id": 126959}, "perc": 0.0016058452768075795, "metric": 148.88649796369896, "value_global_local": {}, "partition_field": null, "Vil_Nam": "Siddhpur Kaithauli", "Stat_Nam": "UTTAR PRADESH"}, {"data": [["Pow_Sup_For_Dom_Us_Sum_April_Sep_per_day_in_Hour", 13.0], ["Pow_Sup_For_Dom_Us_Win_Oc_Mar_per_day_in_Hour", 2.0], 6.5], "data_low": {"Stat_Nam": "UTTAR PRADESH", "Vil_Nam": "Chak Ropan", "Pow_Sup_For_Dom_Us_Sum_April_Sep_per_day_in_Hour": "13", "Pow_Sup_For_Dom_Us_Win_Oc_Mar_per_day_in_Hour": "2", "id": 195439}, "data_high": {"Stat_Nam": "UTTAR PRADESH", "Vil_Nam": "Chak Ropan", "Pow_Sup_For_Dom_Us_Sum_April_Sep_per_day_in_Hour": "13", "Pow_Sup_For_Dom_Us_Win_Oc_Mar_per_day_in_Hour": "2", "id": 195439}, "perc": 0.00016058452768075794, "metric": 133.33311922062975, "value_global_local": {}, "partition_field": null, "Vil_Nam": "Chak Ropan", "Stat_Nam": "UTTAR PRADESH"}, {"data": [["Pow_Sup_For_Dom_Us_Sum_April_Sep_per_day_in_Hour", 6.0], ["Pow_Sup_For_Dom_Us_Win_Oc_Mar_per_day_in_Hour", 1.0], 6.0], "data_low": {"Stat_Nam": "UTTAR PRADESH", "Vil_Nam": "Bouli", "Pow_Sup_For_Dom_Us_Sum_April_Sep_per_day_in_Hour": "12", "Pow_Sup_For_Dom_Us_Win_Oc_Mar_per_day_in_Hour": "2", "id": 159413}, "data_high": {"Stat_Nam": "UTTAR PRADESH", "Vil_Nam": "Banti Khera", "Pow_Sup_For_Dom_Us_Sum_April_Sep_per_day_in_Hour": "6", "Pow_Sup_For_Dom_Us_Win_Oc_Mar_per_day_in_Hour": "1", "id": 110051}, "perc": 0.011240916937653058, "metric": 117.76453847560674, "value_global_local": {"ASSAM": {"global_perc": 0.00011365788975184695, "local_perc": 0.04285714285714286}, "BIHAR": {"global_perc": 0.00022284619155858625, "local_perc": 0.14285714285714285}, "CHHATTISGARH": {"global_perc": 4.9686972075921695e-05, "local_perc": 0.014285714285714285}, "JHARKHAND": {"global_perc": 0.0005865283694511329, "local_perc": 0.2714285714285714}, "KARNATAKA": {"global_perc": 3.408316291751875e-05, "local_perc": 0.014285714285714285}, "MIZORAM": {"global_perc": 0.0012048192771084338, "local_perc": 0.014285714285714285}, "Meghalaya": {"global_perc": 0.0016084222839596433, "local_perc": 0.15714285714285714}, "Tamil Nadu": {"global_perc": 6.258213905751299e-05, "local_perc": 0.014285714285714285}, "UTTAR PRADESH": {"global_perc": 0.00021540824545301292, "local_perc": 0.32857142857142857}}, "partition_field": "Stat_Nam", "Vil_Nam": "Banti Khera", "Stat_Nam": "UTTAR PRADESH"}, {"data": [["Pow_Sup_For_Dom_Us_Sum_April_Sep_per_day_in_Hour", 11.0], ["Pow_Sup_For_Dom_Us_Win_Oc_Mar_per_day_in_Hour", 2.0], 5.5], "data_low": {"Stat_Nam": "BIHAR", "Vil_Nam": "Gohario", "Pow_Sup_For_Dom_Us_Sum_April_Sep_per_day_in_Hour": "11", "Pow_Sup_For_Dom_Us_Win_Oc_Mar_per_day_in_Hour": "2", "id": 238899}, "data_high": {"Stat_Nam": "BIHAR", "Vil_Nam": "Gohario", "Pow_Sup_For_Dom_Us_Sum_April_Sep_per_day_in_Hour": "11", "Pow_Sup_For_Dom_Us_Win_Oc_Mar_per_day_in_Hour": "2", "id": 238899}, "perc": 0.0004817535830422739, "metric": 102.22172976300399, "value_global_local": {}, "partition_field": null, "Vil_Nam": "Gohario", "Stat_Nam": "BIHAR"}, {"data": [["Pow_Sup_For_Dom_Us_Sum_April_Sep_per_day_in_Hour", 21.0], ["Pow_Sup_For_Dom_Us_Win_Oc_Mar_per_day_in_Hour", 4.0], 5.25], "data_low": {"Stat_Nam": "UTTAR PRADESH", "Vil_Nam": "Kudiyav", "Pow_Sup_For_Dom_Us_Sum_April_Sep_per_day_in_Hour": "21", "Pow_Sup_For_Dom_Us_Win_Oc_Mar_per_day_in_Hour": "4", "id": 174192}, "data_high": {"Stat_Nam": "UTTAR PRADESH", "Vil_Nam": "Kudiyav", "Pow_Sup_For_Dom_Us_Sum_April_Sep_per_day_in_Hour": "21", "Pow_Sup_For_Dom_Us_Win_Oc_Mar_per_day_in_Hour": "4", "id": 174192}, "perc": 0.00016058452768075794, "metric": 94.44429278127942, "value_global_local": {}, "partition_field": null, "Vil_Nam": "Kudiyav", "Stat_Nam": "UTTAR PRADESH"}, {"data": [["Pow_Sup_For_Dom_Us_Sum_April_Sep_per_day_in_Hour", 10.0], ["Pow_Sup_For_Dom_Us_Win_Oc_Mar_per_day_in_Hour", 2.0], 5.0], "data_low": {"Stat_Nam": "JAMMU & KASHMIR", "Vil_Nam": "Kukarwas", "Pow_Sup_For_Dom_Us_Sum_April_Sep_per_day_in_Hour": "10", "Pow_Sup_For_Dom_Us_Win_Oc_Mar_per_day_in_Hour": "2", "id": 4652}, "data_high": {"Stat_Nam": "UTTAR PRADESH", "Vil_Nam": "Baghuri", "Pow_Sup_For_Dom_Us_Sum_April_Sep_per_day_in_Hour": "5", "Pow_Sup_For_Dom_Us_Win_Oc_Mar_per_day_in_Hour": "1", "id": 139210}, "perc": 0.010277409771568508, "metric": 86.65775957819795, "value_global_local": {"": {"global_perc": 5.498597857546326e-05, "local_perc": 0.34375}, "0": {"global_perc": 0.00025329280648429586, "local_perc": 0.015625}, "a": {"global_perc": 0.00016383892812932353, "local_perc": 0.140625}, "b": {"global_perc": 0.00010794939332440952, "local_perc": 0.15625}, "c": {"global_perc": 0.00030939288677626675, "local_perc": 0.34375}}, "partition_field": "Dist_Nut_Cen_Other", "Vil_Nam": "Kukarwas", "Stat_Nam": "JAMMU & KASHMIR"}, {"data": [["Pow_Sup_For_Dom_Us_Sum_April_Sep_per_day_in_Hour", 14.0], ["Pow_Sup_For_Dom_Us_Win_Oc_Mar_per_day_in_Hour", 3.0], 4.666666666666667], "data_low": {"Stat_Nam": "JHARKHAND", "Vil_Nam": "Newti", "Pow_Sup_For_Dom_Us_Sum_April_Sep_per_day_in_Hour": "14", "Pow_Sup_For_Dom_Us_Win_Oc_Mar_per_day_in_Hour": "3", "id": 347500}, "data_high": {"Stat_Nam": "JHARKHAND", "Vil_Nam": "Newti", "Pow_Sup_For_Dom_Us_Sum_April_Sep_per_day_in_Hour": "14", "Pow_Sup_For_Dom_Us_Win_Oc_Mar_per_day_in_Hour": "3", "id": 347500}, "perc": 0.00016058452768075794, "metric": 76.29617377624925, "value_global_local": {}, "partition_field": null, "Vil_Nam": "Newti", "Stat_Nam": "JHARKHAND"}, {"data": [["Pow_Sup_For_Dom_Us_Sum_April_Sep_per_day_in_Hour", 18.0], ["Pow_Sup_For_Dom_Us_Win_Oc_Mar_per_day_in_Hour", 4.0], 4.5], "data_low": {"Stat_Nam": "JAMMU & KASHMIR", "Vil_Nam": "Dhadkahi", "Pow_Sup_For_Dom_Us_Sum_April_Sep_per_day_in_Hour": "18", "Pow_Sup_For_Dom_Us_Win_Oc_Mar_per_day_in_Hour": "4", "id": 4286}, "data_high": {"Stat_Nam": "ASSAM", "Vil_Nam": "Indra Bd. Thapa", "Pow_Sup_For_Dom_Us_Sum_April_Sep_per_day_in_Hour": "9", "Pow_Sup_For_Dom_Us_Win_Oc_Mar_per_day_in_Hour": "2", "id": 295412}, "perc": 0.002087598859849853, "metric": 71.10962659636633, "value_global_local": {}, "partition_field": null, "Vil_Nam": "Dhadkahi", "Stat_Nam": "JAMMU & KASHMIR"}, {"data": [["Pow_Sup_For_Dom_Us_Sum_April_Sep_per_day_in_Hour", 13.0], ["Pow_Sup_For_Dom_Us_Win_Oc_Mar_per_day_in_Hour", 3.0], 4.333333333333333], "data_low": {"Stat_Nam": "JHARKHAND", "Vil_Nam": "Rudwa", "Pow_Sup_For_Dom_Us_Sum_April_Sep_per_day_in_Hour": "13", "Pow_Sup_For_Dom_Us_Win_Oc_Mar_per_day_in_Hour": "3", "id": 363361}, "data_high": {"Stat_Nam": "JHARKHAND", "Vil_Nam": "Kenduatanr", "Pow_Sup_For_Dom_Us_Sum_April_Sep_per_day_in_Hour": "17", "Pow_Sup_For_Dom_Us_Win_Oc_Mar_per_day_in_Hour": "4", "id": 347949}, "perc": 0.0003211690553615159, "metric": 65.92571419225237, "value_global_local": {}, "partition_field": null, "Vil_Nam": "Rudwa", "Stat_Nam": "JHARKHAND"}, {"data": [["Pow_Sup_For_Dom_Us_Sum_April_Sep_per_day_in_Hour", 12.0], ["Pow_Sup_For_Dom_Us_Win_Oc_Mar_per_day_in_Hour", 3.0], 4.0], "data_low": {"Stat_Nam": "JAMMU & KASHMIR", "Vil_Nam": "Thalsara", "Pow_Sup_For_Dom_Us_Sum_April_Sep_per_day_in_Hour": "12", "Pow_Sup_For_Dom_Us_Win_Oc_Mar_per_day_in_Hour": "3", "id": 4172}, "data_high": {"Stat_Nam": "UTTAR PRADESH", "Vil_Nam": "Ajdupur", "Pow_Sup_For_Dom_Us_Sum_April_Sep_per_day_in_Hour": "8", "Pow_Sup_For_Dom_Us_Win_Oc_Mar_per_day_in_Hour": "2", "id": 156363}, "perc": 0.02039423501545626, "metric": 55.5442254249914, "value_global_local": {"ASSAM": {"global_perc": 0.00015154385300246258, "local_perc": 0.031496062992125984}, "BIHAR": {"global_perc": 0.0004234077639613139, "local_perc": 0.14960629921259844}, "CHHATTISGARH": {"global_perc": 0.00014906091622776508, "local_perc": 0.023622047244094488}, "JAMMU & KASHMIR": {"global_perc": 0.0003052037234854265, "local_perc": 0.015748031496062992}, "JHARKHAND": {"global_perc": 0.000802617768722603, "local_perc": 0.2047244094488189}, "Meghalaya": {"global_perc": 0.00014622020763269483, "local_perc": 0.007874015748031496}, "NAGALAND": {"global_perc": 0.0007002801120448179, "local_perc": 0.007874015748031496}, "Tamil Nadu": {"global_perc": 0.00012516427811502597, "local_perc": 0.015748031496062992}, "UTTAR PRADESH": {"global_perc": 0.0006274935845805158, "local_perc": 0.5275590551181102}, "West Bengal": {"global_perc": 4.972897707494157e-05, "local_perc": 0.015748031496062992}}, "partition_field": "Stat_Nam", "Vil_Nam": "Thalsara", "Stat_Nam": "JAMMU & KASHMIR"}, {"data": [["Pow_Sup_For_Dom_Us_Sum_April_Sep_per_day_in_Hour", 19.0], ["Pow_Sup_For_Dom_Us_Win_Oc_Mar_per_day_in_Hour", 5.0], 3.8], "data_low": {"Stat_Nam": "JHARKHAND", "Vil_Nam": "Ganduba", "Pow_Sup_For_Dom_Us_Sum_April_Sep_per_day_in_Hour": "15", "Pow_Sup_For_Dom_Us_Win_Oc_Mar_per_day_in_Hour": "4", "id": 352834}, "data_high": {"Stat_Nam": "West Bengal", "Vil_Nam": "Rukuspur", "Pow_Sup_For_Dom_Us_Sum_April_Sep_per_day_in_Hour": "19", "Pow_Sup_For_Dom_Us_Win_Oc_Mar_per_day_in_Hour": "5", "id": 318035}, "perc": 0.0011240916937653056, "metric": 49.33277878143107, "value_global_local": {}, "partition_field": null, "Vil_Nam": "Rukuspur", "Stat_Nam": "West Bengal"}, {"data": [["Pow_Sup_For_Dom_Us_Sum_April_Sep_per_day_in_Hour", 18.0], ["Pow_Sup_For_Dom_Us_Win_Oc_Mar_per_day_in_Hour", 5.0], 3.6], "data_low": {"Stat_Nam": "UTTAR PRADESH", "Vil_Nam": "Kosikalan(Rural)", "Pow_Sup_For_Dom_Us_Sum_April_Sep_per_day_in_Hour": "14", "Pow_Sup_For_Dom_Us_Win_Oc_Mar_per_day_in_Hour": "4", "id": 122875}, "data_high": {"Stat_Nam": "NAGALAND", "Vil_Nam": "Yeshito", "Pow_Sup_For_Dom_Us_Sum_April_Sep_per_day_in_Hour": "7", "Pow_Sup_For_Dom_Us_Win_Oc_Mar_per_day_in_Hour": "2", "id": 266214}, "perc": 0.0035328596089766752, "metric": 43.10958805607968, "value_global_local": {"ASSAM": {"global_perc": 3.7885963250615644e-05, "local_perc": 0.045454545454545456}, "JHARKHAND": {"global_perc": 0.0004630487127245786, "local_perc": 0.6818181818181818}, "NAGALAND": {"global_perc": 0.0007002801120448179, "local_perc": 0.045454545454545456}, "Tamil Nadu": {"global_perc": 0.00018774641717253895, "local_perc": 0.13636363636363635}, "UTTAR PRADESH": {"global_perc": 1.8731151778522863e-05, "local_perc": 0.09090909090909091}}, "partition_field": "Stat_Nam", "Vil_Nam": "Chaukari", "Stat_Nam": "JHARKHAND"}, {"data": [["Pow_Sup_For_Dom_Us_Sum_April_Sep_per_day_in_Hour", 24.0], ["Pow_Sup_For_Dom_Us_Win_Oc_Mar_per_day_in_Hour", 7.0], 3.4285714285714284], "data_low": {"Stat_Nam": "JAMMU & KASHMIR", "Vil_Nam": "Amarsingh Pora", "Pow_Sup_For_Dom_Us_Sum_April_Sep_per_day_in_Hour": "10", "Pow_Sup_For_Dom_Us_Win_Oc_Mar_per_day_in_Hour": "3", "id": 4277}, "data_high": {"Stat_Nam": "Meghalaya", "Vil_Nam": "Lamlyer", "Pow_Sup_For_Dom_Us_Sum_April_Sep_per_day_in_Hour": "24", "Pow_Sup_For_Dom_Us_Win_Oc_Mar_per_day_in_Hour": "7", "id": 277278}, "perc": 0.0070657192179533505, "metric": 37.77510850607321, "value_global_local": {"BIHAR": {"global_perc": 0.0007576770512991933, "local_perc": 0.7727272727272727}, "JAMMU & KASHMIR": {"global_perc": 0.0003052037234854265, "local_perc": 0.045454545454545456}, "JHARKHAND": {"global_perc": 3.086991418163858e-05, "local_perc": 0.022727272727272728}, "Meghalaya": {"global_perc": 0.00014622020763269483, "local_perc": 0.022727272727272728}, "NAGALAND": {"global_perc": 0.0007002801120448179, "local_perc": 0.022727272727272728}, "Tamil Nadu": {"global_perc": 0.00025032855623005195, "local_perc": 0.09090909090909091}, "UTTAR PRADESH": {"global_perc": 9.365575889261431e-06, "local_perc": 0.022727272727272728}}, "partition_field": "Stat_Nam", "Vil_Nam": "Lamlyer", "Stat_Nam": "Meghalaya"}, {"data": [["Pow_Sup_For_Dom_Us_Sum_April_Sep_per_day_in_Hour", 13.0], ["Pow_Sup_For_Dom_Us_Win_Oc_Mar_per_day_in_Hour", 4.0], 3.25], "data_low": {"Stat_Nam": "JHARKHAND", "Vil_Nam": "Barkikaraunjia", "Pow_Sup_For_Dom_Us_Sum_April_Sep_per_day_in_Hour": "13", "Pow_Sup_For_Dom_Us_Win_Oc_Mar_per_day_in_Hour": "4", "id": 347999}, "data_high": {"Stat_Nam": "JHARKHAND", "Vil_Nam": "Barkikaraunjia", "Pow_Sup_For_Dom_Us_Sum_April_Sep_per_day_in_Hour": "13", "Pow_Sup_For_Dom_Us_Win_Oc_Mar_per_day_in_Hour": "4", "id": 347999}, "perc": 0.00016058452768075794, "metric": 32.22217047831886, "value_global_local": {}, "partition_field": null, "Vil_Nam": "Barkikaraunjia", "Stat_Nam": "JHARKHAND"}, {"data": [["Pow_Sup_For_Dom_Us_Sum_April_Sep_per_day_in_Hour", 2.0], ["Pow_Sup_For_Dom_Us_Win_Oc_Mar_per_day_in_Hour", 0.0], 9999], "data_low": {"Stat_Nam": "UTTAR PRADESH", "Vil_Nam": "Satautha", "Pow_Sup_For_Dom_Us_Sum_April_Sep_per_day_in_Hour": "1", "Pow_Sup_For_Dom_Us_Win_Oc_Mar_per_day_in_Hour": "0", "id": 139025}, "data_high": {"Stat_Nam": "UTTAR PRADESH", "Vil_Nam": "Malkauli", "Pow_Sup_For_Dom_Us_Sum_April_Sep_per_day_in_Hour": "9", "Pow_Sup_For_Dom_Us_Win_Oc_Mar_per_day_in_Hour": "0", "id": 195767}, "perc": 0.07242362198402183, "metric": 310785.86559967167, "value_global_local": {"Arunachal Pradesh": {"global_perc": 0.0012524601896582574, "local_perc": 0.015521064301552107}, "CHHATTISGARH": {"global_perc": 0.0028321574083275364, "local_perc": 0.12638580931263857}, "JHARKHAND": {"global_perc": 0.0012039266530839044, "local_perc": 0.08647450110864745}, "UTTAR PRADESH": {"global_perc": 0.003259220409462978, "local_perc": 0.7716186252771619}}, "partition_field": "Stat_Nam", "Vil_Nam": "Sikandarpur Narkatra", "Stat_Nam": "UTTAR PRADESH"}, {"data": [["Pow_Sup_For_Dom_Us_Sum_April_Sep_per_day_in_Hour", 24.0], ["Pow_Sup_For_Dom_Us_Win_Oc_Mar_per_day_in_Hour", 1.0], 24.0], "data_low": {"Stat_Nam": "CHHATTISGARH", "Vil_Nam": "Phuljhar", "Pow_Sup_For_Dom_Us_Sum_April_Sep_per_day_in_Hour": "24", "Pow_Sup_For_Dom_Us_Win_Oc_Mar_per_day_in_Hour": "1", "id": 428865}, "data_high": {"Stat_Nam": "CHHATTISGARH", "Vil_Nam": "Phuljhar", "Pow_Sup_For_Dom_Us_Sum_April_Sep_per_day_in_Hour": "24", "Pow_Sup_For_Dom_Us_Win_Oc_Mar_per_day_in_Hour": "1", "id": 428865}, "perc": 0.00016058452768075794, "metric": 677.7766893715345, "value_global_local": {}, "partition_field": null, "Vil_Nam": "Phuljhar", "Stat_Nam": "CHHATTISGARH"}, {"data": [["Pow_Sup_For_Dom_Us_Sum_April_Sep_per_day_in_Hour", 21.0], ["Pow_Sup_For_Dom_Us_Win_Oc_Mar_per_day_in_Hour", 1.0], 21.0], "data_low": {"Stat_Nam": "UTTAR PRADESH", "Vil_Nam": "Hardaya", "Pow_Sup_For_Dom_Us_Sum_April_Sep_per_day_in_Hour": "21", "Pow_Sup_For_Dom_Us_Win_Oc_Mar_per_day_in_Hour": "1", "id": 211128}, "data_high": {"Stat_Nam": "UTTAR PRADESH", "Vil_Nam": "Hardaya", "Pow_Sup_For_Dom_Us_Sum_April_Sep_per_day_in_Hour": "21", "Pow_Sup_For_Dom_Us_Win_Oc_Mar_per_day_in_Hour": "1", "id": 211128}, "perc": 0.00016058452768075794, "metric": 584.4435059170937, "value_global_local": {}, "partition_field": null, "Vil_Nam": "Hardaya", "Stat_Nam": "UTTAR PRADESH"}, {"data": [["Pow_Sup_For_Dom_Us_Sum_April_Sep_per_day_in_Hour", 20.0], ["Pow_Sup_For_Dom_Us_Win_Oc_Mar_per_day_in_Hour", 1.0], 20.0], "data_low": {"Stat_Nam": "CHHATTISGARH", "Vil_Nam": "Manwari", "Pow_Sup_For_Dom_Us_Sum_April_Sep_per_day_in_Hour": "20", "Pow_Sup_For_Dom_Us_Win_Oc_Mar_per_day_in_Hour": "1", "id": 429256}, "data_high": {"Stat_Nam": "CHHATTISGARH", "Vil_Nam": "Manwari", "Pow_Sup_For_Dom_Us_Sum_April_Sep_per_day_in_Hour": "20", "Pow_Sup_For_Dom_Us_Win_Oc_Mar_per_day_in_Hour": "1", "id": 429256}, "perc": 0.0003211690553615159, "metric": 553.3315561978936, "value_global_local": {}, "partition_field": null, "Vil_Nam": "Manwari", "Stat_Nam": "CHHATTISGARH"}, {"data": [["Pow_Sup_For_Dom_Us_Sum_April_Sep_per_day_in_Hour", 16.0], ["Pow_Sup_For_Dom_Us_Win_Oc_Mar_per_day_in_Hour", 1.0], 16.0], "data_low": {"Stat_Nam": "UTTAR PRADESH", "Vil_Nam": "Jakhoda", "Pow_Sup_For_Dom_Us_Sum_April_Sep_per_day_in_Hour": "16", "Pow_Sup_For_Dom_Us_Win_Oc_Mar_per_day_in_Hour": "1", "id": 123872}, "data_high": {"Stat_Nam": "UTTAR PRADESH", "Vil_Nam": "Jakhoda", "Pow_Sup_For_Dom_Us_Sum_April_Sep_per_day_in_Hour": "16", "Pow_Sup_For_Dom_Us_Win_Oc_Mar_per_day_in_Hour": "1", "id": 123872}, "perc": 0.0011240916937653056, "metric": 428.8840677845134, "value_global_local": {}, "partition_field": null, "Vil_Nam": "Jakhoda", "Stat_Nam": "UTTAR PRADESH"}, {"data": [["Pow_Sup_For_Dom_Us_Sum_April_Sep_per_day_in_Hour", 15.0], ["Pow_Sup_For_Dom_Us_Win_Oc_Mar_per_day_in_Hour", 1.0], 15.0], "data_low": {"Stat_Nam": "BIHAR", "Vil_Nam": "Birwat", "Pow_Sup_For_Dom_Us_Sum_April_Sep_per_day_in_Hour": "15", "Pow_Sup_For_Dom_Us_Win_Oc_Mar_per_day_in_Hour": "1", "id": 228986}, "data_high": {"Stat_Nam": "BIHAR", "Vil_Nam": "Birwat", "Pow_Sup_For_Dom_Us_Sum_April_Sep_per_day_in_Hour": "15", "Pow_Sup_For_Dom_Us_Win_Oc_Mar_per_day_in_Hour": "1", "id": 228986}, "perc": 0.0011240916937653056, "metric": 397.7733063908181, "value_global_local": {}, "partition_field": null, "Vil_Nam": "Birwat", "Stat_Nam": "BIHAR"}, {"data": [["Pow_Sup_For_Dom_Us_Sum_April_Sep_per_day_in_Hour", 14.0], ["Pow_Sup_For_Dom_Us_Win_Oc_Mar_per_day_in_Hour", 1.0], 14.0], "data_low": {"Stat_Nam": "UTTAR PRADESH", "Vil_Nam": "Raipura", "Pow_Sup_For_Dom_Us_Sum_April_Sep_per_day_in_Hour": "14", "Pow_Sup_For_Dom_Us_Win_Oc_Mar_per_day_in_Hour": "1", "id": 124396}, "data_high": {"Stat_Nam": "UTTAR PRADESH", "Vil_Nam": "Raipura", "Pow_Sup_For_Dom_Us_Sum_April_Sep_per_day_in_Hour": "14", "Pow_Sup_For_Dom_Us_Win_Oc_Mar_per_day_in_Hour": "1", "id": 124396}, "perc": 0.0009635071660845478, "metric": 366.6631338070576, "value_global_local": {}, "partition_field": null, "Vil_Nam": "Raipura", "Stat_Nam": "UTTAR PRADESH"}, {"data": [["Pow_Sup_For_Dom_Us_Sum_April_Sep_per_day_in_Hour", 13.0], ["Pow_Sup_For_Dom_Us_Win_Oc_Mar_per_day_in_Hour", 1.0], 13.0], "data_low": {"Stat_Nam": "BIHAR", "Vil_Nam": "Mahri", "Pow_Sup_For_Dom_Us_Sum_April_Sep_per_day_in_Hour": "13", "Pow_Sup_For_Dom_Us_Win_Oc_Mar_per_day_in_Hour": "1", "id": 226918}, "data_high": {"Stat_Nam": "BIHAR", "Vil_Nam": "Mahri", "Pow_Sup_For_Dom_Us_Sum_April_Sep_per_day_in_Hour": "13", "Pow_Sup_For_Dom_Us_Win_Oc_Mar_per_day_in_Hour": "1", "id": 226918}, "perc": 0.00016058452768075794, "metric": 335.55501670525155, "value_global_local": {}, "partition_field": null, "Vil_Nam": "Mahri", "Stat_Nam": "BIHAR"}, {"data": [["Pow_Sup_For_Dom_Us_Sum_April_Sep_per_day_in_Hour", 12.0], ["Pow_Sup_For_Dom_Us_Win_Oc_Mar_per_day_in_Hour", 1.0], 12.0], "data_low": {"Stat_Nam": "UTTAR PRADESH", "Vil_Nam": "Sondwa Duban", "Pow_Sup_For_Dom_Us_Sum_April_Sep_per_day_in_Hour": "12", "Pow_Sup_For_Dom_Us_Win_Oc_Mar_per_day_in_Hour": "1", "id": 157174}, "data_high": {"Stat_Nam": "Meghalaya", "Vil_Nam": "Rongrong Antidam", "Pow_Sup_For_Dom_Us_Sum_April_Sep_per_day_in_Hour": "24", "Pow_Sup_For_Dom_Us_Win_Oc_Mar_per_day_in_Hour": "2", "id": 274085}, "perc": 0.003211690553615159, "metric": 304.43466663098116, "value_global_local": {}, "partition_field": null, "Vil_Nam": "Sondwa Duban", "Stat_Nam": "UTTAR PRADESH"}, {"data": [["Pow_Sup_For_Dom_Us_Sum_April_Sep_per_day_in_Hour", 11.0], ["Pow_Sup_For_Dom_Us_Win_Oc_Mar_per_day_in_Hour", 1.0], 11.0], "data_low": {"Stat_Nam": "UTTAR PRADESH", "Vil_Nam": "Rasidpur", "Pow_Sup_For_Dom_Us_Sum_April_Sep_per_day_in_Hour": "11", "Pow_Sup_For_Dom_Us_Win_Oc_Mar_per_day_in_Hour": "1", "id": 113198}, "data_high": {"Stat_Nam": "UTTAR PRADESH", "Vil_Nam": "Nibiha Paraspur", "Pow_Sup_For_Dom_Us_Sum_April_Sep_per_day_in_Hour": "22", "Pow_Sup_For_Dom_Us_Win_Oc_Mar_per_day_in_Hour": "2", "id": 173443}, "perc": 0.0036934441366574334, "metric": 273.32323791935977, "value_global_local": {"ASSAM": {"global_perc": 0.00011365788975184695, "local_perc": 0.13043478260869565}, "BIHAR": {"global_perc": 4.456923831171725e-05, "local_perc": 0.08695652173913043}, "UTTAR PRADESH": {"global_perc": 0.00016858036600670575, "local_perc": 0.782608695652174}}, "partition_field": "Stat_Nam", "Vil_Nam": "Rasidpur", "Stat_Nam": "UTTAR PRADESH"}, {"data": [["Pow_Sup_For_Dom_Us_Sum_April_Sep_per_day_in_Hour", 21.0], ["Pow_Sup_For_Dom_Us_Win_Oc_Mar_per_day_in_Hour", 2.0], 10.5], "data_low": {"Stat_Nam": "UTTAR PRADESH", "Vil_Nam": "Parsauna", "Pow_Sup_For_Dom_Us_Sum_April_Sep_per_day_in_Hour": "21", "Pow_Sup_For_Dom_Us_Win_Oc_Mar_per_day_in_Hour": "2", "id": 183289}, "data_high": {"Stat_Nam": "UTTAR PRADESH", "Vil_Nam": "Parsauna", "Pow_Sup_For_Dom_Us_Sum_April_Sep_per_day_in_Hour": "21", "Pow_Sup_For_Dom_Us_Win_Oc_Mar_per_day_in_Hour": "2", "id": 183289}, "perc": 0.0004817535830422739, "metric": 257.776535924097, "value_global_local": {}, "partition_field": null, "Vil_Nam": "Parsauna", "Stat_Nam": "UTTAR PRADESH"}, {"data": [["Pow_Sup_For_Dom_Us_Sum_April_Sep_per_day_in_Hour", 20.0], ["Pow_Sup_For_Dom_Us_Win_Oc_Mar_per_day_in_Hour", 2.0], 10.0], "data_low": {"Stat_Nam": "UTTAR PRADESH", "Vil_Nam": "Bairangpur Urf Nai Basti", "Pow_Sup_For_Dom_Us_Sum_April_Sep_per_day_in_Hour": "10", "Pow_Sup_For_Dom_Us_Win_Oc_Mar_per_day_in_Hour": "1", "id": 119512}, "data_high": {"Stat_Nam": "UTTARAKHAND", "Vil_Nam": "Naad Bora", "Pow_Sup_For_Dom_Us_Sum_April_Sep_per_day_in_Hour": "20", "Pow_Sup_For_Dom_Us_Win_Oc_Mar_per_day_in_Hour": "2", "id": 53516}, "perc": 0.005299289413465013, "metric": 242.2093861656429, "value_global_local": {"": {"global_perc": 4.248916526285797e-05, "local_perc": 0.5151515151515151}, "0": {"global_perc": 0.00025329280648429586, "local_perc": 0.030303030303030304}, "a": {"global_perc": 0.00010922595208621568, "local_perc": 0.18181818181818182}, "b": {"global_perc": 5.397469666220476e-05, "local_perc": 0.15151515151515152}, "c": {"global_perc": 5.625325214113941e-05, "local_perc": 0.12121212121212122}}, "partition_field": "Dist_Nut_Cen_Other", "Vil_Nam": "Naad Bora", "Stat_Nam": "UTTARAKHAND"}, {"data": [["Pow_Sup_For_Dom_Us_Sum_April_Sep_per_day_in_Hour", 9.0], ["Pow_Sup_For_Dom_Us_Win_Oc_Mar_per_day_in_Hour", 1.0], 9.0], "data_low": {"Stat_Nam": "ASSAM", "Vil_Nam": "Pani Gaon", "Pow_Sup_For_Dom_Us_Sum_April_Sep_per_day_in_Hour": "18", "Pow_Sup_For_Dom_Us_Win_Oc_Mar_per_day_in_Hour": "2", "id": 289706}, "data_high": {"Stat_Nam": "UTTAR PRADESH", "Vil_Nam": "Rampur", "Pow_Sup_For_Dom_Us_Sum_April_Sep_per_day_in_Hour": "9", "Pow_Sup_For_Dom_Us_Win_Oc_Mar_per_day_in_Hour": "1", "id": 108470}, "perc": 0.0008029226384037898, "metric": 211.10941605220782, "value_global_local": {}, "partition_field": null, "Vil_Nam": "Rampur", "Stat_Nam": "UTTAR PRADESH"}]