[{"data": [["Tot_Hous", 0], ["Tot_Mal_Pop_of_Vil", 0], 99980001], "data_low": {"Stat_Nam": "JAMMU & KASHMIR", "Vil_Nam": "Bugna", "Tot_Hous": "", "Tot_Mal_Pop_of_Vil": "", "id": 2}, "data_high": {"Stat_Nam": "JHARKHAND", "Vil_Nam": "Misirgidhanda", "Tot_Hous": "0", "Tot_Mal_Pop_of_Vil": "0", "id": 351733}, "perc": 6.897266048416236, "metric": 13841713983.311892, "value_global_local": {"": {"global_perc": 1.0, "local_perc": 4.656468999557636e-05}, "ANDAMAN & NICOBAR ISLANDS": {"global_perc": 0.2864864864864865, "local_perc": 0.00370189285464832}, "ANDHRA PRADESH": {"global_perc": 0.05446043165467626, "local_perc": 0.0352494703266513}, "ASSAM": {"global_perc": 0.03875734040537981, "local_perc": 0.023817838932737305}, "Arunachal Pradesh": {"global_perc": 0.05922347468241188, "local_perc": 0.007706456194267887}, "BIHAR": {"global_perc": 0.1292730757231359, "local_perc": 0.13506088333216923}, "CHHATTISGARH": {"global_perc": 0.027775017390440228, "local_perc": 0.013014830853763591}, "GOA": {"global_perc": 0.041916167664670656, "local_perc": 0.0003259528299690345}, "HARYANA": {"global_perc": 0.029089314427715247, "local_perc": 0.004633186654559847}, "HIMACHAL PRADESH": {"global_perc": 0.13571773803769938, "local_perc": 0.0653768247537892}, "JAMMU & KASHMIR": {"global_perc": 0.03296200213642606, "local_perc": 0.0050289865195222464}, "JHARKHAND": {"global_perc": 0.08961536086929678, "local_perc": 0.06758864752857908}, "KARNATAKA": {"global_perc": 0.06622358554873892, "local_perc": 0.04523759633070243}, "KERALA": {"global_perc": 0.0009823182711198428, "local_perc": 2.328234499778818e-05}, "LAKSHADWEEP": {"global_perc": 0.7142857142857143, "local_perc": 0.00034923517496682265}, "MADHYA PRADESH": {"global_perc": 0.05416826038649983, "local_perc": 0.06924169402342203}, "MANIPUR": {"global_perc": 0.02557148392096087, "local_perc": 0.0015366347698540198}, "MIZORAM": {"global_perc": 0.15180722891566265, "local_perc": 0.0029335754697213104}, "Maharashtra": {"global_perc": 0.061971830985915494, "local_perc": 0.06300202556401481}, "Meghalaya": {"global_perc": 0.05556367890042404, "local_perc": 0.008847291099159507}, "NAGALAND": {"global_perc": 0.0196078431372549, "local_perc": 0.000651905659938069}, "NCT OF DELHI": {"global_perc": 0.08035714285714286, "local_perc": 0.0002095411049800936}, "ODISHA": {"global_perc": 0.07085923645080194, "local_perc": 0.08465460641195781}, "Punjab": {"global_perc": 0.0328272792305858, "local_perc": 0.009615608484086517}, "RAJASTHAN": {"global_perc": 0.03151862464183381, "local_perc": 0.03278154175688575}, "SIKKIM": {"global_perc": 0.057649667405764965, "local_perc": 0.0006053409699424926}, "TRIPURA": {"global_perc": 0.013714285714285714, "local_perc": 0.0002793881399734581}, "Tamil Nadu": {"global_perc": 0.05820138932348708, "local_perc": 0.021652580847943005}, "UTTAR PRADESH": {"global_perc": 0.08392492554367167, "local_perc": 0.20863309352517986}, "UTTARAKHAND": {"global_perc": 0.06240695527898529, "local_perc": 0.02439989755768201}, "West Bengal": {"global_perc": 0.06812869859266994, "local_perc": 0.0637936252939396}}, "partition_field": "Stat_Nam", "Vil_Nam": "Bugna", "Stat_Nam": "JAMMU & KASHMIR"}, {"data": [["Tot_Hous", 1.0], ["Tot_Mal_Pop_of_Vil", 0.0], 9999], "data_low": {"Stat_Nam": "HIMACHAL PRADESH", "Vil_Nam": "D.P.F. Jandrighat (90)", "Tot_Hous": "1", "Tot_Mal_Pop_of_Vil": "0", "id": 7335}, "data_high": {"Stat_Nam": "Arunachal Pradesh", "Vil_Nam": "Ngang Gongma Gonpa", "Tot_Hous": "6", "Tot_Mal_Pop_of_Vil": "0", "id": 260464}, "perc": 0.012204424103737605, "metric": 1486729.9332118633, "value_global_local": {"ANDHRA PRADESH": {"global_perc": 0.0001079136690647482, "local_perc": 0.039473684210526314}, "Arunachal Pradesh": {"global_perc": 0.001789228842368939, "local_perc": 0.13157894736842105}, "BIHAR": {"global_perc": 6.685385746757588e-05, "local_perc": 0.039473684210526314}, "HIMACHAL PRADESH": {"global_perc": 0.0006283228612856452, "local_perc": 0.17105263157894737}, "JHARKHAND": {"global_perc": 0.00018521948508983145, "local_perc": 0.07894736842105263}, "KARNATAKA": {"global_perc": 6.81663258350375e-05, "local_perc": 0.02631578947368421}, "MADHYA PRADESH": {"global_perc": 7.285576380161376e-05, "local_perc": 0.05263157894736842}, "Maharashtra": {"global_perc": 6.870491240123669e-05, "local_perc": 0.039473684210526314}, "Meghalaya": {"global_perc": 0.00029244041526538966, "local_perc": 0.02631578947368421}, "ODISHA": {"global_perc": 0.00017539414963069788, "local_perc": 0.11842105263157894}, "Punjab": {"global_perc": 7.948493760432397e-05, "local_perc": 0.013157894736842105}, "RAJASTHAN": {"global_perc": 4.477077363896848e-05, "local_perc": 0.02631578947368421}, "Tamil Nadu": {"global_perc": 0.00012516427811502597, "local_perc": 0.02631578947368421}, "UTTAR PRADESH": {"global_perc": 2.809672766778429e-05, "local_perc": 0.039473684210526314}, "UTTARAKHAND": {"global_perc": 0.0007145834573929614, "local_perc": 0.15789473684210525}, "West Bengal": {"global_perc": 2.4864488537470783e-05, "local_perc": 0.013157894736842105}}, "partition_field": "Stat_Nam", "Vil_Nam": "D.P.F. Jandrighat (90)", "Stat_Nam": "HIMACHAL PRADESH"}, {"data": [["Tot_Hous", 27.0], ["Tot_Mal_Pop_of_Vil", 2.0], 13.5], "data_low": {"Stat_Nam": "Arunachal Pradesh", "Vil_Nam": "Singsore Ani Gompa", "Tot_Hous": "27", "Tot_Mal_Pop_of_Vil": "2", "id": 260540}, "data_high": {"Stat_Nam": "Arunachal Pradesh", "Vil_Nam": "Singsore Ani Gompa", "Tot_Hous": "27", "Tot_Mal_Pop_of_Vil": "2", "id": 260540}, "perc": 0.00016058452768075794, "metric": 2056.163231283562, "value_global_local": {}, "partition_field": null, "Vil_Nam": "Singsore Ani Gompa", "Stat_Nam": "Arunachal Pradesh"}, {"data": [["Tot_Hous", 10.0], ["Tot_Mal_Pop_of_Vil", 1.0], 10.0], "data_low": {"Stat_Nam": "Arunachal Pradesh", "Vil_Nam": "Mechi", "Tot_Hous": "10", "Tot_Mal_Pop_of_Vil": "1", "id": 261228}, "data_high": {"Stat_Nam": "Arunachal Pradesh", "Vil_Nam": "Mechi", "Tot_Hous": "10", "Tot_Mal_Pop_of_Vil": "1", "id": 261228}, "perc": 0.00016058452768075794, "metric": 1535.7100762872433, "value_global_local": {}, "partition_field": null, "Vil_Nam": "Mechi", "Stat_Nam": "Arunachal Pradesh"}, {"data": [["Tot_Hous", 7.0], ["Tot_Mal_Pop_of_Vil", 1.0], 7.0], "data_low": {"Stat_Nam": "HIMACHAL PRADESH", "Vil_Nam": "Tayul  (7/11)", "Tot_Hous": "7", "Tot_Mal_Pop_of_Vil": "1", "id": 12223}, "data_high": {"Stat_Nam": "HIMACHAL PRADESH", "Vil_Nam": "Tayul  (7/11)", "Tot_Hous": "7", "Tot_Mal_Pop_of_Vil": "1", "id": 12223}, "perc": 0.00016058452768075794, "metric": 1089.6073720046845, "value_global_local": {}, "partition_field": null, "Vil_Nam": "Tayul  (7/11)", "Stat_Nam": "HIMACHAL PRADESH"}, {"data": [["Tot_Hous", 5.0], ["Tot_Mal_Pop_of_Vil", 1.0], 5.0], "data_low": {"Stat_Nam": "UTTARAKHAND", "Vil_Nam": "Aunla Kot Walla", "Tot_Hous": "5", "Tot_Mal_Pop_of_Vil": "1", "id": 45549}, "data_high": {"Stat_Nam": "UTTARAKHAND", "Vil_Nam": "Aunla Kot Walla", "Tot_Hous": "5", "Tot_Mal_Pop_of_Vil": "1", "id": 45549}, "perc": 0.0003211690553615159, "metric": 792.2042969880309, "value_global_local": {}, "partition_field": null, "Vil_Nam": "Aunla Kot Walla", "Stat_Nam": "UTTARAKHAND"}, {"data": [["Tot_Hous", 3.0], ["Tot_Mal_Pop_of_Vil", 1745.0], 0.0017191977077363897], "data_low": {"Stat_Nam": "JAMMU & KASHMIR", "Vil_Nam": "Marza Pora", "Tot_Hous": "1", "Tot_Mal_Pop_of_Vil": "149", "id": 2949}, "data_high": {"Stat_Nam": "NAGALAND", "Vil_Nam": "Dzulhami", "Tot_Hous": "97", "Tot_Mal_Pop_of_Vil": "1431", "id": 266740}, "perc": 0.03902204022642418, "metric": 767.3872219400986, "value_global_local": {"ANDAMAN & NICOBAR ISLANDS": {"global_perc": 0.007207207207207207, "local_perc": 0.01646090534979424}, "ANDHRA PRADESH": {"global_perc": 0.0002517985611510791, "local_perc": 0.02880658436213992}, "ASSAM": {"global_perc": 0.0002652017427543095, "local_perc": 0.02880658436213992}, "Arunachal Pradesh": {"global_perc": 0.001968151726605833, "local_perc": 0.04526748971193416}, "BIHAR": {"global_perc": 4.456923831171725e-05, "local_perc": 0.00823045267489712}, "CHHATTISGARH": {"global_perc": 9.937394415184339e-05, "local_perc": 0.00823045267489712}, "HIMACHAL PRADESH": {"global_perc": 0.0006283228612856452, "local_perc": 0.053497942386831275}, "JAMMU & KASHMIR": {"global_perc": 0.0038150465435678317, "local_perc": 0.102880658436214}, "JHARKHAND": {"global_perc": 0.00021608939927147004, "local_perc": 0.02880658436213992}, "KARNATAKA": {"global_perc": 0.00040899795501022495, "local_perc": 0.04938271604938271}, "MADHYA PRADESH": {"global_perc": 5.464182285121031e-05, "local_perc": 0.012345679012345678}, "MANIPUR": {"global_perc": 0.0019372336303758234, "local_perc": 0.0205761316872428}, "Maharashtra": {"global_perc": 0.00016031146226955229, "local_perc": 0.02880658436213992}, "Meghalaya": {"global_perc": 0.00029244041526538966, "local_perc": 0.00823045267489712}, "NAGALAND": {"global_perc": 0.04411764705882353, "local_perc": 0.25925925925925924}, "ODISHA": {"global_perc": 0.00011692943308713192, "local_perc": 0.024691358024691357}, "Punjab": {"global_perc": 0.0003974246880216199, "local_perc": 0.0205761316872428}, "RAJASTHAN": {"global_perc": 0.00029101002865329514, "local_perc": 0.053497942386831275}, "SIKKIM": {"global_perc": 0.004434589800443459, "local_perc": 0.00823045267489712}, "Tamil Nadu": {"global_perc": 0.00031291069528756495, "local_perc": 0.0205761316872428}, "UTTAR PRADESH": {"global_perc": 0.0003465263079026729, "local_perc": 0.1522633744855967}, "UTTARAKHAND": {"global_perc": 0.0002381944857976538, "local_perc": 0.01646090534979424}, "West Bengal": {"global_perc": 2.4864488537470783e-05, "local_perc": 0.00411522633744856}}, "partition_field": "Stat_Nam", "Vil_Nam": "Pfutseromi", "Stat_Nam": "NAGALAND"}, {"data": [["Tot_Hous", 33.0], ["Tot_Mal_Pop_of_Vil", 324.0], 0.10185185185185185], "data_low": {"Stat_Nam": "HIMACHAL PRADESH", "Vil_Nam": "Nehara (301)", "Tot_Hous": "1", "Tot_Mal_Pop_of_Vil": "9", "id": 25065}, "data_high": {"Stat_Nam": "RAJASTHAN", "Vil_Nam": "Jasai", "Tot_Hous": "99", "Tot_Mal_Pop_of_Vil": "685", "id": 87672}, "perc": 0.05315347866233089, "metric": 700.341945812563, "value_global_local": {"ANDAMAN & NICOBAR ISLANDS": {"global_perc": 0.005405405405405406, "local_perc": 0.00906344410876133}, "ANDHRA PRADESH": {"global_perc": 0.0002158273381294964, "local_perc": 0.01812688821752266}, "ASSAM": {"global_perc": 0.00037885963250615644, "local_perc": 0.030211480362537766}, "Arunachal Pradesh": {"global_perc": 0.005546609411343711, "local_perc": 0.09365558912386707}, "BIHAR": {"global_perc": 0.00046797700227303116, "local_perc": 0.0634441087613293}, "CHHATTISGARH": {"global_perc": 4.9686972075921695e-05, "local_perc": 0.0030211480362537764}, "HARYANA": {"global_perc": 0.000438532378307265, "local_perc": 0.00906344410876133}, "HIMACHAL PRADESH": {"global_perc": 0.0009666505558240696, "local_perc": 0.06042296072507553}, "JAMMU & KASHMIR": {"global_perc": 0.0028994353731115518, "local_perc": 0.05740181268882175}, "JHARKHAND": {"global_perc": 0.00027782922763474715, "local_perc": 0.027190332326283987}, "KARNATAKA": {"global_perc": 0.00030674846625766873, "local_perc": 0.027190332326283987}, "MADHYA PRADESH": {"global_perc": 0.0002367812323552447, "local_perc": 0.03927492447129909}, "MANIPUR": {"global_perc": 0.0015497869043006587, "local_perc": 0.012084592145015106}, "MIZORAM": {"global_perc": 0.0012048192771084338, "local_perc": 0.0030211480362537764}, "Maharashtra": {"global_perc": 0.00016031146226955229, "local_perc": 0.021148036253776436}, "Meghalaya": {"global_perc": 0.0004386606228980845, "local_perc": 0.00906344410876133}, "NAGALAND": {"global_perc": 0.0056022408963585435, "local_perc": 0.02416918429003021}, "ODISHA": {"global_perc": 0.0003313000604135404, "local_perc": 0.0513595166163142}, "Punjab": {"global_perc": 0.00023845481281297194, "local_perc": 0.00906344410876133}, "RAJASTHAN": {"global_perc": 0.0004253223495702006, "local_perc": 0.05740181268882175}, "SIKKIM": {"global_perc": 0.0022172949002217295, "local_perc": 0.0030211480362537764}, "TRIPURA": {"global_perc": 0.001142857142857143, "local_perc": 0.0030211480362537764}, "Tamil Nadu": {"global_perc": 0.00018774641717253895, "local_perc": 0.00906344410876133}, "UTTAR PRADESH": {"global_perc": 0.0009271920130368817, "local_perc": 0.2990936555891239}, "UTTARAKHAND": {"global_perc": 0.0010123265646400286, "local_perc": 0.0513595166163142}, "West Bengal": {"global_perc": 7.459346561241235e-05, "local_perc": 0.00906344410876133}}, "partition_field": "Stat_Nam", "Vil_Nam": "Amalapura", "Stat_Nam": "KARNATAKA"}, {"data": [["Tot_Hous", 35.0], ["Tot_Mal_Pop_of_Vil", 8.0], 4.375], "data_low": {"Stat_Nam": "HIMACHAL PRADESH", "Vil_Nam": "D.P.F. Kaldu (124)", "Tot_Hous": "35", "Tot_Mal_Pop_of_Vil": "8", "id": 14437}, "data_high": {"Stat_Nam": "HIMACHAL PRADESH", "Vil_Nam": "D.P.F. Kaldu (124)", "Tot_Hous": "35", "Tot_Mal_Pop_of_Vil": "8", "id": 14437}, "perc": 0.00016058452768075794, "metric": 699.2675057574456, "value_global_local": {}, "partition_field": null, "Vil_Nam": "D.P.F. Kaldu (124)", "Stat_Nam": "HIMACHAL PRADESH"}, {"data": [["Tot_Hous", 4.0], ["Tot_Mal_Pop_of_Vil", 1.0], 4.0], "data_low": {"Stat_Nam": "UTTARAKHAND", "Vil_Nam": "Dauligar", "Tot_Hous": "4", "Tot_Mal_Pop_of_Vil": "1", "id": 50553}, "data_high": {"Stat_Nam": "UTTARAKHAND", "Vil_Nam": "Dauligar", "Tot_Hous": "4", "Tot_Mal_Pop_of_Vil": "1", "id": 50553}, "perc": 0.00016058452768075794, "metric": 643.5046677221258, "value_global_local": {}, "partition_field": null, "Vil_Nam": "Dauligar", "Stat_Nam": "UTTARAKHAND"}, {"data": [["Tot_Hous", 290.0], ["Tot_Mal_Pop_of_Vil", 84.0], 3.4523809523809526], "data_low": {"Stat_Nam": "NAGALAND", "Vil_Nam": "Avankhu", "Tot_Hous": "290", "Tot_Mal_Pop_of_Vil": "84", "id": 266801}, "data_high": {"Stat_Nam": "NAGALAND", "Vil_Nam": "Avankhu", "Tot_Hous": "290", "Tot_Mal_Pop_of_Vil": "84", "id": 266801}, "perc": 0.00016058452768075794, "metric": 562.0732217022937, "value_global_local": {}, "partition_field": null, "Vil_Nam": "Avankhu", "Stat_Nam": "NAGALAND"}, {"data": [["Tot_Hous", 164.0], ["Tot_Mal_Pop_of_Vil", 54.0], 3.037037037037037], "data_low": {"Stat_Nam": "NAGALAND", "Vil_Nam": "Yesi", "Tot_Hous": "164", "Tot_Mal_Pop_of_Vil": "54", "id": 266787}, "data_high": {"Stat_Nam": "HIMACHAL PRADESH", "Vil_Nam": "Tohlwin (43/68)", "Tot_Hous": "3", "Tot_Mal_Pop_of_Vil": "1", "id": 17883}, "perc": 0.0012846762214460635, "metric": 500.30558312246495, "value_global_local": {}, "partition_field": null, "Vil_Nam": "Yesi", "Stat_Nam": "NAGALAND"}, {"data": [["Tot_Hous", 13.0], ["Tot_Mal_Pop_of_Vil", 5.0], 2.6], "data_low": {"Stat_Nam": "Arunachal Pradesh", "Vil_Nam": "Bikur", "Tot_Hous": "13", "Tot_Mal_Pop_of_Vil": "5", "id": 261643}, "data_high": {"Stat_Nam": "HIMACHAL PRADESH", "Vil_Nam": "Chamling (131)", "Tot_Hous": "5", "Tot_Mal_Pop_of_Vil": "2", "id": 12450}, "perc": 0.0004817535830422739, "metric": 435.3220075972831, "value_global_local": {}, "partition_field": null, "Vil_Nam": "Bikur", "Stat_Nam": "Arunachal Pradesh"}, {"data": [["Tot_Hous", 225.0], ["Tot_Mal_Pop_of_Vil", 96.0], 2.34375], "data_low": {"Stat_Nam": "NAGALAND", "Vil_Nam": "Old Thewati", "Tot_Hous": "225", "Tot_Mal_Pop_of_Vil": "96", "id": 266802}, "data_high": {"Stat_Nam": "ASSAM", "Vil_Nam": "Chandra Teron", "Tot_Hous": "7", "Tot_Mal_Pop_of_Vil": "3", "id": 296771}, "perc": 0.0003211690553615159, "metric": 397.21816185983863, "value_global_local": {}, "partition_field": null, "Vil_Nam": "Old Thewati", "Stat_Nam": "NAGALAND"}, {"data": [["Tot_Hous", 2.0], ["Tot_Mal_Pop_of_Vil", 1.0], 2.0], "data_low": {"Stat_Nam": "UTTARAKHAND", "Vil_Nam": "Khori", "Tot_Hous": "10", "Tot_Mal_Pop_of_Vil": "5", "id": 43136}, "data_high": {"Stat_Nam": "UTTARAKHAND", "Vil_Nam": "Bhat Gaon", "Tot_Hous": "4", "Tot_Mal_Pop_of_Vil": "2", "id": 42801}, "perc": 0.007226303745634108, "metric": 346.07841017117926, "value_global_local": {"ANDHRA PRADESH": {"global_perc": 7.194244604316547e-05, "local_perc": 0.044444444444444446}, "Arunachal Pradesh": {"global_perc": 0.0010735373054213634, "local_perc": 0.13333333333333333}, "HIMACHAL PRADESH": {"global_perc": 9.666505558240696e-05, "local_perc": 0.044444444444444446}, "KARNATAKA": {"global_perc": 0.00010224948875255624, "local_perc": 0.06666666666666667}, "MADHYA PRADESH": {"global_perc": 3.642788190080688e-05, "local_perc": 0.044444444444444446}, "Meghalaya": {"global_perc": 0.00014622020763269483, "local_perc": 0.022222222222222223}, "NAGALAND": {"global_perc": 0.0007002801120448179, "local_perc": 0.022222222222222223}, "ODISHA": {"global_perc": 0.00019488238847855318, "local_perc": 0.2222222222222222}, "RAJASTHAN": {"global_perc": 6.715616045845272e-05, "local_perc": 0.06666666666666667}, "UTTAR PRADESH": {"global_perc": 5.619345533556858e-05, "local_perc": 0.13333333333333333}, "UTTARAKHAND": {"global_perc": 0.000535937593044721, "local_perc": 0.2}}, "partition_field": "Stat_Nam", "Vil_Nam": "Pathru Nichla (137)", "Stat_Nam": "HIMACHAL PRADESH"}, {"data": [["Tot_Hous", 9.0], ["Tot_Mal_Pop_of_Vil", 5.0], 1.8], "data_low": {"Stat_Nam": "Punjab", "Vil_Nam": "Dera Baba Jaimal Singh  (428)", "Tot_Hous": "399", "Tot_Mal_Pop_of_Vil": "230", "id": 37587}, "data_high": {"Stat_Nam": "UTTARAKHAND", "Vil_Nam": "Ganghar", "Tot_Hous": "9", "Tot_Mal_Pop_of_Vil": "5", "id": 48556}, "perc": 0.0006423381107230318, "metric": 316.36116049056676, "value_global_local": {}, "partition_field": null, "Vil_Nam": "Ganghar", "Stat_Nam": "UTTARAKHAND"}, {"data": [["Tot_Hous", 5.0], ["Tot_Mal_Pop_of_Vil", 3.0], 1.6666666666666667], "data_low": {"Stat_Nam": "UTTARAKHAND", "Vil_Nam": "Alasu", "Tot_Hous": "10", "Tot_Mal_Pop_of_Vil": "6", "id": 45512}, "data_high": {"Stat_Nam": "NAGALAND", "Vil_Nam": "Akhegwo Junction (UR)", "Tot_Hous": "92", "Tot_Mal_Pop_of_Vil": "57", "id": 266773}, "perc": 0.0016058452768075795, "metric": 296.5316120007609, "value_global_local": {}, "partition_field": null, "Vil_Nam": "Jaspur", "Stat_Nam": "UTTARAKHAND"}, {"data": [["Tot_Hous", 14.0], ["Tot_Mal_Pop_of_Vil", 9.0], 1.5555555555555556], "data_low": {"Stat_Nam": "ODISHA", "Vil_Nam": "Sakada", "Tot_Hous": "12", "Tot_Mal_Pop_of_Vil": "8", "id": 414615}, "data_high": {"Stat_Nam": "UTTARAKHAND", "Vil_Nam": "Garhkot", "Tot_Hous": "6", "Tot_Mal_Pop_of_Vil": "4", "id": 47337}, "perc": 0.0040146131920189496, "metric": 280.0027835229567, "value_global_local": {"BIHAR": {"global_perc": 2.2284619155858625e-05, "local_perc": 0.04}, "HIMACHAL PRADESH": {"global_perc": 0.00019333011116481392, "local_perc": 0.16}, "JHARKHAND": {"global_perc": 3.086991418163858e-05, "local_perc": 0.04}, "KARNATAKA": {"global_perc": 6.81663258350375e-05, "local_perc": 0.08}, "MADHYA PRADESH": {"global_perc": 1.821394095040344e-05, "local_perc": 0.04}, "Maharashtra": {"global_perc": 2.2901637467078896e-05, "local_perc": 0.04}, "ODISHA": {"global_perc": 3.897647769571064e-05, "local_perc": 0.08}, "Punjab": {"global_perc": 7.948493760432397e-05, "local_perc": 0.04}, "UTTARAKHAND": {"global_perc": 0.0007145834573929614, "local_perc": 0.48}}, "partition_field": "Stat_Nam", "Vil_Nam": "Gothiyara", "Stat_Nam": "UTTARAKHAND"}, {"data": [["Tot_Hous", 13.0], ["Tot_Mal_Pop_of_Vil", 9.0], 1.4444444444444444], "data_low": {"Stat_Nam": "HIMACHAL PRADESH", "Vil_Nam": "Auhar (207)", "Tot_Hous": "10", "Tot_Mal_Pop_of_Vil": "7", "id": 12120}, "data_high": {"Stat_Nam": "Maharashtra", "Vil_Nam": "Satamba", "Tot_Hous": "73", "Tot_Mal_Pop_of_Vil": "53", "id": 543494}, "perc": 0.0019270143321690955, "metric": 263.48659856741017, "value_global_local": {}, "partition_field": null, "Vil_Nam": "Bansai", "Stat_Nam": "UTTARAKHAND"}, {"data": [["Tot_Hous", 4.0], ["Tot_Mal_Pop_of_Vil", 3.0], 1.3333333333333333], "data_low": {"Stat_Nam": "Arunachal Pradesh", "Vil_Nam": "Thangarkharung", "Tot_Hous": "10", "Tot_Mal_Pop_of_Vil": "8", "id": 260572}, "data_high": {"Stat_Nam": "UTTARAKHAND", "Vil_Nam": "Gairwal Gaon", "Tot_Hous": "9", "Tot_Mal_Pop_of_Vil": "7", "id": 45326}, "perc": 0.00626279657954956, "metric": 246.95385999002602, "value_global_local": {"ANDHRA PRADESH": {"global_perc": 7.194244604316547e-05, "local_perc": 0.05128205128205128}, "Arunachal Pradesh": {"global_perc": 0.0012524601896582574, "local_perc": 0.1794871794871795}, "HIMACHAL PRADESH": {"global_perc": 9.666505558240696e-05, "local_perc": 0.05128205128205128}, "JHARKHAND": {"global_perc": 3.086991418163858e-05, "local_perc": 0.02564102564102564}, "KARNATAKA": {"global_perc": 3.408316291751875e-05, "local_perc": 0.02564102564102564}, "MADHYA PRADESH": {"global_perc": 3.642788190080688e-05, "local_perc": 0.05128205128205128}, "Maharashtra": {"global_perc": 6.870491240123669e-05, "local_perc": 0.07692307692307693}, "ODISHA": {"global_perc": 5.846471654356596e-05, "local_perc": 0.07692307692307693}, "Tamil Nadu": {"global_perc": 6.258213905751299e-05, "local_perc": 0.02564102564102564}, "UTTAR PRADESH": {"global_perc": 2.809672766778429e-05, "local_perc": 0.07692307692307693}, "UTTARAKHAND": {"global_perc": 0.0008336807002917883, "local_perc": 0.358974358974359}}, "partition_field": "Stat_Nam", "Vil_Nam": "Kansdev", "Stat_Nam": "UTTARAKHAND"}, {"data": [["Tot_Hous", 11.0], ["Tot_Mal_Pop_of_Vil", 9.0], 1.2222222222222223], "data_low": {"Stat_Nam": "JHARKHAND", "Vil_Nam": "Parkheta", "Tot_Hous": "100", "Tot_Mal_Pop_of_Vil": "89", "id": 367385}, "data_high": {"Stat_Nam": "UTTARAKHAND", "Vil_Nam": "Bakarwali", "Tot_Hous": "9", "Tot_Mal_Pop_of_Vil": "8", "id": 44112}, "perc": 0.00626279657954956, "metric": 230.43254583795718, "value_global_local": {"ASSAM": {"global_perc": 3.7885963250615644e-05, "local_perc": 0.02564102564102564}, "Arunachal Pradesh": {"global_perc": 0.0008946144211844695, "local_perc": 0.1282051282051282}, "JHARKHAND": {"global_perc": 3.086991418163858e-05, "local_perc": 0.02564102564102564}, "KARNATAKA": {"global_perc": 0.00010224948875255624, "local_perc": 0.07692307692307693}, "MADHYA PRADESH": {"global_perc": 5.464182285121031e-05, "local_perc": 0.07692307692307693}, "Maharashtra": {"global_perc": 6.870491240123669e-05, "local_perc": 0.07692307692307693}, "NAGALAND": {"global_perc": 0.0014005602240896359, "local_perc": 0.05128205128205128}, "ODISHA": {"global_perc": 1.948823884785532e-05, "local_perc": 0.02564102564102564}, "Tamil Nadu": {"global_perc": 6.258213905751299e-05, "local_perc": 0.02564102564102564}, "UTTAR PRADESH": {"global_perc": 9.365575889261431e-06, "local_perc": 0.02564102564102564}, "UTTARAKHAND": {"global_perc": 0.001071875186089442, "local_perc": 0.46153846153846156}}, "partition_field": "Stat_Nam", "Vil_Nam": "Rumthiyal Gaon", "Stat_Nam": "UTTARAKHAND"}, {"data": [["Tot_Hous", 19.0], ["Tot_Mal_Pop_of_Vil", 17.0], 1.1176470588235294], "data_low": {"Stat_Nam": "UTTARAKHAND", "Vil_Nam": "Ghandiyal", "Tot_Hous": "10", "Tot_Mal_Pop_of_Vil": "9", "id": 42864}, "data_high": {"Stat_Nam": "Maharashtra", "Vil_Nam": "Vanjale", "Tot_Hous": "92", "Tot_Mal_Pop_of_Vil": "89", "id": 533541}, "perc": 0.009153318077803204, "metric": 214.87686206437047, "value_global_local": {"ANDHRA PRADESH": {"global_perc": 3.597122302158273e-05, "local_perc": 0.017543859649122806}, "ASSAM": {"global_perc": 3.7885963250615644e-05, "local_perc": 0.017543859649122806}, "HIMACHAL PRADESH": {"global_perc": 9.666505558240696e-05, "local_perc": 0.03508771929824561}, "JHARKHAND": {"global_perc": 3.086991418163858e-05, "local_perc": 0.017543859649122806}, "KARNATAKA": {"global_perc": 3.408316291751875e-05, "local_perc": 0.017543859649122806}, "Maharashtra": {"global_perc": 0.00034352456200618345, "local_perc": 0.2631578947368421}, "ODISHA": {"global_perc": 1.948823884785532e-05, "local_perc": 0.017543859649122806}, "RAJASTHAN": {"global_perc": 2.238538681948424e-05, "local_perc": 0.017543859649122806}, "UTTAR PRADESH": {"global_perc": 5.619345533556858e-05, "local_perc": 0.10526315789473684}, "UTTARAKHAND": {"global_perc": 0.0016078127791341631, "local_perc": 0.47368421052631576}, "West Bengal": {"global_perc": 2.4864488537470783e-05, "local_perc": 0.017543859649122806}}, "partition_field": "Stat_Nam", "Vil_Nam": "Simlasu", "Stat_Nam": "UTTARAKHAND"}, {"data": [["Tot_Hous", 60.0], ["Tot_Mal_Pop_of_Vil", 59.0], 1.0169491525423728], "data_low": {"Stat_Nam": "JAMMU & KASHMIR", "Vil_Nam": "Ramgarh", "Tot_Hous": "1", "Tot_Mal_Pop_of_Vil": "1", "id": 2119}, "data_high": {"Stat_Nam": "Maharashtra", "Vil_Nam": "Umarath Kh.", "Tot_Hous": "98", "Tot_Mal_Pop_of_Vil": "97", "id": 544105}, "perc": 0.24778192621140951, "metric": 199.42726658065826, "value_global_local": {"ANDAMAN & NICOBAR ISLANDS": {"global_perc": 0.021621621621621623, "local_perc": 0.007777057679844459}, "ANDHRA PRADESH": {"global_perc": 0.0009352517985611511, "local_perc": 0.016850291639662993}, "ASSAM": {"global_perc": 0.0016669823830270884, "local_perc": 0.028515878159429683}, "Arunachal Pradesh": {"global_perc": 0.01288244766505636, "local_perc": 0.046662346079066754}, "BIHAR": {"global_perc": 0.000779961670455052, "local_perc": 0.02268308489954634}, "CHHATTISGARH": {"global_perc": 0.0007453045811388254, "local_perc": 0.009721322099805573}, "HARYANA": {"global_perc": 0.000730887297178775, "local_perc": 0.0032404406999351912}, "HIMACHAL PRADESH": {"global_perc": 0.0061865635572740454, "local_perc": 0.0829552819183409}, "JAMMU & KASHMIR": {"global_perc": 0.0010682130321989928, "local_perc": 0.004536616979909268}, "JHARKHAND": {"global_perc": 0.0024387232203494473, "local_perc": 0.05119896305897602}, "KARNATAKA": {"global_perc": 0.0016700749829584186, "local_perc": 0.031756318859364877}, "MADHYA PRADESH": {"global_perc": 0.0024224541464036575, "local_perc": 0.08619572261827609}, "MANIPUR": {"global_perc": 0.0007748934521503294, "local_perc": 0.0012961762799740765}, "Maharashtra": {"global_perc": 0.0029543112332531775, "local_perc": 0.08360337005832794}, "Meghalaya": {"global_perc": 0.001754642491592338, "local_perc": 0.007777057679844459}, "NAGALAND": {"global_perc": 0.0028011204481792717, "local_perc": 0.002592352559948153}, "ODISHA": {"global_perc": 0.0025919357667647577, "local_perc": 0.08619572261827609}, "Punjab": {"global_perc": 0.0008743343136475638, "local_perc": 0.007128969539857421}, "RAJASTHAN": {"global_perc": 0.0015669770773638968, "local_perc": 0.04536616979909268}, "SIKKIM": {"global_perc": 0.011086474501108648, "local_perc": 0.0032404406999351912}, "Tamil Nadu": {"global_perc": 0.0003754928343450779, "local_perc": 0.0038885288399222295}, "UTTAR PRADESH": {"global_perc": 0.0024256841553187106, "local_perc": 0.1678548282566429}, "UTTARAKHAND": {"global_perc": 0.016137676412791045, "local_perc": 0.17563188593648738}, "West Bengal": {"global_perc": 0.0008951215873489483, "local_perc": 0.023331173039533377}}, "partition_field": "Stat_Nam", "Vil_Nam": "Kolvat", "Stat_Nam": "Maharashtra"}, {"data": [["Tot_Hous", 22.0], ["Tot_Mal_Pop_of_Vil", 24.0], 0.9166666666666666], "data_low": {"Stat_Nam": "UTTARAKHAND", "Vil_Nam": "Tola Sari", "Tot_Hous": "10", "Tot_Mal_Pop_of_Vil": "11", "id": 48411}, "data_high": {"Stat_Nam": "ANDHRA PRADESH", "Vil_Nam": "Telineelapuram", "Tot_Hous": "97", "Tot_Mal_Pop_of_Vil": "106", "id": 559433}, "perc": 0.07113894576257578, "metric": 184.8789042196178, "value_global_local": {"ANDAMAN & NICOBAR ISLANDS": {"global_perc": 0.0036036036036036037, "local_perc": 0.004514672686230248}, "ANDHRA PRADESH": {"global_perc": 0.001223021582733813, "local_perc": 0.07674943566591422}, "ASSAM": {"global_perc": 0.0005682894487592347, "local_perc": 0.033860045146726865}, "Arunachal Pradesh": {"global_perc": 0.0026838432635534087, "local_perc": 0.033860045146726865}, "BIHAR": {"global_perc": 0.00011142309577929313, "local_perc": 0.011286681715575621}, "CHHATTISGARH": {"global_perc": 0.00014906091622776508, "local_perc": 0.006772009029345372}, "GOA": {"global_perc": 0.0029940119760479044, "local_perc": 0.002257336343115124}, "HIMACHAL PRADESH": {"global_perc": 0.001304978250362494, "local_perc": 0.060948081264108354}, "JAMMU & KASHMIR": {"global_perc": 0.00015260186174271325, "local_perc": 0.002257336343115124}, "JHARKHAND": {"global_perc": 0.0002469593134531086, "local_perc": 0.01805869074492099}, "KARNATAKA": {"global_perc": 0.00034083162917518747, "local_perc": 0.022573363431151242}, "MADHYA PRADESH": {"global_perc": 0.00014571152760322752, "local_perc": 0.01805869074492099}, "MANIPUR": {"global_perc": 0.0015497869043006587, "local_perc": 0.009029345372460496}, "Maharashtra": {"global_perc": 0.0018550326348333907, "local_perc": 0.18284424379232506}, "NAGALAND": {"global_perc": 0.0007002801120448179, "local_perc": 0.002257336343115124}, "ODISHA": {"global_perc": 0.0006431118819792256, "local_perc": 0.0744920993227991}, "Punjab": {"global_perc": 7.948493760432397e-05, "local_perc": 0.002257336343115124}, "RAJASTHAN": {"global_perc": 6.715616045845272e-05, "local_perc": 0.006772009029345372}, "Tamil Nadu": {"global_perc": 0.0006258213905751299, "local_perc": 0.022573363431151242}, "UTTAR PRADESH": {"global_perc": 8.429018300335288e-05, "local_perc": 0.020316027088036117}, "UTTARAKHAND": {"global_perc": 0.009765973917703806, "local_perc": 0.37020316027088035}, "West Bengal": {"global_perc": 0.00019891590829976627, "local_perc": 0.01805869074492099}}, "partition_field": "Stat_Nam", "Vil_Nam": "Panaw", "Stat_Nam": "UTTARAKHAND"}, {"data": [["Tot_Hous", 71.0], ["Tot_Mal_Pop_of_Vil", 87.0], 0.8160919540229885], "data_low": {"Stat_Nam": "HIMACHAL PRADESH", "Vil_Nam": "Bohal (20)", "Tot_Hous": "10", "Tot_Mal_Pop_of_Vil": "13", "id": 13317}, "data_high": {"Stat_Nam": "ANDHRA PRADESH", "Vil_Nam": "Cheruvupalem", "Tot_Hous": "99", "Tot_Mal_Pop_of_Vil": "130", "id": 565543}, "perc": 0.24103737604881773, "metric": 169.64504832934676, "value_global_local": {"ANDAMAN & NICOBAR ISLANDS": {"global_perc": 0.009009009009009009, "local_perc": 0.0033311125916055963}, "ANDHRA PRADESH": {"global_perc": 0.007122302158273381, "local_perc": 0.13191205862758162}, "ASSAM": {"global_perc": 0.0009471490812653912, "local_perc": 0.016655562958027982}, "Arunachal Pradesh": {"global_perc": 0.008051529790660225, "local_perc": 0.029980013324450366}, "BIHAR": {"global_perc": 0.00026741542987030354, "local_perc": 0.007994670219853431}, "CHHATTISGARH": {"global_perc": 0.001291861273973964, "local_perc": 0.017321785476349102}, "HARYANA": {"global_perc": 0.000146177459435755, "local_perc": 0.0006662225183211193}, "HIMACHAL PRADESH": {"global_perc": 0.005219913001449976, "local_perc": 0.07195203197868089}, "JAMMU & KASHMIR": {"global_perc": 0.0003052037234854265, "local_perc": 0.0013324450366422385}, "JHARKHAND": {"global_perc": 0.0007717478545409644, "local_perc": 0.016655562958027982}, "KARNATAKA": {"global_perc": 0.0015337423312883436, "local_perc": 0.029980013324450366}, "MADHYA PRADESH": {"global_perc": 0.0009289109884705754, "local_perc": 0.03397734843437708}, "MANIPUR": {"global_perc": 0.004261913986826811, "local_perc": 0.0073284477015323115}, "Maharashtra": {"global_perc": 0.0049925569678232, "local_perc": 0.145236508994004}, "Meghalaya": {"global_perc": 0.0004386606228980845, "local_perc": 0.001998667554963358}, "NAGALAND": {"global_perc": 0.004201680672268907, "local_perc": 0.003997335109926716}, "ODISHA": {"global_perc": 0.002942724066026153, "local_perc": 0.10059960026648901}, "Punjab": {"global_perc": 0.00015896987520864795, "local_perc": 0.0013324450366422385}, "RAJASTHAN": {"global_perc": 0.00040293696275071634, "local_perc": 0.011992005329780146}, "SIKKIM": {"global_perc": 0.0022172949002217295, "local_perc": 0.0006662225183211193}, "Tamil Nadu": {"global_perc": 0.0021903748670129546, "local_perc": 0.023317788141239172}, "UTTAR PRADESH": {"global_perc": 0.0005151066739093787, "local_perc": 0.03664223850766156}, "UTTARAKHAND": {"global_perc": 0.026499136544988984, "local_perc": 0.29646902065289804}, "West Bengal": {"global_perc": 0.00032323835098712017, "local_perc": 0.008660892738174551}}, "partition_field": "Stat_Nam", "Vil_Nam": "Hera Chak", "Stat_Nam": "UTTAR PRADESH"}, {"data": [["Tot_Hous", 58.0], ["Tot_Mal_Pop_of_Vil", 81.0], 0.7160493827160493], "data_low": {"Stat_Nam": "JAMMU & KASHMIR", "Vil_Nam": "Dillon", "Tot_Hous": "10", "Tot_Mal_Pop_of_Vil": "14", "id": 6031}, "data_high": {"Stat_Nam": "ANDHRA PRADESH", "Vil_Nam": "Mahadevuniguda", "Tot_Hous": "99", "Tot_Mal_Pop_of_Vil": "139", "id": 556870}, "perc": 0.24778192621140951, "metric": 154.7939956051323, "value_global_local": {"ANDAMAN & NICOBAR ISLANDS": {"global_perc": 0.005405405405405406, "local_perc": 0.0019442644199611147}, "ANDHRA PRADESH": {"global_perc": 0.009532374100719424, "local_perc": 0.17174335709656513}, "ASSAM": {"global_perc": 0.0006061754120098503, "local_perc": 0.010369410239792612}, "Arunachal Pradesh": {"global_perc": 0.005367686527106817, "local_perc": 0.019442644199611146}, "BIHAR": {"global_perc": 0.000178276953246869, "local_perc": 0.005184705119896306}, "CHHATTISGARH": {"global_perc": 0.0018384179668091026, "local_perc": 0.023979261179520414}, "HIMACHAL PRADESH": {"global_perc": 0.005219913001449976, "local_perc": 0.06999351911860013}, "JAMMU & KASHMIR": {"global_perc": 0.0003052037234854265, "local_perc": 0.0012961762799740765}, "JHARKHAND": {"global_perc": 0.0003395690559980243, "local_perc": 0.007128969539857421}, "KARNATAKA": {"global_perc": 0.0019427402862985685, "local_perc": 0.03694102397926118}, "MADHYA PRADESH": {"global_perc": 0.0005828461104129101, "local_perc": 0.020738820479585224}, "MANIPUR": {"global_perc": 0.004261913986826811, "local_perc": 0.007128969539857421}, "MIZORAM": {"global_perc": 0.0012048192771084338, "local_perc": 0.0006480881399870382}, "Maharashtra": {"global_perc": 0.0036642619947326233, "local_perc": 0.10369410239792612}, "Meghalaya": {"global_perc": 0.00014622020763269483, "local_perc": 0.0006480881399870382}, "NAGALAND": {"global_perc": 0.0063025210084033615, "local_perc": 0.005832793259883344}, "ODISHA": {"global_perc": 0.004599224368093856, "local_perc": 0.15294880103694103}, "Punjab": {"global_perc": 0.0003179397504172959, "local_perc": 0.002592352559948153}, "RAJASTHAN": {"global_perc": 0.0001566977077363897, "local_perc": 0.004536616979909268}, "Tamil Nadu": {"global_perc": 0.006133049627636273, "local_perc": 0.06351263771872975}, "UTTAR PRADESH": {"global_perc": 0.00028096727667784293, "local_perc": 0.019442644199611146}, "UTTARAKHAND": {"global_perc": 0.023462156851068897, "local_perc": 0.25534672715489304}, "West Bengal": {"global_perc": 0.000571883236361828, "local_perc": 0.014906027219701879}}, "partition_field": "Stat_Nam", "Vil_Nam": "Must", "Stat_Nam": "UTTARAKHAND"}]