[{"data": [["Fam_Wel_Cen_Doc_In_Pos_Num", 0.0], ["Fam_Wel_Cen_Par_Med_Staf_Tot_Stren_Num", 2.0], 0.0], "data_low": {"Stat_Nam": "HIMACHAL PRADESH", "Vil_Nam": "Muhal Gojra (20/20)", "Fam_Wel_Cen_Doc_In_Pos_Num": "", "Fam_Wel_Cen_Par_Med_Staf_Tot_Stren_Num": "1", "id": 12596}, "data_high": {"Stat_Nam": "UTTAR PRADESH", "Vil_Nam": "Lakhanapur", "Fam_Wel_Cen_Doc_In_Pos_Num": "1", "Fam_Wel_Cen_Par_Med_Staf_Tot_Stren_Num": "22", "id": 143957}, "perc": 2.197278092255811, "metric": 97.80272288596704, "value_global_local": {"ANDAMAN & NICOBAR ISLANDS": {"global_perc": 0.016216216216216217, "local_perc": 0.00065775049331287}, "ASSAM": {"global_perc": 0.0002652017427543095, "local_perc": 0.0005115837170211211}, "Arunachal Pradesh": {"global_perc": 0.0003578457684737878, "local_perc": 0.00014616677629174888}, "BIHAR": {"global_perc": 0.05370593216561929, "local_perc": 0.1761309654315574}, "GOA": {"global_perc": 0.0029940119760479044, "local_perc": 7.308338814587444e-05}, "HARYANA": {"global_perc": 0.004531501242508405, "local_perc": 0.002265585032522108}, "HIMACHAL PRADESH": {"global_perc": 0.001208313194780087, "local_perc": 0.0018270847036468611}, "JAMMU & KASHMIR": {"global_perc": 0.00015260186174271325, "local_perc": 7.308338814587444e-05}, "JHARKHAND": {"global_perc": 0.0036426498734333517, "local_perc": 0.008623839801213184}, "KARNATAKA": {"global_perc": 0.20538513974096795, "local_perc": 0.44040049696703937}, "MIZORAM": {"global_perc": 0.0024096385542168677, "local_perc": 0.00014616677629174888}, "NAGALAND": {"global_perc": 0.004201680672268907, "local_perc": 0.0004385003288752467}, "PUDUCHERRY": {"global_perc": 0.03333333333333333, "local_perc": 0.00021925016443762334}, "SIKKIM": {"global_perc": 0.3170731707317073, "local_perc": 0.010450924504860045}, "TRIPURA": {"global_perc": 0.010285714285714285, "local_perc": 0.00065775049331287}, "Tamil Nadu": {"global_perc": 0.0025658677013580323, "local_perc": 0.002996418913980852}, "UTTAR PRADESH": {"global_perc": 0.03819281847640812, "local_perc": 0.29803405685887596}, "UTTARAKHAND": {"global_perc": 0.011671529804085035, "local_perc": 0.01432434407659139}, "West Bengal": {"global_perc": 0.014297080909045702, "local_perc": 0.042022948183877806}}, "partition_field": "Stat_Nam", "Vil_Nam": "Keshwan", "Stat_Nam": "JAMMU & KASHMIR"}, {"data": [["Fam_Wel_Cen_Doc_In_Pos_Num", 2.0], ["Fam_Wel_Cen_Par_Med_Staf_Tot_Stren_Num", 19.0], 0.10526315789473684], "data_low": {"Stat_Nam": "Punjab", "Vil_Nam": "Katani Kalan (212)", "Fam_Wel_Cen_Doc_In_Pos_Num": "1", "Fam_Wel_Cen_Par_Med_Staf_Tot_Stren_Num": "9", "id": 33180}, "data_high": {"Stat_Nam": "PUDUCHERRY", "Vil_Nam": "Nedungadu", "Fam_Wel_Cen_Doc_In_Pos_Num": "6", "Fam_Wel_Cen_Par_Med_Staf_Tot_Stren_Num": "30", "id": 622157}, "perc": 0.09426311774860492, "metric": 99.90573777632362, "value_global_local": {"": {"global_perc": 0.001105825164433898, "local_perc": 0.9812606473594548}, "ANDIPATTI": {"global_perc": 0.25, "local_perc": 0.0017035775127768314}, "BASOLI MALLI": {"global_perc": 0.5, "local_perc": 0.0017035775127768314}, "BORAGAONWADI": {"global_perc": 1.0, "local_perc": 0.0017035775127768314}, "DHNGULI": {"global_perc": 1.0, "local_perc": 0.0017035775127768314}, "DUNGRI MALLI": {"global_perc": 0.5, "local_perc": 0.0017035775127768314}, "GHINDWARA": {"global_perc": 0.14285714285714285, "local_perc": 0.0017035775127768314}, "GUDRI": {"global_perc": 0.25, "local_perc": 0.0017035775127768314}, "KAFOL GAON TALLA": {"global_perc": 0.5, "local_perc": 0.0017035775127768314}, "KANDI": {"global_perc": 0.08333333333333333, "local_perc": 0.0017035775127768314}, "MALAU": {"global_perc": 1.0, "local_perc": 0.0017035775127768314}, "VADAKATTUPATTI": {"global_perc": 1.0, "local_perc": 0.0017035775127768314}}, "partition_field": "Near_Vil_Tow_Nam_hav_Prim_School", "Vil_Nam": "Nettapakkam", "Stat_Nam": "PUDUCHERRY"}, {"data": [["Fam_Wel_Cen_Doc_In_Pos_Num", 3.0], ["Fam_Wel_Cen_Par_Med_Staf_Tot_Stren_Num", 14.0], 0.21428571428571427], "data_low": {"Stat_Nam": "JAMMU & KASHMIR", "Vil_Nam": "Husan Gam", "Fam_Wel_Cen_Doc_In_Pos_Num": "1", "Fam_Wel_Cen_Par_Med_Staf_Tot_Stren_Num": "4", "id": 2690}, "data_high": {"Stat_Nam": "Tamil Nadu", "Vil_Nam": "Desavilakku", "Fam_Wel_Cen_Doc_In_Pos_Num": "8", "Fam_Wel_Cen_Par_Med_Staf_Tot_Stren_Num": "27", "id": 611290}, "perc": 0.2277088602513148, "metric": 99.77229192383065, "value_global_local": {"": {"global_perc": 0.0026935290029527067, "local_perc": 0.9894217207334274}, "BASANTPUR": {"global_perc": 0.02564102564102564, "local_perc": 0.0007052186177715092}, "BASAULI": {"global_perc": 0.3333333333333333, "local_perc": 0.0007052186177715092}, "DABARI": {"global_perc": 1.0, "local_perc": 0.0007052186177715092}, "DAWAL GARH": {"global_perc": 0.25, "local_perc": 0.0007052186177715092}, "DUNGRI MALLI": {"global_perc": 0.5, "local_perc": 0.0007052186177715092}, "GAGELISAUR": {"global_perc": 1.0, "local_perc": 0.0007052186177715092}, "GHURET": {"global_perc": 1.0, "local_perc": 0.0007052186177715092}, "GRASTANGANJ": {"global_perc": 1.0, "local_perc": 0.0007052186177715092}, "GURPHALI": {"global_perc": 1.0, "local_perc": 0.0007052186177715092}, "KAKWARA": {"global_perc": 1.0, "local_perc": 0.0007052186177715092}, "KOLARI": {"global_perc": 1.0, "local_perc": 0.0007052186177715092}, "KULLATHILVAI": {"global_perc": 0.3333333333333333, "local_perc": 0.0007052186177715092}, "KUMIZHI": {"global_perc": 1.0, "local_perc": 0.0007052186177715092}, "N.A.": {"global_perc": 9.471490812653911e-05, "local_perc": 0.0007052186177715092}, "SAGANUR": {"global_perc": 0.5, "local_perc": 0.0007052186177715092}}, "partition_field": "Near_Vil_Tow_Nam_hav_Prim_School", "Vil_Nam": "Mudbi", "Stat_Nam": "KARNATAKA"}, {"data": [["Fam_Wel_Cen_Doc_In_Pos_Num", 6.0], ["Fam_Wel_Cen_Par_Med_Staf_Tot_Stren_Num", 19.0], 0.3157894736842105], "data_low": {"Stat_Nam": "JAMMU & KASHMIR", "Vil_Nam": "Ration Pora", "Fam_Wel_Cen_Doc_In_Pos_Num": "1", "Fam_Wel_Cen_Par_Med_Staf_Tot_Stren_Num": "3", "id": 82}, "data_high": {"Stat_Nam": "Tamil Nadu", "Vil_Nam": "Vadakuthu", "Fam_Wel_Cen_Doc_In_Pos_Num": "9", "Fam_Wel_Cen_Par_Med_Staf_Tot_Stren_Num": "27", "id": 614041}, "perc": 0.40692119314304065, "metric": 99.59307948841959, "value_global_local": {"ANDHRA PRADESH": {"global_perc": 0.0005035971223021583, "local_perc": 0.0055248618784530384}, "ASSAM": {"global_perc": 0.01200985035044516, "local_perc": 0.1250986582478295}, "BIHAR": {"global_perc": 0.0019833311048714176, "local_perc": 0.0351223362273086}, "GOA": {"global_perc": 0.0029940119760479044, "local_perc": 0.0003946329913180742}, "HARYANA": {"global_perc": 0.000146177459435755, "local_perc": 0.0003946329913180742}, "HIMACHAL PRADESH": {"global_perc": 9.666505558240696e-05, "local_perc": 0.0007892659826361484}, "JAMMU & KASHMIR": {"global_perc": 0.0028994353731115518, "local_perc": 0.00749802683504341}, "JHARKHAND": {"global_perc": 0.00027782922763474715, "local_perc": 0.003551696921862668}, "KARNATAKA": {"global_perc": 0.0006816632583503749, "local_perc": 0.007892659826361484}, "MADHYA PRADESH": {"global_perc": 0.0003278509371072619, "local_perc": 0.007103393843725336}, "MANIPUR": {"global_perc": 0.0003874467260751647, "local_perc": 0.0003946329913180742}, "NCT OF DELHI": {"global_perc": 0.008928571428571428, "local_perc": 0.0003946329913180742}, "PUDUCHERRY": {"global_perc": 0.022222222222222223, "local_perc": 0.0007892659826361484}, "Punjab": {"global_perc": 0.0022255782529210714, "local_perc": 0.011049723756906077}, "RAJASTHAN": {"global_perc": 0.03019788681948424, "local_perc": 0.5323599052880821}, "SIKKIM": {"global_perc": 0.004434589800443459, "local_perc": 0.0007892659826361484}, "TRIPURA": {"global_perc": 0.0034285714285714284, "local_perc": 0.0011838989739542227}, "Tamil Nadu": {"global_perc": 0.030039426747606235, "local_perc": 0.1894238358326756}, "UTTAR PRADESH": {"global_perc": 0.0009271920130368817, "local_perc": 0.039068666140489344}, "UTTARAKHAND": {"global_perc": 0.003989757637110701, "local_perc": 0.02644041041831097}, "West Bengal": {"global_perc": 0.0002983738624496494, "local_perc": 0.004735595895816891}}, "partition_field": "Stat_Nam", "Vil_Nam": "Mannadipet", "Stat_Nam": "PUDUCHERRY"}, {"data": [["Fam_Wel_Cen_Doc_In_Pos_Num", 3.0], ["Fam_Wel_Cen_Par_Med_Staf_Tot_Stren_Num", 7.0], 0.42857142857142855], "data_low": {"Stat_Nam": "JAMMU & KASHMIR", "Vil_Nam": "Sogam", "Fam_Wel_Cen_Doc_In_Pos_Num": "1", "Fam_Wel_Cen_Par_Med_Staf_Tot_Stren_Num": "2", "id": 36}, "data_high": {"Stat_Nam": "PUDUCHERRY", "Vil_Nam": "Ramanathapuram", "Fam_Wel_Cen_Doc_In_Pos_Num": "6", "Fam_Wel_Cen_Par_Med_Staf_Tot_Stren_Num": "12", "id": 622107}, "perc": 0.4085270384198482, "metric": 99.59147353078812, "value_global_local": {"ANDHRA PRADESH": {"global_perc": 0.0009712230215827338, "local_perc": 0.01061320754716981}, "ASSAM": {"global_perc": 0.0004167455957567721, "local_perc": 0.004323899371069182}, "Arunachal Pradesh": {"global_perc": 0.0007156915369475756, "local_perc": 0.0015723270440251573}, "BIHAR": {"global_perc": 0.013348486874359317, "local_perc": 0.23545597484276728}, "CHANDIGARH": {"global_perc": 0.2, "local_perc": 0.00039308176100628933}, "HARYANA": {"global_perc": 0.00175412951322906, "local_perc": 0.0047169811320754715}, "HIMACHAL PRADESH": {"global_perc": 0.00038666022232962784, "local_perc": 0.0031446540880503146}, "JAMMU & KASHMIR": {"global_perc": 0.019075232717839157, "local_perc": 0.049135220125786166}, "JHARKHAND": {"global_perc": 0.002623942705439279, "local_perc": 0.03341194968553459}, "KARNATAKA": {"global_perc": 0.007396046353101568, "local_perc": 0.08529874213836477}, "MADHYA PRADESH": {"global_perc": 0.002622807496858095, "local_perc": 0.05660377358490566}, "MANIPUR": {"global_perc": 0.0003874467260751647, "local_perc": 0.00039308176100628933}, "NCT OF DELHI": {"global_perc": 0.017857142857142856, "local_perc": 0.0007861635220125787}, "ODISHA": {"global_perc": 0.008652778048447761, "local_perc": 0.17452830188679244}, "PUDUCHERRY": {"global_perc": 0.06666666666666667, "local_perc": 0.0023584905660377358}, "Punjab": {"global_perc": 0.003656307129798903, "local_perc": 0.018081761006289308}, "RAJASTHAN": {"global_perc": 6.715616045845272e-05, "local_perc": 0.0011792452830188679}, "SIKKIM": {"global_perc": 0.0022172949002217295, "local_perc": 0.00039308176100628933}, "TRIPURA": {"global_perc": 0.004571428571428572, "local_perc": 0.0015723270440251573}, "Tamil Nadu": {"global_perc": 0.0003754928343450779, "local_perc": 0.0023584905660377358}, "UTTAR PRADESH": {"global_perc": 0.006827504823271583, "local_perc": 0.2865566037735849}, "UTTARAKHAND": {"global_perc": 0.002798785208122432, "local_perc": 0.018474842767295597}, "West Bengal": {"global_perc": 0.0005470187478243573, "local_perc": 0.008647798742138365}}, "partition_field": "Stat_Nam", "Vil_Nam": "Kathoomar", "Stat_Nam": "RAJASTHAN"}, {"data": [["Fam_Wel_Cen_Doc_In_Pos_Num", 4.0], ["Fam_Wel_Cen_Par_Med_Staf_Tot_Stren_Num", 7.0], 0.5714285714285714], "data_low": {"Stat_Nam": "JAMMU & KASHMIR", "Vil_Nam": "Gushi", "Fam_Wel_Cen_Doc_In_Pos_Num": "2", "Fam_Wel_Cen_Par_Med_Staf_Tot_Stren_Num": "3", "id": 59}, "data_high": {"Stat_Nam": "UTTAR PRADESH", "Vil_Nam": "Mathura Bangar", "Fam_Wel_Cen_Doc_In_Pos_Num": "8", "Fam_Wel_Cen_Par_Med_Staf_Tot_Stren_Num": "12", "id": 123611}, "perc": 0.024087679152113694, "metric": 99.97591274940179, "value_global_local": {"ANDHRA PRADESH": {"global_perc": 0.0003956834532374101, "local_perc": 0.07333333333333333}, "ASSAM": {"global_perc": 3.7885963250615644e-05, "local_perc": 0.006666666666666667}, "Arunachal Pradesh": {"global_perc": 0.0001789228842368939, "local_perc": 0.006666666666666667}, "BIHAR": {"global_perc": 0.0005571154788964656, "local_perc": 0.16666666666666666}, "HARYANA": {"global_perc": 0.000146177459435755, "local_perc": 0.006666666666666667}, "HIMACHAL PRADESH": {"global_perc": 4.833252779120348e-05, "local_perc": 0.006666666666666667}, "JAMMU & KASHMIR": {"global_perc": 0.0028994353731115518, "local_perc": 0.12666666666666668}, "JHARKHAND": {"global_perc": 0.0003395690559980243, "local_perc": 0.07333333333333333}, "KARNATAKA": {"global_perc": 6.81663258350375e-05, "local_perc": 0.013333333333333334}, "MADHYA PRADESH": {"global_perc": 0.00027320911425605157, "local_perc": 0.1}, "Punjab": {"global_perc": 0.00023845481281297194, "local_perc": 0.02}, "RAJASTHAN": {"global_perc": 0.0008282593123209169, "local_perc": 0.24666666666666667}, "SIKKIM": {"global_perc": 0.004434589800443459, "local_perc": 0.013333333333333334}, "TRIPURA": {"global_perc": 0.002285714285714286, "local_perc": 0.013333333333333334}, "UTTAR PRADESH": {"global_perc": 0.0001498492142281829, "local_perc": 0.10666666666666667}, "West Bengal": {"global_perc": 7.459346561241235e-05, "local_perc": 0.02}}, "partition_field": "Stat_Nam", "Vil_Nam": "Balag (25)", "Stat_Nam": "HIMACHAL PRADESH"}, {"data": [["Fam_Wel_Cen_Doc_In_Pos_Num", 9.0], ["Fam_Wel_Cen_Par_Med_Staf_Tot_Stren_Num", 13.0], 0.6923076923076923], "data_low": {"Stat_Nam": "UTTAR PRADESH", "Vil_Nam": "Ramnagar Sikari", "Fam_Wel_Cen_Doc_In_Pos_Num": "18", "Fam_Wel_Cen_Par_Med_Staf_Tot_Stren_Num": "25", "id": 210648}, "data_high": {"Stat_Nam": "West Bengal", "Vil_Nam": "Goalpota", "Fam_Wel_Cen_Doc_In_Pos_Num": "9", "Fam_Wel_Cen_Par_Med_Staf_Tot_Stren_Num": "13", "id": 330938}, "perc": 0.0036934441366574334, "metric": 99.99630686360582, "value_global_local": {"ASSAM": {"global_perc": 3.7885963250615644e-05, "local_perc": 0.043478260869565216}, "JAMMU & KASHMIR": {"global_perc": 0.00015260186174271325, "local_perc": 0.043478260869565216}, "MADHYA PRADESH": {"global_perc": 0.00020035335045443783, "local_perc": 0.4782608695652174}, "Punjab": {"global_perc": 7.948493760432397e-05, "local_perc": 0.043478260869565216}, "UTTAR PRADESH": {"global_perc": 7.492460711409145e-05, "local_perc": 0.34782608695652173}, "West Bengal": {"global_perc": 2.4864488537470783e-05, "local_perc": 0.043478260869565216}}, "partition_field": "Stat_Nam", "Vil_Nam": "Goalpota", "Stat_Nam": "West Bengal"}, {"data": [["Fam_Wel_Cen_Doc_In_Pos_Num", 4.0], ["Fam_Wel_Cen_Par_Med_Staf_Tot_Stren_Num", 5.0], 0.8], "data_low": {"Stat_Nam": "UTTAR PRADESH", "Vil_Nam": "Babhani Gaharwar", "Fam_Wel_Cen_Doc_In_Pos_Num": "4", "Fam_Wel_Cen_Par_Med_Staf_Tot_Stren_Num": "5", "id": 210774}, "data_high": {"Stat_Nam": "UTTAR PRADESH", "Vil_Nam": "Basrehar", "Fam_Wel_Cen_Doc_In_Pos_Num": "5", "Fam_Wel_Cen_Par_Med_Staf_Tot_Stren_Num": "6", "id": 146759}, "perc": 0.0004817535830422739, "metric": 99.999518446456, "value_global_local": {}, "partition_field": null, "Vil_Nam": "Babhani Gaharwar", "Stat_Nam": "UTTAR PRADESH"}, {"data": [["Fam_Wel_Cen_Doc_In_Pos_Num", 3.0], ["Fam_Wel_Cen_Par_Med_Staf_Tot_Stren_Num", 3.0], 1.0], "data_low": {"Stat_Nam": "JAMMU & KASHMIR", "Vil_Nam": "Krala Gund", "Fam_Wel_Cen_Doc_In_Pos_Num": "1", "Fam_Wel_Cen_Par_Med_Staf_Tot_Stren_Num": "1", "id": 296}, "data_high": {"Stat_Nam": "JHARKHAND", "Vil_Nam": "Sarjomhatu", "Fam_Wel_Cen_Doc_In_Pos_Num": "7", "Fam_Wel_Cen_Par_Med_Staf_Tot_Stren_Num": "7", "id": 375144}, "perc": 1.1446465133084427, "metric": 98.85535348669156, "value_global_local": {"ANDHRA PRADESH": {"global_perc": 0.0002158273381294964, "local_perc": 0.0008417508417508417}, "ASSAM": {"global_perc": 0.011138473195681, "local_perc": 0.041245791245791245}, "Arunachal Pradesh": {"global_perc": 0.0010735373054213634, "local_perc": 0.0008417508417508417}, "BIHAR": {"global_perc": 0.026362704461380754, "local_perc": 0.1659652076318743}, "GOA": {"global_perc": 0.11976047904191617, "local_perc": 0.005611672278338945}, "HARYANA": {"global_perc": 0.00321590410758661, "local_perc": 0.0030864197530864196}, "HIMACHAL PRADESH": {"global_perc": 0.007249879168680522, "local_perc": 0.021043771043771045}, "JAMMU & KASHMIR": {"global_perc": 0.009156111704562795, "local_perc": 0.008417508417508417}, "JHARKHAND": {"global_perc": 0.01213187627338396, "local_perc": 0.055134680134680134}, "KARNATAKA": {"global_perc": 0.023244717109747785, "local_perc": 0.09567901234567901}, "KERALA": {"global_perc": 0.5648330058939096, "local_perc": 0.08066778900112233}, "MADHYA PRADESH": {"global_perc": 0.012804400488133617, "local_perc": 0.09862514029180695}, "MANIPUR": {"global_perc": 0.0003874467260751647, "local_perc": 0.00014029180695847364}, "Maharashtra": {"global_perc": 0.04273445551356922, "local_perc": 0.2617845117845118}, "Meghalaya": {"global_perc": 0.019154847199883022, "local_perc": 0.018378226711560045}, "NCT OF DELHI": {"global_perc": 0.044642857142857144, "local_perc": 0.0007014590347923681}, "PUDUCHERRY": {"global_perc": 0.2777777777777778, "local_perc": 0.0035072951739618407}, "Punjab": {"global_perc": 0.03258882441777283, "local_perc": 0.05751964085297419}, "RAJASTHAN": {"global_perc": 0.00022385386819484242, "local_perc": 0.0014029180695847362}, "SIKKIM": {"global_perc": 0.0066518847006651885, "local_perc": 0.00042087542087542086}, "TRIPURA": {"global_perc": 0.014857142857142857, "local_perc": 0.001823793490460157}, "UTTAR PRADESH": {"global_perc": 0.0039429074493790624, "local_perc": 0.0590628507295174}, "UTTARAKHAND": {"global_perc": 0.004466146608706008, "local_perc": 0.010521885521885523}, "West Bengal": {"global_perc": 0.0013426823810234224, "local_perc": 0.007575757575757576}}, "partition_field": "Stat_Nam", "Vil_Nam": "Shat Gund Bala", "Stat_Nam": "JAMMU & KASHMIR"}, {"data": [["Fam_Wel_Cen_Doc_In_Pos_Num", 4.0], ["Fam_Wel_Cen_Par_Med_Staf_Tot_Stren_Num", 3.0], 1.3333333333333333], "data_low": {"Stat_Nam": "RAJASTHAN", "Vil_Nam": "60 Lnp", "Fam_Wel_Cen_Doc_In_Pos_Num": "4", "Fam_Wel_Cen_Par_Med_Staf_Tot_Stren_Num": "3", "id": 64537}, "data_high": {"Stat_Nam": "UTTAR PRADESH", "Vil_Nam": "Patkhauli", "Fam_Wel_Cen_Doc_In_Pos_Num": "7", "Fam_Wel_Cen_Par_Med_Staf_Tot_Stren_Num": "5", "id": 210726}, "perc": 0.0027299369705728856, "metric": 99.99726972963853, "value_global_local": {}, "partition_field": null, "Vil_Nam": "60 Lnp", "Stat_Nam": "RAJASTHAN"}, {"data": [["Fam_Wel_Cen_Doc_In_Pos_Num", 3.0], ["Fam_Wel_Cen_Par_Med_Staf_Tot_Stren_Num", 2.0], 1.5], "data_low": {"Stat_Nam": "JAMMU & KASHMIR", "Vil_Nam": "Tikri", "Fam_Wel_Cen_Doc_In_Pos_Num": "3", "Fam_Wel_Cen_Par_Med_Staf_Tot_Stren_Num": "2", "id": 4829}, "data_high": {"Stat_Nam": "UTTAR PRADESH", "Vil_Nam": "Kotawa", "Fam_Wel_Cen_Doc_In_Pos_Num": "8", "Fam_Wel_Cen_Par_Med_Staf_Tot_Stren_Num": "5", "id": 199054}, "perc": 0.0017664298044883376, "metric": 99.99823307010432, "value_global_local": {}, "partition_field": null, "Vil_Nam": "Tikri", "Stat_Nam": "JAMMU & KASHMIR"}, {"data": [["Fam_Wel_Cen_Doc_In_Pos_Num", 5.0], ["Fam_Wel_Cen_Par_Med_Staf_Tot_Stren_Num", 3.0], 1.6666666666666667], "data_low": {"Stat_Nam": "UTTAR PRADESH", "Vil_Nam": "Mamari Mu. Daranagar", "Fam_Wel_Cen_Doc_In_Pos_Num": "5", "Fam_Wel_Cen_Par_Med_Staf_Tot_Stren_Num": "3", "id": 211313}, "data_high": {"Stat_Nam": "UTTAR PRADESH", "Vil_Nam": "Mamari Mu. Daranagar", "Fam_Wel_Cen_Doc_In_Pos_Num": "5", "Fam_Wel_Cen_Par_Med_Staf_Tot_Stren_Num": "3", "id": 211313}, "perc": 0.00016058452768075794, "metric": 99.99983874867337, "value_global_local": {}, "partition_field": null, "Vil_Nam": "Mamari Mu. Daranagar", "Stat_Nam": "UTTAR PRADESH"}, {"data": [["Fam_Wel_Cen_Doc_In_Pos_Num", 2.0], ["Fam_Wel_Cen_Par_Med_Staf_Tot_Stren_Num", 1.0], 2.0], "data_low": {"Stat_Nam": "JAMMU & KASHMIR", "Vil_Nam": "Gana Pora", "Fam_Wel_Cen_Doc_In_Pos_Num": "2", "Fam_Wel_Cen_Par_Med_Staf_Tot_Stren_Num": "1", "id": 193}, "data_high": {"Stat_Nam": "HIMACHAL PRADESH", "Vil_Nam": "Bathri Jarai  (82)", "Fam_Wel_Cen_Doc_In_Pos_Num": "4", "Fam_Wel_Cen_Par_Med_Staf_Tot_Stren_Num": "2", "id": 7324}, "perc": 0.0171825444618411, "metric": 99.98281645550998, "value_global_local": {"BIHAR": {"global_perc": 0.0004456923831171725, "local_perc": 0.18691588785046728}, "HARYANA": {"global_perc": 0.00029235491887151, "local_perc": 0.018691588785046728}, "HIMACHAL PRADESH": {"global_perc": 9.666505558240696e-05, "local_perc": 0.018691588785046728}, "JAMMU & KASHMIR": {"global_perc": 0.0003052037234854265, "local_perc": 0.018691588785046728}, "JHARKHAND": {"global_perc": 0.0004321787985429401, "local_perc": 0.1308411214953271}, "MADHYA PRADESH": {"global_perc": 0.0005828461104129101, "local_perc": 0.29906542056074764}, "Punjab": {"global_perc": 0.00047690962562594387, "local_perc": 0.056074766355140186}, "UTTAR PRADESH": {"global_perc": 0.00021540824545301292, "local_perc": 0.21495327102803738}, "UTTARAKHAND": {"global_perc": 0.00017864586434824034, "local_perc": 0.028037383177570093}, "West Bengal": {"global_perc": 7.459346561241235e-05, "local_perc": 0.028037383177570093}}, "partition_field": "Stat_Nam", "Vil_Nam": "Gana Pora", "Stat_Nam": "JAMMU & KASHMIR"}, {"data": [["Fam_Wel_Cen_Doc_In_Pos_Num", 9.0], ["Fam_Wel_Cen_Par_Med_Staf_Tot_Stren_Num", 4.0], 2.25], "data_low": {"Stat_Nam": "MADHYA PRADESH", "Vil_Nam": "Nagjhiri", "Fam_Wel_Cen_Doc_In_Pos_Num": "9", "Fam_Wel_Cen_Par_Med_Staf_Tot_Stren_Num": "4", "id": 475168}, "data_high": {"Stat_Nam": "MADHYA PRADESH", "Vil_Nam": "Nagjhiri", "Fam_Wel_Cen_Doc_In_Pos_Num": "9", "Fam_Wel_Cen_Par_Med_Staf_Tot_Stren_Num": "4", "id": 475168}, "perc": 0.00016058452768075794, "metric": 99.99983816522429, "value_global_local": {}, "partition_field": null, "Vil_Nam": "Nagjhiri", "Stat_Nam": "MADHYA PRADESH"}, {"data": [["Fam_Wel_Cen_Doc_In_Pos_Num", 5.0], ["Fam_Wel_Cen_Par_Med_Staf_Tot_Stren_Num", 2.0], 2.5], "data_low": {"Stat_Nam": "UTTARAKHAND", "Vil_Nam": "Sirodi", "Fam_Wel_Cen_Doc_In_Pos_Num": "5", "Fam_Wel_Cen_Par_Med_Staf_Tot_Stren_Num": "2", "id": 54239}, "data_high": {"Stat_Nam": "UTTARAKHAND", "Vil_Nam": "Sirodi", "Fam_Wel_Cen_Doc_In_Pos_Num": "5", "Fam_Wel_Cen_Par_Med_Staf_Tot_Stren_Num": "2", "id": 54239}, "perc": 0.0006423381107230318, "metric": 99.99935616159887, "value_global_local": {}, "partition_field": null, "Vil_Nam": "Sirodi", "Stat_Nam": "UTTARAKHAND"}, {"data": [["Fam_Wel_Cen_Doc_In_Pos_Num", 3.0], ["Fam_Wel_Cen_Par_Med_Staf_Tot_Stren_Num", 1.0], 3.0], "data_low": {"Stat_Nam": "UTTAR PRADESH", "Vil_Nam": "Dihawa Sher Bahadur Singh", "Fam_Wel_Cen_Doc_In_Pos_Num": "3", "Fam_Wel_Cen_Par_Med_Staf_Tot_Stren_Num": "1", "id": 171583}, "data_high": {"Stat_Nam": "West Bengal", "Vil_Nam": "Keshiari", "Fam_Wel_Cen_Doc_In_Pos_Num": "6", "Fam_Wel_Cen_Par_Med_Staf_Tot_Stren_Num": "2", "id": 341554}, "perc": 0.0016058452768075795, "metric": 99.99839215435526, "value_global_local": {}, "partition_field": null, "Vil_Nam": "Dihawa Sher Bahadur Singh", "Stat_Nam": "UTTAR PRADESH"}, {"data": [["Fam_Wel_Cen_Doc_In_Pos_Num", 4.0], ["Fam_Wel_Cen_Par_Med_Staf_Tot_Stren_Num", 1.0], 4.0], "data_low": {"Stat_Nam": "Punjab", "Vil_Nam": "Manak rai (29)", "Fam_Wel_Cen_Doc_In_Pos_Num": "4", "Fam_Wel_Cen_Par_Med_Staf_Tot_Stren_Num": "1", "id": 30431}, "data_high": {"Stat_Nam": "MADHYA PRADESH", "Vil_Nam": "Kodriya", "Fam_Wel_Cen_Doc_In_Pos_Num": "8", "Fam_Wel_Cen_Par_Med_Staf_Tot_Stren_Num": "2", "id": 474000}, "perc": 0.0016058452768075795, "metric": 99.99839115417129, "value_global_local": {}, "partition_field": null, "Vil_Nam": "Manak rai (29)", "Stat_Nam": "Punjab"}, {"data": [["Fam_Wel_Cen_Doc_In_Pos_Num", 5.0], ["Fam_Wel_Cen_Par_Med_Staf_Tot_Stren_Num", 1.0], 5.0], "data_low": {"Stat_Nam": "UTTAR PRADESH", "Vil_Nam": "Rudrapur", "Fam_Wel_Cen_Doc_In_Pos_Num": "5", "Fam_Wel_Cen_Par_Med_Staf_Tot_Stren_Num": "1", "id": 185968}, "data_high": {"Stat_Nam": "UTTAR PRADESH", "Vil_Nam": "Rudrapur", "Fam_Wel_Cen_Doc_In_Pos_Num": "5", "Fam_Wel_Cen_Par_Med_Staf_Tot_Stren_Num": "1", "id": 185968}, "perc": 0.0004817535830422739, "metric": 99.9995142456361, "value_global_local": {}, "partition_field": null, "Vil_Nam": "Rudrapur", "Stat_Nam": "UTTAR PRADESH"}, {"data": [["Fam_Wel_Cen_Doc_In_Pos_Num", 6.0], ["Fam_Wel_Cen_Par_Med_Staf_Tot_Stren_Num", 1.0], 6.0], "data_low": {"Stat_Nam": "UTTAR PRADESH", "Vil_Nam": "Mathauli", "Fam_Wel_Cen_Doc_In_Pos_Num": "6", "Fam_Wel_Cen_Par_Med_Staf_Tot_Stren_Num": "1", "id": 188050}, "data_high": {"Stat_Nam": "UTTAR PRADESH", "Vil_Nam": "Mathauli", "Fam_Wel_Cen_Doc_In_Pos_Num": "6", "Fam_Wel_Cen_Par_Med_Staf_Tot_Stren_Num": "1", "id": 188050}, "perc": 0.0003211690553615159, "metric": 99.99967382996054, "value_global_local": {}, "partition_field": null, "Vil_Nam": "Mathauli", "Stat_Nam": "UTTAR PRADESH"}, {"data": [["Fam_Wel_Cen_Doc_In_Pos_Num", 7.0], ["Fam_Wel_Cen_Par_Med_Staf_Tot_Stren_Num", 1.0], 7.0], "data_low": {"Stat_Nam": "UTTAR PRADESH", "Vil_Nam": "Lonia", "Fam_Wel_Cen_Doc_In_Pos_Num": "7", "Fam_Wel_Cen_Par_Med_Staf_Tot_Stren_Num": "1", "id": 184276}, "data_high": {"Stat_Nam": "UTTAR PRADESH", "Vil_Nam": "Lonia", "Fam_Wel_Cen_Doc_In_Pos_Num": "7", "Fam_Wel_Cen_Par_Med_Staf_Tot_Stren_Num": "1", "id": 184276}, "perc": 0.00016058452768075794, "metric": 99.99983341428178, "value_global_local": {}, "partition_field": null, "Vil_Nam": "Lonia", "Stat_Nam": "UTTAR PRADESH"}, {"data": [["Fam_Wel_Cen_Doc_In_Pos_Num", 2.0], ["Fam_Wel_Cen_Par_Med_Staf_Tot_Stren_Num", 0.0], 9999], "data_low": {"Stat_Nam": "HIMACHAL PRADESH", "Vil_Nam": "Dharog (45/22)", "Fam_Wel_Cen_Doc_In_Pos_Num": "1", "Fam_Wel_Cen_Par_Med_Staf_Tot_Stren_Num": "0", "id": 17203}, "data_high": {"Stat_Nam": "UTTAR PRADESH", "Vil_Nam": "Har Chandpur", "Fam_Wel_Cen_Doc_In_Pos_Num": "8", "Fam_Wel_Cen_Par_Med_Staf_Tot_Stren_Num": "0", "id": 147282}, "perc": 0.07531414348227548, "metric": 99.91469338803202, "value_global_local": {"GOA": {"global_perc": 0.04491017964071856, "local_perc": 0.031982942430703626}, "HIMACHAL PRADESH": {"global_perc": 0.001208313194780087, "local_perc": 0.053304904051172705}, "JAMMU & KASHMIR": {"global_perc": 0.00015260186174271325, "local_perc": 0.0021321961620469083}, "TRIPURA": {"global_perc": 0.001142857142857143, "local_perc": 0.0021321961620469083}, "UTTAR PRADESH": {"global_perc": 0.0031842958023488863, "local_perc": 0.7249466950959488}, "UTTARAKHAND": {"global_perc": 0.001846007264931817, "local_perc": 0.06609808102345416}, "West Bengal": {"global_perc": 0.001392411358098364, "local_perc": 0.11940298507462686}}, "partition_field": "Stat_Nam", "Vil_Nam": "Purmandal", "Stat_Nam": "JAMMU & KASHMIR"}, {"data": [["Fam_Wel_Cen_Doc_In_Pos_Num", 0], ["Fam_Wel_Cen_Par_Med_Staf_Tot_Stren_Num", 0], 99980001], "data_low": {"Stat_Nam": "JAMMU & KASHMIR", "Vil_Nam": "Bore", "Fam_Wel_Cen_Doc_In_Pos_Num": "", "Fam_Wel_Cen_Par_Med_Staf_Tot_Stren_Num": "", "id": 0}, "data_high": {"Stat_Nam": "JAMMU & KASHMIR", "Vil_Nam": "Palmar", "Fam_Wel_Cen_Doc_In_Pos_Num": "Fam_pos", "Fam_Wel_Cen_Par_Med_Staf_Tot_Stren_Num": "Fam_pst", "id": 4582}, "perc": 95.39026054839617, "metric": 9.540934146259528e-07, "value_global_local": {"null": {"global_perc": 0.9539026054839617, "local_perc": 1.0}}, "partition_field": "Dist_Other", "Vil_Nam": "Bore", "Stat_Nam": "JAMMU & KASHMIR"}]