[{"data": [["Mat_An_Chil_Wel_Cen_Num", 0], ["Mat_An_Chil_Wel_Cen_Par_Med_Staf_In_Pos_Num", 1.0], 0.0], "data_low": {"Stat_Nam": "Punjab", "Vil_Nam": "Bathoi Khurd  (24)", "Mat_An_Chil_Wel_Cen_Num": "", "Mat_An_Chil_Wel_Cen_Par_Med_Staf_In_Pos_Num": "1", "id": 36453}, "data_high": {"Stat_Nam": "JAMMU & KASHMIR", "Vil_Nam": "Bajpur", "Mat_An_Chil_Wel_Cen_Num": "1", "Mat_An_Chil_Wel_Cen_Par_Med_Staf_In_Pos_Num": "35", "id": 6292}, "perc": 0.011562085993014573, "metric": 99.98843891409138, "value_global_local": {"ANDAMAN & NICOBAR ISLANDS": {"global_perc": 0.0036036036036036037, "local_perc": 0.027777777777777776}, "Arunachal Pradesh": {"global_perc": 0.0001789228842368939, "local_perc": 0.013888888888888888}, "BIHAR": {"global_perc": 0.00013370771493515177, "local_perc": 0.08333333333333333}, "GOA": {"global_perc": 0.0029940119760479044, "local_perc": 0.013888888888888888}, "HIMACHAL PRADESH": {"global_perc": 4.833252779120348e-05, "local_perc": 0.013888888888888888}, "JAMMU & KASHMIR": {"global_perc": 0.001220814893941706, "local_perc": 0.1111111111111111}, "JHARKHAND": {"global_perc": 6.173982836327716e-05, "local_perc": 0.027777777777777776}, "KARNATAKA": {"global_perc": 0.000136332651670075, "local_perc": 0.05555555555555555}, "MADHYA PRADESH": {"global_perc": 9.106970475201719e-05, "local_perc": 0.06944444444444445}, "PUDUCHERRY": {"global_perc": 0.17777777777777778, "local_perc": 0.2222222222222222}, "Punjab": {"global_perc": 7.948493760432397e-05, "local_perc": 0.013888888888888888}, "RAJASTHAN": {"global_perc": 4.477077363896848e-05, "local_perc": 0.027777777777777776}, "SIKKIM": {"global_perc": 0.0022172949002217295, "local_perc": 0.013888888888888888}, "TRIPURA": {"global_perc": 0.0034285714285714284, "local_perc": 0.041666666666666664}, "UTTAR PRADESH": {"global_perc": 3.7462303557045726e-05, "local_perc": 0.05555555555555555}, "UTTARAKHAND": {"global_perc": 0.0003572917286964807, "local_perc": 0.08333333333333333}, "West Bengal": {"global_perc": 0.00022378039683723706, "local_perc": 0.125}}, "partition_field": "Stat_Nam", "Vil_Nam": "Bathoi Khurd  (24)", "Stat_Nam": "Punjab"}, {"data": [["Mat_An_Chil_Wel_Cen_Num", 1.0], ["Mat_An_Chil_Wel_Cen_Par_Med_Staf_In_Pos_Num", 9.0], 0.1111111111111111], "data_low": {"Stat_Nam": "RAJASTHAN", "Vil_Nam": "Chhapra", "Mat_An_Chil_Wel_Cen_Num": "1", "Mat_An_Chil_Wel_Cen_Par_Med_Staf_In_Pos_Num": "9", "id": 70595}, "data_high": {"Stat_Nam": "PUDUCHERRY", "Vil_Nam": "Katteri", "Mat_An_Chil_Wel_Cen_Num": "2", "Mat_An_Chil_Wel_Cen_Par_Med_Staf_In_Pos_Num": "15", "id": 622088}, "perc": 0.1401902926653017, "metric": 99.85981059515503, "value_global_local": {"ANDAMAN & NICOBAR ISLANDS": {"global_perc": 0.0018018018018018018, "local_perc": 0.001145475372279496}, "ASSAM": {"global_perc": 0.0004546315590073878, "local_perc": 0.013745704467353952}, "Arunachal Pradesh": {"global_perc": 0.0001789228842368939, "local_perc": 0.001145475372279496}, "BIHAR": {"global_perc": 0.001738200294156973, "local_perc": 0.08934707903780069}, "Dadra & Nagar Haveli": {"global_perc": 0.03076923076923077, "local_perc": 0.002290950744558992}, "HARYANA": {"global_perc": 0.000438532378307265, "local_perc": 0.003436426116838488}, "HIMACHAL PRADESH": {"global_perc": 4.833252779120348e-05, "local_perc": 0.001145475372279496}, "JAMMU & KASHMIR": {"global_perc": 0.0032046390965969787, "local_perc": 0.024054982817869417}, "JHARKHAND": {"global_perc": 0.0001234796567265543, "local_perc": 0.004581901489117984}, "KARNATAKA": {"global_perc": 0.016973415132924337, "local_perc": 0.570446735395189}, "MADHYA PRADESH": {"global_perc": 0.0011839061617762235, "local_perc": 0.07445589919816724}, "MANIPUR": {"global_perc": 0.001162340178225494, "local_perc": 0.003436426116838488}, "MIZORAM": {"global_perc": 0.0012048192771084338, "local_perc": 0.001145475372279496}, "ODISHA": {"global_perc": 1.948823884785532e-05, "local_perc": 0.001145475372279496}, "PUDUCHERRY": {"global_perc": 0.1111111111111111, "local_perc": 0.011454753722794959}, "Punjab": {"global_perc": 0.0011127891264605357, "local_perc": 0.016036655211912942}, "RAJASTHAN": {"global_perc": 0.0010073424068767908, "local_perc": 0.05154639175257732}, "SIKKIM": {"global_perc": 0.0066518847006651885, "local_perc": 0.003436426116838488}, "TRIPURA": {"global_perc": 0.008, "local_perc": 0.008018327605956471}, "Tamil Nadu": {"global_perc": 0.0005006571124601039, "local_perc": 0.009163802978235968}, "UTTAR PRADESH": {"global_perc": 0.0005713001292449473, "local_perc": 0.06987399770904926}, "UTTARAKHAND": {"global_perc": 0.0005954862144941345, "local_perc": 0.011454753722794959}, "West Bengal": {"global_perc": 0.0005967477248992988, "local_perc": 0.027491408934707903}}, "partition_field": "Stat_Nam", "Vil_Nam": "Chhapra", "Stat_Nam": "RAJASTHAN"}, {"data": [["Mat_An_Chil_Wel_Cen_Num", 1.0], ["Mat_An_Chil_Wel_Cen_Par_Med_Staf_In_Pos_Num", 4.0], 0.25], "data_low": {"Stat_Nam": "JAMMU & KASHMIR", "Vil_Nam": "Lara Bal", "Mat_An_Chil_Wel_Cen_Num": "1", "Mat_An_Chil_Wel_Cen_Par_Med_Staf_In_Pos_Num": "4", "id": 230}, "data_high": {"Stat_Nam": "West Bengal", "Vil_Nam": "Tona", "Mat_An_Chil_Wel_Cen_Num": "2", "Mat_An_Chil_Wel_Cen_Par_Med_Staf_In_Pos_Num": "6", "id": 331772}, "perc": 0.27540246497249987, "metric": 99.7245982831116, "value_global_local": {"ASSAM": {"global_perc": 0.005720780450842963, "local_perc": 0.0880466472303207}, "Arunachal Pradesh": {"global_perc": 0.0008946144211844695, "local_perc": 0.0029154518950437317}, "BIHAR": {"global_perc": 0.003832954494807684, "local_perc": 0.10029154518950437}, "GOA": {"global_perc": 0.008982035928143712, "local_perc": 0.001749271137026239}, "HARYANA": {"global_perc": 0.002777371729279345, "local_perc": 0.011078717201166181}, "HIMACHAL PRADESH": {"global_perc": 0.00033832769453842436, "local_perc": 0.004081632653061225}, "JAMMU & KASHMIR": {"global_perc": 0.0051884632992522505, "local_perc": 0.019825072886297375}, "JHARKHAND": {"global_perc": 0.00027782922763474715, "local_perc": 0.0052478134110787176}, "KARNATAKA": {"global_perc": 0.02044989775051125, "local_perc": 0.3498542274052478}, "MADHYA PRADESH": {"global_perc": 0.0020946032092963953, "local_perc": 0.06705539358600583}, "MANIPUR": {"global_perc": 0.0003874467260751647, "local_perc": 0.0005830903790087463}, "MIZORAM": {"global_perc": 0.0024096385542168677, "local_perc": 0.0011661807580174927}, "NAGALAND": {"global_perc": 0.0007002801120448179, "local_perc": 0.0005830903790087463}, "ODISHA": {"global_perc": 0.0008964589870013447, "local_perc": 0.026822157434402333}, "Punjab": {"global_perc": 0.006279310070741595, "local_perc": 0.046064139941690965}, "RAJASTHAN": {"global_perc": 0.0011640401146131806, "local_perc": 0.030320699708454812}, "SIKKIM": {"global_perc": 0.017738359201773836, "local_perc": 0.004664723032069971}, "TRIPURA": {"global_perc": 0.0034285714285714284, "local_perc": 0.001749271137026239}, "Tamil Nadu": {"global_perc": 0.0016897177545528506, "local_perc": 0.01574344023323615}, "UTTAR PRADESH": {"global_perc": 0.002547436641879109, "local_perc": 0.158600583090379}, "UTTARAKHAND": {"global_perc": 0.002024653129280057, "local_perc": 0.019825072886297375}, "West Bengal": {"global_perc": 0.0018648366403103088, "local_perc": 0.043731778425655975}}, "partition_field": "Stat_Nam", "Vil_Nam": "Lara Bal", "Stat_Nam": "JAMMU & KASHMIR"}, {"data": [["Mat_An_Chil_Wel_Cen_Num", 2.0], ["Mat_An_Chil_Wel_Cen_Par_Med_Staf_In_Pos_Num", 5.0], 0.4], "data_low": {"Stat_Nam": "JAMMU & KASHMIR", "Vil_Nam": "Gundi Zuni Reshi", "Mat_An_Chil_Wel_Cen_Num": "1", "Mat_An_Chil_Wel_Cen_Par_Med_Staf_In_Pos_Num": "2", "id": 86}, "data_high": {"Stat_Nam": "West Bengal", "Vil_Nam": "Naoda", "Mat_An_Chil_Wel_Cen_Num": "6", "Mat_An_Chil_Wel_Cen_Par_Med_Staf_In_Pos_Num": "12", "id": 311123}, "perc": 1.9898028824922718, "metric": 98.01019770568655, "value_global_local": {"": {"global_perc": 0.023237687135951222, "local_perc": 0.976838027600678}, "ADHARPUR": {"global_perc": 0.25, "local_perc": 8.07037365830038e-05}, "AKBARNAGAR": {"global_perc": 0.2222222222222222, "local_perc": 0.0001614074731660076}, "ALIPUR BIHTA": {"global_perc": 1.0, "local_perc": 8.07037365830038e-05}, "ANANTNAG": {"global_perc": 0.5, "local_perc": 8.07037365830038e-05}, "ANDIPATTI": {"global_perc": 0.25, "local_perc": 8.07037365830038e-05}, "ASHARAM PAR": {"global_perc": 0.5, "local_perc": 8.07037365830038e-05}, "ATHAN": {"global_perc": 1.0, "local_perc": 8.07037365830038e-05}, "AURANGABAD": {"global_perc": 0.058823529411764705, "local_perc": 8.07037365830038e-05}, "BADETH MALLA": {"global_perc": 1.0, "local_perc": 8.07037365830038e-05}, "BADIWALA": {"global_perc": 1.0, "local_perc": 8.07037365830038e-05}, "BAGA": {"global_perc": 0.2, "local_perc": 8.07037365830038e-05}, "BAHERAKHAL": {"global_perc": 0.5, "local_perc": 8.07037365830038e-05}, "BAHUARA": {"global_perc": 0.14285714285714285, "local_perc": 8.07037365830038e-05}, "BAIJUWAPUR": {"global_perc": 1.0, "local_perc": 8.07037365830038e-05}, "BAKHRI": {"global_perc": 0.2, "local_perc": 8.07037365830038e-05}, "BALIA": {"global_perc": 0.08333333333333333, "local_perc": 8.07037365830038e-05}, "BALUA": {"global_perc": 0.07142857142857142, "local_perc": 8.07037365830038e-05}, "BAMHOR PANDEY": {"global_perc": 0.5, "local_perc": 8.07037365830038e-05}, "BARAP": {"global_perc": 0.3333333333333333, "local_perc": 8.07037365830038e-05}, "BARKA NIMDIHRA": {"global_perc": 0.5, "local_perc": 0.0001614074731660076}, "BARUDI": {"global_perc": 1.0, "local_perc": 8.07037365830038e-05}, "BASAVANAHALLI": {"global_perc": 0.2, "local_perc": 8.07037365830038e-05}, "BASDIHAGOPAL": {"global_perc": 0.5, "local_perc": 8.07037365830038e-05}, "BASEDOUR": {"global_perc": 0.6666666666666666, "local_perc": 0.0001614074731660076}, "BASINI": {"global_perc": 1.0, "local_perc": 8.07037365830038e-05}, "BEGUMSARAI": {"global_perc": 1.0, "local_perc": 8.07037365830038e-05}, "BELDIHRI": {"global_perc": 0.3333333333333333, "local_perc": 8.07037365830038e-05}, "BELHAN": {"global_perc": 0.3333333333333333, "local_perc": 8.07037365830038e-05}, "BHAGATPUR": {"global_perc": 0.2, "local_perc": 8.07037365830038e-05}, "BHAGWANPUR": {"global_perc": 0.034482758620689655, "local_perc": 8.07037365830038e-05}, "BHAISLOT": {"global_perc": 1.0, "local_perc": 8.07037365830038e-05}, "BHAKHRA": {"global_perc": 1.0, "local_perc": 8.07037365830038e-05}, "BHALT": {"global_perc": 1.0, "local_perc": 8.07037365830038e-05}, "BHATAULI": {"global_perc": 0.1111111111111111, "local_perc": 8.07037365830038e-05}, "BHUMAL GADI": {"global_perc": 1.0, "local_perc": 8.07037365830038e-05}, "BICHIYA": {"global_perc": 0.5, "local_perc": 8.07037365830038e-05}, "BIRIYA": {"global_perc": 1.0, "local_perc": 8.07037365830038e-05}, "BISHASHARPUR": {"global_perc": 1.0, "local_perc": 8.07037365830038e-05}, "BISHUNPURA": {"global_perc": 0.1111111111111111, "local_perc": 8.07037365830038e-05}, "BOSWAN": {"global_perc": 1.0, "local_perc": 8.07037365830038e-05}, "BUDGAM": {"global_perc": 1.0, "local_perc": 8.07037365830038e-05}, "CHANAR BIGHA": {"global_perc": 0.2, "local_perc": 8.07037365830038e-05}, "CHAND": {"global_perc": 0.4, "local_perc": 0.0001614074731660076}, "CHANDI": {"global_perc": 0.04, "local_perc": 8.07037365830038e-05}, "CHANDRI": {"global_perc": 0.1111111111111111, "local_perc": 8.07037365830038e-05}, "CHINDALU": {"global_perc": 1.0, "local_perc": 8.07037365830038e-05}, "CHNDRA": {"global_perc": 0.5, "local_perc": 8.07037365830038e-05}, "CHORAIN": {"global_perc": 1.0, "local_perc": 8.07037365830038e-05}, "CHORDEHRA": {"global_perc": 1.0, "local_perc": 8.07037365830038e-05}, "CHOURASIA": {"global_perc": 0.5, "local_perc": 8.07037365830038e-05}, "DAMADIH": {"global_perc": 0.5, "local_perc": 8.07037365830038e-05}, "DASOTI": {"global_perc": 1.0, "local_perc": 8.07037365830038e-05}, "DAULAT PUR": {"global_perc": 0.5, "local_perc": 8.07037365830038e-05}, "DEDUWA": {"global_perc": 1.0, "local_perc": 8.07037365830038e-05}, "DEGO DEHARI": {"global_perc": 1.0, "local_perc": 8.07037365830038e-05}, "DEOKALI": {"global_perc": 0.5, "local_perc": 0.0001614074731660076}, "DEVIDALI": {"global_perc": 1.0, "local_perc": 8.07037365830038e-05}, "DHANPURWA": {"global_perc": 0.5, "local_perc": 8.07037365830038e-05}, "DHNGULI": {"global_perc": 1.0, "local_perc": 8.07037365830038e-05}, "DHUNA": {"global_perc": 0.6666666666666666, "local_perc": 0.0001614074731660076}, "DIWANE": {"global_perc": 1.0, "local_perc": 8.07037365830038e-05}, "DODIYAL": {"global_perc": 0.5, "local_perc": 8.07037365830038e-05}, "DUNGRI MALLI": {"global_perc": 0.5, "local_perc": 8.07037365830038e-05}, "EAKHARA": {"global_perc": 1.0, "local_perc": 8.07037365830038e-05}, "EKDERBA": {"global_perc": 0.5, "local_perc": 8.07037365830038e-05}, "FATEHPUR CHADRAI": {"global_perc": 1.0, "local_perc": 8.07037365830038e-05}, "FULANG": {"global_perc": 0.6666666666666666, "local_perc": 0.0001614074731660076}, "FULBARI": {"global_perc": 1.0, "local_perc": 8.07037365830038e-05}, "GACHRA": {"global_perc": 1.0, "local_perc": 8.07037365830038e-05}, "GAJODIH": {"global_perc": 1.0, "local_perc": 8.07037365830038e-05}, "GAMHARIA": {"global_perc": 0.058823529411764705, "local_perc": 8.07037365830038e-05}, "GANDHA": {"global_perc": 0.5, "local_perc": 8.07037365830038e-05}, "GANGATI": {"global_perc": 1.0, "local_perc": 0.0001614074731660076}, "GANGDIH": {"global_perc": 1.0, "local_perc": 8.07037365830038e-05}, "GANGHARA": {"global_perc": 0.5, "local_perc": 8.07037365830038e-05}, "GANGOH": {"global_perc": 0.125, "local_perc": 8.07037365830038e-05}, "GAUHARPUR": {"global_perc": 0.3333333333333333, "local_perc": 8.07037365830038e-05}, "GHURET": {"global_perc": 1.0, "local_perc": 8.07037365830038e-05}, "GOH": {"global_perc": 0.2, "local_perc": 8.07037365830038e-05}, "GORAIPUR": {"global_perc": 0.25, "local_perc": 8.07037365830038e-05}, "GOVARDHANPUR": {"global_perc": 1.0, "local_perc": 0.0003228149463320152}, "GOVINDAMPALAYAM": {"global_perc": 0.5, "local_perc": 8.07037365830038e-05}, "GULAULA KHERA": {"global_perc": 1.0, "local_perc": 8.07037365830038e-05}, "GUMMIDIPOONDI": {"global_perc": 0.5, "local_perc": 8.07037365830038e-05}, "GURI": {"global_perc": 0.1111111111111111, "local_perc": 8.07037365830038e-05}, "GUTAKBARA": {"global_perc": 1.0, "local_perc": 8.07037365830038e-05}, "GYANPUR": {"global_perc": 0.034482758620689655, "local_perc": 8.07037365830038e-05}, "HAJIPUR": {"global_perc": 0.05555555555555555, "local_perc": 8.07037365830038e-05}, "HARDASPUR": {"global_perc": 0.25, "local_perc": 8.07037365830038e-05}, "HARHUA": {"global_perc": 0.3333333333333333, "local_perc": 8.07037365830038e-05}, "HARIHARPUR": {"global_perc": 0.03225806451612903, "local_perc": 8.07037365830038e-05}, "HATGAON": {"global_perc": 0.5, "local_perc": 8.07037365830038e-05}, "HATINA": {"global_perc": 0.3333333333333333, "local_perc": 8.07037365830038e-05}, "HAUCAK": {"global_perc": 0.16666666666666666, "local_perc": 8.07037365830038e-05}, "HIDAYATPUR": {"global_perc": 0.3333333333333333, "local_perc": 8.07037365830038e-05}, "HONOKO": {"global_perc": 1.0, "local_perc": 8.07037365830038e-05}, "HUNASANAKODIHALLI": {"global_perc": 1.0, "local_perc": 8.07037365830038e-05}, "ICHAWA": {"global_perc": 1.0, "local_perc": 8.07037365830038e-05}, "IMLIGAON": {"global_perc": 1.0, "local_perc": 8.07037365830038e-05}, "INDAR": {"global_perc": 0.6666666666666666, "local_perc": 0.0001614074731660076}, "ISHAPUR": {"global_perc": 0.3333333333333333, "local_perc": 8.07037365830038e-05}, "ISMAILPUR": {"global_perc": 0.08333333333333333, "local_perc": 8.07037365830038e-05}, "ISMILPUR": {"global_perc": 1.0, "local_perc": 8.07037365830038e-05}, "JAHARPUR": {"global_perc": 1.0, "local_perc": 8.07037365830038e-05}, "JALALPUR NAURANGA": {"global_perc": 0.5, "local_perc": 8.07037365830038e-05}, "JALIKHAN": {"global_perc": 0.3333333333333333, "local_perc": 8.07037365830038e-05}, "JOGAPATTI": {"global_perc": 1.0, "local_perc": 8.07037365830038e-05}, "JOSYANA": {"global_perc": 0.2, "local_perc": 8.07037365830038e-05}, "KACHNAL": {"global_perc": 1.0, "local_perc": 8.07037365830038e-05}, "KAKRAD": {"global_perc": 1.0, "local_perc": 8.07037365830038e-05}, "KAKRALA": {"global_perc": 0.5, "local_perc": 8.07037365830038e-05}, "KAKWARA": {"global_perc": 1.0, "local_perc": 8.07037365830038e-05}, "KAMARPUKUR": {"global_perc": 1.0, "local_perc": 8.07037365830038e-05}, "KANDA MALLA": {"global_perc": 0.3333333333333333, "local_perc": 8.07037365830038e-05}, "KANKABATI": {"global_perc": 0.3333333333333333, "local_perc": 8.07037365830038e-05}, "KARJA": {"global_perc": 0.5, "local_perc": 8.07037365830038e-05}, "KARJANIA": {"global_perc": 1.0, "local_perc": 8.07037365830038e-05}, "KARMA": {"global_perc": 0.058823529411764705, "local_perc": 8.07037365830038e-05}, "KAZAURA": {"global_perc": 1.0, "local_perc": 8.07037365830038e-05}, "KESARI": {"global_perc": 0.25, "local_perc": 8.07037365830038e-05}, "KHAJURI": {"global_perc": 0.07142857142857142, "local_perc": 8.07037365830038e-05}, "KHEKADA": {"global_perc": 0.5, "local_perc": 8.07037365830038e-05}, "KHIRAIRIKHAL": {"global_perc": 0.2, "local_perc": 8.07037365830038e-05}, "KHURAMPUR DALLU": {"global_perc": 0.5, "local_perc": 8.07037365830038e-05}, "KISHANPUR": {"global_perc": 0.3333333333333333, "local_perc": 0.00024211120974901139}, "KONI": {"global_perc": 0.16666666666666666, "local_perc": 8.07037365830038e-05}, "KORI": {"global_perc": 0.2, "local_perc": 8.07037365830038e-05}, "KOSDA": {"global_perc": 0.14285714285714285, "local_perc": 8.07037365830038e-05}, "KOTTARAM": {"global_perc": 1.0, "local_perc": 8.07037365830038e-05}, "KULLATHILVAI": {"global_perc": 0.3333333333333333, "local_perc": 8.07037365830038e-05}, "KUMIZHI": {"global_perc": 1.0, "local_perc": 8.07037365830038e-05}, "KURMADIH": {"global_perc": 1.0, "local_perc": 8.07037365830038e-05}, "KURSI": {"global_perc": 0.3333333333333333, "local_perc": 8.07037365830038e-05}, "KUTTI": {"global_perc": 1.0, "local_perc": 8.07037365830038e-05}, "KUTU PUR": {"global_perc": 1.0, "local_perc": 8.07037365830038e-05}, "KUTUMBA": {"global_perc": 0.25, "local_perc": 8.07037365830038e-05}, "LAKHAMIPUR": {"global_perc": 1.0, "local_perc": 8.07037365830038e-05}, "LODIP[UR": {"global_perc": 0.5, "local_perc": 8.07037365830038e-05}, "MACHONG": {"global_perc": 1.0, "local_perc": 8.07037365830038e-05}, "MADHOPUR": {"global_perc": 0.03225806451612903, "local_perc": 8.07037365830038e-05}, "MAGALI": {"global_perc": 1.0, "local_perc": 8.07037365830038e-05}, "MAHDIPUR": {"global_perc": 0.5, "local_perc": 8.07037365830038e-05}, "MAHUWAI": {"global_perc": 1.0, "local_perc": 8.07037365830038e-05}, "MAJHIGAWA": {"global_perc": 0.25, "local_perc": 8.07037365830038e-05}, "MAJHOLA": {"global_perc": 0.5, "local_perc": 8.07037365830038e-05}, "MAJIRABAD": {"global_perc": 1.0, "local_perc": 8.07037365830038e-05}, "MAJORHI": {"global_perc": 1.0, "local_perc": 8.07037365830038e-05}, "MALIHAPUR": {"global_perc": 1.0, "local_perc": 8.07037365830038e-05}, "MANDRE PUR": {"global_perc": 1.0, "local_perc": 8.07037365830038e-05}, "MARARI KALA": {"global_perc": 1.0, "local_perc": 0.0001614074731660076}, "MASAUNI": {"global_perc": 0.3333333333333333, "local_perc": 8.07037365830038e-05}, "MEEHA SOTI": {"global_perc": 1.0, "local_perc": 8.07037365830038e-05}, "MELPAKKAM": {"global_perc": 0.5, "local_perc": 8.07037365830038e-05}, "MO. SARAI ALI": {"global_perc": 1.0, "local_perc": 8.07037365830038e-05}, "MOHANCAMP": {"global_perc": 0.3333333333333333, "local_perc": 8.07037365830038e-05}, "MOKRAM": {"global_perc": 1.0, "local_perc": 8.07037365830038e-05}, "MORWA": {"global_perc": 1.0, "local_perc": 8.07037365830038e-05}, "MOTALAGUDA": {"global_perc": 1.0, "local_perc": 8.07037365830038e-05}, "MUBARAKPUR": {"global_perc": 0.08333333333333333, "local_perc": 8.07037365830038e-05}, "MUKIMPUR": {"global_perc": 1.0, "local_perc": 8.07037365830038e-05}, "N.A.": {"global_perc": 0.0035991665088084867, "local_perc": 0.003066741990154144}, "NABINAGAR": {"global_perc": 0.25, "local_perc": 8.07037365830038e-05}, "NADICHAINE": {"global_perc": 1.0, "local_perc": 8.07037365830038e-05}, "NAGWA": {"global_perc": 0.5, "local_perc": 8.07037365830038e-05}, "NALATHWAD": {"global_perc": 0.25, "local_perc": 8.07037365830038e-05}, "NAUGAON": {"global_perc": 0.125, "local_perc": 8.07037365830038e-05}, "NAWADA": {"global_perc": 0.03225806451612903, "local_perc": 8.07037365830038e-05}, "NERIGAM": {"global_perc": 1.0, "local_perc": 8.07037365830038e-05}, "NEURA": {"global_perc": 1.0, "local_perc": 8.07037365830038e-05}, "NIWADA": {"global_perc": 1.0, "local_perc": 8.07037365830038e-05}, "OJONTOR": {"global_perc": 1.0, "local_perc": 8.07037365830038e-05}, "OR": {"global_perc": 0.3333333333333333, "local_perc": 8.07037365830038e-05}, "PACHAI JAGDISH": {"global_perc": 0.5, "local_perc": 8.07037365830038e-05}, "PANAPUR": {"global_perc": 0.3333333333333333, "local_perc": 0.0001614074731660076}, "PANDEPURA KALA": {"global_perc": 1.0, "local_perc": 0.0001614074731660076}, "PANIHARI": {"global_perc": 0.3333333333333333, "local_perc": 8.07037365830038e-05}, "PARRIA PARASSAWAN": {"global_perc": 0.4, "local_perc": 0.0001614074731660076}, "PATHOLI": {"global_perc": 1.0, "local_perc": 8.07037365830038e-05}, "PERIYAKULAM": {"global_perc": 1.0, "local_perc": 8.07037365830038e-05}, "PHULANG": {"global_perc": 1.0, "local_perc": 8.07037365830038e-05}, "PIPRA": {"global_perc": 0.05263157894736842, "local_perc": 8.07037365830038e-05}, "PISTA": {"global_perc": 0.5, "local_perc": 8.07037365830038e-05}, "PULSIYA": {"global_perc": 1.0, "local_perc": 8.07037365830038e-05}, "PURAUNI BUZURG": {"global_perc": 1.0, "local_perc": 8.07037365830038e-05}, "PUREMANSARAM": {"global_perc": 1.0, "local_perc": 8.07037365830038e-05}, "RAGHOPUR": {"global_perc": 0.16666666666666666, "local_perc": 8.07037365830038e-05}, "RAGHUPUR": {"global_perc": 0.2, "local_perc": 8.07037365830038e-05}, "RAINAGAR": {"global_perc": 1.0, "local_perc": 8.07037365830038e-05}, "RAMDIRI": {"global_perc": 1.0, "local_perc": 8.07037365830038e-05}, "RAMGARHA": {"global_perc": 1.0, "local_perc": 8.07037365830038e-05}, "RANIPOKHRI": {"global_perc": 0.25, "local_perc": 8.07037365830038e-05}, "REPEDA": {"global_perc": 1.0, "local_perc": 8.07037365830038e-05}, "RINGWARI": {"global_perc": 0.3333333333333333, "local_perc": 8.07037365830038e-05}, "RUPAS MAHAJI": {"global_perc": 0.5, "local_perc": 8.07037365830038e-05}, "Rahmatpur": {"global_perc": 0.5, "local_perc": 8.07037365830038e-05}, "SADAKAR": {"global_perc": 1.0, "local_perc": 8.07037365830038e-05}, "SADURI": {"global_perc": 0.6666666666666666, "local_perc": 0.0001614074731660076}, "SAIFPUR KARAMCHANDPUR": {"global_perc": 1.0, "local_perc": 8.07037365830038e-05}, "SALEM PUR": {"global_perc": 0.5, "local_perc": 8.07037365830038e-05}, "SAMASA": {"global_perc": 1.0, "local_perc": 8.07037365830038e-05}, "SAMHO AKHA KURHA": {"global_perc": 1.0, "local_perc": 8.07037365830038e-05}, "SAMRER": {"global_perc": 0.3333333333333333, "local_perc": 8.07037365830038e-05}, "SARAI": {"global_perc": 0.18181818181818182, "local_perc": 0.0001614074731660076}, "SAWAYA RAI HITHER": {"global_perc": 1.0, "local_perc": 8.07037365830038e-05}, "SERIYA DHAR": {"global_perc": 0.5, "local_perc": 8.07037365830038e-05}, "SHAHJAHANPUR": {"global_perc": 0.3333333333333333, "local_perc": 8.07037365830038e-05}, "SHEKHPURA": {"global_perc": 0.1, "local_perc": 8.07037365830038e-05}, "SHISHGARH": {"global_perc": 1.0, "local_perc": 8.07037365830038e-05}, "SHIVPUR": {"global_perc": 0.045454545454545456, "local_perc": 8.07037365830038e-05}, "SHIWRAMPUR": {"global_perc": 1.0, "local_perc": 8.07037365830038e-05}, "SHONDHI": {"global_perc": 0.5, "local_perc": 8.07037365830038e-05}, "SIHMAN": {"global_perc": 1.0, "local_perc": 8.07037365830038e-05}, "SIRUVADI": {"global_perc": 1.0, "local_perc": 8.07037365830038e-05}, "SITA PUR": {"global_perc": 1.0, "local_perc": 8.07037365830038e-05}, "SIYUM": {"global_perc": 0.03125, "local_perc": 8.07037365830038e-05}, "SYAHI DEVI GUNTH": {"global_perc": 1.0, "local_perc": 8.07037365830038e-05}, "TAJANG": {"global_perc": 0.1, "local_perc": 8.07037365830038e-05}, "TAMBA": {"global_perc": 0.5, "local_perc": 8.07037365830038e-05}, "TARUN": {"global_perc": 0.5, "local_perc": 8.07037365830038e-05}, "TEGRA": {"global_perc": 1.0, "local_perc": 8.07037365830038e-05}, "TETARIYA": {"global_perc": 0.07692307692307693, "local_perc": 8.07037365830038e-05}, "TETRI": {"global_perc": 0.5, "local_perc": 8.07037365830038e-05}, "THIRUMANAVAYAL": {"global_perc": 0.5, "local_perc": 8.07037365830038e-05}, "TILAKPUR": {"global_perc": 0.1111111111111111, "local_perc": 8.07037365830038e-05}, "TIRUKOSTIYUR": {"global_perc": 1.0, "local_perc": 8.07037365830038e-05}, "UMAIDPUR": {"global_perc": 1.0, "local_perc": 8.07037365830038e-05}, "UNERA": {"global_perc": 1.0, "local_perc": 8.07037365830038e-05}, "VADAKATTUPATTI": {"global_perc": 1.0, "local_perc": 8.07037365830038e-05}, "VILANDAPUR": {"global_perc": 0.25, "local_perc": 8.07037365830038e-05}, "VINAURA": {"global_perc": 1.0, "local_perc": 8.07037365830038e-05}}, "partition_field": "Near_Vil_Tow_Nam_hav_Prim_School", "Vil_Nam": "Markham Grant", "Stat_Nam": "UTTARAKHAND"}, {"data": [["Mat_An_Chil_Wel_Cen_Num", 4.0], ["Mat_An_Chil_Wel_Cen_Par_Med_Staf_In_Pos_Num", 7.0], 0.5714285714285714], "data_low": {"Stat_Nam": "JAMMU & KASHMIR", "Vil_Nam": "Thanole", "Mat_An_Chil_Wel_Cen_Num": "2", "Mat_An_Chil_Wel_Cen_Par_Med_Staf_In_Pos_Num": "3", "id": 5140}, "data_high": {"Stat_Nam": "Punjab", "Vil_Nam": "Janal (118)", "Mat_An_Chil_Wel_Cen_Num": "4", "Mat_An_Chil_Wel_Cen_Par_Med_Staf_In_Pos_Num": "7", "id": 39578}, "perc": 0.008350395439399413, "metric": 99.99165003318197, "value_global_local": {"HIMACHAL PRADESH": {"global_perc": 4.833252779120348e-05, "local_perc": 0.019230769230769232}, "JAMMU & KASHMIR": {"global_perc": 0.00015260186174271325, "local_perc": 0.019230769230769232}, "KERALA": {"global_perc": 0.025540275049115914, "local_perc": 0.5}, "Punjab": {"global_perc": 0.00015896987520864795, "local_perc": 0.038461538461538464}, "TRIPURA": {"global_perc": 0.001142857142857143, "local_perc": 0.019230769230769232}, "Tamil Nadu": {"global_perc": 0.0006258213905751299, "local_perc": 0.19230769230769232}, "UTTARAKHAND": {"global_perc": 0.00017864586434824034, "local_perc": 0.057692307692307696}, "West Bengal": {"global_perc": 0.00019891590829976627, "local_perc": 0.15384615384615385}}, "partition_field": "Stat_Nam", "Vil_Nam": "Janal (118)", "Stat_Nam": "Punjab"}, {"data": [["Mat_An_Chil_Wel_Cen_Num", 3.0], ["Mat_An_Chil_Wel_Cen_Par_Med_Staf_In_Pos_Num", 4.0], 0.75], "data_low": {"Stat_Nam": "West Bengal", "Vil_Nam": "Dakshin Hanumanta Nagar", "Mat_An_Chil_Wel_Cen_Num": "3", "Mat_An_Chil_Wel_Cen_Par_Med_Staf_In_Pos_Num": "4", "id": 313015}, "data_high": {"Stat_Nam": "West Bengal", "Vil_Nam": "Dakshin Hanumanta Nagar", "Mat_An_Chil_Wel_Cen_Num": "3", "Mat_An_Chil_Wel_Cen_Par_Med_Staf_In_Pos_Num": "4", "id": 313015}, "perc": 0.00016058452768075794, "metric": 99.99983966552192, "value_global_local": {}, "partition_field": null, "Vil_Nam": "Dakshin Hanumanta Nagar", "Stat_Nam": "West Bengal"}, {"data": [["Mat_An_Chil_Wel_Cen_Num", 1.0], ["Mat_An_Chil_Wel_Cen_Par_Med_Staf_In_Pos_Num", 1.0], 1.0], "data_low": {"Stat_Nam": "JAMMU & KASHMIR", "Vil_Nam": "Solina", "Mat_An_Chil_Wel_Cen_Num": "1", "Mat_An_Chil_Wel_Cen_Par_Med_Staf_In_Pos_Num": "1", "id": 73}, "data_high": {"Stat_Nam": "West Bengal", "Vil_Nam": "Dariapur", "Mat_An_Chil_Wel_Cen_Num": "7", "Mat_An_Chil_Wel_Cen_Par_Med_Staf_In_Pos_Num": "7", "id": 321411}, "perc": 1.8727367618129993, "metric": 98.127263238187, "value_global_local": {"": {"global_perc": 0.02175557424195301, "local_perc": 0.9717029669010462}, "0": {"global_perc": 0.04, "local_perc": 8.574858514834505e-05}, "ADHAKARI": {"global_perc": 1.0, "local_perc": 8.574858514834505e-05}, "AHMEDPUR": {"global_perc": 0.3333333333333333, "local_perc": 8.574858514834505e-05}, "AKDONI KALAN": {"global_perc": 1.0, "local_perc": 8.574858514834505e-05}, "ALABALPUR": {"global_perc": 0.5, "local_perc": 8.574858514834505e-05}, "AMARPUR": {"global_perc": 0.06666666666666667, "local_perc": 8.574858514834505e-05}, "AMAUNA": {"global_perc": 0.2, "local_perc": 8.574858514834505e-05}, "AMROH": {"global_perc": 0.1, "local_perc": 8.574858514834505e-05}, "ANANDPUR": {"global_perc": 0.2, "local_perc": 8.574858514834505e-05}, "ANDRANA": {"global_perc": 0.5, "local_perc": 8.574858514834505e-05}, "ARASUR": {"global_perc": 0.25, "local_perc": 8.574858514834505e-05}, "ARAZI KANCHANPUR": {"global_perc": 1.0, "local_perc": 8.574858514834505e-05}, "ASOUTA": {"global_perc": 0.5, "local_perc": 8.574858514834505e-05}, "Amonggre": {"global_perc": 0.25, "local_perc": 8.574858514834505e-05}, "B.B.NAGAR": {"global_perc": 0.5, "local_perc": 8.574858514834505e-05}, "BABHANI": {"global_perc": 0.010416666666666666, "local_perc": 0.0001714971702966901}, "BADGAON": {"global_perc": 0.16666666666666666, "local_perc": 8.574858514834505e-05}, "BADKI CHILMI": {"global_perc": 0.25, "local_perc": 8.574858514834505e-05}, "BADOLI": {"global_perc": 0.09090909090909091, "local_perc": 8.574858514834505e-05}, "BAGDA": {"global_perc": 0.5, "local_perc": 8.574858514834505e-05}, "BAGNAGAR": {"global_perc": 1.0, "local_perc": 8.574858514834505e-05}, "BAHARAGORA": {"global_perc": 0.125, "local_perc": 8.574858514834505e-05}, "BAHERA": {"global_perc": 0.07692307692307693, "local_perc": 8.574858514834505e-05}, "BAIKUNTH PUR": {"global_perc": 0.25, "local_perc": 8.574858514834505e-05}, "BAJIPUR": {"global_perc": 1.0, "local_perc": 8.574858514834505e-05}, "BAKAMI": {"global_perc": 1.0, "local_perc": 8.574858514834505e-05}, "BALIA": {"global_perc": 0.08333333333333333, "local_perc": 8.574858514834505e-05}, "BALLAGAN": {"global_perc": 1.0, "local_perc": 8.574858514834505e-05}, "BALRAMPUR": {"global_perc": 0.1, "local_perc": 8.574858514834505e-05}, "BAMBOOFLAT": {"global_perc": 1.0, "local_perc": 8.574858514834505e-05}, "BANDHERSHOL": {"global_perc": 1.0, "local_perc": 8.574858514834505e-05}, "BANE DI HATTI": {"global_perc": 0.14285714285714285, "local_perc": 8.574858514834505e-05}, "BANGA": {"global_perc": 0.5, "local_perc": 8.574858514834505e-05}, "BANGANA": {"global_perc": 0.0625, "local_perc": 8.574858514834505e-05}, "BANGRA": {"global_perc": 0.3333333333333333, "local_perc": 0.0001714971702966901}, "BANIA CHHAPAR": {"global_perc": 0.4, "local_perc": 0.0001714971702966901}, "BANKATI": {"global_perc": 0.1, "local_perc": 8.574858514834505e-05}, "BARA BOARIJOR": {"global_perc": 1.0, "local_perc": 0.0001714971702966901}, "BARABARU": {"global_perc": 1.0, "local_perc": 0.00025724575544503516}, "BARAILA": {"global_perc": 0.4, "local_perc": 0.0001714971702966901}, "BARDIH": {"global_perc": 0.16666666666666666, "local_perc": 8.574858514834505e-05}, "BARDIKANPUR": {"global_perc": 1.0, "local_perc": 8.574858514834505e-05}, "BARGADAHA": {"global_perc": 1.0, "local_perc": 8.574858514834505e-05}, "BARKABARAN": {"global_perc": 1.0, "local_perc": 8.574858514834505e-05}, "BARKABARU": {"global_perc": 1.0, "local_perc": 8.574858514834505e-05}, "BARMANDA": {"global_perc": 0.3333333333333333, "local_perc": 8.574858514834505e-05}, "BASUDEWPUR": {"global_perc": 1.0, "local_perc": 8.574858514834505e-05}, "BATIJODA": {"global_perc": 0.25, "local_perc": 8.574858514834505e-05}, "BAUSI": {"global_perc": 0.5, "local_perc": 8.574858514834505e-05}, "BEGUNIA": {"global_perc": 0.5, "local_perc": 8.574858514834505e-05}, "BELBARI": {"global_perc": 0.5, "local_perc": 8.574858514834505e-05}, "BELPAHARI": {"global_perc": 0.2, "local_perc": 8.574858514834505e-05}, "BETU QUADIM": {"global_perc": 1.0, "local_perc": 8.574858514834505e-05}, "BHADAURA": {"global_perc": 0.14285714285714285, "local_perc": 8.574858514834505e-05}, "BHAIYADIH": {"global_perc": 1.0, "local_perc": 8.574858514834505e-05}, "BHARIGADA": {"global_perc": 1.0, "local_perc": 8.574858514834505e-05}, "BHAWARNA": {"global_perc": 0.5, "local_perc": 0.0001714971702966901}, "BHITLU": {"global_perc": 0.3333333333333333, "local_perc": 8.574858514834505e-05}, "BIKRAMGANJ": {"global_perc": 0.012345679012345678, "local_perc": 8.574858514834505e-05}, "BODASA": {"global_perc": 0.6666666666666666, "local_perc": 0.0001714971702966901}, "BORA GAON": {"global_perc": 0.6666666666666666, "local_perc": 0.0001714971702966901}, "BRAKHARI": {"global_perc": 1.0, "local_perc": 8.574858514834505e-05}, "BRUNDADEIPUR": {"global_perc": 1.0, "local_perc": 8.574858514834505e-05}, "BUDGADDA": {"global_perc": 0.5, "local_perc": 0.0001714971702966901}, "CHAINPUR": {"global_perc": 0.043478260869565216, "local_perc": 8.574858514834505e-05}, "CHAK BAMUN": {"global_perc": 0.6666666666666666, "local_perc": 0.0001714971702966901}, "CHAK BHIKHI": {"global_perc": 0.5, "local_perc": 8.574858514834505e-05}, "CHAK DAMODAR": {"global_perc": 1.0, "local_perc": 8.574858514834505e-05}, "CHAKAPADA": {"global_perc": 0.3333333333333333, "local_perc": 8.574858514834505e-05}, "CHALANGI": {"global_perc": 1.0, "local_perc": 8.574858514834505e-05}, "CHAUNTRA": {"global_perc": 0.2, "local_perc": 8.574858514834505e-05}, "CHELA": {"global_perc": 0.25, "local_perc": 8.574858514834505e-05}, "CHHANGLA": {"global_perc": 0.2, "local_perc": 8.574858514834505e-05}, "CHILOI": {"global_perc": 0.3333333333333333, "local_perc": 8.574858514834505e-05}, "CHIPRA": {"global_perc": 0.6666666666666666, "local_perc": 0.0001714971702966901}, "CHIRKUWEDA": {"global_perc": 1.0, "local_perc": 8.574858514834505e-05}, "CHITAUNI": {"global_perc": 0.5, "local_perc": 8.574858514834505e-05}, "CHOPARA": {"global_perc": 0.25, "local_perc": 8.574858514834505e-05}, "DABARI": {"global_perc": 1.0, "local_perc": 8.574858514834505e-05}, "DAIRA": {"global_perc": 1.0, "local_perc": 8.574858514834505e-05}, "DALU": {"global_perc": 0.07692307692307693, "local_perc": 8.574858514834505e-05}, "DARKOHLI": {"global_perc": 0.2, "local_perc": 8.574858514834505e-05}, "DARMIGAD": {"global_perc": 1.0, "local_perc": 8.574858514834505e-05}, "DEWAR": {"global_perc": 0.2, "local_perc": 8.574858514834505e-05}, "DHANPURA": {"global_perc": 0.125, "local_perc": 8.574858514834505e-05}, "DHANSERI": {"global_perc": 0.5, "local_perc": 8.574858514834505e-05}, "DIFFERPAT": {"global_perc": 1.0, "local_perc": 8.574858514834505e-05}, "DORIHAR": {"global_perc": 0.5, "local_perc": 8.574858514834505e-05}, "DUIKASAI": {"global_perc": 1.0, "local_perc": 8.574858514834505e-05}, "Dhaliwal Bet": {"global_perc": 1.0, "local_perc": 0.0001714971702966901}, "ERKI": {"global_perc": 1.0, "local_perc": 8.574858514834505e-05}, "FAKRA": {"global_perc": 1.0, "local_perc": 8.574858514834505e-05}, "FATEHPUR": {"global_perc": 0.015873015873015872, "local_perc": 8.574858514834505e-05}, "FRANGAMATIA": {"global_perc": 1.0, "local_perc": 8.574858514834505e-05}, "G. NANDIPUR": {"global_perc": 1.0, "local_perc": 8.574858514834505e-05}, "GAJADHARPUR": {"global_perc": 0.125, "local_perc": 8.574858514834505e-05}, "GANEOR": {"global_perc": 1.0, "local_perc": 8.574858514834505e-05}, "GANGAIKONDAN": {"global_perc": 1.0, "local_perc": 8.574858514834505e-05}, "GARHWA": {"global_perc": 0.14285714285714285, "local_perc": 8.574858514834505e-05}, "GARUD": {"global_perc": 0.25, "local_perc": 8.574858514834505e-05}, "GHES": {"global_perc": 1.0, "local_perc": 8.574858514834505e-05}, "GIDAM": {"global_perc": 1.0, "local_perc": 8.574858514834505e-05}, "GIPU": {"global_perc": 0.5, "local_perc": 8.574858514834505e-05}, "GOKHLAPUR": {"global_perc": 1.0, "local_perc": 8.574858514834505e-05}, "GOPICHAK": {"global_perc": 1.0, "local_perc": 8.574858514834505e-05}, "GORIARI": {"global_perc": 1.0, "local_perc": 8.574858514834505e-05}, "GORIYADIH": {"global_perc": 1.0, "local_perc": 8.574858514834505e-05}, "GOSAIPUR": {"global_perc": 0.1, "local_perc": 8.574858514834505e-05}, "GOVINDPUR": {"global_perc": 0.037037037037037035, "local_perc": 8.574858514834505e-05}, "GUDDALUR": {"global_perc": 1.0, "local_perc": 8.574858514834505e-05}, "GUMRU": {"global_perc": 0.3333333333333333, "local_perc": 8.574858514834505e-05}, "GUSHAL": {"global_perc": 1.0, "local_perc": 8.574858514834505e-05}, "GUTJORA": {"global_perc": 1.0, "local_perc": 8.574858514834505e-05}, "HALLIDAYGANJ": {"global_perc": 0.2, "local_perc": 8.574858514834505e-05}, "HARIRAMPUR": {"global_perc": 0.14285714285714285, "local_perc": 8.574858514834505e-05}, "HARITANGANJ": {"global_perc": 1.0, "local_perc": 8.574858514834505e-05}, "HARNA": {"global_perc": 0.5, "local_perc": 8.574858514834505e-05}, "HATIMODA": {"global_perc": 1.0, "local_perc": 8.574858514834505e-05}, "HAZARA SINGHWALA": {"global_perc": 1.0, "local_perc": 8.574858514834505e-05}, "HERMA": {"global_perc": 1.0, "local_perc": 8.574858514834505e-05}, "HITUTOLI": {"global_perc": 1.0, "local_perc": 8.574858514834505e-05}, "HUDOLI": {"global_perc": 0.5, "local_perc": 8.574858514834505e-05}, "HULIYAR": {"global_perc": 0.5, "local_perc": 8.574858514834505e-05}, "IBRAHIMPUR": {"global_perc": 0.1, "local_perc": 8.574858514834505e-05}, "ICHA": {"global_perc": 0.5, "local_perc": 8.574858514834505e-05}, "IDAR": {"global_perc": 0.5, "local_perc": 8.574858514834505e-05}, "INDRAGADA": {"global_perc": 0.3333333333333333, "local_perc": 8.574858514834505e-05}, "ITKHORI": {"global_perc": 1.0, "local_perc": 0.0001714971702966901}, "JAGDISPUR": {"global_perc": 1.0, "local_perc": 8.574858514834505e-05}, "JAIDPUR": {"global_perc": 1.0, "local_perc": 8.574858514834505e-05}, "JAIND": {"global_perc": 0.5, "local_perc": 8.574858514834505e-05}, "JAMBANI": {"global_perc": 0.2, "local_perc": 8.574858514834505e-05}, "JAMBGI(K.D)": {"global_perc": 1.0, "local_perc": 8.574858514834505e-05}, "JAMRI": {"global_perc": 0.25, "local_perc": 8.574858514834505e-05}, "JAMUAMWAN": {"global_perc": 1.0, "local_perc": 8.574858514834505e-05}, "JANKI DHAR": {"global_perc": 1.0, "local_perc": 8.574858514834505e-05}, "JHAMKE": {"global_perc": 1.0, "local_perc": 8.574858514834505e-05}, "JHANJIDIH": {"global_perc": 1.0, "local_perc": 8.574858514834505e-05}, "JHUNGIAN": {"global_perc": 1.0, "local_perc": 8.574858514834505e-05}, "JKARIYA": {"global_perc": 1.0, "local_perc": 8.574858514834505e-05}, "Jansua": {"global_perc": 0.5, "local_perc": 8.574858514834505e-05}, "KADGIDOHI": {"global_perc": 1.0, "local_perc": 8.574858514834505e-05}, "KANA SUAN": {"global_perc": 0.5, "local_perc": 8.574858514834505e-05}, "KANAUDI": {"global_perc": 0.5, "local_perc": 8.574858514834505e-05}, "KANDHALA SHEIKAN": {"global_perc": 1.0, "local_perc": 8.574858514834505e-05}, "KANDI": {"global_perc": 0.08333333333333333, "local_perc": 8.574858514834505e-05}, "KANNAPUR HATTI": {"global_perc": 1.0, "local_perc": 8.574858514834505e-05}, "KARAKAT": {"global_perc": 0.125, "local_perc": 8.574858514834505e-05}, "KARMCHATA": {"global_perc": 0.2, "local_perc": 8.574858514834505e-05}, "KARNU": {"global_perc": 0.125, "local_perc": 8.574858514834505e-05}, "KARSANDA": {"global_perc": 1.0, "local_perc": 8.574858514834505e-05}, "KATGHARA KALAN": {"global_perc": 1.0, "local_perc": 8.574858514834505e-05}, "KAULI": {"global_perc": 0.14285714285714285, "local_perc": 8.574858514834505e-05}, "KERA": {"global_perc": 0.5, "local_perc": 8.574858514834505e-05}, "KHAIRA BUHLA": {"global_perc": 0.3333333333333333, "local_perc": 8.574858514834505e-05}, "KHALSIBERIA": {"global_perc": 0.5, "local_perc": 8.574858514834505e-05}, "KHARAICH": {"global_perc": 1.0, "local_perc": 8.574858514834505e-05}, "KHARAJ": {"global_perc": 0.3333333333333333, "local_perc": 8.574858514834505e-05}, "KHARUHL": {"global_perc": 0.25, "local_perc": 8.574858514834505e-05}, "KHIRANWALI": {"global_perc": 0.5, "local_perc": 8.574858514834505e-05}, "KHUN KHUN SARKI": {"global_perc": 0.5, "local_perc": 8.574858514834505e-05}, "KHUNTI": {"global_perc": 0.3333333333333333, "local_perc": 0.0001714971702966901}, "KHUTADIH": {"global_perc": 1.0, "local_perc": 8.574858514834505e-05}, "KIRIBURU": {"global_perc": 1.0, "local_perc": 8.574858514834505e-05}, "KOKADIH": {"global_perc": 1.0, "local_perc": 8.574858514834505e-05}, "KOLAMBI": {"global_perc": 0.5, "local_perc": 8.574858514834505e-05}, "KONCH": {"global_perc": 0.3333333333333333, "local_perc": 8.574858514834505e-05}, "KONE": {"global_perc": 1.0, "local_perc": 8.574858514834505e-05}, "KOT GANGURAI": {"global_perc": 1.0, "local_perc": 8.574858514834505e-05}, "KOTHI": {"global_perc": 0.05405405405405406, "local_perc": 0.0001714971702966901}, "KRISHAN GARH": {"global_perc": 0.1111111111111111, "local_perc": 8.574858514834505e-05}, "KUKURBAGHI": {"global_perc": 0.0625, "local_perc": 8.574858514834505e-05}, "KUMKUMA": {"global_perc": 0.6666666666666666, "local_perc": 0.0001714971702966901}, "KURALI": {"global_perc": 0.5, "local_perc": 8.574858514834505e-05}, "KURKNALA": {"global_perc": 0.5, "local_perc": 8.574858514834505e-05}, "KURKUTIYA": {"global_perc": 1.0, "local_perc": 8.574858514834505e-05}, "Khagraun": {"global_perc": 0.3333333333333333, "local_perc": 8.574858514834505e-05}, "LASRANA": {"global_perc": 0.3333333333333333, "local_perc": 8.574858514834505e-05}, "LODHBHARWARI": {"global_perc": 1.0, "local_perc": 8.574858514834505e-05}, "LOHNA": {"global_perc": 0.3333333333333333, "local_perc": 8.574858514834505e-05}, "LOTOR": {"global_perc": 1.0, "local_perc": 8.574858514834505e-05}, "MADHOPUR": {"global_perc": 0.03225806451612903, "local_perc": 8.574858514834505e-05}, "MAHRIPUR": {"global_perc": 1.0, "local_perc": 8.574858514834505e-05}, "MAHUADANR": {"global_perc": 0.16666666666666666, "local_perc": 8.574858514834505e-05}, "MAHUAKOL": {"global_perc": 1.0, "local_perc": 8.574858514834505e-05}, "MAKUNDAPUR": {"global_perc": 0.1111111111111111, "local_perc": 8.574858514834505e-05}, "MALAU": {"global_perc": 1.0, "local_perc": 8.574858514834505e-05}, "MALHA": {"global_perc": 1.0, "local_perc": 8.574858514834505e-05}, "MAMBATTU": {"global_perc": 1.0, "local_perc": 8.574858514834505e-05}, "MAMKHIR": {"global_perc": 1.0, "local_perc": 8.574858514834505e-05}, "MANGAT KHERA": {"global_perc": 1.0, "local_perc": 8.574858514834505e-05}, "MANHE": {"global_perc": 1.0, "local_perc": 8.574858514834505e-05}, "MARANGHADA": {"global_perc": 0.3333333333333333, "local_perc": 8.574858514834505e-05}, "MASAURI": {"global_perc": 0.25, "local_perc": 8.574858514834505e-05}, "MASTI PALKOT": {"global_perc": 1.0, "local_perc": 8.574858514834505e-05}, "MATHIA": {"global_perc": 0.25, "local_perc": 8.574858514834505e-05}, "MAYURHAND": {"global_perc": 0.25, "local_perc": 8.574858514834505e-05}, "MENDALI": {"global_perc": 1.0, "local_perc": 8.574858514834505e-05}, "MERKHARA": {"global_perc": 1.0, "local_perc": 8.574858514834505e-05}, "MERLE": {"global_perc": 1.0, "local_perc": 8.574858514834505e-05}, "MISRAULI": {"global_perc": 1.0, "local_perc": 8.574858514834505e-05}, "MOHANPUR": {"global_perc": 0.013333333333333334, "local_perc": 8.574858514834505e-05}, "MUNAN": {"global_perc": 1.0, "local_perc": 8.574858514834505e-05}, "MUNIMPUR": {"global_perc": 0.3333333333333333, "local_perc": 8.574858514834505e-05}, "Mianpur": {"global_perc": 0.3333333333333333, "local_perc": 8.574858514834505e-05}, "N.A.": {"global_perc": 0.0016101534381511649, "local_perc": 0.0014577259475218659}, "NAIDUMANGALAM": {"global_perc": 1.0, "local_perc": 8.574858514834505e-05}, "NAINA BAGICHA": {"global_perc": 1.0, "local_perc": 8.574858514834505e-05}, "NARAPAKKAM": {"global_perc": 1.0, "local_perc": 8.574858514834505e-05}, "NARAYANPUR": {"global_perc": 0.011235955056179775, "local_perc": 8.574858514834505e-05}, "NAWADA": {"global_perc": 0.03225806451612903, "local_perc": 8.574858514834505e-05}, "NERKUNDRAM": {"global_perc": 1.0, "local_perc": 8.574858514834505e-05}, "NOTAR": {"global_perc": 1.0, "local_perc": 8.574858514834505e-05}, "OBRA": {"global_perc": 1.0, "local_perc": 8.574858514834505e-05}, "PABAPUR": {"global_perc": 1.0, "local_perc": 8.574858514834505e-05}, "PADARIYA": {"global_perc": 0.07692307692307693, "local_perc": 8.574858514834505e-05}, "PAIGAMBARPUR": {"global_perc": 1.0, "local_perc": 8.574858514834505e-05}, "PALLIKKADU": {"global_perc": 1.0, "local_perc": 8.574858514834505e-05}, "PALRI CHHINA": {"global_perc": 1.0, "local_perc": 8.574858514834505e-05}, "PANDRA": {"global_perc": 0.3333333333333333, "local_perc": 8.574858514834505e-05}, "PARSHURAMPUR": {"global_perc": 0.5, "local_perc": 8.574858514834505e-05}, "PATAHATU": {"global_perc": 1.0, "local_perc": 8.574858514834505e-05}, "PATLOT": {"global_perc": 1.0, "local_perc": 8.574858514834505e-05}, "PHULBARI": {"global_perc": 0.2, "local_perc": 8.574858514834505e-05}, "PIPARAHI": {"global_perc": 1.0, "local_perc": 8.574858514834505e-05}, "PRANPUR": {"global_perc": 0.09090909090909091, "local_perc": 8.574858514834505e-05}, "PUNAJUR STATE FOREST": {"global_perc": 1.0, "local_perc": 8.574858514834505e-05}, "PURANDHA": {"global_perc": 0.5, "local_perc": 0.0001714971702966901}, "PURSHOTUMPUR": {"global_perc": 0.5, "local_perc": 8.574858514834505e-05}, "PURUNABALICHUA": {"global_perc": 1.0, "local_perc": 8.574858514834505e-05}, "RAGHOPUR": {"global_perc": 0.16666666666666666, "local_perc": 8.574858514834505e-05}, "RANGAPATTI": {"global_perc": 0.5, "local_perc": 8.574858514834505e-05}, "RANIPOKHRI": {"global_perc": 0.5, "local_perc": 0.0001714971702966901}, "RASANPUR": {"global_perc": 1.0, "local_perc": 8.574858514834505e-05}, "RATANARI": {"global_perc": 1.0, "local_perc": 8.574858514834505e-05}, "RATNAG": {"global_perc": 0.3333333333333333, "local_perc": 8.574858514834505e-05}, "RIKHIYA": {"global_perc": 0.14285714285714285, "local_perc": 8.574858514834505e-05}, "ROHELA HAJI UTTAR": {"global_perc": 0.5, "local_perc": 8.574858514834505e-05}, "ROORKEE": {"global_perc": 0.6666666666666666, "local_perc": 0.0001714971702966901}, "ROWAHALI": {"global_perc": 1.0, "local_perc": 8.574858514834505e-05}, "ROWAHLI": {"global_perc": 0.5, "local_perc": 8.574858514834505e-05}, "SADAT MALAUT": {"global_perc": 1.0, "local_perc": 8.574858514834505e-05}, "SAGAHRIYA": {"global_perc": 1.0, "local_perc": 8.574858514834505e-05}, "SAHMALPUR": {"global_perc": 1.0, "local_perc": 8.574858514834505e-05}, "SAIDPUR": {"global_perc": 0.0625, "local_perc": 8.574858514834505e-05}, "SAKHRUA BUJURG": {"global_perc": 1.0, "local_perc": 8.574858514834505e-05}, "SALIAGOCHHA": {"global_perc": 1.0, "local_perc": 8.574858514834505e-05}, "SANGHANATH": {"global_perc": 1.0, "local_perc": 8.574858514834505e-05}, "SANKESHWAR TOWN": {"global_perc": 1.0, "local_perc": 8.574858514834505e-05}, "SANSARIPUR": {"global_perc": 0.3333333333333333, "local_perc": 8.574858514834505e-05}, "SAPARUM": {"global_perc": 1.0, "local_perc": 0.0001714971702966901}, "SAPERU": {"global_perc": 0.5, "local_perc": 8.574858514834505e-05}, "SAR": {"global_perc": 1.0, "local_perc": 8.574858514834505e-05}, "SARAIA": {"global_perc": 0.25, "local_perc": 8.574858514834505e-05}, "SARDAM": {"global_perc": 0.25, "local_perc": 8.574858514834505e-05}, "SARKAMI": {"global_perc": 0.5, "local_perc": 8.574858514834505e-05}, "SARUA": {"global_perc": 0.3333333333333333, "local_perc": 8.574858514834505e-05}, "SEMRIYA": {"global_perc": 0.5, "local_perc": 8.574858514834505e-05}, "SEMUAR KHANPUR": {"global_perc": 1.0, "local_perc": 8.574858514834505e-05}, "SEWAL": {"global_perc": 1.0, "local_perc": 8.574858514834505e-05}, "SHASHIN": {"global_perc": 1.0, "local_perc": 8.574858514834505e-05}, "SHIV PUR": {"global_perc": 1.0, "local_perc": 8.574858514834505e-05}, "SHIVPUR": {"global_perc": 0.13636363636363635, "local_perc": 0.00025724575544503516}, "SILADON": {"global_perc": 0.3333333333333333, "local_perc": 8.574858514834505e-05}, "SIMARIA": {"global_perc": 1.0, "local_perc": 8.574858514834505e-05}, "SISIA": {"global_perc": 0.3333333333333333, "local_perc": 8.574858514834505e-05}, "SODAG": {"global_perc": 1.0, "local_perc": 8.574858514834505e-05}, "SUKHASAN": {"global_perc": 0.14285714285714285, "local_perc": 8.574858514834505e-05}, "SURAPUR": {"global_perc": 0.5, "local_perc": 8.574858514834505e-05}, "TABADS": {"global_perc": 1.0, "local_perc": 8.574858514834505e-05}, "TAJPUR": {"global_perc": 0.08333333333333333, "local_perc": 8.574858514834505e-05}, "TALBONA": {"global_perc": 1.0, "local_perc": 8.574858514834505e-05}, "TAPPU RAGUNATHPUR": {"global_perc": 0.5, "local_perc": 8.574858514834505e-05}, "TARDIHA": {"global_perc": 0.2, "local_perc": 8.574858514834505e-05}, "TARNA": {"global_perc": 0.5, "local_perc": 8.574858514834505e-05}, "TIBBI KALAN": {"global_perc": 0.25, "local_perc": 8.574858514834505e-05}, "TIPIJHARI": {"global_perc": 1.0, "local_perc": 8.574858514834505e-05}, "TIUYRAK": {"global_perc": 1.0, "local_perc": 8.574858514834505e-05}, "TIYRAKALA": {"global_perc": 1.0, "local_perc": 0.0001714971702966901}, "TOE MAKHOWAL": {"global_perc": 0.5, "local_perc": 8.574858514834505e-05}, "TOLA SIPAHIYA": {"global_perc": 0.5, "local_perc": 8.574858514834505e-05}, "TUKBERA": {"global_perc": 0.5, "local_perc": 8.574858514834505e-05}, "TUSMU": {"global_perc": 1.0, "local_perc": 8.574858514834505e-05}, "Tengkigittim": {"global_perc": 0.16666666666666666, "local_perc": 8.574858514834505e-05}, "Tibbi Kalan": {"global_perc": 1.0, "local_perc": 8.574858514834505e-05}, "UDAMANDA": {"global_perc": 1.0, "local_perc": 0.0001714971702966901}, "URMAR": {"global_perc": 1.0, "local_perc": 8.574858514834505e-05}, "VELLALAPATTI": {"global_perc": 0.5, "local_perc": 8.574858514834505e-05}}, "partition_field": "Near_Vil_Tow_Nam_hav_Prim_School", "Vil_Nam": "Solina", "Stat_Nam": "JAMMU & KASHMIR"}, {"data": [["Mat_An_Chil_Wel_Cen_Num", 3.0], ["Mat_An_Chil_Wel_Cen_Par_Med_Staf_In_Pos_Num", 2.0], 1.5], "data_low": {"Stat_Nam": "Punjab", "Vil_Nam": "Kishangarh Urf Chinarthal (19)", "Mat_An_Chil_Wel_Cen_Num": "3", "Mat_An_Chil_Wel_Cen_Par_Med_Staf_In_Pos_Num": "2", "id": 35667}, "data_high": {"Stat_Nam": "Punjab", "Vil_Nam": "Kishangarh Urf Chinarthal (19)", "Mat_An_Chil_Wel_Cen_Num": "3", "Mat_An_Chil_Wel_Cen_Par_Med_Staf_In_Pos_Num": "2", "id": 35667}, "perc": 0.0008029226384037898, "metric": 99.9991965772656, "value_global_local": {}, "partition_field": null, "Vil_Nam": "Kishangarh Urf Chinarthal (19)", "Stat_Nam": "Punjab"}, {"data": [["Mat_An_Chil_Wel_Cen_Num", 5.0], ["Mat_An_Chil_Wel_Cen_Par_Med_Staf_In_Pos_Num", 3.0], 1.6666666666666667], "data_low": {"Stat_Nam": "TRIPURA", "Vil_Nam": "Rajkang", "Mat_An_Chil_Wel_Cen_Num": "5", "Mat_An_Chil_Wel_Cen_Par_Med_Staf_In_Pos_Num": "3", "id": 271090}, "data_high": {"Stat_Nam": "TRIPURA", "Vil_Nam": "Rajkang", "Mat_An_Chil_Wel_Cen_Num": "5", "Mat_An_Chil_Wel_Cen_Par_Med_Staf_In_Pos_Num": "3", "id": 271090}, "perc": 0.00016058452768075794, "metric": 99.99983874867337, "value_global_local": {}, "partition_field": null, "Vil_Nam": "Rajkang", "Stat_Nam": "TRIPURA"}, {"data": [["Mat_An_Chil_Wel_Cen_Num", 4.0], ["Mat_An_Chil_Wel_Cen_Par_Med_Staf_In_Pos_Num", 2.0], 2.0], "data_low": {"Stat_Nam": "JAMMU & KASHMIR", "Vil_Nam": "Tantna", "Mat_An_Chil_Wel_Cen_Num": "2", "Mat_An_Chil_Wel_Cen_Par_Med_Staf_In_Pos_Num": "1", "id": 4093}, "data_high": {"Stat_Nam": "Punjab", "Vil_Nam": "Heir (347)", "Mat_An_Chil_Wel_Cen_Num": "6", "Mat_An_Chil_Wel_Cen_Par_Med_Staf_In_Pos_Num": "3", "id": 37406}, "perc": 0.003211690553615159, "metric": 99.99678730927847, "value_global_local": {}, "partition_field": null, "Vil_Nam": "Chander Hama", "Stat_Nam": "JAMMU & KASHMIR"}, {"data": [["Mat_An_Chil_Wel_Cen_Num", 3.0], ["Mat_An_Chil_Wel_Cen_Par_Med_Staf_In_Pos_Num", 1.0], 3.0], "data_low": {"Stat_Nam": "Punjab", "Vil_Nam": "Kaire (429)", "Mat_An_Chil_Wel_Cen_Num": "3", "Mat_An_Chil_Wel_Cen_Par_Med_Staf_In_Pos_Num": "1", "id": 39735}, "data_high": {"Stat_Nam": "Punjab", "Vil_Nam": "Kaire (429)", "Mat_An_Chil_Wel_Cen_Num": "3", "Mat_An_Chil_Wel_Cen_Par_Med_Staf_In_Pos_Num": "1", "id": 39735}, "perc": 0.0004817535830422739, "metric": 99.99951624602653, "value_global_local": {}, "partition_field": null, "Vil_Nam": "Kaire (429)", "Stat_Nam": "Punjab"}, {"data": [["Mat_An_Chil_Wel_Cen_Num", 4.0], ["Mat_An_Chil_Wel_Cen_Par_Med_Staf_In_Pos_Num", 1.0], 4.0], "data_low": {"Stat_Nam": "Punjab", "Vil_Nam": "Mohan Ke Hithar (172)", "Mat_An_Chil_Wel_Cen_Num": "4", "Mat_An_Chil_Wel_Cen_Par_Med_Staf_In_Pos_Num": "1", "id": 34620}, "data_high": {"Stat_Nam": "Punjab", "Vil_Nam": "Mohan Ke Hithar (172)", "Mat_An_Chil_Wel_Cen_Num": "4", "Mat_An_Chil_Wel_Cen_Par_Med_Staf_In_Pos_Num": "1", "id": 34620}, "perc": 0.0006423381107230318, "metric": 99.99935466130846, "value_global_local": {}, "partition_field": null, "Vil_Nam": "Mohan Ke Hithar (172)", "Stat_Nam": "Punjab"}, {"data": [["Mat_An_Chil_Wel_Cen_Num", 5.0], ["Mat_An_Chil_Wel_Cen_Par_Med_Staf_In_Pos_Num", 1.0], 5.0], "data_low": {"Stat_Nam": "West Bengal", "Vil_Nam": "Bamuha", "Mat_An_Chil_Wel_Cen_Num": "5", "Mat_An_Chil_Wel_Cen_Par_Med_Staf_In_Pos_Num": "1", "id": 312570}, "data_high": {"Stat_Nam": "West Bengal", "Vil_Nam": "Bamuha", "Mat_An_Chil_Wel_Cen_Num": "5", "Mat_An_Chil_Wel_Cen_Par_Med_Staf_In_Pos_Num": "1", "id": 312570}, "perc": 0.0008029226384037898, "metric": 99.9991930765936, "value_global_local": {}, "partition_field": null, "Vil_Nam": "Bamuha", "Stat_Nam": "West Bengal"}, {"data": [["Mat_An_Chil_Wel_Cen_Num", 6.0], ["Mat_An_Chil_Wel_Cen_Par_Med_Staf_In_Pos_Num", 1.0], 6.0], "data_low": {"Stat_Nam": "West Bengal", "Vil_Nam": "Dhananjoypur", "Mat_An_Chil_Wel_Cen_Num": "6", "Mat_An_Chil_Wel_Cen_Par_Med_Staf_In_Pos_Num": "1", "id": 319966}, "data_high": {"Stat_Nam": "West Bengal", "Vil_Nam": "Dhananjoypur", "Mat_An_Chil_Wel_Cen_Num": "6", "Mat_An_Chil_Wel_Cen_Par_Med_Staf_In_Pos_Num": "1", "id": 319966}, "perc": 0.00016058452768075794, "metric": 99.9998344144802, "value_global_local": {}, "partition_field": null, "Vil_Nam": "Dhananjoypur", "Stat_Nam": "West Bengal"}, {"data": [["Mat_An_Chil_Wel_Cen_Num", 1.0], ["Mat_An_Chil_Wel_Cen_Par_Med_Staf_In_Pos_Num", 0.0], 9999], "data_low": {"Stat_Nam": "JAMMU & KASHMIR", "Vil_Nam": "Putushy", "Mat_An_Chil_Wel_Cen_Num": "1", "Mat_An_Chil_Wel_Cen_Par_Med_Staf_In_Pos_Num": "0", "id": 40}, "data_high": {"Stat_Nam": "West Bengal", "Vil_Nam": "Deotala", "Mat_An_Chil_Wel_Cen_Num": "8", "Mat_An_Chil_Wel_Cen_Par_Med_Staf_In_Pos_Num": "", "id": 311315}, "perc": 1.1430406680316352, "metric": 98.84707363613406, "value_global_local": {"ANDAMAN & NICOBAR ISLANDS": {"global_perc": 0.018018018018018018, "local_perc": 0.0014048890137679123}, "BIHAR": {"global_perc": 0.0010696617194812142, "local_perc": 0.006743467266085979}, "HIMACHAL PRADESH": {"global_perc": 0.0050265828902851615, "local_perc": 0.014610845743186288}, "JAMMU & KASHMIR": {"global_perc": 0.006714481916679384, "local_perc": 0.0061815116605788145}, "JHARKHAND": {"global_perc": 0.007779218373772921, "local_perc": 0.03540320314695139}, "MADHYA PRADESH": {"global_perc": 0.0084694825419376, "local_perc": 0.06532733914020793}, "MIZORAM": {"global_perc": 0.024096385542168676, "local_perc": 0.0028097780275358245}, "NAGALAND": {"global_perc": 0.0014005602240896359, "local_perc": 0.0002809778027535825}, "PUDUCHERRY": {"global_perc": 0.011111111111111112, "local_perc": 0.00014048890137679124}, "TRIPURA": {"global_perc": 0.008, "local_perc": 0.0009834223096375386}, "UTTAR PRADESH": {"global_perc": 0.04267892932736434, "local_perc": 0.6402079235740377}, "UTTARAKHAND": {"global_perc": 0.0002381944857976538, "local_perc": 0.000561955605507165}, "West Bengal": {"global_perc": 0.03988263961410314, "local_perc": 0.22534419780837314}}, "partition_field": "Stat_Nam", "Vil_Nam": "Putushy", "Stat_Nam": "JAMMU & KASHMIR"}, {"data": [["Mat_An_Chil_Wel_Cen_Num", 0], ["Mat_An_Chil_Wel_Cen_Par_Med_Staf_In_Pos_Num", 0], 99980001], "data_low": {"Stat_Nam": "JAMMU & KASHMIR", "Vil_Nam": "Bore", "Mat_An_Chil_Wel_Cen_Num": "", "Mat_An_Chil_Wel_Cen_Par_Med_Staf_In_Pos_Num": "", "id": 0}, "data_high": {"Stat_Nam": "UTTAR PRADESH", "Vil_Nam": "Sirdharpur Ahatmali", "Mat_An_Chil_Wel_Cen_Num": "kk", "Mat_An_Chil_Wel_Cen_Par_Med_Staf_In_Pos_Num": "0", "id": 140404}, "perc": 94.55249106748565, "metric": 9.457140440265214e-07, "value_global_local": {"null": {"global_perc": 0.9455249106748564, "local_perc": 1.0}}, "partition_field": "Dist_Other", "Vil_Nam": "Bore", "Stat_Nam": "JAMMU & KASHMIR"}]