[{"data": [["Prim_Heal_Cen_Doc_In_Pos_Num", 0], ["Prim_Heal_Cen_Doc_Tot_Stren_Num", 2.0], 0.0], "data_low": {"Stat_Nam": "JAMMU & KASHMIR", "Vil_Nam": "Arigam", "Prim_Heal_Cen_Doc_Tot_Stren_Num": "2", "Prim_Heal_Cen_Doc_In_Pos_Num": "", "id": 591}, "data_high": {"Stat_Nam": "Arunachal Pradesh", "Vil_Nam": "Lathao", "Prim_Heal_Cen_Doc_Tot_Stren_Num": "12", "Prim_Heal_Cen_Doc_In_Pos_Num": "1", "id": 265531}, "perc": 0.21871612670119234, "metric": 99.78128487131124, "value_global_local": {"ANDHRA PRADESH": {"global_perc": 0.00014388489208633093, "local_perc": 0.002936857562408223}, "ASSAM": {"global_perc": 0.00037885963250615644, "local_perc": 0.007342143906020558}, "Arunachal Pradesh": {"global_perc": 0.0001789228842368939, "local_perc": 0.0007342143906020558}, "CHHATTISGARH": {"global_perc": 0.0016893570505813376, "local_perc": 0.024963289280469897}, "HARYANA": {"global_perc": 0.001900306972664815, "local_perc": 0.009544787077826725}, "HIMACHAL PRADESH": {"global_perc": 0.001208313194780087, "local_perc": 0.018355359765051395}, "JAMMU & KASHMIR": {"global_perc": 0.003052037234854265, "local_perc": 0.014684287812041116}, "JHARKHAND": {"global_perc": 0.002315243563622893, "local_perc": 0.05506607929515418}, "KARNATAKA": {"global_perc": 0.00030674846625766873, "local_perc": 0.006607929515418502}, "KERALA": {"global_perc": 0.003929273084479371, "local_perc": 0.002936857562408223}, "MANIPUR": {"global_perc": 0.0003874467260751647, "local_perc": 0.0007342143906020558}, "MIZORAM": {"global_perc": 0.014457831325301205, "local_perc": 0.00881057268722467}, "NAGALAND": {"global_perc": 0.01050420168067227, "local_perc": 0.011013215859030838}, "Punjab": {"global_perc": 7.948493760432397e-05, "local_perc": 0.0007342143906020558}, "RAJASTHAN": {"global_perc": 0.012334348137535816, "local_perc": 0.4045521292217327}, "TRIPURA": {"global_perc": 0.001142857142857143, "local_perc": 0.0007342143906020558}, "UTTAR PRADESH": {"global_perc": 0.003306048288909285, "local_perc": 0.2591776798825257}, "West Bengal": {"global_perc": 0.005793425829230692, "local_perc": 0.171071953010279}}, "partition_field": "Stat_Nam", "Vil_Nam": "Arigam", "Stat_Nam": "JAMMU & KASHMIR"}, {"data": [["Prim_Heal_Cen_Doc_In_Pos_Num", 1.0], ["Prim_Heal_Cen_Doc_Tot_Stren_Num", 7.0], 0.14285714285714285], "data_low": {"Stat_Nam": "Punjab", "Vil_Nam": "Ayali Khurd (153)", "Prim_Heal_Cen_Doc_Tot_Stren_Num": "7", "Prim_Heal_Cen_Doc_In_Pos_Num": "1", "id": 33424}, "data_high": {"Stat_Nam": "MANIPUR", "Vil_Nam": "Nungoo Wapokpi", "Prim_Heal_Cen_Doc_Tot_Stren_Num": "14", "Prim_Heal_Cen_Doc_In_Pos_Num": "3", "id": 268970}, "perc": 0.0022481833875306113, "metric": 99.9977526739075, "value_global_local": {}, "partition_field": null, "Vil_Nam": "Ayali Khurd (153)", "Stat_Nam": "Punjab"}, {"data": [["Prim_Heal_Cen_Doc_In_Pos_Num", 1.0], ["Prim_Heal_Cen_Doc_Tot_Stren_Num", 4.0], 0.25], "data_low": {"Stat_Nam": "JAMMU & KASHMIR", "Vil_Nam": "Krala Gund", "Prim_Heal_Cen_Doc_Tot_Stren_Num": "4", "Prim_Heal_Cen_Doc_In_Pos_Num": "1", "id": 296}, "data_high": {"Stat_Nam": "JHARKHAND", "Vil_Nam": "Totambi", "Prim_Heal_Cen_Doc_Tot_Stren_Num": "8", "Prim_Heal_Cen_Doc_In_Pos_Num": "2", "id": 373371}, "perc": 0.1287887911999679, "metric": 99.87121195798396, "value_global_local": {"ANDHRA PRADESH": {"global_perc": 0.00035971223021582735, "local_perc": 0.012468827930174564}, "ASSAM": {"global_perc": 0.02201174464860769, "local_perc": 0.7244389027431422}, "BIHAR": {"global_perc": 0.000713107812987476, "local_perc": 0.0399002493765586}, "CHHATTISGARH": {"global_perc": 4.9686972075921695e-05, "local_perc": 0.0012468827930174563}, "HARYANA": {"global_perc": 0.001315597134921795, "local_perc": 0.011221945137157107}, "HIMACHAL PRADESH": {"global_perc": 0.00019333011116481392, "local_perc": 0.004987531172069825}, "JAMMU & KASHMIR": {"global_perc": 0.0025942316496261253, "local_perc": 0.02119700748129676}, "JHARKHAND": {"global_perc": 0.0004939186269062172, "local_perc": 0.0199501246882793}, "KARNATAKA": {"global_perc": 0.00020449897750511248, "local_perc": 0.007481296758104738}, "KERALA": {"global_perc": 0.019646365422396856, "local_perc": 0.02493765586034913}, "MADHYA PRADESH": {"global_perc": 0.00012749758665282407, "local_perc": 0.008728179551122194}, "MANIPUR": {"global_perc": 0.0003874467260751647, "local_perc": 0.0012468827930174563}, "Maharashtra": {"global_perc": 9.160654986831558e-05, "local_perc": 0.004987531172069825}, "Meghalaya": {"global_perc": 0.0032168445679192866, "local_perc": 0.02743142144638404}, "NAGALAND": {"global_perc": 0.0007002801120448179, "local_perc": 0.0012468827930174563}, "Punjab": {"global_perc": 0.0008743343136475638, "local_perc": 0.01371571072319202}, "SIKKIM": {"global_perc": 0.0022172949002217295, "local_perc": 0.0012468827930174563}, "TRIPURA": {"global_perc": 0.0034285714285714284, "local_perc": 0.003740648379052369}, "Tamil Nadu": {"global_perc": 0.0005632392515176168, "local_perc": 0.011221945137157107}, "UTTAR PRADESH": {"global_perc": 0.00015921479011744431, "local_perc": 0.02119700748129676}, "UTTARAKHAND": {"global_perc": 0.0006550348359435479, "local_perc": 0.01371571072319202}, "West Bengal": {"global_perc": 0.0004724252822119449, "local_perc": 0.02369077306733167}}, "partition_field": "Stat_Nam", "Vil_Nam": "Krala Gund", "Stat_Nam": "JAMMU & KASHMIR"}, {"data": [["Prim_Heal_Cen_Doc_In_Pos_Num", 3.0], ["Prim_Heal_Cen_Doc_Tot_Stren_Num", 8.0], 0.375], "data_low": {"Stat_Nam": "JAMMU & KASHMIR", "Vil_Nam": "Kalimasta", "Prim_Heal_Cen_Doc_Tot_Stren_Num": "5", "Prim_Heal_Cen_Doc_In_Pos_Num": "2", "id": 4539}, "data_high": {"Stat_Nam": "BIHAR", "Vil_Nam": "Kursakatta", "Prim_Heal_Cen_Doc_Tot_Stren_Num": "10", "Prim_Heal_Cen_Doc_In_Pos_Num": "4", "id": 220933}, "perc": 0.0036934441366574334, "metric": 99.99630718096527, "value_global_local": {"BIHAR": {"global_perc": 0.00020056157240272763, "local_perc": 0.391304347826087}, "JAMMU & KASHMIR": {"global_perc": 0.0004578055852281398, "local_perc": 0.13043478260869565}, "JHARKHAND": {"global_perc": 0.00015434957090819287, "local_perc": 0.21739130434782608}, "KERALA": {"global_perc": 0.0009823182711198428, "local_perc": 0.043478260869565216}, "MADHYA PRADESH": {"global_perc": 3.642788190080688e-05, "local_perc": 0.08695652173913043}, "Tamil Nadu": {"global_perc": 6.258213905751299e-05, "local_perc": 0.043478260869565216}, "West Bengal": {"global_perc": 4.972897707494157e-05, "local_perc": 0.08695652173913043}}, "partition_field": "Stat_Nam", "Vil_Nam": "Charkhi", "Stat_Nam": "BIHAR"}, {"data": [["Prim_Heal_Cen_Doc_In_Pos_Num", 1.0], ["Prim_Heal_Cen_Doc_Tot_Stren_Num", 2.0], 0.5], "data_low": {"Stat_Nam": "JAMMU & KASHMIR", "Vil_Nam": "Maidan Pora", "Prim_Heal_Cen_Doc_Tot_Stren_Num": "2", "Prim_Heal_Cen_Doc_In_Pos_Num": "1", "id": 20}, "data_high": {"Stat_Nam": "UTTARAKHAND", "Vil_Nam": "Jauligrant", "Prim_Heal_Cen_Doc_Tot_Stren_Num": "12", "Prim_Heal_Cen_Doc_In_Pos_Num": "6", "id": 45051}, "perc": 0.4483520012846762, "metric": 99.55164849657312, "value_global_local": {"ANDAMAN & NICOBAR ISLANDS": {"global_perc": 0.0036036036036036037, "local_perc": 0.0007163323782234957}, "ANDHRA PRADESH": {"global_perc": 0.006546762589928057, "local_perc": 0.0651862464183381}, "ASSAM": {"global_perc": 0.004773631369577571, "local_perc": 0.04512893982808023}, "Arunachal Pradesh": {"global_perc": 0.0010735373054213634, "local_perc": 0.002148997134670487}, "BIHAR": {"global_perc": 0.004924900833444756, "local_perc": 0.07915472779369627}, "CHHATTISGARH": {"global_perc": 0.003378714101162675, "local_perc": 0.024355300859598854}, "HARYANA": {"global_perc": 0.00643180821517322, "local_perc": 0.015759312320916905}, "HIMACHAL PRADESH": {"global_perc": 0.0032866118898018364, "local_perc": 0.024355300859598854}, "JAMMU & KASHMIR": {"global_perc": 0.009919121013276362, "local_perc": 0.02328080229226361}, "JHARKHAND": {"global_perc": 0.0035191702167067978, "local_perc": 0.04083094555873926}, "KARNATAKA": {"global_perc": 0.0037150647580095433, "local_perc": 0.039040114613180514}, "KERALA": {"global_perc": 0.022593320235756387, "local_perc": 0.0082378223495702}, "MADHYA PRADESH": {"global_perc": 0.0008560552246689616, "local_perc": 0.01683381088825215}, "MANIPUR": {"global_perc": 0.003487020534676482, "local_perc": 0.0032234957020057307}, "MIZORAM": {"global_perc": 0.0036144578313253013, "local_perc": 0.0010744985673352436}, "Maharashtra": {"global_perc": 0.004786442230619489, "local_perc": 0.0748567335243553}, "Meghalaya": {"global_perc": 0.010381634741921334, "local_perc": 0.0254297994269341}, "NAGALAND": {"global_perc": 0.0014005602240896359, "local_perc": 0.0007163323782234957}, "ODISHA": {"global_perc": 3.897647769571064e-05, "local_perc": 0.0007163323782234957}, "PUDUCHERRY": {"global_perc": 0.011111111111111112, "local_perc": 0.00035816618911174784}, "Punjab": {"global_perc": 0.0016691836896908037, "local_perc": 0.007521489971346705}, "RAJASTHAN": {"global_perc": 0.015266833810888253, "local_perc": 0.24426934097421205}, "SIKKIM": {"global_perc": 0.011086474501108648, "local_perc": 0.0017908309455587394}, "TRIPURA": {"global_perc": 0.010285714285714285, "local_perc": 0.0032234957020057307}, "Tamil Nadu": {"global_perc": 0.010138306527317103, "local_perc": 0.058022922636103154}, "UTTAR PRADESH": {"global_perc": 0.003671305748590481, "local_perc": 0.14040114613180515}, "UTTARAKHAND": {"global_perc": 0.003989757637110701, "local_perc": 0.023997134670487107}, "West Bengal": {"global_perc": 0.0020388880600726044, "local_perc": 0.029369627507163324}}, "partition_field": "Stat_Nam", "Vil_Nam": "Maidan Pora", "Stat_Nam": "JAMMU & KASHMIR"}, {"data": [["Prim_Heal_Cen_Doc_In_Pos_Num", 5.0], ["Prim_Heal_Cen_Doc_Tot_Stren_Num", 8.0], 0.625], "data_low": {"Stat_Nam": "JAMMU & KASHMIR", "Vil_Nam": "Cheeri Koot", "Prim_Heal_Cen_Doc_Tot_Stren_Num": "3", "Prim_Heal_Cen_Doc_In_Pos_Num": "2", "id": 46}, "data_high": {"Stat_Nam": "HARYANA", "Vil_Nam": "Salhawas (163)", "Prim_Heal_Cen_Doc_Tot_Stren_Num": "8", "Prim_Heal_Cen_Doc_In_Pos_Num": "5", "id": 61536}, "perc": 0.0947448713316472, "metric": 99.905255503388, "value_global_local": {"ANDHRA PRADESH": {"global_perc": 0.0014028776978417265, "local_perc": 0.06610169491525424}, "ASSAM": {"global_perc": 0.0026141314642924795, "local_perc": 0.11694915254237288}, "Arunachal Pradesh": {"global_perc": 0.0010735373054213634, "local_perc": 0.010169491525423728}, "BIHAR": {"global_perc": 0.0010919463386370727, "local_perc": 0.08305084745762711}, "CHHATTISGARH": {"global_perc": 0.00014906091622776508, "local_perc": 0.005084745762711864}, "HARYANA": {"global_perc": 0.007162695512351995, "local_perc": 0.08305084745762711}, "HIMACHAL PRADESH": {"global_perc": 0.0014499758337361043, "local_perc": 0.05084745762711865}, "JAMMU & KASHMIR": {"global_perc": 0.0032046390965969787, "local_perc": 0.03559322033898305}, "JHARKHAND": {"global_perc": 0.0004321787985429401, "local_perc": 0.023728813559322035}, "KARNATAKA": {"global_perc": 0.00020449897750511248, "local_perc": 0.010169491525423728}, "KERALA": {"global_perc": 0.026522593320235755, "local_perc": 0.04576271186440678}, "MADHYA PRADESH": {"global_perc": 0.00020035335045443783, "local_perc": 0.01864406779661017}, "MANIPUR": {"global_perc": 0.003487020534676482, "local_perc": 0.015254237288135594}, "Maharashtra": {"global_perc": 0.00025191801213786787, "local_perc": 0.01864406779661017}, "ODISHA": {"global_perc": 0.002007288601329098, "local_perc": 0.17457627118644067}, "Punjab": {"global_perc": 0.0003974246880216199, "local_perc": 0.00847457627118644}, "SIKKIM": {"global_perc": 0.004434589800443459, "local_perc": 0.003389830508474576}, "TRIPURA": {"global_perc": 0.002285714285714286, "local_perc": 0.003389830508474576}, "Tamil Nadu": {"global_perc": 0.0008135678077476688, "local_perc": 0.022033898305084745}, "UTTAR PRADESH": {"global_perc": 0.0004589132185738101, "local_perc": 0.08305084745762711}, "UTTARAKHAND": {"global_perc": 0.0035133686655153934, "local_perc": 0.1}, "West Bengal": {"global_perc": 0.00032323835098712017, "local_perc": 0.022033898305084745}}, "partition_field": "Stat_Nam", "Vil_Nam": "Salhawas (163)", "Stat_Nam": "HARYANA"}, {"data": [["Prim_Heal_Cen_Doc_In_Pos_Num", 3.0], ["Prim_Heal_Cen_Doc_Tot_Stren_Num", 4.0], 0.75], "data_low": {"Stat_Nam": "HARYANA", "Vil_Nam": "Kharhar(21)", "Prim_Heal_Cen_Doc_Tot_Stren_Num": "12", "Prim_Heal_Cen_Doc_In_Pos_Num": "10", "id": 61367}, "data_high": {"Stat_Nam": "BIHAR", "Vil_Nam": "karmegh", "Prim_Heal_Cen_Doc_Tot_Stren_Num": "10", "Prim_Heal_Cen_Doc_In_Pos_Num": "8", "id": 219012}, "perc": 0.044481914167569955, "metric": 99.9555183357712, "value_global_local": {"ANDAMAN & NICOBAR ISLANDS": {"global_perc": 0.0036036036036036037, "local_perc": 0.007220216606498195}, "ASSAM": {"global_perc": 0.0010229210077666224, "local_perc": 0.09747292418772563}, "Arunachal Pradesh": {"global_perc": 0.0001789228842368939, "local_perc": 0.0036101083032490976}, "BIHAR": {"global_perc": 0.0004902616214288898, "local_perc": 0.07942238267148015}, "CHHATTISGARH": {"global_perc": 0.00019874788830368678, "local_perc": 0.01444043321299639}, "HARYANA": {"global_perc": 0.00233883935097208, "local_perc": 0.05776173285198556}, "HIMACHAL PRADESH": {"global_perc": 0.0007249879168680521, "local_perc": 0.05415162454873646}, "JAMMU & KASHMIR": {"global_perc": 0.0022890279261406988, "local_perc": 0.05415162454873646}, "JHARKHAND": {"global_perc": 0.0004321787985429401, "local_perc": 0.05054151624548736}, "KARNATAKA": {"global_perc": 0.00010224948875255624, "local_perc": 0.010830324909747292}, "KERALA": {"global_perc": 0.008840864440078585, "local_perc": 0.032490974729241874}, "MADHYA PRADESH": {"global_perc": 9.106970475201719e-05, "local_perc": 0.018050541516245487}, "MANIPUR": {"global_perc": 0.001162340178225494, "local_perc": 0.010830324909747292}, "Meghalaya": {"global_perc": 0.0020470829068577278, "local_perc": 0.05054151624548736}, "ODISHA": {"global_perc": 5.846471654356596e-05, "local_perc": 0.010830324909747292}, "Punjab": {"global_perc": 0.00015896987520864795, "local_perc": 0.007220216606498195}, "TRIPURA": {"global_perc": 0.0034285714285714284, "local_perc": 0.010830324909747292}, "Tamil Nadu": {"global_perc": 0.003504599787220727, "local_perc": 0.20216606498194944}, "UTTAR PRADESH": {"global_perc": 5.619345533556858e-05, "local_perc": 0.021660649819494584}, "UTTARAKHAND": {"global_perc": 0.0016673614005835765, "local_perc": 0.10108303249097472}, "West Bengal": {"global_perc": 0.0007210701675866528, "local_perc": 0.10469314079422383}}, "partition_field": "Stat_Nam", "Vil_Nam": "Panzgam", "Stat_Nam": "JAMMU & KASHMIR"}, {"data": [["Prim_Heal_Cen_Doc_In_Pos_Num", 6.0], ["Prim_Heal_Cen_Doc_Tot_Stren_Num", 7.0], 0.8571428571428571], "data_low": {"Stat_Nam": "Punjab", "Vil_Nam": "Jhabal Kalan (44)", "Prim_Heal_Cen_Doc_Tot_Stren_Num": "7", "Prim_Heal_Cen_Doc_In_Pos_Num": "6", "id": 37639}, "data_high": {"Stat_Nam": "CHHATTISGARH", "Vil_Nam": "Kopra", "Prim_Heal_Cen_Doc_Tot_Stren_Num": "10", "Prim_Heal_Cen_Doc_In_Pos_Num": "9", "id": 442433}, "perc": 0.0011240916937653056, "metric": 99.99887605119035, "value_global_local": {}, "partition_field": null, "Vil_Nam": "Jhabal Kalan (44)", "Stat_Nam": "Punjab"}, {"data": [["Prim_Heal_Cen_Doc_In_Pos_Num", 2.0], ["Prim_Heal_Cen_Doc_Tot_Stren_Num", 2.0], 1.0], "data_low": {"Stat_Nam": "JAMMU & KASHMIR", "Vil_Nam": "Kuligam", "Prim_Heal_Cen_Doc_Tot_Stren_Num": "1", "Prim_Heal_Cen_Doc_In_Pos_Num": "1", "id": 19}, "data_high": {"Stat_Nam": "UTTAR PRADESH", "Vil_Nam": "Malhanpar", "Prim_Heal_Cen_Doc_Tot_Stren_Num": "8", "Prim_Heal_Cen_Doc_In_Pos_Num": "8", "id": 186232}, "perc": 2.4844032277490062, "metric": 97.51559677225099, "value_global_local": {"": {"global_perc": 0.029049028755293946, "local_perc": 0.9780233986167669}, "ADHARPUR": {"global_perc": 0.25, "local_perc": 6.46370628918622e-05}, "AHMEDGARH": {"global_perc": 1.0, "local_perc": 6.46370628918622e-05}, "AHMEDPUR": {"global_perc": 0.3333333333333333, "local_perc": 6.46370628918622e-05}, "ALIPUR BIHTA": {"global_perc": 1.0, "local_perc": 6.46370628918622e-05}, "AMEPUR": {"global_perc": 0.3333333333333333, "local_perc": 6.46370628918622e-05}, "ANDARGAON": {"global_perc": 1.0, "local_perc": 6.46370628918622e-05}, "ANDIPATTI": {"global_perc": 0.25, "local_perc": 6.46370628918622e-05}, "AREKALHOSAHALLI": {"global_perc": 0.5, "local_perc": 6.46370628918622e-05}, "ATTARI": {"global_perc": 0.2, "local_perc": 6.46370628918622e-05}, "B.BAGEWADI": {"global_perc": 0.5, "local_perc": 6.46370628918622e-05}, "BACHAHALLI": {"global_perc": 1.0, "local_perc": 6.46370628918622e-05}, "BADIYANI  KHURD": {"global_perc": 1.0, "local_perc": 6.46370628918622e-05}, "BADOSARAI": {"global_perc": 1.0, "local_perc": 6.46370628918622e-05}, "BADOWALA": {"global_perc": 1.0, "local_perc": 6.46370628918622e-05}, "BADRUDDINPUR": {"global_perc": 1.0, "local_perc": 6.46370628918622e-05}, "BAHADURPUR": {"global_perc": 0.023809523809523808, "local_perc": 6.46370628918622e-05}, "BAJROTH": {"global_perc": 1.0, "local_perc": 6.46370628918622e-05}, "BALH BEHAL": {"global_perc": 0.125, "local_perc": 6.46370628918622e-05}, "BALIA": {"global_perc": 0.08333333333333333, "local_perc": 6.46370628918622e-05}, "BALLAGAN": {"global_perc": 1.0, "local_perc": 6.46370628918622e-05}, "BANGA": {"global_perc": 0.5, "local_perc": 6.46370628918622e-05}, "BASAULI": {"global_perc": 0.3333333333333333, "local_perc": 6.46370628918622e-05}, "BASAVANAHALLI": {"global_perc": 0.2, "local_perc": 6.46370628918622e-05}, "BASEDOUR": {"global_perc": 0.3333333333333333, "local_perc": 6.46370628918622e-05}, "BASINI": {"global_perc": 1.0, "local_perc": 6.46370628918622e-05}, "BASKHARI": {"global_perc": 0.5, "local_perc": 6.46370628918622e-05}, "BASUDEWPUR": {"global_perc": 1.0, "local_perc": 6.46370628918622e-05}, "BELDIHRI": {"global_perc": 0.3333333333333333, "local_perc": 6.46370628918622e-05}, "BELHAN": {"global_perc": 0.3333333333333333, "local_perc": 6.46370628918622e-05}, "BHARERI": {"global_perc": 0.09090909090909091, "local_perc": 6.46370628918622e-05}, "BHATKOT": {"global_perc": 0.16666666666666666, "local_perc": 6.46370628918622e-05}, "BHATPURA": {"global_perc": 0.125, "local_perc": 6.46370628918622e-05}, "BHAURA DANDA": {"global_perc": 1.0, "local_perc": 6.46370628918622e-05}, "BHAWARNA": {"global_perc": 0.25, "local_perc": 6.46370628918622e-05}, "BHILOWAL": {"global_perc": 0.5, "local_perc": 6.46370628918622e-05}, "BHIRAWA": {"global_perc": 1.0, "local_perc": 6.46370628918622e-05}, "BHUMAL GADI": {"global_perc": 1.0, "local_perc": 6.46370628918622e-05}, "BHUTAHAVA": {"global_perc": 1.0, "local_perc": 6.46370628918622e-05}, "BILISIRI": {"global_perc": 0.5, "local_perc": 6.46370628918622e-05}, "BIPULINGI": {"global_perc": 0.5, "local_perc": 6.46370628918622e-05}, "BISHASHARPUR": {"global_perc": 1.0, "local_perc": 6.46370628918622e-05}, "BISNAH": {"global_perc": 0.4, "local_perc": 0.0001292741257837244}, "BOLLA": {"global_perc": 1.0, "local_perc": 0.0001292741257837244}, "BORAGAONWADI": {"global_perc": 1.0, "local_perc": 6.46370628918622e-05}, "BUDGADDA": {"global_perc": 0.5, "local_perc": 0.0001292741257837244}, "Banwalipur": {"global_perc": 1.0, "local_perc": 6.46370628918622e-05}, "CHAK BAMUN": {"global_perc": 0.3333333333333333, "local_perc": 6.46370628918622e-05}, "CHAKRI": {"global_perc": 0.5, "local_perc": 6.46370628918622e-05}, "CHAMA": {"global_perc": 1.0, "local_perc": 6.46370628918622e-05}, "CHANDWE": {"global_perc": 1.0, "local_perc": 6.46370628918622e-05}, "CHAUBATTA KHAL": {"global_perc": 1.0, "local_perc": 6.46370628918622e-05}, "CHHANGLA": {"global_perc": 0.2, "local_perc": 6.46370628918622e-05}, "CHHATADAMORE": {"global_perc": 1.0, "local_perc": 6.46370628918622e-05}, "CHHITKUL": {"global_perc": 1.0, "local_perc": 0.0001292741257837244}, "CHHITPAL GARH": {"global_perc": 1.0, "local_perc": 6.46370628918622e-05}, "CHILOI": {"global_perc": 0.3333333333333333, "local_perc": 6.46370628918622e-05}, "CHOPTA": {"global_perc": 0.5, "local_perc": 6.46370628918622e-05}, "CHORAIN": {"global_perc": 1.0, "local_perc": 6.46370628918622e-05}, "CHOURM": {"global_perc": 0.5, "local_perc": 6.46370628918622e-05}, "CHOWKI": {"global_perc": 0.125, "local_perc": 6.46370628918622e-05}, "CHUKHARA BANDHUDIH": {"global_perc": 1.0, "local_perc": 6.46370628918622e-05}, "DABARI": {"global_perc": 1.0, "local_perc": 6.46370628918622e-05}, "DADADAHALLI": {"global_perc": 1.0, "local_perc": 6.46370628918622e-05}, "DADHOG": {"global_perc": 0.125, "local_perc": 6.46370628918622e-05}, "DAIRA": {"global_perc": 1.0, "local_perc": 6.46370628918622e-05}, "DAULATPUR": {"global_perc": 0.02857142857142857, "local_perc": 6.46370628918622e-05}, "DEGO DEHARI": {"global_perc": 1.0, "local_perc": 6.46370628918622e-05}, "DEOTH": {"global_perc": 0.3333333333333333, "local_perc": 6.46370628918622e-05}, "DEWAL": {"global_perc": 0.3333333333333333, "local_perc": 6.46370628918622e-05}, "DHOOMAKOT": {"global_perc": 0.5, "local_perc": 6.46370628918622e-05}, "DHORHA": {"global_perc": 0.5, "local_perc": 6.46370628918622e-05}, "DHUNA": {"global_perc": 0.3333333333333333, "local_perc": 6.46370628918622e-05}, "DUNGRI MALLI": {"global_perc": 1.0, "local_perc": 0.0001292741257837244}, "Dhanaka": {"global_perc": 1.0, "local_perc": 6.46370628918622e-05}, "ERKI": {"global_perc": 1.0, "local_perc": 6.46370628918622e-05}, "FATEHPUR": {"global_perc": 0.015873015873015872, "local_perc": 6.46370628918622e-05}, "FATEHPUR CHADRAI": {"global_perc": 1.0, "local_perc": 6.46370628918622e-05}, "FATTUWALA": {"global_perc": 1.0, "local_perc": 6.46370628918622e-05}, "FULANG": {"global_perc": 0.6666666666666666, "local_perc": 0.0001292741257837244}, "FURRA": {"global_perc": 0.3333333333333333, "local_perc": 6.46370628918622e-05}, "GADIARA": {"global_perc": 0.08333333333333333, "local_perc": 6.46370628918622e-05}, "GADUTHURU": {"global_perc": 0.1, "local_perc": 6.46370628918622e-05}, "GANGATI": {"global_perc": 1.0, "local_perc": 0.0001292741257837244}, "GANGHARA": {"global_perc": 0.5, "local_perc": 6.46370628918622e-05}, "GARHWA": {"global_perc": 0.14285714285714285, "local_perc": 6.46370628918622e-05}, "GHANAUR": {"global_perc": 0.3333333333333333, "local_perc": 6.46370628918622e-05}, "GHAROTA KALAN": {"global_perc": 1.0, "local_perc": 6.46370628918622e-05}, "GOPALPUR": {"global_perc": 0.008333333333333333, "local_perc": 6.46370628918622e-05}, "GOVINDAMPALAYAM": {"global_perc": 0.5, "local_perc": 6.46370628918622e-05}, "GUJARAN PURVA": {"global_perc": 1.0, "local_perc": 6.46370628918622e-05}, "GULAULA KHERA": {"global_perc": 1.0, "local_perc": 6.46370628918622e-05}, "GUMMIDIPOONDI": {"global_perc": 0.5, "local_perc": 6.46370628918622e-05}, "GUTAKBARA": {"global_perc": 1.0, "local_perc": 6.46370628918622e-05}, "GYANPUR": {"global_perc": 0.034482758620689655, "local_perc": 6.46370628918622e-05}, "HAIBAT PINDI": {"global_perc": 0.1, "local_perc": 6.46370628918622e-05}, "HARNA": {"global_perc": 0.5, "local_perc": 6.46370628918622e-05}, "HIJALJURI": {"global_perc": 1.0, "local_perc": 6.46370628918622e-05}, "HOBAR": {"global_perc": 0.25, "local_perc": 6.46370628918622e-05}, "HULIYAR": {"global_perc": 0.5, "local_perc": 6.46370628918622e-05}, "HUNASANAKODIHALLI": {"global_perc": 1.0, "local_perc": 6.46370628918622e-05}, "IBRAHIMPUR": {"global_perc": 0.1, "local_perc": 6.46370628918622e-05}, "ISHAPUR": {"global_perc": 0.3333333333333333, "local_perc": 6.46370628918622e-05}, "ITKHORI": {"global_perc": 0.5, "local_perc": 6.46370628918622e-05}, "JAGANU": {"global_perc": 1.0, "local_perc": 6.46370628918622e-05}, "JAGATPUR": {"global_perc": 0.047619047619047616, "local_perc": 6.46370628918622e-05}, "JALALPUR NAURANGA": {"global_perc": 0.5, "local_perc": 6.46370628918622e-05}, "JAMARARI": {"global_perc": 0.3333333333333333, "local_perc": 6.46370628918622e-05}, "JAMBGI(K.D)": {"global_perc": 1.0, "local_perc": 6.46370628918622e-05}, "JANJO": {"global_perc": 0.5, "local_perc": 6.46370628918622e-05}, "JANUBAZAR": {"global_perc": 1.0, "local_perc": 6.46370628918622e-05}, "JHAMKE": {"global_perc": 1.0, "local_perc": 6.46370628918622e-05}, "JHANJOWAL": {"global_perc": 1.0, "local_perc": 6.46370628918622e-05}, "JUGRAJPUR": {"global_perc": 1.0, "local_perc": 6.46370628918622e-05}, "Jansua": {"global_perc": 1.0, "local_perc": 0.0001292741257837244}, "KADEYA": {"global_perc": 1.0, "local_perc": 6.46370628918622e-05}, "KAGAPUR": {"global_perc": 1.0, "local_perc": 6.46370628918622e-05}, "KAKRALA": {"global_perc": 0.5, "local_perc": 6.46370628918622e-05}, "KALEENDA MATIANA": {"global_perc": 1.0, "local_perc": 6.46370628918622e-05}, "KALEWAL BAGTAN": {"global_perc": 0.5, "local_perc": 6.46370628918622e-05}, "KALEWAL BHAGTAN": {"global_perc": 1.0, "local_perc": 6.46370628918622e-05}, "KANAUDI": {"global_perc": 0.5, "local_perc": 6.46370628918622e-05}, "KANDARWALKALA": {"global_perc": 1.0, "local_perc": 6.46370628918622e-05}, "KANDHALA SHEIKAN": {"global_perc": 1.0, "local_perc": 6.46370628918622e-05}, "KANDIKHAL": {"global_perc": 1.0, "local_perc": 6.46370628918622e-05}, "KANNAPUR HATTI": {"global_perc": 1.0, "local_perc": 6.46370628918622e-05}, "KARJA": {"global_perc": 0.5, "local_perc": 6.46370628918622e-05}, "KARNU": {"global_perc": 0.125, "local_perc": 6.46370628918622e-05}, "KASIDA": {"global_perc": 1.0, "local_perc": 6.46370628918622e-05}, "KASWAD": {"global_perc": 0.5, "local_perc": 6.46370628918622e-05}, "KERA MALLA": {"global_perc": 1.0, "local_perc": 6.46370628918622e-05}, "KESARE": {"global_perc": 1.0, "local_perc": 6.46370628918622e-05}, "KESHOPUR": {"global_perc": 0.2, "local_perc": 6.46370628918622e-05}, "KHACHAR": {"global_perc": 1.0, "local_perc": 6.46370628918622e-05}, "KHALISPUR MUBARAK": {"global_perc": 1.0, "local_perc": 6.46370628918622e-05}, "KHANDEPUR": {"global_perc": 0.3333333333333333, "local_perc": 6.46370628918622e-05}, "KHANOLI": {"global_perc": 0.3333333333333333, "local_perc": 6.46370628918622e-05}, "KHILASU": {"global_perc": 1.0, "local_perc": 6.46370628918622e-05}, "KHIRANWALI": {"global_perc": 0.5, "local_perc": 6.46370628918622e-05}, "KHIRI": {"global_perc": 0.5, "local_perc": 6.46370628918622e-05}, "KHOUR": {"global_perc": 0.3333333333333333, "local_perc": 6.46370628918622e-05}, "KHUN KHUN SARKI": {"global_perc": 0.5, "local_perc": 6.46370628918622e-05}, "KHURAMPUR DALLU": {"global_perc": 0.5, "local_perc": 6.46370628918622e-05}, "KHURDA SEER": {"global_perc": 1.0, "local_perc": 6.46370628918622e-05}, "KIRATPUR": {"global_perc": 0.16666666666666666, "local_perc": 6.46370628918622e-05}, "KOHIMA": {"global_perc": 0.3333333333333333, "local_perc": 6.46370628918622e-05}, "KOHWIN": {"global_perc": 1.0, "local_perc": 6.46370628918622e-05}, "KORI": {"global_perc": 0.2, "local_perc": 6.46370628918622e-05}, "KOSDA": {"global_perc": 0.14285714285714285, "local_perc": 6.46370628918622e-05}, "KOT GANGURAI": {"global_perc": 1.0, "local_perc": 6.46370628918622e-05}, "KOTHUNG": {"global_perc": 1.0, "local_perc": 6.46370628918622e-05}, "KOTTARAM": {"global_perc": 1.0, "local_perc": 6.46370628918622e-05}, "KRALPATH": {"global_perc": 1.0, "local_perc": 6.46370628918622e-05}, "KULLATHILVAI": {"global_perc": 0.3333333333333333, "local_perc": 6.46370628918622e-05}, "KUMIZHI": {"global_perc": 1.0, "local_perc": 6.46370628918622e-05}, "KURSI": {"global_perc": 0.3333333333333333, "local_perc": 6.46370628918622e-05}, "LADWAL": {"global_perc": 0.25, "local_perc": 6.46370628918622e-05}, "LOHANIYA": {"global_perc": 1.0, "local_perc": 6.46370628918622e-05}, "LORPURBAZAR": {"global_perc": 1.0, "local_perc": 6.46370628918622e-05}, "MACHAGOWDANAHALLI": {"global_perc": 0.1111111111111111, "local_perc": 6.46370628918622e-05}, "MACHONG": {"global_perc": 1.0, "local_perc": 6.46370628918622e-05}, "MADAN MAHARI PATNA": {"global_perc": 1.0, "local_perc": 6.46370628918622e-05}, "MADHOPUR": {"global_perc": 0.03225806451612903, "local_perc": 6.46370628918622e-05}, "MAHADUPUR": {"global_perc": 1.0, "local_perc": 6.46370628918622e-05}, "MAHAMMOD": {"global_perc": 1.0, "local_perc": 6.46370628918622e-05}, "MAHMOODPUR": {"global_perc": 0.125, "local_perc": 6.46370628918622e-05}, "MAHUADANR": {"global_perc": 0.16666666666666666, "local_perc": 6.46370628918622e-05}, "MAILI": {"global_perc": 1.0, "local_perc": 6.46370628918622e-05}, "MAJHIGAWA": {"global_perc": 0.25, "local_perc": 6.46370628918622e-05}, "MAJHOLA": {"global_perc": 0.5, "local_perc": 6.46370628918622e-05}, "MALIHAPUR": {"global_perc": 1.0, "local_perc": 6.46370628918622e-05}, "MALLARPUR": {"global_perc": 1.0, "local_perc": 6.46370628918622e-05}, "MALLICKPUR": {"global_perc": 1.0, "local_perc": 6.46370628918622e-05}, "MANGARA": {"global_perc": 1.0, "local_perc": 6.46370628918622e-05}, "MANGWAL": {"global_perc": 0.3333333333333333, "local_perc": 6.46370628918622e-05}, "MASTI PALKOT": {"global_perc": 1.0, "local_perc": 6.46370628918622e-05}, "MAYURHAND": {"global_perc": 0.25, "local_perc": 6.46370628918622e-05}, "MELPAKKAM": {"global_perc": 0.5, "local_perc": 6.46370628918622e-05}, "MEZOMA": {"global_perc": 0.5, "local_perc": 6.46370628918622e-05}, "MIADI KALAN": {"global_perc": 0.25, "local_perc": 6.46370628918622e-05}, "MIRPUR RATANPUR": {"global_perc": 1.0, "local_perc": 6.46370628918622e-05}, "MISRAULI": {"global_perc": 1.0, "local_perc": 6.46370628918622e-05}, "MULEKALENAHALLI": {"global_perc": 0.1111111111111111, "local_perc": 6.46370628918622e-05}, "MUNAN": {"global_perc": 1.0, "local_perc": 6.46370628918622e-05}, "MUNCHINGI PUTTU": {"global_perc": 0.1111111111111111, "local_perc": 6.46370628918622e-05}, "N.A.": {"global_perc": 0.0053987497632127296, "local_perc": 0.003684312584836145}, "NAGARDIH": {"global_perc": 1.0, "local_perc": 6.46370628918622e-05}, "NAGENAHALLI": {"global_perc": 0.16666666666666666, "local_perc": 6.46370628918622e-05}, "NALATHWAD": {"global_perc": 0.25, "local_perc": 6.46370628918622e-05}, "NAND TALLA": {"global_perc": 1.0, "local_perc": 6.46370628918622e-05}, "NAUGAON": {"global_perc": 0.125, "local_perc": 6.46370628918622e-05}, "NAWADA": {"global_perc": 0.03225806451612903, "local_perc": 6.46370628918622e-05}, "NEWAIZPAR": {"global_perc": 0.25, "local_perc": 6.46370628918622e-05}, "NOHRI": {"global_perc": 0.5, "local_perc": 6.46370628918622e-05}, "OBRA": {"global_perc": 1.0, "local_perc": 6.46370628918622e-05}, "P.S. CHAKDA": {"global_perc": 1.0, "local_perc": 6.46370628918622e-05}, "PAHARPUR": {"global_perc": 0.04, "local_perc": 6.46370628918622e-05}, "PAIGAMBARPUR": {"global_perc": 1.0, "local_perc": 6.46370628918622e-05}, "PALLEL": {"global_perc": 0.04, "local_perc": 6.46370628918622e-05}, "PALLIKKADU": {"global_perc": 1.0, "local_perc": 6.46370628918622e-05}, "PANDEPURA KALA": {"global_perc": 1.0, "local_perc": 0.0001292741257837244}, "PATIAL": {"global_perc": 0.3333333333333333, "local_perc": 6.46370628918622e-05}, "PATORA": {"global_perc": 1.0, "local_perc": 6.46370628918622e-05}, "PHULANG": {"global_perc": 1.0, "local_perc": 6.46370628918622e-05}, "PIPRA GODHAR": {"global_perc": 1.0, "local_perc": 6.46370628918622e-05}, "PIRAN WALA": {"global_perc": 1.0, "local_perc": 6.46370628918622e-05}, "POKHARIA": {"global_perc": 0.125, "local_perc": 6.46370628918622e-05}, "POKHARIYA": {"global_perc": 0.5, "local_perc": 6.46370628918622e-05}, "PORU": {"global_perc": 0.09090909090909091, "local_perc": 6.46370628918622e-05}, "PUNAJUR STATE FOREST": {"global_perc": 1.0, "local_perc": 6.46370628918622e-05}, "PURAUNI BUZURG": {"global_perc": 1.0, "local_perc": 6.46370628918622e-05}, "R.S.PURA": {"global_perc": 0.5, "local_perc": 6.46370628918622e-05}, "RAGHOPUR": {"global_perc": 0.16666666666666666, "local_perc": 6.46370628918622e-05}, "RAINAGAR": {"global_perc": 1.0, "local_perc": 6.46370628918622e-05}, "RAJDERA": {"global_perc": 1.0, "local_perc": 6.46370628918622e-05}, "RAKHAUNA": {"global_perc": 0.2, "local_perc": 6.46370628918622e-05}, "RAMBAG  UDAICHANDPUR": {"global_perc": 1.0, "local_perc": 6.46370628918622e-05}, "RAMGARHA": {"global_perc": 1.0, "local_perc": 6.46370628918622e-05}, "RANIPOKHRI": {"global_perc": 0.25, "local_perc": 6.46370628918622e-05}, "RASAM": {"global_perc": 1.0, "local_perc": 6.46370628918622e-05}, "RATNAG": {"global_perc": 0.3333333333333333, "local_perc": 6.46370628918622e-05}, "REASI": {"global_perc": 0.09090909090909091, "local_perc": 6.46370628918622e-05}, "RIEW": {"global_perc": 1.0, "local_perc": 6.46370628918622e-05}, "RIHALKAR": {"global_perc": 0.3333333333333333, "local_perc": 6.46370628918622e-05}, "RUPNAGAR": {"global_perc": 1.0, "local_perc": 6.46370628918622e-05}, "SADAKAR": {"global_perc": 1.0, "local_perc": 6.46370628918622e-05}, "SADIKPUR SEMRAHA": {"global_perc": 1.0, "local_perc": 6.46370628918622e-05}, "SANKESHWAR TOWN": {"global_perc": 1.0, "local_perc": 6.46370628918622e-05}, "SANSARIPUR": {"global_perc": 0.3333333333333333, "local_perc": 6.46370628918622e-05}, "SARAIA": {"global_perc": 0.25, "local_perc": 6.46370628918622e-05}, "SARAIMEVA GIRI": {"global_perc": 0.5, "local_perc": 6.46370628918622e-05}, "SARDAM": {"global_perc": 0.25, "local_perc": 6.46370628918622e-05}, "SARYALI": {"global_perc": 0.5, "local_perc": 6.46370628918622e-05}, "SATHIALA": {"global_perc": 0.5, "local_perc": 6.46370628918622e-05}, "SEWAL": {"global_perc": 1.0, "local_perc": 6.46370628918622e-05}, "SHAHJAHANPUR": {"global_perc": 0.3333333333333333, "local_perc": 6.46370628918622e-05}, "SHAIKHPUR": {"global_perc": 0.5, "local_perc": 6.46370628918622e-05}, "SHER KHAN WALA": {"global_perc": 0.5, "local_perc": 6.46370628918622e-05}, "SHISHGARH": {"global_perc": 1.0, "local_perc": 6.46370628918622e-05}, "SIKRIA": {"global_perc": 0.5, "local_perc": 6.46370628918622e-05}, "SINGHNI": {"global_perc": 1.0, "local_perc": 6.46370628918622e-05}, "SIRUVADI": {"global_perc": 1.0, "local_perc": 6.46370628918622e-05}, "SITA PUR": {"global_perc": 1.0, "local_perc": 6.46370628918622e-05}, "SIYUM": {"global_perc": 0.03125, "local_perc": 6.46370628918622e-05}, "SOAFSHALI": {"global_perc": 1.0, "local_perc": 6.46370628918622e-05}, "SOMINAKOPPA": {"global_perc": 0.16666666666666666, "local_perc": 6.46370628918622e-05}, "SOUHDA KHURD": {"global_perc": 1.0, "local_perc": 6.46370628918622e-05}, "SUNKA": {"global_perc": 1.0, "local_perc": 6.46370628918622e-05}, "SURAPUR": {"global_perc": 0.5, "local_perc": 6.46370628918622e-05}, "SURARYOR": {"global_perc": 1.0, "local_perc": 6.46370628918622e-05}, "TABAR": {"global_perc": 1.0, "local_perc": 6.46370628918622e-05}, "TAGUV": {"global_perc": 0.3333333333333333, "local_perc": 6.46370628918622e-05}, "TAJANGI": {"global_perc": 1.0, "local_perc": 6.46370628918622e-05}, "TAMBA": {"global_perc": 0.5, "local_perc": 6.46370628918622e-05}, "THAGACHAGERE": {"global_perc": 1.0, "local_perc": 6.46370628918622e-05}, "THALAGHATTAPURA": {"global_perc": 0.2, "local_perc": 6.46370628918622e-05}, "THANDORA": {"global_perc": 0.5, "local_perc": 6.46370628918622e-05}, "THILL": {"global_perc": 0.14285714285714285, "local_perc": 6.46370628918622e-05}, "TIKAITA": {"global_perc": 1.0, "local_perc": 6.46370628918622e-05}, "TINALI": {"global_perc": 0.16666666666666666, "local_perc": 6.46370628918622e-05}, "TINGHARA": {"global_perc": 1.0, "local_perc": 6.46370628918622e-05}, "TORANGDIH": {"global_perc": 1.0, "local_perc": 6.46370628918622e-05}, "TRAL": {"global_perc": 0.5, "local_perc": 6.46370628918622e-05}, "UDAYA RAMPUR": {"global_perc": 1.0, "local_perc": 6.46370628918622e-05}, "UNERA": {"global_perc": 1.0, "local_perc": 6.46370628918622e-05}, "UP MUHAL BHAJYAR": {"global_perc": 1.0, "local_perc": 6.46370628918622e-05}, "URMAR": {"global_perc": 1.0, "local_perc": 6.46370628918622e-05}, "USODU": {"global_perc": 0.125, "local_perc": 6.46370628918622e-05}, "VADAKATTUPATTI": {"global_perc": 1.0, "local_perc": 6.46370628918622e-05}, "VELLALAPATTI": {"global_perc": 0.5, "local_perc": 6.46370628918622e-05}, "VILANDAPUR": {"global_perc": 0.25, "local_perc": 6.46370628918622e-05}, "VINAURA": {"global_perc": 1.0, "local_perc": 6.46370628918622e-05}, "WAHWALPUR": {"global_perc": 1.0, "local_perc": 6.46370628918622e-05}, "WALONG H.Q": {"global_perc": 1.0, "local_perc": 6.46370628918622e-05}, "Yongnyah vill": {"global_perc": 1.0, "local_perc": 6.46370628918622e-05}, "ZAHRIKHAL": {"global_perc": 0.3333333333333333, "local_perc": 6.46370628918622e-05}}, "partition_field": "Near_Vil_Tow_Nam_hav_Prim_School", "Vil_Nam": "Keran", "Stat_Nam": "JAMMU & KASHMIR"}, {"data": [["Prim_Heal_Cen_Doc_In_Pos_Num", 6.0], ["Prim_Heal_Cen_Doc_Tot_Stren_Num", 5.0], 1.2], "data_low": {"Stat_Nam": "West Bengal", "Vil_Nam": "Hilora", "Prim_Heal_Cen_Doc_Tot_Stren_Num": "5", "Prim_Heal_Cen_Doc_In_Pos_Num": "6", "id": 312510}, "data_high": {"Stat_Nam": "West Bengal", "Vil_Nam": "Hilora", "Prim_Heal_Cen_Doc_Tot_Stren_Num": "5", "Prim_Heal_Cen_Doc_In_Pos_Num": "6", "id": 312510}, "perc": 0.0003211690553615159, "metric": 99.99967863090527, "value_global_local": {}, "partition_field": null, "Vil_Nam": "Hilora", "Stat_Nam": "West Bengal"}, {"data": [["Prim_Heal_Cen_Doc_In_Pos_Num", 4.0], ["Prim_Heal_Cen_Doc_Tot_Stren_Num", 3.0], 1.3333333333333333], "data_low": {"Stat_Nam": "UTTAR PRADESH", "Vil_Nam": "Agauli", "Prim_Heal_Cen_Doc_Tot_Stren_Num": "3", "Prim_Heal_Cen_Doc_In_Pos_Num": "4", "id": 163243}, "data_high": {"Stat_Nam": "UTTAR PRADESH", "Vil_Nam": "Agauli", "Prim_Heal_Cen_Doc_Tot_Stren_Num": "3", "Prim_Heal_Cen_Doc_In_Pos_Num": "4", "id": 163243}, "perc": 0.0011240916937653056, "metric": 99.99887557490997, "value_global_local": {}, "partition_field": null, "Vil_Nam": "Agauli", "Stat_Nam": "UTTAR PRADESH"}, {"data": [["Prim_Heal_Cen_Doc_In_Pos_Num", 3.0], ["Prim_Heal_Cen_Doc_Tot_Stren_Num", 2.0], 1.5], "data_low": {"Stat_Nam": "JAMMU & KASHMIR", "Vil_Nam": "Nanilang", "Prim_Heal_Cen_Doc_Tot_Stren_Num": "2", "Prim_Heal_Cen_Doc_In_Pos_Num": "3", "id": 3616}, "data_high": {"Stat_Nam": "West Bengal", "Vil_Nam": "Sukna", "Prim_Heal_Cen_Doc_Tot_Stren_Num": "4", "Prim_Heal_Cen_Doc_In_Pos_Num": "6", "id": 305174}, "perc": 0.0016058452768075795, "metric": 99.9983936546312, "value_global_local": {}, "partition_field": null, "Vil_Nam": "Nanilang", "Stat_Nam": "JAMMU & KASHMIR"}, {"data": [["Prim_Heal_Cen_Doc_In_Pos_Num", 5.0], ["Prim_Heal_Cen_Doc_Tot_Stren_Num", 3.0], 1.6666666666666667], "data_low": {"Stat_Nam": "Arunachal Pradesh", "Vil_Nam": "Puchi Geku H.Q.", "Prim_Heal_Cen_Doc_Tot_Stren_Num": "3", "Prim_Heal_Cen_Doc_In_Pos_Num": "5", "id": 262122}, "data_high": {"Stat_Nam": "West Bengal", "Vil_Nam": "Habibpur", "Prim_Heal_Cen_Doc_Tot_Stren_Num": "4", "Prim_Heal_Cen_Doc_In_Pos_Num": "7", "id": 320450}, "perc": 0.0006423381107230318, "metric": 99.99935699509354, "value_global_local": {}, "partition_field": null, "Vil_Nam": "Puchi Geku H.Q.", "Stat_Nam": "Arunachal Pradesh"}, {"data": [["Prim_Heal_Cen_Doc_In_Pos_Num", 2.0], ["Prim_Heal_Cen_Doc_Tot_Stren_Num", 1.0], 2.0], "data_low": {"Stat_Nam": "JAMMU & KASHMIR", "Vil_Nam": "Digger", "Prim_Heal_Cen_Doc_Tot_Stren_Num": "1", "Prim_Heal_Cen_Doc_In_Pos_Num": "2", "id": 922}, "data_high": {"Stat_Nam": "West Bengal", "Vil_Nam": "Panitar", "Prim_Heal_Cen_Doc_Tot_Stren_Num": "3", "Prim_Heal_Cen_Doc_In_Pos_Num": "6", "id": 321907}, "perc": 0.008029226384037899, "metric": 99.99196977349624, "value_global_local": {"Arunachal Pradesh": {"global_perc": 0.0001789228842368939, "local_perc": 0.02}, "CHHATTISGARH": {"global_perc": 0.00024843486037960845, "local_perc": 0.1}, "JAMMU & KASHMIR": {"global_perc": 0.0003052037234854265, "local_perc": 0.04}, "MADHYA PRADESH": {"global_perc": 0.00016392546855363094, "local_perc": 0.18}, "MANIPUR": {"global_perc": 0.0003874467260751647, "local_perc": 0.02}, "Punjab": {"global_perc": 7.948493760432397e-05, "local_perc": 0.02}, "TRIPURA": {"global_perc": 0.001142857142857143, "local_perc": 0.02}, "UTTAR PRADESH": {"global_perc": 0.0001779459418959672, "local_perc": 0.38}, "UTTARAKHAND": {"global_perc": 5.954862144941345e-05, "local_perc": 0.02}, "West Bengal": {"global_perc": 0.00024864488537470786, "local_perc": 0.2}}, "partition_field": "Stat_Nam", "Vil_Nam": "Digger", "Stat_Nam": "JAMMU & KASHMIR"}, {"data": [["Prim_Heal_Cen_Doc_In_Pos_Num", 9.0], ["Prim_Heal_Cen_Doc_Tot_Stren_Num", 4.0], 2.25], "data_low": {"Stat_Nam": "West Bengal", "Vil_Nam": "Alfa", "Prim_Heal_Cen_Doc_Tot_Stren_Num": "4", "Prim_Heal_Cen_Doc_In_Pos_Num": "9", "id": 320003}, "data_high": {"Stat_Nam": "West Bengal", "Vil_Nam": "Alfa", "Prim_Heal_Cen_Doc_Tot_Stren_Num": "4", "Prim_Heal_Cen_Doc_In_Pos_Num": "9", "id": 320003}, "perc": 0.00016058452768075794, "metric": 99.99983816522429, "value_global_local": {}, "partition_field": null, "Vil_Nam": "Alfa", "Stat_Nam": "West Bengal"}, {"data": [["Prim_Heal_Cen_Doc_In_Pos_Num", 5.0], ["Prim_Heal_Cen_Doc_Tot_Stren_Num", 2.0], 2.5], "data_low": {"Stat_Nam": "JAMMU & KASHMIR", "Vil_Nam": "Vesu", "Prim_Heal_Cen_Doc_Tot_Stren_Num": "2", "Prim_Heal_Cen_Doc_In_Pos_Num": "5", "id": 3754}, "data_high": {"Stat_Nam": "JAMMU & KASHMIR", "Vil_Nam": "Vesu", "Prim_Heal_Cen_Doc_Tot_Stren_Num": "2", "Prim_Heal_Cen_Doc_In_Pos_Num": "5", "id": 3754}, "perc": 0.0006423381107230318, "metric": 99.99935616159887, "value_global_local": {}, "partition_field": null, "Vil_Nam": "Vesu", "Stat_Nam": "JAMMU & KASHMIR"}, {"data": [["Prim_Heal_Cen_Doc_In_Pos_Num", 8.0], ["Prim_Heal_Cen_Doc_Tot_Stren_Num", 3.0], 2.6666666666666665], "data_low": {"Stat_Nam": "West Bengal", "Vil_Nam": "Bandar Gachh", "Prim_Heal_Cen_Doc_Tot_Stren_Num": "3", "Prim_Heal_Cen_Doc_In_Pos_Num": "8", "id": 305477}, "data_high": {"Stat_Nam": "West Bengal", "Vil_Nam": "Bandar Gachh", "Prim_Heal_Cen_Doc_Tot_Stren_Num": "3", "Prim_Heal_Cen_Doc_In_Pos_Num": "8", "id": 305477}, "perc": 0.0003211690553615159, "metric": 99.99967716394993, "value_global_local": {}, "partition_field": null, "Vil_Nam": "Bandar Gachh", "Stat_Nam": "West Bengal"}, {"data": [["Prim_Heal_Cen_Doc_In_Pos_Num", 3.0], ["Prim_Heal_Cen_Doc_Tot_Stren_Num", 1.0], 3.0], "data_low": {"Stat_Nam": "JAMMU & KASHMIR", "Vil_Nam": "Himya", "Prim_Heal_Cen_Doc_Tot_Stren_Num": "1", "Prim_Heal_Cen_Doc_In_Pos_Num": "3", "id": 875}, "data_high": {"Stat_Nam": "West Bengal", "Vil_Nam": "Bania Khari", "Prim_Heal_Cen_Doc_Tot_Stren_Num": "3", "Prim_Heal_Cen_Doc_In_Pos_Num": "9", "id": 320008}, "perc": 0.0027299369705728856, "metric": 99.99726806268399, "value_global_local": {}, "partition_field": null, "Vil_Nam": "Himya", "Stat_Nam": "JAMMU & KASHMIR"}, {"data": [["Prim_Heal_Cen_Doc_In_Pos_Num", 10.0], ["Prim_Heal_Cen_Doc_Tot_Stren_Num", 3.0], 3.3333333333333335], "data_low": {"Stat_Nam": "West Bengal", "Vil_Nam": "Chaktarini", "Prim_Heal_Cen_Doc_Tot_Stren_Num": "3", "Prim_Heal_Cen_Doc_In_Pos_Num": "10", "id": 337054}, "data_high": {"Stat_Nam": "West Bengal", "Vil_Nam": "Chaktarini", "Prim_Heal_Cen_Doc_Tot_Stren_Num": "3", "Prim_Heal_Cen_Doc_In_Pos_Num": "10", "id": 337054}, "perc": 0.00016058452768075794, "metric": 99.999837081676, "value_global_local": {}, "partition_field": null, "Vil_Nam": "Chaktarini", "Stat_Nam": "West Bengal"}, {"data": [["Prim_Heal_Cen_Doc_In_Pos_Num", 7.0], ["Prim_Heal_Cen_Doc_Tot_Stren_Num", 2.0], 3.5], "data_low": {"Stat_Nam": "West Bengal", "Vil_Nam": "Lalkuthi", "Prim_Heal_Cen_Doc_Tot_Stren_Num": "2", "Prim_Heal_Cen_Doc_In_Pos_Num": "7", "id": 313500}, "data_high": {"Stat_Nam": "West Bengal", "Vil_Nam": "Lalkuthi", "Prim_Heal_Cen_Doc_Tot_Stren_Num": "2", "Prim_Heal_Cen_Doc_In_Pos_Num": "7", "id": 313500}, "perc": 0.0003211690553615159, "metric": 99.99967633045259, "value_global_local": {}, "partition_field": null, "Vil_Nam": "Lalkuthi", "Stat_Nam": "West Bengal"}, {"data": [["Prim_Heal_Cen_Doc_In_Pos_Num", 4.0], ["Prim_Heal_Cen_Doc_Tot_Stren_Num", 1.0], 4.0], "data_low": {"Stat_Nam": "UTTAR PRADESH", "Vil_Nam": "Salempur", "Prim_Heal_Cen_Doc_Tot_Stren_Num": "1", "Prim_Heal_Cen_Doc_In_Pos_Num": "4", "id": 142865}, "data_high": {"Stat_Nam": "UTTAR PRADESH", "Vil_Nam": "Salempur", "Prim_Heal_Cen_Doc_Tot_Stren_Num": "1", "Prim_Heal_Cen_Doc_In_Pos_Num": "4", "id": 142865}, "perc": 0.0011240916937653056, "metric": 99.99887290773987, "value_global_local": {}, "partition_field": null, "Vil_Nam": "Salempur", "Stat_Nam": "UTTAR PRADESH"}, {"data": [["Prim_Heal_Cen_Doc_In_Pos_Num", 9.0], ["Prim_Heal_Cen_Doc_Tot_Stren_Num", 2.0], 4.5], "data_low": {"Stat_Nam": "West Bengal", "Vil_Nam": "Chhota Andulia", "Prim_Heal_Cen_Doc_Tot_Stren_Num": "2", "Prim_Heal_Cen_Doc_In_Pos_Num": "9", "id": 320007}, "data_high": {"Stat_Nam": "West Bengal", "Vil_Nam": "Chhota Andulia", "Prim_Heal_Cen_Doc_Tot_Stren_Num": "2", "Prim_Heal_Cen_Doc_In_Pos_Num": "9", "id": 320007}, "perc": 0.00016058452768075794, "metric": 99.99983591477783, "value_global_local": {}, "partition_field": null, "Vil_Nam": "Chhota Andulia", "Stat_Nam": "West Bengal"}, {"data": [["Prim_Heal_Cen_Doc_In_Pos_Num", 5.0], ["Prim_Heal_Cen_Doc_Tot_Stren_Num", 1.0], 5.0], "data_low": {"Stat_Nam": "MADHYA PRADESH", "Vil_Nam": "Jhutawad", "Prim_Heal_Cen_Doc_Tot_Stren_Num": "1", "Prim_Heal_Cen_Doc_In_Pos_Num": "5", "id": 468821}, "data_high": {"Stat_Nam": "MADHYA PRADESH", "Vil_Nam": "Jhutawad", "Prim_Heal_Cen_Doc_Tot_Stren_Num": "1", "Prim_Heal_Cen_Doc_In_Pos_Num": "5", "id": 468821}, "perc": 0.0004817535830422739, "metric": 99.9995142456361, "value_global_local": {}, "partition_field": null, "Vil_Nam": "Jhutawad", "Stat_Nam": "MADHYA PRADESH"}, {"data": [["Prim_Heal_Cen_Doc_In_Pos_Num", 6.0], ["Prim_Heal_Cen_Doc_Tot_Stren_Num", 1.0], 6.0], "data_low": {"Stat_Nam": "West Bengal", "Vil_Nam": "Chanditala", "Prim_Heal_Cen_Doc_Tot_Stren_Num": "2", "Prim_Heal_Cen_Doc_In_Pos_Num": "12", "id": 323944}, "data_high": {"Stat_Nam": "West Bengal", "Vil_Nam": "Lodhan", "Prim_Heal_Cen_Doc_Tot_Stren_Num": "1", "Prim_Heal_Cen_Doc_In_Pos_Num": "6", "id": 307777}, "perc": 0.0006423381107230318, "metric": 99.99935266092125, "value_global_local": {}, "partition_field": null, "Vil_Nam": "Lodhan", "Stat_Nam": "West Bengal"}, {"data": [["Prim_Heal_Cen_Doc_In_Pos_Num", 7.0], ["Prim_Heal_Cen_Doc_Tot_Stren_Num", 1.0], 7.0], "data_low": {"Stat_Nam": "CHHATTISGARH", "Vil_Nam": "Bhagora", "Prim_Heal_Cen_Doc_Tot_Stren_Num": "1", "Prim_Heal_Cen_Doc_In_Pos_Num": "7", "id": 431767}, "data_high": {"Stat_Nam": "CHHATTISGARH", "Vil_Nam": "Bhagora", "Prim_Heal_Cen_Doc_Tot_Stren_Num": "1", "Prim_Heal_Cen_Doc_In_Pos_Num": "7", "id": 431767}, "perc": 0.0004817535830422739, "metric": 99.99951224524568, "value_global_local": {}, "partition_field": null, "Vil_Nam": "Bhagora", "Stat_Nam": "CHHATTISGARH"}, {"data": [["Prim_Heal_Cen_Doc_In_Pos_Num", 2.0], ["Prim_Heal_Cen_Doc_Tot_Stren_Num", 0.0], 9999], "data_low": {"Stat_Nam": "JAMMU & KASHMIR", "Vil_Nam": "Tangyar", "Prim_Heal_Cen_Doc_Tot_Stren_Num": "0", "Prim_Heal_Cen_Doc_In_Pos_Num": "1", "id": 924}, "data_high": {"Stat_Nam": "UTTAR PRADESH", "Vil_Nam": "Nagra Dube", "Prim_Heal_Cen_Doc_Tot_Stren_Num": "0", "Prim_Heal_Cen_Doc_In_Pos_Num": "7", "id": 178776}, "perc": 0.013489100325183667, "metric": 99.97651224868486, "value_global_local": {"HARYANA": {"global_perc": 0.000146177459435755, "local_perc": 0.011904761904761904}, "JAMMU & KASHMIR": {"global_perc": 0.0003052037234854265, "local_perc": 0.023809523809523808}, "NAGALAND": {"global_perc": 0.0007002801120448179, "local_perc": 0.011904761904761904}, "UTTAR PRADESH": {"global_perc": 0.0005244722497986401, "local_perc": 0.6666666666666666}, "West Bengal": {"global_perc": 0.0005967477248992988, "local_perc": 0.2857142857142857}}, "partition_field": "Stat_Nam", "Vil_Nam": "Khardong", "Stat_Nam": "JAMMU & KASHMIR"}, {"data": [["Prim_Heal_Cen_Doc_In_Pos_Num", 0], ["Prim_Heal_Cen_Doc_Tot_Stren_Num", 0], 99980001], "data_low": {"Stat_Nam": "JAMMU & KASHMIR", "Vil_Nam": "Bore", "Prim_Heal_Cen_Doc_Tot_Stren_Num": "", "Prim_Heal_Cen_Doc_In_Pos_Num": "", "id": 0}, "data_high": {"Stat_Nam": "JAMMU & KASHMIR", "Vil_Nam": "Palmar", "Prim_Heal_Cen_Doc_Tot_Stren_Num": "Phc_st", "Prim_Heal_Cen_Doc_In_Pos_Num": "Phc_pos", "id": 4582}, "perc": 96.54100927375647, "metric": 9.65603203722277e-07, "value_global_local": {"null": {"global_perc": 0.9654100927375647, "local_perc": 1.0}}, "partition_field": "Dist_Other", "Vil_Nam": "Bore", "Stat_Nam": "JAMMU & KASHMIR"}]