[{"data": [["Dis_Doc_In_Pos_Num", 0.0], ["Dis_Doc_Tot_Stren_Num", 1.0], 0.0], "data_low": {"Stat_Nam": "JAMMU & KASHMIR", "Vil_Nam": "Chak Changa", "Dis_Doc_Tot_Stren_Num": "1", "Dis_Doc_In_Pos_Num": "", "id": 2114}, "data_high": {"Stat_Nam": "JAMMU & KASHMIR", "Vil_Nam": "Lalpora Beeru", "Dis_Doc_Tot_Stren_Num": "1", "Dis_Doc_In_Pos_Num": "0", "id": 489}, "perc": 0.27443895780641536, "metric": 99.72556203964868, "value_global_local": {"ANDAMAN & NICOBAR ISLANDS": {"global_perc": 0.005405405405405406, "local_perc": 0.0017554125219426564}, "ASSAM": {"global_perc": 7.577192650123129e-05, "local_perc": 0.0011702750146284377}, "BIHAR": {"global_perc": 0.011320586531176182, "local_perc": 0.2972498537156232}, "CHHATTISGARH": {"global_perc": 0.021365397992646327, "local_perc": 0.2516091281451141}, "HARYANA": {"global_perc": 0.004823856161379915, "local_perc": 0.01930953774136922}, "HIMACHAL PRADESH": {"global_perc": 0.007974867085548574, "local_perc": 0.0965476887068461}, "JAMMU & KASHMIR": {"global_perc": 0.006409278193193957, "local_perc": 0.024575775307197192}, "JHARKHAND": {"global_perc": 0.0004013088843613015, "local_perc": 0.0076067875950848445}, "KARNATAKA": {"global_perc": 0.0013292433537832311, "local_perc": 0.022820362785254535}, "MADHYA PRADESH": {"global_perc": 0.0015481849807842923, "local_perc": 0.0497366881217086}, "MIZORAM": {"global_perc": 0.0024096385542168677, "local_perc": 0.0011702750146284377}, "PUDUCHERRY": {"global_perc": 0.011111111111111112, "local_perc": 0.0005851375073142189}, "TRIPURA": {"global_perc": 0.019428571428571427, "local_perc": 0.00994733762434172}, "UTTAR PRADESH": {"global_perc": 0.0007024181916946074, "local_perc": 0.04388531304856641}, "West Bengal": {"global_perc": 0.007310159630016411, "local_perc": 0.17203042715038033}}, "partition_field": "Stat_Nam", "Vil_Nam": "Lalpora Beeru", "Stat_Nam": "JAMMU & KASHMIR"}, {"data": [["Dis_Doc_In_Pos_Num", 1.0], ["Dis_Doc_Tot_Stren_Num", 6.0], 0.16666666666666666], "data_low": {"Stat_Nam": "KERALA", "Vil_Nam": "Edavanakkad", "Dis_Doc_Tot_Stren_Num": "6", "Dis_Doc_In_Pos_Num": "1", "id": 605669}, "data_high": {"Stat_Nam": "West Bengal", "Vil_Nam": "Harimul", "Dis_Doc_Tot_Stren_Num": "8", "Dis_Doc_In_Pos_Num": "2", "id": 332038}, "perc": 0.0024087679152113694, "metric": 99.99759206556473, "value_global_local": {}, "partition_field": null, "Vil_Nam": "Edavanakkad", "Stat_Nam": "KERALA"}, {"data": [["Dis_Doc_In_Pos_Num", 2.0], ["Dis_Doc_Tot_Stren_Num", 7.0], 0.2857142857142857], "data_low": {"Stat_Nam": "JAMMU & KASHMIR", "Vil_Nam": "Chushul", "Dis_Doc_Tot_Stren_Num": "3", "Dis_Doc_In_Pos_Num": "1", "id": 896}, "data_high": {"Stat_Nam": "Tamil Nadu", "Vil_Nam": "Neendakara-A (Part)", "Dis_Doc_Tot_Stren_Num": "8", "Dis_Doc_In_Pos_Num": "3", "id": 620393}, "perc": 0.005620458468826529, "metric": 99.99438025591962, "value_global_local": {"": {"global_perc": 3.2491714612773745e-05, "local_perc": 0.37142857142857144}, "0": {"global_perc": 0.0005065856129685917, "local_perc": 0.05714285714285714}, "a": {"global_perc": 1.8204325347702613e-05, "local_perc": 0.02857142857142857}, "b": {"global_perc": 3.238481799732285e-05, "local_perc": 0.08571428571428572}, "c": {"global_perc": 0.00022501300856455763, "local_perc": 0.45714285714285713}}, "partition_field": "Dist_Nut_Cen_Other", "Vil_Nam": "Ramdhari", "Stat_Nam": "West Bengal"}, {"data": [["Dis_Doc_In_Pos_Num", 2.0], ["Dis_Doc_Tot_Stren_Num", 5.0], 0.4], "data_low": {"Stat_Nam": "JAMMU & KASHMIR", "Vil_Nam": "Tung Check", "Dis_Doc_Tot_Stren_Num": "2", "Dis_Doc_In_Pos_Num": "1", "id": 37}, "data_high": {"Stat_Nam": "UTTAR PRADESH", "Vil_Nam": "Baisundnra", "Dis_Doc_Tot_Stren_Num": "10", "Dis_Doc_In_Pos_Num": "5", "id": 147817}, "perc": 0.3661327231121282, "metric": 99.63386787481065, "value_global_local": {"ANDHRA PRADESH": {"global_perc": 0.0002158273381294964, "local_perc": 0.002631578947368421}, "ASSAM": {"global_perc": 0.0011365788975184693, "local_perc": 0.013157894736842105}, "Arunachal Pradesh": {"global_perc": 0.0001789228842368939, "local_perc": 0.0004385964912280702}, "BIHAR": {"global_perc": 0.00046797700227303116, "local_perc": 0.009210526315789473}, "CHHATTISGARH": {"global_perc": 0.00014906091622776508, "local_perc": 0.0013157894736842105}, "HARYANA": {"global_perc": 0.00029235491887151, "local_perc": 0.0008771929824561404}, "HIMACHAL PRADESH": {"global_perc": 0.005751570807153214, "local_perc": 0.052192982456140354}, "JAMMU & KASHMIR": {"global_perc": 0.00564626888448039, "local_perc": 0.016228070175438595}, "JHARKHAND": {"global_perc": 0.0008334876829042416, "local_perc": 0.011842105263157895}, "KARNATAKA": {"global_perc": 0.00020449897750511248, "local_perc": 0.002631578947368421}, "KERALA": {"global_perc": 0.005893909626719057, "local_perc": 0.002631578947368421}, "MADHYA PRADESH": {"global_perc": 0.0002367812323552447, "local_perc": 0.005701754385964913}, "MANIPUR": {"global_perc": 0.0003874467260751647, "local_perc": 0.0004385964912280702}, "Punjab": {"global_perc": 0.0028614577537556633, "local_perc": 0.015789473684210527}, "RAJASTHAN": {"global_perc": 0.0379208452722063, "local_perc": 0.7429824561403509}, "TRIPURA": {"global_perc": 0.05028571428571429, "local_perc": 0.01929824561403509}, "Tamil Nadu": {"global_perc": 0.01007572438825959, "local_perc": 0.0706140350877193}, "UTTAR PRADESH": {"global_perc": 0.00019667709367449004, "local_perc": 0.009210526315789473}, "UTTARAKHAND": {"global_perc": 0.0025010421008753647, "local_perc": 0.018421052631578946}, "West Bengal": {"global_perc": 0.00024864488537470786, "local_perc": 0.0043859649122807015}}, "partition_field": "Stat_Nam", "Vil_Nam": "Sakin", "Stat_Nam": "UTTAR PRADESH"}, {"data": [["Dis_Doc_In_Pos_Num", 3.0], ["Dis_Doc_Tot_Stren_Num", 5.0], 0.6], "data_low": {"Stat_Nam": "JAMMU & KASHMIR", "Vil_Nam": "Bahardas Koot", "Dis_Doc_Tot_Stren_Num": "3", "Dis_Doc_In_Pos_Num": "2", "id": 345}, "data_high": {"Stat_Nam": "West Bengal", "Vil_Nam": "Purbba Bainan", "Dis_Doc_Tot_Stren_Num": "10", "Dis_Doc_In_Pos_Num": "7", "id": 331151}, "perc": 0.018306636155606407, "metric": 99.98169376385117, "value_global_local": {"ASSAM": {"global_perc": 0.00037885963250615644, "local_perc": 0.08771929824561403}, "HIMACHAL PRADESH": {"global_perc": 0.0005799903334944418, "local_perc": 0.10526315789473684}, "JAMMU & KASHMIR": {"global_perc": 0.0007630093087135663, "local_perc": 0.043859649122807015}, "JHARKHAND": {"global_perc": 6.173982836327716e-05, "local_perc": 0.017543859649122806}, "KARNATAKA": {"global_perc": 3.408316291751875e-05, "local_perc": 0.008771929824561403}, "KERALA": {"global_perc": 0.010805500982318271, "local_perc": 0.09649122807017543}, "MADHYA PRADESH": {"global_perc": 5.464182285121031e-05, "local_perc": 0.02631578947368421}, "MANIPUR": {"global_perc": 0.0003874467260751647, "local_perc": 0.008771929824561403}, "NCT OF DELHI": {"global_perc": 0.008928571428571428, "local_perc": 0.008771929824561403}, "Punjab": {"global_perc": 0.0003974246880216199, "local_perc": 0.043859649122807015}, "RAJASTHAN": {"global_perc": 8.954154727793696e-05, "local_perc": 0.03508771929824561}, "TRIPURA": {"global_perc": 0.029714285714285714, "local_perc": 0.22807017543859648}, "Tamil Nadu": {"global_perc": 0.0008761499468051818, "local_perc": 0.12280701754385964}, "UTTAR PRADESH": {"global_perc": 7.492460711409145e-05, "local_perc": 0.07017543859649122}, "UTTARAKHAND": {"global_perc": 0.00041684035014589413, "local_perc": 0.06140350877192982}, "West Bengal": {"global_perc": 9.945795414988313e-05, "local_perc": 0.03508771929824561}}, "partition_field": "Stat_Nam", "Vil_Nam": "Bhagair (69)", "Stat_Nam": "HIMACHAL PRADESH"}, {"data": [["Dis_Doc_In_Pos_Num", 3.0], ["Dis_Doc_Tot_Stren_Num", 4.0], 0.75], "data_low": {"Stat_Nam": "Tamil Nadu", "Vil_Nam": "Pamban", "Dis_Doc_Tot_Stren_Num": "12", "Dis_Doc_In_Pos_Num": "10", "id": 619437}, "data_high": {"Stat_Nam": "Punjab", "Vil_Nam": "Heir (347)", "Dis_Doc_Tot_Stren_Num": "8", "Dis_Doc_In_Pos_Num": "6", "id": 37406}, "perc": 0.01654020635111807, "metric": 99.98346004365752, "value_global_local": {"": {"global_perc": 0.00019390337084691618, "local_perc": 0.9805825242718447}, "BADAL": {"global_perc": 1.0, "local_perc": 0.009708737864077669}, "BHATBHANGA": {"global_perc": 1.0, "local_perc": 0.009708737864077669}}, "partition_field": "Near_Vil_Tow_Nam_hav_Prim_School", "Vil_Nam": "Mandhar", "Stat_Nam": "JAMMU & KASHMIR"}, {"data": [["Dis_Doc_In_Pos_Num", 7.0], ["Dis_Doc_Tot_Stren_Num", 8.0], 0.875], "data_low": {"Stat_Nam": "Punjab", "Vil_Nam": "Rori Kapura (138)", "Dis_Doc_Tot_Stren_Num": "8", "Dis_Doc_In_Pos_Num": "7", "id": 35408}, "data_high": {"Stat_Nam": "Tamil Nadu", "Vil_Nam": "Vadakuthu", "Dis_Doc_Tot_Stren_Num": "10", "Dis_Doc_In_Pos_Num": "9", "id": 614041}, "perc": 0.0008029226384037898, "metric": 99.9991972023856, "value_global_local": {}, "partition_field": null, "Vil_Nam": "Rori Kapura (138)", "Stat_Nam": "Punjab"}, {"data": [["Dis_Doc_In_Pos_Num", 2.0], ["Dis_Doc_Tot_Stren_Num", 2.0], 1.0], "data_low": {"Stat_Nam": "JAMMU & KASHMIR", "Vil_Nam": "Khurhama", "Dis_Doc_Tot_Stren_Num": "1", "Dis_Doc_In_Pos_Num": "1", "id": 15}, "data_high": {"Stat_Nam": "West Bengal", "Vil_Nam": "Ramchandrapur", "Dis_Doc_Tot_Stren_Num": "9", "Dis_Doc_In_Pos_Num": "9", "id": 321794}, "perc": 2.4538921674896623, "metric": 97.54610783251034, "value_global_local": {"": {"global_perc": 0.02842700210029988, "local_perc": 0.9689810876251554}, "AAMILLAHVA": {"global_perc": 1.0, "local_perc": 6.54407434068451e-05}, "ADHARPUR": {"global_perc": 0.25, "local_perc": 6.54407434068451e-05}, "AHMEDGARH": {"global_perc": 1.0, "local_perc": 6.54407434068451e-05}, "AILEE": {"global_perc": 1.0, "local_perc": 6.54407434068451e-05}, "ALAKDIHA": {"global_perc": 0.5, "local_perc": 6.54407434068451e-05}, "ALAL": {"global_perc": 0.5, "local_perc": 0.0001308814868136902}, "ALAM": {"global_perc": 1.0, "local_perc": 6.54407434068451e-05}, "ALAMPUR": {"global_perc": 0.07142857142857142, "local_perc": 6.54407434068451e-05}, "ALIPUR BIHTA": {"global_perc": 1.0, "local_perc": 6.54407434068451e-05}, "AMADIH": {"global_perc": 1.0, "local_perc": 6.54407434068451e-05}, "AMBATIKA": {"global_perc": 0.5, "local_perc": 6.54407434068451e-05}, "AMBHERA DHIRAJ": {"global_perc": 0.3333333333333333, "local_perc": 6.54407434068451e-05}, "AMRAPARA": {"global_perc": 1.0, "local_perc": 6.54407434068451e-05}, "AMROH": {"global_perc": 0.1, "local_perc": 6.54407434068451e-05}, "ANDIPATTI": {"global_perc": 0.25, "local_perc": 6.54407434068451e-05}, "ANDRANA": {"global_perc": 0.5, "local_perc": 6.54407434068451e-05}, "ARWO": {"global_perc": 1.0, "local_perc": 6.54407434068451e-05}, "BADDI": {"global_perc": 0.5, "local_perc": 6.54407434068451e-05}, "BADEHRI": {"global_perc": 0.3333333333333333, "local_perc": 6.54407434068451e-05}, "BADHAL": {"global_perc": 0.5, "local_perc": 6.54407434068451e-05}, "BADOLI": {"global_perc": 0.09090909090909091, "local_perc": 6.54407434068451e-05}, "BAGGA": {"global_perc": 1.0, "local_perc": 6.54407434068451e-05}, "BAGGI": {"global_perc": 0.16666666666666666, "local_perc": 6.54407434068451e-05}, "BAGHA": {"global_perc": 0.25, "local_perc": 6.54407434068451e-05}, "BAHARAGORA": {"global_perc": 0.125, "local_perc": 6.54407434068451e-05}, "BAHUARA": {"global_perc": 0.14285714285714285, "local_perc": 6.54407434068451e-05}, "BAIRGHATTA": {"global_perc": 0.5, "local_perc": 6.54407434068451e-05}, "BAIRHATTA": {"global_perc": 0.5, "local_perc": 6.54407434068451e-05}, "BAJODIH": {"global_perc": 1.0, "local_perc": 6.54407434068451e-05}, "BALAK RUPI": {"global_perc": 1.0, "local_perc": 0.0001308814868136902}, "BALDWARA": {"global_perc": 0.14285714285714285, "local_perc": 6.54407434068451e-05}, "BALH BHURIAN": {"global_perc": 1.0, "local_perc": 6.54407434068451e-05}, "BALLA": {"global_perc": 0.1111111111111111, "local_perc": 6.54407434068451e-05}, "BALLAGAN": {"global_perc": 1.0, "local_perc": 6.54407434068451e-05}, "BALT": {"global_perc": 0.3333333333333333, "local_perc": 6.54407434068451e-05}, "BALYAH": {"global_perc": 0.5, "local_perc": 0.0001308814868136902}, "BAMMI": {"global_perc": 1.0, "local_perc": 6.54407434068451e-05}, "BANAHATTI": {"global_perc": 1.0, "local_perc": 6.54407434068451e-05}, "BANDLA": {"global_perc": 0.3333333333333333, "local_perc": 6.54407434068451e-05}, "BANDROL": {"global_perc": 0.3333333333333333, "local_perc": 6.54407434068451e-05}, "BANE DI HATTI": {"global_perc": 0.42857142857142855, "local_perc": 0.0001963222302205353}, "BANGA": {"global_perc": 0.5, "local_perc": 6.54407434068451e-05}, "BANGANA": {"global_perc": 0.125, "local_perc": 0.0001308814868136902}, "BANI": {"global_perc": 0.0625, "local_perc": 6.54407434068451e-05}, "BAR KALAN": {"global_perc": 0.16666666666666666, "local_perc": 6.54407434068451e-05}, "BARA BHUSA": {"global_perc": 1.0, "local_perc": 6.54407434068451e-05}, "BARAG": {"global_perc": 0.07142857142857142, "local_perc": 6.54407434068451e-05}, "BARARA": {"global_perc": 0.5, "local_perc": 6.54407434068451e-05}, "BAROG LAHR": {"global_perc": 0.14285714285714285, "local_perc": 6.54407434068451e-05}, "BASARKE GILLAN": {"global_perc": 1.0, "local_perc": 6.54407434068451e-05}, "BASEDOUR": {"global_perc": 0.3333333333333333, "local_perc": 6.54407434068451e-05}, "BASINI": {"global_perc": 1.0, "local_perc": 6.54407434068451e-05}, "BASODIH": {"global_perc": 1.0, "local_perc": 6.54407434068451e-05}, "BATAHARI": {"global_perc": 0.5, "local_perc": 6.54407434068451e-05}, "BAWAL": {"global_perc": 0.5, "local_perc": 6.54407434068451e-05}, "BEAR KHURD": {"global_perc": 0.1, "local_perc": 6.54407434068451e-05}, "BEGUMSARAI": {"global_perc": 1.0, "local_perc": 6.54407434068451e-05}, "BELBARNA": {"global_perc": 0.3333333333333333, "local_perc": 6.54407434068451e-05}, "BHADOLI KUTHIYARA": {"global_perc": 0.5, "local_perc": 6.54407434068451e-05}, "BHADOLI KUTIYARA": {"global_perc": 1.0, "local_perc": 6.54407434068451e-05}, "BHAGWAN PUR": {"global_perc": 0.16666666666666666, "local_perc": 6.54407434068451e-05}, "BHAIYADIH": {"global_perc": 1.0, "local_perc": 6.54407434068451e-05}, "BHAJNATH": {"global_perc": 1.0, "local_perc": 6.54407434068451e-05}, "BHAKERA": {"global_perc": 0.1111111111111111, "local_perc": 6.54407434068451e-05}, "BHANDRECH": {"global_perc": 0.25, "local_perc": 0.0001308814868136902}, "BHATER": {"global_perc": 1.0, "local_perc": 6.54407434068451e-05}, "BHATOLI LAMIAN": {"global_perc": 0.5, "local_perc": 6.54407434068451e-05}, "BHATWAR": {"global_perc": 0.5, "local_perc": 6.54407434068451e-05}, "BHATWARA": {"global_perc": 0.3333333333333333, "local_perc": 0.0001308814868136902}, "BHAURA DANDA": {"global_perc": 1.0, "local_perc": 6.54407434068451e-05}, "BHERI": {"global_perc": 0.16666666666666666, "local_perc": 6.54407434068451e-05}, "BHILOWAL": {"global_perc": 0.5, "local_perc": 6.54407434068451e-05}, "BHITLU": {"global_perc": 0.3333333333333333, "local_perc": 6.54407434068451e-05}, "BHOG": {"global_perc": 0.1111111111111111, "local_perc": 6.54407434068451e-05}, "BHOPAL": {"global_perc": 0.3333333333333333, "local_perc": 6.54407434068451e-05}, "BHULANA": {"global_perc": 0.3333333333333333, "local_perc": 6.54407434068451e-05}, "BHULE KHURD": {"global_perc": 1.0, "local_perc": 6.54407434068451e-05}, "BHUNGWAR": {"global_perc": 0.5, "local_perc": 6.54407434068451e-05}, "BIGHBEHARA": {"global_perc": 0.25, "local_perc": 6.54407434068451e-05}, "BIHUN": {"global_perc": 0.5, "local_perc": 6.54407434068451e-05}, "BISHNUPUR": {"global_perc": 0.047619047619047616, "local_perc": 6.54407434068451e-05}, "BISNAH": {"global_perc": 0.2, "local_perc": 6.54407434068451e-05}, "BIZARI III": {"global_perc": 0.16666666666666666, "local_perc": 6.54407434068451e-05}, "BORA GAON": {"global_perc": 0.3333333333333333, "local_perc": 6.54407434068451e-05}, "BUALMUAL": {"global_perc": 0.5, "local_perc": 6.54407434068451e-05}, "BUDGADDA": {"global_perc": 0.5, "local_perc": 0.0001308814868136902}, "BURARI": {"global_perc": 1.0, "local_perc": 6.54407434068451e-05}, "CHAK BAMUN": {"global_perc": 0.6666666666666666, "local_perc": 0.0001308814868136902}, "CHAK KARMAN": {"global_perc": 0.5, "local_perc": 6.54407434068451e-05}, "CHAKLU": {"global_perc": 0.5, "local_perc": 6.54407434068451e-05}, "CHAMOLI": {"global_perc": 0.5, "local_perc": 6.54407434068451e-05}, "CHAND": {"global_perc": 0.4, "local_perc": 0.0001308814868136902}, "CHANDDIH": {"global_perc": 0.5, "local_perc": 6.54407434068451e-05}, "CHANDLAPURA": {"global_perc": 1.0, "local_perc": 6.54407434068451e-05}, "CHANDPUR": {"global_perc": 0.02564102564102564, "local_perc": 6.54407434068451e-05}, "CHAPRI": {"global_perc": 0.25, "local_perc": 6.54407434068451e-05}, "CHARA DONGARIA": {"global_perc": 1.0, "local_perc": 6.54407434068451e-05}, "CHARADIH": {"global_perc": 1.0, "local_perc": 6.54407434068451e-05}, "CHARU": {"global_perc": 0.03571428571428571, "local_perc": 6.54407434068451e-05}, "CHAUNTRA": {"global_perc": 0.2, "local_perc": 6.54407434068451e-05}, "CHELA": {"global_perc": 0.25, "local_perc": 6.54407434068451e-05}, "CHHANGLA": {"global_perc": 0.2, "local_perc": 6.54407434068451e-05}, "CHIKANAHALLI": {"global_perc": 1.0, "local_perc": 6.54407434068451e-05}, "CHILOI": {"global_perc": 0.3333333333333333, "local_perc": 6.54407434068451e-05}, "CHINGUS": {"global_perc": 1.0, "local_perc": 6.54407434068451e-05}, "CHIRLAKOPPA": {"global_perc": 1.0, "local_perc": 6.54407434068451e-05}, "CHORA": {"global_perc": 0.25, "local_perc": 6.54407434068451e-05}, "DABCHA": {"global_perc": 1.0, "local_perc": 0.0001308814868136902}, "DAIRA": {"global_perc": 1.0, "local_perc": 6.54407434068451e-05}, "DAKOON": {"global_perc": 1.0, "local_perc": 6.54407434068451e-05}, "DARAMAN": {"global_perc": 0.14285714285714285, "local_perc": 6.54407434068451e-05}, "DARKOTI": {"global_perc": 0.2, "local_perc": 6.54407434068451e-05}, "DASOLI UPPARLI": {"global_perc": 0.5, "local_perc": 6.54407434068451e-05}, "DAULATPUR": {"global_perc": 0.02857142857142857, "local_perc": 6.54407434068451e-05}, "DEDUWA": {"global_perc": 1.0, "local_perc": 6.54407434068451e-05}, "DEHLI": {"global_perc": 0.5, "local_perc": 6.54407434068451e-05}, "DEVARIYA": {"global_perc": 0.125, "local_perc": 6.54407434068451e-05}, "DEWANMARO": {"global_perc": 1.0, "local_perc": 6.54407434068451e-05}, "DEWARIYA": {"global_perc": 0.5, "local_perc": 6.54407434068451e-05}, "DHANGBAHARA": {"global_perc": 1.0, "local_perc": 6.54407434068451e-05}, "DHARIYA": {"global_perc": 1.0, "local_perc": 6.54407434068451e-05}, "DHARKOT": {"global_perc": 0.06666666666666667, "local_perc": 6.54407434068451e-05}, "DHATI": {"global_perc": 0.16666666666666666, "local_perc": 6.54407434068451e-05}, "DHATO GHRAN": {"global_perc": 0.5, "local_perc": 6.54407434068451e-05}, "DHAVALESHWAR": {"global_perc": 1.0, "local_perc": 6.54407434068451e-05}, "DHIRA": {"global_perc": 0.16666666666666666, "local_perc": 6.54407434068451e-05}, "DHIRHWIN": {"global_perc": 1.0, "local_perc": 6.54407434068451e-05}, "DHNGULI": {"global_perc": 1.0, "local_perc": 6.54407434068451e-05}, "DHWLA": {"global_perc": 1.0, "local_perc": 6.54407434068451e-05}, "DIGOLIKHAL": {"global_perc": 0.125, "local_perc": 6.54407434068451e-05}, "DIWANE": {"global_perc": 1.0, "local_perc": 6.54407434068451e-05}, "DIYAL": {"global_perc": 1.0, "local_perc": 6.54407434068451e-05}, "DOHAG": {"global_perc": 0.16666666666666666, "local_perc": 6.54407434068451e-05}, "DRANGA": {"global_perc": 1.0, "local_perc": 6.54407434068451e-05}, "DRUP KAYARA": {"global_perc": 1.0, "local_perc": 6.54407434068451e-05}, "Dhaliwal Bet": {"global_perc": 1.0, "local_perc": 0.0001308814868136902}, "EKTARA": {"global_perc": 0.16666666666666666, "local_perc": 6.54407434068451e-05}, "ETAUNJA": {"global_perc": 0.3333333333333333, "local_perc": 6.54407434068451e-05}, "Erumeli": {"global_perc": 1.0, "local_perc": 6.54407434068451e-05}, "FATEHPUR": {"global_perc": 0.031746031746031744, "local_perc": 0.0001308814868136902}, "FATTUWALA": {"global_perc": 1.0, "local_perc": 6.54407434068451e-05}, "FULANG": {"global_perc": 0.3333333333333333, "local_perc": 6.54407434068451e-05}, "GACHRA": {"global_perc": 1.0, "local_perc": 6.54407434068451e-05}, "GADARIYA": {"global_perc": 1.0, "local_perc": 6.54407434068451e-05}, "GADIARA": {"global_perc": 0.16666666666666666, "local_perc": 0.0001308814868136902}, "GAHAR": {"global_perc": 0.07692307692307693, "local_perc": 6.54407434068451e-05}, "GAINCHARI": {"global_perc": 0.2, "local_perc": 6.54407434068451e-05}, "GAJODIH": {"global_perc": 1.0, "local_perc": 6.54407434068451e-05}, "GANDAR": {"global_perc": 1.0, "local_perc": 6.54407434068451e-05}, "GANGDIH": {"global_perc": 1.0, "local_perc": 6.54407434068451e-05}, "GARALAG": {"global_perc": 1.0, "local_perc": 6.54407434068451e-05}, "GARH": {"global_perc": 0.2, "local_perc": 0.0001308814868136902}, "GARHWA": {"global_perc": 0.14285714285714285, "local_perc": 6.54407434068451e-05}, "GARNOTA": {"global_perc": 1.0, "local_perc": 6.54407434068451e-05}, "GHANU": {"global_perc": 0.5, "local_perc": 6.54407434068451e-05}, "GHILATALI": {"global_perc": 1.0, "local_perc": 6.54407434068451e-05}, "GHORATERIA": {"global_perc": 0.3333333333333333, "local_perc": 6.54407434068451e-05}, "GHURET": {"global_perc": 1.0, "local_perc": 6.54407434068451e-05}, "GIGENAHALLI": {"global_perc": 0.5, "local_perc": 6.54407434068451e-05}, "GOPICHAK": {"global_perc": 1.0, "local_perc": 6.54407434068451e-05}, "GOVINDAMPALAYAM": {"global_perc": 0.5, "local_perc": 6.54407434068451e-05}, "GUDDADUR": {"global_perc": 1.0, "local_perc": 6.54407434068451e-05}, "GUDRI": {"global_perc": 0.25, "local_perc": 6.54407434068451e-05}, "GULEHAN": {"global_perc": 1.0, "local_perc": 6.54407434068451e-05}, "GULELA": {"global_perc": 0.2, "local_perc": 6.54407434068451e-05}, "GULELEA": {"global_perc": 1.0, "local_perc": 6.54407434068451e-05}, "GULHAN": {"global_perc": 1.0, "local_perc": 6.54407434068451e-05}, "GUMMIDIPOONDI": {"global_perc": 0.5, "local_perc": 6.54407434068451e-05}, "GUMRU": {"global_perc": 0.3333333333333333, "local_perc": 6.54407434068451e-05}, "GURIYALI": {"global_perc": 1.0, "local_perc": 6.54407434068451e-05}, "GURPHALI": {"global_perc": 1.0, "local_perc": 6.54407434068451e-05}, "HAKHROLE": {"global_perc": 1.0, "local_perc": 6.54407434068451e-05}, "HALANA": {"global_perc": 1.0, "local_perc": 0.0001308814868136902}, "HAR": {"global_perc": 0.2222222222222222, "local_perc": 0.0001308814868136902}, "HAREHR": {"global_perc": 0.5, "local_perc": 6.54407434068451e-05}, "HARETA": {"global_perc": 0.25, "local_perc": 6.54407434068451e-05}, "HARHUA": {"global_perc": 0.6666666666666666, "local_perc": 0.0001308814868136902}, "HARIHARPUR": {"global_perc": 0.03225806451612903, "local_perc": 6.54407434068451e-05}, "HARIRAMPUR": {"global_perc": 0.14285714285714285, "local_perc": 6.54407434068451e-05}, "HARVADIH": {"global_perc": 1.0, "local_perc": 6.54407434068451e-05}, "HASAL": {"global_perc": 0.5, "local_perc": 6.54407434068451e-05}, "HIMTANA": {"global_perc": 1.0, "local_perc": 6.54407434068451e-05}, "HOBAR": {"global_perc": 0.25, "local_perc": 6.54407434068451e-05}, "Habibwal": {"global_perc": 1.0, "local_perc": 6.54407434068451e-05}, "IBRAHIMPUR": {"global_perc": 0.1, "local_perc": 6.54407434068451e-05}, "ICHAWA": {"global_perc": 1.0, "local_perc": 6.54407434068451e-05}, "ISHAPUR": {"global_perc": 0.3333333333333333, "local_perc": 6.54407434068451e-05}, "JAGDISHPUR": {"global_perc": 0.024390243902439025, "local_perc": 6.54407434068451e-05}, "JAI DEVI": {"global_perc": 0.16666666666666666, "local_perc": 6.54407434068451e-05}, "JALALPUR NAURANGA": {"global_perc": 0.5, "local_perc": 6.54407434068451e-05}, "JALASAR": {"global_perc": 0.5, "local_perc": 6.54407434068451e-05}, "JAMARARI": {"global_perc": 0.3333333333333333, "local_perc": 6.54407434068451e-05}, "JAMUIATANR": {"global_perc": 1.0, "local_perc": 6.54407434068451e-05}, "JANDRU": {"global_perc": 0.5, "local_perc": 6.54407434068451e-05}, "JANGLIANA": {"global_perc": 0.5, "local_perc": 6.54407434068451e-05}, "JAR": {"global_perc": 0.25, "local_perc": 6.54407434068451e-05}, "JAROLA": {"global_perc": 0.5, "local_perc": 6.54407434068451e-05}, "JASYAL": {"global_perc": 0.25, "local_perc": 6.54407434068451e-05}, "JAWALGAON MALLA": {"global_perc": 1.0, "local_perc": 6.54407434068451e-05}, "JHAKOTA": {"global_perc": 0.8571428571428571, "local_perc": 0.0003926444604410706}, "JHAMKE": {"global_perc": 1.0, "local_perc": 6.54407434068451e-05}, "JHANJIDIH": {"global_perc": 1.0, "local_perc": 6.54407434068451e-05}, "JHAREDH": {"global_perc": 1.0, "local_perc": 6.54407434068451e-05}, "JINDRI": {"global_perc": 0.3333333333333333, "local_perc": 6.54407434068451e-05}, "JOL SAPAR": {"global_perc": 0.25, "local_perc": 6.54407434068451e-05}, "K. CHINGKHONG": {"global_perc": 0.25, "local_perc": 6.54407434068451e-05}, "KAHNU": {"global_perc": 0.5, "local_perc": 0.0001308814868136902}, "KAKWARA": {"global_perc": 1.0, "local_perc": 6.54407434068451e-05}, "KALEWAL BAGTAN": {"global_perc": 0.5, "local_perc": 6.54407434068451e-05}, "KALLAR KATOCHAN": {"global_perc": 1.0, "local_perc": 0.0001308814868136902}, "KALLU SADARAHALLI": {"global_perc": 1.0, "local_perc": 6.54407434068451e-05}, "KALRU": {"global_perc": 0.5, "local_perc": 6.54407434068451e-05}, "KAMUPUR": {"global_perc": 0.5, "local_perc": 6.54407434068451e-05}, "KANA SUAN": {"global_perc": 0.5, "local_perc": 6.54407434068451e-05}, "KANAIR": {"global_perc": 1.0, "local_perc": 6.54407434068451e-05}, "KANAYARI": {"global_perc": 0.3333333333333333, "local_perc": 6.54407434068451e-05}, "KANDHALA SHEIKAN": {"global_perc": 1.0, "local_perc": 6.54407434068451e-05}, "KANNAPUR HATTI": {"global_perc": 1.0, "local_perc": 6.54407434068451e-05}, "KARAMTOLI ALIAS MAHUA": {"global_perc": 1.0, "local_perc": 6.54407434068451e-05}, "KARIANA": {"global_perc": 1.0, "local_perc": 6.54407434068451e-05}, "KARLI KALH": {"global_perc": 0.2, "local_perc": 6.54407434068451e-05}, "KARMADAD": {"global_perc": 1.0, "local_perc": 6.54407434068451e-05}, "KARMUPUR": {"global_perc": 0.5, "local_perc": 6.54407434068451e-05}, "KASEHDA": {"global_perc": 1.0, "local_perc": 6.54407434068451e-05}, "KATINDI": {"global_perc": 0.25, "local_perc": 6.54407434068451e-05}, "KATKAHI": {"global_perc": 1.0, "local_perc": 6.54407434068451e-05}, "KENGENAHALLI": {"global_perc": 1.0, "local_perc": 6.54407434068451e-05}, "KHAJURNU": {"global_perc": 0.16666666666666666, "local_perc": 6.54407434068451e-05}, "KHALWANU": {"global_perc": 0.5, "local_perc": 6.54407434068451e-05}, "KHANDURA": {"global_perc": 0.5, "local_perc": 6.54407434068451e-05}, "KHANGSAR": {"global_perc": 1.0, "local_perc": 6.54407434068451e-05}, "KHARVIWADA": {"global_perc": 1.0, "local_perc": 6.54407434068451e-05}, "KHATNOL": {"global_perc": 1.0, "local_perc": 6.54407434068451e-05}, "KHEIRI": {"global_perc": 0.5, "local_perc": 6.54407434068451e-05}, "KHIRANWALI": {"global_perc": 0.5, "local_perc": 6.54407434068451e-05}, "KHUDA": {"global_perc": 0.5, "local_perc": 6.54407434068451e-05}, "KHUNDIAN": {"global_perc": 0.06666666666666667, "local_perc": 6.54407434068451e-05}, "KIRAWN": {"global_perc": 0.5, "local_perc": 6.54407434068451e-05}, "KOPRA": {"global_perc": 0.6666666666666666, "local_perc": 0.0001308814868136902}, "KORU": {"global_perc": 1.0, "local_perc": 6.54407434068451e-05}, "KOT": {"global_perc": 0.02857142857142857, "local_perc": 6.54407434068451e-05}, "KOT GANGURAI": {"global_perc": 1.0, "local_perc": 6.54407434068451e-05}, "KOTHI": {"global_perc": 0.08108108108108109, "local_perc": 0.0001963222302205353}, "KOTLU": {"global_perc": 0.6666666666666666, "local_perc": 0.0001308814868136902}, "KOTLU RAJOL": {"global_perc": 0.5, "local_perc": 6.54407434068451e-05}, "KOTTARAM": {"global_perc": 1.0, "local_perc": 6.54407434068451e-05}, "KRISHAN GARH": {"global_perc": 0.1111111111111111, "local_perc": 6.54407434068451e-05}, "KUDHI": {"global_perc": 1.0, "local_perc": 6.54407434068451e-05}, "KUDKI": {"global_perc": 0.5, "local_perc": 6.54407434068451e-05}, "KUHN KHAS": {"global_perc": 1.0, "local_perc": 0.0001308814868136902}, "KUJJI": {"global_perc": 0.5, "local_perc": 6.54407434068451e-05}, "KULLATHILVAI": {"global_perc": 0.3333333333333333, "local_perc": 6.54407434068451e-05}, "KUMARDUNGI": {"global_perc": 0.3333333333333333, "local_perc": 6.54407434068451e-05}, "KUMIZHI": {"global_perc": 1.0, "local_perc": 6.54407434068451e-05}, "KUNDIA": {"global_perc": 0.5, "local_perc": 6.54407434068451e-05}, "KURAVEDIYA": {"global_perc": 1.0, "local_perc": 6.54407434068451e-05}, "KUTTI": {"global_perc": 1.0, "local_perc": 6.54407434068451e-05}, "KYARTU": {"global_perc": 0.5, "local_perc": 6.54407434068451e-05}, "KYOR": {"global_perc": 0.3333333333333333, "local_perc": 6.54407434068451e-05}, "Kalihand": {"global_perc": 1.0, "local_perc": 6.54407434068451e-05}, "LABANGARH": {"global_perc": 1.0, "local_perc": 6.54407434068451e-05}, "LAHRU": {"global_perc": 0.25, "local_perc": 0.0001308814868136902}, "LAKHWAR": {"global_perc": 0.25, "local_perc": 6.54407434068451e-05}, "LALOWAL": {"global_perc": 1.0, "local_perc": 6.54407434068451e-05}, "LAMBA GAON": {"global_perc": 0.5, "local_perc": 6.54407434068451e-05}, "LAMVALU": {"global_perc": 1.0, "local_perc": 6.54407434068451e-05}, "LANOT": {"global_perc": 0.3333333333333333, "local_perc": 6.54407434068451e-05}, "LAPCHANG": {"global_perc": 0.5, "local_perc": 6.54407434068451e-05}, "LATHYANI": {"global_perc": 0.125, "local_perc": 6.54407434068451e-05}, "LEBRA": {"global_perc": 1.0, "local_perc": 6.54407434068451e-05}, "LEHLI KHURD": {"global_perc": 0.3333333333333333, "local_perc": 6.54407434068451e-05}, "MAHUWAI": {"global_perc": 1.0, "local_perc": 6.54407434068451e-05}, "MAITHI": {"global_perc": 0.5, "local_perc": 6.54407434068451e-05}, "MAJHIGAWA": {"global_perc": 0.25, "local_perc": 6.54407434068451e-05}, "MALANG": {"global_perc": 0.2, "local_perc": 6.54407434068451e-05}, "MALAU": {"global_perc": 1.0, "local_perc": 6.54407434068451e-05}, "MALBANDI": {"global_perc": 0.5, "local_perc": 6.54407434068451e-05}, "MALDA": {"global_perc": 0.2, "local_perc": 6.54407434068451e-05}, "MALHA": {"global_perc": 1.0, "local_perc": 6.54407434068451e-05}, "MALIHAPUR": {"global_perc": 1.0, "local_perc": 6.54407434068451e-05}, "MALLICKPUR": {"global_perc": 1.0, "local_perc": 6.54407434068451e-05}, "MALOKHAR": {"global_perc": 0.5, "local_perc": 6.54407434068451e-05}, "MAN": {"global_perc": 1.0, "local_perc": 6.54407434068451e-05}, "MANDI": {"global_perc": 0.125, "local_perc": 6.54407434068451e-05}, "MANHAL": {"global_perc": 0.2, "local_perc": 6.54407434068451e-05}, "MANJGRAN": {"global_perc": 0.5, "local_perc": 6.54407434068451e-05}, "MARARI KALA": {"global_perc": 1.0, "local_perc": 0.0001308814868136902}, "MASTI PALKOT": {"global_perc": 1.0, "local_perc": 6.54407434068451e-05}, "MAYAN GAON": {"global_perc": 1.0, "local_perc": 6.54407434068451e-05}, "MAYURHAND": {"global_perc": 0.75, "local_perc": 0.0001963222302205353}, "MELPAKKAM": {"global_perc": 0.5, "local_perc": 6.54407434068451e-05}, "MERLE": {"global_perc": 1.0, "local_perc": 6.54407434068451e-05}, "MIADI KALAN": {"global_perc": 0.25, "local_perc": 6.54407434068451e-05}, "MIRJANPUR": {"global_perc": 1.0, "local_perc": 6.54407434068451e-05}, "MISRAULI": {"global_perc": 1.0, "local_perc": 6.54407434068451e-05}, "MO. SARAI ALI": {"global_perc": 1.0, "local_perc": 6.54407434068451e-05}, "MOHAM WALA": {"global_perc": 1.0, "local_perc": 6.54407434068451e-05}, "MOZAL": {"global_perc": 0.5, "local_perc": 6.54407434068451e-05}, "MUKARI": {"global_perc": 1.0, "local_perc": 6.54407434068451e-05}, "MULEKALENAHALLI": {"global_perc": 0.1111111111111111, "local_perc": 6.54407434068451e-05}, "MUNAN": {"global_perc": 1.0, "local_perc": 6.54407434068451e-05}, "MUSTAFABAD": {"global_perc": 0.07692307692307693, "local_perc": 6.54407434068451e-05}, "Mulayam": {"global_perc": 1.0, "local_perc": 6.54407434068451e-05}, "N.A.": {"global_perc": 0.0014207236218980867, "local_perc": 0.0009816111511026765}, "NAINITAL": {"global_perc": 0.3333333333333333, "local_perc": 6.54407434068451e-05}, "NARAHUN": {"global_perc": 0.25, "local_perc": 0.0001308814868136902}, "NARIAH": {"global_perc": 0.1111111111111111, "local_perc": 6.54407434068451e-05}, "NASAKARPUR": {"global_perc": 1.0, "local_perc": 6.54407434068451e-05}, "NASRULLAHPUR": {"global_perc": 0.5, "local_perc": 6.54407434068451e-05}, "NATHAN": {"global_perc": 0.5, "local_perc": 6.54407434068451e-05}, "NAUGAON": {"global_perc": 0.125, "local_perc": 6.54407434068451e-05}, "NAURA KANDOL": {"global_perc": 0.6666666666666666, "local_perc": 0.0001308814868136902}, "NAWADA": {"global_perc": 0.03225806451612903, "local_perc": 6.54407434068451e-05}, "NELAGALALE": {"global_perc": 0.3333333333333333, "local_perc": 6.54407434068451e-05}, "NEWIN": {"global_perc": 1.0, "local_perc": 6.54407434068451e-05}, "NIRALKERI": {"global_perc": 1.0, "local_perc": 6.54407434068451e-05}, "NUTANPARA": {"global_perc": 1.0, "local_perc": 6.54407434068451e-05}, "OBRA": {"global_perc": 1.0, "local_perc": 6.54407434068451e-05}, "OCH KHURD": {"global_perc": 1.0, "local_perc": 0.0001308814868136902}, "PADRAL": {"global_perc": 0.3333333333333333, "local_perc": 6.54407434068451e-05}, "PAHARI": {"global_perc": 0.1111111111111111, "local_perc": 6.54407434068451e-05}, "PAKADIA PURAB": {"global_perc": 1.0, "local_perc": 6.54407434068451e-05}, "PALAKHARU": {"global_perc": 0.5, "local_perc": 6.54407434068451e-05}, "PALCHAI": {"global_perc": 1.0, "local_perc": 6.54407434068451e-05}, "PALETA": {"global_perc": 0.5, "local_perc": 6.54407434068451e-05}, "PALLIKKADU": {"global_perc": 1.0, "local_perc": 6.54407434068451e-05}, "PANCH GACHHIA": {"global_perc": 1.0, "local_perc": 6.54407434068451e-05}, "PANDEPURA KALA": {"global_perc": 1.0, "local_perc": 0.0001308814868136902}, "PAPLAH": {"global_perc": 0.42857142857142855, "local_perc": 0.0001963222302205353}, "PARASANAHALLI": {"global_perc": 0.5, "local_perc": 6.54407434068451e-05}, "PAREWA T. KISHANI": {"global_perc": 1.0, "local_perc": 6.54407434068451e-05}, "PAROL": {"global_perc": 0.16666666666666666, "local_perc": 6.54407434068451e-05}, "PATHOLI": {"global_perc": 1.0, "local_perc": 6.54407434068451e-05}, "PATIAL": {"global_perc": 0.3333333333333333, "local_perc": 6.54407434068451e-05}, "PEMMANAHALLI": {"global_perc": 0.5, "local_perc": 6.54407434068451e-05}, "POWARKHALI": {"global_perc": 0.14285714285714285, "local_perc": 6.54407434068451e-05}, "PULWAMA": {"global_perc": 0.16666666666666666, "local_perc": 6.54407434068451e-05}, "PURANDHA": {"global_perc": 0.25, "local_perc": 6.54407434068451e-05}, "PURE UDAIRAM": {"global_perc": 1.0, "local_perc": 6.54407434068451e-05}, "PUREMANSARAM": {"global_perc": 1.0, "local_perc": 6.54407434068451e-05}, "QAZIGUND": {"global_perc": 0.2, "local_perc": 6.54407434068451e-05}, "RAGHOPUR": {"global_perc": 0.16666666666666666, "local_perc": 6.54407434068451e-05}, "RAIKWA": {"global_perc": 1.0, "local_perc": 6.54407434068451e-05}, "RAJAPUR": {"global_perc": 0.038461538461538464, "local_perc": 6.54407434068451e-05}, "RAJEPUSARAYMARJARI": {"global_perc": 1.0, "local_perc": 6.54407434068451e-05}, "RAKAR BHERI": {"global_perc": 0.3333333333333333, "local_perc": 6.54407434068451e-05}, "RAKH": {"global_perc": 0.3333333333333333, "local_perc": 6.54407434068451e-05}, "RAMDIH": {"global_perc": 0.3333333333333333, "local_perc": 6.54407434068451e-05}, "RAMGARHA": {"global_perc": 1.0, "local_perc": 6.54407434068451e-05}, "RAMPUR": {"global_perc": 0.007194244604316547, "local_perc": 6.54407434068451e-05}, "RANIPOKHRI": {"global_perc": 0.25, "local_perc": 6.54407434068451e-05}, "RATNAG": {"global_perc": 0.3333333333333333, "local_perc": 6.54407434068451e-05}, "RAVTI": {"global_perc": 1.0, "local_perc": 6.54407434068451e-05}, "REHR": {"global_perc": 0.3333333333333333, "local_perc": 6.54407434068451e-05}, "RERU UPERALA": {"global_perc": 0.5, "local_perc": 6.54407434068451e-05}, "RITHAKHAL": {"global_perc": 0.2, "local_perc": 6.54407434068451e-05}, "ROHELA HAJI UTTAR": {"global_perc": 0.5, "local_perc": 6.54407434068451e-05}, "RONO": {"global_perc": 0.1, "local_perc": 6.54407434068451e-05}, "RUPAS MAHAJI": {"global_perc": 0.5, "local_perc": 6.54407434068451e-05}, "Randhawa Brota": {"global_perc": 1.0, "local_perc": 6.54407434068451e-05}, "SAHIBGANJ": {"global_perc": 0.05263157894736842, "local_perc": 6.54407434068451e-05}, "SAHMADA": {"global_perc": 1.0, "local_perc": 6.54407434068451e-05}, "SAI UGIALLA": {"global_perc": 1.0, "local_perc": 6.54407434068451e-05}, "SALI": {"global_perc": 0.5, "local_perc": 6.54407434068451e-05}, "SALLER": {"global_perc": 0.5, "local_perc": 6.54407434068451e-05}, "SANAI": {"global_perc": 0.18181818181818182, "local_perc": 0.0001308814868136902}, "SANOG UPPERLA": {"global_perc": 1.0, "local_perc": 6.54407434068451e-05}, "SARAIA": {"global_perc": 0.25, "local_perc": 6.54407434068451e-05}, "SARAIAREJANI": {"global_perc": 1.0, "local_perc": 6.54407434068451e-05}, "SARAV BUJURG": {"global_perc": 1.0, "local_perc": 6.54407434068451e-05}, "SARDAM": {"global_perc": 0.25, "local_perc": 6.54407434068451e-05}, "SERA": {"global_perc": 0.1, "local_perc": 6.54407434068451e-05}, "SEWAL": {"global_perc": 1.0, "local_perc": 6.54407434068451e-05}, "SHAHAL": {"global_perc": 0.25, "local_perc": 6.54407434068451e-05}, "SHAHGARH": {"global_perc": 0.25, "local_perc": 6.54407434068451e-05}, "SHAIKHAR": {"global_perc": 1.0, "local_perc": 6.54407434068451e-05}, "SHAKOH": {"global_perc": 1.0, "local_perc": 6.54407434068451e-05}, "SHER KHAN WALA": {"global_perc": 0.5, "local_perc": 6.54407434068451e-05}, "SHIVPUR": {"global_perc": 0.13636363636363635, "local_perc": 0.0001963222302205353}, "SIKRIA": {"global_perc": 0.5, "local_perc": 6.54407434068451e-05}, "SINGHPUR": {"global_perc": 0.09090909090909091, "local_perc": 6.54407434068451e-05}, "SIRUVADI": {"global_perc": 1.0, "local_perc": 6.54407434068451e-05}, "SIYUM": {"global_perc": 0.03125, "local_perc": 6.54407434068451e-05}, "SNKARPUR": {"global_perc": 1.0, "local_perc": 6.54407434068451e-05}, "SOBHA KOTHI": {"global_perc": 1.0, "local_perc": 6.54407434068451e-05}, "SOUHDA KHURD": {"global_perc": 1.0, "local_perc": 6.54407434068451e-05}, "SUAN": {"global_perc": 0.5, "local_perc": 6.54407434068451e-05}, "SUANGDOH": {"global_perc": 0.2, "local_perc": 6.54407434068451e-05}, "SUKNAL": {"global_perc": 0.25, "local_perc": 6.54407434068451e-05}, "SULTANPUR": {"global_perc": 0.017857142857142856, "local_perc": 6.54407434068451e-05}, "SUNDERBANI": {"global_perc": 0.5, "local_perc": 6.54407434068451e-05}, "SURAPUR": {"global_perc": 0.5, "local_perc": 6.54407434068451e-05}, "SURARYOR": {"global_perc": 1.0, "local_perc": 6.54407434068451e-05}, "TALDU": {"global_perc": 1.0, "local_perc": 6.54407434068451e-05}, "TANGH": {"global_perc": 0.3333333333333333, "local_perc": 6.54407434068451e-05}, "TARNA": {"global_perc": 0.5, "local_perc": 6.54407434068451e-05}, "TARTO": {"global_perc": 1.0, "local_perc": 6.54407434068451e-05}, "TEGRA": {"global_perc": 1.0, "local_perc": 6.54407434068451e-05}, "TETRI": {"global_perc": 0.5, "local_perc": 6.54407434068451e-05}, "THAKAR KI": {"global_perc": 1.0, "local_perc": 6.54407434068451e-05}, "THANA KHURD": {"global_perc": 0.3, "local_perc": 0.0001963222302205353}, "TIGHARA": {"global_perc": 0.1111111111111111, "local_perc": 6.54407434068451e-05}, "TIKKAR GADHIANI": {"global_perc": 1.0, "local_perc": 6.54407434068451e-05}, "TIPRI": {"global_perc": 0.3333333333333333, "local_perc": 6.54407434068451e-05}, "TRAL": {"global_perc": 0.5, "local_perc": 6.54407434068451e-05}, "TUSKUTRI": {"global_perc": 1.0, "local_perc": 6.54407434068451e-05}, "UDAIPUR": {"global_perc": 0.09090909090909091, "local_perc": 6.54407434068451e-05}, "UNERA": {"global_perc": 1.0, "local_perc": 6.54407434068451e-05}, "URMAR": {"global_perc": 1.0, "local_perc": 6.54407434068451e-05}, "VADAKATTUPATTI": {"global_perc": 1.0, "local_perc": 6.54407434068451e-05}, "VEDAR": {"global_perc": 1.0, "local_perc": 6.54407434068451e-05}, "VELLALAPATTI": {"global_perc": 0.5, "local_perc": 6.54407434068451e-05}, "WAKURA": {"global_perc": 0.5, "local_perc": 6.54407434068451e-05}, "WILIGAM": {"global_perc": 1.0, "local_perc": 6.54407434068451e-05}}, "partition_field": "Near_Vil_Tow_Nam_hav_Prim_School", "Vil_Nam": "Mindiyan", "Stat_Nam": "JAMMU & KASHMIR"}, {"data": [["Dis_Doc_In_Pos_Num", 5.0], ["Dis_Doc_Tot_Stren_Num", 4.0], 1.25], "data_low": {"Stat_Nam": "TRIPURA", "Vil_Nam": "Krishnapur (Part)", "Dis_Doc_Tot_Stren_Num": "4", "Dis_Doc_In_Pos_Num": "5", "id": 270881}, "data_high": {"Stat_Nam": "TRIPURA", "Vil_Nam": "Krishnapur (Part)", "Dis_Doc_Tot_Stren_Num": "4", "Dis_Doc_In_Pos_Num": "5", "id": 270881}, "perc": 0.00016058452768075794, "metric": 99.99983916542273, "value_global_local": {}, "partition_field": null, "Vil_Nam": "Krishnapur (Part)", "Stat_Nam": "TRIPURA"}, {"data": [["Dis_Doc_In_Pos_Num", 3.0], ["Dis_Doc_Tot_Stren_Num", 2.0], 1.5], "data_low": {"Stat_Nam": "JAMMU & KASHMIR", "Vil_Nam": "Badaran", "Dis_Doc_Tot_Stren_Num": "2", "Dis_Doc_In_Pos_Num": "3", "id": 3509}, "data_high": {"Stat_Nam": "JAMMU & KASHMIR", "Vil_Nam": "Badaran", "Dis_Doc_Tot_Stren_Num": "2", "Dis_Doc_In_Pos_Num": "3", "id": 3509}, "perc": 0.0016058452768075795, "metric": 99.9983936546312, "value_global_local": {}, "partition_field": null, "Vil_Nam": "Badaran", "Stat_Nam": "JAMMU & KASHMIR"}, {"data": [["Dis_Doc_In_Pos_Num", 2.0], ["Dis_Doc_Tot_Stren_Num", 1.0], 2.0], "data_low": {"Stat_Nam": "JAMMU & KASHMIR", "Vil_Nam": "Midoora (Midru)", "Dis_Doc_Tot_Stren_Num": "1", "Dis_Doc_In_Pos_Num": "2", "id": 2944}, "data_high": {"Stat_Nam": "JAMMU & KASHMIR", "Vil_Nam": "Midoora (Midru)", "Dis_Doc_Tot_Stren_Num": "1", "Dis_Doc_In_Pos_Num": "2", "id": 2944}, "perc": 0.0033722750812959167, "metric": 99.9966267247524, "value_global_local": {"Arunachal Pradesh": {"global_perc": 0.0001789228842368939, "local_perc": 0.047619047619047616}, "CHHATTISGARH": {"global_perc": 0.00014906091622776508, "local_perc": 0.14285714285714285}, "HIMACHAL PRADESH": {"global_perc": 0.00014499758337361044, "local_perc": 0.14285714285714285}, "JAMMU & KASHMIR": {"global_perc": 0.000610407446970853, "local_perc": 0.19047619047619047}, "Punjab": {"global_perc": 7.948493760432397e-05, "local_perc": 0.047619047619047616}, "TRIPURA": {"global_perc": 0.008, "local_perc": 0.3333333333333333}, "UTTAR PRADESH": {"global_perc": 1.8731151778522863e-05, "local_perc": 0.09523809523809523}}, "partition_field": "Stat_Nam", "Vil_Nam": "Midoora (Midru)", "Stat_Nam": "JAMMU & KASHMIR"}, {"data": [["Dis_Doc_In_Pos_Num", 3.0], ["Dis_Doc_Tot_Stren_Num", 1.0], 3.0], "data_low": {"Stat_Nam": "HIMACHAL PRADESH", "Vil_Nam": "Ropa-II (497)", "Dis_Doc_Tot_Stren_Num": "1", "Dis_Doc_In_Pos_Num": "3", "id": 13076}, "data_high": {"Stat_Nam": "HIMACHAL PRADESH", "Vil_Nam": "Ropa-II (497)", "Dis_Doc_Tot_Stren_Num": "1", "Dis_Doc_In_Pos_Num": "3", "id": 13076}, "perc": 0.0004817535830422739, "metric": 99.99951624602653, "value_global_local": {}, "partition_field": null, "Vil_Nam": "Ropa-II (497)", "Stat_Nam": "HIMACHAL PRADESH"}, {"data": [["Dis_Doc_In_Pos_Num", 4.0], ["Dis_Doc_Tot_Stren_Num", 1.0], 4.0], "data_low": {"Stat_Nam": "UTTAR PRADESH", "Vil_Nam": "Har Chandpur", "Dis_Doc_Tot_Stren_Num": "1", "Dis_Doc_In_Pos_Num": "4", "id": 147282}, "data_high": {"Stat_Nam": "UTTAR PRADESH", "Vil_Nam": "Har Chandpur", "Dis_Doc_Tot_Stren_Num": "1", "Dis_Doc_In_Pos_Num": "4", "id": 147282}, "perc": 0.00016058452768075794, "metric": 99.99983641487705, "value_global_local": {}, "partition_field": null, "Vil_Nam": "Har Chandpur", "Stat_Nam": "UTTAR PRADESH"}, {"data": [["Dis_Doc_In_Pos_Num", 5.0], ["Dis_Doc_Tot_Stren_Num", 1.0], 5.0], "data_low": {"Stat_Nam": "UTTAR PRADESH", "Vil_Nam": "Garhia Gosain", "Dis_Doc_Tot_Stren_Num": "1", "Dis_Doc_In_Pos_Num": "5", "id": 147288}, "data_high": {"Stat_Nam": "UTTAR PRADESH", "Vil_Nam": "Garhia Gosain", "Dis_Doc_Tot_Stren_Num": "1", "Dis_Doc_In_Pos_Num": "5", "id": 147288}, "perc": 0.0008029226384037898, "metric": 99.9991930765936, "value_global_local": {}, "partition_field": null, "Vil_Nam": "Garhia Gosain", "Stat_Nam": "UTTAR PRADESH"}, {"data": [["Dis_Doc_In_Pos_Num", 1.0], ["Dis_Doc_Tot_Stren_Num", 0.0], 9999], "data_low": {"Stat_Nam": "HIMACHAL PRADESH", "Vil_Nam": "Padwahan (568)", "Dis_Doc_Tot_Stren_Num": "0", "Dis_Doc_In_Pos_Num": "1", "id": 13007}, "data_high": {"Stat_Nam": "HIMACHAL PRADESH", "Vil_Nam": "Dhaniari (45)", "Dis_Doc_Tot_Stren_Num": "0", "Dis_Doc_In_Pos_Num": "2", "id": 14383}, "perc": 0.002569352442892127, "metric": 99.98743090459237, "value_global_local": {}, "partition_field": null, "Vil_Nam": "Padwahan (568)", "Stat_Nam": "HIMACHAL PRADESH"}, {"data": [["Dis_Doc_In_Pos_Num", 0], ["Dis_Doc_Tot_Stren_Num", 0], 99980001], "data_low": {"Stat_Nam": "JAMMU & KASHMIR", "Vil_Nam": "Bore", "Dis_Doc_Tot_Stren_Num": "", "Dis_Doc_In_Pos_Num": "", "id": 0}, "data_high": {"Stat_Nam": "JAMMU & KASHMIR", "Vil_Nam": "Palmar", "Dis_Doc_Tot_Stren_Num": "Dis_st", "Dis_Doc_In_Pos_Num": "Dis_pos", "id": 4582}, "perc": 96.85270384198482, "metric": 9.68720772887218e-07, "value_global_local": {"null": {"global_perc": 0.9685270384198482, "local_perc": 1.0}}, "partition_field": "Dist_Other", "Vil_Nam": "Bore", "Stat_Nam": "JAMMU & KASHMIR"}]