[{"data": [["Prim_Heal_Sub_Cen_Doc_In_Pos_Num", 0], ["Prim_Heal_Sub_Cen_Doc_Tot_Stren_Num", 1.0], 0.0], "data_low": {"Stat_Nam": "JAMMU & KASHMIR", "Vil_Nam": "Kandoora", "Prim_Heal_Sub_Cen_Doc_Tot_Stren_Num": "1", "Prim_Heal_Sub_Cen_Doc_In_Pos_Num": "", "id": 492}, "data_high": {"Stat_Nam": "JAMMU & KASHMIR", "Vil_Nam": "Karshah", "Prim_Heal_Sub_Cen_Doc_Tot_Stren_Num": "1", "Prim_Heal_Sub_Cen_Doc_In_Pos_Num": "0", "id": 1065}, "perc": 1.0659600947448713, "metric": 98.93404089479344, "value_global_local": {"ANDAMAN & NICOBAR ISLANDS": {"global_perc": 0.009009009009009009, "local_perc": 0.0007532389273877674}, "BIHAR": {"global_perc": 0.0188527878058564, "local_perc": 0.12744802651401024}, "HIMACHAL PRADESH": {"global_perc": 0.01623972933784437, "local_perc": 0.05061765592045797}, "JAMMU & KASHMIR": {"global_perc": 0.003052037234854265, "local_perc": 0.0030129557095510697}, "JHARKHAND": {"global_perc": 0.11934308822621473, "local_perc": 0.5824043386562218}, "KERALA": {"global_perc": 0.021611001964636542, "local_perc": 0.0033142512805061767}, "MADHYA PRADESH": {"global_perc": 0.011456568857803762, "local_perc": 0.09475745706538113}, "MANIPUR": {"global_perc": 0.0027121270825261525, "local_perc": 0.0010545344983428743}, "MIZORAM": {"global_perc": 0.01325301204819277, "local_perc": 0.0016571256402530884}, "NAGALAND": {"global_perc": 0.0021008403361344537, "local_perc": 0.00045194335643266047}, "TRIPURA": {"global_perc": 0.006857142857142857, "local_perc": 0.0009038867128653209}, "UTTAR PRADESH": {"global_perc": 0.0023226628205368347, "local_perc": 0.037360650798433266}, "West Bengal": {"global_perc": 0.015888408175443833, "local_perc": 0.09626393492015667}}, "partition_field": "Stat_Nam", "Vil_Nam": "Kandoora", "Stat_Nam": "JAMMU & KASHMIR"}, {"data": [["Prim_Heal_Sub_Cen_Doc_In_Pos_Num", 1.0], ["Prim_Heal_Sub_Cen_Doc_Tot_Stren_Num", 8.0], 0.125], "data_low": {"Stat_Nam": "Punjab", "Vil_Nam": "Alamgir (218)", "Prim_Heal_Sub_Cen_Doc_Tot_Stren_Num": "8", "Prim_Heal_Sub_Cen_Doc_In_Pos_Num": "1", "id": 29153}, "data_high": {"Stat_Nam": "Punjab", "Vil_Nam": "Alamgir (218)", "Prim_Heal_Sub_Cen_Doc_Tot_Stren_Num": "8", "Prim_Heal_Sub_Cen_Doc_In_Pos_Num": "1", "id": 29153}, "perc": 0.0017664298044883376, "metric": 99.99823444535507, "value_global_local": {}, "partition_field": null, "Vil_Nam": "Alamgir (218)", "Stat_Nam": "Punjab"}, {"data": [["Prim_Heal_Sub_Cen_Doc_In_Pos_Num", 1.0], ["Prim_Heal_Sub_Cen_Doc_Tot_Stren_Num", 4.0], 0.25], "data_low": {"Stat_Nam": "Punjab", "Vil_Nam": "Panjgrain (154)", "Prim_Heal_Sub_Cen_Doc_Tot_Stren_Num": "4", "Prim_Heal_Sub_Cen_Doc_In_Pos_Num": "1", "id": 28522}, "data_high": {"Stat_Nam": "TRIPURA", "Vil_Nam": "Jolaibari", "Prim_Heal_Sub_Cen_Doc_Tot_Stren_Num": "8", "Prim_Heal_Sub_Cen_Doc_In_Pos_Num": "2", "id": 271244}, "perc": 0.017824882572564135, "metric": 99.98217586744374, "value_global_local": {"ASSAM": {"global_perc": 0.00011365788975184695, "local_perc": 0.02702702702702703}, "BIHAR": {"global_perc": 0.0004902616214288898, "local_perc": 0.1981981981981982}, "JAMMU & KASHMIR": {"global_perc": 0.000610407446970853, "local_perc": 0.036036036036036036}, "KERALA": {"global_perc": 0.0009823182711198428, "local_perc": 0.009009009009009009}, "MADHYA PRADESH": {"global_perc": 0.0009289109884705754, "local_perc": 0.4594594594594595}, "MANIPUR": {"global_perc": 0.002324680356450988, "local_perc": 0.05405405405405406}, "Punjab": {"global_perc": 0.00047690962562594387, "local_perc": 0.05405405405405406}, "TRIPURA": {"global_perc": 0.004571428571428572, "local_perc": 0.036036036036036036}, "UTTAR PRADESH": {"global_perc": 9.365575889261431e-06, "local_perc": 0.009009009009009009}, "UTTARAKHAND": {"global_perc": 0.0004763889715953076, "local_perc": 0.07207207207207207}, "West Bengal": {"global_perc": 0.00012432244268735393, "local_perc": 0.04504504504504504}}, "partition_field": "Stat_Nam", "Vil_Nam": "Panjgrain (154)", "Stat_Nam": "Punjab"}, {"data": [["Prim_Heal_Sub_Cen_Doc_In_Pos_Num", 2.0], ["Prim_Heal_Sub_Cen_Doc_Tot_Stren_Num", 5.0], 0.4], "data_low": {"Stat_Nam": "JAMMU & KASHMIR", "Vil_Nam": "Har Duing", "Prim_Heal_Sub_Cen_Doc_Tot_Stren_Num": "2", "Prim_Heal_Sub_Cen_Doc_In_Pos_Num": "1", "id": 8}, "data_high": {"Stat_Nam": "Punjab", "Vil_Nam": "Saron (27)", "Prim_Heal_Sub_Cen_Doc_Tot_Stren_Num": "7", "Prim_Heal_Sub_Cen_Doc_In_Pos_Num": "3", "id": 39491}, "perc": 0.5464691476976193, "metric": 99.45353144914293, "value_global_local": {"ASSAM": {"global_perc": 0.08952453116120478, "local_perc": 0.6943873053188363}, "BIHAR": {"global_perc": 0.007086508891563043, "local_perc": 0.0934469585659712}, "JAMMU & KASHMIR": {"global_perc": 0.008545704257591942, "local_perc": 0.016456068175139584}, "JHARKHAND": {"global_perc": 3.086991418163858e-05, "local_perc": 0.0002938583602703497}, "KERALA": {"global_perc": 0.005893909626719057, "local_perc": 0.001763150161622098}, "MADHYA PRADESH": {"global_perc": 0.0058831029269803105, "local_perc": 0.09491625036732294}, "MANIPUR": {"global_perc": 0.012010848508330105, "local_perc": 0.00910960916838084}, "NAGALAND": {"global_perc": 0.0007002801120448179, "local_perc": 0.0002938583602703497}, "Punjab": {"global_perc": 0.0015102138144821556, "local_perc": 0.005583308845136644}, "TRIPURA": {"global_perc": 0.08914285714285715, "local_perc": 0.022920952101087275}, "UTTAR PRADESH": {"global_perc": 0.0006930526158053458, "local_perc": 0.021745518660005878}, "UTTARAKHAND": {"global_perc": 0.003096528315369499, "local_perc": 0.015280634734058184}, "West Bengal": {"global_perc": 0.0020140235715351337, "local_perc": 0.023802527181898327}}, "partition_field": "Stat_Nam", "Vil_Nam": "Tallai", "Stat_Nam": "UTTARAKHAND"}, {"data": [["Prim_Heal_Sub_Cen_Doc_In_Pos_Num", 5.0], ["Prim_Heal_Sub_Cen_Doc_Tot_Stren_Num", 9.0], 0.5555555555555556], "data_low": {"Stat_Nam": "UTTARAKHAND", "Vil_Nam": "Phadkandae", "Prim_Heal_Sub_Cen_Doc_Tot_Stren_Num": "5", "Prim_Heal_Sub_Cen_Doc_In_Pos_Num": "3", "id": 46753}, "data_high": {"Stat_Nam": "UTTAR PRADESH", "Vil_Nam": "Sarai Chhabila", "Prim_Heal_Sub_Cen_Doc_Tot_Stren_Num": "9", "Prim_Heal_Sub_Cen_Doc_In_Pos_Num": "5", "id": 120015}, "perc": 0.0030511060259344014, "metric": 99.99694933849385, "value_global_local": {}, "partition_field": null, "Vil_Nam": "Sarai Chhabila", "Stat_Nam": "UTTAR PRADESH"}, {"data": [["Prim_Heal_Sub_Cen_Doc_In_Pos_Num", 2.0], ["Prim_Heal_Sub_Cen_Doc_Tot_Stren_Num", 3.0], 0.6666666666666666], "data_low": {"Stat_Nam": "JAMMU & KASHMIR", "Vil_Nam": "Aloosa", "Prim_Heal_Sub_Cen_Doc_Tot_Stren_Num": "3", "Prim_Heal_Sub_Cen_Doc_In_Pos_Num": "2", "id": 91}, "data_high": {"Stat_Nam": "UTTAR PRADESH", "Vil_Nam": "Chaudharpur", "Prim_Heal_Sub_Cen_Doc_Tot_Stren_Num": "7", "Prim_Heal_Sub_Cen_Doc_In_Pos_Num": "5", "id": 117491}, "perc": 0.030350475731663253, "metric": 99.96964985756715, "value_global_local": {"ASSAM": {"global_perc": 0.00011365788975184695, "local_perc": 0.015873015873015872}, "BIHAR": {"global_perc": 0.000178276953246869, "local_perc": 0.042328042328042326}, "JAMMU & KASHMIR": {"global_perc": 0.004120250267053258, "local_perc": 0.14285714285714285}, "KERALA": {"global_perc": 0.005893909626719057, "local_perc": 0.031746031746031744}, "MADHYA PRADESH": {"global_perc": 0.0007103436970657341, "local_perc": 0.20634920634920634}, "MANIPUR": {"global_perc": 0.0038744672607516468, "local_perc": 0.05291005291005291}, "Punjab": {"global_perc": 0.0003179397504172959, "local_perc": 0.021164021164021163}, "TRIPURA": {"global_perc": 0.03428571428571429, "local_perc": 0.15873015873015872}, "UTTAR PRADESH": {"global_perc": 0.0001779459418959672, "local_perc": 0.10052910052910052}, "UTTARAKHAND": {"global_perc": 0.001846007264931817, "local_perc": 0.164021164021164}, "West Bengal": {"global_perc": 0.0002983738624496494, "local_perc": 0.06349206349206349}}, "partition_field": "Stat_Nam", "Vil_Nam": "Aloosa", "Stat_Nam": "JAMMU & KASHMIR"}, {"data": [["Prim_Heal_Sub_Cen_Doc_In_Pos_Num", 7.0], ["Prim_Heal_Sub_Cen_Doc_Tot_Stren_Num", 9.0], 0.7777777777777778], "data_low": {"Stat_Nam": "UTTARAKHAND", "Vil_Nam": "Maithana", "Prim_Heal_Sub_Cen_Doc_Tot_Stren_Num": "5", "Prim_Heal_Sub_Cen_Doc_In_Pos_Num": "4", "id": 46554}, "data_high": {"Stat_Nam": "BIHAR", "Vil_Nam": "Deoria", "Prim_Heal_Sub_Cen_Doc_Tot_Stren_Num": "9", "Prim_Heal_Sub_Cen_Doc_In_Pos_Num": "7", "id": 227238}, "perc": 0.002087598859849853, "metric": 99.99791262340219, "value_global_local": {}, "partition_field": null, "Vil_Nam": "Deoria", "Stat_Nam": "BIHAR"}, {"data": [["Prim_Heal_Sub_Cen_Doc_In_Pos_Num", 1.0], ["Prim_Heal_Sub_Cen_Doc_Tot_Stren_Num", 1.0], 1.0], "data_low": {"Stat_Nam": "JAMMU & KASHMIR", "Vil_Nam": "Chunti Wari", "Prim_Heal_Sub_Cen_Doc_Tot_Stren_Num": "1", "Prim_Heal_Sub_Cen_Doc_In_Pos_Num": "1", "id": 9}, "data_high": {"Stat_Nam": "MADHYA PRADESH", "Vil_Nam": "Dugriya", "Prim_Heal_Sub_Cen_Doc_Tot_Stren_Num": "8", "Prim_Heal_Sub_Cen_Doc_In_Pos_Num": "8", "id": 492075}, "perc": 2.6165642940302702, "metric": 97.38343570596973, "value_global_local": {"ANDAMAN & NICOBAR ISLANDS": {"global_perc": 0.009009009009009009, "local_perc": 0.00030686142138210387}, "ASSAM": {"global_perc": 0.03197575298351961, "local_perc": 0.05179820792929913}, "Arunachal Pradesh": {"global_perc": 0.08427267847557703, "local_perc": 0.02890634589419418}, "BIHAR": {"global_perc": 0.10915006462539555, "local_perc": 0.3006014483859089}, "CHANDIGARH": {"global_perc": 0.8, "local_perc": 0.0002454891371056831}, "GOA": {"global_perc": 0.3562874251497006, "local_perc": 0.007303301828894071}, "HIMACHAL PRADESH": {"global_perc": 0.03170613823102948, "local_perc": 0.040260218485332025}, "JAMMU & KASHMIR": {"global_perc": 0.08728826491683199, "local_perc": 0.03510494660611268}, "JHARKHAND": {"global_perc": 0.0001234796567265543, "local_perc": 0.0002454891371056831}, "KERALA": {"global_perc": 0.5058939096267191, "local_perc": 0.0316067264023567}, "LAKSHADWEEP": {"global_perc": 0.047619047619047616, "local_perc": 6.137228427642077e-05}, "MADHYA PRADESH": {"global_perc": 0.07538750159371983, "local_perc": 0.25401988462010555}, "MANIPUR": {"global_perc": 0.09259976753196436, "local_perc": 0.014667975942064563}, "MIZORAM": {"global_perc": 0.01927710843373494, "local_perc": 0.0009819565484227323}, "NAGALAND": {"global_perc": 0.0063025210084033615, "local_perc": 0.0005523505584877869}, "NCT OF DELHI": {"global_perc": 0.05357142857142857, "local_perc": 0.0003682337056585246}, "PUDUCHERRY": {"global_perc": 0.08888888888888889, "local_perc": 0.0004909782742113662}, "Punjab": {"global_perc": 0.09816389794134012, "local_perc": 0.07579477108137965}, "SIKKIM": {"global_perc": 0.0022172949002217295, "local_perc": 6.137228427642077e-05}, "TRIPURA": {"global_perc": 0.19428571428571428, "local_perc": 0.01043328832699153}, "UTTAR PRADESH": {"global_perc": 0.013458332552868676, "local_perc": 0.08819197250521664}, "UTTARAKHAND": {"global_perc": 0.0007145834573929614, "local_perc": 0.0007364674113170492}, "West Bengal": {"global_perc": 0.02319856780546024, "local_perc": 0.05726034122990058}}, "partition_field": "Stat_Nam", "Vil_Nam": "Chunti Wari", "Stat_Nam": "JAMMU & KASHMIR"}, {"data": [["Prim_Heal_Sub_Cen_Doc_In_Pos_Num", 5.0], ["Prim_Heal_Sub_Cen_Doc_Tot_Stren_Num", 4.0], 1.25], "data_low": {"Stat_Nam": "UTTAR PRADESH", "Vil_Nam": "Majhawara", "Prim_Heal_Sub_Cen_Doc_Tot_Stren_Num": "3", "Prim_Heal_Sub_Cen_Doc_In_Pos_Num": "4", "id": 195357}, "data_high": {"Stat_Nam": "TRIPURA", "Vil_Nam": "Uttar Machmara", "Prim_Heal_Sub_Cen_Doc_Tot_Stren_Num": "4", "Prim_Heal_Sub_Cen_Doc_In_Pos_Num": "5", "id": 271588}, "perc": 0.0011240916937653056, "metric": 99.99887565825904, "value_global_local": {}, "partition_field": null, "Vil_Nam": "Uttar Machmara", "Stat_Nam": "TRIPURA"}, {"data": [["Prim_Heal_Sub_Cen_Doc_In_Pos_Num", 3.0], ["Prim_Heal_Sub_Cen_Doc_Tot_Stren_Num", 2.0], 1.5], "data_low": {"Stat_Nam": "JAMMU & KASHMIR", "Vil_Nam": "Krewa Rampur", "Prim_Heal_Sub_Cen_Doc_Tot_Stren_Num": "2", "Prim_Heal_Sub_Cen_Doc_In_Pos_Num": "3", "id": 3623}, "data_high": {"Stat_Nam": "JAMMU & KASHMIR", "Vil_Nam": "Krewa Rampur", "Prim_Heal_Sub_Cen_Doc_Tot_Stren_Num": "2", "Prim_Heal_Sub_Cen_Doc_In_Pos_Num": "3", "id": 3623}, "perc": 0.0024087679152113694, "metric": 99.99759073199682, "value_global_local": {}, "partition_field": null, "Vil_Nam": "Krewa Rampur", "Stat_Nam": "JAMMU & KASHMIR"}, {"data": [["Prim_Heal_Sub_Cen_Doc_In_Pos_Num", 2.0], ["Prim_Heal_Sub_Cen_Doc_Tot_Stren_Num", 1.0], 2.0], "data_low": {"Stat_Nam": "JAMMU & KASHMIR", "Vil_Nam": "Lal Pora (Chatdam)", "Prim_Heal_Sub_Cen_Doc_Tot_Stren_Num": "1", "Prim_Heal_Sub_Cen_Doc_In_Pos_Num": "2", "id": 2926}, "data_high": {"Stat_Nam": "TRIPURA", "Vil_Nam": "Manik Bhandar", "Prim_Heal_Sub_Cen_Doc_Tot_Stren_Num": "2", "Prim_Heal_Sub_Cen_Doc_In_Pos_Num": "4", "id": 271352}, "perc": 0.00947448713316472, "metric": 99.99052451276157, "value_global_local": {"Arunachal Pradesh": {"global_perc": 0.0001789228842368939, "local_perc": 0.01694915254237288}, "JAMMU & KASHMIR": {"global_perc": 0.001220814893941706, "local_perc": 0.13559322033898305}, "MADHYA PRADESH": {"global_perc": 0.00040070670090887567, "local_perc": 0.3728813559322034}, "MANIPUR": {"global_perc": 0.001162340178225494, "local_perc": 0.05084745762711865}, "TRIPURA": {"global_perc": 0.018285714285714287, "local_perc": 0.2711864406779661}, "UTTAR PRADESH": {"global_perc": 8.429018300335288e-05, "local_perc": 0.15254237288135594}}, "partition_field": "Stat_Nam", "Vil_Nam": "Lal Pora (Chatdam)", "Stat_Nam": "JAMMU & KASHMIR"}, {"data": [["Prim_Heal_Sub_Cen_Doc_In_Pos_Num", 3.0], ["Prim_Heal_Sub_Cen_Doc_Tot_Stren_Num", 1.0], 3.0], "data_low": {"Stat_Nam": "UTTAR PRADESH", "Vil_Nam": "Noorpur Arab", "Prim_Heal_Sub_Cen_Doc_Tot_Stren_Num": "1", "Prim_Heal_Sub_Cen_Doc_In_Pos_Num": "3", "id": 111964}, "data_high": {"Stat_Nam": "UTTAR PRADESH", "Vil_Nam": "Noorpur Arab", "Prim_Heal_Sub_Cen_Doc_Tot_Stren_Num": "1", "Prim_Heal_Sub_Cen_Doc_In_Pos_Num": "3", "id": 111964}, "perc": 0.002087598859849853, "metric": 99.99791040078186, "value_global_local": {}, "partition_field": null, "Vil_Nam": "Noorpur Arab", "Stat_Nam": "UTTAR PRADESH"}, {"data": [["Prim_Heal_Sub_Cen_Doc_In_Pos_Num", 4.0], ["Prim_Heal_Sub_Cen_Doc_Tot_Stren_Num", 1.0], 4.0], "data_low": {"Stat_Nam": "TRIPURA", "Vil_Nam": "Khedachhara", "Prim_Heal_Sub_Cen_Doc_Tot_Stren_Num": "1", "Prim_Heal_Sub_Cen_Doc_In_Pos_Num": "4", "id": 271573}, "data_high": {"Stat_Nam": "TRIPURA", "Vil_Nam": "Khedachhara", "Prim_Heal_Sub_Cen_Doc_Tot_Stren_Num": "1", "Prim_Heal_Sub_Cen_Doc_In_Pos_Num": "4", "id": 271573}, "perc": 0.0003211690553615159, "metric": 99.99967583035418, "value_global_local": {}, "partition_field": null, "Vil_Nam": "Khedachhara", "Stat_Nam": "TRIPURA"}, {"data": [["Prim_Heal_Sub_Cen_Doc_In_Pos_Num", 5.0], ["Prim_Heal_Sub_Cen_Doc_Tot_Stren_Num", 1.0], 5.0], "data_low": {"Stat_Nam": "MADHYA PRADESH", "Vil_Nam": "Nawegaon", "Prim_Heal_Sub_Cen_Doc_Tot_Stren_Num": "1", "Prim_Heal_Sub_Cen_Doc_In_Pos_Num": "5", "id": 495208}, "data_high": {"Stat_Nam": "MADHYA PRADESH", "Vil_Nam": "Nawegaon", "Prim_Heal_Sub_Cen_Doc_Tot_Stren_Num": "1", "Prim_Heal_Sub_Cen_Doc_In_Pos_Num": "5", "id": 495208}, "perc": 0.00016058452768075794, "metric": 99.99983541467863, "value_global_local": {}, "partition_field": null, "Vil_Nam": "Nawegaon", "Stat_Nam": "MADHYA PRADESH"}, {"data": [["Prim_Heal_Sub_Cen_Doc_In_Pos_Num", 21.0], ["Prim_Heal_Sub_Cen_Doc_Tot_Stren_Num", 1.0], 21.0], "data_low": {"Stat_Nam": "JAMMU & KASHMIR", "Vil_Nam": "Nagar", "Prim_Heal_Sub_Cen_Doc_Tot_Stren_Num": "1", "Prim_Heal_Sub_Cen_Doc_In_Pos_Num": "21", "id": 4436}, "data_high": {"Stat_Nam": "JAMMU & KASHMIR", "Vil_Nam": "Nagar", "Prim_Heal_Sub_Cen_Doc_Tot_Stren_Num": "1", "Prim_Heal_Sub_Cen_Doc_In_Pos_Num": "21", "id": 4436}, "perc": 0.00016058452768075794, "metric": 99.99981941150385, "value_global_local": {}, "partition_field": null, "Vil_Nam": "Nagar", "Stat_Nam": "JAMMU & KASHMIR"}, {"data": [["Prim_Heal_Sub_Cen_Doc_In_Pos_Num", 1.0], ["Prim_Heal_Sub_Cen_Doc_Tot_Stren_Num", 0], 9999], "data_low": {"Stat_Nam": "UTTAR PRADESH", "Vil_Nam": "Bahadarpur Sharfuddin Husain", "Prim_Heal_Sub_Cen_Doc_Tot_Stren_Num": "", "Prim_Heal_Sub_Cen_Doc_In_Pos_Num": "1", "id": 111160}, "data_high": {"Stat_Nam": "West Bengal", "Vil_Nam": "Shyamnagar", "Prim_Heal_Sub_Cen_Doc_Tot_Stren_Num": "0", "Prim_Heal_Sub_Cen_Doc_In_Pos_Num": "8", "id": 334959}, "perc": 0.02135774218154081, "metric": 99.96864439369268, "value_global_local": {"MADHYA PRADESH": {"global_perc": 3.642788190080688e-05, "local_perc": 0.015037593984962405}, "UTTAR PRADESH": {"global_perc": 0.0003558918837919344, "local_perc": 0.2857142857142857}, "West Bengal": {"global_perc": 0.002312397433984783, "local_perc": 0.6992481203007519}}, "partition_field": "Stat_Nam", "Vil_Nam": "Bahadarpur Sharfuddin Husain", "Stat_Nam": "UTTAR PRADESH"}, {"data": [["Prim_Heal_Sub_Cen_Doc_In_Pos_Num", 0], ["Prim_Heal_Sub_Cen_Doc_Tot_Stren_Num", 0], 99980001], "data_low": {"Stat_Nam": "JAMMU & KASHMIR", "Vil_Nam": "Bore", "Prim_Heal_Sub_Cen_Doc_Tot_Stren_Num": "", "Prim_Heal_Sub_Cen_Doc_In_Pos_Num": "", "id": 0}, "data_high": {"Stat_Nam": "JAMMU & KASHMIR", "Vil_Nam": "Palmar", "Prim_Heal_Sub_Cen_Doc_Tot_Stren_Num": "Phsc_st", "Prim_Heal_Sub_Cen_Doc_In_Pos_Num": "Phsc_pos", "id": 4582}, "perc": 95.67883094463848, "metric": 9.56979695815751e-07, "value_global_local": {"": {"global_perc": 1.0, "local_perc": 3.3567410072908417e-06}, "ANDAMAN & NICOBAR ISLANDS": {"global_perc": 0.9819819819819819, "local_perc": 0.0009147119244867543}, "ANDHRA PRADESH": {"global_perc": 1.0, "local_perc": 0.046658700001342694}, "ASSAM": {"global_perc": 0.8782724000757719, "local_perc": 0.03890798501550814}, "Arunachal Pradesh": {"global_perc": 0.9155483986401861, "local_perc": 0.008588221867153618}, "BIHAR": {"global_perc": 0.8639969692917948, "local_perc": 0.0650721027968366}, "CHANDIGARH": {"global_perc": 0.2, "local_perc": 1.6783705036454208e-06}, "CHHATTISGARH": {"global_perc": 1.0, "local_perc": 0.033778884756367734}, "DAMAN & DIU": {"global_perc": 1.0, "local_perc": 3.188903956926299e-05}, "Dadra & Nagar Haveli": {"global_perc": 1.0, "local_perc": 0.00010909408273695235}, "GOA": {"global_perc": 0.6347305389221557, "local_perc": 0.0003558145467728292}, "HARYANA": {"global_perc": 1.0, "local_perc": 0.011481732615438323}, "HIMACHAL PRADESH": {"global_perc": 0.9520541324311261, "local_perc": 0.0330605421808075}, "JAMMU & KASHMIR": {"global_perc": 0.8948573172592705, "local_perc": 0.009841964633376747}, "JHARKHAND": {"global_perc": 0.880502562202877, "local_perc": 0.04787216187547834}, "KARNATAKA": {"global_perc": 1.0, "local_perc": 0.04924339057695665}, "KERALA": {"global_perc": 0.45972495088408644, "local_perc": 0.0007854773957060569}, "LAKSHADWEEP": {"global_perc": 0.9523809523809523, "local_perc": 3.3567410072908416e-05}, "MADHYA PRADESH": {"global_perc": 0.9049596561207949, "local_perc": 0.08338983847362273}, "MANIPUR": {"global_perc": 0.8853157690817512, "local_perc": 0.0038350766008297863}, "MIZORAM": {"global_perc": 0.9674698795180723, "local_perc": 0.001347731514427273}, "Maharashtra": {"global_perc": 1.0, "local_perc": 0.07328604804167729}, "Meghalaya": {"global_perc": 1.0, "local_perc": 0.011478375874431032}, "NAGALAND": {"global_perc": 0.9908963585434174, "local_perc": 0.0023748942626582704}, "NCT OF DELHI": {"global_perc": 0.9464285714285714, "local_perc": 0.0001779072733864146}, "ODISHA": {"global_perc": 1.0, "local_perc": 0.08612222565355747}, "PUDUCHERRY": {"global_perc": 0.9111111111111111, "local_perc": 0.0001376263812989245}, "Punjab": {"global_perc": 0.8992925840553215, "local_perc": 0.01898908387824429}, "RAJASTHAN": {"global_perc": 1.0, "local_perc": 0.07497616713884823}, "SIKKIM": {"global_perc": 0.9977827050997783, "local_perc": 0.0007552667266404393}, "TRIPURA": {"global_perc": 0.624, "local_perc": 0.0009163902949903997}, "Tamil Nadu": {"global_perc": 1.0, "local_perc": 0.026818682277750177}, "UTTAR PRADESH": {"global_perc": 0.9828141682432052, "local_perc": 0.1761265222820468}, "UTTARAKHAND": {"global_perc": 0.9932114571547669, "local_perc": 0.027993541630301974}, "West Bengal": {"global_perc": 0.9560395842657516, "local_perc": 0.06453334586516643}}, "partition_field": "Stat_Nam", "Vil_Nam": "Bore", "Stat_Nam": "JAMMU & KASHMIR"}]