[{"data": [["TB_Clin_Doc_In_Pos_Num", 0.0], ["TB_Clin_Par_Med_Par_Med_Staf_In_Pos_Num", 1.0], 0.0], "data_low": {"Stat_Nam": "UTTAR PRADESH", "Vil_Nam": "Bahrawani", "TB_Clin_Doc_In_Pos_Num": "", "TB_Clin_Par_Med_Par_Med_Staf_In_Pos_Num": "2", "id": 152219}, "data_high": {"Stat_Nam": "PUDUCHERRY", "Vil_Nam": "Arugur", "TB_Clin_Doc_In_Pos_Num": "1", "TB_Clin_Par_Med_Par_Med_Staf_In_Pos_Num": "15", "id": 622112}, "perc": 0.126058854229395, "metric": 99.8739421447098, "value_global_local": {"ANDAMAN & NICOBAR ISLANDS": {"global_perc": 0.007207207207207207, "local_perc": 0.005095541401273885}, "Arunachal Pradesh": {"global_perc": 0.0001789228842368939, "local_perc": 0.0012738853503184713}, "BIHAR": {"global_perc": 0.00956010161786335, "local_perc": 0.5464968152866242}, "CHHATTISGARH": {"global_perc": 0.0004471827486832952, "local_perc": 0.011464968152866241}, "HARYANA": {"global_perc": 0.003654436485893875, "local_perc": 0.03184713375796178}, "JHARKHAND": {"global_perc": 0.0005247885410878558, "local_perc": 0.02165605095541401}, "KARNATAKA": {"global_perc": 0.00027266530334015, "local_perc": 0.01019108280254777}, "KERALA": {"global_perc": 0.003929273084479371, "local_perc": 0.005095541401273885}, "MADHYA PRADESH": {"global_perc": 9.106970475201719e-05, "local_perc": 0.006369426751592357}, "MIZORAM": {"global_perc": 0.0024096385542168677, "local_perc": 0.0025477707006369425}, "NAGALAND": {"global_perc": 0.0014005602240896359, "local_perc": 0.0025477707006369425}, "PUDUCHERRY": {"global_perc": 0.03333333333333333, "local_perc": 0.003821656050955414}, "RAJASTHAN": {"global_perc": 0.0006267908309455588, "local_perc": 0.035668789808917196}, "SIKKIM": {"global_perc": 0.0022172949002217295, "local_perc": 0.0012738853503184713}, "TRIPURA": {"global_perc": 0.006857142857142857, "local_perc": 0.007643312101910828}, "UTTAR PRADESH": {"global_perc": 9.36557588926143e-05, "local_perc": 0.012738853503184714}, "West Bengal": {"global_perc": 0.005743696852155751, "local_perc": 0.29426751592356687}}, "partition_field": "Stat_Nam", "Vil_Nam": "Shahzadpur (58)", "Stat_Nam": "HARYANA"}, {"data": [["TB_Clin_Doc_In_Pos_Num", 2.0], ["TB_Clin_Par_Med_Par_Med_Staf_In_Pos_Num", 19.0], 0.10526315789473684], "data_low": {"Stat_Nam": "West Bengal", "Vil_Nam": "Iswarpur", "TB_Clin_Doc_In_Pos_Num": "1", "TB_Clin_Par_Med_Par_Med_Staf_In_Pos_Num": "9", "id": 315925}, "data_high": {"Stat_Nam": "West Bengal", "Vil_Nam": "Tentuldanga", "TB_Clin_Doc_In_Pos_Num": "5", "TB_Clin_Par_Med_Par_Med_Staf_In_Pos_Num": "30", "id": 335275}, "perc": 0.056365169215946045, "metric": 99.94363572519543, "value_global_local": {"ANDAMAN & NICOBAR ISLANDS": {"global_perc": 0.0018018018018018018, "local_perc": 0.002849002849002849}, "BIHAR": {"global_perc": 0.00028970004902616214, "local_perc": 0.037037037037037035}, "JAMMU & KASHMIR": {"global_perc": 0.00015260186174271325, "local_perc": 0.002849002849002849}, "KARNATAKA": {"global_perc": 0.01059986366734833, "local_perc": 0.886039886039886}, "KERALA": {"global_perc": 0.0029469548133595285, "local_perc": 0.008547008547008548}, "PUDUCHERRY": {"global_perc": 0.08888888888888889, "local_perc": 0.022792022792022793}, "Punjab": {"global_perc": 0.0003179397504172959, "local_perc": 0.011396011396011397}, "SIKKIM": {"global_perc": 0.008869179600886918, "local_perc": 0.011396011396011397}, "UTTARAKHAND": {"global_perc": 5.954862144941345e-05, "local_perc": 0.002849002849002849}, "West Bengal": {"global_perc": 0.00012432244268735393, "local_perc": 0.014245014245014245}}, "partition_field": "Stat_Nam", "Vil_Nam": "Nettapakkam", "Stat_Nam": "PUDUCHERRY"}, {"data": [["TB_Clin_Doc_In_Pos_Num", 6.0], ["TB_Clin_Par_Med_Par_Med_Staf_In_Pos_Num", 29.0], 0.20689655172413793], "data_low": {"Stat_Nam": "JAMMU & KASHMIR", "Vil_Nam": "Nihama", "TB_Clin_Doc_In_Pos_Num": "1", "TB_Clin_Par_Med_Par_Med_Staf_In_Pos_Num": "4", "id": 3998}, "data_high": {"Stat_Nam": "PUDUCHERRY", "Vil_Nam": "Thirunallar", "TB_Clin_Doc_In_Pos_Num": "7", "TB_Clin_Par_Med_Par_Med_Staf_In_Pos_Num": "24", "id": 622165}, "perc": 0.06824842426432214, "metric": 99.93175236845636, "value_global_local": {"ANDHRA PRADESH": {"global_perc": 3.597122302158273e-05, "local_perc": 0.002352941176470588}, "BIHAR": {"global_perc": 0.00046797700227303116, "local_perc": 0.04941176470588235}, "JAMMU & KASHMIR": {"global_perc": 0.00015260186174271325, "local_perc": 0.002352941176470588}, "KARNATAKA": {"global_perc": 0.01169052488070893, "local_perc": 0.8070588235294117}, "KERALA": {"global_perc": 0.0009823182711198428, "local_perc": 0.002352941176470588}, "MADHYA PRADESH": {"global_perc": 3.642788190080688e-05, "local_perc": 0.004705882352941176}, "ODISHA": {"global_perc": 0.00023385886617426383, "local_perc": 0.02823529411764706}, "PUDUCHERRY": {"global_perc": 0.1111111111111111, "local_perc": 0.023529411764705882}, "Punjab": {"global_perc": 7.948493760432397e-05, "local_perc": 0.002352941176470588}, "SIKKIM": {"global_perc": 0.0022172949002217295, "local_perc": 0.002352941176470588}, "TRIPURA": {"global_perc": 0.001142857142857143, "local_perc": 0.002352941176470588}, "Tamil Nadu": {"global_perc": 0.00018774641717253895, "local_perc": 0.007058823529411765}, "UTTAR PRADESH": {"global_perc": 0.00022477382134227433, "local_perc": 0.05647058823529412}, "West Bengal": {"global_perc": 9.945795414988313e-05, "local_perc": 0.009411764705882352}}, "partition_field": "Stat_Nam", "Vil_Nam": "Karikalampakkam", "Stat_Nam": "PUDUCHERRY"}, {"data": [["TB_Clin_Doc_In_Pos_Num", 6.0], ["TB_Clin_Par_Med_Par_Med_Staf_In_Pos_Num", 19.0], 0.3157894736842105], "data_low": {"Stat_Nam": "JAMMU & KASHMIR", "Vil_Nam": "Wangat", "TB_Clin_Doc_In_Pos_Num": "1", "TB_Clin_Par_Med_Par_Med_Staf_In_Pos_Num": "3", "id": 2856}, "data_high": {"Stat_Nam": "PUDUCHERRY", "Vil_Nam": "Mannadipet", "TB_Clin_Doc_In_Pos_Num": "6", "TB_Clin_Par_Med_Par_Med_Staf_In_Pos_Num": "19", "id": 622093}, "perc": 0.08029226384037898, "metric": 99.91970841995753, "value_global_local": {"ANDHRA PRADESH": {"global_perc": 7.194244604316547e-05, "local_perc": 0.004}, "Arunachal Pradesh": {"global_perc": 0.0001789228842368939, "local_perc": 0.002}, "BIHAR": {"global_perc": 0.0012256540535722244, "local_perc": 0.11}, "JAMMU & KASHMIR": {"global_perc": 0.0007630093087135663, "local_perc": 0.01}, "JHARKHAND": {"global_perc": 9.260974254491573e-05, "local_perc": 0.006}, "KARNATAKA": {"global_perc": 0.01196319018404908, "local_perc": 0.702}, "KERALA": {"global_perc": 0.004911591355599214, "local_perc": 0.01}, "MADHYA PRADESH": {"global_perc": 3.642788190080688e-05, "local_perc": 0.004}, "MANIPUR": {"global_perc": 0.0003874467260751647, "local_perc": 0.002}, "NAGALAND": {"global_perc": 0.0007002801120448179, "local_perc": 0.002}, "ODISHA": {"global_perc": 0.00013641767193498723, "local_perc": 0.014}, "PUDUCHERRY": {"global_perc": 0.044444444444444446, "local_perc": 0.008}, "Punjab": {"global_perc": 0.0003974246880216199, "local_perc": 0.01}, "SIKKIM": {"global_perc": 0.004434589800443459, "local_perc": 0.004}, "TRIPURA": {"global_perc": 0.001142857142857143, "local_perc": 0.002}, "Tamil Nadu": {"global_perc": 0.0014393891983227986, "local_perc": 0.046}, "UTTAR PRADESH": {"global_perc": 0.00010302133478187574, "local_perc": 0.022}, "UTTARAKHAND": {"global_perc": 0.00017864586434824034, "local_perc": 0.006}, "West Bengal": {"global_perc": 0.00044756079367447413, "local_perc": 0.036}}, "partition_field": "Stat_Nam", "Vil_Nam": "Mannadipet", "Stat_Nam": "PUDUCHERRY"}, {"data": [["TB_Clin_Doc_In_Pos_Num", 3.0], ["TB_Clin_Par_Med_Par_Med_Staf_In_Pos_Num", 7.0], 0.42857142857142855], "data_low": {"Stat_Nam": "JAMMU & KASHMIR", "Vil_Nam": "Halmat Pora", "TB_Clin_Doc_In_Pos_Num": "1", "TB_Clin_Par_Med_Par_Med_Staf_In_Pos_Num": "2", "id": 55}, "data_high": {"Stat_Nam": "PUDUCHERRY", "Vil_Nam": "Ramanathapuram", "TB_Clin_Doc_In_Pos_Num": "6", "TB_Clin_Par_Med_Par_Med_Staf_In_Pos_Num": "12", "id": 622107}, "perc": 0.3643662933076398, "metric": 99.63563427615273, "value_global_local": {"ASSAM": {"global_perc": 0.0006061754120098503, "local_perc": 0.007051564565888057}, "Arunachal Pradesh": {"global_perc": 0.0012524601896582574, "local_perc": 0.003085059497576025}, "BIHAR": {"global_perc": 0.004612916165262736, "local_perc": 0.09122961657117673}, "CHHATTISGARH": {"global_perc": 0.00039749577660737356, "local_perc": 0.0035257822829440283}, "HARYANA": {"global_perc": 0.000146177459435755, "local_perc": 0.00044072278536800354}, "JAMMU & KASHMIR": {"global_perc": 0.0027468335113688385, "local_perc": 0.007933010136624064}, "JHARKHAND": {"global_perc": 0.00018521948508983145, "local_perc": 0.002644336712208021}, "KARNATAKA": {"global_perc": 0.01387184730743013, "local_perc": 0.17937417364477742}, "KERALA": {"global_perc": 0.011787819253438114, "local_perc": 0.005288673424416042}, "MADHYA PRADESH": {"global_perc": 0.00025499517330564815, "local_perc": 0.00617011899515205}, "MANIPUR": {"global_perc": 0.0007748934521503294, "local_perc": 0.0008814455707360071}, "ODISHA": {"global_perc": 0.0010913413754798978, "local_perc": 0.0246804759806082}, "PUDUCHERRY": {"global_perc": 0.011111111111111112, "local_perc": 0.00044072278536800354}, "Punjab": {"global_perc": 0.0008743343136475638, "local_perc": 0.004847950639048039}, "RAJASTHAN": {"global_perc": 0.0016117478510028654, "local_perc": 0.031732040546496254}, "SIKKIM": {"global_perc": 0.015521064301552107, "local_perc": 0.003085059497576025}, "TRIPURA": {"global_perc": 0.0034285714285714284, "local_perc": 0.0013221683561040105}, "Tamil Nadu": {"global_perc": 0.0786031666562363, "local_perc": 0.5535478184222125}, "UTTAR PRADESH": {"global_perc": 0.001283083896828816, "local_perc": 0.060379021595416485}, "UTTARAKHAND": {"global_perc": 0.00041684035014589413, "local_perc": 0.003085059497576025}, "West Bengal": {"global_perc": 0.0005221542592868865, "local_perc": 0.009255178492728075}}, "partition_field": "Stat_Nam", "Vil_Nam": "Sindhnur (Rural)", "Stat_Nam": "KARNATAKA"}, {"data": [["TB_Clin_Doc_In_Pos_Num", 3.0], ["TB_Clin_Par_Med_Par_Med_Staf_In_Pos_Num", 5.0], 0.6], "data_low": {"Stat_Nam": "UTTARAKHAND", "Vil_Nam": "Rasulpur", "TB_Clin_Doc_In_Pos_Num": "2", "TB_Clin_Par_Med_Par_Med_Staf_In_Pos_Num": "3", "id": 44708}, "data_high": {"Stat_Nam": "West Bengal", "Vil_Nam": "Goalpota", "TB_Clin_Doc_In_Pos_Num": "9", "TB_Clin_Par_Med_Par_Med_Staf_In_Pos_Num": "13", "id": 330938}, "perc": 0.035489180617447505, "metric": 99.96451121932058, "value_global_local": {"BIHAR": {"global_perc": 0.0006462539555199001, "local_perc": 0.13122171945701358}, "JHARKHAND": {"global_perc": 0.0003704389701796629, "local_perc": 0.05429864253393665}, "KARNATAKA": {"global_perc": 0.001601908657123381, "local_perc": 0.21266968325791855}, "SIKKIM": {"global_perc": 0.0066518847006651885, "local_perc": 0.013574660633484163}, "Tamil Nadu": {"global_perc": 0.0074472745478440456, "local_perc": 0.5384615384615384}, "UTTAR PRADESH": {"global_perc": 4.682787944630715e-05, "local_perc": 0.02262443438914027}, "UTTARAKHAND": {"global_perc": 5.954862144941345e-05, "local_perc": 0.004524886877828055}, "West Bengal": {"global_perc": 0.00012432244268735393, "local_perc": 0.02262443438914027}}, "partition_field": "Stat_Nam", "Vil_Nam": "Ghagra", "Stat_Nam": "West Bengal"}, {"data": [["TB_Clin_Doc_In_Pos_Num", 6.0], ["TB_Clin_Par_Med_Par_Med_Staf_In_Pos_Num", 8.0], 0.75], "data_low": {"Stat_Nam": "KARNATAKA", "Vil_Nam": "Mukkall", "TB_Clin_Doc_In_Pos_Num": "3", "TB_Clin_Par_Med_Par_Med_Staf_In_Pos_Num": "4", "id": 580760}, "data_high": {"Stat_Nam": "West Bengal", "Vil_Nam": "Rangilabad", "TB_Clin_Doc_In_Pos_Num": "6", "TB_Clin_Par_Med_Par_Med_Staf_In_Pos_Num": "8", "id": 332170}, "perc": 0.0009635071660845478, "metric": 99.9990367428815, "value_global_local": {}, "partition_field": null, "Vil_Nam": "Rangilabad", "Stat_Nam": "West Bengal"}, {"data": [["TB_Clin_Doc_In_Pos_Num", 10.0], ["TB_Clin_Par_Med_Par_Med_Staf_In_Pos_Num", 11.0], 0.9090909090909091], "data_low": {"Stat_Nam": "JAMMU & KASHMIR", "Vil_Nam": "Dedi Koot", "TB_Clin_Doc_In_Pos_Num": "1", "TB_Clin_Par_Med_Par_Med_Staf_In_Pos_Num": "1", "id": 102}, "data_high": {"Stat_Nam": "Punjab", "Vil_Nam": "Tahliwala Bodla (229)", "TB_Clin_Doc_In_Pos_Num": "6", "TB_Clin_Par_Med_Par_Med_Staf_In_Pos_Num": "6", "id": 34868}, "perc": 0.7443092858003131, "metric": 99.2556908044502, "value_global_local": {"ASSAM": {"global_perc": 0.002765675317294942, "local_perc": 0.01574973031283711}, "BIHAR": {"global_perc": 0.022997726968846104, "local_perc": 0.2226537216828479}, "CHHATTISGARH": {"global_perc": 0.0010434264135943555, "local_perc": 0.004530744336569579}, "GOA": {"global_perc": 0.017964071856287425, "local_perc": 0.0012944983818770227}, "HARYANA": {"global_perc": 0.00029235491887151, "local_perc": 0.0004314994606256742}, "HIMACHAL PRADESH": {"global_perc": 0.0006766553890768487, "local_perc": 0.0030204962243797194}, "JAMMU & KASHMIR": {"global_perc": 0.0015260186174271325, "local_perc": 0.002157497303128371}, "JHARKHAND": {"global_perc": 0.005957893437056245, "local_perc": 0.041639697950377565}, "KARNATAKA": {"global_perc": 0.021301976823449215, "local_perc": 0.1348435814455232}, "KERALA": {"global_perc": 0.04420432220039293, "local_perc": 0.009708737864077669}, "MADHYA PRADESH": {"global_perc": 0.00030963699615685846, "local_perc": 0.003667745415318231}, "Maharashtra": {"global_perc": 0.04445207832360014, "local_perc": 0.41877022653721685}, "ODISHA": {"global_perc": 0.0038196948141796428, "local_perc": 0.042286947141316075}, "Punjab": {"global_perc": 0.017248231460138305, "local_perc": 0.04681769147788565}, "RAJASTHAN": {"global_perc": 0.0006939469914040115, "local_perc": 0.00668824163969795}, "SIKKIM": {"global_perc": 0.0066518847006651885, "local_perc": 0.0006472491909385113}, "TRIPURA": {"global_perc": 0.012571428571428572, "local_perc": 0.0023732470334412083}, "Tamil Nadu": {"global_perc": 0.00012516427811502597, "local_perc": 0.0004314994606256742}, "UTTAR PRADESH": {"global_perc": 0.0011894281379362017, "local_perc": 0.02740021574973031}, "UTTARAKHAND": {"global_perc": 0.0011314238075388556, "local_perc": 0.004099244875943905}, "West Bengal": {"global_perc": 0.0012432244268735391, "local_perc": 0.010787486515641856}}, "partition_field": "Stat_Nam", "Vil_Nam": "Debendrachandranagar (Part)", "Stat_Nam": "TRIPURA"}, {"data": [["TB_Clin_Doc_In_Pos_Num", 5.0], ["TB_Clin_Par_Med_Par_Med_Staf_In_Pos_Num", 4.0], 1.25], "data_low": {"Stat_Nam": "Punjab", "Vil_Nam": "Gharuan (377)", "TB_Clin_Doc_In_Pos_Num": "4", "TB_Clin_Par_Med_Par_Med_Staf_In_Pos_Num": "3", "id": 38790}, "data_high": {"Stat_Nam": "JHARKHAND", "Vil_Nam": "Mahuatanr", "TB_Clin_Doc_In_Pos_Num": "5", "TB_Clin_Par_Med_Par_Med_Staf_In_Pos_Num": "4", "id": 360231}, "perc": 0.0027299369705728856, "metric": 99.99726981298626, "value_global_local": {}, "partition_field": null, "Vil_Nam": "Mahuatanr", "Stat_Nam": "JHARKHAND"}, {"data": [["TB_Clin_Doc_In_Pos_Num", 3.0], ["TB_Clin_Par_Med_Par_Med_Staf_In_Pos_Num", 2.0], 1.5], "data_low": {"Stat_Nam": "UTTARAKHAND", "Vil_Nam": "Anand Nagar", "TB_Clin_Doc_In_Pos_Num": "3", "TB_Clin_Par_Med_Par_Med_Staf_In_Pos_Num": "2", "id": 55011}, "data_high": {"Stat_Nam": "UTTARAKHAND", "Vil_Nam": "Anand Nagar", "TB_Clin_Doc_In_Pos_Num": "3", "TB_Clin_Par_Med_Par_Med_Staf_In_Pos_Num": "2", "id": 55011}, "perc": 0.0008029226384037898, "metric": 99.9991965772656, "value_global_local": {}, "partition_field": null, "Vil_Nam": "Anand Nagar", "Stat_Nam": "UTTARAKHAND"}, {"data": [["TB_Clin_Doc_In_Pos_Num", 2.0], ["TB_Clin_Par_Med_Par_Med_Staf_In_Pos_Num", 1.0], 2.0], "data_low": {"Stat_Nam": "Punjab", "Vil_Nam": "Ghogra (183)", "TB_Clin_Doc_In_Pos_Num": "2", "TB_Clin_Par_Med_Par_Med_Staf_In_Pos_Num": "1", "id": 30834}, "data_high": {"Stat_Nam": "UTTAR PRADESH", "Vil_Nam": "Kirtapur", "TB_Clin_Doc_In_Pos_Num": "4", "TB_Clin_Par_Med_Par_Med_Staf_In_Pos_Num": "2", "id": 140301}, "perc": 0.004335782247380465, "metric": 99.99566321759595, "value_global_local": {"BIHAR": {"global_perc": 6.685385746757588e-05, "local_perc": 0.1111111111111111}, "JHARKHAND": {"global_perc": 3.086991418163858e-05, "local_perc": 0.037037037037037035}, "MANIPUR": {"global_perc": 0.0003874467260751647, "local_perc": 0.037037037037037035}, "ODISHA": {"global_perc": 3.897647769571064e-05, "local_perc": 0.07407407407407407}, "Punjab": {"global_perc": 7.948493760432397e-05, "local_perc": 0.037037037037037035}, "TRIPURA": {"global_perc": 0.001142857142857143, "local_perc": 0.037037037037037035}, "UTTAR PRADESH": {"global_perc": 0.00010302133478187574, "local_perc": 0.4074074074074074}, "UTTARAKHAND": {"global_perc": 0.0001190972428988269, "local_perc": 0.07407407407407407}, "West Bengal": {"global_perc": 0.00012432244268735393, "local_perc": 0.18518518518518517}}, "partition_field": "Stat_Nam", "Vil_Nam": "Ghogra (183)", "Stat_Nam": "Punjab"}, {"data": [["TB_Clin_Doc_In_Pos_Num", 3.0], ["TB_Clin_Par_Med_Par_Med_Staf_In_Pos_Num", 1.0], 3.0], "data_low": {"Stat_Nam": "UTTAR PRADESH", "Vil_Nam": "Devghat", "TB_Clin_Doc_In_Pos_Num": "3", "TB_Clin_Par_Med_Par_Med_Staf_In_Pos_Num": "1", "id": 190276}, "data_high": {"Stat_Nam": "UTTAR PRADESH", "Vil_Nam": "Devghat", "TB_Clin_Doc_In_Pos_Num": "3", "TB_Clin_Par_Med_Par_Med_Staf_In_Pos_Num": "1", "id": 190276}, "perc": 0.0008029226384037898, "metric": 99.9991950769776, "value_global_local": {}, "partition_field": null, "Vil_Nam": "Devghat", "Stat_Nam": "UTTAR PRADESH"}, {"data": [["TB_Clin_Doc_In_Pos_Num", 4.0], ["TB_Clin_Par_Med_Par_Med_Staf_In_Pos_Num", 1.0], 4.0], "data_low": {"Stat_Nam": "UTTAR PRADESH", "Vil_Nam": "Bharthana", "TB_Clin_Doc_In_Pos_Num": "4", "TB_Clin_Par_Med_Par_Med_Staf_In_Pos_Num": "1", "id": 147007}, "data_high": {"Stat_Nam": "UTTAR PRADESH", "Vil_Nam": "Bharthana", "TB_Clin_Doc_In_Pos_Num": "4", "TB_Clin_Par_Med_Par_Med_Staf_In_Pos_Num": "1", "id": 147007}, "perc": 0.00016058452768075794, "metric": 99.99983641487705, "value_global_local": {}, "partition_field": null, "Vil_Nam": "Bharthana", "Stat_Nam": "UTTAR PRADESH"}, {"data": [["TB_Clin_Doc_In_Pos_Num", 10.0], ["TB_Clin_Par_Med_Par_Med_Staf_In_Pos_Num", 1.0], 10.0], "data_low": {"Stat_Nam": "UTTAR PRADESH", "Vil_Nam": "Mishrouli", "TB_Clin_Doc_In_Pos_Num": "10", "TB_Clin_Par_Med_Par_Med_Staf_In_Pos_Num": "1", "id": 190279}, "data_high": {"Stat_Nam": "UTTAR PRADESH", "Vil_Nam": "Mishrouli", "TB_Clin_Doc_In_Pos_Num": "10", "TB_Clin_Par_Med_Par_Med_Staf_In_Pos_Num": "1", "id": 190279}, "perc": 0.00016058452768075794, "metric": 99.99983041368651, "value_global_local": {}, "partition_field": null, "Vil_Nam": "Mishrouli", "Stat_Nam": "UTTAR PRADESH"}, {"data": [["TB_Clin_Doc_In_Pos_Num", 15.0], ["TB_Clin_Par_Med_Par_Med_Staf_In_Pos_Num", 1.0], 15.0], "data_low": {"Stat_Nam": "UTTAR PRADESH", "Vil_Nam": "Sakrapar", "TB_Clin_Doc_In_Pos_Num": "15", "TB_Clin_Par_Med_Par_Med_Staf_In_Pos_Num": "1", "id": 190278}, "data_high": {"Stat_Nam": "UTTAR PRADESH", "Vil_Nam": "Sakrapar", "TB_Clin_Doc_In_Pos_Num": "15", "TB_Clin_Par_Med_Par_Med_Staf_In_Pos_Num": "1", "id": 190278}, "perc": 0.00016058452768075794, "metric": 99.99982541269439, "value_global_local": {}, "partition_field": null, "Vil_Nam": "Sakrapar", "Stat_Nam": "UTTAR PRADESH"}, {"data": [["TB_Clin_Doc_In_Pos_Num", 1.0], ["TB_Clin_Par_Med_Par_Med_Staf_In_Pos_Num", 0.0], 9999], "data_low": {"Stat_Nam": "HIMACHAL PRADESH", "Vil_Nam": "Bharmour  (97)", "TB_Clin_Doc_In_Pos_Num": "1", "TB_Clin_Par_Med_Par_Med_Staf_In_Pos_Num": "0", "id": 8095}, "data_high": {"Stat_Nam": "UTTAR PRADESH", "Vil_Nam": "Bhawaneepur", "TB_Clin_Doc_In_Pos_Num": "6", "TB_Clin_Par_Med_Par_Med_Staf_In_Pos_Num": "0", "id": 141033}, "perc": 0.03709502589425509, "metric": 99.95290868370832, "value_global_local": {"BIHAR": {"global_perc": 6.685385746757588e-05, "local_perc": 0.012987012987012988}, "HIMACHAL PRADESH": {"global_perc": 4.833252779120348e-05, "local_perc": 0.004329004329004329}, "JHARKHAND": {"global_perc": 0.0007100080261776872, "local_perc": 0.09956709956709957}, "MADHYA PRADESH": {"global_perc": 9.106970475201719e-05, "local_perc": 0.021645021645021644}, "TRIPURA": {"global_perc": 0.001142857142857143, "local_perc": 0.004329004329004329}, "UTTAR PRADESH": {"global_perc": 0.0012549871691610317, "local_perc": 0.5800865800865801}, "West Bengal": {"global_perc": 0.0015913272663981301, "local_perc": 0.27705627705627706}}, "partition_field": "Stat_Nam", "Vil_Nam": "Bharmour  (97)", "Stat_Nam": "HIMACHAL PRADESH"}, {"data": [["TB_Clin_Doc_In_Pos_Num", 0], ["TB_Clin_Par_Med_Par_Med_Staf_In_Pos_Num", 0], 99980001], "data_low": {"Stat_Nam": "JAMMU & KASHMIR", "Vil_Nam": "Bore", "TB_Clin_Doc_In_Pos_Num": "", "TB_Clin_Par_Med_Par_Med_Staf_In_Pos_Num": "", "id": 0}, "data_high": {"Stat_Nam": "JAMMU & KASHMIR", "Vil_Nam": "Palmar", "TB_Clin_Doc_In_Pos_Num": "Tb_pos", "TB_Clin_Par_Med_Par_Med_Staf_In_Pos_Num": "Tb_ppos", "id": 4582}, "perc": 98.4776586775864, "metric": 9.849735716404565e-07, "value_global_local": {"null": {"global_perc": 0.9847765867758641, "local_perc": 1.0}}, "partition_field": "Dist_Other", "Vil_Nam": "Bore", "Stat_Nam": "JAMMU & KASHMIR"}]