[{"data": [["TB_Clin_Doc_In_Pos_Num", 0.0], ["TB_Clin_Par_Med_Par_Med_Staf_Tot_Stren_Num", 1.0], 0.0], "data_low": {"Stat_Nam": "UTTAR PRADESH", "Vil_Nam": "Bahrawani", "TB_Clin_Doc_In_Pos_Num": "", "TB_Clin_Par_Med_Par_Med_Staf_Tot_Stren_Num": "3", "id": 152219}, "data_high": {"Stat_Nam": "PUDUCHERRY", "Vil_Nam": "Arugur", "TB_Clin_Doc_In_Pos_Num": "1", "TB_Clin_Par_Med_Par_Med_Staf_Tot_Stren_Num": "15", "id": 622112}, "perc": 0.15833634429322735, "metric": 99.84166465432313, "value_global_local": {"ANDAMAN & NICOBAR ISLANDS": {"global_perc": 0.007207207207207207, "local_perc": 0.004056795131845842}, "Arunachal Pradesh": {"global_perc": 0.0001789228842368939, "local_perc": 0.0010141987829614604}, "BIHAR": {"global_perc": 0.00956010161786335, "local_perc": 0.43509127789046653}, "CHHATTISGARH": {"global_perc": 0.003726522905694127, "local_perc": 0.07606490872210954}, "HARYANA": {"global_perc": 0.003654436485893875, "local_perc": 0.02535496957403651}, "HIMACHAL PRADESH": {"global_perc": 4.833252779120348e-05, "local_perc": 0.0010141987829614604}, "JHARKHAND": {"global_perc": 0.002222633821077977, "local_perc": 0.07302231237322515}, "KARNATAKA": {"global_perc": 0.00027266530334015, "local_perc": 0.008113590263691683}, "KERALA": {"global_perc": 0.004911591355599214, "local_perc": 0.005070993914807302}, "MADHYA PRADESH": {"global_perc": 0.00010928364570242063, "local_perc": 0.006085192697768763}, "MIZORAM": {"global_perc": 0.0024096385542168677, "local_perc": 0.002028397565922921}, "NAGALAND": {"global_perc": 0.0014005602240896359, "local_perc": 0.002028397565922921}, "PUDUCHERRY": {"global_perc": 0.03333333333333333, "local_perc": 0.0030425963488843813}, "RAJASTHAN": {"global_perc": 0.0006267908309455588, "local_perc": 0.028397565922920892}, "SIKKIM": {"global_perc": 0.0066518847006651885, "local_perc": 0.0030425963488843813}, "TRIPURA": {"global_perc": 0.008, "local_perc": 0.007099391480730223}, "UTTAR PRADESH": {"global_perc": 0.00022477382134227433, "local_perc": 0.02434077079107505}, "UTTARAKHAND": {"global_perc": 5.954862144941345e-05, "local_perc": 0.0010141987829614604}, "West Bengal": {"global_perc": 0.007210701675866528, "local_perc": 0.29411764705882354}}, "partition_field": "Stat_Nam", "Vil_Nam": "Gohar (63)", "Stat_Nam": "HIMACHAL PRADESH"}, {"data": [["TB_Clin_Doc_In_Pos_Num", 2.0], ["TB_Clin_Par_Med_Par_Med_Staf_Tot_Stren_Num", 19.0], 0.10526315789473684], "data_low": {"Stat_Nam": "Punjab", "Vil_Nam": "Katani Kalan (212)", "TB_Clin_Doc_In_Pos_Num": "1", "TB_Clin_Par_Med_Par_Med_Staf_Tot_Stren_Num": "9", "id": 33180}, "data_high": {"Stat_Nam": "PUDUCHERRY", "Vil_Nam": "Karikalampakkam", "TB_Clin_Doc_In_Pos_Num": "6", "TB_Clin_Par_Med_Par_Med_Staf_Tot_Stren_Num": "39", "id": 622125}, "perc": 0.10277409771568509, "metric": 99.89722679628038, "value_global_local": {"ANDAMAN & NICOBAR ISLANDS": {"global_perc": 0.0018018018018018018, "local_perc": 0.0015625}, "BIHAR": {"global_perc": 0.00040112314480545525, "local_perc": 0.028125}, "JAMMU & KASHMIR": {"global_perc": 0.00015260186174271325, "local_perc": 0.0015625}, "KARNATAKA": {"global_perc": 0.01956373551465576, "local_perc": 0.896875}, "KERALA": {"global_perc": 0.0019646365422396855, "local_perc": 0.003125}, "ODISHA": {"global_perc": 0.00017539414963069788, "local_perc": 0.0140625}, "PUDUCHERRY": {"global_perc": 0.1111111111111111, "local_perc": 0.015625}, "Punjab": {"global_perc": 0.0003974246880216199, "local_perc": 0.0078125}, "SIKKIM": {"global_perc": 0.013303769401330377, "local_perc": 0.009375}, "UTTAR PRADESH": {"global_perc": 3.7462303557045726e-05, "local_perc": 0.00625}, "UTTARAKHAND": {"global_perc": 0.0001190972428988269, "local_perc": 0.003125}, "West Bengal": {"global_perc": 0.00019891590829976627, "local_perc": 0.0125}}, "partition_field": "Stat_Nam", "Vil_Nam": "Nettapakkam", "Stat_Nam": "PUDUCHERRY"}, {"data": [["TB_Clin_Doc_In_Pos_Num", 3.0], ["TB_Clin_Par_Med_Par_Med_Staf_Tot_Stren_Num", 14.0], 0.21428571428571427], "data_low": {"Stat_Nam": "JAMMU & KASHMIR", "Vil_Nam": "Gund -I-Hado", "TB_Clin_Doc_In_Pos_Num": "1", "TB_Clin_Par_Med_Par_Med_Staf_Tot_Stren_Num": "4", "id": 3450}, "data_high": {"Stat_Nam": "PUDUCHERRY", "Vil_Nam": "Thirunallar", "TB_Clin_Doc_In_Pos_Num": "7", "TB_Clin_Par_Med_Par_Med_Staf_Tot_Stren_Num": "24", "id": 622165}, "perc": 0.06487614918302621, "metric": 99.93512463617859, "value_global_local": {"ANDHRA PRADESH": {"global_perc": 0.0001079136690647482, "local_perc": 0.007425742574257425}, "BIHAR": {"global_perc": 0.0005125462405847484, "local_perc": 0.05693069306930693}, "JAMMU & KASHMIR": {"global_perc": 0.0003052037234854265, "local_perc": 0.0049504950495049506}, "KARNATAKA": {"global_perc": 0.010395364689843218, "local_perc": 0.754950495049505}, "KERALA": {"global_perc": 0.003929273084479371, "local_perc": 0.009900990099009901}, "MADHYA PRADESH": {"global_perc": 3.642788190080688e-05, "local_perc": 0.0049504950495049506}, "ODISHA": {"global_perc": 0.00013641767193498723, "local_perc": 0.017326732673267328}, "PUDUCHERRY": {"global_perc": 0.1111111111111111, "local_perc": 0.024752475247524754}, "Punjab": {"global_perc": 7.948493760432397e-05, "local_perc": 0.0024752475247524753}, "RAJASTHAN": {"global_perc": 6.715616045845272e-05, "local_perc": 0.007425742574257425}, "SIKKIM": {"global_perc": 0.0022172949002217295, "local_perc": 0.0024752475247524753}, "TRIPURA": {"global_perc": 0.001142857142857143, "local_perc": 0.0024752475247524753}, "Tamil Nadu": {"global_perc": 0.0004380749734025909, "local_perc": 0.017326732673267328}, "UTTAR PRADESH": {"global_perc": 0.0002435049731207972, "local_perc": 0.06435643564356436}, "UTTARAKHAND": {"global_perc": 0.00017864586434824034, "local_perc": 0.007425742574257425}, "West Bengal": {"global_perc": 0.0001491869312248247, "local_perc": 0.01485148514851485}}, "partition_field": "Stat_Nam", "Vil_Nam": "Vizhidiur", "Stat_Nam": "PUDUCHERRY"}, {"data": [["TB_Clin_Doc_In_Pos_Num", 6.0], ["TB_Clin_Par_Med_Par_Med_Staf_Tot_Stren_Num", 19.0], 0.3157894736842105], "data_low": {"Stat_Nam": "JAMMU & KASHMIR", "Vil_Nam": "Wangat", "TB_Clin_Doc_In_Pos_Num": "1", "TB_Clin_Par_Med_Par_Med_Staf_Tot_Stren_Num": "3", "id": 2856}, "data_high": {"Stat_Nam": "PUDUCHERRY", "Vil_Nam": "Mannadipet", "TB_Clin_Doc_In_Pos_Num": "6", "TB_Clin_Par_Med_Par_Med_Staf_Tot_Stren_Num": "19", "id": 622093}, "perc": 0.1726283672568148, "metric": 99.82737231590919, "value_global_local": {"": {"global_perc": 0.0020196667933758, "local_perc": 0.9786046511627907}, "ANDIPATTI": {"global_perc": 0.25, "local_perc": 0.0009302325581395349}, "BACHAHALLI": {"global_perc": 1.0, "local_perc": 0.0009302325581395349}, "CHATIKONA": {"global_perc": 0.2857142857142857, "local_perc": 0.0018604651162790699}, "DURGI": {"global_perc": 0.6666666666666666, "local_perc": 0.0037209302325581397}, "GUMMIDIPOONDI": {"global_perc": 0.5, "local_perc": 0.0009302325581395349}, "KAKWARA": {"global_perc": 1.0, "local_perc": 0.0009302325581395349}, "KUBANDHAMUNI": {"global_perc": 0.5, "local_perc": 0.0009302325581395349}, "LANJI": {"global_perc": 1.0, "local_perc": 0.0009302325581395349}, "MELPAKKAM": {"global_perc": 0.5, "local_perc": 0.0009302325581395349}, "PALAKHAMAN": {"global_perc": 1.0, "local_perc": 0.0009302325581395349}, "PALLIKKADU": {"global_perc": 1.0, "local_perc": 0.0009302325581395349}, "PURIKONA": {"global_perc": 0.16666666666666666, "local_perc": 0.0009302325581395349}, "RAINAGAR": {"global_perc": 1.0, "local_perc": 0.0009302325581395349}, "SIRUVADI": {"global_perc": 1.0, "local_perc": 0.0009302325581395349}, "SUNKA": {"global_perc": 1.0, "local_perc": 0.0009302325581395349}, "THAGACHAGERE": {"global_perc": 1.0, "local_perc": 0.0009302325581395349}, "USODU": {"global_perc": 0.125, "local_perc": 0.0009302325581395349}, "VADAKATTUPATTI": {"global_perc": 1.0, "local_perc": 0.0009302325581395349}, "VELLALAPATTI": {"global_perc": 0.5, "local_perc": 0.0009302325581395349}}, "partition_field": "Near_Vil_Tow_Nam_hav_Prim_School", "Vil_Nam": "Mannadipet", "Stat_Nam": "PUDUCHERRY"}, {"data": [["TB_Clin_Doc_In_Pos_Num", 3.0], ["TB_Clin_Par_Med_Par_Med_Staf_Tot_Stren_Num", 7.0], 0.42857142857142855], "data_low": {"Stat_Nam": "JAMMU & KASHMIR", "Vil_Nam": "Halmat Pora", "TB_Clin_Doc_In_Pos_Num": "1", "TB_Clin_Par_Med_Par_Med_Staf_Tot_Stren_Num": "2", "id": 55}, "data_high": {"Stat_Nam": "PUDUCHERRY", "Vil_Nam": "Ramanathapuram", "TB_Clin_Doc_In_Pos_Num": "6", "TB_Clin_Par_Med_Par_Med_Staf_Tot_Stren_Num": "12", "id": 622107}, "perc": 0.2945120237665101, "metric": 99.70548854609311, "value_global_local": {"ASSAM": {"global_perc": 0.0006061754120098503, "local_perc": 0.008724100327153763}, "Arunachal Pradesh": {"global_perc": 0.0012524601896582574, "local_perc": 0.003816793893129771}, "BIHAR": {"global_perc": 0.005994562552925971, "local_perc": 0.14667393675027263}, "CHHATTISGARH": {"global_perc": 0.00039749577660737356, "local_perc": 0.004362050163576881}, "HARYANA": {"global_perc": 0.000146177459435755, "local_perc": 0.0005452562704471102}, "JAMMU & KASHMIR": {"global_perc": 0.0025942316496261253, "local_perc": 0.009269356597600873}, "JHARKHAND": {"global_perc": 0.00030869914181638574, "local_perc": 0.0054525627044711015}, "KARNATAKA": {"global_perc": 0.013633265167007498, "local_perc": 0.21810250817884405}, "KERALA": {"global_perc": 0.009823182711198428, "local_perc": 0.0054525627044711015}, "MADHYA PRADESH": {"global_perc": 0.00025499517330564815, "local_perc": 0.007633587786259542}, "MANIPUR": {"global_perc": 0.0007748934521503294, "local_perc": 0.0010905125408942203}, "ODISHA": {"global_perc": 0.000857482509305634, "local_perc": 0.023991275899672846}, "PUDUCHERRY": {"global_perc": 0.011111111111111112, "local_perc": 0.0005452562704471102}, "Punjab": {"global_perc": 0.0011922740640648596, "local_perc": 0.008178844056706653}, "RAJASTHAN": {"global_perc": 0.00205945558739255, "local_perc": 0.05016357688113413}, "SIKKIM": {"global_perc": 0.008869179600886918, "local_perc": 0.0021810250817884407}, "TRIPURA": {"global_perc": 0.006857142857142857, "local_perc": 0.003271537622682661}, "Tamil Nadu": {"global_perc": 0.04762500782276738, "local_perc": 0.4149400218102508}, "UTTAR PRADESH": {"global_perc": 0.0011894281379362017, "local_perc": 0.06924754634678298}, "UTTARAKHAND": {"global_perc": 0.0004763889715953076, "local_perc": 0.004362050163576881}, "West Bengal": {"global_perc": 0.0005470187478243573, "local_perc": 0.011995637949836423}}, "partition_field": "Stat_Nam", "Vil_Nam": "Sindhnur (Rural)", "Stat_Nam": "KARNATAKA"}, {"data": [["TB_Clin_Doc_In_Pos_Num", 6.0], ["TB_Clin_Par_Med_Par_Med_Staf_Tot_Stren_Num", 10.0], 0.6], "data_low": {"Stat_Nam": "UTTAR PRADESH", "Vil_Nam": "Mishrouli", "TB_Clin_Doc_In_Pos_Num": "10", "TB_Clin_Par_Med_Par_Med_Staf_Tot_Stren_Num": "15", "id": 190279}, "data_high": {"Stat_Nam": "West Bengal", "Vil_Nam": "Goalpota", "TB_Clin_Doc_In_Pos_Num": "9", "TB_Clin_Par_Med_Par_Med_Staf_Tot_Stren_Num": "13", "id": 330938}, "perc": 0.011240916937653058, "metric": 99.98875948309738, "value_global_local": {"BIHAR": {"global_perc": 0.0004902616214288898, "local_perc": 0.3142857142857143}, "JHARKHAND": {"global_perc": 0.0003704389701796629, "local_perc": 0.17142857142857143}, "KARNATAKA": {"global_perc": 0.0008520790729379687, "local_perc": 0.35714285714285715}, "SIKKIM": {"global_perc": 0.004434589800443459, "local_perc": 0.02857142857142857}, "UTTAR PRADESH": {"global_perc": 4.682787944630715e-05, "local_perc": 0.07142857142857142}, "West Bengal": {"global_perc": 9.945795414988313e-05, "local_perc": 0.05714285714285714}}, "partition_field": "Stat_Nam", "Vil_Nam": "Raniyddeeh", "Stat_Nam": "UTTAR PRADESH"}, {"data": [["TB_Clin_Doc_In_Pos_Num", 3.0], ["TB_Clin_Par_Med_Par_Med_Staf_Tot_Stren_Num", 4.0], 0.75], "data_low": {"Stat_Nam": "TRIPURA", "Vil_Nam": "Debendrachandranagar (Part)", "TB_Clin_Doc_In_Pos_Num": "10", "TB_Clin_Par_Med_Par_Med_Staf_Tot_Stren_Num": "12", "id": 270790}, "data_high": {"Stat_Nam": "West Bengal", "Vil_Nam": "Rangilabad", "TB_Clin_Doc_In_Pos_Num": "6", "TB_Clin_Par_Med_Par_Med_Staf_Tot_Stren_Num": "8", "id": 332170}, "perc": 0.0019270143321690955, "metric": 99.99807323571302, "value_global_local": {}, "partition_field": null, "Vil_Nam": "Mathauli", "Stat_Nam": "UTTAR PRADESH"}, {"data": [["TB_Clin_Doc_In_Pos_Num", 1.0], ["TB_Clin_Par_Med_Par_Med_Staf_Tot_Stren_Num", 1.0], 1.0], "data_low": {"Stat_Nam": "JAMMU & KASHMIR", "Vil_Nam": "Dedi Koot", "TB_Clin_Doc_In_Pos_Num": "1", "TB_Clin_Par_Med_Par_Med_Staf_Tot_Stren_Num": "1", "id": 102}, "data_high": {"Stat_Nam": "Punjab", "Vil_Nam": "Tahliwala Bodla (229)", "TB_Clin_Doc_In_Pos_Num": "6", "TB_Clin_Par_Med_Par_Med_Staf_Tot_Stren_Num": "6", "id": 34868}, "perc": 0.7102653659319924, "metric": 99.28973463406801, "value_global_local": {"ASSAM": {"global_perc": 0.002765675317294942, "local_perc": 0.016504634863215014}, "BIHAR": {"global_perc": 0.021237242055533272, "local_perc": 0.21546461677594392}, "CHHATTISGARH": {"global_perc": 0.0010434264135943555, "local_perc": 0.004747908659281031}, "GOA": {"global_perc": 0.017964071856287425, "local_perc": 0.0013565453312231518}, "HARYANA": {"global_perc": 0.00029235491887151, "local_perc": 0.0004521817770743839}, "HIMACHAL PRADESH": {"global_perc": 0.0006766553890768487, "local_perc": 0.0031652724395206874}, "JAMMU & KASHMIR": {"global_perc": 0.0015260186174271325, "local_perc": 0.0022609088853719197}, "JHARKHAND": {"global_perc": 0.0062974624930542695, "local_perc": 0.04612254126158716}, "KARNATAKA": {"global_perc": 0.01843899113837764, "local_perc": 0.12231517069862084}, "KERALA": {"global_perc": 0.04420432220039293, "local_perc": 0.010174089984173637}, "MADHYA PRADESH": {"global_perc": 0.0003278509371072619, "local_perc": 0.004069635993669455}, "Maharashtra": {"global_perc": 0.04445207832360014, "local_perc": 0.43884241465068957}, "ODISHA": {"global_perc": 0.0030206770214175746, "local_perc": 0.035044087723264755}, "Punjab": {"global_perc": 0.01677132183451236, "local_perc": 0.047705177481347505}, "RAJASTHAN": {"global_perc": 0.0001566977077363897, "local_perc": 0.0015826362197603437}, "SIKKIM": {"global_perc": 0.0066518847006651885, "local_perc": 0.0006782726656115759}, "TRIPURA": {"global_perc": 0.006857142857142857, "local_perc": 0.0013565453312231518}, "Tamil Nadu": {"global_perc": 0.00012516427811502597, "local_perc": 0.0004521817770743839}, "UTTAR PRADESH": {"global_perc": 0.0013392773521643845, "local_perc": 0.03233099706081845}, "UTTARAKHAND": {"global_perc": 0.0008336807002917883, "local_perc": 0.0031652724395206874}, "West Bengal": {"global_perc": 0.0013426823810234224, "local_perc": 0.012208907981008365}}, "partition_field": "Stat_Nam", "Vil_Nam": "Dedi Koot", "Stat_Nam": "JAMMU & KASHMIR"}, {"data": [["TB_Clin_Doc_In_Pos_Num", 5.0], ["TB_Clin_Par_Med_Par_Med_Staf_Tot_Stren_Num", 4.0], 1.25], "data_low": {"Stat_Nam": "Punjab", "Vil_Nam": "Gharuan (377)", "TB_Clin_Doc_In_Pos_Num": "4", "TB_Clin_Par_Med_Par_Med_Staf_Tot_Stren_Num": "3", "id": 38790}, "data_high": {"Stat_Nam": "JHARKHAND", "Vil_Nam": "Mahuatanr", "TB_Clin_Doc_In_Pos_Num": "5", "TB_Clin_Par_Med_Par_Med_Staf_Tot_Stren_Num": "4", "id": 360231}, "perc": 0.0027299369705728856, "metric": 99.99726981298626, "value_global_local": {}, "partition_field": null, "Vil_Nam": "Mahuatanr", "Stat_Nam": "JHARKHAND"}, {"data": [["TB_Clin_Doc_In_Pos_Num", 3.0], ["TB_Clin_Par_Med_Par_Med_Staf_Tot_Stren_Num", 2.0], 1.5], "data_low": {"Stat_Nam": "UTTARAKHAND", "Vil_Nam": "Anand Nagar", "TB_Clin_Doc_In_Pos_Num": "3", "TB_Clin_Par_Med_Par_Med_Staf_Tot_Stren_Num": "2", "id": 55011}, "data_high": {"Stat_Nam": "UTTARAKHAND", "Vil_Nam": "Anand Nagar", "TB_Clin_Doc_In_Pos_Num": "3", "TB_Clin_Par_Med_Par_Med_Staf_Tot_Stren_Num": "2", "id": 55011}, "perc": 0.0006423381107230318, "metric": 99.99935716179247, "value_global_local": {}, "partition_field": null, "Vil_Nam": "Anand Nagar", "Stat_Nam": "UTTARAKHAND"}, {"data": [["TB_Clin_Doc_In_Pos_Num", 2.0], ["TB_Clin_Par_Med_Par_Med_Staf_Tot_Stren_Num", 1.0], 2.0], "data_low": {"Stat_Nam": "Punjab", "Vil_Nam": "Ghogra (183)", "TB_Clin_Doc_In_Pos_Num": "2", "TB_Clin_Par_Med_Par_Med_Staf_Tot_Stren_Num": "1", "id": 30834}, "data_high": {"Stat_Nam": "UTTAR PRADESH", "Vil_Nam": "Kirtapur", "TB_Clin_Doc_In_Pos_Num": "4", "TB_Clin_Par_Med_Par_Med_Staf_Tot_Stren_Num": "2", "id": 140301}, "perc": 0.0033722750812959167, "metric": 99.9966267247524, "value_global_local": {"BIHAR": {"global_perc": 6.685385746757588e-05, "local_perc": 0.14285714285714285}, "JHARKHAND": {"global_perc": 0.0001234796567265543, "local_perc": 0.19047619047619047}, "MANIPUR": {"global_perc": 0.0003874467260751647, "local_perc": 0.047619047619047616}, "ODISHA": {"global_perc": 1.948823884785532e-05, "local_perc": 0.047619047619047616}, "Punjab": {"global_perc": 7.948493760432397e-05, "local_perc": 0.047619047619047616}, "TRIPURA": {"global_perc": 0.001142857142857143, "local_perc": 0.047619047619047616}, "UTTAR PRADESH": {"global_perc": 4.682787944630715e-05, "local_perc": 0.23809523809523808}, "UTTARAKHAND": {"global_perc": 5.954862144941345e-05, "local_perc": 0.047619047619047616}, "West Bengal": {"global_perc": 9.945795414988313e-05, "local_perc": 0.19047619047619047}}, "partition_field": "Stat_Nam", "Vil_Nam": "Ghogra (183)", "Stat_Nam": "Punjab"}, {"data": [["TB_Clin_Doc_In_Pos_Num", 3.0], ["TB_Clin_Par_Med_Par_Med_Staf_Tot_Stren_Num", 1.0], 3.0], "data_low": {"Stat_Nam": "MADHYA PRADESH", "Vil_Nam": "Sahrai", "TB_Clin_Doc_In_Pos_Num": "3", "TB_Clin_Par_Med_Par_Med_Staf_Tot_Stren_Num": "1", "id": 498063}, "data_high": {"Stat_Nam": "MADHYA PRADESH", "Vil_Nam": "Sahrai", "TB_Clin_Doc_In_Pos_Num": "3", "TB_Clin_Par_Med_Par_Med_Staf_Tot_Stren_Num": "1", "id": 498063}, "perc": 0.00016058452768075794, "metric": 99.99983741507548, "value_global_local": {}, "partition_field": null, "Vil_Nam": "Sahrai", "Stat_Nam": "MADHYA PRADESH"}, {"data": [["TB_Clin_Doc_In_Pos_Num", 4.0], ["TB_Clin_Par_Med_Par_Med_Staf_Tot_Stren_Num", 1.0], 4.0], "data_low": {"Stat_Nam": "UTTAR PRADESH", "Vil_Nam": "Bharthana", "TB_Clin_Doc_In_Pos_Num": "4", "TB_Clin_Par_Med_Par_Med_Staf_Tot_Stren_Num": "1", "id": 147007}, "data_high": {"Stat_Nam": "UTTAR PRADESH", "Vil_Nam": "Bharthana", "TB_Clin_Doc_In_Pos_Num": "4", "TB_Clin_Par_Med_Par_Med_Staf_Tot_Stren_Num": "1", "id": 147007}, "perc": 0.0004817535830422739, "metric": 99.99951524583132, "value_global_local": {}, "partition_field": null, "Vil_Nam": "Bharthana", "Stat_Nam": "UTTAR PRADESH"}, {"data": [["TB_Clin_Doc_In_Pos_Num", 5.0], ["TB_Clin_Par_Med_Par_Med_Staf_Tot_Stren_Num", 1.0], 5.0], "data_low": {"Stat_Nam": "JHARKHAND", "Vil_Nam": "Kurumdari", "TB_Clin_Doc_In_Pos_Num": "5", "TB_Clin_Par_Med_Par_Med_Staf_Tot_Stren_Num": "1", "id": 347267}, "data_high": {"Stat_Nam": "JHARKHAND", "Vil_Nam": "Kurumdari", "TB_Clin_Doc_In_Pos_Num": "5", "TB_Clin_Par_Med_Par_Med_Staf_Tot_Stren_Num": "1", "id": 347267}, "perc": 0.0003211690553615159, "metric": 99.99967483015736, "value_global_local": {}, "partition_field": null, "Vil_Nam": "Kurumdari", "Stat_Nam": "JHARKHAND"}, {"data": [["TB_Clin_Doc_In_Pos_Num", 1.0], ["TB_Clin_Par_Med_Par_Med_Staf_Tot_Stren_Num", 0.0], 9999], "data_low": {"Stat_Nam": "HIMACHAL PRADESH", "Vil_Nam": "Chuari Khas  (220)", "TB_Clin_Doc_In_Pos_Num": "1", "TB_Clin_Par_Med_Par_Med_Staf_Tot_Stren_Num": "0", "id": 7466}, "data_high": {"Stat_Nam": "UTTAR PRADESH", "Vil_Nam": "Bhawaneepur", "TB_Clin_Doc_In_Pos_Num": "6", "TB_Clin_Par_Med_Par_Med_Staf_Tot_Stren_Num": "0", "id": 141033}, "perc": 0.029547553093259467, "metric": 99.96045540176203, "value_global_local": {"HIMACHAL PRADESH": {"global_perc": 4.833252779120348e-05, "local_perc": 0.005434782608695652}, "MADHYA PRADESH": {"global_perc": 9.106970475201719e-05, "local_perc": 0.02717391304347826}, "UTTAR PRADESH": {"global_perc": 0.001151965834379156, "local_perc": 0.6684782608695652}, "West Bengal": {"global_perc": 0.0013675468695608932, "local_perc": 0.29891304347826086}}, "partition_field": "Stat_Nam", "Vil_Nam": "Chuari Khas  (220)", "Stat_Nam": "HIMACHAL PRADESH"}, {"data": [["TB_Clin_Doc_In_Pos_Num", 0], ["TB_Clin_Par_Med_Par_Med_Staf_Tot_Stren_Num", 0], 99980001], "data_low": {"Stat_Nam": "JAMMU & KASHMIR", "Vil_Nam": "Bore", "TB_Clin_Doc_In_Pos_Num": "", "TB_Clin_Par_Med_Par_Med_Staf_Tot_Stren_Num": "", "id": 0}, "data_high": {"Stat_Nam": "JAMMU & KASHMIR", "Vil_Nam": "Palmar", "TB_Clin_Doc_In_Pos_Num": "Tb_pos", "TB_Clin_Par_Med_Par_Med_Staf_Tot_Stren_Num": "Tb_pst", "id": 4582}, "perc": 98.44618411016098, "metric": 9.846587630076238e-07, "value_global_local": {"null": {"global_perc": 0.9844618411016098, "local_perc": 1.0}}, "partition_field": "Dist_Other", "Vil_Nam": "Bore", "Stat_Nam": "JAMMU & KASHMIR"}]