[{"data": [["Prim_Heal_Cen_Doc_In_Pos_Num", 0], ["Prim_Heal_Cen_Num", 1.0], 0.0], "data_low": {"Stat_Nam": "JAMMU & KASHMIR", "Vil_Nam": "Arigam", "Prim_Heal_Cen_Num": "1", "Prim_Heal_Cen_Doc_In_Pos_Num": "", "id": 591}, "data_high": {"Stat_Nam": "MIZORAM", "Vil_Nam": "Bualpui NG \u0091W\u0092", "Prim_Heal_Cen_Num": "10", "Prim_Heal_Cen_Doc_In_Pos_Num": "1", "id": 270702}, "perc": 0.40370950258942545, "metric": 99.5962914935727, "value_global_local": {"ANDAMAN & NICOBAR ISLANDS": {"global_perc": 0.0018018018018018018, "local_perc": 0.0003977724741447892}, "ANDHRA PRADESH": {"global_perc": 0.00014388489208633093, "local_perc": 0.0015910898965791568}, "ASSAM": {"global_perc": 0.00037885963250615644, "local_perc": 0.003977724741447892}, "CHHATTISGARH": {"global_perc": 0.014458908874093212, "local_perc": 0.11575178997613365}, "HARYANA": {"global_perc": 0.001900306972664815, "local_perc": 0.005171042163882259}, "HIMACHAL PRADESH": {"global_perc": 0.001208313194780087, "local_perc": 0.00994431185361973}, "JAMMU & KASHMIR": {"global_perc": 0.007172287501907524, "local_perc": 0.01869530628480509}, "JHARKHAND": {"global_perc": 0.0023461134778045315, "local_perc": 0.030230708035003977}, "KARNATAKA": {"global_perc": 0.00030674846625766873, "local_perc": 0.003579952267303103}, "KERALA": {"global_perc": 0.003929273084479371, "local_perc": 0.0015910898965791568}, "MANIPUR": {"global_perc": 0.0007748934521503294, "local_perc": 0.0007955449482895784}, "MIZORAM": {"global_perc": 0.02530120481927711, "local_perc": 0.008353221957040573}, "NAGALAND": {"global_perc": 0.01680672268907563, "local_perc": 0.00954653937947494}, "Punjab": {"global_perc": 7.948493760432397e-05, "local_perc": 0.0003977724741447892}, "RAJASTHAN": {"global_perc": 0.012334348137535816, "local_perc": 0.21917263325377884}, "SIKKIM": {"global_perc": 0.0022172949002217295, "local_perc": 0.0003977724741447892}, "TRIPURA": {"global_perc": 0.001142857142857143, "local_perc": 0.0003977724741447892}, "UTTAR PRADESH": {"global_perc": 0.004261337029613951, "local_perc": 0.1809864757358791}, "West Bengal": {"global_perc": 0.024317469789646426, "local_perc": 0.38902147971360385}}, "partition_field": "Stat_Nam", "Vil_Nam": "Arigam", "Stat_Nam": "JAMMU & KASHMIR"}, {"data": [["Prim_Heal_Cen_Doc_In_Pos_Num", 1.0], ["Prim_Heal_Cen_Num", 3.0], 0.3333333333333333], "data_low": {"Stat_Nam": "JAMMU & KASHMIR", "Vil_Nam": "Salal", "Prim_Heal_Cen_Num": "3", "Prim_Heal_Cen_Doc_In_Pos_Num": "1", "id": 5181}, "data_high": {"Stat_Nam": "JAMMU & KASHMIR", "Vil_Nam": "Salal", "Prim_Heal_Cen_Num": "3", "Prim_Heal_Cen_Doc_In_Pos_Num": "1", "id": 5181}, "perc": 0.0006423381107230318, "metric": 99.999358328685, "value_global_local": {}, "partition_field": null, "Vil_Nam": "Salal", "Stat_Nam": "JAMMU & KASHMIR"}, {"data": [["Prim_Heal_Cen_Doc_In_Pos_Num", 1.0], ["Prim_Heal_Cen_Num", 2.0], 0.5], "data_low": {"Stat_Nam": "JAMMU & KASHMIR", "Vil_Nam": "Panamic", "Prim_Heal_Cen_Num": "2", "Prim_Heal_Cen_Doc_In_Pos_Num": "1", "id": 904}, "data_high": {"Stat_Nam": "JAMMU & KASHMIR", "Vil_Nam": "Barwalah", "Prim_Heal_Cen_Num": "4", "Prim_Heal_Cen_Doc_In_Pos_Num": "2", "id": 2853}, "perc": 0.012204424103737605, "metric": 99.98779607593522, "value_global_local": {"ASSAM": {"global_perc": 0.0018564121992801668, "local_perc": 0.6447368421052632}, "JAMMU & KASHMIR": {"global_perc": 0.000610407446970853, "local_perc": 0.05263157894736842}, "KERALA": {"global_perc": 0.010805500982318271, "local_perc": 0.14473684210526316}, "Punjab": {"global_perc": 0.0003974246880216199, "local_perc": 0.06578947368421052}, "Tamil Nadu": {"global_perc": 0.00012516427811502597, "local_perc": 0.02631578947368421}, "West Bengal": {"global_perc": 0.00012432244268735393, "local_perc": 0.06578947368421052}}, "partition_field": "Stat_Nam", "Vil_Nam": "Panamic", "Stat_Nam": "JAMMU & KASHMIR"}, {"data": [["Prim_Heal_Cen_Doc_In_Pos_Num", 2.0], ["Prim_Heal_Cen_Num", 3.0], 0.6666666666666666], "data_low": {"Stat_Nam": "ASSAM", "Vil_Nam": "Rowah Pt.III", "Prim_Heal_Cen_Num": "3", "Prim_Heal_Cen_Doc_In_Pos_Num": "2", "id": 279840}, "data_high": {"Stat_Nam": "ASSAM", "Vil_Nam": "Rowah Pt.III", "Prim_Heal_Cen_Num": "3", "Prim_Heal_Cen_Doc_In_Pos_Num": "2", "id": 279840}, "perc": 0.0012846762214460635, "metric": 99.99871565717427, "value_global_local": {}, "partition_field": null, "Vil_Nam": "Rowah Pt.III", "Stat_Nam": "ASSAM"}, {"data": [["Prim_Heal_Cen_Doc_In_Pos_Num", 1.0], ["Prim_Heal_Cen_Num", 1.0], 1.0], "data_low": {"Stat_Nam": "JAMMU & KASHMIR", "Vil_Nam": "Kuligam", "Prim_Heal_Cen_Num": "1", "Prim_Heal_Cen_Doc_In_Pos_Num": "1", "id": 19}, "data_high": {"Stat_Nam": "JAMMU & KASHMIR", "Vil_Nam": "Wangat", "Prim_Heal_Cen_Num": "2", "Prim_Heal_Cen_Doc_In_Pos_Num": "2", "id": 2856}, "perc": 2.0697739772772894, "metric": 97.9302260227227, "value_global_local": {"": {"global_perc": 0.024124651069924244, "local_perc": 0.9749398712080068}, "AHMEDGARH": {"global_perc": 1.0, "local_perc": 7.758553805570642e-05}, "AHMEDPUR": {"global_perc": 0.3333333333333333, "local_perc": 7.758553805570642e-05}, "ALIPUR BIHTA": {"global_perc": 1.0, "local_perc": 7.758553805570642e-05}, "AMEPUR": {"global_perc": 0.3333333333333333, "local_perc": 7.758553805570642e-05}, "ANACHI": {"global_perc": 0.5, "local_perc": 7.758553805570642e-05}, "ANDARGAON": {"global_perc": 1.0, "local_perc": 7.758553805570642e-05}, "ANDIPATTI": {"global_perc": 0.25, "local_perc": 7.758553805570642e-05}, "AREKALHOSAHALLI": {"global_perc": 0.5, "local_perc": 7.758553805570642e-05}, "ATTARI": {"global_perc": 0.2, "local_perc": 7.758553805570642e-05}, "Atiya": {"global_perc": 1.0, "local_perc": 7.758553805570642e-05}, "BACHAHALLI": {"global_perc": 1.0, "local_perc": 7.758553805570642e-05}, "BADOWALA": {"global_perc": 1.0, "local_perc": 7.758553805570642e-05}, "BADRUDDINPUR": {"global_perc": 1.0, "local_perc": 7.758553805570642e-05}, "BAHADURPUR": {"global_perc": 0.023809523809523808, "local_perc": 7.758553805570642e-05}, "BAJROTH": {"global_perc": 1.0, "local_perc": 7.758553805570642e-05}, "BALH BEHAL": {"global_perc": 0.125, "local_perc": 7.758553805570642e-05}, "BALLAGAN": {"global_perc": 1.0, "local_perc": 7.758553805570642e-05}, "BANGA": {"global_perc": 0.5, "local_perc": 7.758553805570642e-05}, "BANKI": {"global_perc": 0.1, "local_perc": 7.758553805570642e-05}, "BARAILA": {"global_perc": 0.4, "local_perc": 0.00015517107611141284}, "BARAP": {"global_perc": 0.3333333333333333, "local_perc": 7.758553805570642e-05}, "BASAULI": {"global_perc": 0.3333333333333333, "local_perc": 7.758553805570642e-05}, "BASAVANAHALLI": {"global_perc": 0.2, "local_perc": 7.758553805570642e-05}, "BASINI": {"global_perc": 1.0, "local_perc": 7.758553805570642e-05}, "BASUDEWPUR": {"global_perc": 1.0, "local_perc": 7.758553805570642e-05}, "BELDIHRI": {"global_perc": 0.3333333333333333, "local_perc": 7.758553805570642e-05}, "BHADAURA": {"global_perc": 0.14285714285714285, "local_perc": 7.758553805570642e-05}, "BHANPURKHA": {"global_perc": 1.0, "local_perc": 7.758553805570642e-05}, "BHATKOT": {"global_perc": 0.16666666666666666, "local_perc": 7.758553805570642e-05}, "BHATPURA": {"global_perc": 0.125, "local_perc": 7.758553805570642e-05}, "BHAURA DANDA": {"global_perc": 1.0, "local_perc": 7.758553805570642e-05}, "BHILOWAL": {"global_perc": 0.5, "local_perc": 7.758553805570642e-05}, "BHUMAL GADI": {"global_perc": 1.0, "local_perc": 7.758553805570642e-05}, "BHUTAHAVA": {"global_perc": 1.0, "local_perc": 7.758553805570642e-05}, "BILISIRI": {"global_perc": 0.5, "local_perc": 7.758553805570642e-05}, "BISHASHARPUR": {"global_perc": 1.0, "local_perc": 7.758553805570642e-05}, "BOLLA": {"global_perc": 1.0, "local_perc": 0.00015517107611141284}, "BUDGADDA": {"global_perc": 0.5, "local_perc": 0.00015517107611141284}, "Banwalipur": {"global_perc": 1.0, "local_perc": 7.758553805570642e-05}, "CHAK BAMUN": {"global_perc": 0.3333333333333333, "local_perc": 7.758553805570642e-05}, "CHAKRI": {"global_perc": 0.5, "local_perc": 7.758553805570642e-05}, "CHAMA": {"global_perc": 1.0, "local_perc": 7.758553805570642e-05}, "CHANDRI": {"global_perc": 0.1111111111111111, "local_perc": 7.758553805570642e-05}, "CHANDWE": {"global_perc": 1.0, "local_perc": 7.758553805570642e-05}, "CHAUBATTA KHAL": {"global_perc": 1.0, "local_perc": 7.758553805570642e-05}, "CHHANGLA": {"global_perc": 0.2, "local_perc": 7.758553805570642e-05}, "CHHATADAMORE": {"global_perc": 1.0, "local_perc": 7.758553805570642e-05}, "CHHITKUL": {"global_perc": 1.0, "local_perc": 0.00015517107611141284}, "CHILOI": {"global_perc": 0.3333333333333333, "local_perc": 7.758553805570642e-05}, "CHITBARGAON": {"global_perc": 0.5, "local_perc": 7.758553805570642e-05}, "CHOPTA": {"global_perc": 0.5, "local_perc": 7.758553805570642e-05}, "CHORAIN": {"global_perc": 1.0, "local_perc": 7.758553805570642e-05}, "CHOURM": {"global_perc": 0.5, "local_perc": 7.758553805570642e-05}, "CHUKHARA BANDHUDIH": {"global_perc": 1.0, "local_perc": 7.758553805570642e-05}, "DABARI": {"global_perc": 1.0, "local_perc": 7.758553805570642e-05}, "DADADAHALLI": {"global_perc": 1.0, "local_perc": 7.758553805570642e-05}, "DADHOG": {"global_perc": 0.125, "local_perc": 7.758553805570642e-05}, "DAIRA": {"global_perc": 1.0, "local_perc": 7.758553805570642e-05}, "DALU": {"global_perc": 0.07692307692307693, "local_perc": 7.758553805570642e-05}, "DEGO DEHARI": {"global_perc": 1.0, "local_perc": 7.758553805570642e-05}, "DEWAL": {"global_perc": 0.3333333333333333, "local_perc": 7.758553805570642e-05}, "DHANNYACHARA": {"global_perc": 1.0, "local_perc": 7.758553805570642e-05}, "DHOOMAKOT": {"global_perc": 0.5, "local_perc": 7.758553805570642e-05}, "DHORHA": {"global_perc": 0.5, "local_perc": 7.758553805570642e-05}, "DIFFERPAT": {"global_perc": 1.0, "local_perc": 7.758553805570642e-05}, "DUNGRI MALLI": {"global_perc": 1.0, "local_perc": 0.00015517107611141284}, "ERKI": {"global_perc": 1.0, "local_perc": 7.758553805570642e-05}, "FATEHPUR": {"global_perc": 0.015873015873015872, "local_perc": 7.758553805570642e-05}, "FATEHPUR CHADRAI": {"global_perc": 1.0, "local_perc": 7.758553805570642e-05}, "FATTUWALA": {"global_perc": 1.0, "local_perc": 7.758553805570642e-05}, "FULANG": {"global_perc": 0.3333333333333333, "local_perc": 7.758553805570642e-05}, "FURRA": {"global_perc": 0.3333333333333333, "local_perc": 7.758553805570642e-05}, "Fulertol": {"global_perc": 1.0, "local_perc": 7.758553805570642e-05}, "GADIARA": {"global_perc": 0.08333333333333333, "local_perc": 7.758553805570642e-05}, "GAJADHARPUR": {"global_perc": 0.125, "local_perc": 7.758553805570642e-05}, "GANDHA": {"global_perc": 0.5, "local_perc": 7.758553805570642e-05}, "GANGATI": {"global_perc": 1.0, "local_perc": 0.00015517107611141284}, "GANGHARA": {"global_perc": 0.5, "local_perc": 7.758553805570642e-05}, "GAON": {"global_perc": 0.06666666666666667, "local_perc": 7.758553805570642e-05}, "GARHWA": {"global_perc": 0.14285714285714285, "local_perc": 7.758553805570642e-05}, "GAUHARPUR": {"global_perc": 0.3333333333333333, "local_perc": 7.758553805570642e-05}, "GHANAUR": {"global_perc": 0.3333333333333333, "local_perc": 7.758553805570642e-05}, "GONHA TAL": {"global_perc": 1.0, "local_perc": 7.758553805570642e-05}, "GOVINDAMPALAYAM": {"global_perc": 0.5, "local_perc": 7.758553805570642e-05}, "GULAULA KHERA": {"global_perc": 1.0, "local_perc": 7.758553805570642e-05}, "GUMMIDIPOONDI": {"global_perc": 0.5, "local_perc": 7.758553805570642e-05}, "GURI": {"global_perc": 0.1111111111111111, "local_perc": 7.758553805570642e-05}, "GUTAKBARA": {"global_perc": 1.0, "local_perc": 7.758553805570642e-05}, "GYANPUR": {"global_perc": 0.034482758620689655, "local_perc": 7.758553805570642e-05}, "HAFIZPUR": {"global_perc": 0.25, "local_perc": 7.758553805570642e-05}, "HAIBAT PINDI": {"global_perc": 0.1, "local_perc": 7.758553805570642e-05}, "HAUCAK": {"global_perc": 0.16666666666666666, "local_perc": 7.758553805570642e-05}, "HIJALJURI": {"global_perc": 1.0, "local_perc": 7.758553805570642e-05}, "HOBAR": {"global_perc": 0.25, "local_perc": 7.758553805570642e-05}, "HULIYAR": {"global_perc": 0.5, "local_perc": 7.758553805570642e-05}, "HUNASANAKODIHALLI": {"global_perc": 1.0, "local_perc": 7.758553805570642e-05}, "IBRAHIMPUR": {"global_perc": 0.1, "local_perc": 7.758553805570642e-05}, "INDAR": {"global_perc": 0.3333333333333333, "local_perc": 7.758553805570642e-05}, "ISHAPUR": {"global_perc": 0.3333333333333333, "local_perc": 7.758553805570642e-05}, "ITWA": {"global_perc": 0.1, "local_perc": 7.758553805570642e-05}, "JAGANU": {"global_perc": 1.0, "local_perc": 7.758553805570642e-05}, "JALALPUR NAURANGA": {"global_perc": 0.5, "local_perc": 7.758553805570642e-05}, "JAMARARI": {"global_perc": 0.3333333333333333, "local_perc": 7.758553805570642e-05}, "JAMBGI(K.D)": {"global_perc": 1.0, "local_perc": 7.758553805570642e-05}, "JAMINBIL KUNDA": {"global_perc": 1.0, "local_perc": 7.758553805570642e-05}, "JAMUAMWAN": {"global_perc": 1.0, "local_perc": 7.758553805570642e-05}, "JANJO": {"global_perc": 0.5, "local_perc": 7.758553805570642e-05}, "JANUBAZAR": {"global_perc": 1.0, "local_perc": 7.758553805570642e-05}, "JHAMKE": {"global_perc": 1.0, "local_perc": 7.758553805570642e-05}, "JHANJOWAL": {"global_perc": 1.0, "local_perc": 7.758553805570642e-05}, "JISPA": {"global_perc": 0.5, "local_perc": 7.758553805570642e-05}, "Jansua": {"global_perc": 1.0, "local_perc": 0.00015517107611141284}, "KACHNAL": {"global_perc": 1.0, "local_perc": 7.758553805570642e-05}, "KADEYA": {"global_perc": 1.0, "local_perc": 7.758553805570642e-05}, "KADIPUR": {"global_perc": 0.125, "local_perc": 7.758553805570642e-05}, "KAGAPUR": {"global_perc": 1.0, "local_perc": 7.758553805570642e-05}, "KAKRALA": {"global_perc": 0.5, "local_perc": 7.758553805570642e-05}, "KALEENDA MATIANA": {"global_perc": 1.0, "local_perc": 7.758553805570642e-05}, "KALEWAL BAGTAN": {"global_perc": 0.5, "local_perc": 7.758553805570642e-05}, "KALEWAL BHAGTAN": {"global_perc": 1.0, "local_perc": 7.758553805570642e-05}, "KANDHALA SHEIKAN": {"global_perc": 1.0, "local_perc": 7.758553805570642e-05}, "KANDIKHAL": {"global_perc": 1.0, "local_perc": 7.758553805570642e-05}, "KANHAULI KHAS": {"global_perc": 1.0, "local_perc": 7.758553805570642e-05}, "KANKRADNAG": {"global_perc": 1.0, "local_perc": 7.758553805570642e-05}, "KANNAPUR HATTI": {"global_perc": 1.0, "local_perc": 7.758553805570642e-05}, "KARADIE": {"global_perc": 1.0, "local_perc": 7.758553805570642e-05}, "KARJA": {"global_perc": 0.5, "local_perc": 7.758553805570642e-05}, "KARNU": {"global_perc": 0.125, "local_perc": 7.758553805570642e-05}, "KASIDA": {"global_perc": 1.0, "local_perc": 7.758553805570642e-05}, "KASWAD": {"global_perc": 0.5, "local_perc": 7.758553805570642e-05}, "KATAHANA": {"global_perc": 0.5, "local_perc": 7.758553805570642e-05}, "KERA MALLA": {"global_perc": 1.0, "local_perc": 7.758553805570642e-05}, "KESARE": {"global_perc": 1.0, "local_perc": 7.758553805570642e-05}, "KESHOPUR": {"global_perc": 0.2, "local_perc": 7.758553805570642e-05}, "KHALISPUR MUBARAK": {"global_perc": 1.0, "local_perc": 7.758553805570642e-05}, "KHANDEPUR": {"global_perc": 0.3333333333333333, "local_perc": 7.758553805570642e-05}, "KHANOLI": {"global_perc": 0.3333333333333333, "local_perc": 7.758553805570642e-05}, "KHARAJ": {"global_perc": 0.3333333333333333, "local_perc": 7.758553805570642e-05}, "KHILASU": {"global_perc": 1.0, "local_perc": 7.758553805570642e-05}, "KHIRANWALI": {"global_perc": 0.5, "local_perc": 7.758553805570642e-05}, "KHIRI": {"global_perc": 0.5, "local_perc": 7.758553805570642e-05}, "KHOKHKHAR": {"global_perc": 0.25, "local_perc": 7.758553805570642e-05}, "KHUN KHUN SARKI": {"global_perc": 0.5, "local_perc": 7.758553805570642e-05}, "KHURAMPUR DALLU": {"global_perc": 0.5, "local_perc": 7.758553805570642e-05}, "KITAJHOR": {"global_perc": 1.0, "local_perc": 7.758553805570642e-05}, "KOHIMA": {"global_perc": 0.3333333333333333, "local_perc": 7.758553805570642e-05}, "KOHWIN": {"global_perc": 1.0, "local_perc": 7.758553805570642e-05}, "KORI": {"global_perc": 0.2, "local_perc": 7.758553805570642e-05}, "KOSDA": {"global_perc": 0.14285714285714285, "local_perc": 7.758553805570642e-05}, "KOT GANGURAI": {"global_perc": 1.0, "local_perc": 7.758553805570642e-05}, "KOTHUNG": {"global_perc": 1.0, "local_perc": 7.758553805570642e-05}, "KRALPATH": {"global_perc": 1.0, "local_perc": 7.758553805570642e-05}, "KUKURBAGHI": {"global_perc": 0.0625, "local_perc": 7.758553805570642e-05}, "KULLATHILVAI": {"global_perc": 0.3333333333333333, "local_perc": 7.758553805570642e-05}, "Khera Dona": {"global_perc": 0.5, "local_perc": 7.758553805570642e-05}, "LADWAL": {"global_perc": 0.25, "local_perc": 7.758553805570642e-05}, "MACHAGOWDANAHALLI": {"global_perc": 0.1111111111111111, "local_perc": 7.758553805570642e-05}, "MACHONG": {"global_perc": 1.0, "local_perc": 7.758553805570642e-05}, "MAGALI": {"global_perc": 1.0, "local_perc": 7.758553805570642e-05}, "MAHMOODPUR": {"global_perc": 0.125, "local_perc": 7.758553805570642e-05}, "MAHUADANR": {"global_perc": 0.16666666666666666, "local_perc": 7.758553805570642e-05}, "MAILI": {"global_perc": 1.0, "local_perc": 7.758553805570642e-05}, "MAJHIGAWA": {"global_perc": 0.25, "local_perc": 7.758553805570642e-05}, "MAJHWALIYA": {"global_perc": 1.0, "local_perc": 7.758553805570642e-05}, "MALLARPUR": {"global_perc": 1.0, "local_perc": 7.758553805570642e-05}, "MALLICKPUR": {"global_perc": 1.0, "local_perc": 7.758553805570642e-05}, "MANGWAL": {"global_perc": 0.3333333333333333, "local_perc": 7.758553805570642e-05}, "MARHEEN": {"global_perc": 0.6666666666666666, "local_perc": 0.00015517107611141284}, "MARIPAR": {"global_perc": 1.0, "local_perc": 7.758553805570642e-05}, "MASTI PALKOT": {"global_perc": 1.0, "local_perc": 7.758553805570642e-05}, "MAYURHAND": {"global_perc": 0.25, "local_perc": 7.758553805570642e-05}, "MELTHA": {"global_perc": 0.5, "local_perc": 7.758553805570642e-05}, "MEZOMA": {"global_perc": 0.5, "local_perc": 7.758553805570642e-05}, "MIADI KALAN": {"global_perc": 0.25, "local_perc": 7.758553805570642e-05}, "MIRPUR RATANPUR": {"global_perc": 1.0, "local_perc": 7.758553805570642e-05}, "MISRAULI": {"global_perc": 1.0, "local_perc": 7.758553805570642e-05}, "MOHANPUR": {"global_perc": 0.013333333333333334, "local_perc": 7.758553805570642e-05}, "MULEKALENAHALLI": {"global_perc": 0.1111111111111111, "local_perc": 7.758553805570642e-05}, "MUNAN": {"global_perc": 1.0, "local_perc": 7.758553805570642e-05}, "N.A.": {"global_perc": 0.0053987497632127296, "local_perc": 0.004422375669175266}, "NABINAGAR": {"global_perc": 0.25, "local_perc": 7.758553805570642e-05}, "NAGARDIH": {"global_perc": 1.0, "local_perc": 7.758553805570642e-05}, "NAGENAHALLI": {"global_perc": 0.16666666666666666, "local_perc": 7.758553805570642e-05}, "NALATHWAD": {"global_perc": 0.25, "local_perc": 7.758553805570642e-05}, "NAND TALLA": {"global_perc": 1.0, "local_perc": 7.758553805570642e-05}, "NAUGAON": {"global_perc": 0.125, "local_perc": 7.758553805570642e-05}, "NAWADA": {"global_perc": 0.03225806451612903, "local_perc": 7.758553805570642e-05}, "NOHRI": {"global_perc": 0.5, "local_perc": 7.758553805570642e-05}, "OBRA": {"global_perc": 1.0, "local_perc": 7.758553805570642e-05}, "OLAMPUR CHHAPARA": {"global_perc": 1.0, "local_perc": 7.758553805570642e-05}, "P.S. CHAKDA": {"global_perc": 1.0, "local_perc": 7.758553805570642e-05}, "PADARIYA": {"global_perc": 0.07692307692307693, "local_perc": 7.758553805570642e-05}, "PAHARPUR": {"global_perc": 0.04, "local_perc": 7.758553805570642e-05}, "PAIGAMBARPUR": {"global_perc": 1.0, "local_perc": 7.758553805570642e-05}, "PALLEL": {"global_perc": 0.04, "local_perc": 7.758553805570642e-05}, "PALLIKKADU": {"global_perc": 1.0, "local_perc": 7.758553805570642e-05}, "PANG": {"global_perc": 0.3333333333333333, "local_perc": 7.758553805570642e-05}, "PATIAL": {"global_perc": 0.3333333333333333, "local_perc": 7.758553805570642e-05}, "PATORA": {"global_perc": 1.0, "local_perc": 7.758553805570642e-05}, "PIRAN WALA": {"global_perc": 1.0, "local_perc": 7.758553805570642e-05}, "POKHARIA": {"global_perc": 0.125, "local_perc": 7.758553805570642e-05}, "POKHARIYA": {"global_perc": 0.5, "local_perc": 7.758553805570642e-05}, "PORU": {"global_perc": 0.09090909090909091, "local_perc": 7.758553805570642e-05}, "PUNAJUR STATE FOREST": {"global_perc": 1.0, "local_perc": 7.758553805570642e-05}, "PURAUNI BUZURG": {"global_perc": 1.0, "local_perc": 7.758553805570642e-05}, "RAJDERA": {"global_perc": 1.0, "local_perc": 7.758553805570642e-05}, "RAM LACHHAN": {"global_perc": 1.0, "local_perc": 7.758553805570642e-05}, "RAMBAG  UDAICHANDPUR": {"global_perc": 1.0, "local_perc": 7.758553805570642e-05}, "RAMPUR": {"global_perc": 0.007194244604316547, "local_perc": 7.758553805570642e-05}, "RANIPOKHRI": {"global_perc": 0.25, "local_perc": 7.758553805570642e-05}, "RANIPUR": {"global_perc": 0.029411764705882353, "local_perc": 7.758553805570642e-05}, "RASAM": {"global_perc": 1.0, "local_perc": 7.758553805570642e-05}, "RATNAG": {"global_perc": 0.3333333333333333, "local_perc": 7.758553805570642e-05}, "REASI": {"global_perc": 0.09090909090909091, "local_perc": 7.758553805570642e-05}, "RIEW": {"global_perc": 1.0, "local_perc": 7.758553805570642e-05}, "RIHALKAR": {"global_perc": 0.3333333333333333, "local_perc": 7.758553805570642e-05}, "RUPNAGAR": {"global_perc": 1.0, "local_perc": 7.758553805570642e-05}, "Rahmatpur": {"global_perc": 0.5, "local_perc": 7.758553805570642e-05}, "Rangchali Gaon": {"global_perc": 1.0, "local_perc": 7.758553805570642e-05}, "SADIKPUR SEMRAHA": {"global_perc": 1.0, "local_perc": 7.758553805570642e-05}, "SANKESHWAR TOWN": {"global_perc": 1.0, "local_perc": 7.758553805570642e-05}, "SANSARIPUR": {"global_perc": 0.3333333333333333, "local_perc": 7.758553805570642e-05}, "SARAIA": {"global_perc": 0.25, "local_perc": 7.758553805570642e-05}, "SARDAM": {"global_perc": 0.25, "local_perc": 7.758553805570642e-05}, "SARYALI": {"global_perc": 0.5, "local_perc": 7.758553805570642e-05}, "SATHIALA": {"global_perc": 0.5, "local_perc": 7.758553805570642e-05}, "SEWAL": {"global_perc": 1.0, "local_perc": 7.758553805570642e-05}, "SHAHJAHANPUR": {"global_perc": 0.3333333333333333, "local_perc": 7.758553805570642e-05}, "SHER KHAN WALA": {"global_perc": 0.5, "local_perc": 7.758553805570642e-05}, "SHISHGARH": {"global_perc": 1.0, "local_perc": 7.758553805570642e-05}, "SIKRIA": {"global_perc": 0.5, "local_perc": 7.758553805570642e-05}, "SINGHNI": {"global_perc": 1.0, "local_perc": 7.758553805570642e-05}, "SIRUVADI": {"global_perc": 1.0, "local_perc": 7.758553805570642e-05}, "SITA PUR": {"global_perc": 1.0, "local_perc": 7.758553805570642e-05}, "SIYUM": {"global_perc": 0.03125, "local_perc": 7.758553805570642e-05}, "SOAFSHALI": {"global_perc": 1.0, "local_perc": 7.758553805570642e-05}, "SOMINAKOPPA": {"global_perc": 0.16666666666666666, "local_perc": 7.758553805570642e-05}, "SOUHDA KHURD": {"global_perc": 1.0, "local_perc": 7.758553805570642e-05}, "SUNKA": {"global_perc": 1.0, "local_perc": 7.758553805570642e-05}, "SURAPUR": {"global_perc": 0.5, "local_perc": 7.758553805570642e-05}, "SURARYOR": {"global_perc": 1.0, "local_perc": 7.758553805570642e-05}, "Sada Siva T.E. 118/14": {"global_perc": 1.0, "local_perc": 7.758553805570642e-05}, "TABAR": {"global_perc": 1.0, "local_perc": 7.758553805570642e-05}, "TAGUV": {"global_perc": 0.3333333333333333, "local_perc": 7.758553805570642e-05}, "THAGACHAGERE": {"global_perc": 1.0, "local_perc": 7.758553805570642e-05}, "THALAGHATTAPURA": {"global_perc": 0.2, "local_perc": 7.758553805570642e-05}, "THILL": {"global_perc": 0.14285714285714285, "local_perc": 7.758553805570642e-05}, "TINGHARA": {"global_perc": 1.0, "local_perc": 7.758553805570642e-05}, "TRAL": {"global_perc": 0.5, "local_perc": 7.758553805570642e-05}, "UDAYA RAMPUR": {"global_perc": 1.0, "local_perc": 7.758553805570642e-05}, "UNERA": {"global_perc": 1.0, "local_perc": 7.758553805570642e-05}, "UP MUHAL BHAJYAR": {"global_perc": 1.0, "local_perc": 7.758553805570642e-05}, "URMAR": {"global_perc": 1.0, "local_perc": 7.758553805570642e-05}, "VADAKATTUPATTI": {"global_perc": 1.0, "local_perc": 7.758553805570642e-05}, "VILANDAPUR": {"global_perc": 0.25, "local_perc": 7.758553805570642e-05}, "VINAURA": {"global_perc": 1.0, "local_perc": 7.758553805570642e-05}, "WALONG H.Q": {"global_perc": 1.0, "local_perc": 7.758553805570642e-05}, "Yongnyah vill": {"global_perc": 1.0, "local_perc": 7.758553805570642e-05}, "ZAHRIKHAL": {"global_perc": 0.3333333333333333, "local_perc": 7.758553805570642e-05}}, "partition_field": "Near_Vil_Tow_Nam_hav_Prim_School", "Vil_Nam": "Kuligam", "Stat_Nam": "JAMMU & KASHMIR"}, {"data": [["Prim_Heal_Cen_Doc_In_Pos_Num", 3.0], ["Prim_Heal_Cen_Num", 2.0], 1.5], "data_low": {"Stat_Nam": "JAMMU & KASHMIR", "Vil_Nam": "Billawar", "Prim_Heal_Cen_Num": "2", "Prim_Heal_Cen_Doc_In_Pos_Num": "3", "id": 1675}, "data_high": {"Stat_Nam": "JAMMU & KASHMIR", "Vil_Nam": "Shajroo", "Prim_Heal_Cen_Num": "4", "Prim_Heal_Cen_Doc_In_Pos_Num": "6", "id": 5103}, "perc": 0.011401501465333815, "metric": 99.98859799849167, "value_global_local": {"": {"global_perc": 0.00010997195715092652, "local_perc": 0.6197183098591549}, "0": {"global_perc": 0.004052684903748734, "local_perc": 0.22535211267605634}, "a": {"global_perc": 1.8204325347702613e-05, "local_perc": 0.014084507042253521}, "b": {"global_perc": 5.397469666220476e-05, "local_perc": 0.07042253521126761}, "c": {"global_perc": 7.031656517642427e-05, "local_perc": 0.07042253521126761}}, "partition_field": "Dist_Nut_Cen_Other", "Vil_Nam": "Billawar", "Stat_Nam": "JAMMU & KASHMIR"}, {"data": [["Prim_Heal_Cen_Doc_In_Pos_Num", 5.0], ["Prim_Heal_Cen_Num", 3.0], 1.6666666666666667], "data_low": {"Stat_Nam": "JAMMU & KASHMIR", "Vil_Nam": "Mahore", "Prim_Heal_Cen_Num": "3", "Prim_Heal_Cen_Doc_In_Pos_Num": "5", "id": 5104}, "data_high": {"Stat_Nam": "JAMMU & KASHMIR", "Vil_Nam": "Mahore", "Prim_Heal_Cen_Num": "3", "Prim_Heal_Cen_Doc_In_Pos_Num": "5", "id": 5104}, "perc": 0.0003211690553615159, "metric": 99.99967816414674, "value_global_local": {}, "partition_field": null, "Vil_Nam": "Mahore", "Stat_Nam": "JAMMU & KASHMIR"}, {"data": [["Prim_Heal_Cen_Doc_In_Pos_Num", 2.0], ["Prim_Heal_Cen_Num", 1.0], 2.0], "data_low": {"Stat_Nam": "JAMMU & KASHMIR", "Vil_Nam": "Keran", "Prim_Heal_Cen_Num": "1", "Prim_Heal_Cen_Doc_In_Pos_Num": "2", "id": 1}, "data_high": {"Stat_Nam": "West Bengal", "Vil_Nam": "Kulberia", "Prim_Heal_Cen_Num": "2", "Prim_Heal_Cen_Doc_In_Pos_Num": "4", "id": 331761}, "perc": 0.9029667991489019, "metric": 99.09703220968254, "value_global_local": {"": {"global_perc": 0.01062820852483691, "local_perc": 0.9845278321180865}, "ADHARPUR": {"global_perc": 0.25, "local_perc": 0.00017784101013693757}, "AMBALA": {"global_perc": 0.2, "local_perc": 0.00017784101013693757}, "Amonggre": {"global_perc": 0.25, "local_perc": 0.00017784101013693757}, "B.BAGEWADI": {"global_perc": 0.5, "local_perc": 0.00017784101013693757}, "BALIA": {"global_perc": 0.16666666666666666, "local_perc": 0.00035568202027387515}, "BANGANA": {"global_perc": 0.0625, "local_perc": 0.00017784101013693757}, "BASEDOUR": {"global_perc": 0.3333333333333333, "local_perc": 0.00017784101013693757}, "BEGUMSARAI": {"global_perc": 1.0, "local_perc": 0.00017784101013693757}, "BELHAN": {"global_perc": 0.3333333333333333, "local_perc": 0.00017784101013693757}, "BHARERI": {"global_perc": 0.09090909090909091, "local_perc": 0.00017784101013693757}, "BHEEMAWALA": {"global_perc": 1.0, "local_perc": 0.00017784101013693757}, "BHIRAWA": {"global_perc": 1.0, "local_perc": 0.00017784101013693757}, "BISNAH": {"global_perc": 0.4, "local_perc": 0.00035568202027387515}, "BORAGAONWADI": {"global_perc": 1.0, "local_perc": 0.00017784101013693757}, "CHAMPAPUR": {"global_perc": 0.3333333333333333, "local_perc": 0.00017784101013693757}, "CHARU": {"global_perc": 0.03571428571428571, "local_perc": 0.00017784101013693757}, "CHHANI": {"global_perc": 0.14285714285714285, "local_perc": 0.00017784101013693757}, "CHHITPAL GARH": {"global_perc": 1.0, "local_perc": 0.00017784101013693757}, "CHOWKI": {"global_perc": 0.125, "local_perc": 0.00017784101013693757}, "DAULATPUR": {"global_perc": 0.02857142857142857, "local_perc": 0.00017784101013693757}, "DHUNA": {"global_perc": 0.3333333333333333, "local_perc": 0.00017784101013693757}, "Dhanaka": {"global_perc": 1.0, "local_perc": 0.00017784101013693757}, "FATTA BANGAR": {"global_perc": 1.0, "local_perc": 0.00017784101013693757}, "GADUTHURU": {"global_perc": 0.1, "local_perc": 0.00017784101013693757}, "GOPALPUR": {"global_perc": 0.008333333333333333, "local_perc": 0.00017784101013693757}, "GUJARAN PURVA": {"global_perc": 1.0, "local_perc": 0.00017784101013693757}, "HALLIDAYGANJ": {"global_perc": 0.2, "local_perc": 0.00017784101013693757}, "HARNA": {"global_perc": 0.5, "local_perc": 0.00017784101013693757}, "IDAR": {"global_perc": 0.5, "local_perc": 0.00017784101013693757}, "ITKHORI": {"global_perc": 0.5, "local_perc": 0.00017784101013693757}, "JAGATPUR": {"global_perc": 0.047619047619047616, "local_perc": 0.00017784101013693757}, "JALIKHAN": {"global_perc": 0.3333333333333333, "local_perc": 0.00017784101013693757}, "JOSYANA": {"global_perc": 0.2, "local_perc": 0.00017784101013693757}, "KANAUDI": {"global_perc": 0.5, "local_perc": 0.00017784101013693757}, "KARALA GAON": {"global_perc": 0.2, "local_perc": 0.00017784101013693757}, "KHIRAIRIKHAL": {"global_perc": 0.2, "local_perc": 0.00017784101013693757}, "KHURDA SEER": {"global_perc": 1.0, "local_perc": 0.00017784101013693757}, "KIRATPUR": {"global_perc": 0.16666666666666666, "local_perc": 0.00017784101013693757}, "KOTTARAM": {"global_perc": 1.0, "local_perc": 0.00017784101013693757}, "KUMIZHI": {"global_perc": 1.0, "local_perc": 0.00017784101013693757}, "KUTHAL GAON": {"global_perc": 0.14285714285714285, "local_perc": 0.00017784101013693757}, "MADHOPUR": {"global_perc": 0.03225806451612903, "local_perc": 0.00017784101013693757}, "MAHADUPUR": {"global_perc": 1.0, "local_perc": 0.00017784101013693757}, "MAJHOLA": {"global_perc": 0.5, "local_perc": 0.00017784101013693757}, "MALAG": {"global_perc": 0.25, "local_perc": 0.00017784101013693757}, "MALIHAPUR": {"global_perc": 1.0, "local_perc": 0.00017784101013693757}, "MANGARA": {"global_perc": 1.0, "local_perc": 0.00017784101013693757}, "MARHANA": {"global_perc": 0.14285714285714285, "local_perc": 0.00017784101013693757}, "MELPAKKAM": {"global_perc": 0.5, "local_perc": 0.00017784101013693757}, "MOTHAROWALA": {"global_perc": 1.0, "local_perc": 0.00017784101013693757}, "MUNCHINGI PUTTU": {"global_perc": 0.1111111111111111, "local_perc": 0.00017784101013693757}, "N.A.": {"global_perc": 0.0011365788975184693, "local_perc": 0.002134092121643251}, "NEWAIZPAR": {"global_perc": 0.25, "local_perc": 0.00017784101013693757}, "NUAGAN": {"global_perc": 0.14285714285714285, "local_perc": 0.00017784101013693757}, "PANIPAT": {"global_perc": 0.2, "local_perc": 0.00017784101013693757}, "PATHOLI": {"global_perc": 1.0, "local_perc": 0.00017784101013693757}, "PIPRA GODHAR": {"global_perc": 1.0, "local_perc": 0.00017784101013693757}, "PULSIYA": {"global_perc": 1.0, "local_perc": 0.00017784101013693757}, "RAGHOPUR": {"global_perc": 0.16666666666666666, "local_perc": 0.00017784101013693757}, "RAKHAUNA": {"global_perc": 0.2, "local_perc": 0.00017784101013693757}, "RAMGARHA": {"global_perc": 1.0, "local_perc": 0.00017784101013693757}, "RUPAS MAHAJI": {"global_perc": 0.5, "local_perc": 0.00017784101013693757}, "SHAIKHPUR": {"global_perc": 0.5, "local_perc": 0.00017784101013693757}, "SIHORIYA": {"global_perc": 0.5, "local_perc": 0.00017784101013693757}, "TAJANGI": {"global_perc": 1.0, "local_perc": 0.00017784101013693757}, "TAMBA": {"global_perc": 0.5, "local_perc": 0.00017784101013693757}, "TETRI": {"global_perc": 0.5, "local_perc": 0.00017784101013693757}, "THANDORA": {"global_perc": 0.5, "local_perc": 0.00017784101013693757}, "TIKAITA": {"global_perc": 1.0, "local_perc": 0.00017784101013693757}, "TINALI": {"global_perc": 0.16666666666666666, "local_perc": 0.00017784101013693757}, "TORANGDIH": {"global_perc": 1.0, "local_perc": 0.00017784101013693757}, "Tengkigittim": {"global_perc": 0.16666666666666666, "local_perc": 0.00017784101013693757}, "USODU": {"global_perc": 0.125, "local_perc": 0.00017784101013693757}, "VELLALAPATTI": {"global_perc": 0.5, "local_perc": 0.00017784101013693757}}, "partition_field": "Near_Vil_Tow_Nam_hav_Prim_School", "Vil_Nam": "Keran", "Stat_Nam": "JAMMU & KASHMIR"}, {"data": [["Prim_Heal_Cen_Doc_In_Pos_Num", 5.0], ["Prim_Heal_Cen_Num", 2.0], 2.5], "data_low": {"Stat_Nam": "JAMMU & KASHMIR", "Vil_Nam": "Bhajwal", "Prim_Heal_Cen_Num": "2", "Prim_Heal_Cen_Doc_In_Pos_Num": "5", "id": 1635}, "data_high": {"Stat_Nam": "JAMMU & KASHMIR", "Vil_Nam": "Bhajwal", "Prim_Heal_Cen_Num": "2", "Prim_Heal_Cen_Doc_In_Pos_Num": "5", "id": 1635}, "perc": 0.0008029226384037898, "metric": 99.9991955770736, "value_global_local": {}, "partition_field": null, "Vil_Nam": "Bhajwal", "Stat_Nam": "JAMMU & KASHMIR"}, {"data": [["Prim_Heal_Cen_Doc_In_Pos_Num", 8.0], ["Prim_Heal_Cen_Num", 3.0], 2.6666666666666665], "data_low": {"Stat_Nam": "Tamil Nadu", "Vil_Nam": "Desavilakku", "Prim_Heal_Cen_Num": "3", "Prim_Heal_Cen_Doc_In_Pos_Num": "8", "id": 611290}, "data_high": {"Stat_Nam": "Tamil Nadu", "Vil_Nam": "Desavilakku", "Prim_Heal_Cen_Num": "3", "Prim_Heal_Cen_Doc_In_Pos_Num": "8", "id": 611290}, "perc": 0.0003211690553615159, "metric": 99.99967716394993, "value_global_local": {}, "partition_field": null, "Vil_Nam": "Desavilakku", "Stat_Nam": "Tamil Nadu"}, {"data": [["Prim_Heal_Cen_Doc_In_Pos_Num", 3.0], ["Prim_Heal_Cen_Num", 1.0], 3.0], "data_low": {"Stat_Nam": "JAMMU & KASHMIR", "Vil_Nam": "Hayihama", "Prim_Heal_Cen_Num": "1", "Prim_Heal_Cen_Doc_In_Pos_Num": "3", "id": 54}, "data_high": {"Stat_Nam": "Tamil Nadu", "Vil_Nam": "Vadakuthu", "Prim_Heal_Cen_Num": "3", "Prim_Heal_Cen_Doc_In_Pos_Num": "9", "id": 614041}, "perc": 0.13312457344734835, "metric": 99.86687342881562, "value_global_local": {"ANDAMAN & NICOBAR ISLANDS": {"global_perc": 0.012612612612612612, "local_perc": 0.008443908323281062}, "ANDHRA PRADESH": {"global_perc": 0.0009712230215827338, "local_perc": 0.032569360675512665}, "ASSAM": {"global_perc": 0.0012502367872703163, "local_perc": 0.039806996381182146}, "Arunachal Pradesh": {"global_perc": 0.0010735373054213634, "local_perc": 0.007237635705669481}, "BIHAR": {"global_perc": 0.0022507465347417215, "local_perc": 0.1218335343787696}, "CHHATTISGARH": {"global_perc": 0.0017390440226572592, "local_perc": 0.04221954161640531}, "HARYANA": {"global_perc": 0.00964771232275983, "local_perc": 0.07961399276236429}, "HIMACHAL PRADESH": {"global_perc": 0.0014499758337361043, "local_perc": 0.03618817852834741}, "JAMMU & KASHMIR": {"global_perc": 0.007630093087135663, "local_perc": 0.06031363088057901}, "JHARKHAND": {"global_perc": 0.0008643575970858801, "local_perc": 0.033775633293124246}, "KARNATAKA": {"global_perc": 0.00047716428084526244, "local_perc": 0.016887816646562123}, "KERALA": {"global_perc": 0.05108055009823183, "local_perc": 0.06272617611580217}, "MADHYA PRADESH": {"global_perc": 0.001329617689379451, "local_perc": 0.08805790108564536}, "MANIPUR": {"global_perc": 0.003487020534676482, "local_perc": 0.010856453558504222}, "Maharashtra": {"global_perc": 0.00011450818733539448, "local_perc": 0.006031363088057901}, "Meghalaya": {"global_perc": 0.0020470829068577278, "local_perc": 0.016887816646562123}, "NAGALAND": {"global_perc": 0.0014005602240896359, "local_perc": 0.0024125452352231603}, "ODISHA": {"global_perc": 0.0005651589265878043, "local_perc": 0.03498190591073583}, "PUDUCHERRY": {"global_perc": 0.05555555555555555, "local_perc": 0.006031363088057901}, "Punjab": {"global_perc": 0.0019076385025037755, "local_perc": 0.028950542822677925}, "SIKKIM": {"global_perc": 0.0022172949002217295, "local_perc": 0.0012062726176115801}, "TRIPURA": {"global_perc": 0.025142857142857144, "local_perc": 0.026537997587454766}, "Tamil Nadu": {"global_perc": 0.0022529570060704674, "local_perc": 0.04342581423401689}, "UTTAR PRADESH": {"global_perc": 0.00044018206679528725, "local_perc": 0.05669481302774427}, "UTTARAKHAND": {"global_perc": 0.0029178824510212586, "local_perc": 0.05910735826296743}, "West Bengal": {"global_perc": 0.0015913272663981301, "local_perc": 0.07720144752714113}}, "partition_field": "Stat_Nam", "Vil_Nam": "Hayihama", "Stat_Nam": "JAMMU & KASHMIR"}, {"data": [["Prim_Heal_Cen_Doc_In_Pos_Num", 10.0], ["Prim_Heal_Cen_Num", 3.0], 3.3333333333333335], "data_low": {"Stat_Nam": "Tamil Nadu", "Vil_Nam": "Kavandapadi", "Prim_Heal_Cen_Num": "3", "Prim_Heal_Cen_Doc_In_Pos_Num": "10", "id": 612267}, "data_high": {"Stat_Nam": "Tamil Nadu", "Vil_Nam": "Kavandapadi", "Prim_Heal_Cen_Num": "3", "Prim_Heal_Cen_Doc_In_Pos_Num": "10", "id": 612267}, "perc": 0.00016058452768075794, "metric": 99.999837081676, "value_global_local": {}, "partition_field": null, "Vil_Nam": "Kavandapadi", "Stat_Nam": "Tamil Nadu"}, {"data": [["Prim_Heal_Cen_Doc_In_Pos_Num", 4.0], ["Prim_Heal_Cen_Num", 1.0], 4.0], "data_low": {"Stat_Nam": "JAMMU & KASHMIR", "Vil_Nam": "Gagar Pora", "Prim_Heal_Cen_Num": "1", "Prim_Heal_Cen_Doc_In_Pos_Num": "4", "id": 412}, "data_high": {"Stat_Nam": "Tamil Nadu", "Vil_Nam": "Kadiapattinam", "Prim_Heal_Cen_Num": "2", "Prim_Heal_Cen_Doc_In_Pos_Num": "8", "id": 620363}, "perc": 0.04769360472118511, "metric": 99.95230339610981, "value_global_local": {"ANDAMAN & NICOBAR ISLANDS": {"global_perc": 0.0018018018018018018, "local_perc": 0.003367003367003367}, "ANDHRA PRADESH": {"global_perc": 0.00014388489208633093, "local_perc": 0.013468013468013467}, "Arunachal Pradesh": {"global_perc": 0.0003578457684737878, "local_perc": 0.006734006734006734}, "BIHAR": {"global_perc": 0.000958238623701921, "local_perc": 0.1447811447811448}, "CHHATTISGARH": {"global_perc": 0.0009937394415184338, "local_perc": 0.06734006734006734}, "GOA": {"global_perc": 0.014970059880239521, "local_perc": 0.016835016835016835}, "HARYANA": {"global_perc": 0.00233883935097208, "local_perc": 0.05387205387205387}, "HIMACHAL PRADESH": {"global_perc": 0.0002899951667472209, "local_perc": 0.020202020202020204}, "JAMMU & KASHMIR": {"global_perc": 0.0045780558522813975, "local_perc": 0.10101010101010101}, "JHARKHAND": {"global_perc": 0.0010495770821757117, "local_perc": 0.11447811447811448}, "KARNATAKA": {"global_perc": 0.000136332651670075, "local_perc": 0.013468013468013467}, "KERALA": {"global_perc": 0.012770137524557957, "local_perc": 0.04377104377104377}, "MADHYA PRADESH": {"global_perc": 0.0003824927599584722, "local_perc": 0.0707070707070707}, "MANIPUR": {"global_perc": 0.0015497869043006587, "local_perc": 0.013468013468013467}, "NCT OF DELHI": {"global_perc": 0.008928571428571428, "local_perc": 0.003367003367003367}, "Punjab": {"global_perc": 0.0008743343136475638, "local_perc": 0.037037037037037035}, "TRIPURA": {"global_perc": 0.0034285714285714284, "local_perc": 0.010101010101010102}, "Tamil Nadu": {"global_perc": 6.258213905751299e-05, "local_perc": 0.003367003367003367}, "UTTAR PRADESH": {"global_perc": 0.00023413939723153577, "local_perc": 0.08417508417508418}, "UTTARAKHAND": {"global_perc": 0.0003572917286964807, "local_perc": 0.020202020202020204}, "West Bengal": {"global_perc": 0.0011686309612611268, "local_perc": 0.15824915824915825}}, "partition_field": "Stat_Nam", "Vil_Nam": "Gagar Pora", "Stat_Nam": "JAMMU & KASHMIR"}, {"data": [["Prim_Heal_Cen_Doc_In_Pos_Num", 5.0], ["Prim_Heal_Cen_Num", 1.0], 5.0], "data_low": {"Stat_Nam": "Tamil Nadu", "Vil_Nam": "Pamban", "Prim_Heal_Cen_Num": "2", "Prim_Heal_Cen_Doc_In_Pos_Num": "10", "id": 619437}, "data_high": {"Stat_Nam": "JAMMU & KASHMIR", "Vil_Nam": "Watra Hail", "Prim_Heal_Cen_Num": "1", "Prim_Heal_Cen_Doc_In_Pos_Num": "5", "id": 553}, "perc": 0.01878838973864868, "metric": 99.98120761021292, "value_global_local": {"ANDHRA PRADESH": {"global_perc": 3.597122302158273e-05, "local_perc": 0.008547008547008548}, "Arunachal Pradesh": {"global_perc": 0.0001789228842368939, "local_perc": 0.008547008547008548}, "BIHAR": {"global_perc": 0.0003119846681820208, "local_perc": 0.11965811965811966}, "CHHATTISGARH": {"global_perc": 0.0005465566928351387, "local_perc": 0.09401709401709402}, "HARYANA": {"global_perc": 0.001023242216050285, "local_perc": 0.05982905982905983}, "HIMACHAL PRADESH": {"global_perc": 9.666505558240696e-05, "local_perc": 0.017094017094017096}, "JAMMU & KASHMIR": {"global_perc": 0.0018312223409125592, "local_perc": 0.10256410256410256}, "JHARKHAND": {"global_perc": 0.00027782922763474715, "local_perc": 0.07692307692307693}, "KERALA": {"global_perc": 0.0019646365422396855, "local_perc": 0.017094017094017096}, "MADHYA PRADESH": {"global_perc": 0.0003278509371072619, "local_perc": 0.15384615384615385}, "MANIPUR": {"global_perc": 0.001162340178225494, "local_perc": 0.02564102564102564}, "Punjab": {"global_perc": 0.0003974246880216199, "local_perc": 0.042735042735042736}, "TRIPURA": {"global_perc": 0.002285714285714286, "local_perc": 0.017094017094017096}, "Tamil Nadu": {"global_perc": 6.258213905751299e-05, "local_perc": 0.008547008547008548}, "UTTAR PRADESH": {"global_perc": 6.555903122483001e-05, "local_perc": 0.05982905982905983}, "UTTARAKHAND": {"global_perc": 0.0001190972428988269, "local_perc": 0.017094017094017096}, "West Bengal": {"global_perc": 0.0004972897707494157, "local_perc": 0.17094017094017094}}, "partition_field": "Stat_Nam", "Vil_Nam": "Watra Hail", "Stat_Nam": "JAMMU & KASHMIR"}, {"data": [["Prim_Heal_Cen_Doc_In_Pos_Num", 6.0], ["Prim_Heal_Cen_Num", 1.0], 6.0], "data_low": {"Stat_Nam": "JAMMU & KASHMIR", "Vil_Nam": "Kramsher", "Prim_Heal_Cen_Num": "1", "Prim_Heal_Cen_Doc_In_Pos_Num": "6", "id": 558}, "data_high": {"Stat_Nam": "JAMMU & KASHMIR", "Vil_Nam": "Kramsher", "Prim_Heal_Cen_Num": "1", "Prim_Heal_Cen_Doc_In_Pos_Num": "6", "id": 558}, "perc": 0.008992733550122445, "metric": 99.99100226589947, "value_global_local": {"BIHAR": {"global_perc": 0.0002451308107144449, "local_perc": 0.19642857142857142}, "CHHATTISGARH": {"global_perc": 0.00029812183245553017, "local_perc": 0.10714285714285714}, "GOA": {"global_perc": 0.0029940119760479044, "local_perc": 0.017857142857142856}, "HARYANA": {"global_perc": 0.000146177459435755, "local_perc": 0.017857142857142856}, "JAMMU & KASHMIR": {"global_perc": 0.0004578055852281398, "local_perc": 0.05357142857142857}, "JHARKHAND": {"global_perc": 3.086991418163858e-05, "local_perc": 0.017857142857142856}, "MADHYA PRADESH": {"global_perc": 1.821394095040344e-05, "local_perc": 0.017857142857142856}, "MANIPUR": {"global_perc": 0.004261913986826811, "local_perc": 0.19642857142857142}, "PUDUCHERRY": {"global_perc": 0.022222222222222223, "local_perc": 0.03571428571428571}, "Punjab": {"global_perc": 0.0003179397504172959, "local_perc": 0.07142857142857142}, "TRIPURA": {"global_perc": 0.001142857142857143, "local_perc": 0.017857142857142856}, "UTTAR PRADESH": {"global_perc": 9.365575889261431e-06, "local_perc": 0.017857142857142856}, "UTTARAKHAND": {"global_perc": 5.954862144941345e-05, "local_perc": 0.017857142857142856}, "West Bengal": {"global_perc": 0.0002983738624496494, "local_perc": 0.21428571428571427}}, "partition_field": "Stat_Nam", "Vil_Nam": "Kramsher", "Stat_Nam": "JAMMU & KASHMIR"}, {"data": [["Prim_Heal_Cen_Doc_In_Pos_Num", 7.0], ["Prim_Heal_Cen_Num", 1.0], 7.0], "data_low": {"Stat_Nam": "JAMMU & KASHMIR", "Vil_Nam": "Gundna", "Prim_Heal_Cen_Num": "1", "Prim_Heal_Cen_Doc_In_Pos_Num": "7", "id": 4064}, "data_high": {"Stat_Nam": "JAMMU & KASHMIR", "Vil_Nam": "Gundna", "Prim_Heal_Cen_Num": "1", "Prim_Heal_Cen_Doc_In_Pos_Num": "7", "id": 4064}, "perc": 0.0024087679152113694, "metric": 99.99758523102916, "value_global_local": {}, "partition_field": null, "Vil_Nam": "Gundna", "Stat_Nam": "JAMMU & KASHMIR"}, {"data": [["Prim_Heal_Cen_Doc_In_Pos_Num", 8.0], ["Prim_Heal_Cen_Num", 1.0], 8.0], "data_low": {"Stat_Nam": "UTTAR PRADESH", "Vil_Nam": "Malhanpar", "Prim_Heal_Cen_Num": "1", "Prim_Heal_Cen_Doc_In_Pos_Num": "8", "id": 186232}, "data_high": {"Stat_Nam": "UTTAR PRADESH", "Vil_Nam": "Malhanpar", "Prim_Heal_Cen_Num": "1", "Prim_Heal_Cen_Doc_In_Pos_Num": "8", "id": 186232}, "perc": 0.0022481833875306113, "metric": 99.99774481536966, "value_global_local": {}, "partition_field": null, "Vil_Nam": "Malhanpar", "Stat_Nam": "UTTAR PRADESH"}, {"data": [["Prim_Heal_Cen_Doc_In_Pos_Num", 9.0], ["Prim_Heal_Cen_Num", 1.0], 9.0], "data_low": {"Stat_Nam": "West Bengal", "Vil_Nam": "Alfa", "Prim_Heal_Cen_Num": "1", "Prim_Heal_Cen_Doc_In_Pos_Num": "9", "id": 320003}, "data_high": {"Stat_Nam": "West Bengal", "Vil_Nam": "Alfa", "Prim_Heal_Cen_Num": "1", "Prim_Heal_Cen_Doc_In_Pos_Num": "9", "id": 320003}, "perc": 0.0006423381107230318, "metric": 99.99934966034044, "value_global_local": {}, "partition_field": null, "Vil_Nam": "Alfa", "Stat_Nam": "West Bengal"}, {"data": [["Prim_Heal_Cen_Doc_In_Pos_Num", 10.0], ["Prim_Heal_Cen_Num", 1.0], 10.0], "data_low": {"Stat_Nam": "HARYANA", "Vil_Nam": "Kharhar(21)", "Prim_Heal_Cen_Num": "1", "Prim_Heal_Cen_Doc_In_Pos_Num": "10", "id": 61367}, "data_high": {"Stat_Nam": "HARYANA", "Vil_Nam": "Kharhar(21)", "Prim_Heal_Cen_Num": "1", "Prim_Heal_Cen_Doc_In_Pos_Num": "10", "id": 61367}, "perc": 0.0006423381107230318, "metric": 99.99934866014682, "value_global_local": {}, "partition_field": null, "Vil_Nam": "Kharhar(21)", "Stat_Nam": "HARYANA"}, {"data": [["Prim_Heal_Cen_Doc_In_Pos_Num", 12.0], ["Prim_Heal_Cen_Num", 1.0], 12.0], "data_low": {"Stat_Nam": "West Bengal", "Vil_Nam": "Chanditala", "Prim_Heal_Cen_Num": "1", "Prim_Heal_Cen_Doc_In_Pos_Num": "12", "id": 323944}, "data_high": {"Stat_Nam": "West Bengal", "Vil_Nam": "Chanditala", "Prim_Heal_Cen_Num": "1", "Prim_Heal_Cen_Doc_In_Pos_Num": "12", "id": 323944}, "perc": 0.00016058452768075794, "metric": 99.99982841328966, "value_global_local": {}, "partition_field": null, "Vil_Nam": "Chanditala", "Stat_Nam": "West Bengal"}, {"data": [["Prim_Heal_Cen_Doc_In_Pos_Num", 3.0], ["Prim_Heal_Cen_Num", 0.0], 9999], "data_low": {"Stat_Nam": "UTTAR PRADESH", "Vil_Nam": "Mirzapur", "Prim_Heal_Cen_Num": "0", "Prim_Heal_Cen_Doc_In_Pos_Num": "1", "id": 119646}, "data_high": {"Stat_Nam": "UTTAR PRADESH", "Vil_Nam": "Nagra Dube", "Prim_Heal_Cen_Num": "0", "Prim_Heal_Cen_Doc_In_Pos_Num": "7", "id": 178776}, "perc": 0.025854108956602034, "metric": 99.96414847655429, "value_global_local": {"HARYANA": {"global_perc": 0.000146177459435755, "local_perc": 0.006211180124223602}, "NAGALAND": {"global_perc": 0.0007002801120448179, "local_perc": 0.006211180124223602}, "UTTAR PRADESH": {"global_perc": 0.0012268904414932474, "local_perc": 0.8136645962732919}, "West Bengal": {"global_perc": 0.000696205679049182, "local_perc": 0.17391304347826086}}, "partition_field": "Stat_Nam", "Vil_Nam": "Rehroda Kalan(12)", "Stat_Nam": "HARYANA"}, {"data": [["Prim_Heal_Cen_Doc_In_Pos_Num", 0], ["Prim_Heal_Cen_Num", 0], 99980001], "data_low": {"Stat_Nam": "JAMMU & KASHMIR", "Vil_Nam": "Bore", "Prim_Heal_Cen_Num": "", "Prim_Heal_Cen_Doc_In_Pos_Num": "", "id": 0}, "data_high": {"Stat_Nam": "JAMMU & KASHMIR", "Vil_Nam": "Palmar", "Prim_Heal_Cen_Num": "Phc_Num", "Prim_Heal_Cen_Doc_In_Pos_Num": "Phc_pos", "id": 4582}, "perc": 96.35585531334056, "metric": 9.637512937546435e-07, "value_global_local": {"null": {"global_perc": 0.9635585531334055, "local_perc": 1.0}}, "partition_field": "Dist_Other", "Vil_Nam": "Bore", "Stat_Nam": "JAMMU & KASHMIR"}]