[{"data": [["Prim_Heal_Sub_Cen_Num", 0.0], ["Prim_Heal_Sub_Cen_Par_Med_Staf_Tot_Stren_Num", 2.0], 0.0], "data_low": {"Stat_Nam": "UTTAR PRADESH", "Vil_Nam": "Songar", "Prim_Heal_Sub_Cen_Num": "", "Prim_Heal_Sub_Cen_Par_Med_Staf_Tot_Stren_Num": "3", "id": 199426}, "data_high": {"Stat_Nam": "West Bengal", "Vil_Nam": "Baikuntapur", "Prim_Heal_Sub_Cen_Num": "2", "Prim_Heal_Sub_Cen_Par_Med_Staf_Tot_Stren_Num": "22", "id": 333043}, "perc": 0.05845276807579589, "metric": 99.9415482315396, "value_global_local": {"BIHAR": {"global_perc": 0.0001559923340910104, "local_perc": 0.019230769230769232}, "JAMMU & KASHMIR": {"global_perc": 0.0025942316496261253, "local_perc": 0.046703296703296704}, "JHARKHAND": {"global_perc": 3.086991418163858e-05, "local_perc": 0.0027472527472527475}, "KARNATAKA": {"global_perc": 0.000136332651670075, "local_perc": 0.01098901098901099}, "KERALA": {"global_perc": 0.0029469548133595285, "local_perc": 0.008241758241758242}, "MANIPUR": {"global_perc": 0.001162340178225494, "local_perc": 0.008241758241758242}, "NAGALAND": {"global_perc": 0.0007002801120448179, "local_perc": 0.0027472527472527475}, "Punjab": {"global_perc": 0.00015896987520864795, "local_perc": 0.005494505494505495}, "TRIPURA": {"global_perc": 0.001142857142857143, "local_perc": 0.0027472527472527475}, "UTTAR PRADESH": {"global_perc": 0.001564051173506659, "local_perc": 0.45879120879120877}, "UTTARAKHAND": {"global_perc": 0.0004763889715953076, "local_perc": 0.02197802197802198}, "West Bengal": {"global_perc": 0.0037296732806206176, "local_perc": 0.41208791208791207}}, "partition_field": "Stat_Nam", "Vil_Nam": "Akhtyarpur Bhur", "Stat_Nam": "UTTAR PRADESH"}, {"data": [["Prim_Heal_Sub_Cen_Num", 1.0], ["Prim_Heal_Sub_Cen_Par_Med_Staf_Tot_Stren_Num", 9.0], 0.1111111111111111], "data_low": {"Stat_Nam": "JAMMU & KASHMIR", "Vil_Nam": "Hutt", "Prim_Heal_Sub_Cen_Num": "1", "Prim_Heal_Sub_Cen_Par_Med_Staf_Tot_Stren_Num": "9", "id": 1705}, "data_high": {"Stat_Nam": "JAMMU & KASHMIR", "Vil_Nam": "Brehvi", "Prim_Heal_Sub_Cen_Num": "3", "Prim_Heal_Sub_Cen_Par_Med_Staf_Tot_Stren_Num": "15", "id": 1534}, "perc": 0.31924204102934683, "metric": 99.6807588451991, "value_global_local": {"ANDAMAN & NICOBAR ISLANDS": {"global_perc": 0.0018018018018018018, "local_perc": 0.0005030181086519115}, "ASSAM": {"global_perc": 0.0033718507293047924, "local_perc": 0.04476861167002012}, "BIHAR": {"global_perc": 0.001604492579221821, "local_perc": 0.03621730382293763}, "CHHATTISGARH": {"global_perc": 4.9686972075921695e-05, "local_perc": 0.0005030181086519115}, "GOA": {"global_perc": 0.0029940119760479044, "local_perc": 0.0005030181086519115}, "HARYANA": {"global_perc": 0.00350825902645812, "local_perc": 0.012072434607645875}, "JAMMU & KASHMIR": {"global_perc": 0.00839310239584923, "local_perc": 0.02766599597585513}, "JHARKHAND": {"global_perc": 0.0294498981292832, "local_perc": 0.4798792756539235}, "KARNATAKA": {"global_perc": 0.0020790729379686437, "local_perc": 0.0306841046277666}, "KERALA": {"global_perc": 0.05009823182711198, "local_perc": 0.025653923541247486}, "MADHYA PRADESH": {"global_perc": 0.004644554942352877, "local_perc": 0.12826961770623743}, "MANIPUR": {"global_perc": 0.007361487795428129, "local_perc": 0.009557344064386318}, "MIZORAM": {"global_perc": 0.004819277108433735, "local_perc": 0.002012072434607646}, "NAGALAND": {"global_perc": 0.04131652661064426, "local_perc": 0.029678068410462777}, "Punjab": {"global_perc": 0.004053731817820523, "local_perc": 0.025653923541247486}, "TRIPURA": {"global_perc": 0.004571428571428572, "local_perc": 0.002012072434607646}, "UTTAR PRADESH": {"global_perc": 0.00041208533912750296, "local_perc": 0.022132796780684104}, "UTTARAKHAND": {"global_perc": 0.00690764008813196, "local_perc": 0.05835010060362173}, "West Bengal": {"global_perc": 0.0031577900442587895, "local_perc": 0.06388329979879276}}, "partition_field": "Stat_Nam", "Vil_Nam": "Hutt", "Stat_Nam": "JAMMU & KASHMIR"}, {"data": [["Prim_Heal_Sub_Cen_Num", 3.0], ["Prim_Heal_Sub_Cen_Par_Med_Staf_Tot_Stren_Num", 14.0], 0.21428571428571427], "data_low": {"Stat_Nam": "JAMMU & KASHMIR", "Vil_Nam": "Muqam Lolab", "Prim_Heal_Sub_Cen_Num": "1", "Prim_Heal_Sub_Cen_Par_Med_Staf_Tot_Stren_Num": "4", "id": 27}, "data_high": {"Stat_Nam": "KARNATAKA", "Vil_Nam": "Mudbi", "Prim_Heal_Sub_Cen_Num": "3", "Prim_Heal_Sub_Cen_Par_Med_Staf_Tot_Stren_Num": "14", "id": 578077}, "perc": 0.2452125737685174, "metric": 99.75478821017589, "value_global_local": {"ANDAMAN & NICOBAR ISLANDS": {"global_perc": 0.0018018018018018018, "local_perc": 0.0006548788474132286}, "ANDHRA PRADESH": {"global_perc": 0.0019784172661870504, "local_perc": 0.03601833660772757}, "ASSAM": {"global_perc": 0.0020837279787838604, "local_perc": 0.03601833660772757}, "BIHAR": {"global_perc": 0.0016267771983776798, "local_perc": 0.04780615586116568}, "GOA": {"global_perc": 0.041916167664670656, "local_perc": 0.0091683038637852}, "HARYANA": {"global_perc": 0.00146177459435755, "local_perc": 0.006548788474132285}, "HIMACHAL PRADESH": {"global_perc": 0.00014499758337361044, "local_perc": 0.0019646365422396855}, "JAMMU & KASHMIR": {"global_perc": 0.01403937128032962, "local_perc": 0.06024885396201703}, "JHARKHAND": {"global_perc": 0.005834413780329691, "local_perc": 0.1237721021611002}, "KARNATAKA": {"global_perc": 0.0017723244717109748, "local_perc": 0.034053700065487885}, "KERALA": {"global_perc": 0.07662082514734773, "local_perc": 0.05108055009823183}, "MADHYA PRADESH": {"global_perc": 0.00852412436478881, "local_perc": 0.30648330058939094}, "MANIPUR": {"global_perc": 0.014335528864781092, "local_perc": 0.024230517354289455}, "MIZORAM": {"global_perc": 0.008433734939759036, "local_perc": 0.0045841519318926}, "Maharashtra": {"global_perc": 2.2901637467078896e-05, "local_perc": 0.0006548788474132286}, "NAGALAND": {"global_perc": 0.028011204481792718, "local_perc": 0.02619515389652914}, "NCT OF DELHI": {"global_perc": 0.008928571428571428, "local_perc": 0.0006548788474132286}, "Punjab": {"global_perc": 0.0022255782529210714, "local_perc": 0.0183366077275704}, "SIKKIM": {"global_perc": 0.004434589800443459, "local_perc": 0.0013097576948264572}, "TRIPURA": {"global_perc": 0.024, "local_perc": 0.0137524557956778}, "UTTAR PRADESH": {"global_perc": 0.0007117837675838688, "local_perc": 0.04977079240340537}, "UTTARAKHAND": {"global_perc": 0.004644792473054249, "local_perc": 0.05108055009823183}, "West Bengal": {"global_perc": 0.0036302153264707346, "local_perc": 0.09561231172233137}}, "partition_field": "Stat_Nam", "Vil_Nam": "Mudbi", "Stat_Nam": "KARNATAKA"}, {"data": [["Prim_Heal_Sub_Cen_Num", 1.0], ["Prim_Heal_Sub_Cen_Par_Med_Staf_Tot_Stren_Num", 3.0], 0.3333333333333333], "data_low": {"Stat_Nam": "JAMMU & KASHMIR", "Vil_Nam": "Har Duing", "Prim_Heal_Sub_Cen_Num": "1", "Prim_Heal_Sub_Cen_Par_Med_Staf_Tot_Stren_Num": "3", "id": 8}, "data_high": {"Stat_Nam": "MIZORAM", "Vil_Nam": "Bawngthah", "Prim_Heal_Sub_Cen_Num": "4", "Prim_Heal_Sub_Cen_Par_Med_Staf_Tot_Stren_Num": "10", "id": 270061}, "perc": 2.379059777590429, "metric": 97.62094087334602, "value_global_local": {"ANDAMAN & NICOBAR ISLANDS": {"global_perc": 0.009009009009009009, "local_perc": 0.0003374957813027337}, "ANDHRA PRADESH": {"global_perc": 0.031654676258992806, "local_perc": 0.059399257509281135}, "ASSAM": {"global_perc": 0.056298541390414854, "local_perc": 0.10030374620317246}, "Arunachal Pradesh": {"global_perc": 0.0007156915369475756, "local_perc": 0.00026999662504218695}, "BIHAR": {"global_perc": 0.007866470562018096, "local_perc": 0.023827202159973}, "DAMAN & DIU": {"global_perc": 0.21052631578947367, "local_perc": 0.00026999662504218695}, "Dadra & Nagar Haveli": {"global_perc": 0.015384615384615385, "local_perc": 6.749915626054674e-05}, "GOA": {"global_perc": 0.16766467065868262, "local_perc": 0.0037799527505906175}, "HARYANA": {"global_perc": 0.013594503727525216, "local_perc": 0.006277421532230847}, "HIMACHAL PRADESH": {"global_perc": 0.00019333011116481392, "local_perc": 0.00026999662504218695}, "JAMMU & KASHMIR": {"global_perc": 0.033114603998168776, "local_perc": 0.014647316908538644}, "JHARKHAND": {"global_perc": 0.004445267642155954, "local_perc": 0.00971987850151873}, "KARNATAKA": {"global_perc": 0.0043967280163599185, "local_perc": 0.00870739115761053}, "KERALA": {"global_perc": 0.068762278978389, "local_perc": 0.004724940938238272}, "MADHYA PRADESH": {"global_perc": 0.006429521155492414, "local_perc": 0.023827202159973}, "MANIPUR": {"global_perc": 0.044556373498643935, "local_perc": 0.0077624029699628755}, "MIZORAM": {"global_perc": 0.05060240963855422, "local_perc": 0.0028349645629429632}, "NAGALAND": {"global_perc": 0.03081232492997199, "local_perc": 0.0029699628754640568}, "Punjab": {"global_perc": 0.007153644384389158, "local_perc": 0.006074924063449207}, "RAJASTHAN": {"global_perc": 0.22396579512893983, "local_perc": 0.6753290583867702}, "SIKKIM": {"global_perc": 0.06651884700665188, "local_perc": 0.0020249746878164025}, "TRIPURA": {"global_perc": 0.04342857142857143, "local_perc": 0.002564967937900776}, "UTTAR PRADESH": {"global_perc": 0.0008990952853690973, "local_perc": 0.006479919001012488}, "UTTARAKHAND": {"global_perc": 0.0032751741797177394, "local_perc": 0.003712453594330071}, "West Bengal": {"global_perc": 0.012457108757272862, "local_perc": 0.033817077286533916}}, "partition_field": "Stat_Nam", "Vil_Nam": "Har Duing", "Stat_Nam": "JAMMU & KASHMIR"}, {"data": [["Prim_Heal_Sub_Cen_Num", 5.0], ["Prim_Heal_Sub_Cen_Par_Med_Staf_Tot_Stren_Num", 11.0], 0.45454545454545453], "data_low": {"Stat_Nam": "JAMMU & KASHMIR", "Vil_Nam": "Chunti Wari", "Prim_Heal_Sub_Cen_Num": "1", "Prim_Heal_Sub_Cen_Par_Med_Staf_Tot_Stren_Num": "2", "id": 9}, "data_high": {"Stat_Nam": "ANDHRA PRADESH", "Vil_Nam": "Samathsingaram", "Prim_Heal_Sub_Cen_Num": "6", "Prim_Heal_Sub_Cen_Par_Med_Staf_Tot_Stren_Num": "12", "id": 557363}, "perc": 6.8192219679633865, "metric": 93.18077854039707, "value_global_local": {"ANDAMAN & NICOBAR ISLANDS": {"global_perc": 0.02882882882882883, "local_perc": 0.0003767808783704227}, "ANDHRA PRADESH": {"global_perc": 0.15514388489208633, "local_perc": 0.10156599552572707}, "ASSAM": {"global_perc": 0.02636863042242849, "local_perc": 0.016389968209113388}, "Arunachal Pradesh": {"global_perc": 0.0823045267489712, "local_perc": 0.010832450253149653}, "BIHAR": {"global_perc": 0.11333957302669698, "local_perc": 0.11976922171199812}, "CHHATTISGARH": {"global_perc": 0.03319089734671569, "local_perc": 0.015730601671965147}, "DAMAN & DIU": {"global_perc": 0.47368421052631576, "local_perc": 0.00021193924408336278}, "Dadra & Nagar Haveli": {"global_perc": 0.09230769230769231, "local_perc": 0.00014129282938890852}, "GOA": {"global_perc": 0.11077844311377245, "local_perc": 0.0008713057812316025}, "HARYANA": {"global_perc": 0.1998245870486771, "local_perc": 0.03219121629577299}, "HIMACHAL PRADESH": {"global_perc": 0.019381343644272596, "local_perc": 0.009443070764158719}, "JAMMU & KASHMIR": {"global_perc": 0.0506638180985808, "local_perc": 0.00781820322618627}, "JHARKHAND": {"global_perc": 0.019602395505340497, "local_perc": 0.01495349111032615}, "KARNATAKA": {"global_perc": 0.02392638036809816, "local_perc": 0.016531261038502297}, "KERALA": {"global_perc": 0.16306483300589392, "local_perc": 0.003909101613093135}, "LAKSHADWEEP": {"global_perc": 0.047619047619047616, "local_perc": 2.3548804898151418e-05}, "MADHYA PRADESH": {"global_perc": 0.02786732965411726, "local_perc": 0.03602967149417167}, "MANIPUR": {"global_perc": 0.03913211933359163, "local_perc": 0.0023784292947132933}, "MIZORAM": {"global_perc": 0.10120481927710843, "local_perc": 0.001978099611444719}, "Maharashtra": {"global_perc": 0.23955112790564526, "local_perc": 0.24632049923466384}, "Meghalaya": {"global_perc": 0.05483257786226056, "local_perc": 0.008830801836806783}, "NAGALAND": {"global_perc": 0.04341736694677871, "local_perc": 0.001460025903685388}, "NCT OF DELHI": {"global_perc": 0.044642857142857144, "local_perc": 0.0001177440244907571}, "ODISHA": {"global_perc": 0.11355796776645295, "local_perc": 0.13721888614152833}, "PUDUCHERRY": {"global_perc": 0.05555555555555555, "local_perc": 0.0001177440244907571}, "Punjab": {"global_perc": 0.01836102058659884, "local_perc": 0.005439773931472978}, "RAJASTHAN": {"global_perc": 0.09186962750716332, "local_perc": 0.09664429530201342}, "SIKKIM": {"global_perc": 0.026607538802660754, "local_perc": 0.00028258565877781704}, "TRIPURA": {"global_perc": 0.13028571428571428, "local_perc": 0.0026845637583892616}, "Tamil Nadu": {"global_perc": 0.012328681394330058, "local_perc": 0.00463911456493583}, "UTTAR PRADESH": {"global_perc": 0.005806657051342087, "local_perc": 0.01460025903685388}, "UTTARAKHAND": {"global_perc": 0.11111772762460549, "local_perc": 0.04394206993995055}, "West Bengal": {"global_perc": 0.04915709383857974, "local_perc": 0.04655598728364536}}, "partition_field": "Stat_Nam", "Vil_Nam": "Chhingchhip", "Stat_Nam": "MIZORAM"}, {"data": [["Prim_Heal_Sub_Cen_Num", 3.0], ["Prim_Heal_Sub_Cen_Par_Med_Staf_Tot_Stren_Num", 5.0], 0.6], "data_low": {"Stat_Nam": "UTTARAKHAND", "Vil_Nam": "Seriya", "Prim_Heal_Sub_Cen_Num": "2", "Prim_Heal_Sub_Cen_Par_Med_Staf_Tot_Stren_Num": "3", "id": 44446}, "data_high": {"Stat_Nam": "ANDHRA PRADESH", "Vil_Nam": "Veeravasaram", "Prim_Heal_Sub_Cen_Num": "6", "Prim_Heal_Sub_Cen_Par_Med_Staf_Tot_Stren_Num": "10", "id": 567107}, "perc": 0.03484684250672448, "metric": 99.96515355743388, "value_global_local": {"ANDHRA PRADESH": {"global_perc": 0.002985611510791367, "local_perc": 0.3824884792626728}, "ASSAM": {"global_perc": 0.002007956052282629, "local_perc": 0.24423963133640553}, "KARNATAKA": {"global_perc": 0.0012610770279481937, "local_perc": 0.17050691244239632}, "KERALA": {"global_perc": 0.026522593320235755, "local_perc": 0.12442396313364056}, "Tamil Nadu": {"global_perc": 0.00025032855623005195, "local_perc": 0.018433179723502304}, "UTTARAKHAND": {"global_perc": 0.0002381944857976538, "local_perc": 0.018433179723502304}, "West Bengal": {"global_perc": 0.00022378039683723706, "local_perc": 0.041474654377880185}}, "partition_field": "Stat_Nam", "Vil_Nam": "Bethavole", "Stat_Nam": "ANDHRA PRADESH"}, {"data": [["Prim_Heal_Sub_Cen_Num", 5.0], ["Prim_Heal_Sub_Cen_Par_Med_Staf_Tot_Stren_Num", 7.0], 0.7142857142857143], "data_low": {"Stat_Nam": "ANDHRA PRADESH", "Vil_Nam": "Velmal", "Prim_Heal_Sub_Cen_Num": "3", "Prim_Heal_Sub_Cen_Par_Med_Staf_Tot_Stren_Num": "4", "id": 549381}, "data_high": {"Stat_Nam": "TRIPURA", "Vil_Nam": "Jolaibari", "Prim_Heal_Sub_Cen_Num": "8", "Prim_Heal_Sub_Cen_Par_Med_Staf_Tot_Stren_Num": "10", "id": 271244}, "perc": 0.003854028664338191, "metric": 99.99614625709609, "value_global_local": {"ANDHRA PRADESH": {"global_perc": 0.00017985611510791367, "local_perc": 0.20833333333333334}, "KARNATAKA": {"global_perc": 0.000136332651670075, "local_perc": 0.16666666666666666}, "KERALA": {"global_perc": 0.0137524557956778, "local_perc": 0.5833333333333334}, "TRIPURA": {"global_perc": 0.001142857142857143, "local_perc": 0.041666666666666664}}, "partition_field": "Stat_Nam", "Vil_Nam": "Gollaprolu", "Stat_Nam": "ANDHRA PRADESH"}, {"data": [["Prim_Heal_Sub_Cen_Num", 1.0], ["Prim_Heal_Sub_Cen_Par_Med_Staf_Tot_Stren_Num", 1.0], 1.0], "data_low": {"Stat_Nam": "JAMMU & KASHMIR", "Vil_Nam": "Machil", "Prim_Heal_Sub_Cen_Num": "1", "Prim_Heal_Sub_Cen_Par_Med_Staf_Tot_Stren_Num": "1", "id": 13}, "data_high": {"Stat_Nam": "Tamil Nadu", "Vil_Nam": "Vadakuthu", "Prim_Heal_Sub_Cen_Num": "9", "Prim_Heal_Sub_Cen_Par_Med_Staf_Tot_Stren_Num": "9", "id": 614041}, "perc": 5.60825404472279, "metric": 94.39174595527722, "value_global_local": {"": {"global_perc": 0.06583307415556042, "local_perc": 0.981874928415989}, "0": {"global_perc": 0.04, "local_perc": 2.8633604398121637e-05}, "A D GUDDA": {"global_perc": 1.0, "local_perc": 2.8633604398121637e-05}, "ADHOYA MUSLMANA": {"global_perc": 1.0, "local_perc": 2.8633604398121637e-05}, "AGALANGANALLUR": {"global_perc": 1.0, "local_perc": 2.8633604398121637e-05}, "AGARAMTHEN": {"global_perc": 1.0, "local_perc": 2.8633604398121637e-05}, "AHMEDPUR": {"global_perc": 0.3333333333333333, "local_perc": 2.8633604398121637e-05}, "AJJAMPURA": {"global_perc": 0.5, "local_perc": 2.8633604398121637e-05}, "AKBARNAGAR": {"global_perc": 0.1111111111111111, "local_perc": 2.8633604398121637e-05}, "AKNA": {"global_perc": 0.5, "local_perc": 2.8633604398121637e-05}, "ALANGKOTTAI": {"global_perc": 1.0, "local_perc": 2.8633604398121637e-05}, "ALATHUR": {"global_perc": 0.3333333333333333, "local_perc": 2.8633604398121637e-05}, "ALBAL": {"global_perc": 1.0, "local_perc": 2.8633604398121637e-05}, "ALGERI": {"global_perc": 0.3333333333333333, "local_perc": 2.8633604398121637e-05}, "ALGUNDA": {"global_perc": 0.5, "local_perc": 2.8633604398121637e-05}, "ALIPUR BHEERA": {"global_perc": 1.0, "local_perc": 2.8633604398121637e-05}, "ALWADA": {"global_perc": 1.0, "local_perc": 2.8633604398121637e-05}, "AMAR KOT": {"global_perc": 1.0, "local_perc": 2.8633604398121637e-05}, "AMARCHAPRA": {"global_perc": 1.0, "local_perc": 2.8633604398121637e-05}, "AMARPUR": {"global_perc": 0.06666666666666667, "local_perc": 2.8633604398121637e-05}, "AMAUNA": {"global_perc": 0.2, "local_perc": 2.8633604398121637e-05}, "AMBALA": {"global_perc": 0.2, "local_perc": 2.8633604398121637e-05}, "AMLAGI": {"global_perc": 0.5, "local_perc": 2.8633604398121637e-05}, "AMLOH": {"global_perc": 0.25, "local_perc": 2.8633604398121637e-05}, "ANDIPALAIYAM": {"global_perc": 1.0, "local_perc": 2.8633604398121637e-05}, "ANDIPATTI": {"global_perc": 0.25, "local_perc": 2.8633604398121637e-05}, "ANIDI": {"global_perc": 1.0, "local_perc": 2.8633604398121637e-05}, "ARANI": {"global_perc": 0.3333333333333333, "local_perc": 2.8633604398121637e-05}, "ARASUR": {"global_perc": 0.25, "local_perc": 2.8633604398121637e-05}, "AREKALHOSAHALLI": {"global_perc": 0.5, "local_perc": 2.8633604398121637e-05}, "ATAR MUNAN KAR": {"global_perc": 1.0, "local_perc": 2.8633604398121637e-05}, "ATRAH": {"global_perc": 1.0, "local_perc": 2.8633604398121637e-05}, "ATTARI": {"global_perc": 0.2, "local_perc": 2.8633604398121637e-05}, "ATTIBELE": {"global_perc": 0.5, "local_perc": 2.8633604398121637e-05}, "AURANGABAD HEERAMANSHA": {"global_perc": 1.0, "local_perc": 2.8633604398121637e-05}, "AVADADENAHALLI": {"global_perc": 0.25, "local_perc": 2.8633604398121637e-05}, "AYINADA": {"global_perc": 0.3333333333333333, "local_perc": 2.8633604398121637e-05}, "BABHANI": {"global_perc": 0.010416666666666666, "local_perc": 5.7267208796243274e-05}, "BABUDUMRO": {"global_perc": 0.5, "local_perc": 2.8633604398121637e-05}, "BADGAON": {"global_perc": 0.16666666666666666, "local_perc": 2.8633604398121637e-05}, "BAGARUWA": {"global_perc": 1.0, "local_perc": 2.8633604398121637e-05}, "BAGHUASOL": {"global_perc": 1.0, "local_perc": 2.8633604398121637e-05}, "BAGNAGAR": {"global_perc": 1.0, "local_perc": 2.8633604398121637e-05}, "BAHADINAGAR": {"global_perc": 1.0, "local_perc": 2.8633604398121637e-05}, "BAIKUNTH PUR": {"global_perc": 0.25, "local_perc": 2.8633604398121637e-05}, "BAKAMI": {"global_perc": 1.0, "local_perc": 2.8633604398121637e-05}, "BAKHARI": {"global_perc": 0.2, "local_perc": 5.7267208796243274e-05}, "BAKHRI": {"global_perc": 0.2, "local_perc": 2.8633604398121637e-05}, "BALIA": {"global_perc": 0.08333333333333333, "local_perc": 2.8633604398121637e-05}, "BALIDI": {"global_perc": 1.0, "local_perc": 2.8633604398121637e-05}, "BALIGOAN": {"global_perc": 0.16666666666666666, "local_perc": 2.8633604398121637e-05}, "BALIYA BARI": {"global_perc": 1.0, "local_perc": 2.8633604398121637e-05}, "BALRAMPUR": {"global_perc": 0.1, "local_perc": 2.8633604398121637e-05}, "BALYBEDA": {"global_perc": 1.0, "local_perc": 2.8633604398121637e-05}, "BANDLA": {"global_perc": 0.3333333333333333, "local_perc": 2.8633604398121637e-05}, "BANGA": {"global_perc": 0.5, "local_perc": 2.8633604398121637e-05}, "BANGRA": {"global_perc": 0.3333333333333333, "local_perc": 5.7267208796243274e-05}, "BANIA CHHAPAR": {"global_perc": 0.4, "local_perc": 5.7267208796243274e-05}, "BARA JUMI": {"global_perc": 1.0, "local_perc": 2.8633604398121637e-05}, "BARAHNI": {"global_perc": 1.0, "local_perc": 2.8633604398121637e-05}, "BARBIL": {"global_perc": 1.0, "local_perc": 2.8633604398121637e-05}, "BARDIKANPUR": {"global_perc": 1.0, "local_perc": 2.8633604398121637e-05}, "BARSOI": {"global_perc": 1.0, "local_perc": 2.8633604398121637e-05}, "BARYATHA": {"global_perc": 0.25, "local_perc": 2.8633604398121637e-05}, "BASARKE GILLAN": {"global_perc": 1.0, "local_perc": 2.8633604398121637e-05}, "BEAR KHURD": {"global_perc": 0.1, "local_perc": 2.8633604398121637e-05}, "BEDRE": {"global_perc": 0.1111111111111111, "local_perc": 2.8633604398121637e-05}, "BELAGIHALLI": {"global_perc": 1.0, "local_perc": 2.8633604398121637e-05}, "BELTALA": {"global_perc": 1.0, "local_perc": 2.8633604398121637e-05}, "BENNIGUNDIHALLI": {"global_perc": 1.0, "local_perc": 2.8633604398121637e-05}, "BENTAKAL": {"global_perc": 1.0, "local_perc": 2.8633604398121637e-05}, "BHAIYADIH": {"global_perc": 1.0, "local_perc": 2.8633604398121637e-05}, "BHAKARA": {"global_perc": 1.0, "local_perc": 2.8633604398121637e-05}, "BHAKHRA": {"global_perc": 1.0, "local_perc": 2.8633604398121637e-05}, "BHALUHA": {"global_perc": 0.3333333333333333, "local_perc": 2.8633604398121637e-05}, "BHANAR": {"global_perc": 1.0, "local_perc": 2.8633604398121637e-05}, "BHANGA": {"global_perc": 0.16666666666666666, "local_perc": 2.8633604398121637e-05}, "BHARGAON": {"global_perc": 1.0, "local_perc": 2.8633604398121637e-05}, "BHAWRAHA": {"global_perc": 0.3333333333333333, "local_perc": 2.8633604398121637e-05}, "BHELADAHA": {"global_perc": 0.25, "local_perc": 2.8633604398121637e-05}, "BICHPAHAR": {"global_perc": 0.2, "local_perc": 2.8633604398121637e-05}, "BIDARUR": {"global_perc": 0.4, "local_perc": 5.7267208796243274e-05}, "BIJAPUR": {"global_perc": 0.18181818181818182, "local_perc": 5.7267208796243274e-05}, "BIJAYPUR": {"global_perc": 1.0, "local_perc": 2.8633604398121637e-05}, "BIJOL": {"global_perc": 0.3333333333333333, "local_perc": 2.8633604398121637e-05}, "BIKRAMGANJ": {"global_perc": 0.012345679012345678, "local_perc": 2.8633604398121637e-05}, "BILASPUR": {"global_perc": 0.07692307692307693, "local_perc": 2.8633604398121637e-05}, "BINDUPARA": {"global_perc": 1.0, "local_perc": 2.8633604398121637e-05}, "BINJHA": {"global_perc": 1.0, "local_perc": 2.8633604398121637e-05}, "BISHUNPURA": {"global_perc": 0.1111111111111111, "local_perc": 2.8633604398121637e-05}, "BISLE": {"global_perc": 1.0, "local_perc": 2.8633604398121637e-05}, "BOHALA": {"global_perc": 1.0, "local_perc": 2.8633604398121637e-05}, "BOPPANAHALLI": {"global_perc": 1.0, "local_perc": 2.8633604398121637e-05}, "BORA GAON": {"global_perc": 0.3333333333333333, "local_perc": 2.8633604398121637e-05}, "BORDUBI": {"global_perc": 0.5, "local_perc": 2.8633604398121637e-05}, "BRAHMASAMUDRA": {"global_perc": 0.5, "local_perc": 2.8633604398121637e-05}, "BRIJHATTY": {"global_perc": 1.0, "local_perc": 2.8633604398121637e-05}, "BUDGADDA": {"global_perc": 0.5, "local_perc": 5.7267208796243274e-05}, "BURDKOT": {"global_perc": 0.5, "local_perc": 2.8633604398121637e-05}, "BYABA": {"global_perc": 1.0, "local_perc": 2.8633604398121637e-05}, "Banwalipur": {"global_perc": 1.0, "local_perc": 2.8633604398121637e-05}, "Bhadaura": {"global_perc": 0.5, "local_perc": 2.8633604398121637e-05}, "CHAK AHMAD": {"global_perc": 1.0, "local_perc": 2.8633604398121637e-05}, "CHAK BAMUN": {"global_perc": 0.3333333333333333, "local_perc": 2.8633604398121637e-05}, "CHAK BHIKHI": {"global_perc": 0.5, "local_perc": 2.8633604398121637e-05}, "CHAKARSEN": {"global_perc": 1.0, "local_perc": 2.8633604398121637e-05}, "CHALKARI KHURD": {"global_perc": 0.16666666666666666, "local_perc": 2.8633604398121637e-05}, "CHAMA": {"global_perc": 1.0, "local_perc": 2.8633604398121637e-05}, "CHAND": {"global_perc": 0.2, "local_perc": 2.8633604398121637e-05}, "CHANDDIH": {"global_perc": 0.5, "local_perc": 2.8633604398121637e-05}, "CHANDI": {"global_perc": 0.04, "local_perc": 2.8633604398121637e-05}, "CHANDLAPURA": {"global_perc": 1.0, "local_perc": 2.8633604398121637e-05}, "CHANDRAPURA": {"global_perc": 1.0, "local_perc": 2.8633604398121637e-05}, "CHANDRASHAKARPUR": {"global_perc": 1.0, "local_perc": 2.8633604398121637e-05}, "CHANDWE": {"global_perc": 1.0, "local_perc": 2.8633604398121637e-05}, "CHANNARAYAPATNA": {"global_perc": 0.5, "local_perc": 2.8633604398121637e-05}, "CHARUIPAR": {"global_perc": 1.0, "local_perc": 2.8633604398121637e-05}, "CHATRO": {"global_perc": 0.5, "local_perc": 2.8633604398121637e-05}, "CHAURIYA": {"global_perc": 1.0, "local_perc": 2.8633604398121637e-05}, "CHAURMANYA": {"global_perc": 0.08333333333333333, "local_perc": 2.8633604398121637e-05}, "CHELA": {"global_perc": 0.25, "local_perc": 2.8633604398121637e-05}, "CHHANGLA": {"global_perc": 0.2, "local_perc": 2.8633604398121637e-05}, "CHHANI": {"global_perc": 0.2857142857142857, "local_perc": 5.7267208796243274e-05}, "CHHATADAMORE": {"global_perc": 1.0, "local_perc": 2.8633604398121637e-05}, "CHIDAMBARAM": {"global_perc": 1.0, "local_perc": 2.8633604398121637e-05}, "CHIKKASARANGI": {"global_perc": 0.5, "local_perc": 2.8633604398121637e-05}, "CHILLAMARKA": {"global_perc": 0.0625, "local_perc": 2.8633604398121637e-05}, "CHILOI": {"global_perc": 0.3333333333333333, "local_perc": 2.8633604398121637e-05}, "CHINNAMEDU": {"global_perc": 1.0, "local_perc": 2.8633604398121637e-05}, "CHINNAVELAMPATTI": {"global_perc": 1.0, "local_perc": 2.8633604398121637e-05}, "CHIPRA": {"global_perc": 0.6666666666666666, "local_perc": 5.7267208796243274e-05}, "CHIRLAKOPPA": {"global_perc": 1.0, "local_perc": 2.8633604398121637e-05}, "CHITGAL GAON": {"global_perc": 1.0, "local_perc": 2.8633604398121637e-05}, "CHNDRA": {"global_perc": 0.5, "local_perc": 2.8633604398121637e-05}, "DABBEGHATTA": {"global_perc": 0.2, "local_perc": 2.8633604398121637e-05}, "DAIRA": {"global_perc": 1.0, "local_perc": 2.8633604398121637e-05}, "DALAVAIPATTY": {"global_perc": 1.0, "local_perc": 2.8633604398121637e-05}, "DALIDIH": {"global_perc": 0.3333333333333333, "local_perc": 2.8633604398121637e-05}, "DAND": {"global_perc": 1.0, "local_perc": 2.8633604398121637e-05}, "DANISAI ALIAS BARA PAHARI": {"global_perc": 1.0, "local_perc": 2.8633604398121637e-05}, "DARADAHALLY": {"global_perc": 1.0, "local_perc": 2.8633604398121637e-05}, "DARAPUR": {"global_perc": 0.2, "local_perc": 2.8633604398121637e-05}, "DARBAIA": {"global_perc": 0.5, "local_perc": 2.8633604398121637e-05}, "DARU": {"global_perc": 0.3333333333333333, "local_perc": 2.8633604398121637e-05}, "DAULATPUR": {"global_perc": 0.05714285714285714, "local_perc": 5.7267208796243274e-05}, "DERANG": {"global_perc": 1.0, "local_perc": 2.8633604398121637e-05}, "DEWALI": {"global_perc": 0.1111111111111111, "local_perc": 2.8633604398121637e-05}, "DEWAR": {"global_perc": 0.2, "local_perc": 2.8633604398121637e-05}, "DHANPURA": {"global_perc": 0.125, "local_perc": 2.8633604398121637e-05}, "DHANSERI": {"global_perc": 0.5, "local_perc": 2.8633604398121637e-05}, "DHANUK TOLA": {"global_perc": 1.0, "local_perc": 5.7267208796243274e-05}, "DHIMALI": {"global_perc": 1.0, "local_perc": 2.8633604398121637e-05}, "DHONTRI": {"global_perc": 1.0, "local_perc": 2.8633604398121637e-05}, "DIGHA": {"global_perc": 0.3333333333333333, "local_perc": 2.8633604398121637e-05}, "DODDAKODLI": {"global_perc": 0.3333333333333333, "local_perc": 2.8633604398121637e-05}, "DODDATHANDYA": {"global_perc": 1.0, "local_perc": 2.8633604398121637e-05}, "DOMAKONDA": {"global_perc": 1.0, "local_perc": 2.8633604398121637e-05}, "DOOMDOOMI": {"global_perc": 1.0, "local_perc": 2.8633604398121637e-05}, "DORALI": {"global_perc": 0.25, "local_perc": 2.8633604398121637e-05}, "DUNGRA": {"global_perc": 0.25, "local_perc": 2.8633604398121637e-05}, "DUNIYA": {"global_perc": 0.5, "local_perc": 2.8633604398121637e-05}, "EGINIVAYAL": {"global_perc": 1.0, "local_perc": 2.8633604398121637e-05}, "EKTARA": {"global_perc": 0.16666666666666666, "local_perc": 2.8633604398121637e-05}, "ERKI": {"global_perc": 1.0, "local_perc": 2.8633604398121637e-05}, "Erumeli": {"global_perc": 1.0, "local_perc": 2.8633604398121637e-05}, "F.KEELAIYUR": {"global_perc": 1.0, "local_perc": 2.8633604398121637e-05}, "FARSEGARH": {"global_perc": 0.1, "local_perc": 2.8633604398121637e-05}, "FATEH PUR": {"global_perc": 0.5, "local_perc": 2.8633604398121637e-05}, "FATEHPUR": {"global_perc": 0.015873015873015872, "local_perc": 2.8633604398121637e-05}, "FATELLAPUR": {"global_perc": 0.5, "local_perc": 2.8633604398121637e-05}, "FATHAPUR": {"global_perc": 1.0, "local_perc": 2.8633604398121637e-05}, "FULANG": {"global_perc": 0.3333333333333333, "local_perc": 2.8633604398121637e-05}, "FULCHI": {"global_perc": 1.0, "local_perc": 2.8633604398121637e-05}, "G. MALLIGERE": {"global_perc": 0.3333333333333333, "local_perc": 2.8633604398121637e-05}, "GADUTHURU": {"global_perc": 0.1, "local_perc": 2.8633604398121637e-05}, "GAJODIH": {"global_perc": 1.0, "local_perc": 2.8633604398121637e-05}, "GANESHPATTI": {"global_perc": 1.0, "local_perc": 2.8633604398121637e-05}, "GANGALOOR": {"global_perc": 0.12, "local_perc": 8.59008131943649e-05}, "GANSARIA": {"global_perc": 1.0, "local_perc": 2.8633604398121637e-05}, "GARHWA": {"global_perc": 0.14285714285714285, "local_perc": 2.8633604398121637e-05}, "GARUD": {"global_perc": 0.25, "local_perc": 2.8633604398121637e-05}, "GAUJIYANA": {"global_perc": 1.0, "local_perc": 2.8633604398121637e-05}, "GHARANA KHAS": {"global_perc": 1.0, "local_perc": 2.8633604398121637e-05}, "GHARAUNDA": {"global_perc": 0.5, "local_perc": 2.8633604398121637e-05}, "GHILATALI": {"global_perc": 1.0, "local_perc": 2.8633604398121637e-05}, "GHOGHALPUR": {"global_perc": 1.0, "local_perc": 2.8633604398121637e-05}, "GIGENAHALLI": {"global_perc": 0.5, "local_perc": 2.8633604398121637e-05}, "GIPU": {"global_perc": 0.5, "local_perc": 2.8633604398121637e-05}, "GOGLO": {"global_perc": 1.0, "local_perc": 2.8633604398121637e-05}, "GOHANDI": {"global_perc": 0.5, "local_perc": 2.8633604398121637e-05}, "GOKHLAPUR": {"global_perc": 1.0, "local_perc": 2.8633604398121637e-05}, "GOPICHAK": {"global_perc": 1.0, "local_perc": 2.8633604398121637e-05}, "GOPINAGAR": {"global_perc": 0.5, "local_perc": 2.8633604398121637e-05}, "GOVINDAMPALAYAM": {"global_perc": 0.5, "local_perc": 2.8633604398121637e-05}, "GUDARI": {"global_perc": 0.16666666666666666, "local_perc": 2.8633604398121637e-05}, "GUDDADUR": {"global_perc": 1.0, "local_perc": 2.8633604398121637e-05}, "GUDDALUR": {"global_perc": 1.0, "local_perc": 2.8633604398121637e-05}, "GULZARPORA": {"global_perc": 0.5, "local_perc": 2.8633604398121637e-05}, "GUMANU": {"global_perc": 1.0, "local_perc": 2.8633604398121637e-05}, "GUMMIDIPOONDI": {"global_perc": 0.5, "local_perc": 2.8633604398121637e-05}, "GUMRU": {"global_perc": 0.3333333333333333, "local_perc": 2.8633604398121637e-05}, "GURHA": {"global_perc": 0.25, "local_perc": 5.7267208796243274e-05}, "GUTAKBARA": {"global_perc": 1.0, "local_perc": 2.8633604398121637e-05}, "GUTHARI": {"global_perc": 1.0, "local_perc": 2.8633604398121637e-05}, "GUTHIYADEHALLI": {"global_perc": 0.25, "local_perc": 2.8633604398121637e-05}, "GUWALPIPLA": {"global_perc": 1.0, "local_perc": 2.8633604398121637e-05}, "HADIN": {"global_perc": 1.0, "local_perc": 2.8633604398121637e-05}, "HAIBAT PINDI": {"global_perc": 0.1, "local_perc": 2.8633604398121637e-05}, "HAJIPUR": {"global_perc": 0.05555555555555555, "local_perc": 2.8633604398121637e-05}, "HAKHROLE": {"global_perc": 1.0, "local_perc": 2.8633604398121637e-05}, "HALEKOTE": {"global_perc": 0.5, "local_perc": 2.8633604398121637e-05}, "HALLEGERE": {"global_perc": 0.25, "local_perc": 2.8633604398121637e-05}, "HAMILAPUR": {"global_perc": 1.0, "local_perc": 2.8633604398121637e-05}, "HAMMIYALA": {"global_perc": 1.0, "local_perc": 2.8633604398121637e-05}, "HANGALA": {"global_perc": 0.5, "local_perc": 2.8633604398121637e-05}, "HAR DOGRI": {"global_perc": 1.0, "local_perc": 2.8633604398121637e-05}, "HARIHARAPURA": {"global_perc": 1.0, "local_perc": 2.8633604398121637e-05}, "HARLATORN": {"global_perc": 0.1111111111111111, "local_perc": 2.8633604398121637e-05}, "HARNAR": {"global_perc": 1.0, "local_perc": 2.8633604398121637e-05}, "HARSAUR": {"global_perc": 1.0, "local_perc": 2.8633604398121637e-05}, "HARTORA": {"global_perc": 1.0, "local_perc": 2.8633604398121637e-05}, "HARVADIH": {"global_perc": 1.0, "local_perc": 2.8633604398121637e-05}, "HEMTABAD": {"global_perc": 0.5, "local_perc": 2.8633604398121637e-05}, "HICHKAD": {"global_perc": 0.5, "local_perc": 2.8633604398121637e-05}, "HIRAGANJ": {"global_perc": 1.0, "local_perc": 2.8633604398121637e-05}, "HOCHAR": {"global_perc": 1.0, "local_perc": 2.8633604398121637e-05}, "HONNENAHALLI": {"global_perc": 0.2857142857142857, "local_perc": 5.7267208796243274e-05}, "HULIYAR": {"global_perc": 0.5, "local_perc": 2.8633604398121637e-05}, "HULLUR": {"global_perc": 0.25, "local_perc": 2.8633604398121637e-05}, "IBRAHIMPUR": {"global_perc": 0.1, "local_perc": 2.8633604398121637e-05}, "ILKAL": {"global_perc": 0.5, "local_perc": 2.8633604398121637e-05}, "ILUPPAIKKUDI": {"global_perc": 1.0, "local_perc": 2.8633604398121637e-05}, "INGALESHWAR": {"global_perc": 0.5, "local_perc": 2.8633604398121637e-05}, "IVANALLUR": {"global_perc": 1.0, "local_perc": 2.8633604398121637e-05}, "JADABPUR": {"global_perc": 0.5, "local_perc": 2.8633604398121637e-05}, "JADUPUR": {"global_perc": 0.2, "local_perc": 2.8633604398121637e-05}, "JAGJIVANPUR": {"global_perc": 1.0, "local_perc": 2.8633604398121637e-05}, "JAIDPUR": {"global_perc": 1.0, "local_perc": 2.8633604398121637e-05}, "JAMASHER": {"global_perc": 0.5, "local_perc": 2.8633604398121637e-05}, "JAMBANI": {"global_perc": 0.2, "local_perc": 2.8633604398121637e-05}, "JAMBGI(K.D)": {"global_perc": 1.0, "local_perc": 2.8633604398121637e-05}, "JAMBONI": {"global_perc": 0.5, "local_perc": 2.8633604398121637e-05}, "JANKI DHAR": {"global_perc": 1.0, "local_perc": 2.8633604398121637e-05}, "JASUR": {"global_perc": 1.0, "local_perc": 2.8633604398121637e-05}, "JAWALGAON MALLA": {"global_perc": 1.0, "local_perc": 2.8633604398121637e-05}, "JEGAJEVANI": {"global_perc": 0.5, "local_perc": 2.8633604398121637e-05}, "JHALUAJHALA": {"global_perc": 0.5, "local_perc": 2.8633604398121637e-05}, "JHAMKE": {"global_perc": 1.0, "local_perc": 2.8633604398121637e-05}, "JOGAPATTI": {"global_perc": 1.0, "local_perc": 2.8633604398121637e-05}, "JORI": {"global_perc": 0.25, "local_perc": 2.8633604398121637e-05}, "JUGUL": {"global_perc": 1.0, "local_perc": 2.8633604398121637e-05}, "Jansua": {"global_perc": 0.5, "local_perc": 2.8633604398121637e-05}, "K.PERIYAPATTI NORTH": {"global_perc": 1.0, "local_perc": 2.8633604398121637e-05}, "KADBINDHA": {"global_perc": 0.5, "local_perc": 2.8633604398121637e-05}, "KADENAHALLI": {"global_perc": 1.0, "local_perc": 2.8633604398121637e-05}, "KADMATOLA": {"global_perc": 1.0, "local_perc": 2.8633604398121637e-05}, "KADUR": {"global_perc": 1.0, "local_perc": 2.8633604398121637e-05}, "KAFALI": {"global_perc": 1.0, "local_perc": 2.8633604398121637e-05}, "KALA PATHAR": {"global_perc": 0.5, "local_perc": 2.8633604398121637e-05}, "KALADHUNGI": {"global_perc": 0.1111111111111111, "local_perc": 2.8633604398121637e-05}, "KALESWAR": {"global_perc": 1.0, "local_perc": 2.8633604398121637e-05}, "KALLIMUDDANAHALLI": {"global_perc": 1.0, "local_perc": 2.8633604398121637e-05}, "KALYANPUR": {"global_perc": 0.023255813953488372, "local_perc": 2.8633604398121637e-05}, "KANA SUAN": {"global_perc": 0.5, "local_perc": 2.8633604398121637e-05}, "KANADU": {"global_perc": 1.0, "local_perc": 2.8633604398121637e-05}, "KANAHALLI": {"global_perc": 0.5, "local_perc": 2.8633604398121637e-05}, "KANAUDI": {"global_perc": 0.5, "local_perc": 2.8633604398121637e-05}, "KANDA": {"global_perc": 0.0625, "local_perc": 2.8633604398121637e-05}, "KANDAI": {"global_perc": 0.09090909090909091, "local_perc": 2.8633604398121637e-05}, "KANDAMANADI": {"global_perc": 1.0, "local_perc": 2.8633604398121637e-05}, "KANDHALA SHEIKAN": {"global_perc": 1.0, "local_perc": 2.8633604398121637e-05}, "KANGU VEEDHI": {"global_perc": 1.0, "local_perc": 2.8633604398121637e-05}, "KANNAPUR HATTI": {"global_perc": 1.0, "local_perc": 2.8633604398121637e-05}, "KARAKAT": {"global_perc": 0.125, "local_perc": 2.8633604398121637e-05}, "KARALA GAON": {"global_perc": 0.2, "local_perc": 2.8633604398121637e-05}, "KARAM TOLA": {"global_perc": 0.5, "local_perc": 8.59008131943649e-05}, "KARAPADI": {"global_perc": 1.0, "local_perc": 2.8633604398121637e-05}, "KARJANIA": {"global_perc": 1.0, "local_perc": 2.8633604398121637e-05}, "KARKELI": {"global_perc": 0.07142857142857142, "local_perc": 2.8633604398121637e-05}, "KARMA": {"global_perc": 0.058823529411764705, "local_perc": 2.8633604398121637e-05}, "KARMADU": {"global_perc": 0.5, "local_perc": 2.8633604398121637e-05}, "KARMCHATA": {"global_perc": 0.2, "local_perc": 2.8633604398121637e-05}, "KARUNGULAM": {"global_perc": 1.0, "local_perc": 2.8633604398121637e-05}, "KARUPPUR": {"global_perc": 1.0, "local_perc": 2.8633604398121637e-05}, "KATAWN": {"global_perc": 0.3333333333333333, "local_perc": 2.8633604398121637e-05}, "KAULI": {"global_perc": 0.14285714285714285, "local_perc": 2.8633604398121637e-05}, "KAURIBAHIYAR": {"global_perc": 0.5, "local_perc": 2.8633604398121637e-05}, "KEELAIYUR": {"global_perc": 1.0, "local_perc": 2.8633604398121637e-05}, "KEELKUDI": {"global_perc": 0.5, "local_perc": 2.8633604398121637e-05}, "KESARE": {"global_perc": 1.0, "local_perc": 2.8633604398121637e-05}, "KHAJURI": {"global_perc": 0.07142857142857142, "local_perc": 2.8633604398121637e-05}, "KHANKAR": {"global_perc": 0.14285714285714285, "local_perc": 2.8633604398121637e-05}, "KHAP": {"global_perc": 0.3333333333333333, "local_perc": 2.8633604398121637e-05}, "KHAPALWANI": {"global_perc": 0.5, "local_perc": 2.8633604398121637e-05}, "KHETA SARAI": {"global_perc": 1.0, "local_perc": 2.8633604398121637e-05}, "KHIRANWALI": {"global_perc": 0.5, "local_perc": 2.8633604398121637e-05}, "KHURIDIH": {"global_perc": 1.0, "local_perc": 2.8633604398121637e-05}, "KIRUVASE": {"global_perc": 1.0, "local_perc": 2.8633604398121637e-05}, "KISHANPUR": {"global_perc": 0.1111111111111111, "local_perc": 2.8633604398121637e-05}, "KODAKANI": {"global_perc": 0.3333333333333333, "local_perc": 2.8633604398121637e-05}, "KODIHALLI": {"global_perc": 0.09090909090909091, "local_perc": 2.8633604398121637e-05}, "KODUR": {"global_perc": 0.3333333333333333, "local_perc": 2.8633604398121637e-05}, "KONGARPALAYAM": {"global_perc": 1.0, "local_perc": 2.8633604398121637e-05}, "KONSI": {"global_perc": 0.5, "local_perc": 2.8633604398121637e-05}, "KORTI": {"global_perc": 1.0, "local_perc": 2.8633604398121637e-05}, "KOSLI": {"global_perc": 0.3333333333333333, "local_perc": 2.8633604398121637e-05}, "KOT GANGURAI": {"global_perc": 1.0, "local_perc": 2.8633604398121637e-05}, "KOTTALABAYALU": {"global_perc": 1.0, "local_perc": 2.8633604398121637e-05}, "KOTTARAM": {"global_perc": 1.0, "local_perc": 2.8633604398121637e-05}, "KUDARI": {"global_perc": 1.0, "local_perc": 2.8633604398121637e-05}, "KULATHE": {"global_perc": 1.0, "local_perc": 2.8633604398121637e-05}, "KULLATHILVAI": {"global_perc": 0.3333333333333333, "local_perc": 2.8633604398121637e-05}, "KULRAGAL": {"global_perc": 1.0, "local_perc": 2.8633604398121637e-05}, "KUMIZHI": {"global_perc": 1.0, "local_perc": 2.8633604398121637e-05}, "KUMKUMA": {"global_perc": 0.6666666666666666, "local_perc": 5.7267208796243274e-05}, "KUNDADIH": {"global_perc": 0.25, "local_perc": 2.8633604398121637e-05}, "KUNDUR": {"global_perc": 0.25, "local_perc": 2.8633604398121637e-05}, "KUPPANUR": {"global_perc": 1.0, "local_perc": 2.8633604398121637e-05}, "KURAVEDIYA": {"global_perc": 1.0, "local_perc": 2.8633604398121637e-05}, "KURKNALA": {"global_perc": 0.5, "local_perc": 2.8633604398121637e-05}, "KUSIAM": {"global_perc": 0.5, "local_perc": 2.8633604398121637e-05}, "KUTMU": {"global_perc": 1.0, "local_perc": 2.8633604398121637e-05}, "KUTUBPUR": {"global_perc": 0.06666666666666667, "local_perc": 2.8633604398121637e-05}, "KYOR": {"global_perc": 0.3333333333333333, "local_perc": 2.8633604398121637e-05}, "LALAM KODURU": {"global_perc": 1.0, "local_perc": 2.8633604398121637e-05}, "LALDHANG": {"global_perc": 0.5, "local_perc": 2.8633604398121637e-05}, "LALDHUYA": {"global_perc": 1.0, "local_perc": 2.8633604398121637e-05}, "LATI": {"global_perc": 0.16666666666666666, "local_perc": 2.8633604398121637e-05}, "LEDA": {"global_perc": 0.5, "local_perc": 2.8633604398121637e-05}, "LETI": {"global_perc": 0.3333333333333333, "local_perc": 2.8633604398121637e-05}, "LOAHKHAR": {"global_perc": 1.0, "local_perc": 2.8633604398121637e-05}, "LODHAPARA": {"global_perc": 1.0, "local_perc": 2.8633604398121637e-05}, "LODIP[UR": {"global_perc": 0.5, "local_perc": 2.8633604398121637e-05}, "LOUDANGI": {"global_perc": 1.0, "local_perc": 2.8633604398121637e-05}, "Lagma": {"global_perc": 0.5, "local_perc": 2.8633604398121637e-05}, "MACHAGOWDANAHALLI": {"global_perc": 0.3333333333333333, "local_perc": 8.59008131943649e-05}, "MACHHARGANWA": {"global_perc": 1.0, "local_perc": 2.8633604398121637e-05}, "MACHLA": {"global_perc": 0.3333333333333333, "local_perc": 2.8633604398121637e-05}, "MADAKKUDI": {"global_perc": 1.0, "local_perc": 2.8633604398121637e-05}, "MAHESPUR": {"global_perc": 1.0, "local_perc": 2.8633604398121637e-05}, "MAHLAN WALI": {"global_perc": 1.0, "local_perc": 2.8633604398121637e-05}, "MAHUADANR": {"global_perc": 0.16666666666666666, "local_perc": 2.8633604398121637e-05}, "MAJHALADIH": {"global_perc": 1.0, "local_perc": 2.8633604398121637e-05}, "MAJORHI": {"global_perc": 1.0, "local_perc": 2.8633604398121637e-05}, "MAKHMANDRO": {"global_perc": 1.0, "local_perc": 2.8633604398121637e-05}, "MAKKINANCOMBAI": {"global_perc": 1.0, "local_perc": 2.8633604398121637e-05}, "MALAM": {"global_perc": 0.3333333333333333, "local_perc": 2.8633604398121637e-05}, "MALANAYAKANAHALLI": {"global_perc": 0.3333333333333333, "local_perc": 2.8633604398121637e-05}, "MALDA": {"global_perc": 0.2, "local_perc": 2.8633604398121637e-05}, "MALGHOTA": {"global_perc": 0.5, "local_perc": 2.8633604398121637e-05}, "MALIPARA PAHARIA": {"global_perc": 1.0, "local_perc": 2.8633604398121637e-05}, "MANCHANAHALLI": {"global_perc": 0.25, "local_perc": 2.8633604398121637e-05}, "MANGAT": {"global_perc": 0.3333333333333333, "local_perc": 2.8633604398121637e-05}, "MANIKA BISUN PUR CHAND": {"global_perc": 1.0, "local_perc": 2.8633604398121637e-05}, "MANINALKUR": {"global_perc": 1.0, "local_perc": 2.8633604398121637e-05}, "MANJLADIH": {"global_perc": 0.2, "local_perc": 2.8633604398121637e-05}, "MANTANDE": {"global_perc": 1.0, "local_perc": 2.8633604398121637e-05}, "MARAGODU": {"global_perc": 1.0, "local_perc": 2.8633604398121637e-05}, "MARAGUNDA": {"global_perc": 0.5, "local_perc": 2.8633604398121637e-05}, "MARRIPAKALU": {"global_perc": 1.0, "local_perc": 2.8633604398121637e-05}, "MASHANAPURA": {"global_perc": 0.16666666666666666, "local_perc": 2.8633604398121637e-05}, "MASTI PALKOT": {"global_perc": 1.0, "local_perc": 2.8633604398121637e-05}, "MATHIA": {"global_perc": 0.25, "local_perc": 2.8633604398121637e-05}, "MATHIYALI": {"global_perc": 1.0, "local_perc": 2.8633604398121637e-05}, "MATTAN": {"global_perc": 0.5, "local_perc": 2.8633604398121637e-05}, "MAYARAMPUR": {"global_perc": 1.0, "local_perc": 2.8633604398121637e-05}, "MAYURHAND": {"global_perc": 0.25, "local_perc": 2.8633604398121637e-05}, "MELAKIDARAM": {"global_perc": 1.0, "local_perc": 2.8633604398121637e-05}, "MELAKOTTUR": {"global_perc": 1.0, "local_perc": 2.8633604398121637e-05}, "MELAVALADI": {"global_perc": 1.0, "local_perc": 2.8633604398121637e-05}, "MELPAKKAM": {"global_perc": 0.5, "local_perc": 2.8633604398121637e-05}, "MELPATTU": {"global_perc": 0.5, "local_perc": 2.8633604398121637e-05}, "MERLE": {"global_perc": 1.0, "local_perc": 2.8633604398121637e-05}, "MIRZAPUR": {"global_perc": 0.018867924528301886, "local_perc": 2.8633604398121637e-05}, "MITTAPALLI": {"global_perc": 0.3333333333333333, "local_perc": 2.8633604398121637e-05}, "MODIDIH": {"global_perc": 0.3333333333333333, "local_perc": 2.8633604398121637e-05}, "MOHAMADPUR": {"global_perc": 0.25, "local_perc": 2.8633604398121637e-05}, "MOKKAPUTTU": {"global_perc": 1.0, "local_perc": 2.8633604398121637e-05}, "MOLASI": {"global_perc": 0.3333333333333333, "local_perc": 2.8633604398121637e-05}, "MORATTANDI": {"global_perc": 1.0, "local_perc": 2.8633604398121637e-05}, "MOTBARI": {"global_perc": 1.0, "local_perc": 2.8633604398121637e-05}, "MOTIPUR": {"global_perc": 0.1111111111111111, "local_perc": 2.8633604398121637e-05}, "MUDHOL": {"global_perc": 0.3333333333333333, "local_perc": 2.8633604398121637e-05}, "MUGALALLI": {"global_perc": 1.0, "local_perc": 2.8633604398121637e-05}, "MUKANAPALYA": {"global_perc": 0.5, "local_perc": 2.8633604398121637e-05}, "MUKKUDAL": {"global_perc": 1.0, "local_perc": 2.8633604398121637e-05}, "MULACHELAGAM": {"global_perc": 1.0, "local_perc": 2.8633604398121637e-05}, "MULEKALENAHALLI": {"global_perc": 0.3333333333333333, "local_perc": 8.59008131943649e-05}, "MUNAN": {"global_perc": 1.0, "local_perc": 2.8633604398121637e-05}, "MUNNAVAL KOTTAI": {"global_perc": 1.0, "local_perc": 2.8633604398121637e-05}, "MURHAKATI": {"global_perc": 1.0, "local_perc": 2.8633604398121637e-05}, "MUSIRIYAM": {"global_perc": 1.0, "local_perc": 2.8633604398121637e-05}, "MYLIMANE": {"global_perc": 1.0, "local_perc": 2.8633604398121637e-05}, "N.A.": {"global_perc": 0.0012312938056450084, "local_perc": 0.00037223685717558124}, "NAGENAHALLI": {"global_perc": 0.16666666666666666, "local_perc": 2.8633604398121637e-05}, "NAGERCOIL": {"global_perc": 1.0, "local_perc": 2.8633604398121637e-05}, "NAIDUMANGALAM": {"global_perc": 1.0, "local_perc": 2.8633604398121637e-05}, "NAIL": {"global_perc": 0.25, "local_perc": 2.8633604398121637e-05}, "NAKHNOLI": {"global_perc": 0.5, "local_perc": 2.8633604398121637e-05}, "NAKTI": {"global_perc": 0.2, "local_perc": 2.8633604398121637e-05}, "NALATHWAD": {"global_perc": 0.25, "local_perc": 2.8633604398121637e-05}, "NANDI": {"global_perc": 0.25, "local_perc": 2.8633604398121637e-05}, "NANDITALE": {"global_perc": 0.3333333333333333, "local_perc": 2.8633604398121637e-05}, "NANDIVARAM-GUDUVANCHERI": {"global_perc": 1.0, "local_perc": 2.8633604398121637e-05}, "NARAPAKKAM": {"global_perc": 1.0, "local_perc": 2.8633604398121637e-05}, "NARIMOGRU": {"global_perc": 1.0, "local_perc": 2.8633604398121637e-05}, "NATNAHALLY": {"global_perc": 0.5, "local_perc": 2.8633604398121637e-05}, "NAUGAZA": {"global_perc": 1.0, "local_perc": 2.8633604398121637e-05}, "NAWABPUR": {"global_perc": 1.0, "local_perc": 2.8633604398121637e-05}, "NAYAGOAN": {"global_perc": 0.5, "local_perc": 2.8633604398121637e-05}, "NEDNAR": {"global_perc": 0.5, "local_perc": 2.8633604398121637e-05}, "NELASNAR": {"global_perc": 0.5, "local_perc": 2.8633604398121637e-05}, "NENASNAR": {"global_perc": 1.0, "local_perc": 2.8633604398121637e-05}, "NERIGAM": {"global_perc": 1.0, "local_perc": 2.8633604398121637e-05}, "NERKUNDRAM": {"global_perc": 1.0, "local_perc": 2.8633604398121637e-05}, "NURPUR": {"global_perc": 0.1111111111111111, "local_perc": 2.8633604398121637e-05}, "OBRA": {"global_perc": 1.0, "local_perc": 2.8633604398121637e-05}, "PACHPARWA": {"global_perc": 0.5, "local_perc": 2.8633604398121637e-05}, "PADRANA": {"global_perc": 1.0, "local_perc": 2.8633604398121637e-05}, "PAHARPUR": {"global_perc": 0.04, "local_perc": 2.8633604398121637e-05}, "PAHARTOLI": {"global_perc": 1.0, "local_perc": 2.8633604398121637e-05}, "PAHUPINI KHAITI": {"global_perc": 1.0, "local_perc": 2.8633604398121637e-05}, "PALAKARAI": {"global_perc": 1.0, "local_perc": 2.8633604398121637e-05}, "PALLIKKADU": {"global_perc": 1.0, "local_perc": 2.8633604398121637e-05}, "PANALATH": {"global_perc": 1.0, "local_perc": 2.8633604398121637e-05}, "PANCHKHELA": {"global_perc": 1.0, "local_perc": 2.8633604398121637e-05}, "PANDEPURA KALA": {"global_perc": 1.0, "local_perc": 5.7267208796243274e-05}, "PANDI": {"global_perc": 1.0, "local_perc": 2.8633604398121637e-05}, "PANG CHORA": {"global_perc": 0.14285714285714285, "local_perc": 2.8633604398121637e-05}, "PANKHU": {"global_perc": 0.2, "local_perc": 2.8633604398121637e-05}, "PARASANAHALLI": {"global_perc": 0.5, "local_perc": 2.8633604398121637e-05}, "PARTAPUR": {"global_perc": 0.25, "local_perc": 2.8633604398121637e-05}, "PASUMBALUR SOUTH": {"global_perc": 1.0, "local_perc": 2.8633604398121637e-05}, "PATRANAGA": {"global_perc": 0.5, "local_perc": 2.8633604398121637e-05}, "PATTA NAYAJSHOL": {"global_perc": 1.0, "local_perc": 2.8633604398121637e-05}, "PATTADKAL": {"global_perc": 1.0, "local_perc": 2.8633604398121637e-05}, "PEDAKOTA": {"global_perc": 0.3333333333333333, "local_perc": 2.8633604398121637e-05}, "PEMMANAHALLI": {"global_perc": 0.5, "local_perc": 2.8633604398121637e-05}, "PERIYA ILANDAIKULAM": {"global_perc": 1.0, "local_perc": 2.8633604398121637e-05}, "PERIYAKULAM": {"global_perc": 1.0, "local_perc": 2.8633604398121637e-05}, "PISTA": {"global_perc": 0.5, "local_perc": 2.8633604398121637e-05}, "POKHARI": {"global_perc": 0.07142857142857142, "local_perc": 2.8633604398121637e-05}, "POKHRI": {"global_perc": 0.14285714285714285, "local_perc": 2.8633604398121637e-05}, "POLLACHI": {"global_perc": 1.0, "local_perc": 2.8633604398121637e-05}, "POOVANUR PE.": {"global_perc": 1.0, "local_perc": 2.8633604398121637e-05}, "PORAIYAHAT": {"global_perc": 1.0, "local_perc": 2.8633604398121637e-05}, "PORAPARA": {"global_perc": 1.0, "local_perc": 2.8633604398121637e-05}, "PREMPUR": {"global_perc": 0.2, "local_perc": 2.8633604398121637e-05}, "PUDUR": {"global_perc": 0.25, "local_perc": 2.8633604398121637e-05}, "PULIKURICHI": {"global_perc": 1.0, "local_perc": 2.8633604398121637e-05}, "PULIYANGULAM": {"global_perc": 0.5, "local_perc": 2.8633604398121637e-05}, "PULLERI": {"global_perc": 0.5, "local_perc": 2.8633604398121637e-05}, "PUNAJUR STATE FOREST": {"global_perc": 1.0, "local_perc": 2.8633604398121637e-05}, "PURANATHAL": {"global_perc": 0.14285714285714285, "local_perc": 2.8633604398121637e-05}, "PURBA CHAMPACHARRA": {"global_perc": 0.5, "local_perc": 2.8633604398121637e-05}, "PURSHOTUMPUR": {"global_perc": 0.5, "local_perc": 2.8633604398121637e-05}, "PUTHAKUDI": {"global_perc": 1.0, "local_perc": 2.8633604398121637e-05}, "PUTHIRANKOTTAI": {"global_perc": 1.0, "local_perc": 2.8633604398121637e-05}, "RAISIMLA": {"global_perc": 0.5, "local_perc": 2.8633604398121637e-05}, "RAJAPUR": {"global_perc": 0.038461538461538464, "local_perc": 2.8633604398121637e-05}, "RAMBHADRAPUR": {"global_perc": 1.0, "local_perc": 2.8633604398121637e-05}, "RAMDIRI": {"global_perc": 1.0, "local_perc": 2.8633604398121637e-05}, "RAMPUR": {"global_perc": 0.007194244604316547, "local_perc": 2.8633604398121637e-05}, "RANG DEO": {"global_perc": 0.3333333333333333, "local_perc": 2.8633604398121637e-05}, "RANGAPATTI": {"global_perc": 0.5, "local_perc": 2.8633604398121637e-05}, "RANGAT": {"global_perc": 1.0, "local_perc": 2.8633604398121637e-05}, "RANIPATTI": {"global_perc": 0.3333333333333333, "local_perc": 2.8633604398121637e-05}, "RANWAR": {"global_perc": 1.0, "local_perc": 2.8633604398121637e-05}, "RATNAG": {"global_perc": 0.3333333333333333, "local_perc": 2.8633604398121637e-05}, "RAWAL BAZAR": {"global_perc": 0.16666666666666666, "local_perc": 2.8633604398121637e-05}, "RENGAWAHI": {"global_perc": 1.0, "local_perc": 2.8633604398121637e-05}, "ROORKEE": {"global_perc": 0.3333333333333333, "local_perc": 2.8633604398121637e-05}, "RUDAKOTA": {"global_perc": 0.2, "local_perc": 2.8633604398121637e-05}, "RUDRAPRAYAG": {"global_perc": 1.0, "local_perc": 2.8633604398121637e-05}, "RUPANACHARA": {"global_perc": 1.0, "local_perc": 2.8633604398121637e-05}, "Rahmatpur": {"global_perc": 0.5, "local_perc": 2.8633604398121637e-05}, "SAHANSHAHPUR": {"global_perc": 1.0, "local_perc": 2.8633604398121637e-05}, "SAHIBGANJ": {"global_perc": 0.05263157894736842, "local_perc": 2.8633604398121637e-05}, "SAIPUR": {"global_perc": 0.2, "local_perc": 2.8633604398121637e-05}, "SAKARHATI": {"global_perc": 1.0, "local_perc": 2.8633604398121637e-05}, "SAKTHINAYAKKANPALAYAM": {"global_perc": 0.5, "local_perc": 2.8633604398121637e-05}, "SALI GAON": {"global_perc": 0.25, "local_perc": 2.8633604398121637e-05}, "SALMAR": {"global_perc": 1.0, "local_perc": 2.8633604398121637e-05}, "SAMBALPUR": {"global_perc": 0.3333333333333333, "local_perc": 2.8633604398121637e-05}, "SANGHANATH": {"global_perc": 1.0, "local_perc": 2.8633604398121637e-05}, "SANKESHWAR TOWN": {"global_perc": 1.0, "local_perc": 2.8633604398121637e-05}, "SARASBAD": {"global_perc": 0.5, "local_perc": 2.8633604398121637e-05}, "SARASMUNDA": {"global_perc": 1.0, "local_perc": 2.8633604398121637e-05}, "SARAVANTHANGAL": {"global_perc": 1.0, "local_perc": 2.8633604398121637e-05}, "SARDAM": {"global_perc": 0.25, "local_perc": 2.8633604398121637e-05}, "SATARE": {"global_perc": 1.0, "local_perc": 2.8633604398121637e-05}, "SATHANUR": {"global_perc": 1.0, "local_perc": 2.8633604398121637e-05}, "SATHIA": {"global_perc": 0.2, "local_perc": 2.8633604398121637e-05}, "SAURAULI": {"global_perc": 1.0, "local_perc": 2.8633604398121637e-05}, "SEEGEHALLI": {"global_perc": 0.09090909090909091, "local_perc": 2.8633604398121637e-05}, "SEMARBAR": {"global_perc": 1.0, "local_perc": 2.8633604398121637e-05}, "SEMBAMPALAIYAM": {"global_perc": 1.0, "local_perc": 2.8633604398121637e-05}, "SEMRIYA": {"global_perc": 0.5, "local_perc": 2.8633604398121637e-05}, "SENERA": {"global_perc": 1.0, "local_perc": 2.8633604398121637e-05}, "SENJI": {"global_perc": 1.0, "local_perc": 2.8633604398121637e-05}, "SETTIKUNTE": {"global_perc": 1.0, "local_perc": 2.8633604398121637e-05}, "SEVANDAMPATTI": {"global_perc": 0.3333333333333333, "local_perc": 2.8633604398121637e-05}, "SEWAL": {"global_perc": 1.0, "local_perc": 2.8633604398121637e-05}, "SHAMARAYANAPALYA": {"global_perc": 0.5, "local_perc": 2.8633604398121637e-05}, "SHANKARPUR": {"global_perc": 0.03225806451612903, "local_perc": 2.8633604398121637e-05}, "SHEDGARU": {"global_perc": 0.5, "local_perc": 2.8633604398121637e-05}, "SHER KHAN WALA": {"global_perc": 0.5, "local_perc": 2.8633604398121637e-05}, "SHIRKULI": {"global_perc": 1.0, "local_perc": 2.8633604398121637e-05}, "SHIVANI": {"global_perc": 0.5, "local_perc": 2.8633604398121637e-05}, "SHIVPUR": {"global_perc": 0.045454545454545456, "local_perc": 2.8633604398121637e-05}, "SHONAKHUN": {"global_perc": 1.0, "local_perc": 2.8633604398121637e-05}, "SHYAMNAGAR": {"global_perc": 0.09090909090909091, "local_perc": 2.8633604398121637e-05}, "SIHMAN": {"global_perc": 1.0, "local_perc": 2.8633604398121637e-05}, "SIHROUR": {"global_perc": 0.3333333333333333, "local_perc": 2.8633604398121637e-05}, "SIKITIA": {"global_perc": 0.5, "local_perc": 2.8633604398121637e-05}, "SIKKAL": {"global_perc": 0.5, "local_perc": 2.8633604398121637e-05}, "SIKRIA": {"global_perc": 0.5, "local_perc": 2.8633604398121637e-05}, "SILADON": {"global_perc": 0.6666666666666666, "local_perc": 5.7267208796243274e-05}, "SIMARIYA SACHDEV": {"global_perc": 1.0, "local_perc": 2.8633604398121637e-05}, "SINDRANG": {"global_perc": 1.0, "local_perc": 2.8633604398121637e-05}, "SINDURIAM": {"global_perc": 1.0, "local_perc": 2.8633604398121637e-05}, "SINGIKULAM(NEW)": {"global_perc": 1.0, "local_perc": 2.8633604398121637e-05}, "SINHUR": {"global_perc": 1.0, "local_perc": 2.8633604398121637e-05}, "SIRAGUPPI": {"global_perc": 0.25, "local_perc": 2.8633604398121637e-05}, "SIRUVADI": {"global_perc": 1.0, "local_perc": 2.8633604398121637e-05}, "SITAPUR": {"global_perc": 0.14285714285714285, "local_perc": 2.8633604398121637e-05}, "SITTIYAMBAKKAM": {"global_perc": 1.0, "local_perc": 2.8633604398121637e-05}, "SOBHA KOTHI": {"global_perc": 1.0, "local_perc": 2.8633604398121637e-05}, "SODHI": {"global_perc": 1.0, "local_perc": 2.8633604398121637e-05}, "SOHANA": {"global_perc": 0.25, "local_perc": 2.8633604398121637e-05}, "SOMANAKATTI": {"global_perc": 1.0, "local_perc": 2.8633604398121637e-05}, "SONAGHANI": {"global_perc": 1.0, "local_perc": 2.8633604398121637e-05}, "SONAPOS": {"global_perc": 0.5, "local_perc": 2.8633604398121637e-05}, "SOONA KOT": {"global_perc": 0.5, "local_perc": 2.8633604398121637e-05}, "SRUNGAVARAPUKOTA": {"global_perc": 0.5, "local_perc": 2.8633604398121637e-05}, "SUBACHUCK GAON": {"global_perc": 1.0, "local_perc": 2.8633604398121637e-05}, "SUCHINDRUM": {"global_perc": 1.0, "local_perc": 2.8633604398121637e-05}, "SUKHASAN": {"global_perc": 0.14285714285714285, "local_perc": 2.8633604398121637e-05}, "SUMERPUR": {"global_perc": 0.2, "local_perc": 2.8633604398121637e-05}, "SUMMERHILL": {"global_perc": 1.0, "local_perc": 2.8633604398121637e-05}, "SURAPUR": {"global_perc": 0.5, "local_perc": 2.8633604398121637e-05}, "SUSNI": {"global_perc": 1.0, "local_perc": 2.8633604398121637e-05}, "SUSNIJOBNI": {"global_perc": 1.0, "local_perc": 2.8633604398121637e-05}, "SUSTA": {"global_perc": 1.0, "local_perc": 2.8633604398121637e-05}, "SUYALGARH": {"global_perc": 1.0, "local_perc": 2.8633604398121637e-05}, "TADPATRI": {"global_perc": 1.0, "local_perc": 2.8633604398121637e-05}, "TANDA MALLA": {"global_perc": 0.3333333333333333, "local_perc": 2.8633604398121637e-05}, "TAPPU RAGUNATHPUR": {"global_perc": 0.5, "local_perc": 2.8633604398121637e-05}, "TARDIHA": {"global_perc": 0.2, "local_perc": 2.8633604398121637e-05}, "TARTO": {"global_perc": 1.0, "local_perc": 2.8633604398121637e-05}, "THAGACHAGERE": {"global_perc": 1.0, "local_perc": 2.8633604398121637e-05}, "THAKALA": {"global_perc": 0.3333333333333333, "local_perc": 2.8633604398121637e-05}, "THARDARA": {"global_perc": 0.3333333333333333, "local_perc": 2.8633604398121637e-05}, "THIRUMANAVAYAL": {"global_perc": 0.5, "local_perc": 2.8633604398121637e-05}, "THIRUPPANAMOOR": {"global_perc": 1.0, "local_perc": 2.8633604398121637e-05}, "THIRUVADAVUR": {"global_perc": 0.3333333333333333, "local_perc": 2.8633604398121637e-05}, "THOTTANAVAL": {"global_perc": 1.0, "local_perc": 2.8633604398121637e-05}, "THULIBANJ": {"global_perc": 0.5, "local_perc": 2.8633604398121637e-05}, "THURUKKANANGUDI": {"global_perc": 1.0, "local_perc": 2.8633604398121637e-05}, "TIKRI": {"global_perc": 0.0625, "local_perc": 2.8633604398121637e-05}, "TILAKPUR": {"global_perc": 0.1111111111111111, "local_perc": 2.8633604398121637e-05}, "TINDWARI": {"global_perc": 1.0, "local_perc": 2.8633604398121637e-05}, "TINMONDA": {"global_perc": 0.3333333333333333, "local_perc": 2.8633604398121637e-05}, "TIPIJHARI": {"global_perc": 1.0, "local_perc": 2.8633604398121637e-05}, "TIRUTTANI": {"global_perc": 1.0, "local_perc": 2.8633604398121637e-05}, "TOE MAKHOWAL": {"global_perc": 0.5, "local_perc": 2.8633604398121637e-05}, "TOLA SIPAHIYA": {"global_perc": 0.5, "local_perc": 2.8633604398121637e-05}, "TOTA NOLA": {"global_perc": 0.5, "local_perc": 2.8633604398121637e-05}, "TUBIL": {"global_perc": 0.5, "local_perc": 2.8633604398121637e-05}, "UDAL": {"global_perc": 0.5, "local_perc": 2.8633604398121637e-05}, "UGAR KHURD": {"global_perc": 1.0, "local_perc": 2.8633604398121637e-05}, "ULLAVALLI": {"global_perc": 1.0, "local_perc": 2.8633604398121637e-05}, "ULUGULLI": {"global_perc": 1.0, "local_perc": 2.8633604398121637e-05}, "UMAIDPUR": {"global_perc": 1.0, "local_perc": 2.8633604398121637e-05}, "UMROLI": {"global_perc": 0.3333333333333333, "local_perc": 2.8633604398121637e-05}, "UPAR PAORA": {"global_perc": 1.0, "local_perc": 2.8633604398121637e-05}, "UPREHR": {"global_perc": 0.5, "local_perc": 2.8633604398121637e-05}, "UPRIKALAN": {"global_perc": 0.3333333333333333, "local_perc": 2.8633604398121637e-05}, "URMAR": {"global_perc": 1.0, "local_perc": 2.8633604398121637e-05}, "USKAPATNAM": {"global_perc": 0.5, "local_perc": 2.8633604398121637e-05}, "USODU": {"global_perc": 0.125, "local_perc": 2.8633604398121637e-05}, "UTHAMANALLUR": {"global_perc": 1.0, "local_perc": 2.8633604398121637e-05}, "VADAKATTUPATTI": {"global_perc": 1.0, "local_perc": 2.8633604398121637e-05}, "VAIRICHETTIPALAYAM": {"global_perc": 1.0, "local_perc": 8.59008131943649e-05}, "VALACOMBAI": {"global_perc": 0.6666666666666666, "local_perc": 5.7267208796243274e-05}, "VALLAM": {"global_perc": 1.0, "local_perc": 2.8633604398121637e-05}, "VARAKALPATTU": {"global_perc": 1.0, "local_perc": 2.8633604398121637e-05}, "VEDALAM": {"global_perc": 1.0, "local_perc": 2.8633604398121637e-05}, "VENKATAPURAM": {"global_perc": 0.5, "local_perc": 2.8633604398121637e-05}, "VETCHANGI": {"global_perc": 0.5, "local_perc": 2.8633604398121637e-05}, "VURUSH KHOLA": {"global_perc": 0.5, "local_perc": 2.8633604398121637e-05}, "Velur": {"global_perc": 1.0, "local_perc": 2.8633604398121637e-05}, "WAGDHARI": {"global_perc": 1.0, "local_perc": 2.8633604398121637e-05}, "WARIGIDING": {"global_perc": 1.0, "local_perc": 2.8633604398121637e-05}, "Y.RAMAVARAM": {"global_perc": 0.3333333333333333, "local_perc": 2.8633604398121637e-05}}, "partition_field": "Near_Vil_Tow_Nam_hav_Prim_School", "Vil_Nam": "Machil", "Stat_Nam": "JAMMU & KASHMIR"}, {"data": [["Prim_Heal_Sub_Cen_Num", 4.0], ["Prim_Heal_Sub_Cen_Par_Med_Staf_Tot_Stren_Num", 3.0], 1.3333333333333333], "data_low": {"Stat_Nam": "TRIPURA", "Vil_Nam": "Laogang (Part)", "Prim_Heal_Sub_Cen_Num": "4", "Prim_Heal_Sub_Cen_Par_Med_Staf_Tot_Stren_Num": "3", "id": 271230}, "data_high": {"Stat_Nam": "TRIPURA", "Vil_Nam": "Laogang (Part)", "Prim_Heal_Sub_Cen_Num": "4", "Prim_Heal_Sub_Cen_Par_Med_Staf_Tot_Stren_Num": "3", "id": 271230}, "perc": 0.00016058452768075794, "metric": 99.99983908207285, "value_global_local": {}, "partition_field": null, "Vil_Nam": "Laogang (Part)", "Stat_Nam": "TRIPURA"}, {"data": [["Prim_Heal_Sub_Cen_Num", 3.0], ["Prim_Heal_Sub_Cen_Par_Med_Staf_Tot_Stren_Num", 2.0], 1.5], "data_low": {"Stat_Nam": "KERALA", "Vil_Nam": "Padinharethara", "Prim_Heal_Sub_Cen_Num": "3", "Prim_Heal_Sub_Cen_Par_Med_Staf_Tot_Stren_Num": "2", "id": 605263}, "data_high": {"Stat_Nam": "KERALA", "Vil_Nam": "Padinharethara", "Prim_Heal_Sub_Cen_Num": "3", "Prim_Heal_Sub_Cen_Par_Med_Staf_Tot_Stren_Num": "2", "id": 605263}, "perc": 0.0014452607491268216, "metric": 99.99855423915808, "value_global_local": {}, "partition_field": null, "Vil_Nam": "Padinharethara", "Stat_Nam": "KERALA"}, {"data": [["Prim_Heal_Sub_Cen_Num", 2.0], ["Prim_Heal_Sub_Cen_Par_Med_Staf_Tot_Stren_Num", 1.0], 2.0], "data_low": {"Stat_Nam": "Punjab", "Vil_Nam": "Hans (105)", "Prim_Heal_Sub_Cen_Num": "2", "Prim_Heal_Sub_Cen_Par_Med_Staf_Tot_Stren_Num": "1", "id": 33580}, "data_high": {"Stat_Nam": "TRIPURA", "Vil_Nam": "Satnala", "Prim_Heal_Sub_Cen_Num": "4", "Prim_Heal_Sub_Cen_Par_Med_Staf_Tot_Stren_Num": "2", "id": 271623}, "perc": 0.013007346742141393, "metric": 99.98699165318793, "value_global_local": {"ANDHRA PRADESH": {"global_perc": 0.000539568345323741, "local_perc": 0.18518518518518517}, "ASSAM": {"global_perc": 0.00015154385300246258, "local_perc": 0.04938271604938271}, "KERALA": {"global_perc": 0.023575638506876228, "local_perc": 0.2962962962962963}, "Punjab": {"global_perc": 0.0012717590016691836, "local_perc": 0.19753086419753085}, "TRIPURA": {"global_perc": 0.009142857142857144, "local_perc": 0.09876543209876543}, "UTTARAKHAND": {"global_perc": 5.954862144941345e-05, "local_perc": 0.012345679012345678}, "West Bengal": {"global_perc": 0.00032323835098712017, "local_perc": 0.16049382716049382}}, "partition_field": "Stat_Nam", "Vil_Nam": "Hans (105)", "Stat_Nam": "Punjab"}, {"data": [["Prim_Heal_Sub_Cen_Num", 3.0], ["Prim_Heal_Sub_Cen_Par_Med_Staf_Tot_Stren_Num", 1.0], 3.0], "data_low": {"Stat_Nam": "KERALA", "Vil_Nam": "Ponmala", "Prim_Heal_Sub_Cen_Num": "3", "Prim_Heal_Sub_Cen_Par_Med_Staf_Tot_Stren_Num": "1", "id": 605398}, "data_high": {"Stat_Nam": "KERALA", "Vil_Nam": "Ponmala", "Prim_Heal_Sub_Cen_Num": "3", "Prim_Heal_Sub_Cen_Par_Med_Staf_Tot_Stren_Num": "1", "id": 605398}, "perc": 0.0004817535830422739, "metric": 99.99951624602653, "value_global_local": {}, "partition_field": null, "Vil_Nam": "Ponmala", "Stat_Nam": "KERALA"}, {"data": [["Prim_Heal_Sub_Cen_Num", 11.0], ["Prim_Heal_Sub_Cen_Par_Med_Staf_Tot_Stren_Num", 1.0], 11.0], "data_low": {"Stat_Nam": "Punjab", "Vil_Nam": "Chhajjal Wadi (127)", "Prim_Heal_Sub_Cen_Num": "11", "Prim_Heal_Sub_Cen_Par_Med_Staf_Tot_Stren_Num": "1", "id": 37486}, "data_high": {"Stat_Nam": "Punjab", "Vil_Nam": "Chhajjal Wadi (127)", "Prim_Heal_Sub_Cen_Num": "11", "Prim_Heal_Sub_Cen_Par_Med_Staf_Tot_Stren_Num": "1", "id": 37486}, "perc": 0.00016058452768075794, "metric": 99.99982941348809, "value_global_local": {}, "partition_field": null, "Vil_Nam": "Chhajjal Wadi (127)", "Stat_Nam": "Punjab"}, {"data": [["Prim_Heal_Sub_Cen_Num", 1.0], ["Prim_Heal_Sub_Cen_Par_Med_Staf_Tot_Stren_Num", 0], 9999], "data_low": {"Stat_Nam": "JAMMU & KASHMIR", "Vil_Nam": "Rawal Pora Beerua", "Prim_Heal_Sub_Cen_Num": "1", "Prim_Heal_Sub_Cen_Par_Med_Staf_Tot_Stren_Num": "", "id": 528}, "data_high": {"Stat_Nam": "MIZORAM", "Vil_Nam": "Kawlkulh", "Prim_Heal_Sub_Cen_Num": "7", "Prim_Heal_Sub_Cen_Par_Med_Staf_Tot_Stren_Num": "", "id": 270237}, "perc": 1.2657272471797343, "metric": 98.72439932564373, "value_global_local": {"ANDAMAN & NICOBAR ISLANDS": {"global_perc": 0.05225225225225225, "local_perc": 0.003679269221009896}, "Arunachal Pradesh": {"global_perc": 0.0012524601896582574, "local_perc": 0.0008880994671403197}, "CHANDIGARH": {"global_perc": 0.2, "local_perc": 0.0001268713524486171}, "GOA": {"global_perc": 0.005988023952095809, "local_perc": 0.0002537427048972342}, "JAMMU & KASHMIR": {"global_perc": 0.007324889363650237, "local_perc": 0.006089824917533621}, "JHARKHAND": {"global_perc": 0.00015434957090819287, "local_perc": 0.0006343567622430855}, "LAKSHADWEEP": {"global_perc": 0.047619047619047616, "local_perc": 0.0001268713524486171}, "MADHYA PRADESH": {"global_perc": 0.03671930495601333, "local_perc": 0.2557726465364121}, "MANIPUR": {"global_perc": 0.0015497869043006587, "local_perc": 0.0005074854097944684}, "MIZORAM": {"global_perc": 0.0963855421686747, "local_perc": 0.010149708195889368}, "NAGALAND": {"global_perc": 0.0021008403361344537, "local_perc": 0.0003806140573458513}, "Punjab": {"global_perc": 0.0011922740640648596, "local_perc": 0.0019030702867292566}, "SIKKIM": {"global_perc": 0.0022172949002217295, "local_perc": 0.0001268713524486171}, "TRIPURA": {"global_perc": 0.012571428571428572, "local_perc": 0.001395584876934788}, "UTTAR PRADESH": {"global_perc": 0.005263453649764924, "local_perc": 0.07130170007612281}, "West Bengal": {"global_perc": 0.12673429807548858, "local_perc": 0.6466632834306014}}, "partition_field": "Stat_Nam", "Vil_Nam": "Rawal Pora Beerua", "Stat_Nam": "JAMMU & KASHMIR"}, {"data": [["Prim_Heal_Sub_Cen_Num", 0], ["Prim_Heal_Sub_Cen_Par_Med_Staf_Tot_Stren_Num", 0], 99980001], "data_low": {"Stat_Nam": "JAMMU & KASHMIR", "Vil_Nam": "Bore", "Prim_Heal_Sub_Cen_Num": "", "Prim_Heal_Sub_Cen_Par_Med_Staf_Tot_Stren_Num": "", "id": 0}, "data_high": {"Stat_Nam": "JAMMU & KASHMIR", "Vil_Nam": "Palmar", "Prim_Heal_Sub_Cen_Num": "Phsc_Num", "Prim_Heal_Sub_Cen_Par_Med_Staf_Tot_Stren_Num": "Phsc_pst", "id": 4582}, "perc": 83.25087317836926, "metric": 8.326752585086417e-07, "value_global_local": {"null": {"global_perc": 0.8325087317836927, "local_perc": 1.0}}, "partition_field": "Dist_Other", "Vil_Nam": "Bore", "Stat_Nam": "JAMMU & KASHMIR"}]