[{"data": [["TB_Clin_Par_Med_Par_Med_Staf_In_Pos_Num", 0.0], ["TB_Clin_Par_Med_Par_Med_Staf_Tot_Stren_Num", 1.0], 0.0], "data_low": {"Stat_Nam": "West Bengal", "Vil_Nam": "Hum Tukdah Khasmahal", "TB_Clin_Par_Med_Par_Med_Staf_Tot_Stren_Num": "3", "TB_Clin_Par_Med_Par_Med_Staf_In_Pos_Num": "", "id": 304938}, "data_high": {"Stat_Nam": "UTTAR PRADESH", "Vil_Nam": "Sakrapar", "TB_Clin_Par_Med_Par_Med_Staf_Tot_Stren_Num": "15", "TB_Clin_Par_Med_Par_Med_Staf_In_Pos_Num": "1", "id": 190278}, "perc": 0.041591392669316316, "metric": 99.95840960711472, "value_global_local": {"BIHAR": {"global_perc": 6.685385746757588e-05, "local_perc": 0.011583011583011582}, "CHHATTISGARH": {"global_perc": 0.003279340157010832, "local_perc": 0.2548262548262548}, "HIMACHAL PRADESH": {"global_perc": 9.666505558240696e-05, "local_perc": 0.007722007722007722}, "JHARKHAND": {"global_perc": 0.0024078533061678087, "local_perc": 0.30115830115830117}, "MADHYA PRADESH": {"global_perc": 1.821394095040344e-05, "local_perc": 0.003861003861003861}, "TRIPURA": {"global_perc": 0.002285714285714286, "local_perc": 0.007722007722007722}, "UTTAR PRADESH": {"global_perc": 0.0003465263079026729, "local_perc": 0.14285714285714285}, "West Bengal": {"global_perc": 0.001740514197622955, "local_perc": 0.2702702702702703}}, "partition_field": "Stat_Nam", "Vil_Nam": "Bharmour  (97)", "Stat_Nam": "HIMACHAL PRADESH"}, {"data": [["TB_Clin_Par_Med_Par_Med_Staf_In_Pos_Num", 1.0], ["TB_Clin_Par_Med_Par_Med_Staf_Tot_Stren_Num", 7.0], 0.14285714285714285], "data_low": {"Stat_Nam": "KARNATAKA", "Vil_Nam": "Kiniye", "TB_Clin_Par_Med_Par_Med_Staf_Tot_Stren_Num": "7", "TB_Clin_Par_Med_Par_Med_Staf_In_Pos_Num": "1", "id": 576011}, "data_high": {"Stat_Nam": "SIKKIM", "Vil_Nam": "Laso", "TB_Clin_Par_Med_Par_Med_Staf_Tot_Stren_Num": "10", "TB_Clin_Par_Med_Par_Med_Staf_In_Pos_Num": "2", "id": 259982}, "perc": 0.0016058452768075795, "metric": 99.99839501202372, "value_global_local": {}, "partition_field": null, "Vil_Nam": "Kiniye", "Stat_Nam": "KARNATAKA"}, {"data": [["TB_Clin_Par_Med_Par_Med_Staf_In_Pos_Num", 1.0], ["TB_Clin_Par_Med_Par_Med_Staf_Tot_Stren_Num", 4.0], 0.25], "data_low": {"Stat_Nam": "BIHAR", "Vil_Nam": "Kharudah", "TB_Clin_Par_Med_Par_Med_Staf_Tot_Stren_Num": "4", "TB_Clin_Par_Med_Par_Med_Staf_In_Pos_Num": "1", "id": 221462}, "data_high": {"Stat_Nam": "KARNATAKA", "Vil_Nam": "Gabbur", "TB_Clin_Par_Med_Par_Med_Staf_Tot_Stren_Num": "9", "TB_Clin_Par_Med_Par_Med_Staf_In_Pos_Num": "3", "id": 578924}, "perc": 0.009153318077803204, "metric": 99.99084743200356, "value_global_local": {"BIHAR": {"global_perc": 0.00013370771493515177, "local_perc": 0.10526315789473684}, "JHARKHAND": {"global_perc": 6.173982836327716e-05, "local_perc": 0.03508771929824561}, "KARNATAKA": {"global_perc": 0.0011588275391956374, "local_perc": 0.5964912280701754}, "MADHYA PRADESH": {"global_perc": 1.821394095040344e-05, "local_perc": 0.017543859649122806}, "Punjab": {"global_perc": 7.948493760432397e-05, "local_perc": 0.017543859649122806}, "SIKKIM": {"global_perc": 0.0022172949002217295, "local_perc": 0.017543859649122806}, "UTTAR PRADESH": {"global_perc": 4.682787944630715e-05, "local_perc": 0.08771929824561403}, "West Bengal": {"global_perc": 0.0001740514197622955, "local_perc": 0.12280701754385964}}, "partition_field": "Stat_Nam", "Vil_Nam": "Kharudah", "Stat_Nam": "BIHAR"}, {"data": [["TB_Clin_Par_Med_Par_Med_Staf_In_Pos_Num", 4.0], ["TB_Clin_Par_Med_Par_Med_Staf_Tot_Stren_Num", 11.0], 0.36363636363636365], "data_low": {"Stat_Nam": "BIHAR", "Vil_Nam": "Chatar", "TB_Clin_Par_Med_Par_Med_Staf_Tot_Stren_Num": "5", "TB_Clin_Par_Med_Par_Med_Staf_In_Pos_Num": "2", "id": 257174}, "data_high": {"Stat_Nam": "West Bengal", "Vil_Nam": "Barhatti", "TB_Clin_Par_Med_Par_Med_Staf_Tot_Stren_Num": "11", "TB_Clin_Par_Med_Par_Med_Staf_In_Pos_Num": "4", "id": 308941}, "perc": 0.004817535830422739, "metric": 99.99518310062983, "value_global_local": {"BIHAR": {"global_perc": 2.2284619155858625e-05, "local_perc": 0.03333333333333333}, "KARNATAKA": {"global_perc": 0.0007839127471029312, "local_perc": 0.7666666666666667}, "SIKKIM": {"global_perc": 0.0022172949002217295, "local_perc": 0.03333333333333333}, "UTTARAKHAND": {"global_perc": 5.954862144941345e-05, "local_perc": 0.03333333333333333}, "West Bengal": {"global_perc": 9.945795414988313e-05, "local_perc": 0.13333333333333333}}, "partition_field": "Stat_Nam", "Vil_Nam": "Barhatti", "Stat_Nam": "West Bengal"}, {"data": [["TB_Clin_Par_Med_Par_Med_Staf_In_Pos_Num", 1.0], ["TB_Clin_Par_Med_Par_Med_Staf_Tot_Stren_Num", 2.0], 0.5], "data_low": {"Stat_Nam": "Punjab", "Vil_Nam": "Dhandra (274)", "TB_Clin_Par_Med_Par_Med_Staf_Tot_Stren_Num": "2", "TB_Clin_Par_Med_Par_Med_Staf_In_Pos_Num": "1", "id": 33389}, "data_high": {"Stat_Nam": "West Bengal", "Vil_Nam": "Chhota Salunchi", "TB_Clin_Par_Med_Par_Med_Staf_Tot_Stren_Num": "15", "TB_Clin_Par_Med_Par_Med_Staf_In_Pos_Num": "9", "id": 316816}, "perc": 0.07724115781444459, "metric": 99.92275934189928, "value_global_local": {"BIHAR": {"global_perc": 0.0025850158220796005, "local_perc": 0.24116424116424118}, "JHARKHAND": {"global_perc": 0.00018521948508983145, "local_perc": 0.012474012474012475}, "KARNATAKA": {"global_perc": 0.005964553510565781, "local_perc": 0.36382536382536385}, "KERALA": {"global_perc": 0.003929273084479371, "local_perc": 0.008316008316008316}, "MIZORAM": {"global_perc": 0.0012048192771084338, "local_perc": 0.002079002079002079}, "ODISHA": {"global_perc": 0.0008379942704577787, "local_perc": 0.0893970893970894}, "PUDUCHERRY": {"global_perc": 0.011111111111111112, "local_perc": 0.002079002079002079}, "Punjab": {"global_perc": 0.0006358795008345918, "local_perc": 0.016632016632016633}, "RAJASTHAN": {"global_perc": 0.0012311962750716332, "local_perc": 0.11434511434511435}, "SIKKIM": {"global_perc": 0.0066518847006651885, "local_perc": 0.006237006237006237}, "TRIPURA": {"global_perc": 0.005714285714285714, "local_perc": 0.010395010395010396}, "UTTAR PRADESH": {"global_perc": 0.00019667709367449004, "local_perc": 0.04365904365904366}, "UTTARAKHAND": {"global_perc": 0.0007145834573929614, "local_perc": 0.02494802494802495}, "West Bengal": {"global_perc": 0.0007707991446615943, "local_perc": 0.06444906444906445}}, "partition_field": "Stat_Nam", "Vil_Nam": "Dhandra (274)", "Stat_Nam": "Punjab"}, {"data": [["TB_Clin_Par_Med_Par_Med_Staf_In_Pos_Num", 5.0], ["TB_Clin_Par_Med_Par_Med_Staf_Tot_Stren_Num", 8.0], 0.625], "data_low": {"Stat_Nam": "Punjab", "Vil_Nam": "Vanieyke  (345)", "TB_Clin_Par_Med_Par_Med_Staf_Tot_Stren_Num": "3", "TB_Clin_Par_Med_Par_Med_Staf_In_Pos_Num": "2", "id": 37093}, "data_high": {"Stat_Nam": "PUDUCHERRY", "Vil_Nam": "Vizhidiur", "TB_Clin_Par_Med_Par_Med_Staf_Tot_Stren_Num": "14", "TB_Clin_Par_Med_Par_Med_Staf_In_Pos_Num": "9", "id": 622147}, "perc": 0.13200048175358303, "metric": 99.86799989282633, "value_global_local": {"": {"global_perc": 0.0015435476253556496, "local_perc": 0.9781021897810219}, "ANDIPATTI": {"global_perc": 0.25, "local_perc": 0.0012165450121654502}, "CHATIKONA": {"global_perc": 0.2857142857142857, "local_perc": 0.0024330900243309003}, "DURGI": {"global_perc": 0.6666666666666666, "local_perc": 0.004866180048661801}, "GUMMIDIPOONDI": {"global_perc": 0.5, "local_perc": 0.0012165450121654502}, "KAKWARA": {"global_perc": 1.0, "local_perc": 0.0012165450121654502}, "KUBANDHAMUNI": {"global_perc": 0.5, "local_perc": 0.0012165450121654502}, "LANJI": {"global_perc": 1.0, "local_perc": 0.0012165450121654502}, "MELPAKKAM": {"global_perc": 0.5, "local_perc": 0.0012165450121654502}, "PALAKHAMAN": {"global_perc": 1.0, "local_perc": 0.0012165450121654502}, "PALLIKKADU": {"global_perc": 1.0, "local_perc": 0.0012165450121654502}, "PURIKONA": {"global_perc": 0.16666666666666666, "local_perc": 0.0012165450121654502}, "SIRUVADI": {"global_perc": 1.0, "local_perc": 0.0012165450121654502}, "VADAKATTUPATTI": {"global_perc": 1.0, "local_perc": 0.0012165450121654502}, "VELLALAPATTI": {"global_perc": 0.5, "local_perc": 0.0012165450121654502}}, "partition_field": "Near_Vil_Tow_Nam_hav_Prim_School", "Vil_Nam": "Bidi", "Stat_Nam": "KARNATAKA"}, {"data": [["TB_Clin_Par_Med_Par_Med_Staf_In_Pos_Num", 29.0], ["TB_Clin_Par_Med_Par_Med_Staf_Tot_Stren_Num", 39.0], 0.7435897435897436], "data_low": {"Stat_Nam": "Tamil Nadu", "Vil_Nam": "Koduvilarpatty", "TB_Clin_Par_Med_Par_Med_Staf_Tot_Stren_Num": "12", "TB_Clin_Par_Med_Par_Med_Staf_In_Pos_Num": "10", "id": 618406}, "data_high": {"Stat_Nam": "KARNATAKA", "Vil_Nam": "Mulawad", "TB_Clin_Par_Med_Par_Med_Staf_Tot_Stren_Num": "9", "TB_Clin_Par_Med_Par_Med_Staf_In_Pos_Num": "7", "id": 577701}, "perc": 0.07435063631619093, "metric": 99.92564961995467, "value_global_local": {"ANDHRA PRADESH": {"global_perc": 7.194244604316547e-05, "local_perc": 0.004319654427645789}, "BIHAR": {"global_perc": 0.0006685385746757588, "local_perc": 0.06479481641468683}, "JAMMU & KASHMIR": {"global_perc": 0.0004578055852281398, "local_perc": 0.0064794816414686825}, "JHARKHAND": {"global_perc": 3.086991418163858e-05, "local_perc": 0.0021598272138228943}, "KARNATAKA": {"global_perc": 0.00950920245398773, "local_perc": 0.6025917926565875}, "KERALA": {"global_perc": 0.0019646365422396855, "local_perc": 0.004319654427645789}, "ODISHA": {"global_perc": 7.795295539142128e-05, "local_perc": 0.008639308855291577}, "PUDUCHERRY": {"global_perc": 0.022222222222222223, "local_perc": 0.004319654427645789}, "TRIPURA": {"global_perc": 0.001142857142857143, "local_perc": 0.0021598272138228943}, "Tamil Nadu": {"global_perc": 0.007635020965016584, "local_perc": 0.2634989200863931}, "UTTAR PRADESH": {"global_perc": 0.0001217524865603986, "local_perc": 0.028077753779697623}, "UTTARAKHAND": {"global_perc": 5.954862144941345e-05, "local_perc": 0.0021598272138228943}, "West Bengal": {"global_perc": 7.459346561241235e-05, "local_perc": 0.0064794816414686825}}, "partition_field": "Stat_Nam", "Vil_Nam": "Karikalampakkam", "Stat_Nam": "PUDUCHERRY"}, {"data": [["TB_Clin_Par_Med_Par_Med_Staf_In_Pos_Num", 6.0], ["TB_Clin_Par_Med_Par_Med_Staf_Tot_Stren_Num", 7.0], 0.8571428571428571], "data_low": {"Stat_Nam": "Tamil Nadu", "Vil_Nam": "Kavandapadi", "TB_Clin_Par_Med_Par_Med_Staf_Tot_Stren_Num": "11", "TB_Clin_Par_Med_Par_Med_Staf_In_Pos_Num": "10", "id": 612267}, "data_high": {"Stat_Nam": "BIHAR", "Vil_Nam": "Itarhi", "TB_Clin_Par_Med_Par_Med_Staf_Tot_Stren_Num": "10", "TB_Clin_Par_Med_Par_Med_Staf_In_Pos_Num": "9", "id": 247705}, "perc": 0.00867156449476093, "metric": 99.99132857837857, "value_global_local": {"BIHAR": {"global_perc": 4.456923831171725e-05, "local_perc": 0.037037037037037035}, "KARNATAKA": {"global_perc": 0.0014314928425357874, "local_perc": 0.7777777777777778}, "PUDUCHERRY": {"global_perc": 0.03333333333333333, "local_perc": 0.05555555555555555}, "TRIPURA": {"global_perc": 0.001142857142857143, "local_perc": 0.018518518518518517}, "Tamil Nadu": {"global_perc": 0.00025032855623005195, "local_perc": 0.07407407407407407}, "West Bengal": {"global_perc": 4.972897707494157e-05, "local_perc": 0.037037037037037035}}, "partition_field": "Stat_Nam", "Vil_Nam": "Akkol", "Stat_Nam": "KARNATAKA"}, {"data": [["TB_Clin_Par_Med_Par_Med_Staf_In_Pos_Num", 2.0], ["TB_Clin_Par_Med_Par_Med_Staf_Tot_Stren_Num", 2.0], 1.0], "data_low": {"Stat_Nam": "JAMMU & KASHMIR", "Vil_Nam": "Dedi Koot", "TB_Clin_Par_Med_Par_Med_Staf_Tot_Stren_Num": "1", "TB_Clin_Par_Med_Par_Med_Staf_In_Pos_Num": "1", "id": 102}, "data_high": {"Stat_Nam": "TRIPURA", "Vil_Nam": "Paschim Kanchanbari", "TB_Clin_Par_Med_Par_Med_Staf_Tot_Stren_Num": "9", "TB_Clin_Par_Med_Par_Med_Staf_In_Pos_Num": "9", "id": 271607}, "perc": 1.1733911437632982, "metric": 98.8266088562367, "value_global_local": {"": {"global_perc": 0.013603953324962852, "local_perc": 0.9697550294238402}, "ADHARPUR": {"global_perc": 0.25, "local_perc": 0.0001368550704803613}, "AILEE": {"global_perc": 1.0, "local_perc": 0.0001368550704803613}, "AKBARNAGAR": {"global_perc": 0.1111111111111111, "local_perc": 0.0001368550704803613}, "ALAKDIHA": {"global_perc": 0.5, "local_perc": 0.0001368550704803613}, "ALIPUR BIHTA": {"global_perc": 1.0, "local_perc": 0.0001368550704803613}, "AMRAPARA": {"global_perc": 1.0, "local_perc": 0.0001368550704803613}, "ASHARAM PAR": {"global_perc": 0.5, "local_perc": 0.0001368550704803613}, "ASOUTA": {"global_perc": 0.5, "local_perc": 0.0001368550704803613}, "AURANGABAD": {"global_perc": 0.058823529411764705, "local_perc": 0.0001368550704803613}, "BABHANI": {"global_perc": 0.010416666666666666, "local_perc": 0.0002737101409607226}, "BACHAHALLI": {"global_perc": 1.0, "local_perc": 0.0001368550704803613}, "BADAL": {"global_perc": 1.0, "local_perc": 0.0001368550704803613}, "BAGHA": {"global_perc": 0.25, "local_perc": 0.0001368550704803613}, "BAHADINAGAR": {"global_perc": 1.0, "local_perc": 0.0001368550704803613}, "BAHERA": {"global_perc": 0.07692307692307693, "local_perc": 0.0001368550704803613}, "BAJODIH": {"global_perc": 1.0, "local_perc": 0.0001368550704803613}, "BALIA": {"global_perc": 0.16666666666666666, "local_perc": 0.0002737101409607226}, "BALLAGAN": {"global_perc": 1.0, "local_perc": 0.0001368550704803613}, "BALMARPADA": {"global_perc": 1.0, "local_perc": 0.0001368550704803613}, "BANDULAHAR": {"global_perc": 1.0, "local_perc": 0.0001368550704803613}, "BARAILA": {"global_perc": 0.4, "local_perc": 0.0002737101409607226}, "BARAP": {"global_perc": 0.3333333333333333, "local_perc": 0.0001368550704803613}, "BASAVANAHALLI": {"global_perc": 0.2, "local_perc": 0.0001368550704803613}, "BASDIHAGOPAL": {"global_perc": 0.5, "local_perc": 0.0001368550704803613}, "BASEDOUR": {"global_perc": 0.3333333333333333, "local_perc": 0.0001368550704803613}, "BASINI": {"global_perc": 1.0, "local_perc": 0.0001368550704803613}, "BASODIH": {"global_perc": 1.0, "local_perc": 0.0001368550704803613}, "BASUDEWPUR": {"global_perc": 1.0, "local_perc": 0.0001368550704803613}, "BEGUMSARAI": {"global_perc": 1.0, "local_perc": 0.0001368550704803613}, "BELDIHRI": {"global_perc": 0.3333333333333333, "local_perc": 0.0001368550704803613}, "BELHAN": {"global_perc": 0.3333333333333333, "local_perc": 0.0001368550704803613}, "BHADAURA": {"global_perc": 0.14285714285714285, "local_perc": 0.0001368550704803613}, "BHAURA DANDA": {"global_perc": 1.0, "local_perc": 0.0001368550704803613}, "BIGHAPUR": {"global_perc": 1.0, "local_perc": 0.0001368550704803613}, "BILISIRI": {"global_perc": 0.5, "local_perc": 0.0001368550704803613}, "BUDGADDA": {"global_perc": 0.5, "local_perc": 0.0002737101409607226}, "CHAK BAMUN": {"global_perc": 0.3333333333333333, "local_perc": 0.0001368550704803613}, "CHANAR BIGHA": {"global_perc": 0.2, "local_perc": 0.0001368550704803613}, "CHANDDIH": {"global_perc": 0.5, "local_perc": 0.0001368550704803613}, "CHANDI": {"global_perc": 0.04, "local_perc": 0.0001368550704803613}, "CHHANGLA": {"global_perc": 0.2, "local_perc": 0.0001368550704803613}, "CHILOI": {"global_perc": 0.3333333333333333, "local_perc": 0.0001368550704803613}, "CHIRKUWEDA": {"global_perc": 1.0, "local_perc": 0.0001368550704803613}, "CHORA": {"global_perc": 0.25, "local_perc": 0.0001368550704803613}, "CHORAIN": {"global_perc": 1.0, "local_perc": 0.0001368550704803613}, "DAMADIH": {"global_perc": 0.5, "local_perc": 0.0001368550704803613}, "DAMERIKIA": {"global_perc": 1.0, "local_perc": 0.0001368550704803613}, "DANMOCHHE": {"global_perc": 0.5, "local_perc": 0.0001368550704803613}, "DARAPUR": {"global_perc": 0.2, "local_perc": 0.0001368550704803613}, "DEDUWA": {"global_perc": 1.0, "local_perc": 0.0001368550704803613}, "DEGO DEHARI": {"global_perc": 1.0, "local_perc": 0.0001368550704803613}, "DHUNA": {"global_perc": 0.3333333333333333, "local_perc": 0.0001368550704803613}, "DUIKASAI": {"global_perc": 1.0, "local_perc": 0.0001368550704803613}, "EAKHARA": {"global_perc": 1.0, "local_perc": 0.0001368550704803613}, "ERKI": {"global_perc": 1.0, "local_perc": 0.0001368550704803613}, "ETAUNJA": {"global_perc": 0.3333333333333333, "local_perc": 0.0001368550704803613}, "FATEHPUR": {"global_perc": 0.015873015873015872, "local_perc": 0.0001368550704803613}, "FRANGAMATIA": {"global_perc": 1.0, "local_perc": 0.0001368550704803613}, "FULANG": {"global_perc": 0.6666666666666666, "local_perc": 0.0002737101409607226}, "GACHRA": {"global_perc": 1.0, "local_perc": 0.0001368550704803613}, "GAJADHARPUR": {"global_perc": 0.125, "local_perc": 0.0001368550704803613}, "GANGATI": {"global_perc": 1.0, "local_perc": 0.0002737101409607226}, "GANGHARA": {"global_perc": 0.5, "local_perc": 0.0001368550704803613}, "GAON": {"global_perc": 0.06666666666666667, "local_perc": 0.0001368550704803613}, "GARHWA": {"global_perc": 0.14285714285714285, "local_perc": 0.0001368550704803613}, "GAUHARPUR": {"global_perc": 0.3333333333333333, "local_perc": 0.0001368550704803613}, "GIRIYA": {"global_perc": 0.5, "local_perc": 0.0001368550704803613}, "GOH": {"global_perc": 0.2, "local_perc": 0.0001368550704803613}, "GOPICHAK": {"global_perc": 1.0, "local_perc": 0.0001368550704803613}, "GOVINDAMPALAYAM": {"global_perc": 0.5, "local_perc": 0.0001368550704803613}, "GUMRU": {"global_perc": 0.3333333333333333, "local_perc": 0.0001368550704803613}, "GURI": {"global_perc": 0.1111111111111111, "local_perc": 0.0001368550704803613}, "GYANPUR": {"global_perc": 0.034482758620689655, "local_perc": 0.0001368550704803613}, "HARHUA": {"global_perc": 0.6666666666666666, "local_perc": 0.0002737101409607226}, "HARIHARPUR": {"global_perc": 0.03225806451612903, "local_perc": 0.0001368550704803613}, "HARIRAMPUR": {"global_perc": 0.14285714285714285, "local_perc": 0.0001368550704803613}, "HARNA": {"global_perc": 0.5, "local_perc": 0.0001368550704803613}, "HAUCAK": {"global_perc": 0.16666666666666666, "local_perc": 0.0001368550704803613}, "HULIYAR": {"global_perc": 0.5, "local_perc": 0.0001368550704803613}, "HUNASANAKODIHALLI": {"global_perc": 1.0, "local_perc": 0.0001368550704803613}, "IBRAHIMPUR": {"global_perc": 0.1, "local_perc": 0.0001368550704803613}, "IDAR": {"global_perc": 0.5, "local_perc": 0.0001368550704803613}, "INDAR": {"global_perc": 0.6666666666666666, "local_perc": 0.0002737101409607226}, "ISHAPUR": {"global_perc": 0.3333333333333333, "local_perc": 0.0001368550704803613}, "ITKHORI": {"global_perc": 0.5, "local_perc": 0.0001368550704803613}, "JAIDPUR": {"global_perc": 1.0, "local_perc": 0.0001368550704803613}, "JALALPUR NAURANGA": {"global_perc": 0.5, "local_perc": 0.0001368550704803613}, "JAMBANI": {"global_perc": 0.2, "local_perc": 0.0001368550704803613}, "JAMBGI(K.D)": {"global_perc": 1.0, "local_perc": 0.0001368550704803613}, "JAMUAMWAN": {"global_perc": 1.0, "local_perc": 0.0001368550704803613}, "JARANGA": {"global_perc": 0.5, "local_perc": 0.0001368550704803613}, "JHAMKE": {"global_perc": 1.0, "local_perc": 0.0001368550704803613}, "JOGERISUGA": {"global_perc": 1.0, "local_perc": 0.0001368550704803613}, "K. NUAGAON": {"global_perc": 1.0, "local_perc": 0.0004105652114410839}, "KACHURI": {"global_perc": 0.5, "local_perc": 0.0001368550704803613}, "KAKARIA": {"global_perc": 0.25, "local_perc": 0.0001368550704803613}, "KANAUDI": {"global_perc": 0.5, "local_perc": 0.0001368550704803613}, "KANDARMUNDA": {"global_perc": 1.0, "local_perc": 0.0002737101409607226}, "KANDHALA SHEIKAN": {"global_perc": 1.0, "local_perc": 0.0001368550704803613}, "KANIMOH": {"global_perc": 0.16666666666666666, "local_perc": 0.0001368550704803613}, "KANNAPUR HATTI": {"global_perc": 1.0, "local_perc": 0.0001368550704803613}, "KARJA": {"global_perc": 0.5, "local_perc": 0.0001368550704803613}, "KARLI KALH": {"global_perc": 0.2, "local_perc": 0.0001368550704803613}, "KARMA": {"global_perc": 0.058823529411764705, "local_perc": 0.0001368550704803613}, "KAULI": {"global_perc": 0.14285714285714285, "local_perc": 0.0001368550704803613}, "KERA": {"global_perc": 0.5, "local_perc": 0.0001368550704803613}, "KESARE": {"global_perc": 1.0, "local_perc": 0.0001368550704803613}, "KHARAJ": {"global_perc": 0.6666666666666666, "local_perc": 0.0002737101409607226}, "KHARAR": {"global_perc": 0.1111111111111111, "local_perc": 0.0001368550704803613}, "KHUN KHUN SARKI": {"global_perc": 0.5, "local_perc": 0.0001368550704803613}, "KONE": {"global_perc": 1.0, "local_perc": 0.0001368550704803613}, "KONI": {"global_perc": 0.16666666666666666, "local_perc": 0.0001368550704803613}, "KORI": {"global_perc": 0.2, "local_perc": 0.0001368550704803613}, "KOSDA": {"global_perc": 0.14285714285714285, "local_perc": 0.0001368550704803613}, "KOT GANGURAI": {"global_perc": 1.0, "local_perc": 0.0001368550704803613}, "KOTTARAM": {"global_perc": 1.0, "local_perc": 0.0001368550704803613}, "KUDKI": {"global_perc": 0.5, "local_perc": 0.0001368550704803613}, "KUDUTULI": {"global_perc": 0.6666666666666666, "local_perc": 0.0002737101409607226}, "KULLATHILVAI": {"global_perc": 0.3333333333333333, "local_perc": 0.0001368550704803613}, "KUMIZHI": {"global_perc": 1.0, "local_perc": 0.0001368550704803613}, "KURSI": {"global_perc": 0.3333333333333333, "local_perc": 0.0001368550704803613}, "KUTTI": {"global_perc": 1.0, "local_perc": 0.0001368550704803613}, "MACHONG": {"global_perc": 1.0, "local_perc": 0.0001368550704803613}, "MADHOPUR": {"global_perc": 0.03225806451612903, "local_perc": 0.0001368550704803613}, "MAGALI": {"global_perc": 1.0, "local_perc": 0.0001368550704803613}, "MAHDIPUR": {"global_perc": 0.5, "local_perc": 0.0001368550704803613}, "MAHUWAI": {"global_perc": 1.0, "local_perc": 0.0001368550704803613}, "MAJHWALIA": {"global_perc": 1.0, "local_perc": 0.0001368550704803613}, "MALIHAPUR": {"global_perc": 1.0, "local_perc": 0.0001368550704803613}, "MARARI KALA": {"global_perc": 0.5, "local_perc": 0.0001368550704803613}, "MASAUNI": {"global_perc": 0.3333333333333333, "local_perc": 0.0001368550704803613}, "MAYURHAND": {"global_perc": 0.75, "local_perc": 0.0004105652114410839}, "MERLE": {"global_perc": 1.0, "local_perc": 0.0001368550704803613}, "MOHANPUR": {"global_perc": 0.02666666666666667, "local_perc": 0.0002737101409607226}, "MORWA": {"global_perc": 1.0, "local_perc": 0.0001368550704803613}, "MUNAN": {"global_perc": 1.0, "local_perc": 0.0001368550704803613}, "MUNDARGAON": {"global_perc": 1.0, "local_perc": 0.0001368550704803613}, "MUNIPUR": {"global_perc": 0.5, "local_perc": 0.0001368550704803613}, "N.A.": {"global_perc": 0.0007577192650123129, "local_perc": 0.0010948405638428905}, "NABINAGAR": {"global_perc": 0.25, "local_perc": 0.0001368550704803613}, "NADICHAINE": {"global_perc": 1.0, "local_perc": 0.0001368550704803613}, "NALATHWAD": {"global_perc": 0.25, "local_perc": 0.0001368550704803613}, "NAWADA": {"global_perc": 0.03225806451612903, "local_perc": 0.0001368550704803613}, "NAYADIH": {"global_perc": 0.3333333333333333, "local_perc": 0.0001368550704803613}, "NOTAR": {"global_perc": 1.0, "local_perc": 0.0001368550704803613}, "OBRA": {"global_perc": 1.0, "local_perc": 0.0001368550704803613}, "OR": {"global_perc": 0.3333333333333333, "local_perc": 0.0001368550704803613}, "PADARIYA": {"global_perc": 0.07692307692307693, "local_perc": 0.0001368550704803613}, "PAIBANSAHI": {"global_perc": 1.0, "local_perc": 0.0001368550704803613}, "PANDEPURA KALA": {"global_perc": 1.0, "local_perc": 0.0002737101409607226}, "PARRIA PARASSAWAN": {"global_perc": 0.4, "local_perc": 0.0002737101409607226}, "PHULANG": {"global_perc": 1.0, "local_perc": 0.0001368550704803613}, "PIPRA": {"global_perc": 0.05263157894736842, "local_perc": 0.0001368550704803613}, "PUHO": {"global_perc": 1.0, "local_perc": 0.0001368550704803613}, "PUNAJUR STATE FOREST": {"global_perc": 1.0, "local_perc": 0.0001368550704803613}, "PURAUNI BUZURG": {"global_perc": 1.0, "local_perc": 0.0001368550704803613}, "RAGHOPUR": {"global_perc": 0.16666666666666666, "local_perc": 0.0001368550704803613}, "RAINAGAR": {"global_perc": 1.0, "local_perc": 0.0001368550704803613}, "RAMDIH": {"global_perc": 0.3333333333333333, "local_perc": 0.0001368550704803613}, "RAMGARHA": {"global_perc": 1.0, "local_perc": 0.0001368550704803613}, "RANIPOKHRI": {"global_perc": 0.5, "local_perc": 0.0002737101409607226}, "RATNAG": {"global_perc": 0.3333333333333333, "local_perc": 0.0001368550704803613}, "REPEDA": {"global_perc": 1.0, "local_perc": 0.0001368550704803613}, "RUPAS MAHAJI": {"global_perc": 0.5, "local_perc": 0.0001368550704803613}, "Rahmatpur": {"global_perc": 0.5, "local_perc": 0.0001368550704803613}, "SADAKAR": {"global_perc": 1.0, "local_perc": 0.0001368550704803613}, "SADURI": {"global_perc": 0.6666666666666666, "local_perc": 0.0002737101409607226}, "SAHIBGANJ": {"global_perc": 0.05263157894736842, "local_perc": 0.0001368550704803613}, "SAINIPADA": {"global_perc": 1.0, "local_perc": 0.0002737101409607226}, "SALIAGOCHHA": {"global_perc": 1.0, "local_perc": 0.0001368550704803613}, "SANKESHWAR TOWN": {"global_perc": 1.0, "local_perc": 0.0001368550704803613}, "SAPAKAMBA": {"global_perc": 1.0, "local_perc": 0.0001368550704803613}, "SARAIA": {"global_perc": 0.5, "local_perc": 0.0002737101409607226}, "SARDAM": {"global_perc": 0.25, "local_perc": 0.0001368550704803613}, "SARUA": {"global_perc": 0.3333333333333333, "local_perc": 0.0001368550704803613}, "SEWAL": {"global_perc": 1.0, "local_perc": 0.0001368550704803613}, "SHEKHPURA": {"global_perc": 0.1, "local_perc": 0.0001368550704803613}, "SHIVPUR": {"global_perc": 0.18181818181818182, "local_perc": 0.0005474202819214452}, "SOMINAKOPPA": {"global_perc": 0.16666666666666666, "local_perc": 0.0001368550704803613}, "SUNDA": {"global_perc": 0.5, "local_perc": 0.0001368550704803613}, "SUNKA": {"global_perc": 1.0, "local_perc": 0.0001368550704803613}, "TAMBA": {"global_perc": 0.5, "local_perc": 0.0001368550704803613}, "TARNA": {"global_perc": 0.5, "local_perc": 0.0001368550704803613}, "TEGRA": {"global_perc": 1.0, "local_perc": 0.0001368550704803613}, "TETARIYA": {"global_perc": 0.07692307692307693, "local_perc": 0.0001368550704803613}, "TETRI": {"global_perc": 0.5, "local_perc": 0.0001368550704803613}, "THAGACHAGERE": {"global_perc": 1.0, "local_perc": 0.0001368550704803613}, "URMAR": {"global_perc": 1.0, "local_perc": 0.0001368550704803613}, "USODU": {"global_perc": 0.125, "local_perc": 0.0001368550704803613}}, "partition_field": "Near_Vil_Tow_Nam_hav_Prim_School", "Vil_Nam": "Halmat Pora", "Stat_Nam": "JAMMU & KASHMIR"}, {"data": [["TB_Clin_Par_Med_Par_Med_Staf_In_Pos_Num", 7.0], ["TB_Clin_Par_Med_Par_Med_Staf_Tot_Stren_Num", 6.0], 1.1666666666666667], "data_low": {"Stat_Nam": "BIHAR", "Vil_Nam": "Kajha", "TB_Clin_Par_Med_Par_Med_Staf_Tot_Stren_Num": "6", "TB_Clin_Par_Med_Par_Med_Staf_In_Pos_Num": "7", "id": 222429}, "data_high": {"Stat_Nam": "BIHAR", "Vil_Nam": "Kajha", "TB_Clin_Par_Med_Par_Med_Staf_Tot_Stren_Num": "6", "TB_Clin_Par_Med_Par_Med_Staf_In_Pos_Num": "7", "id": 222429}, "perc": 0.00016058452768075794, "metric": 99.99983924877259, "value_global_local": {}, "partition_field": null, "Vil_Nam": "Kajha", "Stat_Nam": "BIHAR"}, {"data": [["TB_Clin_Par_Med_Par_Med_Staf_In_Pos_Num", 8.0], ["TB_Clin_Par_Med_Par_Med_Staf_Tot_Stren_Num", 6.0], 1.3333333333333333], "data_low": {"Stat_Nam": "BIHAR", "Vil_Nam": "Rauta", "TB_Clin_Par_Med_Par_Med_Staf_Tot_Stren_Num": "6", "TB_Clin_Par_Med_Par_Med_Staf_In_Pos_Num": "8", "id": 222923}, "data_high": {"Stat_Nam": "BIHAR", "Vil_Nam": "Rauta", "TB_Clin_Par_Med_Par_Med_Staf_Tot_Stren_Num": "6", "TB_Clin_Par_Med_Par_Med_Staf_In_Pos_Num": "8", "id": 222923}, "perc": 0.00016058452768075794, "metric": 99.99983908207285, "value_global_local": {}, "partition_field": null, "Vil_Nam": "Rauta", "Stat_Nam": "BIHAR"}, {"data": [["TB_Clin_Par_Med_Par_Med_Staf_In_Pos_Num", 4.0], ["TB_Clin_Par_Med_Par_Med_Staf_Tot_Stren_Num", 2.0], 2.0], "data_low": {"Stat_Nam": "UTTAR PRADESH", "Vil_Nam": "Sakraya Bangar", "TB_Clin_Par_Med_Par_Med_Staf_Tot_Stren_Num": "1", "TB_Clin_Par_Med_Par_Med_Staf_In_Pos_Num": "2", "id": 123561}, "data_high": {"Stat_Nam": "UTTAR PRADESH", "Vil_Nam": "Nauhjheel Banger", "TB_Clin_Par_Med_Par_Med_Staf_Tot_Stren_Num": "2", "TB_Clin_Par_Med_Par_Med_Staf_In_Pos_Num": "4", "id": 123147}, "perc": 0.0008029226384037898, "metric": 99.9991960771696, "value_global_local": {}, "partition_field": null, "Vil_Nam": "Nauhjheel Banger", "Stat_Nam": "UTTAR PRADESH"}, {"data": [["TB_Clin_Par_Med_Par_Med_Staf_In_Pos_Num", 5.0], ["TB_Clin_Par_Med_Par_Med_Staf_Tot_Stren_Num", 2.0], 2.5], "data_low": {"Stat_Nam": "UTTAR PRADESH", "Vil_Nam": "Lakhawati", "TB_Clin_Par_Med_Par_Med_Staf_Tot_Stren_Num": "2", "TB_Clin_Par_Med_Par_Med_Staf_In_Pos_Num": "5", "id": 151564}, "data_high": {"Stat_Nam": "UTTAR PRADESH", "Vil_Nam": "Lakhawati", "TB_Clin_Par_Med_Par_Med_Staf_Tot_Stren_Num": "2", "TB_Clin_Par_Med_Par_Med_Staf_In_Pos_Num": "5", "id": 151564}, "perc": 0.00016058452768075794, "metric": 99.9998379151747, "value_global_local": {}, "partition_field": null, "Vil_Nam": "Lakhawati", "Stat_Nam": "UTTAR PRADESH"}, {"data": [["TB_Clin_Par_Med_Par_Med_Staf_In_Pos_Num", 3.0], ["TB_Clin_Par_Med_Par_Med_Staf_Tot_Stren_Num", 1.0], 3.0], "data_low": {"Stat_Nam": "UTTAR PRADESH", "Vil_Nam": "Mudli", "TB_Clin_Par_Med_Par_Med_Staf_Tot_Stren_Num": "1", "TB_Clin_Par_Med_Par_Med_Staf_In_Pos_Num": "3", "id": 208707}, "data_high": {"Stat_Nam": "UTTAR PRADESH", "Vil_Nam": "Mudli", "TB_Clin_Par_Med_Par_Med_Staf_Tot_Stren_Num": "1", "TB_Clin_Par_Med_Par_Med_Staf_In_Pos_Num": "3", "id": 208707}, "perc": 0.00016058452768075794, "metric": 99.99983741507548, "value_global_local": {}, "partition_field": null, "Vil_Nam": "Mudli", "Stat_Nam": "UTTAR PRADESH"}, {"data": [["TB_Clin_Par_Med_Par_Med_Staf_In_Pos_Num", 1.0], ["TB_Clin_Par_Med_Par_Med_Staf_Tot_Stren_Num", 0.0], 9999], "data_low": {"Stat_Nam": "HIMACHAL PRADESH", "Vil_Nam": "Chuari Khas  (220)", "TB_Clin_Par_Med_Par_Med_Staf_Tot_Stren_Num": "0", "TB_Clin_Par_Med_Par_Med_Staf_In_Pos_Num": "1", "id": 7466}, "data_high": {"Stat_Nam": "UTTAR PRADESH", "Vil_Nam": "Ajnokh", "TB_Clin_Par_Med_Par_Med_Staf_Tot_Stren_Num": "", "TB_Clin_Par_Med_Par_Med_Staf_In_Pos_Num": "4", "id": 122992}, "perc": 0.0022481833875306113, "metric": 99.98775204153083, "value_global_local": {}, "partition_field": null, "Vil_Nam": "Chuari Khas  (220)", "Stat_Nam": "HIMACHAL PRADESH"}, {"data": [["TB_Clin_Par_Med_Par_Med_Staf_In_Pos_Num", 0], ["TB_Clin_Par_Med_Par_Med_Staf_Tot_Stren_Num", 0], 99980001], "data_low": {"Stat_Nam": "JAMMU & KASHMIR", "Vil_Nam": "Bore", "TB_Clin_Par_Med_Par_Med_Staf_Tot_Stren_Num": "", "TB_Clin_Par_Med_Par_Med_Staf_In_Pos_Num": "", "id": 0}, "data_high": {"Stat_Nam": "JAMMU & KASHMIR", "Vil_Nam": "Palmar", "TB_Clin_Par_Med_Par_Med_Staf_Tot_Stren_Num": "Tb_pst", "TB_Clin_Par_Med_Par_Med_Staf_In_Pos_Num": "Tb_ppos", "id": 4582}, "perc": 98.47348347986672, "metric": 9.849318113116113e-07, "value_global_local": {"null": {"global_perc": 0.9847348347986672, "local_perc": 1.0}}, "partition_field": "Dist_Other", "Vil_Nam": "Bore", "Stat_Nam": "JAMMU & KASHMIR"}]