[{"data": [["Dis_Doc_In_Pos_Num", 0.0], ["Dis_Par_Med_Staf_Tot_Stren_Num", 3.0], 0.0], "data_low": {"Stat_Nam": "JAMMU & KASHMIR", "Vil_Nam": "Staktse", "Dis_Doc_In_Pos_Num": "", "Dis_Par_Med_Staf_Tot_Stren_Num": "1", "id": 1010}, "data_high": {"Stat_Nam": "West Bengal", "Vil_Nam": "Kurkutia", "Dis_Doc_In_Pos_Num": "6", "Dis_Par_Med_Staf_Tot_Stren_Num": "82", "id": 327291}, "perc": 0.5069653538881529, "metric": 99.49303564124122, "value_global_local": {"": {"global_perc": 0.0060057409672226916, "local_perc": 0.4526449160595502}, "-": {"global_perc": 0.33176470588235296, "local_perc": 0.04466265441875198}, "0": {"global_perc": 0.010985253259243427, "local_perc": 0.08140639847956921}, "1": {"global_perc": 0.004496961941453276, "local_perc": 0.3139056065885334}, "2": {"global_perc": 0.002411198201914733, "local_perc": 0.10738042445359519}}, "partition_field": "Tub_Wel_Bor_Fun_in_Sum_mon_April_Sep_Stat", "Vil_Nam": "Lalpora Beeru", "Stat_Nam": "JAMMU & KASHMIR"}, {"data": [["Dis_Doc_In_Pos_Num", 1.0], ["Dis_Par_Med_Staf_Tot_Stren_Num", 9.0], 0.1111111111111111], "data_low": {"Stat_Nam": "Punjab", "Vil_Nam": "Katani Kalan (212)", "Dis_Doc_In_Pos_Num": "1", "Dis_Par_Med_Staf_Tot_Stren_Num": "9", "id": 33180}, "data_high": {"Stat_Nam": "Punjab", "Vil_Nam": "Daroli Bhai (61)", "Dis_Doc_In_Pos_Num": "4", "Dis_Par_Med_Staf_Tot_Stren_Num": "21", "id": 33867}, "perc": 0.11562085993014573, "metric": 99.88438002810862, "value_global_local": {"": {"global_perc": 0.0013726822787677728, "local_perc": 0.9930555555555556}, "ANDIPATTI": {"global_perc": 0.25, "local_perc": 0.001388888888888889}, "BALYAH": {"global_perc": 0.25, "local_perc": 0.001388888888888889}, "DAKOON": {"global_perc": 1.0, "local_perc": 0.001388888888888889}, "POWARKHALI": {"global_perc": 0.14285714285714285, "local_perc": 0.001388888888888889}, "VADAKATTUPATTI": {"global_perc": 1.0, "local_perc": 0.001388888888888889}}, "partition_field": "Near_Vil_Tow_Nam_hav_Prim_School", "Vil_Nam": "Katani Kalan (212)", "Stat_Nam": "Punjab"}, {"data": [["Dis_Doc_In_Pos_Num", 3.0], ["Dis_Par_Med_Staf_Tot_Stren_Num", 14.0], 0.21428571428571427], "data_low": {"Stat_Nam": "JAMMU & KASHMIR", "Vil_Nam": "Charri Sharif", "Dis_Doc_In_Pos_Num": "1", "Dis_Par_Med_Staf_Tot_Stren_Num": "4", "id": 820}, "data_high": {"Stat_Nam": "Tamil Nadu", "Vil_Nam": "Desavilakku", "Dis_Doc_In_Pos_Num": "8", "Dis_Par_Med_Staf_Tot_Stren_Num": "27", "id": 611290}, "perc": 0.14484724396804366, "metric": 99.8551535407651, "value_global_local": {"": {"global_perc": 0.0016932947830394065, "local_perc": 0.9778270509977827}, "BAJODIH": {"global_perc": 1.0, "local_perc": 0.0011086474501108647}, "BAMMI": {"global_perc": 1.0, "local_perc": 0.0011086474501108647}, "BASODIH": {"global_perc": 1.0, "local_perc": 0.0011086474501108647}, "BHALLON": {"global_perc": 0.5, "local_perc": 0.0011086474501108647}, "BHEEMAWALA": {"global_perc": 1.0, "local_perc": 0.0011086474501108647}, "CHANDDIH": {"global_perc": 0.5, "local_perc": 0.0011086474501108647}, "CHIRLAKOPPA": {"global_perc": 1.0, "local_perc": 0.0011086474501108647}, "DIFFERPAT": {"global_perc": 1.0, "local_perc": 0.0011086474501108647}, "GHUMARKAR": {"global_perc": 0.25, "local_perc": 0.0011086474501108647}, "KANA SUAN": {"global_perc": 0.5, "local_perc": 0.0011086474501108647}, "KOTHI": {"global_perc": 0.02702702702702703, "local_perc": 0.0011086474501108647}, "KULLATHILVAI": {"global_perc": 0.3333333333333333, "local_perc": 0.0011086474501108647}, "KUMIZHI": {"global_perc": 1.0, "local_perc": 0.0011086474501108647}, "LOHARLI NICHLI": {"global_perc": 1.0, "local_perc": 0.0011086474501108647}, "MANEI": {"global_perc": 1.0, "local_perc": 0.0011086474501108647}, "NAUGAON": {"global_perc": 0.125, "local_perc": 0.0011086474501108647}, "RAMDIH": {"global_perc": 0.3333333333333333, "local_perc": 0.0011086474501108647}, "SIHAL": {"global_perc": 0.5, "local_perc": 0.0011086474501108647}, "TANGH": {"global_perc": 0.3333333333333333, "local_perc": 0.0011086474501108647}, "UPREHR": {"global_perc": 0.5, "local_perc": 0.0011086474501108647}}, "partition_field": "Near_Vil_Tow_Nam_hav_Prim_School", "Vil_Nam": "Kabilakkurichi", "Stat_Nam": "Tamil Nadu"}, {"data": [["Dis_Doc_In_Pos_Num", 2.0], ["Dis_Par_Med_Staf_Tot_Stren_Num", 6.0], 0.3333333333333333], "data_low": {"Stat_Nam": "JAMMU & KASHMIR", "Vil_Nam": "Kultra", "Dis_Doc_In_Pos_Num": "1", "Dis_Par_Med_Staf_Tot_Stren_Num": "3", "id": 172}, "data_high": {"Stat_Nam": "Tamil Nadu", "Vil_Nam": "Vadakuthu", "Dis_Doc_In_Pos_Num": "9", "Dis_Par_Med_Staf_Tot_Stren_Num": "27", "id": 614041}, "perc": 0.19013208077401741, "metric": 99.80986858475819, "value_global_local": {"ANDHRA PRADESH": {"global_perc": 0.002841726618705036, "local_perc": 0.06672297297297297}, "ASSAM": {"global_perc": 0.0023110437582875543, "local_perc": 0.05152027027027027}, "Arunachal Pradesh": {"global_perc": 0.0005367686527106817, "local_perc": 0.002533783783783784}, "BIHAR": {"global_perc": 0.0008468155279226278, "local_perc": 0.03209459459459459}, "CHHATTISGARH": {"global_perc": 0.00034780880453145184, "local_perc": 0.0059121621621621625}, "GOA": {"global_perc": 0.020958083832335328, "local_perc": 0.0059121621621621625}, "HARYANA": {"global_perc": 0.00029235491887151, "local_perc": 0.0016891891891891893}, "HIMACHAL PRADESH": {"global_perc": 0.002609956500724988, "local_perc": 0.04560810810810811}, "JAMMU & KASHMIR": {"global_perc": 0.010071722875019075, "local_perc": 0.05574324324324324}, "JHARKHAND": {"global_perc": 0.0001234796567265543, "local_perc": 0.0033783783783783786}, "KARNATAKA": {"global_perc": 0.0011247443762781187, "local_perc": 0.02787162162162162}, "KERALA": {"global_perc": 0.11787819253438114, "local_perc": 0.10135135135135136}, "MADHYA PRADESH": {"global_perc": 0.0004735624647104894, "local_perc": 0.02195945945945946}, "MANIPUR": {"global_perc": 0.0015497869043006587, "local_perc": 0.0033783783783783786}, "NAGALAND": {"global_perc": 0.0014005602240896359, "local_perc": 0.0016891891891891893}, "NCT OF DELHI": {"global_perc": 0.017857142857142856, "local_perc": 0.0016891891891891893}, "PUDUCHERRY": {"global_perc": 0.011111111111111112, "local_perc": 0.0008445945945945946}, "Punjab": {"global_perc": 0.005404975757094031, "local_perc": 0.057432432432432436}, "RAJASTHAN": {"global_perc": 0.00029101002865329514, "local_perc": 0.01097972972972973}, "SIKKIM": {"global_perc": 0.0022172949002217295, "local_perc": 0.0008445945945945946}, "TRIPURA": {"global_perc": 0.013714285714285714, "local_perc": 0.010135135135135136}, "Tamil Nadu": {"global_perc": 0.030289755303836284, "local_perc": 0.40878378378378377}, "UTTAR PRADESH": {"global_perc": 0.0003465263079026729, "local_perc": 0.03125}, "UTTARAKHAND": {"global_perc": 0.0031560769368189127, "local_perc": 0.044763513513513514}, "West Bengal": {"global_perc": 0.0001740514197622955, "local_perc": 0.0059121621621621625}}, "partition_field": "Stat_Nam", "Vil_Nam": "Hayihama", "Stat_Nam": "JAMMU & KASHMIR"}, {"data": [["Dis_Doc_In_Pos_Num", 10.0], ["Dis_Par_Med_Staf_Tot_Stren_Num", 22.0], 0.45454545454545453], "data_low": {"Stat_Nam": "JAMMU & KASHMIR", "Vil_Nam": "Khurhama", "Dis_Doc_In_Pos_Num": "1", "Dis_Par_Med_Staf_Tot_Stren_Num": "2", "id": 15}, "data_high": {"Stat_Nam": "JAMMU & KASHMIR", "Vil_Nam": "Chithi Bandi", "Dis_Doc_In_Pos_Num": "5", "Dis_Par_Med_Staf_Tot_Stren_Num": "10", "id": 2734}, "perc": 0.6606447468786383, "metric": 99.33935579508079, "value_global_local": {"ANDAMAN & NICOBAR ISLANDS": {"global_perc": 0.0036036036036036037, "local_perc": 0.0004861448711716091}, "ANDHRA PRADESH": {"global_perc": 0.008525179856115108, "local_perc": 0.05760816723383568}, "ASSAM": {"global_perc": 0.0013638946770221632, "local_perc": 0.008750607681088965}, "Arunachal Pradesh": {"global_perc": 0.003399534800500984, "local_perc": 0.004618376276130287}, "BIHAR": {"global_perc": 0.003030708205196773, "local_perc": 0.03305785123966942}, "CHHATTISGARH": {"global_perc": 0.00039749577660737356, "local_perc": 0.0019445794846864365}, "Dadra & Nagar Haveli": {"global_perc": 0.015384615384615385, "local_perc": 0.00024307243558580456}, "GOA": {"global_perc": 0.02694610778443114, "local_perc": 0.0021876519202722413}, "HARYANA": {"global_perc": 0.024703990644642595, "local_perc": 0.04107924161400097}, "HIMACHAL PRADESH": {"global_perc": 0.02653455775737071, "local_perc": 0.13344676713660672}, "JAMMU & KASHMIR": {"global_perc": 0.03708225240347932, "local_perc": 0.05906660184735051}, "JHARKHAND": {"global_perc": 0.001883064765079953, "local_perc": 0.014827418570734078}, "KARNATAKA": {"global_perc": 0.0037150647580095433, "local_perc": 0.026494895478852698}, "KERALA": {"global_perc": 0.13261296660117877, "local_perc": 0.032814778804083615}, "LAKSHADWEEP": {"global_perc": 0.047619047619047616, "local_perc": 0.00024307243558580456}, "MADHYA PRADESH": {"global_perc": 0.0011839061617762235, "local_perc": 0.015799708313077296}, "MANIPUR": {"global_perc": 0.0077489345215032935, "local_perc": 0.004861448711716091}, "MIZORAM": {"global_perc": 0.0012048192771084338, "local_perc": 0.00024307243558580456}, "NAGALAND": {"global_perc": 0.0014005602240896359, "local_perc": 0.0004861448711716091}, "NCT OF DELHI": {"global_perc": 0.026785714285714284, "local_perc": 0.0007292173067574137}, "Punjab": {"global_perc": 0.015420077895238853, "local_perc": 0.04715605250364609}, "RAJASTHAN": {"global_perc": 0.04069663323782235, "local_perc": 0.4419056878949927}, "TRIPURA": {"global_perc": 0.05942857142857143, "local_perc": 0.012639766650461837}, "Tamil Nadu": {"global_perc": 0.00012516427811502597, "local_perc": 0.0004861448711716091}, "UTTAR PRADESH": {"global_perc": 0.0014891265663925675, "local_perc": 0.038648517258142924}, "UTTARAKHAND": {"global_perc": 0.003870660394211874, "local_perc": 0.015799708313077296}, "West Bengal": {"global_perc": 0.00044756079367447413, "local_perc": 0.004375303840544483}}, "partition_field": "Stat_Nam", "Vil_Nam": "Pamban", "Stat_Nam": "Tamil Nadu"}, {"data": [["Dis_Doc_In_Pos_Num", 4.0], ["Dis_Par_Med_Staf_Tot_Stren_Num", 7.0], 0.5714285714285714], "data_low": {"Stat_Nam": "JAMMU & KASHMIR", "Vil_Nam": "Mindiyan", "Dis_Doc_In_Pos_Num": "2", "Dis_Par_Med_Staf_Tot_Stren_Num": "3", "id": 4}, "data_high": {"Stat_Nam": "West Bengal", "Vil_Nam": "Matigarahat", "Dis_Doc_In_Pos_Num": "4", "Dis_Par_Med_Staf_Tot_Stren_Num": "7", "id": 305284}, "perc": 0.024569432735155966, "metric": 99.97543099581667, "value_global_local": {"ANDHRA PRADESH": {"global_perc": 7.194244604316547e-05, "local_perc": 0.013071895424836602}, "ASSAM": {"global_perc": 0.00037885963250615644, "local_perc": 0.06535947712418301}, "BIHAR": {"global_perc": 0.0001559923340910104, "local_perc": 0.0457516339869281}, "CHHATTISGARH": {"global_perc": 4.9686972075921695e-05, "local_perc": 0.006535947712418301}, "HIMACHAL PRADESH": {"global_perc": 0.0002416626389560174, "local_perc": 0.032679738562091505}, "JAMMU & KASHMIR": {"global_perc": 0.005035861437509537, "local_perc": 0.21568627450980393}, "JHARKHAND": {"global_perc": 0.00027782922763474715, "local_perc": 0.058823529411764705}, "KERALA": {"global_perc": 0.005893909626719057, "local_perc": 0.0392156862745098}, "MADHYA PRADESH": {"global_perc": 0.0004371345828096825, "local_perc": 0.1568627450980392}, "NCT OF DELHI": {"global_perc": 0.05357142857142857, "local_perc": 0.0392156862745098}, "PUDUCHERRY": {"global_perc": 0.011111111111111112, "local_perc": 0.006535947712418301}, "Punjab": {"global_perc": 0.0003974246880216199, "local_perc": 0.032679738562091505}, "RAJASTHAN": {"global_perc": 6.715616045845272e-05, "local_perc": 0.0196078431372549}, "TRIPURA": {"global_perc": 0.022857142857142857, "local_perc": 0.13071895424836602}, "UTTAR PRADESH": {"global_perc": 0.00016858036600670575, "local_perc": 0.11764705882352941}, "UTTARAKHAND": {"global_perc": 0.0001190972428988269, "local_perc": 0.013071895424836602}, "West Bengal": {"global_perc": 2.4864488537470783e-05, "local_perc": 0.006535947712418301}}, "partition_field": "Stat_Nam", "Vil_Nam": "Matigarahat", "Stat_Nam": "West Bengal"}, {"data": [["Dis_Doc_In_Pos_Num", 5.0], ["Dis_Par_Med_Staf_Tot_Stren_Num", 7.0], 0.7142857142857143], "data_low": {"Stat_Nam": "JAMMU & KASHMIR", "Vil_Nam": "Gund -I-Hado", "Dis_Doc_In_Pos_Num": "3", "Dis_Par_Med_Staf_Tot_Stren_Num": "4", "id": 3450}, "data_high": {"Stat_Nam": "ASSAM", "Vil_Nam": "Sunai Bera Gaon", "Dis_Doc_In_Pos_Num": "5", "Dis_Par_Med_Staf_Tot_Stren_Num": "7", "id": 283519}, "perc": 0.005138704885784254, "metric": 99.99486158087096, "value_global_local": {"ASSAM": {"global_perc": 0.00011365788975184695, "local_perc": 0.09375}, "JAMMU & KASHMIR": {"global_perc": 0.0004578055852281398, "local_perc": 0.09375}, "JHARKHAND": {"global_perc": 0.0001234796567265543, "local_perc": 0.125}, "MADHYA PRADESH": {"global_perc": 1.821394095040344e-05, "local_perc": 0.03125}, "Punjab": {"global_perc": 0.0003974246880216199, "local_perc": 0.15625}, "RAJASTHAN": {"global_perc": 4.477077363896848e-05, "local_perc": 0.0625}, "TRIPURA": {"global_perc": 0.010285714285714285, "local_perc": 0.28125}, "UTTAR PRADESH": {"global_perc": 2.809672766778429e-05, "local_perc": 0.09375}, "UTTARAKHAND": {"global_perc": 5.954862144941345e-05, "local_perc": 0.03125}, "West Bengal": {"global_perc": 2.4864488537470783e-05, "local_perc": 0.03125}}, "partition_field": "Stat_Nam", "Vil_Nam": "Sunai Bera Gaon", "Stat_Nam": "ASSAM"}, {"data": [["Dis_Doc_In_Pos_Num", 5.0], ["Dis_Par_Med_Staf_Tot_Stren_Num", 6.0], 0.8333333333333334], "data_low": {"Stat_Nam": "JHARKHAND", "Vil_Nam": "Duikasai", "Dis_Doc_In_Pos_Num": "5", "Dis_Par_Med_Staf_Tot_Stren_Num": "6", "id": 375159}, "data_high": {"Stat_Nam": "JHARKHAND", "Vil_Nam": "Duikasai", "Dis_Doc_In_Pos_Num": "5", "Dis_Par_Med_Staf_Tot_Stren_Num": "6", "id": 375159}, "perc": 0.00016058452768075794, "metric": 99.99983958217206, "value_global_local": {}, "partition_field": null, "Vil_Nam": "Duikasai", "Stat_Nam": "JHARKHAND"}, {"data": [["Dis_Doc_In_Pos_Num", 1.0], ["Dis_Par_Med_Staf_Tot_Stren_Num", 1.0], 1.0], "data_low": {"Stat_Nam": "JAMMU & KASHMIR", "Vil_Nam": "Tung Check", "Dis_Doc_In_Pos_Num": "1", "Dis_Par_Med_Staf_Tot_Stren_Num": "1", "id": 37}, "data_high": {"Stat_Nam": "UTTAR PRADESH", "Vil_Nam": "Lonia", "Dis_Doc_In_Pos_Num": "8", "Dis_Par_Med_Staf_Tot_Stren_Num": "8", "id": 184276}, "perc": 1.5334216548235577, "metric": 98.46657834517644, "value_global_local": {"ANDHRA PRADESH": {"global_perc": 0.002302158273381295, "local_perc": 0.006702272489265892}, "ASSAM": {"global_perc": 0.0009850350445160068, "local_perc": 0.0027227981987642683}, "Arunachal Pradesh": {"global_perc": 0.001610305958132045, "local_perc": 0.000942507068803016}, "BIHAR": {"global_perc": 0.014841556357801846, "local_perc": 0.06974552309142319}, "CHHATTISGARH": {"global_perc": 0.0008446785252906688, "local_perc": 0.0017802911299612525}, "GOA": {"global_perc": 0.011976047904191617, "local_perc": 0.00041889203057911826}, "HARYANA": {"global_perc": 0.04326852799298348, "local_perc": 0.030998010262854748}, "HIMACHAL PRADESH": {"global_perc": 0.03446109231512808, "local_perc": 0.07466750445072783}, "JAMMU & KASHMIR": {"global_perc": 0.04745917900198383, "local_perc": 0.03256885537752644}, "JHARKHAND": {"global_perc": 0.014879298635549792, "local_perc": 0.05047648968478375}, "KARNATAKA": {"global_perc": 0.018370824812542604, "local_perc": 0.05644570112053618}, "KERALA": {"global_perc": 0.3369351669941061, "local_perc": 0.03591999162215939}, "MADHYA PRADESH": {"global_perc": 0.005409540462269821, "local_perc": 0.03110273327049953}, "MANIPUR": {"global_perc": 0.00581170089112747, "local_perc": 0.0015708451146716933}, "Maharashtra": {"global_perc": 0.0797664032978358, "local_perc": 0.3647502356267672}, "Meghalaya": {"global_perc": 0.0004386606228980845, "local_perc": 0.00031416902293433867}, "NAGALAND": {"global_perc": 0.0007002801120448179, "local_perc": 0.00010472300764477956}, "NCT OF DELHI": {"global_perc": 0.09821428571428571, "local_perc": 0.0011519530840925752}, "PUDUCHERRY": {"global_perc": 0.022222222222222223, "local_perc": 0.00020944601528955913}, "Punjab": {"global_perc": 0.1325808759240124, "local_perc": 0.1746779767514923}, "RAJASTHAN": {"global_perc": 0.002260924068767908, "local_perc": 0.010577023772122735}, "SIKKIM": {"global_perc": 0.004434589800443459, "local_perc": 0.00020944601528955913}, "TRIPURA": {"global_perc": 0.09485714285714286, "local_perc": 0.008692009634516704}, "UTTAR PRADESH": {"global_perc": 0.002060426695637515, "local_perc": 0.023039061681851502}, "UTTARAKHAND": {"global_perc": 0.003751563151313047, "local_perc": 0.006597549481621112}, "West Bengal": {"global_perc": 0.003232383509871202, "local_perc": 0.013613990993821342}}, "partition_field": "Stat_Nam", "Vil_Nam": "Tung Check", "Stat_Nam": "JAMMU & KASHMIR"}, {"data": [["Dis_Doc_In_Pos_Num", 6.0], ["Dis_Par_Med_Staf_Tot_Stren_Num", 5.0], 1.2], "data_low": {"Stat_Nam": "HIMACHAL PRADESH", "Vil_Nam": "Maharaj Nagar  (633)", "Dis_Doc_In_Pos_Num": "5", "Dis_Par_Med_Staf_Tot_Stren_Num": "4", "id": 11263}, "data_high": {"Stat_Nam": "West Bengal", "Vil_Nam": "Keshiari", "Dis_Doc_In_Pos_Num": "6", "Dis_Par_Med_Staf_Tot_Stren_Num": "5", "id": 341554}, "perc": 0.0004817535830422739, "metric": 99.99951804637791, "value_global_local": {}, "partition_field": null, "Vil_Nam": "Keshiari", "Stat_Nam": "West Bengal"}, {"data": [["Dis_Doc_In_Pos_Num", 4.0], ["Dis_Par_Med_Staf_Tot_Stren_Num", 3.0], 1.3333333333333333], "data_low": {"Stat_Nam": "UTTAR PRADESH", "Vil_Nam": "Mau", "Dis_Doc_In_Pos_Num": "4", "Dis_Par_Med_Staf_Tot_Stren_Num": "3", "id": 142907}, "data_high": {"Stat_Nam": "UTTAR PRADESH", "Vil_Nam": "Mau", "Dis_Doc_In_Pos_Num": "4", "Dis_Par_Med_Staf_Tot_Stren_Num": "3", "id": 142907}, "perc": 0.00016058452768075794, "metric": 99.99983908207285, "value_global_local": {}, "partition_field": null, "Vil_Nam": "Mau", "Stat_Nam": "UTTAR PRADESH"}, {"data": [["Dis_Doc_In_Pos_Num", 3.0], ["Dis_Par_Med_Staf_Tot_Stren_Num", 2.0], 1.5], "data_low": {"Stat_Nam": "JAMMU & KASHMIR", "Vil_Nam": "Dudu", "Dis_Doc_In_Pos_Num": "3", "Dis_Par_Med_Staf_Tot_Stren_Num": "2", "id": 4953}, "data_high": {"Stat_Nam": "JAMMU & KASHMIR", "Vil_Nam": "Dudu", "Dis_Doc_In_Pos_Num": "3", "Dis_Par_Med_Staf_Tot_Stren_Num": "2", "id": 4953}, "perc": 0.00786864185635714, "metric": 99.99213085808297, "value_global_local": {"Arunachal Pradesh": {"global_perc": 0.0001789228842368939, "local_perc": 0.02040816326530612}, "HIMACHAL PRADESH": {"global_perc": 9.666505558240696e-05, "local_perc": 0.04081632653061224}, "JAMMU & KASHMIR": {"global_perc": 0.00015260186174271325, "local_perc": 0.02040816326530612}, "JHARKHAND": {"global_perc": 9.260974254491573e-05, "local_perc": 0.061224489795918366}, "KERALA": {"global_perc": 0.0019646365422396855, "local_perc": 0.04081632653061224}, "MADHYA PRADESH": {"global_perc": 7.285576380161376e-05, "local_perc": 0.08163265306122448}, "NCT OF DELHI": {"global_perc": 0.017857142857142856, "local_perc": 0.04081632653061224}, "RAJASTHAN": {"global_perc": 0.0003805515759312321, "local_perc": 0.3469387755102041}, "TRIPURA": {"global_perc": 0.014857142857142857, "local_perc": 0.2653061224489796}, "UTTAR PRADESH": {"global_perc": 9.365575889261431e-06, "local_perc": 0.02040816326530612}, "UTTARAKHAND": {"global_perc": 5.954862144941345e-05, "local_perc": 0.02040816326530612}, "West Bengal": {"global_perc": 4.972897707494157e-05, "local_perc": 0.04081632653061224}}, "partition_field": "Stat_Nam", "Vil_Nam": "Dudu", "Stat_Nam": "JAMMU & KASHMIR"}, {"data": [["Dis_Doc_In_Pos_Num", 2.0], ["Dis_Par_Med_Staf_Tot_Stren_Num", 1.0], 2.0], "data_low": {"Stat_Nam": "West Bengal", "Vil_Nam": "Naksalbari", "Dis_Doc_In_Pos_Num": "12", "Dis_Par_Med_Staf_Tot_Stren_Num": "6", "id": 305312}, "data_high": {"Stat_Nam": "Punjab", "Vil_Nam": "Heir (347)", "Dis_Doc_In_Pos_Num": "6", "Dis_Par_Med_Staf_Tot_Stren_Num": "3", "id": 37406}, "perc": 0.029065799510217188, "metric": 99.97093320058046, "value_global_local": {"BIHAR": {"global_perc": 0.0001559923340910104, "local_perc": 0.03867403314917127}, "CHHATTISGARH": {"global_perc": 4.9686972075921695e-05, "local_perc": 0.0055248618784530384}, "HARYANA": {"global_perc": 0.000730887297178775, "local_perc": 0.027624309392265192}, "HIMACHAL PRADESH": {"global_perc": 0.001014983083615273, "local_perc": 0.11602209944751381}, "JAMMU & KASHMIR": {"global_perc": 0.000610407446970853, "local_perc": 0.022099447513812154}, "JHARKHAND": {"global_perc": 0.0015434957090819288, "local_perc": 0.27624309392265195}, "KERALA": {"global_perc": 0.005893909626719057, "local_perc": 0.03314917127071823}, "MADHYA PRADESH": {"global_perc": 0.0002367812323552447, "local_perc": 0.0718232044198895}, "Punjab": {"global_perc": 0.0024640330657340432, "local_perc": 0.1712707182320442}, "RAJASTHAN": {"global_perc": 4.477077363896848e-05, "local_perc": 0.011049723756906077}, "TRIPURA": {"global_perc": 0.018285714285714287, "local_perc": 0.08839779005524862}, "UTTAR PRADESH": {"global_perc": 0.00016858036600670575, "local_perc": 0.09944751381215469}, "West Bengal": {"global_perc": 0.0001740514197622955, "local_perc": 0.03867403314917127}}, "partition_field": "Stat_Nam", "Vil_Nam": "Nowhar", "Stat_Nam": "JAMMU & KASHMIR"}, {"data": [["Dis_Doc_In_Pos_Num", 5.0], ["Dis_Par_Med_Staf_Tot_Stren_Num", 2.0], 2.5], "data_low": {"Stat_Nam": "West Bengal", "Vil_Nam": "Krishna Ganj", "Dis_Doc_In_Pos_Num": "10", "Dis_Par_Med_Staf_Tot_Stren_Num": "4", "id": 320261}, "data_high": {"Stat_Nam": "TRIPURA", "Vil_Nam": "Prakashnagar", "Dis_Doc_In_Pos_Num": "5", "Dis_Par_Med_Staf_Tot_Stren_Num": "2", "id": 271182}, "perc": 0.0003211690553615159, "metric": 99.9996773306494, "value_global_local": {}, "partition_field": null, "Vil_Nam": "Prakashnagar", "Stat_Nam": "TRIPURA"}, {"data": [["Dis_Doc_In_Pos_Num", 3.0], ["Dis_Par_Med_Staf_Tot_Stren_Num", 1.0], 3.0], "data_low": {"Stat_Nam": "HIMACHAL PRADESH", "Vil_Nam": "Simini  (26)", "Dis_Doc_In_Pos_Num": "3", "Dis_Par_Med_Staf_Tot_Stren_Num": "1", "id": 7191}, "data_high": {"Stat_Nam": "HIMACHAL PRADESH", "Vil_Nam": "Simini  (26)", "Dis_Doc_In_Pos_Num": "3", "Dis_Par_Med_Staf_Tot_Stren_Num": "1", "id": 7191}, "perc": 0.0049781203581034964, "metric": 99.99501987934143, "value_global_local": {"CHHATTISGARH": {"global_perc": 4.9686972075921695e-05, "local_perc": 0.03225806451612903}, "HIMACHAL PRADESH": {"global_perc": 4.833252779120348e-05, "local_perc": 0.03225806451612903}, "JHARKHAND": {"global_perc": 0.0001234796567265543, "local_perc": 0.12903225806451613}, "KERALA": {"global_perc": 0.0009823182711198428, "local_perc": 0.03225806451612903}, "MADHYA PRADESH": {"global_perc": 3.642788190080688e-05, "local_perc": 0.06451612903225806}, "Punjab": {"global_perc": 0.0008743343136475638, "local_perc": 0.3548387096774194}, "RAJASTHAN": {"global_perc": 2.238538681948424e-05, "local_perc": 0.03225806451612903}, "TRIPURA": {"global_perc": 0.006857142857142857, "local_perc": 0.1935483870967742}, "UTTARAKHAND": {"global_perc": 5.954862144941345e-05, "local_perc": 0.03225806451612903}, "West Bengal": {"global_perc": 7.459346561241235e-05, "local_perc": 0.0967741935483871}}, "partition_field": "Stat_Nam", "Vil_Nam": "Simini  (26)", "Stat_Nam": "HIMACHAL PRADESH"}, {"data": [["Dis_Doc_In_Pos_Num", 4.0], ["Dis_Par_Med_Staf_Tot_Stren_Num", 1.0], 4.0], "data_low": {"Stat_Nam": "HIMACHAL PRADESH", "Vil_Nam": "Aslu (211)", "Dis_Doc_In_Pos_Num": "4", "Dis_Par_Med_Staf_Tot_Stren_Num": "1", "id": 20185}, "data_high": {"Stat_Nam": "Punjab", "Vil_Nam": "Lamochar Kalan Hithar (361)", "Dis_Doc_In_Pos_Num": "8", "Dis_Par_Med_Staf_Tot_Stren_Num": "2", "id": 34787}, "perc": 0.0012846762214460635, "metric": 99.998712323217, "value_global_local": {}, "partition_field": null, "Vil_Nam": "Aslu (211)", "Stat_Nam": "HIMACHAL PRADESH"}, {"data": [["Dis_Doc_In_Pos_Num", 5.0], ["Dis_Par_Med_Staf_Tot_Stren_Num", 1.0], 5.0], "data_low": {"Stat_Nam": "Punjab", "Vil_Nam": "Jalalabad (291)", "Dis_Doc_In_Pos_Num": "5", "Dis_Par_Med_Staf_Tot_Stren_Num": "1", "id": 33911}, "data_high": {"Stat_Nam": "Punjab", "Vil_Nam": "Jalalabad (291)", "Dis_Doc_In_Pos_Num": "5", "Dis_Par_Med_Staf_Tot_Stren_Num": "1", "id": 33911}, "perc": 0.0011240916937653056, "metric": 99.99887190755108, "value_global_local": {}, "partition_field": null, "Vil_Nam": "Jalalabad (291)", "Stat_Nam": "Punjab"}, {"data": [["Dis_Doc_In_Pos_Num", 6.0], ["Dis_Par_Med_Staf_Tot_Stren_Num", 1.0], 6.0], "data_low": {"Stat_Nam": "JHARKHAND", "Vil_Nam": "Lasutiya", "Dis_Doc_In_Pos_Num": "6", "Dis_Par_Med_Staf_Tot_Stren_Num": "1", "id": 354848}, "data_high": {"Stat_Nam": "JHARKHAND", "Vil_Nam": "Lasutiya", "Dis_Doc_In_Pos_Num": "6", "Dis_Par_Med_Staf_Tot_Stren_Num": "1", "id": 354848}, "perc": 0.00016058452768075794, "metric": 99.9998344144802, "value_global_local": {}, "partition_field": null, "Vil_Nam": "Lasutiya", "Stat_Nam": "JHARKHAND"}, {"data": [["Dis_Doc_In_Pos_Num", 7.0], ["Dis_Par_Med_Staf_Tot_Stren_Num", 1.0], 7.0], "data_low": {"Stat_Nam": "Punjab", "Vil_Nam": "Rori Kapura (138)", "Dis_Doc_In_Pos_Num": "7", "Dis_Par_Med_Staf_Tot_Stren_Num": "1", "id": 35408}, "data_high": {"Stat_Nam": "Punjab", "Vil_Nam": "Rori Kapura (138)", "Dis_Doc_In_Pos_Num": "7", "Dis_Par_Med_Staf_Tot_Stren_Num": "1", "id": 35408}, "perc": 0.00016058452768075794, "metric": 99.99983341428178, "value_global_local": {}, "partition_field": null, "Vil_Nam": "Rori Kapura (138)", "Stat_Nam": "Punjab"}, {"data": [["Dis_Doc_In_Pos_Num", 25.0], ["Dis_Par_Med_Staf_Tot_Stren_Num", 2.0], 12.5], "data_low": {"Stat_Nam": "West Bengal", "Vil_Nam": "Par Radhanagar", "Dis_Doc_In_Pos_Num": "25", "Dis_Par_Med_Staf_Tot_Stren_Num": "2", "id": 330786}, "data_high": {"Stat_Nam": "West Bengal", "Vil_Nam": "Par Radhanagar", "Dis_Doc_In_Pos_Num": "25", "Dis_Par_Med_Staf_Tot_Stren_Num": "2", "id": 330786}, "perc": 0.00016058452768075794, "metric": 99.99982791319044, "value_global_local": {}, "partition_field": null, "Vil_Nam": "Par Radhanagar", "Stat_Nam": "West Bengal"}, {"data": [["Dis_Doc_In_Pos_Num", 1.0], ["Dis_Par_Med_Staf_Tot_Stren_Num", 0.0], 9999], "data_low": {"Stat_Nam": "JAMMU & KASHMIR", "Vil_Nam": "Karshah", "Dis_Doc_In_Pos_Num": "1", "Dis_Par_Med_Staf_Tot_Stren_Num": "0", "id": 1065}, "data_high": {"Stat_Nam": "West Bengal", "Vil_Nam": "Ramchandrapur", "Dis_Doc_In_Pos_Num": "9", "Dis_Par_Med_Staf_Tot_Stren_Num": "", "id": 321794}, "perc": 0.14452607491268216, "metric": 99.8454883777947, "value_global_local": {"Arunachal Pradesh": {"global_perc": 0.0003578457684737878, "local_perc": 0.0022222222222222222}, "BIHAR": {"global_perc": 0.0001559923340910104, "local_perc": 0.0077777777777777776}, "CHHATTISGARH": {"global_perc": 0.003577461989466362, "local_perc": 0.08}, "HIMACHAL PRADESH": {"global_perc": 0.008458192363460609, "local_perc": 0.19444444444444445}, "JAMMU & KASHMIR": {"global_perc": 0.0027468335113688385, "local_perc": 0.02}, "JHARKHAND": {"global_perc": 0.001883064765079953, "local_perc": 0.06777777777777778}, "MADHYA PRADESH": {"global_perc": 0.0012931898074786442, "local_perc": 0.07888888888888888}, "MANIPUR": {"global_perc": 0.0003874467260751647, "local_perc": 0.0011111111111111111}, "MIZORAM": {"global_perc": 0.0036144578313253013, "local_perc": 0.0033333333333333335}, "Punjab": {"global_perc": 7.948493760432397e-05, "local_perc": 0.0011111111111111111}, "TRIPURA": {"global_perc": 0.0034285714285714284, "local_perc": 0.0033333333333333335}, "UTTAR PRADESH": {"global_perc": 0.0011613314102684174, "local_perc": 0.13777777777777778}, "West Bengal": {"global_perc": 0.009000944850564425, "local_perc": 0.4022222222222222}}, "partition_field": "Stat_Nam", "Vil_Nam": "Karshah", "Stat_Nam": "JAMMU & KASHMIR"}, {"data": [["Dis_Doc_In_Pos_Num", 0], ["Dis_Par_Med_Staf_Tot_Stren_Num", 0], 99980001], "data_low": {"Stat_Nam": "JAMMU & KASHMIR", "Vil_Nam": "Bore", "Dis_Doc_In_Pos_Num": "", "Dis_Par_Med_Staf_Tot_Stren_Num": "", "id": 0}, "data_high": {"Stat_Nam": "JAMMU & KASHMIR", "Vil_Nam": "Palmar", "Dis_Doc_In_Pos_Num": "Dis_pos", "Dis_Par_Med_Staf_Tot_Stren_Num": "Dis_pst", "id": 4582}, "perc": 96.62820667228712, "metric": 9.664753521285433e-07, "value_global_local": {"null": {"global_perc": 0.9662820667228712, "local_perc": 1.0}}, "partition_field": "Dist_Other", "Vil_Nam": "Bore", "Stat_Nam": "JAMMU & KASHMIR"}]