[{"data": [["Dis_Doc_In_Pos_Num", 0.0], ["Dis_Num", 1.0], 0.0], "data_low": {"Stat_Nam": "JAMMU & KASHMIR", "Vil_Nam": "Staktse", "Dis_Num": "2", "Dis_Doc_In_Pos_Num": "", "id": 1010}, "data_high": {"Stat_Nam": "JHARKHAND", "Vil_Nam": "Nagaruntari", "Dis_Num": "15", "Dis_Doc_In_Pos_Num": "1", "id": 345439}, "perc": 0.9421494239030069, "metric": 99.05785156687365, "value_global_local": {"ANDAMAN & NICOBAR ISLANDS": {"global_perc": 0.03063063063063063, "local_perc": 0.0028975626384864497}, "ASSAM": {"global_perc": 0.0004167455957567721, "local_perc": 0.0018748934719618204}, "BIHAR": {"global_perc": 0.011632571199358203, "local_perc": 0.08897221748764275}, "CHHATTISGARH": {"global_perc": 0.021365397992646327, "local_perc": 0.07329129026759844}, "HARYANA": {"global_perc": 0.0058470983774302, "local_perc": 0.006817794443497529}, "HIMACHAL PRADESH": {"global_perc": 0.02194296761720638, "local_perc": 0.07738196693369695}, "JAMMU & KASHMIR": {"global_perc": 0.051121623683808945, "local_perc": 0.0570990284642918}, "JHARKHAND": {"global_perc": 0.0004939186269062172, "local_perc": 0.0027271177773990113}, "KARNATAKA": {"global_perc": 0.0023517382413087936, "local_perc": 0.011760695415033237}, "LAKSHADWEEP": {"global_perc": 0.09523809523809523, "local_perc": 0.0003408897221748764}, "MADHYA PRADESH": {"global_perc": 0.0079412782543759, "local_perc": 0.07431395943412306}, "MANIPUR": {"global_perc": 0.0007748934521503294, "local_perc": 0.0003408897221748764}, "MIZORAM": {"global_perc": 0.07228915662650602, "local_perc": 0.010226691665246293}, "NAGALAND": {"global_perc": 0.06862745098039216, "local_perc": 0.016703596386568945}, "ODISHA": {"global_perc": 0.02245045115272933, "local_perc": 0.1963524799727288}, "PUDUCHERRY": {"global_perc": 0.011111111111111112, "local_perc": 0.0001704448610874382}, "SIKKIM": {"global_perc": 0.3148558758314856, "local_perc": 0.024203170274416225}, "TRIPURA": {"global_perc": 0.036571428571428574, "local_perc": 0.005454235554798023}, "UTTAR PRADESH": {"global_perc": 0.001826287298405979, "local_perc": 0.03323674791205045}, "West Bengal": {"global_perc": 0.04607389725993336, "local_perc": 0.315834327595023}}, "partition_field": "Stat_Nam", "Vil_Nam": "Lalpora Beeru", "Stat_Nam": "JAMMU & KASHMIR"}, {"data": [["Dis_Doc_In_Pos_Num", 1.0], ["Dis_Num", 8.0], 0.125], "data_low": {"Stat_Nam": "JHARKHAND", "Vil_Nam": "Bhawanathpur", "Dis_Num": "8", "Dis_Doc_In_Pos_Num": "1", "id": 345133}, "data_high": {"Stat_Nam": "JHARKHAND", "Vil_Nam": "Bhawanathpur", "Dis_Num": "8", "Dis_Doc_In_Pos_Num": "1", "id": 345133}, "perc": 0.0011240916937653056, "metric": 99.99887678347142, "value_global_local": {}, "partition_field": null, "Vil_Nam": "Bhawanathpur", "Stat_Nam": "JHARKHAND"}, {"data": [["Dis_Doc_In_Pos_Num", 1.0], ["Dis_Num", 4.0], 0.25], "data_low": {"Stat_Nam": "JAMMU & KASHMIR", "Vil_Nam": "Bermean", "Dis_Num": "4", "Dis_Doc_In_Pos_Num": "1", "id": 4941}, "data_high": {"Stat_Nam": "JAMMU & KASHMIR", "Vil_Nam": "Bermean", "Dis_Num": "4", "Dis_Doc_In_Pos_Num": "1", "id": 4941}, "perc": 0.006423381107230318, "metric": 99.99357736899462, "value_global_local": {"JAMMU & KASHMIR": {"global_perc": 0.000610407446970853, "local_perc": 0.1}, "JHARKHAND": {"global_perc": 0.0006791381119960486, "local_perc": 0.55}, "KERALA": {"global_perc": 0.003929273084479371, "local_perc": 0.1}, "Punjab": {"global_perc": 0.00023845481281297194, "local_perc": 0.075}, "UTTAR PRADESH": {"global_perc": 9.365575889261431e-06, "local_perc": 0.025}, "West Bengal": {"global_perc": 0.0001491869312248247, "local_perc": 0.15}}, "partition_field": "Stat_Nam", "Vil_Nam": "Bermean", "Stat_Nam": "JAMMU & KASHMIR"}, {"data": [["Dis_Doc_In_Pos_Num", 2.0], ["Dis_Num", 5.0], 0.4], "data_low": {"Stat_Nam": "JAMMU & KASHMIR", "Vil_Nam": "Achha Bal", "Dis_Num": "2", "Dis_Doc_In_Pos_Num": "1", "id": 2282}, "data_high": {"Stat_Nam": "JHARKHAND", "Vil_Nam": "Chatro", "Dis_Num": "6", "Dis_Doc_In_Pos_Num": "3", "id": 348812}, "perc": 0.02280300293066763, "metric": 99.97719759705251, "value_global_local": {"ASSAM": {"global_perc": 3.7885963250615644e-05, "local_perc": 0.007042253521126761}, "CHHATTISGARH": {"global_perc": 9.937394415184339e-05, "local_perc": 0.014084507042253521}, "HIMACHAL PRADESH": {"global_perc": 0.0002416626389560174, "local_perc": 0.035211267605633804}, "JAMMU & KASHMIR": {"global_perc": 0.000610407446970853, "local_perc": 0.028169014084507043}, "JHARKHAND": {"global_perc": 0.001975674507624869, "local_perc": 0.4507042253521127}, "KARNATAKA": {"global_perc": 3.408316291751875e-05, "local_perc": 0.007042253521126761}, "KERALA": {"global_perc": 0.01669941060903733, "local_perc": 0.11971830985915492}, "MADHYA PRADESH": {"global_perc": 7.285576380161376e-05, "local_perc": 0.028169014084507043}, "Punjab": {"global_perc": 0.0007153644384389158, "local_perc": 0.06338028169014084}, "TRIPURA": {"global_perc": 0.006857142857142857, "local_perc": 0.04225352112676056}, "Tamil Nadu": {"global_perc": 0.00012516427811502597, "local_perc": 0.014084507042253521}, "UTTAR PRADESH": {"global_perc": 8.429018300335288e-05, "local_perc": 0.06338028169014084}, "UTTARAKHAND": {"global_perc": 0.0004763889715953076, "local_perc": 0.056338028169014086}, "West Bengal": {"global_perc": 0.00024864488537470786, "local_perc": 0.07042253521126761}}, "partition_field": "Stat_Nam", "Vil_Nam": "Nakot", "Stat_Nam": "UTTARAKHAND"}, {"data": [["Dis_Doc_In_Pos_Num", 3.0], ["Dis_Num", 5.0], 0.6], "data_low": {"Stat_Nam": "UTTARAKHAND", "Vil_Nam": "Bhetiyara", "Dis_Num": "3", "Dis_Doc_In_Pos_Num": "2", "id": 40308}, "data_high": {"Stat_Nam": "UTTAR PRADESH", "Vil_Nam": "Aspur Devsara", "Dis_Num": "5", "Dis_Doc_In_Pos_Num": "3", "id": 158626}, "perc": 0.0040146131920189496, "metric": 99.99598578687194, "value_global_local": {"JHARKHAND": {"global_perc": 0.0002469593134531086, "local_perc": 0.32}, "KERALA": {"global_perc": 0.009823182711198428, "local_perc": 0.4}, "TRIPURA": {"global_perc": 0.002285714285714286, "local_perc": 0.08}, "UTTAR PRADESH": {"global_perc": 9.365575889261431e-06, "local_perc": 0.04}, "UTTARAKHAND": {"global_perc": 5.954862144941345e-05, "local_perc": 0.04}, "West Bengal": {"global_perc": 7.459346561241235e-05, "local_perc": 0.12}}, "partition_field": "Stat_Nam", "Vil_Nam": "Aspur Devsara", "Stat_Nam": "UTTAR PRADESH"}, {"data": [["Dis_Doc_In_Pos_Num", 3.0], ["Dis_Num", 4.0], 0.75], "data_low": {"Stat_Nam": "TRIPURA", "Vil_Nam": "Dakshin Karbuk", "Dis_Num": "4", "Dis_Doc_In_Pos_Num": "3", "id": 271269}, "data_high": {"Stat_Nam": "JHARKHAND", "Vil_Nam": "Duikasai", "Dis_Num": "6", "Dis_Doc_In_Pos_Num": "5", "id": 375159}, "perc": 0.0006423381107230318, "metric": 99.99935791193768, "value_global_local": {}, "partition_field": null, "Vil_Nam": "Dakshin Karbuk", "Stat_Nam": "TRIPURA"}, {"data": [["Dis_Doc_In_Pos_Num", 1.0], ["Dis_Num", 1.0], 1.0], "data_low": {"Stat_Nam": "JAMMU & KASHMIR", "Vil_Nam": "Khurhama", "Dis_Num": "1", "Dis_Doc_In_Pos_Num": "1", "id": 15}, "data_high": {"Stat_Nam": "West Bengal", "Vil_Nam": "Dabuapukur", "Dis_Num": "9", "Dis_Doc_In_Pos_Num": "9", "id": 342318}, "perc": 2.5492793769320325, "metric": 97.45072062306797, "value_global_local": {"": {"global_perc": 0.029621139691060096, "local_perc": 0.9719055118110236}, "AAMILLAHVA": {"global_perc": 1.0, "local_perc": 6.299212598425197e-05}, "ADHARPUR": {"global_perc": 0.25, "local_perc": 6.299212598425197e-05}, "AHMEDGARH": {"global_perc": 1.0, "local_perc": 6.299212598425197e-05}, "AILEE": {"global_perc": 1.0, "local_perc": 6.299212598425197e-05}, "ALAKDIHA": {"global_perc": 0.5, "local_perc": 6.299212598425197e-05}, "ALAL": {"global_perc": 0.5, "local_perc": 0.00012598425196850394}, "ALAM": {"global_perc": 1.0, "local_perc": 6.299212598425197e-05}, "ALAMPUR": {"global_perc": 0.07142857142857142, "local_perc": 6.299212598425197e-05}, "ALIPUR BIHTA": {"global_perc": 1.0, "local_perc": 6.299212598425197e-05}, "AMADIH": {"global_perc": 1.0, "local_perc": 6.299212598425197e-05}, "AMBATIKA": {"global_perc": 0.5, "local_perc": 6.299212598425197e-05}, "AMBHERA DHIRAJ": {"global_perc": 0.3333333333333333, "local_perc": 6.299212598425197e-05}, "AMRAPARA": {"global_perc": 1.0, "local_perc": 6.299212598425197e-05}, "AMROH": {"global_perc": 0.1, "local_perc": 6.299212598425197e-05}, "ANDIPATTI": {"global_perc": 0.25, "local_perc": 6.299212598425197e-05}, "ANDRANA": {"global_perc": 0.5, "local_perc": 6.299212598425197e-05}, "ARWO": {"global_perc": 1.0, "local_perc": 6.299212598425197e-05}, "BADDI": {"global_perc": 0.5, "local_perc": 6.299212598425197e-05}, "BADEHRI": {"global_perc": 0.3333333333333333, "local_perc": 6.299212598425197e-05}, "BADHAL": {"global_perc": 0.5, "local_perc": 6.299212598425197e-05}, "BADOLI": {"global_perc": 0.09090909090909091, "local_perc": 6.299212598425197e-05}, "BAGGA": {"global_perc": 1.0, "local_perc": 6.299212598425197e-05}, "BAGGI": {"global_perc": 0.16666666666666666, "local_perc": 6.299212598425197e-05}, "BAGHA": {"global_perc": 0.25, "local_perc": 6.299212598425197e-05}, "BAHARAGORA": {"global_perc": 0.125, "local_perc": 6.299212598425197e-05}, "BAHUARA": {"global_perc": 0.14285714285714285, "local_perc": 6.299212598425197e-05}, "BAIRGHATTA": {"global_perc": 0.5, "local_perc": 6.299212598425197e-05}, "BAIRHATTA": {"global_perc": 0.5, "local_perc": 6.299212598425197e-05}, "BAJODIH": {"global_perc": 1.0, "local_perc": 6.299212598425197e-05}, "BALAK RUPI": {"global_perc": 0.5, "local_perc": 6.299212598425197e-05}, "BALDWARA": {"global_perc": 0.14285714285714285, "local_perc": 6.299212598425197e-05}, "BALH BHURIAN": {"global_perc": 1.0, "local_perc": 6.299212598425197e-05}, "BALLA": {"global_perc": 0.1111111111111111, "local_perc": 6.299212598425197e-05}, "BALLAGAN": {"global_perc": 1.0, "local_perc": 6.299212598425197e-05}, "BALT": {"global_perc": 0.3333333333333333, "local_perc": 6.299212598425197e-05}, "BALYAH": {"global_perc": 0.25, "local_perc": 6.299212598425197e-05}, "BAMMI": {"global_perc": 1.0, "local_perc": 6.299212598425197e-05}, "BANAHATTI": {"global_perc": 1.0, "local_perc": 6.299212598425197e-05}, "BANDLA": {"global_perc": 0.3333333333333333, "local_perc": 6.299212598425197e-05}, "BANE DI HATTI": {"global_perc": 0.42857142857142855, "local_perc": 0.0001889763779527559}, "BANGA": {"global_perc": 0.5, "local_perc": 6.299212598425197e-05}, "BANGANA": {"global_perc": 0.125, "local_perc": 0.00012598425196850394}, "BANI": {"global_perc": 0.0625, "local_perc": 6.299212598425197e-05}, "BAR KALAN": {"global_perc": 0.16666666666666666, "local_perc": 6.299212598425197e-05}, "BARA BHUSA": {"global_perc": 1.0, "local_perc": 6.299212598425197e-05}, "BARAG": {"global_perc": 0.07142857142857142, "local_perc": 6.299212598425197e-05}, "BARARA": {"global_perc": 0.5, "local_perc": 6.299212598425197e-05}, "BAROG LAHR": {"global_perc": 0.14285714285714285, "local_perc": 6.299212598425197e-05}, "BASARKE GILLAN": {"global_perc": 1.0, "local_perc": 6.299212598425197e-05}, "BASEDOUR": {"global_perc": 0.3333333333333333, "local_perc": 6.299212598425197e-05}, "BASINI": {"global_perc": 1.0, "local_perc": 6.299212598425197e-05}, "BASODIH": {"global_perc": 1.0, "local_perc": 6.299212598425197e-05}, "BATAHARI": {"global_perc": 0.5, "local_perc": 6.299212598425197e-05}, "BAWAL": {"global_perc": 0.5, "local_perc": 6.299212598425197e-05}, "BEAR KHURD": {"global_perc": 0.1, "local_perc": 6.299212598425197e-05}, "BEGUMSARAI": {"global_perc": 1.0, "local_perc": 6.299212598425197e-05}, "BELBARNA": {"global_perc": 0.3333333333333333, "local_perc": 6.299212598425197e-05}, "BHADOLI KUTHIYARA": {"global_perc": 0.5, "local_perc": 6.299212598425197e-05}, "BHADOLI KUTIYARA": {"global_perc": 1.0, "local_perc": 6.299212598425197e-05}, "BHAJNATH": {"global_perc": 1.0, "local_perc": 6.299212598425197e-05}, "BHAKERA": {"global_perc": 0.1111111111111111, "local_perc": 6.299212598425197e-05}, "BHALLON": {"global_perc": 0.5, "local_perc": 6.299212598425197e-05}, "BHANDRECH": {"global_perc": 0.25, "local_perc": 0.00012598425196850394}, "BHATER": {"global_perc": 1.0, "local_perc": 6.299212598425197e-05}, "BHATOLI LAMIAN": {"global_perc": 0.5, "local_perc": 6.299212598425197e-05}, "BHATWAR": {"global_perc": 0.5, "local_perc": 6.299212598425197e-05}, "BHATWARA": {"global_perc": 0.16666666666666666, "local_perc": 6.299212598425197e-05}, "BHEEMAWALA": {"global_perc": 1.0, "local_perc": 6.299212598425197e-05}, "BHILOWAL": {"global_perc": 0.5, "local_perc": 6.299212598425197e-05}, "BHITLU": {"global_perc": 0.3333333333333333, "local_perc": 6.299212598425197e-05}, "BHOPAL": {"global_perc": 0.3333333333333333, "local_perc": 6.299212598425197e-05}, "BHULANA": {"global_perc": 0.3333333333333333, "local_perc": 6.299212598425197e-05}, "BHULE KHURD": {"global_perc": 1.0, "local_perc": 6.299212598425197e-05}, "BHUNGWAR": {"global_perc": 0.5, "local_perc": 6.299212598425197e-05}, "BISHNUPUR": {"global_perc": 0.047619047619047616, "local_perc": 6.299212598425197e-05}, "BISNAH": {"global_perc": 0.2, "local_perc": 6.299212598425197e-05}, "BIZARI III": {"global_perc": 0.16666666666666666, "local_perc": 6.299212598425197e-05}, "BORA GAON": {"global_perc": 0.3333333333333333, "local_perc": 6.299212598425197e-05}, "BUALMUAL": {"global_perc": 0.5, "local_perc": 6.299212598425197e-05}, "BUDGADDA": {"global_perc": 0.5, "local_perc": 0.00012598425196850394}, "BURARI": {"global_perc": 1.0, "local_perc": 6.299212598425197e-05}, "CHAK BAMUN": {"global_perc": 0.6666666666666666, "local_perc": 0.00012598425196850394}, "CHAK KARMAN": {"global_perc": 0.5, "local_perc": 6.299212598425197e-05}, "CHAKLU": {"global_perc": 0.5, "local_perc": 6.299212598425197e-05}, "CHAMIYARI": {"global_perc": 1.0, "local_perc": 6.299212598425197e-05}, "CHAMOLI": {"global_perc": 0.5, "local_perc": 6.299212598425197e-05}, "CHAND": {"global_perc": 0.4, "local_perc": 0.00012598425196850394}, "CHANDDIH": {"global_perc": 0.5, "local_perc": 6.299212598425197e-05}, "CHANDLAPURA": {"global_perc": 1.0, "local_perc": 6.299212598425197e-05}, "CHANDPUR": {"global_perc": 0.02564102564102564, "local_perc": 6.299212598425197e-05}, "CHARA DONGARIA": {"global_perc": 1.0, "local_perc": 6.299212598425197e-05}, "CHARU": {"global_perc": 0.03571428571428571, "local_perc": 6.299212598425197e-05}, "CHAUNTRA": {"global_perc": 0.2, "local_perc": 6.299212598425197e-05}, "CHELA": {"global_perc": 0.25, "local_perc": 6.299212598425197e-05}, "CHHANGLA": {"global_perc": 0.2, "local_perc": 6.299212598425197e-05}, "CHIKANAHALLI": {"global_perc": 1.0, "local_perc": 6.299212598425197e-05}, "CHIKKUR": {"global_perc": 1.0, "local_perc": 6.299212598425197e-05}, "CHILOI": {"global_perc": 0.3333333333333333, "local_perc": 6.299212598425197e-05}, "CHINGUS": {"global_perc": 1.0, "local_perc": 6.299212598425197e-05}, "CHIRLAKOPPA": {"global_perc": 1.0, "local_perc": 6.299212598425197e-05}, "CHORA": {"global_perc": 0.25, "local_perc": 6.299212598425197e-05}, "DABCHA": {"global_perc": 1.0, "local_perc": 0.00012598425196850394}, "DAIRA": {"global_perc": 1.0, "local_perc": 6.299212598425197e-05}, "DAKOON": {"global_perc": 1.0, "local_perc": 6.299212598425197e-05}, "DARAMAN": {"global_perc": 0.14285714285714285, "local_perc": 6.299212598425197e-05}, "DARKOHLI": {"global_perc": 0.2, "local_perc": 6.299212598425197e-05}, "DARKOTI": {"global_perc": 0.2, "local_perc": 6.299212598425197e-05}, "DASOLI UPPARLI": {"global_perc": 0.5, "local_perc": 6.299212598425197e-05}, "DAULATPUR": {"global_perc": 0.02857142857142857, "local_perc": 6.299212598425197e-05}, "DEDUWA": {"global_perc": 1.0, "local_perc": 6.299212598425197e-05}, "DEHLI": {"global_perc": 0.5, "local_perc": 6.299212598425197e-05}, "DEVARIYA": {"global_perc": 0.125, "local_perc": 6.299212598425197e-05}, "DEWANMARO": {"global_perc": 1.0, "local_perc": 6.299212598425197e-05}, "DEWARIYA": {"global_perc": 0.5, "local_perc": 6.299212598425197e-05}, "DHANGBAHARA": {"global_perc": 1.0, "local_perc": 6.299212598425197e-05}, "DHARIYA": {"global_perc": 1.0, "local_perc": 6.299212598425197e-05}, "DHARKANHA KHURD": {"global_perc": 0.09090909090909091, "local_perc": 6.299212598425197e-05}, "DHARKOT": {"global_perc": 0.06666666666666667, "local_perc": 6.299212598425197e-05}, "DHATI": {"global_perc": 0.16666666666666666, "local_perc": 6.299212598425197e-05}, "DHATO GHRAN": {"global_perc": 0.5, "local_perc": 6.299212598425197e-05}, "DHAVALESHWAR": {"global_perc": 1.0, "local_perc": 6.299212598425197e-05}, "DHIRA": {"global_perc": 0.16666666666666666, "local_perc": 6.299212598425197e-05}, "DHIRHWIN": {"global_perc": 1.0, "local_perc": 6.299212598425197e-05}, "DHNGULI": {"global_perc": 1.0, "local_perc": 6.299212598425197e-05}, "DHWLA": {"global_perc": 1.0, "local_perc": 6.299212598425197e-05}, "DIFFERPAT": {"global_perc": 1.0, "local_perc": 6.299212598425197e-05}, "DIGOLIKHAL": {"global_perc": 0.125, "local_perc": 6.299212598425197e-05}, "DIWANE": {"global_perc": 1.0, "local_perc": 6.299212598425197e-05}, "DIYAL": {"global_perc": 1.0, "local_perc": 6.299212598425197e-05}, "DODIYAL": {"global_perc": 0.5, "local_perc": 6.299212598425197e-05}, "DOHAG": {"global_perc": 0.16666666666666666, "local_perc": 6.299212598425197e-05}, "DRANGA": {"global_perc": 1.0, "local_perc": 6.299212598425197e-05}, "DRUP KAYARA": {"global_perc": 1.0, "local_perc": 6.299212598425197e-05}, "DUDHANA GHIRTHAN": {"global_perc": 0.5, "local_perc": 6.299212598425197e-05}, "Dhaliwal Bet": {"global_perc": 1.0, "local_perc": 0.00012598425196850394}, "EKTARA": {"global_perc": 0.16666666666666666, "local_perc": 6.299212598425197e-05}, "Erumeli": {"global_perc": 1.0, "local_perc": 6.299212598425197e-05}, "FATEHPUR": {"global_perc": 0.031746031746031744, "local_perc": 0.00012598425196850394}, "FULANG": {"global_perc": 0.3333333333333333, "local_perc": 6.299212598425197e-05}, "GACHRA": {"global_perc": 1.0, "local_perc": 6.299212598425197e-05}, "GADARIYA": {"global_perc": 1.0, "local_perc": 6.299212598425197e-05}, "GADIARA": {"global_perc": 0.16666666666666666, "local_perc": 0.00012598425196850394}, "GAHAR": {"global_perc": 0.07692307692307693, "local_perc": 6.299212598425197e-05}, "GAINCHARI": {"global_perc": 0.2, "local_perc": 6.299212598425197e-05}, "GAJODIH": {"global_perc": 1.0, "local_perc": 6.299212598425197e-05}, "GANDAR": {"global_perc": 1.0, "local_perc": 6.299212598425197e-05}, "GANGDIH": {"global_perc": 1.0, "local_perc": 6.299212598425197e-05}, "GARALAG": {"global_perc": 1.0, "local_perc": 6.299212598425197e-05}, "GARH": {"global_perc": 0.2, "local_perc": 0.00012598425196850394}, "GARHWA": {"global_perc": 0.14285714285714285, "local_perc": 6.299212598425197e-05}, "GHANU": {"global_perc": 0.5, "local_perc": 6.299212598425197e-05}, "GHILATALI": {"global_perc": 1.0, "local_perc": 6.299212598425197e-05}, "GHORATERIA": {"global_perc": 0.3333333333333333, "local_perc": 6.299212598425197e-05}, "GHUMARKAR": {"global_perc": 0.25, "local_perc": 6.299212598425197e-05}, "GHURET": {"global_perc": 1.0, "local_perc": 6.299212598425197e-05}, "GIGENAHALLI": {"global_perc": 0.5, "local_perc": 6.299212598425197e-05}, "GOPICHAK": {"global_perc": 1.0, "local_perc": 6.299212598425197e-05}, "GOVINDAMPALAYAM": {"global_perc": 0.5, "local_perc": 6.299212598425197e-05}, "GUDDADUR": {"global_perc": 1.0, "local_perc": 6.299212598425197e-05}, "GULEHAN": {"global_perc": 1.0, "local_perc": 6.299212598425197e-05}, "GULELA": {"global_perc": 0.2, "local_perc": 6.299212598425197e-05}, "GULELEA": {"global_perc": 1.0, "local_perc": 6.299212598425197e-05}, "GULHAN": {"global_perc": 1.0, "local_perc": 6.299212598425197e-05}, "GUMMIDIPOONDI": {"global_perc": 0.5, "local_perc": 6.299212598425197e-05}, "GUMRU": {"global_perc": 0.3333333333333333, "local_perc": 6.299212598425197e-05}, "GURIYALI": {"global_perc": 1.0, "local_perc": 6.299212598425197e-05}, "GURPHALI": {"global_perc": 1.0, "local_perc": 6.299212598425197e-05}, "HAKHROLE": {"global_perc": 1.0, "local_perc": 6.299212598425197e-05}, "HALANA": {"global_perc": 1.0, "local_perc": 0.00012598425196850394}, "HAR": {"global_perc": 0.2222222222222222, "local_perc": 0.00012598425196850394}, "HAREHR": {"global_perc": 0.5, "local_perc": 6.299212598425197e-05}, "HARETA": {"global_perc": 0.25, "local_perc": 6.299212598425197e-05}, "HARHUA": {"global_perc": 0.3333333333333333, "local_perc": 6.299212598425197e-05}, "HARIHARPUR": {"global_perc": 0.03225806451612903, "local_perc": 6.299212598425197e-05}, "HARIRAMPUR": {"global_perc": 0.14285714285714285, "local_perc": 6.299212598425197e-05}, "HARVADIH": {"global_perc": 1.0, "local_perc": 6.299212598425197e-05}, "HASAL": {"global_perc": 0.5, "local_perc": 6.299212598425197e-05}, "HIMTANA": {"global_perc": 1.0, "local_perc": 6.299212598425197e-05}, "HOBAR": {"global_perc": 0.25, "local_perc": 6.299212598425197e-05}, "Habibwal": {"global_perc": 1.0, "local_perc": 6.299212598425197e-05}, "IBRAHIMPUR": {"global_perc": 0.1, "local_perc": 6.299212598425197e-05}, "ICHAWA": {"global_perc": 1.0, "local_perc": 6.299212598425197e-05}, "ISHAPUR": {"global_perc": 0.3333333333333333, "local_perc": 6.299212598425197e-05}, "JAGDISHPUR": {"global_perc": 0.024390243902439025, "local_perc": 6.299212598425197e-05}, "JAI DEVI": {"global_perc": 0.16666666666666666, "local_perc": 6.299212598425197e-05}, "JALALPUR NAURANGA": {"global_perc": 0.5, "local_perc": 6.299212598425197e-05}, "JALASAR": {"global_perc": 0.5, "local_perc": 6.299212598425197e-05}, "JAMARARI": {"global_perc": 0.3333333333333333, "local_perc": 6.299212598425197e-05}, "JAMUIATANR": {"global_perc": 1.0, "local_perc": 6.299212598425197e-05}, "JANDRU": {"global_perc": 0.5, "local_perc": 6.299212598425197e-05}, "JANGLIANA": {"global_perc": 0.5, "local_perc": 6.299212598425197e-05}, "JAROLA": {"global_perc": 0.5, "local_perc": 6.299212598425197e-05}, "JASYAL": {"global_perc": 0.25, "local_perc": 6.299212598425197e-05}, "JAWALGAON MALLA": {"global_perc": 1.0, "local_perc": 6.299212598425197e-05}, "JHAKOTA": {"global_perc": 0.8571428571428571, "local_perc": 0.0003779527559055118}, "JHAMKE": {"global_perc": 1.0, "local_perc": 6.299212598425197e-05}, "JHANJIDIH": {"global_perc": 1.0, "local_perc": 6.299212598425197e-05}, "JHAREDH": {"global_perc": 1.0, "local_perc": 6.299212598425197e-05}, "JINDRI": {"global_perc": 0.3333333333333333, "local_perc": 6.299212598425197e-05}, "JOL SAPAR": {"global_perc": 0.25, "local_perc": 6.299212598425197e-05}, "K. CHINGKHONG": {"global_perc": 0.25, "local_perc": 6.299212598425197e-05}, "KAHNU": {"global_perc": 0.5, "local_perc": 0.00012598425196850394}, "KALEWAL BAGTAN": {"global_perc": 0.5, "local_perc": 6.299212598425197e-05}, "KALLAR KATOCHAN": {"global_perc": 1.0, "local_perc": 0.00012598425196850394}, "KALLU SADARAHALLI": {"global_perc": 1.0, "local_perc": 6.299212598425197e-05}, "KALRU": {"global_perc": 0.5, "local_perc": 6.299212598425197e-05}, "KANA SUAN": {"global_perc": 0.5, "local_perc": 6.299212598425197e-05}, "KANAIR": {"global_perc": 1.0, "local_perc": 6.299212598425197e-05}, "KANAYARI": {"global_perc": 0.3333333333333333, "local_perc": 6.299212598425197e-05}, "KANDHALA SHEIKAN": {"global_perc": 1.0, "local_perc": 6.299212598425197e-05}, "KANNAPUR HATTI": {"global_perc": 1.0, "local_perc": 6.299212598425197e-05}, "KAPINA": {"global_perc": 0.5, "local_perc": 6.299212598425197e-05}, "KARAMTOLI ALIAS MAHUA": {"global_perc": 1.0, "local_perc": 6.299212598425197e-05}, "KARIANA": {"global_perc": 1.0, "local_perc": 6.299212598425197e-05}, "KARLI KALH": {"global_perc": 0.2, "local_perc": 6.299212598425197e-05}, "KARMADAD": {"global_perc": 1.0, "local_perc": 6.299212598425197e-05}, "KASEHDA": {"global_perc": 1.0, "local_perc": 6.299212598425197e-05}, "KATINDI": {"global_perc": 0.25, "local_perc": 6.299212598425197e-05}, "KATKAHI": {"global_perc": 1.0, "local_perc": 6.299212598425197e-05}, "KENGENAHALLI": {"global_perc": 1.0, "local_perc": 6.299212598425197e-05}, "KHAJURNU": {"global_perc": 0.16666666666666666, "local_perc": 6.299212598425197e-05}, "KHANDURA": {"global_perc": 0.5, "local_perc": 6.299212598425197e-05}, "KHANGSAR": {"global_perc": 1.0, "local_perc": 6.299212598425197e-05}, "KHARVIWADA": {"global_perc": 1.0, "local_perc": 6.299212598425197e-05}, "KHATNOL": {"global_perc": 1.0, "local_perc": 6.299212598425197e-05}, "KHEIRI": {"global_perc": 0.5, "local_perc": 6.299212598425197e-05}, "KHIRANWALI": {"global_perc": 0.5, "local_perc": 6.299212598425197e-05}, "KHUDA": {"global_perc": 0.5, "local_perc": 6.299212598425197e-05}, "KHUNDIAN": {"global_perc": 0.06666666666666667, "local_perc": 6.299212598425197e-05}, "KIRAWN": {"global_perc": 0.5, "local_perc": 6.299212598425197e-05}, "KOPRA": {"global_perc": 0.6666666666666666, "local_perc": 0.00012598425196850394}, "KORU": {"global_perc": 1.0, "local_perc": 6.299212598425197e-05}, "KOT": {"global_perc": 0.02857142857142857, "local_perc": 6.299212598425197e-05}, "KOT GANGURAI": {"global_perc": 1.0, "local_perc": 6.299212598425197e-05}, "KOTHI": {"global_perc": 0.10810810810810811, "local_perc": 0.0002519685039370079}, "KOTLU": {"global_perc": 0.6666666666666666, "local_perc": 0.00012598425196850394}, "KOTLU RAJOL": {"global_perc": 0.5, "local_perc": 6.299212598425197e-05}, "KRISHAN GARH": {"global_perc": 0.1111111111111111, "local_perc": 6.299212598425197e-05}, "KUDHI": {"global_perc": 1.0, "local_perc": 6.299212598425197e-05}, "KUDKI": {"global_perc": 0.5, "local_perc": 6.299212598425197e-05}, "KUHN KHAS": {"global_perc": 1.0, "local_perc": 0.00012598425196850394}, "KUJJI": {"global_perc": 0.5, "local_perc": 6.299212598425197e-05}, "KULLATHILVAI": {"global_perc": 0.3333333333333333, "local_perc": 6.299212598425197e-05}, "KUMARDUNGI": {"global_perc": 0.3333333333333333, "local_perc": 6.299212598425197e-05}, "KUNDIA": {"global_perc": 0.5, "local_perc": 6.299212598425197e-05}, "KURAVEDIYA": {"global_perc": 1.0, "local_perc": 6.299212598425197e-05}, "KUTTI": {"global_perc": 1.0, "local_perc": 6.299212598425197e-05}, "KYARTU": {"global_perc": 0.5, "local_perc": 6.299212598425197e-05}, "KYOR": {"global_perc": 0.3333333333333333, "local_perc": 6.299212598425197e-05}, "LABANGARH": {"global_perc": 1.0, "local_perc": 6.299212598425197e-05}, "LAHRU": {"global_perc": 0.25, "local_perc": 0.00012598425196850394}, "LALOWAL": {"global_perc": 1.0, "local_perc": 6.299212598425197e-05}, "LAMBA GAON": {"global_perc": 0.5, "local_perc": 6.299212598425197e-05}, "LAMVALU": {"global_perc": 1.0, "local_perc": 6.299212598425197e-05}, "LANOT": {"global_perc": 0.3333333333333333, "local_perc": 6.299212598425197e-05}, "LAPCHANG": {"global_perc": 0.5, "local_perc": 6.299212598425197e-05}, "LATHYANI": {"global_perc": 0.125, "local_perc": 6.299212598425197e-05}, "LEBRA": {"global_perc": 1.0, "local_perc": 6.299212598425197e-05}, "LEHLI KHURD": {"global_perc": 0.3333333333333333, "local_perc": 6.299212598425197e-05}, "LOHARLI NICHLI": {"global_perc": 1.0, "local_perc": 6.299212598425197e-05}, "MAHUWAI": {"global_perc": 1.0, "local_perc": 6.299212598425197e-05}, "MAITHI": {"global_perc": 0.5, "local_perc": 6.299212598425197e-05}, "MAJHIGAWA": {"global_perc": 0.25, "local_perc": 6.299212598425197e-05}, "MALANG": {"global_perc": 0.2, "local_perc": 6.299212598425197e-05}, "MALAU": {"global_perc": 1.0, "local_perc": 6.299212598425197e-05}, "MALBANDI": {"global_perc": 0.5, "local_perc": 6.299212598425197e-05}, "MALHA": {"global_perc": 1.0, "local_perc": 6.299212598425197e-05}, "MALIHAPUR": {"global_perc": 1.0, "local_perc": 6.299212598425197e-05}, "MALLICKPUR": {"global_perc": 1.0, "local_perc": 6.299212598425197e-05}, "MAN": {"global_perc": 1.0, "local_perc": 6.299212598425197e-05}, "MANDI": {"global_perc": 0.125, "local_perc": 6.299212598425197e-05}, "MANEI": {"global_perc": 1.0, "local_perc": 6.299212598425197e-05}, "MANHAL": {"global_perc": 0.2, "local_perc": 6.299212598425197e-05}, "MANJGRAN": {"global_perc": 0.5, "local_perc": 6.299212598425197e-05}, "MARARI KALA": {"global_perc": 1.0, "local_perc": 0.00012598425196850394}, "MASTI PALKOT": {"global_perc": 1.0, "local_perc": 6.299212598425197e-05}, "MAYURHAND": {"global_perc": 0.75, "local_perc": 0.0001889763779527559}, "MERLE": {"global_perc": 1.0, "local_perc": 6.299212598425197e-05}, "MIADI KALAN": {"global_perc": 0.25, "local_perc": 6.299212598425197e-05}, "MIRJANPUR": {"global_perc": 1.0, "local_perc": 6.299212598425197e-05}, "MISRAULI": {"global_perc": 1.0, "local_perc": 6.299212598425197e-05}, "MOHAM WALA": {"global_perc": 1.0, "local_perc": 6.299212598425197e-05}, "MOZAL": {"global_perc": 0.5, "local_perc": 6.299212598425197e-05}, "MUKARI": {"global_perc": 1.0, "local_perc": 6.299212598425197e-05}, "MULEKALENAHALLI": {"global_perc": 0.1111111111111111, "local_perc": 6.299212598425197e-05}, "MUNAN": {"global_perc": 1.0, "local_perc": 6.299212598425197e-05}, "MUSTAFABAD": {"global_perc": 0.07692307692307693, "local_perc": 6.299212598425197e-05}, "Mulayam": {"global_perc": 1.0, "local_perc": 6.299212598425197e-05}, "N.A.": {"global_perc": 0.0012312938056450084, "local_perc": 0.0008188976377952755}, "NAINITAL": {"global_perc": 0.3333333333333333, "local_perc": 6.299212598425197e-05}, "NARAHUN": {"global_perc": 0.25, "local_perc": 0.00012598425196850394}, "NARIAH": {"global_perc": 0.1111111111111111, "local_perc": 6.299212598425197e-05}, "NASAKARPUR": {"global_perc": 1.0, "local_perc": 6.299212598425197e-05}, "NASRULLAHPUR": {"global_perc": 0.5, "local_perc": 6.299212598425197e-05}, "NATHAN": {"global_perc": 0.5, "local_perc": 6.299212598425197e-05}, "NAUGAON": {"global_perc": 0.125, "local_perc": 6.299212598425197e-05}, "NAURA KANDOL": {"global_perc": 0.6666666666666666, "local_perc": 0.00012598425196850394}, "NAWADA": {"global_perc": 0.03225806451612903, "local_perc": 6.299212598425197e-05}, "NELAGALALE": {"global_perc": 0.3333333333333333, "local_perc": 6.299212598425197e-05}, "NEWIN": {"global_perc": 1.0, "local_perc": 6.299212598425197e-05}, "NIRALKERI": {"global_perc": 1.0, "local_perc": 6.299212598425197e-05}, "NUTANPARA": {"global_perc": 1.0, "local_perc": 6.299212598425197e-05}, "OBRA": {"global_perc": 1.0, "local_perc": 6.299212598425197e-05}, "OCH KHURD": {"global_perc": 1.0, "local_perc": 0.00012598425196850394}, "PADRAL": {"global_perc": 0.3333333333333333, "local_perc": 6.299212598425197e-05}, "PAKADIA PURAB": {"global_perc": 1.0, "local_perc": 6.299212598425197e-05}, "PALAKHARU": {"global_perc": 0.5, "local_perc": 6.299212598425197e-05}, "PALCHAI": {"global_perc": 1.0, "local_perc": 6.299212598425197e-05}, "PALETA": {"global_perc": 0.5, "local_perc": 6.299212598425197e-05}, "PALLIKKADU": {"global_perc": 1.0, "local_perc": 6.299212598425197e-05}, "PANCH GACHHIA": {"global_perc": 1.0, "local_perc": 6.299212598425197e-05}, "PANDEPURA KALA": {"global_perc": 1.0, "local_perc": 0.00012598425196850394}, "PAPLAH": {"global_perc": 0.42857142857142855, "local_perc": 0.0001889763779527559}, "PARASANAHALLI": {"global_perc": 0.5, "local_perc": 6.299212598425197e-05}, "PAREWA T. KISHANI": {"global_perc": 1.0, "local_perc": 6.299212598425197e-05}, "PAROL": {"global_perc": 0.16666666666666666, "local_perc": 6.299212598425197e-05}, "PATHOLI": {"global_perc": 1.0, "local_perc": 6.299212598425197e-05}, "PATIAL": {"global_perc": 0.3333333333333333, "local_perc": 6.299212598425197e-05}, "PEMMANAHALLI": {"global_perc": 0.5, "local_perc": 6.299212598425197e-05}, "PULWAMA": {"global_perc": 0.16666666666666666, "local_perc": 6.299212598425197e-05}, "PURANDHA": {"global_perc": 0.25, "local_perc": 6.299212598425197e-05}, "PURE UDAIRAM": {"global_perc": 1.0, "local_perc": 6.299212598425197e-05}, "QAZIGUND": {"global_perc": 0.2, "local_perc": 6.299212598425197e-05}, "RAGHOPUR": {"global_perc": 0.16666666666666666, "local_perc": 6.299212598425197e-05}, "RAJAPUR": {"global_perc": 0.038461538461538464, "local_perc": 6.299212598425197e-05}, "RAJEPUSARAYMARJARI": {"global_perc": 1.0, "local_perc": 6.299212598425197e-05}, "RAKAR BHERI": {"global_perc": 0.3333333333333333, "local_perc": 6.299212598425197e-05}, "RAKH": {"global_perc": 0.3333333333333333, "local_perc": 6.299212598425197e-05}, "RAMDIH": {"global_perc": 0.3333333333333333, "local_perc": 6.299212598425197e-05}, "RAMGARHA": {"global_perc": 1.0, "local_perc": 6.299212598425197e-05}, "RATNAG": {"global_perc": 0.3333333333333333, "local_perc": 6.299212598425197e-05}, "RAVTI": {"global_perc": 1.0, "local_perc": 6.299212598425197e-05}, "REHR": {"global_perc": 0.3333333333333333, "local_perc": 6.299212598425197e-05}, "RERU UPERALA": {"global_perc": 0.5, "local_perc": 6.299212598425197e-05}, "RITHAKHAL": {"global_perc": 0.2, "local_perc": 6.299212598425197e-05}, "ROHELA HAJI UTTAR": {"global_perc": 0.5, "local_perc": 6.299212598425197e-05}, "RUPAS MAHAJI": {"global_perc": 0.5, "local_perc": 6.299212598425197e-05}, "Randhawa Brota": {"global_perc": 1.0, "local_perc": 6.299212598425197e-05}, "SAHIBGANJ": {"global_perc": 0.05263157894736842, "local_perc": 6.299212598425197e-05}, "SAHMADA": {"global_perc": 1.0, "local_perc": 6.299212598425197e-05}, "SAI UGIALLA": {"global_perc": 1.0, "local_perc": 6.299212598425197e-05}, "SALI": {"global_perc": 0.5, "local_perc": 6.299212598425197e-05}, "SALLER": {"global_perc": 0.5, "local_perc": 6.299212598425197e-05}, "SANAI": {"global_perc": 0.18181818181818182, "local_perc": 0.00012598425196850394}, "SANOG UPPERLA": {"global_perc": 1.0, "local_perc": 6.299212598425197e-05}, "SARAIAREJANI": {"global_perc": 1.0, "local_perc": 6.299212598425197e-05}, "SARAV BUJURG": {"global_perc": 1.0, "local_perc": 6.299212598425197e-05}, "SARDAM": {"global_perc": 0.25, "local_perc": 6.299212598425197e-05}, "SATHIALA": {"global_perc": 0.5, "local_perc": 6.299212598425197e-05}, "SERA": {"global_perc": 0.1, "local_perc": 6.299212598425197e-05}, "SEWAL": {"global_perc": 1.0, "local_perc": 6.299212598425197e-05}, "SHAHAL": {"global_perc": 0.25, "local_perc": 6.299212598425197e-05}, "SHAHGARH": {"global_perc": 0.25, "local_perc": 6.299212598425197e-05}, "SHAHJAHANPUR": {"global_perc": 0.3333333333333333, "local_perc": 6.299212598425197e-05}, "SHAIKHAR": {"global_perc": 1.0, "local_perc": 6.299212598425197e-05}, "SHAKOH": {"global_perc": 1.0, "local_perc": 6.299212598425197e-05}, "SHER KHAN WALA": {"global_perc": 0.5, "local_perc": 6.299212598425197e-05}, "SHIVPUR": {"global_perc": 0.13636363636363635, "local_perc": 0.0001889763779527559}, "SIHAL": {"global_perc": 0.5, "local_perc": 6.299212598425197e-05}, "SIRUVADI": {"global_perc": 1.0, "local_perc": 6.299212598425197e-05}, "SIYUM": {"global_perc": 0.03125, "local_perc": 6.299212598425197e-05}, "SNKARPUR": {"global_perc": 1.0, "local_perc": 6.299212598425197e-05}, "SOBHA KOTHI": {"global_perc": 1.0, "local_perc": 6.299212598425197e-05}, "SOUHDA KHURD": {"global_perc": 1.0, "local_perc": 6.299212598425197e-05}, "SUAN": {"global_perc": 0.5, "local_perc": 6.299212598425197e-05}, "SUANGDOH": {"global_perc": 0.2, "local_perc": 6.299212598425197e-05}, "SUKNAL": {"global_perc": 0.25, "local_perc": 6.299212598425197e-05}, "SULTANPUR": {"global_perc": 0.017857142857142856, "local_perc": 6.299212598425197e-05}, "SUNDERBANI": {"global_perc": 0.5, "local_perc": 6.299212598425197e-05}, "SURAPUR": {"global_perc": 0.5, "local_perc": 6.299212598425197e-05}, "SYAHI DEVI GUNTH": {"global_perc": 1.0, "local_perc": 6.299212598425197e-05}, "TALDU": {"global_perc": 1.0, "local_perc": 6.299212598425197e-05}, "TANGH": {"global_perc": 0.3333333333333333, "local_perc": 6.299212598425197e-05}, "TARTO": {"global_perc": 1.0, "local_perc": 6.299212598425197e-05}, "TEGRA": {"global_perc": 1.0, "local_perc": 6.299212598425197e-05}, "TETRI": {"global_perc": 0.5, "local_perc": 6.299212598425197e-05}, "THAKAR KI": {"global_perc": 1.0, "local_perc": 6.299212598425197e-05}, "THANA KHURD": {"global_perc": 0.3, "local_perc": 0.0001889763779527559}, "TIGHARA": {"global_perc": 0.1111111111111111, "local_perc": 6.299212598425197e-05}, "TIKKAR GADHIANI": {"global_perc": 1.0, "local_perc": 6.299212598425197e-05}, "TIPRI": {"global_perc": 0.3333333333333333, "local_perc": 6.299212598425197e-05}, "TRAL": {"global_perc": 0.5, "local_perc": 6.299212598425197e-05}, "TUSKUTRI": {"global_perc": 1.0, "local_perc": 6.299212598425197e-05}, "UDAIPUR": {"global_perc": 0.09090909090909091, "local_perc": 6.299212598425197e-05}, "UNERA": {"global_perc": 1.0, "local_perc": 6.299212598425197e-05}, "UPREHR": {"global_perc": 0.5, "local_perc": 6.299212598425197e-05}, "URMAR": {"global_perc": 1.0, "local_perc": 6.299212598425197e-05}, "VADAKATTUPATTI": {"global_perc": 1.0, "local_perc": 6.299212598425197e-05}, "VEDAR": {"global_perc": 1.0, "local_perc": 6.299212598425197e-05}, "WILIGAM": {"global_perc": 1.0, "local_perc": 6.299212598425197e-05}, "YANGTHANG": {"global_perc": 1.0, "local_perc": 6.299212598425197e-05}}, "partition_field": "Near_Vil_Tow_Nam_hav_Prim_School", "Vil_Nam": "Khurhama", "Stat_Nam": "JAMMU & KASHMIR"}, {"data": [["Dis_Doc_In_Pos_Num", 6.0], ["Dis_Num", 5.0], 1.2], "data_low": {"Stat_Nam": "West Bengal", "Vil_Nam": "Uchalan", "Dis_Num": "4", "Dis_Doc_In_Pos_Num": "5", "id": 319445}, "data_high": {"Stat_Nam": "JHARKHAND", "Vil_Nam": "Bero", "Dis_Num": "5", "Dis_Doc_In_Pos_Num": "6", "id": 372151}, "perc": 0.0003211690553615159, "metric": 99.99967863090527, "value_global_local": {}, "partition_field": null, "Vil_Nam": "Bero", "Stat_Nam": "JHARKHAND"}, {"data": [["Dis_Doc_In_Pos_Num", 4.0], ["Dis_Num", 3.0], 1.3333333333333333], "data_low": {"Stat_Nam": "UTTAR PRADESH", "Vil_Nam": "Tolwa Antdanpur", "Dis_Num": "3", "Dis_Doc_In_Pos_Num": "4", "id": 139278}, "data_high": {"Stat_Nam": "UTTAR PRADESH", "Vil_Nam": "Tolwa Antdanpur", "Dis_Num": "3", "Dis_Doc_In_Pos_Num": "4", "id": 139278}, "perc": 0.0006423381107230318, "metric": 99.99935732849141, "value_global_local": {}, "partition_field": null, "Vil_Nam": "Tolwa Antdanpur", "Stat_Nam": "UTTAR PRADESH"}, {"data": [["Dis_Doc_In_Pos_Num", 3.0], ["Dis_Num", 2.0], 1.5], "data_low": {"Stat_Nam": "Punjab", "Vil_Nam": "Sudh Singhwala (11)", "Dis_Num": "2", "Dis_Doc_In_Pos_Num": "3", "id": 34339}, "data_high": {"Stat_Nam": "Punjab", "Vil_Nam": "Sudh Singhwala (11)", "Dis_Num": "2", "Dis_Doc_In_Pos_Num": "3", "id": 34339}, "perc": 0.01172267052069533, "metric": 99.98827682943791, "value_global_local": {"": {"global_perc": 0.00023735051794434943, "local_perc": 1.0}}, "partition_field": "Near_Vil_Tow_Nam_hav_Mid_School", "Vil_Nam": "Sudh Singhwala (11)", "Stat_Nam": "Punjab"}, {"data": [["Dis_Doc_In_Pos_Num", 2.0], ["Dis_Num", 1.0], 2.0], "data_low": {"Stat_Nam": "JAMMU & KASHMIR", "Vil_Nam": "Mindiyan", "Dis_Num": "1", "Dis_Doc_In_Pos_Num": "2", "id": 4}, "data_high": {"Stat_Nam": "UTTAR PRADESH", "Vil_Nam": "Baberu Dehat", "Dis_Num": "4", "Dis_Doc_In_Pos_Num": "8", "id": 154224}, "perc": 0.21405917539845035, "metric": 99.78593982654255, "value_global_local": {"": {"global_perc": 0.0024957859613959506, "local_perc": 0.9752438109527382}, "BALAK RUPI": {"global_perc": 0.5, "local_perc": 0.0007501875468867217}, "BALYAH": {"global_perc": 0.25, "local_perc": 0.0007501875468867217}, "BANDROL": {"global_perc": 0.3333333333333333, "local_perc": 0.0007501875468867217}, "BHAGWAN PUR": {"global_perc": 0.16666666666666666, "local_perc": 0.0007501875468867217}, "BHAIYADIH": {"global_perc": 1.0, "local_perc": 0.0007501875468867217}, "BHATWARA": {"global_perc": 0.16666666666666666, "local_perc": 0.0007501875468867217}, "BHERI": {"global_perc": 0.16666666666666666, "local_perc": 0.0007501875468867217}, "BHOG": {"global_perc": 0.1111111111111111, "local_perc": 0.0007501875468867217}, "BIGHBEHARA": {"global_perc": 0.25, "local_perc": 0.0007501875468867217}, "BIHUN": {"global_perc": 0.5, "local_perc": 0.0007501875468867217}, "GARNOTA": {"global_perc": 1.0, "local_perc": 0.0007501875468867217}, "GUMANU": {"global_perc": 1.0, "local_perc": 0.0007501875468867217}, "HARHUA": {"global_perc": 0.3333333333333333, "local_perc": 0.0007501875468867217}, "JAR": {"global_perc": 0.25, "local_perc": 0.0007501875468867217}, "KAKWARA": {"global_perc": 1.0, "local_perc": 0.0007501875468867217}, "KOTTARAM": {"global_perc": 1.0, "local_perc": 0.0007501875468867217}, "KUMIZHI": {"global_perc": 1.0, "local_perc": 0.0007501875468867217}, "MALDA": {"global_perc": 0.2, "local_perc": 0.0007501875468867217}, "MALOKHAR": {"global_perc": 0.5, "local_perc": 0.0007501875468867217}, "MAYAN GAON": {"global_perc": 1.0, "local_perc": 0.0007501875468867217}, "MELPAKKAM": {"global_perc": 0.5, "local_perc": 0.0007501875468867217}, "MO. SARAI ALI": {"global_perc": 1.0, "local_perc": 0.0007501875468867217}, "N.A.": {"global_perc": 0.00028414472437961733, "local_perc": 0.002250562640660165}, "NASRULLAHPUR": {"global_perc": 0.5, "local_perc": 0.0007501875468867217}, "POWARKHALI": {"global_perc": 0.14285714285714285, "local_perc": 0.0007501875468867217}, "PUREMANSARAM": {"global_perc": 1.0, "local_perc": 0.0007501875468867217}, "RAIKWA": {"global_perc": 1.0, "local_perc": 0.0007501875468867217}, "RAMPUR": {"global_perc": 0.007194244604316547, "local_perc": 0.0007501875468867217}, "RONO": {"global_perc": 0.1, "local_perc": 0.0007501875468867217}, "SURARYOR": {"global_perc": 1.0, "local_perc": 0.0007501875468867217}, "VELLALAPATTI": {"global_perc": 0.5, "local_perc": 0.0007501875468867217}}, "partition_field": "Near_Vil_Tow_Nam_hav_Prim_School", "Vil_Nam": "Mindiyan", "Stat_Nam": "JAMMU & KASHMIR"}, {"data": [["Dis_Doc_In_Pos_Num", 9.0], ["Dis_Num", 4.0], 2.25], "data_low": {"Stat_Nam": "West Bengal", "Vil_Nam": "Ramchandrapur", "Dis_Num": "4", "Dis_Doc_In_Pos_Num": "9", "id": 321794}, "data_high": {"Stat_Nam": "West Bengal", "Vil_Nam": "Ramchandrapur", "Dis_Num": "4", "Dis_Doc_In_Pos_Num": "9", "id": 321794}, "perc": 0.0003211690553615159, "metric": 99.99967758069862, "value_global_local": {}, "partition_field": null, "Vil_Nam": "Ramchandrapur", "Stat_Nam": "West Bengal"}, {"data": [["Dis_Doc_In_Pos_Num", 5.0], ["Dis_Num", 2.0], 2.5], "data_low": {"Stat_Nam": "West Bengal", "Vil_Nam": "Krishna Ganj", "Dis_Num": "4", "Dis_Doc_In_Pos_Num": "10", "id": 320261}, "data_high": {"Stat_Nam": "JAMMU & KASHMIR", "Vil_Nam": "Chithi Bandi", "Dis_Num": "2", "Dis_Doc_In_Pos_Num": "5", "id": 2734}, "perc": 0.0017664298044883376, "metric": 99.99823206992197, "value_global_local": {}, "partition_field": null, "Vil_Nam": "Chithi Bandi", "Stat_Nam": "JAMMU & KASHMIR"}, {"data": [["Dis_Doc_In_Pos_Num", 8.0], ["Dis_Num", 3.0], 2.6666666666666665], "data_low": {"Stat_Nam": "Tamil Nadu", "Vil_Nam": "Desavilakku", "Dis_Num": "3", "Dis_Doc_In_Pos_Num": "8", "id": 611290}, "data_high": {"Stat_Nam": "Tamil Nadu", "Vil_Nam": "Desavilakku", "Dis_Num": "3", "Dis_Doc_In_Pos_Num": "8", "id": 611290}, "perc": 0.0003211690553615159, "metric": 99.99967716394993, "value_global_local": {}, "partition_field": null, "Vil_Nam": "Desavilakku", "Stat_Nam": "Tamil Nadu"}, {"data": [["Dis_Doc_In_Pos_Num", 3.0], ["Dis_Num", 1.0], 3.0], "data_low": {"Stat_Nam": "JAMMU & KASHMIR", "Vil_Nam": "Mandhar", "Dis_Num": "1", "Dis_Doc_In_Pos_Num": "3", "id": 1075}, "data_high": {"Stat_Nam": "Tamil Nadu", "Vil_Nam": "Vadakuthu", "Dis_Num": "3", "Dis_Doc_In_Pos_Num": "9", "id": 614041}, "perc": 0.03789794853265888, "metric": 99.96210005182539, "value_global_local": {"ASSAM": {"global_perc": 0.00018942981625307822, "local_perc": 0.0211864406779661}, "Arunachal Pradesh": {"global_perc": 0.0003578457684737878, "local_perc": 0.00847457627118644}, "CHHATTISGARH": {"global_perc": 0.00029812183245553017, "local_perc": 0.025423728813559324}, "HIMACHAL PRADESH": {"global_perc": 0.0005316578057032382, "local_perc": 0.046610169491525424}, "JAMMU & KASHMIR": {"global_perc": 0.003052037234854265, "local_perc": 0.0847457627118644}, "JHARKHAND": {"global_perc": 0.0005865283694511329, "local_perc": 0.08050847457627118}, "KERALA": {"global_perc": 0.0009823182711198428, "local_perc": 0.00423728813559322}, "MADHYA PRADESH": {"global_perc": 0.00027320911425605157, "local_perc": 0.0635593220338983}, "NCT OF DELHI": {"global_perc": 0.044642857142857144, "local_perc": 0.0211864406779661}, "Punjab": {"global_perc": 0.0014307288768778317, "local_perc": 0.07627118644067797}, "RAJASTHAN": {"global_perc": 0.0005372492836676218, "local_perc": 0.1016949152542373}, "SIKKIM": {"global_perc": 0.0022172949002217295, "local_perc": 0.00423728813559322}, "TRIPURA": {"global_perc": 0.02857142857142857, "local_perc": 0.1059322033898305}, "Tamil Nadu": {"global_perc": 0.0022529570060704674, "local_perc": 0.15254237288135594}, "UTTAR PRADESH": {"global_perc": 0.0003746230355704572, "local_perc": 0.1694915254237288}, "UTTARAKHAND": {"global_perc": 0.0001190972428988269, "local_perc": 0.00847457627118644}, "West Bengal": {"global_perc": 0.0001491869312248247, "local_perc": 0.025423728813559324}}, "partition_field": "Stat_Nam", "Vil_Nam": "Mandhar", "Stat_Nam": "JAMMU & KASHMIR"}, {"data": [["Dis_Doc_In_Pos_Num", 10.0], ["Dis_Num", 3.0], 3.3333333333333335], "data_low": {"Stat_Nam": "Tamil Nadu", "Vil_Nam": "Kavandapadi", "Dis_Num": "3", "Dis_Doc_In_Pos_Num": "10", "id": 612267}, "data_high": {"Stat_Nam": "Tamil Nadu", "Vil_Nam": "Kavandapadi", "Dis_Num": "3", "Dis_Doc_In_Pos_Num": "10", "id": 612267}, "perc": 0.00016058452768075794, "metric": 99.999837081676, "value_global_local": {}, "partition_field": null, "Vil_Nam": "Kavandapadi", "Stat_Nam": "Tamil Nadu"}, {"data": [["Dis_Doc_In_Pos_Num", 4.0], ["Dis_Num", 1.0], 4.0], "data_low": {"Stat_Nam": "JAMMU & KASHMIR", "Vil_Nam": "Gundi Pora", "Dis_Num": "1", "Dis_Doc_In_Pos_Num": "4", "id": 3940}, "data_high": {"Stat_Nam": "Tamil Nadu", "Vil_Nam": "Kadiapattinam", "Dis_Num": "2", "Dis_Doc_In_Pos_Num": "8", "id": 620363}, "perc": 0.010598578826930025, "metric": 99.989398420891, "value_global_local": {"ASSAM": {"global_perc": 3.7885963250615644e-05, "local_perc": 0.015151515151515152}, "HIMACHAL PRADESH": {"global_perc": 0.00038666022232962784, "local_perc": 0.12121212121212122}, "JAMMU & KASHMIR": {"global_perc": 0.00015260186174271325, "local_perc": 0.015151515151515152}, "JHARKHAND": {"global_perc": 0.0008334876829042416, "local_perc": 0.4090909090909091}, "KERALA": {"global_perc": 0.0009823182711198428, "local_perc": 0.015151515151515152}, "NCT OF DELHI": {"global_perc": 0.017857142857142856, "local_perc": 0.030303030303030304}, "Punjab": {"global_perc": 0.0010333041888562118, "local_perc": 0.19696969696969696}, "Tamil Nadu": {"global_perc": 6.258213905751299e-05, "local_perc": 0.015151515151515152}, "UTTAR PRADESH": {"global_perc": 8.429018300335288e-05, "local_perc": 0.13636363636363635}, "UTTARAKHAND": {"global_perc": 5.954862144941345e-05, "local_perc": 0.015151515151515152}, "West Bengal": {"global_perc": 4.972897707494157e-05, "local_perc": 0.030303030303030304}}, "partition_field": "Stat_Nam", "Vil_Nam": "Gundi Pora", "Stat_Nam": "JAMMU & KASHMIR"}, {"data": [["Dis_Doc_In_Pos_Num", 5.0], ["Dis_Num", 1.0], 5.0], "data_low": {"Stat_Nam": "Tamil Nadu", "Vil_Nam": "Pamban", "Dis_Num": "2", "Dis_Doc_In_Pos_Num": "10", "id": 619437}, "data_high": {"Stat_Nam": "Punjab", "Vil_Nam": "Jalalabad (291)", "Dis_Num": "1", "Dis_Doc_In_Pos_Num": "5", "id": 33911}, "perc": 0.003854028664338191, "metric": 99.99614197068973, "value_global_local": {"CHHATTISGARH": {"global_perc": 9.937394415184339e-05, "local_perc": 0.08333333333333333}, "JHARKHAND": {"global_perc": 9.260974254491573e-05, "local_perc": 0.125}, "MANIPUR": {"global_perc": 0.0003874467260751647, "local_perc": 0.041666666666666664}, "Punjab": {"global_perc": 0.00023845481281297194, "local_perc": 0.125}, "TRIPURA": {"global_perc": 0.001142857142857143, "local_perc": 0.041666666666666664}, "Tamil Nadu": {"global_perc": 6.258213905751299e-05, "local_perc": 0.041666666666666664}, "UTTAR PRADESH": {"global_perc": 0.00010302133478187574, "local_perc": 0.4583333333333333}, "West Bengal": {"global_perc": 4.972897707494157e-05, "local_perc": 0.08333333333333333}}, "partition_field": "Stat_Nam", "Vil_Nam": "Jalalabad (291)", "Stat_Nam": "Punjab"}, {"data": [["Dis_Doc_In_Pos_Num", 6.0], ["Dis_Num", 1.0], 6.0], "data_low": {"Stat_Nam": "Punjab", "Vil_Nam": "Naranwali (131)", "Dis_Num": "1", "Dis_Doc_In_Pos_Num": "6", "id": 27874}, "data_high": {"Stat_Nam": "Punjab", "Vil_Nam": "Naranwali (131)", "Dis_Num": "1", "Dis_Doc_In_Pos_Num": "6", "id": 27874}, "perc": 0.0014452607491268216, "metric": 99.998549738323, "value_global_local": {}, "partition_field": null, "Vil_Nam": "Naranwali (131)", "Stat_Nam": "Punjab"}, {"data": [["Dis_Doc_In_Pos_Num", 7.0], ["Dis_Num", 1.0], 7.0], "data_low": {"Stat_Nam": "Punjab", "Vil_Nam": "Rori Kapura (138)", "Dis_Num": "1", "Dis_Doc_In_Pos_Num": "7", "id": 35408}, "data_high": {"Stat_Nam": "Punjab", "Vil_Nam": "Rori Kapura (138)", "Dis_Num": "1", "Dis_Doc_In_Pos_Num": "7", "id": 35408}, "perc": 0.0006423381107230318, "metric": 99.99935166072764, "value_global_local": {}, "partition_field": null, "Vil_Nam": "Rori Kapura (138)", "Stat_Nam": "Punjab"}, {"data": [["Dis_Doc_In_Pos_Num", 8.0], ["Dis_Num", 1.0], 8.0], "data_low": {"Stat_Nam": "Punjab", "Vil_Nam": "Lamochar Kalan Hithar (361)", "Dis_Num": "1", "Dis_Doc_In_Pos_Num": "8", "id": 34787}, "data_high": {"Stat_Nam": "Punjab", "Vil_Nam": "Lamochar Kalan Hithar (361)", "Dis_Num": "1", "Dis_Doc_In_Pos_Num": "8", "id": 34787}, "perc": 0.0008029226384037898, "metric": 99.9991900760176, "value_global_local": {}, "partition_field": null, "Vil_Nam": "Lamochar Kalan Hithar (361)", "Stat_Nam": "Punjab"}, {"data": [["Dis_Doc_In_Pos_Num", 10.0], ["Dis_Num", 1.0], 10.0], "data_low": {"Stat_Nam": "UTTAR PRADESH", "Vil_Nam": "Dadra", "Dis_Num": "1", "Dis_Doc_In_Pos_Num": "10", "id": 163980}, "data_high": {"Stat_Nam": "UTTAR PRADESH", "Vil_Nam": "Dadra", "Dis_Num": "1", "Dis_Doc_In_Pos_Num": "10", "id": 163980}, "perc": 0.0006423381107230318, "metric": 99.99934866014682, "value_global_local": {}, "partition_field": null, "Vil_Nam": "Dadra", "Stat_Nam": "UTTAR PRADESH"}, {"data": [["Dis_Doc_In_Pos_Num", 12.0], ["Dis_Num", 1.0], 12.0], "data_low": {"Stat_Nam": "West Bengal", "Vil_Nam": "Naksalbari", "Dis_Num": "1", "Dis_Doc_In_Pos_Num": "12", "id": 305312}, "data_high": {"Stat_Nam": "West Bengal", "Vil_Nam": "Naksalbari", "Dis_Num": "1", "Dis_Doc_In_Pos_Num": "12", "id": 305312}, "perc": 0.0004817535830422739, "metric": 99.99950724426962, "value_global_local": {}, "partition_field": null, "Vil_Nam": "Naksalbari", "Stat_Nam": "West Bengal"}, {"data": [["Dis_Doc_In_Pos_Num", 16.0], ["Dis_Num", 1.0], 16.0], "data_low": {"Stat_Nam": "UTTAR PRADESH", "Vil_Nam": "Dhuthibari", "Dis_Num": "1", "Dis_Doc_In_Pos_Num": "16", "id": 182963}, "data_high": {"Stat_Nam": "UTTAR PRADESH", "Vil_Nam": "Dhuthibari", "Dis_Num": "1", "Dis_Doc_In_Pos_Num": "16", "id": 182963}, "perc": 0.00016058452768075794, "metric": 99.99982441249597, "value_global_local": {}, "partition_field": null, "Vil_Nam": "Dhuthibari", "Stat_Nam": "UTTAR PRADESH"}, {"data": [["Dis_Doc_In_Pos_Num", 17.0], ["Dis_Num", 1.0], 17.0], "data_low": {"Stat_Nam": "UTTAR PRADESH", "Vil_Nam": "Jalaluddin Nagar Uparhar", "Dis_Num": "1", "Dis_Doc_In_Pos_Num": "17", "id": 165552}, "data_high": {"Stat_Nam": "UTTAR PRADESH", "Vil_Nam": "Jalaluddin Nagar Uparhar", "Dis_Num": "1", "Dis_Doc_In_Pos_Num": "17", "id": 165552}, "perc": 0.00016058452768075794, "metric": 99.99982341229754, "value_global_local": {}, "partition_field": null, "Vil_Nam": "Jalaluddin Nagar Uparhar", "Stat_Nam": "UTTAR PRADESH"}, {"data": [["Dis_Doc_In_Pos_Num", 20.0], ["Dis_Num", 1.0], 20.0], "data_low": {"Stat_Nam": "West Bengal", "Vil_Nam": "Deulbere", "Dis_Num": "1", "Dis_Doc_In_Pos_Num": "20", "id": 335508}, "data_high": {"Stat_Nam": "West Bengal", "Vil_Nam": "Deulbere", "Dis_Num": "1", "Dis_Doc_In_Pos_Num": "20", "id": 335508}, "perc": 0.00016058452768075794, "metric": 99.99982041170227, "value_global_local": {}, "partition_field": null, "Vil_Nam": "Deulbere", "Stat_Nam": "West Bengal"}, {"data": [["Dis_Doc_In_Pos_Num", 1.0], ["Dis_Num", 0.0], 9999], "data_low": {"Stat_Nam": "JAMMU & KASHMIR", "Vil_Nam": "Karshah", "Dis_Num": "0", "Dis_Doc_In_Pos_Num": "1", "id": 1065}, "data_high": {"Stat_Nam": "JAMMU & KASHMIR", "Vil_Nam": "Sonigam", "Dis_Num": "0", "Dis_Doc_In_Pos_Num": "3", "id": 3866}, "perc": 0.0016058452768075795, "metric": 99.98839431540773, "value_global_local": {}, "partition_field": null, "Vil_Nam": "Karshah", "Stat_Nam": "JAMMU & KASHMIR"}, {"data": [["Dis_Doc_In_Pos_Num", 0], ["Dis_Num", 0], 99980001], "data_low": {"Stat_Nam": "JAMMU & KASHMIR", "Vil_Nam": "Bore", "Dis_Num": "", "Dis_Doc_In_Pos_Num": "", "id": 0}, "data_high": {"Stat_Nam": "JAMMU & KASHMIR", "Vil_Nam": "Palmar", "Dis_Num": "Dis_Num", "Dis_Doc_In_Pos_Num": "Dis_pos", "id": 4582}, "perc": 96.18579629852664, "metric": 9.620503634374503e-07, "value_global_local": {"null": {"global_perc": 0.9618579629852664, "local_perc": 1.0}}, "partition_field": "Dist_Other", "Vil_Nam": "Bore", "Stat_Nam": "JAMMU & KASHMIR"}]