[{"data": [["Hos_Allop_Doc_In_Pos_Num", 0], ["Hos_Allop_Par_Med_Staf_Tot_Stren_Num", 1.0], 0.0], "data_low": {"Stat_Nam": "JAMMU & KASHMIR", "Vil_Nam": "Desa", "Hos_Allop_Doc_In_Pos_Num": "", "Hos_Allop_Par_Med_Staf_Tot_Stren_Num": "1", "id": 4047}, "data_high": {"Stat_Nam": "West Bengal", "Vil_Nam": "Padmerhat", "Hos_Allop_Doc_In_Pos_Num": "8", "Hos_Allop_Par_Med_Staf_Tot_Stren_Num": "104", "id": 332893}, "perc": 0.027299369705728854, "metric": 99.97270163022125, "value_global_local": {"ANDHRA PRADESH": {"global_perc": 0.0001079136690647482, "local_perc": 0.01764705882352941}, "ASSAM": {"global_perc": 3.7885963250615644e-05, "local_perc": 0.0058823529411764705}, "Arunachal Pradesh": {"global_perc": 0.0003578457684737878, "local_perc": 0.011764705882352941}, "HIMACHAL PRADESH": {"global_perc": 0.0009666505558240696, "local_perc": 0.11764705882352941}, "JAMMU & KASHMIR": {"global_perc": 0.00015260186174271325, "local_perc": 0.0058823529411764705}, "JHARKHAND": {"global_perc": 0.001605235537445206, "local_perc": 0.3058823529411765}, "KERALA": {"global_perc": 0.0029469548133595285, "local_perc": 0.01764705882352941}, "MADHYA PRADESH": {"global_perc": 0.00018213940950403439, "local_perc": 0.058823529411764705}, "MIZORAM": {"global_perc": 0.0036144578313253013, "local_perc": 0.01764705882352941}, "TRIPURA": {"global_perc": 0.004571428571428572, "local_perc": 0.023529411764705882}, "UTTAR PRADESH": {"global_perc": 0.0003933541873489801, "local_perc": 0.24705882352941178}, "West Bengal": {"global_perc": 0.0007210701675866528, "local_perc": 0.17058823529411765}}, "partition_field": "Stat_Nam", "Vil_Nam": "Desa", "Stat_Nam": "JAMMU & KASHMIR"}, {"data": [["Hos_Allop_Doc_In_Pos_Num", 3.0], ["Hos_Allop_Par_Med_Staf_Tot_Stren_Num", 29.0], 0.10344827586206896], "data_low": {"Stat_Nam": "Punjab", "Vil_Nam": "Dher (295)", "Hos_Allop_Doc_In_Pos_Num": "1", "Hos_Allop_Par_Med_Staf_Tot_Stren_Num": "9", "id": 38100}, "data_high": {"Stat_Nam": "KERALA", "Vil_Nam": "Pulinkunnu", "Hos_Allop_Doc_In_Pos_Num": "7", "Hos_Allop_Par_Med_Staf_Tot_Stren_Num": "39", "id": 605864}, "perc": 0.04383957605684692, "metric": 99.95616132028108, "value_global_local": {"ANDHRA PRADESH": {"global_perc": 0.0005755395683453237, "local_perc": 0.05860805860805861}, "ASSAM": {"global_perc": 0.0014775525667740101, "local_perc": 0.14285714285714285}, "Arunachal Pradesh": {"global_perc": 0.0003578457684737878, "local_perc": 0.007326007326007326}, "GOA": {"global_perc": 0.0029940119760479044, "local_perc": 0.003663003663003663}, "HARYANA": {"global_perc": 0.000146177459435755, "local_perc": 0.003663003663003663}, "HIMACHAL PRADESH": {"global_perc": 0.00014499758337361044, "local_perc": 0.01098901098901099}, "JAMMU & KASHMIR": {"global_perc": 0.001678620479169846, "local_perc": 0.040293040293040296}, "JHARKHAND": {"global_perc": 9.260974254491573e-05, "local_perc": 0.01098901098901099}, "KERALA": {"global_perc": 0.012770137524557957, "local_perc": 0.047619047619047616}, "MADHYA PRADESH": {"global_perc": 5.464182285121031e-05, "local_perc": 0.01098901098901099}, "Punjab": {"global_perc": 0.0008743343136475638, "local_perc": 0.040293040293040296}, "RAJASTHAN": {"global_perc": 0.0007163323782234957, "local_perc": 0.11721611721611722}, "SIKKIM": {"global_perc": 0.0022172949002217295, "local_perc": 0.003663003663003663}, "TRIPURA": {"global_perc": 0.004571428571428572, "local_perc": 0.014652014652014652}, "UTTAR PRADESH": {"global_perc": 0.0003090640043456272, "local_perc": 0.12087912087912088}, "UTTARAKHAND": {"global_perc": 0.004466146608706008, "local_perc": 0.27472527472527475}, "West Bengal": {"global_perc": 0.0006216122134367696, "local_perc": 0.09157509157509157}}, "partition_field": "Stat_Nam", "Vil_Nam": "Bagda", "Stat_Nam": "West Bengal"}, {"data": [["Hos_Allop_Doc_In_Pos_Num", 14.0], ["Hos_Allop_Par_Med_Staf_Tot_Stren_Num", 68.0], 0.20588235294117646], "data_low": {"Stat_Nam": "JAMMU & KASHMIR", "Vil_Nam": "Rambirpur (Drass)", "Hos_Allop_Doc_In_Pos_Num": "1", "Hos_Allop_Par_Med_Staf_Tot_Stren_Num": "4", "id": 991}, "data_high": {"Stat_Nam": "West Bengal", "Vil_Nam": "Uttar Harishchandrapur", "Hos_Allop_Doc_In_Pos_Num": "8", "Hos_Allop_Par_Med_Staf_Tot_Stren_Num": "27", "id": 310711}, "perc": 0.023766510096752177, "metric": 99.97623428399096, "value_global_local": {"ANDHRA PRADESH": {"global_perc": 0.00017985611510791367, "local_perc": 0.033783783783783786}, "ASSAM": {"global_perc": 0.00030308770600492516, "local_perc": 0.05405405405405406}, "HIMACHAL PRADESH": {"global_perc": 0.00014499758337361044, "local_perc": 0.02027027027027027}, "JAMMU & KASHMIR": {"global_perc": 0.0015260186174271325, "local_perc": 0.06756756756756757}, "JHARKHAND": {"global_perc": 6.173982836327716e-05, "local_perc": 0.013513513513513514}, "KERALA": {"global_perc": 0.0029469548133595285, "local_perc": 0.02027027027027027}, "MADHYA PRADESH": {"global_perc": 9.106970475201719e-05, "local_perc": 0.033783783783783786}, "MANIPUR": {"global_perc": 0.0003874467260751647, "local_perc": 0.006756756756756757}, "Punjab": {"global_perc": 0.00015896987520864795, "local_perc": 0.013513513513513514}, "RAJASTHAN": {"global_perc": 4.477077363896848e-05, "local_perc": 0.013513513513513514}, "TRIPURA": {"global_perc": 0.002285714285714286, "local_perc": 0.013513513513513514}, "UTTAR PRADESH": {"global_perc": 0.00026223612489932005, "local_perc": 0.1891891891891892}, "UTTARAKHAND": {"global_perc": 0.0035729172869648066, "local_perc": 0.40540540540540543}, "West Bengal": {"global_perc": 0.00042269630513700336, "local_perc": 0.11486486486486487}}, "partition_field": "Stat_Nam", "Vil_Nam": "Tehatta", "Stat_Nam": "West Bengal"}, {"data": [["Hos_Allop_Doc_In_Pos_Num", 5.0], ["Hos_Allop_Par_Med_Staf_Tot_Stren_Num", 16.0], 0.3125], "data_low": {"Stat_Nam": "JAMMU & KASHMIR", "Vil_Nam": "Jawal Pora", "Hos_Allop_Doc_In_Pos_Num": "1", "Hos_Allop_Par_Med_Staf_Tot_Stren_Num": "3", "id": 704}, "data_high": {"Stat_Nam": "HIMACHAL PRADESH", "Vil_Nam": "Baijnath  (870)", "Hos_Allop_Doc_In_Pos_Num": "8", "Hos_Allop_Par_Med_Staf_Tot_Stren_Num": "24", "id": 11923}, "perc": 0.049941788108715725, "metric": 99.9500588991854, "value_global_local": {"ANDAMAN & NICOBAR ISLANDS": {"global_perc": 0.0036036036036036037, "local_perc": 0.006430868167202572}, "ANDHRA PRADESH": {"global_perc": 0.0003237410071942446, "local_perc": 0.028938906752411574}, "ASSAM": {"global_perc": 0.0015533244932752414, "local_perc": 0.13183279742765272}, "GOA": {"global_perc": 0.0029940119760479044, "local_perc": 0.003215434083601286}, "HIMACHAL PRADESH": {"global_perc": 0.0005799903334944418, "local_perc": 0.03858520900321544}, "JAMMU & KASHMIR": {"global_perc": 0.0022890279261406988, "local_perc": 0.04823151125401929}, "JHARKHAND": {"global_perc": 0.00015434957090819287, "local_perc": 0.01607717041800643}, "KERALA": {"global_perc": 0.003929273084479371, "local_perc": 0.012861736334405145}, "MADHYA PRADESH": {"global_perc": 7.285576380161376e-05, "local_perc": 0.012861736334405145}, "Punjab": {"global_perc": 0.0008743343136475638, "local_perc": 0.03536977491961415}, "TRIPURA": {"global_perc": 0.002285714285714286, "local_perc": 0.006430868167202572}, "Tamil Nadu": {"global_perc": 0.00018774641717253895, "local_perc": 0.00964630225080386}, "UTTAR PRADESH": {"global_perc": 0.00043081649090602583, "local_perc": 0.14790996784565916}, "UTTARAKHAND": {"global_perc": 0.007503126302626094, "local_perc": 0.40514469453376206}, "West Bengal": {"global_perc": 0.0007459346561241235, "local_perc": 0.09646302250803858}}, "partition_field": "Stat_Nam", "Vil_Nam": "Nirbhoypur", "Stat_Nam": "TRIPURA"}, {"data": [["Hos_Allop_Doc_In_Pos_Num", 3.0], ["Hos_Allop_Par_Med_Staf_Tot_Stren_Num", 7.0], 0.42857142857142855], "data_low": {"Stat_Nam": "JAMMU & KASHMIR", "Vil_Nam": "Panzgam", "Hos_Allop_Doc_In_Pos_Num": "1", "Hos_Allop_Par_Med_Staf_Tot_Stren_Num": "2", "id": 85}, "data_high": {"Stat_Nam": "UTTAR PRADESH", "Vil_Nam": "Bhinga Dehati", "Hos_Allop_Doc_In_Pos_Num": "7", "Hos_Allop_Par_Med_Staf_Tot_Stren_Num": "15", "id": 171911}, "perc": 0.3568188205066442, "metric": 99.64318174899687, "value_global_local": {"ANDHRA PRADESH": {"global_perc": 0.0011870503597122303, "local_perc": 0.01485148514851485}, "ASSAM": {"global_perc": 0.00011365788975184695, "local_perc": 0.0013501350135013501}, "HIMACHAL PRADESH": {"global_perc": 0.001014983083615273, "local_perc": 0.009450945094509451}, "JAMMU & KASHMIR": {"global_perc": 0.0036624446818251184, "local_perc": 0.010801080108010801}, "JHARKHAND": {"global_perc": 0.0004013088843613015, "local_perc": 0.0058505850585058505}, "KERALA": {"global_perc": 0.0019646365422396855, "local_perc": 0.0009000900090009}, "MADHYA PRADESH": {"global_perc": 0.0006921297561153307, "local_perc": 0.017101710171017102}, "Maharashtra": {"global_perc": 0.0415664720027482, "local_perc": 0.8168316831683168}, "ODISHA": {"global_perc": 0.00015590591078284256, "local_perc": 0.0036003600360036}, "Punjab": {"global_perc": 0.0016691836896908037, "local_perc": 0.009450945094509451}, "TRIPURA": {"global_perc": 0.004571428571428572, "local_perc": 0.0018001800180018}, "Tamil Nadu": {"global_perc": 0.00018774641717253895, "local_perc": 0.0013501350135013501}, "UTTAR PRADESH": {"global_perc": 0.001414201959278476, "local_perc": 0.06795679567956796}, "UTTARAKHAND": {"global_perc": 0.0038111117727624606, "local_perc": 0.0288028802880288}, "West Bengal": {"global_perc": 0.0005470187478243573, "local_perc": 0.009900990099009901}}, "partition_field": "Stat_Nam", "Vil_Nam": "Srikot Gagnali", "Stat_Nam": "UTTARAKHAND"}, {"data": [["Hos_Allop_Doc_In_Pos_Num", 7.0], ["Hos_Allop_Par_Med_Staf_Tot_Stren_Num", 13.0], 0.5384615384615384], "data_low": {"Stat_Nam": "UTTARAKHAND", "Vil_Nam": "Gwar Thapali", "Hos_Allop_Doc_In_Pos_Num": "3", "Hos_Allop_Par_Med_Staf_Tot_Stren_Num": "5", "id": 42235}, "data_high": {"Stat_Nam": "KERALA", "Vil_Nam": "Agali", "Hos_Allop_Doc_In_Pos_Num": "8", "Hos_Allop_Par_Med_Staf_Tot_Stren_Num": "14", "id": 605452}, "perc": 0.012365008631418364, "metric": 99.98763545294227, "value_global_local": {"ASSAM": {"global_perc": 0.00015154385300246258, "local_perc": 0.05194805194805195}, "JHARKHAND": {"global_perc": 0.00027782922763474715, "local_perc": 0.11688311688311688}, "KERALA": {"global_perc": 0.0009823182711198428, "local_perc": 0.012987012987012988}, "MADHYA PRADESH": {"global_perc": 1.821394095040344e-05, "local_perc": 0.012987012987012988}, "ODISHA": {"global_perc": 0.0008769707481534894, "local_perc": 0.5844155844155844}, "Punjab": {"global_perc": 7.948493760432397e-05, "local_perc": 0.012987012987012988}, "TRIPURA": {"global_perc": 0.004571428571428572, "local_perc": 0.05194805194805195}, "Tamil Nadu": {"global_perc": 6.258213905751299e-05, "local_perc": 0.012987012987012988}, "UTTAR PRADESH": {"global_perc": 5.619345533556858e-05, "local_perc": 0.07792207792207792}, "UTTARAKHAND": {"global_perc": 0.0001190972428988269, "local_perc": 0.025974025974025976}, "West Bengal": {"global_perc": 7.459346561241235e-05, "local_perc": 0.03896103896103896}}, "partition_field": "Stat_Nam", "Vil_Nam": "Shankar (21)", "Stat_Nam": "Punjab"}, {"data": [["Hos_Allop_Doc_In_Pos_Num", 2.0], ["Hos_Allop_Par_Med_Staf_Tot_Stren_Num", 3.0], 0.6666666666666666], "data_low": {"Stat_Nam": "UTTAR PRADESH", "Vil_Nam": "Chak Murad", "Hos_Allop_Doc_In_Pos_Num": "10", "Hos_Allop_Par_Med_Staf_Tot_Stren_Num": "15", "id": 203466}, "data_high": {"Stat_Nam": "UTTAR PRADESH", "Vil_Nam": "Banwaripur", "Hos_Allop_Doc_In_Pos_Num": "8", "Hos_Allop_Par_Med_Staf_Tot_Stren_Num": "12", "id": 214182}, "perc": 0.020233650487775503, "metric": 99.97976668284475, "value_global_local": {"ANDHRA PRADESH": {"global_perc": 0.0002158273381294964, "local_perc": 0.047619047619047616}, "ASSAM": {"global_perc": 3.7885963250615644e-05, "local_perc": 0.007936507936507936}, "Arunachal Pradesh": {"global_perc": 0.0001789228842368939, "local_perc": 0.007936507936507936}, "GOA": {"global_perc": 0.0029940119760479044, "local_perc": 0.007936507936507936}, "HIMACHAL PRADESH": {"global_perc": 4.833252779120348e-05, "local_perc": 0.007936507936507936}, "JAMMU & KASHMIR": {"global_perc": 0.0004578055852281398, "local_perc": 0.023809523809523808}, "JHARKHAND": {"global_perc": 9.260974254491573e-05, "local_perc": 0.023809523809523808}, "MADHYA PRADESH": {"global_perc": 0.00021856729140484125, "local_perc": 0.09523809523809523}, "ODISHA": {"global_perc": 0.0008769707481534894, "local_perc": 0.35714285714285715}, "Punjab": {"global_perc": 7.948493760432397e-05, "local_perc": 0.007936507936507936}, "TRIPURA": {"global_perc": 0.009142857142857144, "local_perc": 0.06349206349206349}, "UTTAR PRADESH": {"global_perc": 0.00023413939723153577, "local_perc": 0.1984126984126984}, "UTTARAKHAND": {"global_perc": 0.0009527779431906152, "local_perc": 0.12698412698412698}, "West Bengal": {"global_perc": 7.459346561241235e-05, "local_perc": 0.023809523809523808}}, "partition_field": "Stat_Nam", "Vil_Nam": "Krala Gund", "Stat_Nam": "JAMMU & KASHMIR"}, {"data": [["Hos_Allop_Doc_In_Pos_Num", 7.0], ["Hos_Allop_Par_Med_Staf_Tot_Stren_Num", 9.0], 0.7777777777777778], "data_low": {"Stat_Nam": "Punjab", "Vil_Nam": "Kasoana (365)", "Hos_Allop_Doc_In_Pos_Num": "4", "Hos_Allop_Par_Med_Staf_Tot_Stren_Num": "5", "id": 34197}, "data_high": {"Stat_Nam": "ODISHA", "Vil_Nam": "Handapa", "Hos_Allop_Doc_In_Pos_Num": "8", "Hos_Allop_Par_Med_Staf_Tot_Stren_Num": "10", "id": 402253}, "perc": 0.002569352442892127, "metric": 99.99743086981807, "value_global_local": {}, "partition_field": null, "Vil_Nam": "Charbhata", "Stat_Nam": "ODISHA"}, {"data": [["Hos_Allop_Doc_In_Pos_Num", 9.0], ["Hos_Allop_Par_Med_Staf_Tot_Stren_Num", 10.0], 0.9], "data_low": {"Stat_Nam": "JAMMU & KASHMIR", "Vil_Nam": "Dudi", "Hos_Allop_Doc_In_Pos_Num": "1", "Hos_Allop_Par_Med_Staf_Tot_Stren_Num": "1", "id": 10}, "data_high": {"Stat_Nam": "ODISHA", "Vil_Nam": "Gadapur", "Hos_Allop_Doc_In_Pos_Num": "9", "Hos_Allop_Par_Med_Staf_Tot_Stren_Num": "10", "id": 414913}, "perc": 0.18868682002489062, "metric": 99.81131327980638, "value_global_local": {"ANDHRA PRADESH": {"global_perc": 3.597122302158273e-05, "local_perc": 0.000851063829787234}, "HIMACHAL PRADESH": {"global_perc": 0.0006283228612856452, "local_perc": 0.011063829787234043}, "JAMMU & KASHMIR": {"global_perc": 0.002441629787883412, "local_perc": 0.013617021276595745}, "JHARKHAND": {"global_perc": 0.01731802185589924, "local_perc": 0.4774468085106383}, "KERALA": {"global_perc": 0.0019646365422396855, "local_perc": 0.001702127659574468}, "MADHYA PRADESH": {"global_perc": 0.0008924831065697685, "local_perc": 0.04170212765957447}, "MANIPUR": {"global_perc": 0.0003874467260751647, "local_perc": 0.000851063829787234}, "NCT OF DELHI": {"global_perc": 0.008928571428571428, "local_perc": 0.000851063829787234}, "ODISHA": {"global_perc": 3.897647769571064e-05, "local_perc": 0.001702127659574468}, "Punjab": {"global_perc": 0.022335267466815037, "local_perc": 0.23914893617021277}, "TRIPURA": {"global_perc": 0.016, "local_perc": 0.011914893617021277}, "UTTAR PRADESH": {"global_perc": 0.001695169235956319, "local_perc": 0.15404255319148935}, "UTTARAKHAND": {"global_perc": 0.0019055558863812303, "local_perc": 0.02723404255319149}, "West Bengal": {"global_perc": 0.0005221542592868865, "local_perc": 0.017872340425531916}}, "partition_field": "Stat_Nam", "Vil_Nam": "Gadapur", "Stat_Nam": "ODISHA"}, {"data": [["Hos_Allop_Doc_In_Pos_Num", 5.0], ["Hos_Allop_Par_Med_Staf_Tot_Stren_Num", 4.0], 1.25], "data_low": {"Stat_Nam": "TRIPURA", "Vil_Nam": "Satnala", "Hos_Allop_Doc_In_Pos_Num": "4", "Hos_Allop_Par_Med_Staf_Tot_Stren_Num": "3", "id": 271623}, "data_high": {"Stat_Nam": "Punjab", "Vil_Nam": "Khui Khera (241)", "Hos_Allop_Doc_In_Pos_Num": "5", "Hos_Allop_Par_Med_Staf_Tot_Stren_Num": "4", "id": 34883}, "perc": 0.0004817535830422739, "metric": 99.99951799636816, "value_global_local": {}, "partition_field": null, "Vil_Nam": "Khui Khera (241)", "Stat_Nam": "Punjab"}, {"data": [["Hos_Allop_Doc_In_Pos_Num", 3.0], ["Hos_Allop_Par_Med_Staf_Tot_Stren_Num", 2.0], 1.5], "data_low": {"Stat_Nam": "West Bengal", "Vil_Nam": "Chanditala", "Hos_Allop_Doc_In_Pos_Num": "12", "Hos_Allop_Par_Med_Staf_Tot_Stren_Num": "8", "id": 323944}, "data_high": {"Stat_Nam": "TRIPURA", "Vil_Nam": "Purba Nalichhara", "Hos_Allop_Doc_In_Pos_Num": "6", "Hos_Allop_Par_Med_Staf_Tot_Stren_Num": "4", "id": 271399}, "perc": 0.002569352442892127, "metric": 99.99743014746994, "value_global_local": {}, "partition_field": null, "Vil_Nam": "Tokuna", "Stat_Nam": "JAMMU & KASHMIR"}, {"data": [["Hos_Allop_Doc_In_Pos_Num", 5.0], ["Hos_Allop_Par_Med_Staf_Tot_Stren_Num", 3.0], 1.6666666666666667], "data_low": {"Stat_Nam": "West Bengal", "Vil_Nam": "Dalua", "Hos_Allop_Doc_In_Pos_Num": "5", "Hos_Allop_Par_Med_Staf_Tot_Stren_Num": "3", "id": 307523}, "data_high": {"Stat_Nam": "West Bengal", "Vil_Nam": "Dalua", "Hos_Allop_Doc_In_Pos_Num": "5", "Hos_Allop_Par_Med_Staf_Tot_Stren_Num": "3", "id": 307523}, "perc": 0.00016058452768075794, "metric": 99.99983874867337, "value_global_local": {}, "partition_field": null, "Vil_Nam": "Dalua", "Stat_Nam": "West Bengal"}, {"data": [["Hos_Allop_Doc_In_Pos_Num", 225.0], ["Hos_Allop_Par_Med_Staf_Tot_Stren_Num", 120.0], 1.875], "data_low": {"Stat_Nam": "HARYANA", "Vil_Nam": "Khanpur Kalan (56)", "Hos_Allop_Doc_In_Pos_Num": "225", "Hos_Allop_Par_Med_Staf_Tot_Stren_Num": "120", "id": 59329}, "data_high": {"Stat_Nam": "HARYANA", "Vil_Nam": "Khanpur Kalan (56)", "Hos_Allop_Doc_In_Pos_Num": "225", "Hos_Allop_Par_Med_Staf_Tot_Stren_Num": "120", "id": 59329}, "perc": 0.00016058452768075794, "metric": 99.99983854029871, "value_global_local": {}, "partition_field": null, "Vil_Nam": "Khanpur Kalan (56)", "Stat_Nam": "HARYANA"}, {"data": [["Hos_Allop_Doc_In_Pos_Num", 2.0], ["Hos_Allop_Par_Med_Staf_Tot_Stren_Num", 1.0], 2.0], "data_low": {"Stat_Nam": "JAMMU & KASHMIR", "Vil_Nam": "Mujaltha", "Hos_Allop_Doc_In_Pos_Num": "2", "Hos_Allop_Par_Med_Staf_Tot_Stren_Num": "1", "id": 5048}, "data_high": {"Stat_Nam": "West Bengal", "Vil_Nam": "Bujruk Bandhail", "Hos_Allop_Doc_In_Pos_Num": "8", "Hos_Allop_Par_Med_Staf_Tot_Stren_Num": "4", "id": 311224}, "perc": 0.009635071660845478, "metric": 99.9903639282355, "value_global_local": {"HIMACHAL PRADESH": {"global_perc": 0.00019333011116481392, "local_perc": 0.06666666666666667}, "JAMMU & KASHMIR": {"global_perc": 0.000610407446970853, "local_perc": 0.06666666666666667}, "JHARKHAND": {"global_perc": 0.0003395690559980243, "local_perc": 0.18333333333333332}, "MADHYA PRADESH": {"global_perc": 5.464182285121031e-05, "local_perc": 0.05}, "Punjab": {"global_perc": 0.00023845481281297194, "local_perc": 0.05}, "TRIPURA": {"global_perc": 0.006857142857142857, "local_perc": 0.1}, "UTTAR PRADESH": {"global_perc": 0.00015921479011744431, "local_perc": 0.2833333333333333}, "UTTARAKHAND": {"global_perc": 0.0002381944857976538, "local_perc": 0.06666666666666667}, "West Bengal": {"global_perc": 0.00019891590829976627, "local_perc": 0.13333333333333333}}, "partition_field": "Stat_Nam", "Vil_Nam": "Mujaltha", "Stat_Nam": "JAMMU & KASHMIR"}, {"data": [["Hos_Allop_Doc_In_Pos_Num", 5.0], ["Hos_Allop_Par_Med_Staf_Tot_Stren_Num", 2.0], 2.5], "data_low": {"Stat_Nam": "UTTAR PRADESH", "Vil_Nam": "Makur", "Hos_Allop_Doc_In_Pos_Num": "5", "Hos_Allop_Par_Med_Staf_Tot_Stren_Num": "2", "id": 141231}, "data_high": {"Stat_Nam": "UTTAR PRADESH", "Vil_Nam": "Makur", "Hos_Allop_Doc_In_Pos_Num": "5", "Hos_Allop_Par_Med_Staf_Tot_Stren_Num": "2", "id": 141231}, "perc": 0.0009635071660845478, "metric": 99.99903499254833, "value_global_local": {}, "partition_field": null, "Vil_Nam": "Makur", "Stat_Nam": "UTTAR PRADESH"}, {"data": [["Hos_Allop_Doc_In_Pos_Num", 8.0], ["Hos_Allop_Par_Med_Staf_Tot_Stren_Num", 3.0], 2.6666666666666665], "data_low": {"Stat_Nam": "West Bengal", "Vil_Nam": "Pandua", "Hos_Allop_Doc_In_Pos_Num": "8", "Hos_Allop_Par_Med_Staf_Tot_Stren_Num": "3", "id": 325972}, "data_high": {"Stat_Nam": "West Bengal", "Vil_Nam": "Pandua", "Hos_Allop_Doc_In_Pos_Num": "8", "Hos_Allop_Par_Med_Staf_Tot_Stren_Num": "3", "id": 325972}, "perc": 0.00016058452768075794, "metric": 99.99983774847495, "value_global_local": {}, "partition_field": null, "Vil_Nam": "Pandua", "Stat_Nam": "West Bengal"}, {"data": [["Hos_Allop_Doc_In_Pos_Num", 3.0], ["Hos_Allop_Par_Med_Staf_Tot_Stren_Num", 1.0], 3.0], "data_low": {"Stat_Nam": "HIMACHAL PRADESH", "Vil_Nam": "Motla  (316)", "Hos_Allop_Doc_In_Pos_Num": "3", "Hos_Allop_Par_Med_Staf_Tot_Stren_Num": "1", "id": 7549}, "data_high": {"Stat_Nam": "UTTAR PRADESH", "Vil_Nam": "Daulatpur Lonhat", "Hos_Allop_Doc_In_Pos_Num": "6", "Hos_Allop_Par_Med_Staf_Tot_Stren_Num": "2", "id": 167931}, "perc": 0.0014452607491268216, "metric": 99.99855273887974, "value_global_local": {}, "partition_field": null, "Vil_Nam": "Motla  (316)", "Stat_Nam": "HIMACHAL PRADESH"}, {"data": [["Hos_Allop_Doc_In_Pos_Num", 4.0], ["Hos_Allop_Par_Med_Staf_Tot_Stren_Num", 1.0], 4.0], "data_low": {"Stat_Nam": "UTTAR PRADESH", "Vil_Nam": "Gaura Purey Badal", "Hos_Allop_Doc_In_Pos_Num": "4", "Hos_Allop_Par_Med_Staf_Tot_Stren_Num": "1", "id": 158990}, "data_high": {"Stat_Nam": "West Bengal", "Vil_Nam": "Banka Sultanpur", "Hos_Allop_Doc_In_Pos_Num": "8", "Hos_Allop_Par_Med_Staf_Tot_Stren_Num": "2", "id": 335401}, "perc": 0.0006423381107230318, "metric": 99.99935466130846, "value_global_local": {}, "partition_field": null, "Vil_Nam": "Gaura Purey Badal", "Stat_Nam": "UTTAR PRADESH"}, {"data": [["Hos_Allop_Doc_In_Pos_Num", 5.0], ["Hos_Allop_Par_Med_Staf_Tot_Stren_Num", 1.0], 5.0], "data_low": {"Stat_Nam": "UTTAR PRADESH", "Vil_Nam": "Sangipur", "Hos_Allop_Doc_In_Pos_Num": "5", "Hos_Allop_Par_Med_Staf_Tot_Stren_Num": "1", "id": 157029}, "data_high": {"Stat_Nam": "UTTAR PRADESH", "Vil_Nam": "Sangipur", "Hos_Allop_Doc_In_Pos_Num": "5", "Hos_Allop_Par_Med_Staf_Tot_Stren_Num": "1", "id": 157029}, "perc": 0.0003211690553615159, "metric": 99.99967483015736, "value_global_local": {}, "partition_field": null, "Vil_Nam": "Sangipur", "Stat_Nam": "UTTAR PRADESH"}, {"data": [["Hos_Allop_Doc_In_Pos_Num", 7.0], ["Hos_Allop_Par_Med_Staf_Tot_Stren_Num", 1.0], 7.0], "data_low": {"Stat_Nam": "UTTAR PRADESH", "Vil_Nam": "Safdarganj", "Hos_Allop_Doc_In_Pos_Num": "7", "Hos_Allop_Par_Med_Staf_Tot_Stren_Num": "1", "id": 163983}, "data_high": {"Stat_Nam": "UTTAR PRADESH", "Vil_Nam": "Safdarganj", "Hos_Allop_Doc_In_Pos_Num": "7", "Hos_Allop_Par_Med_Staf_Tot_Stren_Num": "1", "id": 163983}, "perc": 0.0003211690553615159, "metric": 99.99967282976372, "value_global_local": {}, "partition_field": null, "Vil_Nam": "Safdarganj", "Stat_Nam": "UTTAR PRADESH"}, {"data": [["Hos_Allop_Doc_In_Pos_Num", 10.0], ["Hos_Allop_Par_Med_Staf_Tot_Stren_Num", 1.0], 10.0], "data_low": {"Stat_Nam": "UTTAR PRADESH", "Vil_Nam": "Dadra", "Hos_Allop_Doc_In_Pos_Num": "10", "Hos_Allop_Par_Med_Staf_Tot_Stren_Num": "1", "id": 163980}, "data_high": {"Stat_Nam": "UTTAR PRADESH", "Vil_Nam": "Dadra", "Hos_Allop_Doc_In_Pos_Num": "10", "Hos_Allop_Par_Med_Staf_Tot_Stren_Num": "1", "id": 163980}, "perc": 0.00016058452768075794, "metric": 99.99983041368651, "value_global_local": {}, "partition_field": null, "Vil_Nam": "Dadra", "Stat_Nam": "UTTAR PRADESH"}, {"data": [["Hos_Allop_Doc_In_Pos_Num", 1.0], ["Hos_Allop_Par_Med_Staf_Tot_Stren_Num", 0.0], 9999], "data_low": {"Stat_Nam": "JAMMU & KASHMIR", "Vil_Nam": "Smail Pur", "Hos_Allop_Doc_In_Pos_Num": "1", "Hos_Allop_Par_Med_Staf_Tot_Stren_Num": "0", "id": 6544}, "data_high": {"Stat_Nam": "HIMACHAL PRADESH", "Vil_Nam": "Baddi Sitalpur (204)", "Hos_Allop_Doc_In_Pos_Num": "8", "Hos_Allop_Par_Med_Staf_Tot_Stren_Num": "0", "id": 21106}, "perc": 0.02810229234413264, "metric": 99.9619005179851, "value_global_local": {"Arunachal Pradesh": {"global_perc": 0.0005367686527106817, "local_perc": 0.017142857142857144}, "HIMACHAL PRADESH": {"global_perc": 0.0002899951667472209, "local_perc": 0.03428571428571429}, "JAMMU & KASHMIR": {"global_perc": 0.00015260186174271325, "local_perc": 0.005714285714285714}, "MADHYA PRADESH": {"global_perc": 0.0004371345828096825, "local_perc": 0.13714285714285715}, "UTTAR PRADESH": {"global_perc": 0.0008148051023657445, "local_perc": 0.49714285714285716}, "West Bengal": {"global_perc": 0.0013426823810234224, "local_perc": 0.30857142857142855}}, "partition_field": "Stat_Nam", "Vil_Nam": "Smail Pur", "Stat_Nam": "JAMMU & KASHMIR"}, {"data": [["Hos_Allop_Doc_In_Pos_Num", 0], ["Hos_Allop_Par_Med_Staf_Tot_Stren_Num", 0], 99980001], "data_low": {"Stat_Nam": "JAMMU & KASHMIR", "Vil_Nam": "Bore", "Hos_Allop_Doc_In_Pos_Num": "", "Hos_Allop_Par_Med_Staf_Tot_Stren_Num": "", "id": 0}, "data_high": {"Stat_Nam": "JAMMU & KASHMIR", "Vil_Nam": "Palmar", "Hos_Allop_Doc_In_Pos_Num": "HAll_pos", "Hos_Allop_Par_Med_Staf_Tot_Stren_Num": "HAll_pst", "id": 4582}, "perc": 99.22935485166005, "metric": 9.9249203699908e-07, "value_global_local": {"null": {"global_perc": 0.9922935485166005, "local_perc": 1.0}}, "partition_field": "Dist_Other", "Vil_Nam": "Bore", "Stat_Nam": "JAMMU & KASHMIR"}]