[{"data": [["Priv_Sec_School_Num", 0.0], ["Priv_Sen_Sec_School_Num", 1.0], 0.0], "data_low": {"Stat_Nam": "UTTAR PRADESH", "Vil_Nam": "Behru", "Priv_Sec_School_Num": "", "Priv_Sen_Sec_School_Num": "1", "id": 142636}, "data_high": {"Stat_Nam": "JAMMU & KASHMIR", "Vil_Nam": "Palam", "Priv_Sec_School_Num": "0", "Priv_Sen_Sec_School_Num": "1", "id": 1355}, "perc": 0.3950379380946646, "metric": 99.6049630581542, "value_global_local": {"ANDHRA PRADESH": {"global_perc": 0.0057553956834532375, "local_perc": 0.06504065040650407}, "ASSAM": {"global_perc": 0.003674938435309718, "local_perc": 0.03943089430894309}, "Arunachal Pradesh": {"global_perc": 0.0001789228842368939, "local_perc": 0.0004065040650406504}, "BIHAR": {"global_perc": 0.005214600882470918, "local_perc": 0.0951219512195122}, "CHHATTISGARH": {"global_perc": 0.0019874788830368676, "local_perc": 0.016260162601626018}, "GOA": {"global_perc": 0.008982035928143712, "local_perc": 0.0012195121951219512}, "HARYANA": {"global_perc": 0.00321590410758661, "local_perc": 0.00894308943089431}, "HIMACHAL PRADESH": {"global_perc": 0.0028999516674722086, "local_perc": 0.024390243902439025}, "JAMMU & KASHMIR": {"global_perc": 0.003052037234854265, "local_perc": 0.008130081300813009}, "JHARKHAND": {"global_perc": 0.0057726739519664136, "local_perc": 0.07601626016260163}, "KARNATAKA": {"global_perc": 0.00954328561690525, "local_perc": 0.11382113821138211}, "KERALA": {"global_perc": 0.01669941060903733, "local_perc": 0.006910569105691057}, "MADHYA PRADESH": {"global_perc": 0.002039961386445185, "local_perc": 0.04552845528455285}, "MANIPUR": {"global_perc": 0.0019372336303758234, "local_perc": 0.0020325203252032522}, "MIZORAM": {"global_perc": 0.01325301204819277, "local_perc": 0.004471544715447155}, "Maharashtra": {"global_perc": 0.006962097789991985, "local_perc": 0.12357723577235773}, "Meghalaya": {"global_perc": 0.00029244041526538966, "local_perc": 0.0008130081300813008}, "NAGALAND": {"global_perc": 0.0007002801120448179, "local_perc": 0.0004065040650406504}, "NCT OF DELHI": {"global_perc": 0.008928571428571428, "local_perc": 0.0004065040650406504}, "ODISHA": {"global_perc": 0.0067624188802057955, "local_perc": 0.1410569105691057}, "Punjab": {"global_perc": 0.004133216755424847, "local_perc": 0.02113821138211382}, "TRIPURA": {"global_perc": 0.001142857142857143, "local_perc": 0.0004065040650406504}, "Tamil Nadu": {"global_perc": 0.0014393891983227986, "local_perc": 0.00934959349593496}, "UTTAR PRADESH": {"global_perc": 0.003174930226459625, "local_perc": 0.1378048780487805}, "UTTARAKHAND": {"global_perc": 0.004168403501458941, "local_perc": 0.028455284552845527}, "West Bengal": {"global_perc": 0.0017653786861604257, "local_perc": 0.02886178861788618}}, "partition_field": "Stat_Nam", "Vil_Nam": "Palam", "Stat_Nam": "JAMMU & KASHMIR"}, {"data": [["Priv_Sec_School_Num", 1.0], ["Priv_Sen_Sec_School_Num", 5.0], 0.2], "data_low": {"Stat_Nam": "UTTAR PRADESH", "Vil_Nam": "Banthra Sikander Pur", "Priv_Sec_School_Num": "1", "Priv_Sen_Sec_School_Num": "5", "id": 142734}, "data_high": {"Stat_Nam": "UTTAR PRADESH", "Vil_Nam": "Banthra Sikander Pur", "Priv_Sec_School_Num": "1", "Priv_Sen_Sec_School_Num": "5", "id": 142734}, "perc": 0.0014452607491268216, "metric": 99.99855553939933, "value_global_local": {}, "partition_field": null, "Vil_Nam": "Banthra Sikander Pur", "Stat_Nam": "UTTAR PRADESH"}, {"data": [["Priv_Sec_School_Num", 1.0], ["Priv_Sen_Sec_School_Num", 3.0], 0.3333333333333333], "data_low": {"Stat_Nam": "Punjab", "Vil_Nam": "Kaunke (136)", "Priv_Sec_School_Num": "1", "Priv_Sen_Sec_School_Num": "3", "id": 33696}, "data_high": {"Stat_Nam": "UTTAR PRADESH", "Vil_Nam": "Naini Taluka Naini Dadari", "Priv_Sec_School_Num": "2", "Priv_Sen_Sec_School_Num": "5", "id": 161375}, "perc": 0.003854028664338191, "metric": 99.99614663810998, "value_global_local": {"ANDHRA PRADESH": {"global_perc": 3.597122302158273e-05, "local_perc": 0.041666666666666664}, "BIHAR": {"global_perc": 2.2284619155858625e-05, "local_perc": 0.041666666666666664}, "Maharashtra": {"global_perc": 0.00011450818733539448, "local_perc": 0.20833333333333334}, "Punjab": {"global_perc": 7.948493760432397e-05, "local_perc": 0.041666666666666664}, "Tamil Nadu": {"global_perc": 0.00012516427811502597, "local_perc": 0.08333333333333333}, "UTTAR PRADESH": {"global_perc": 0.0001217524865603986, "local_perc": 0.5416666666666666}, "UTTARAKHAND": {"global_perc": 5.954862144941345e-05, "local_perc": 0.041666666666666664}}, "partition_field": "Stat_Nam", "Vil_Nam": "Kaunke (136)", "Stat_Nam": "Punjab"}, {"data": [["Priv_Sec_School_Num", 1.0], ["Priv_Sen_Sec_School_Num", 2.0], 0.5], "data_low": {"Stat_Nam": "JAMMU & KASHMIR", "Vil_Nam": "Pattan", "Priv_Sec_School_Num": "1", "Priv_Sen_Sec_School_Num": "2", "id": 2322}, "data_high": {"Stat_Nam": "HARYANA", "Vil_Nam": "Bhuna(63)", "Priv_Sec_School_Num": "3", "Priv_Sen_Sec_School_Num": "5", "id": 60042}, "perc": 0.033562166285278416, "metric": 99.96643833364688, "value_global_local": {"ANDHRA PRADESH": {"global_perc": 0.0005755395683453237, "local_perc": 0.07655502392344497}, "ASSAM": {"global_perc": 7.577192650123129e-05, "local_perc": 0.009569377990430622}, "BIHAR": {"global_perc": 0.000178276953246869, "local_perc": 0.03827751196172249}, "CHHATTISGARH": {"global_perc": 9.937394415184339e-05, "local_perc": 0.009569377990430622}, "HARYANA": {"global_perc": 0.00058470983774302, "local_perc": 0.019138755980861243}, "HIMACHAL PRADESH": {"global_perc": 0.00019333011116481392, "local_perc": 0.019138755980861243}, "JAMMU & KASHMIR": {"global_perc": 0.0003052037234854265, "local_perc": 0.009569377990430622}, "JHARKHAND": {"global_perc": 9.260974254491573e-05, "local_perc": 0.014354066985645933}, "KARNATAKA": {"global_perc": 0.0007498295841854124, "local_perc": 0.10526315789473684}, "KERALA": {"global_perc": 0.005893909626719057, "local_perc": 0.028708133971291867}, "MADHYA PRADESH": {"global_perc": 0.00014571152760322752, "local_perc": 0.03827751196172249}, "MANIPUR": {"global_perc": 0.0003874467260751647, "local_perc": 0.004784688995215311}, "Maharashtra": {"global_perc": 0.0005725409366769724, "local_perc": 0.11961722488038277}, "ODISHA": {"global_perc": 7.795295539142128e-05, "local_perc": 0.019138755980861243}, "Punjab": {"global_perc": 0.00047690962562594387, "local_perc": 0.028708133971291867}, "Tamil Nadu": {"global_perc": 0.00025032855623005195, "local_perc": 0.019138755980861243}, "UTTAR PRADESH": {"global_perc": 0.0007960739505872216, "local_perc": 0.40669856459330145}, "UTTARAKHAND": {"global_perc": 0.0003572917286964807, "local_perc": 0.028708133971291867}, "West Bengal": {"global_perc": 2.4864488537470783e-05, "local_perc": 0.004784688995215311}}, "partition_field": "Stat_Nam", "Vil_Nam": "Pattan", "Stat_Nam": "JAMMU & KASHMIR"}, {"data": [["Priv_Sec_School_Num", 2.0], ["Priv_Sen_Sec_School_Num", 3.0], 0.6666666666666666], "data_low": {"Stat_Nam": "HIMACHAL PRADESH", "Vil_Nam": "Kasba  (871)", "Priv_Sec_School_Num": "2", "Priv_Sen_Sec_School_Num": "3", "id": 11922}, "data_high": {"Stat_Nam": "Tamil Nadu", "Vil_Nam": "Palayakannivadi", "Priv_Sec_School_Num": "4", "Priv_Sen_Sec_School_Num": "6", "id": 612740}, "perc": 0.002569352442892127, "metric": 99.99743098094854, "value_global_local": {}, "partition_field": null, "Vil_Nam": "Kasba  (871)", "Stat_Nam": "HIMACHAL PRADESH"}, {"data": [["Priv_Sec_School_Num", 4.0], ["Priv_Sen_Sec_School_Num", 5.0], 0.8], "data_low": {"Stat_Nam": "BIHAR", "Vil_Nam": "Rohua Rajaram", "Priv_Sec_School_Num": "4", "Priv_Sen_Sec_School_Num": "5", "id": 228396}, "data_high": {"Stat_Nam": "ANDHRA PRADESH", "Vil_Nam": "Vinjamur", "Priv_Sec_School_Num": "6", "Priv_Sen_Sec_School_Num": "7", "id": 570110}, "perc": 0.0004817535830422739, "metric": 99.999518446456, "value_global_local": {}, "partition_field": null, "Vil_Nam": "Rohua Rajaram", "Stat_Nam": "BIHAR"}, {"data": [["Priv_Sec_School_Num", 1.0], ["Priv_Sen_Sec_School_Num", 1.0], 1.0], "data_low": {"Stat_Nam": "JAMMU & KASHMIR", "Vil_Nam": "Kot", "Priv_Sec_School_Num": "1", "Priv_Sen_Sec_School_Num": "1", "id": 1275}, "data_high": {"Stat_Nam": "RAJASTHAN", "Vil_Nam": "Thanagazi", "Priv_Sec_School_Num": "8", "Priv_Sen_Sec_School_Num": "8", "id": 72565}, "perc": 1.7709261712633988, "metric": 98.2290738287366, "value_global_local": {"ANDHRA PRADESH": {"global_perc": 0.0066906474820143886, "local_perc": 0.016866158868335146}, "ASSAM": {"global_perc": 0.003561280545557871, "local_perc": 0.008523757707653247}, "Arunachal Pradesh": {"global_perc": 0.0008946144211844695, "local_perc": 0.00045339136742836414}, "BIHAR": {"global_perc": 0.005504300931497081, "local_perc": 0.02239753355096119}, "CHHATTISGARH": {"global_perc": 0.014260160985789526, "local_perc": 0.026024664490388105}, "DAMAN & DIU": {"global_perc": 0.05263157894736842, "local_perc": 9.067827348567283e-05}, "GOA": {"global_perc": 0.02694610778443114, "local_perc": 0.0008161044613710555}, "HARYANA": {"global_perc": 0.10831749744189446, "local_perc": 0.06719260065288357}, "HIMACHAL PRADESH": {"global_perc": 0.00874818753020783, "local_perc": 0.016412767500906783}, "JAMMU & KASHMIR": {"global_perc": 0.008698306119334656, "local_perc": 0.005168661588683352}, "JHARKHAND": {"global_perc": 0.003056121503982219, "local_perc": 0.008977149075081611}, "KARNATAKA": {"global_perc": 0.008759372869802318, "local_perc": 0.023304316285817916}, "KERALA": {"global_perc": 0.2082514734774067, "local_perc": 0.01922379397896264}, "MADHYA PRADESH": {"global_perc": 0.006429521155492414, "local_perc": 0.03200943054044251}, "MANIPUR": {"global_perc": 0.012785741960480435, "local_perc": 0.0029923830250272033}, "MIZORAM": {"global_perc": 0.007228915662650603, "local_perc": 0.000544069640914037}, "Maharashtra": {"global_perc": 0.008885835337226611, "local_perc": 0.035183170112441056}, "Meghalaya": {"global_perc": 0.0068723497587366575, "local_perc": 0.004261878853826623}, "NAGALAND": {"global_perc": 0.007703081232492998, "local_perc": 0.0009974610083424013}, "NCT OF DELHI": {"global_perc": 0.08035714285714286, "local_perc": 0.0008161044613710555}, "ODISHA": {"global_perc": 0.0027478416775476, "local_perc": 0.012785636561479869}, "PUDUCHERRY": {"global_perc": 0.03333333333333333, "local_perc": 0.0002720348204570185}, "Punjab": {"global_perc": 0.03552976710913282, "local_perc": 0.04053318824809576}, "RAJASTHAN": {"global_perc": 0.050814828080229225, "local_perc": 0.20583968081247733}, "SIKKIM": {"global_perc": 0.0066518847006651885, "local_perc": 0.0002720348204570185}, "TRIPURA": {"global_perc": 0.0034285714285714284, "local_perc": 0.0002720348204570185}, "Tamil Nadu": {"global_perc": 0.031040740972526442, "local_perc": 0.044976423648893725}, "UTTAR PRADESH": {"global_perc": 0.039260494127783915, "local_perc": 0.3801233224519405}, "UTTARAKHAND": {"global_perc": 0.00917048770320967, "local_perc": 0.013964454116793616}, "West Bengal": {"global_perc": 0.002386990899597195, "local_perc": 0.008705114254624592}}, "partition_field": "Stat_Nam", "Vil_Nam": "Kot", "Stat_Nam": "JAMMU & KASHMIR"}, {"data": [["Priv_Sec_School_Num", 7.0], ["Priv_Sen_Sec_School_Num", 6.0], 1.1666666666666667], "data_low": {"Stat_Nam": "RAJASTHAN", "Vil_Nam": "Kanoota", "Priv_Sec_School_Num": "5", "Priv_Sen_Sec_School_Num": "4", "id": 70234}, "data_high": {"Stat_Nam": "RAJASTHAN", "Vil_Nam": "Siwana", "Priv_Sec_School_Num": "7", "Priv_Sen_Sec_School_Num": "6", "id": 86956}, "perc": 0.0024087679152113694, "metric": 99.99759106538879, "value_global_local": {}, "partition_field": null, "Vil_Nam": "Siwana", "Stat_Nam": "RAJASTHAN"}, {"data": [["Priv_Sec_School_Num", 4.0], ["Priv_Sen_Sec_School_Num", 3.0], 1.3333333333333333], "data_low": {"Stat_Nam": "ANDHRA PRADESH", "Vil_Nam": "Balighattam", "Priv_Sec_School_Num": "10", "Priv_Sen_Sec_School_Num": "7", "id": 564211}, "data_high": {"Stat_Nam": "RAJASTHAN", "Vil_Nam": "Itawa", "Priv_Sec_School_Num": "8", "Priv_Sen_Sec_School_Num": "6", "id": 101153}, "perc": 0.004817535830422739, "metric": 99.99518213078562, "value_global_local": {"ANDHRA PRADESH": {"global_perc": 0.00017985611510791367, "local_perc": 0.16666666666666666}, "HARYANA": {"global_perc": 0.000146177459435755, "local_perc": 0.03333333333333333}, "KERALA": {"global_perc": 0.003929273084479371, "local_perc": 0.13333333333333333}, "MADHYA PRADESH": {"global_perc": 1.821394095040344e-05, "local_perc": 0.03333333333333333}, "Maharashtra": {"global_perc": 2.2901637467078896e-05, "local_perc": 0.03333333333333333}, "Punjab": {"global_perc": 0.00015896987520864795, "local_perc": 0.06666666666666667}, "RAJASTHAN": {"global_perc": 0.00024623925501432664, "local_perc": 0.36666666666666664}, "Tamil Nadu": {"global_perc": 6.258213905751299e-05, "local_perc": 0.03333333333333333}, "UTTAR PRADESH": {"global_perc": 3.7462303557045726e-05, "local_perc": 0.13333333333333333}}, "partition_field": "Stat_Nam", "Vil_Nam": "Badhni Kalan (101)", "Stat_Nam": "Punjab"}, {"data": [["Priv_Sec_School_Num", 3.0], ["Priv_Sen_Sec_School_Num", 2.0], 1.5], "data_low": {"Stat_Nam": "UTTAR PRADESH", "Vil_Nam": "Shitalmau", "Priv_Sec_School_Num": "15", "Priv_Sen_Sec_School_Num": "10", "id": 157014}, "data_high": {"Stat_Nam": "ANDHRA PRADESH", "Vil_Nam": "Atmakur", "Priv_Sec_School_Num": "9", "Priv_Sen_Sec_School_Num": "6", "id": 570173}, "perc": 0.026175278011963548, "metric": 99.97382422201892, "value_global_local": {"ANDHRA PRADESH": {"global_perc": 0.0003956834532374101, "local_perc": 0.06748466257668712}, "ASSAM": {"global_perc": 3.7885963250615644e-05, "local_perc": 0.006134969325153374}, "BIHAR": {"global_perc": 2.2284619155858625e-05, "local_perc": 0.006134969325153374}, "HARYANA": {"global_perc": 0.002192661891536325, "local_perc": 0.09202453987730061}, "HIMACHAL PRADESH": {"global_perc": 4.833252779120348e-05, "local_perc": 0.006134969325153374}, "JAMMU & KASHMIR": {"global_perc": 0.00015260186174271325, "local_perc": 0.006134969325153374}, "JHARKHAND": {"global_perc": 3.086991418163858e-05, "local_perc": 0.006134969325153374}, "KARNATAKA": {"global_perc": 0.00017041581458759374, "local_perc": 0.03067484662576687}, "KERALA": {"global_perc": 0.01768172888015717, "local_perc": 0.11042944785276074}, "MADHYA PRADESH": {"global_perc": 9.106970475201719e-05, "local_perc": 0.03067484662576687}, "Maharashtra": {"global_perc": 0.00011450818733539448, "local_perc": 0.03067484662576687}, "Punjab": {"global_perc": 0.0003974246880216199, "local_perc": 0.03067484662576687}, "RAJASTHAN": {"global_perc": 0.0007163323782234957, "local_perc": 0.19631901840490798}, "Tamil Nadu": {"global_perc": 0.0005006571124601039, "local_perc": 0.049079754601226995}, "UTTAR PRADESH": {"global_perc": 0.0004870099462415944, "local_perc": 0.31901840490797545}, "UTTARAKHAND": {"global_perc": 5.954862144941345e-05, "local_perc": 0.006134969325153374}, "West Bengal": {"global_perc": 2.4864488537470783e-05, "local_perc": 0.006134969325153374}}, "partition_field": "Stat_Nam", "Vil_Nam": "Raj Pura", "Stat_Nam": "JAMMU & KASHMIR"}, {"data": [["Priv_Sec_School_Num", 5.0], ["Priv_Sen_Sec_School_Num", 3.0], 1.6666666666666667], "data_low": {"Stat_Nam": "RAJASTHAN", "Vil_Nam": "Lunkaransar", "Priv_Sec_School_Num": "5", "Priv_Sen_Sec_School_Num": "3", "id": 68767}, "data_high": {"Stat_Nam": "ANDHRA PRADESH", "Vil_Nam": "Chintalapudi", "Priv_Sec_School_Num": "7", "Priv_Sen_Sec_School_Num": "4", "id": 566338}, "perc": 0.0022481833875306113, "metric": 99.99775114982742, "value_global_local": {}, "partition_field": null, "Vil_Nam": "Lunkaransar", "Stat_Nam": "RAJASTHAN"}, {"data": [["Priv_Sec_School_Num", 2.0], ["Priv_Sen_Sec_School_Num", 1.0], 2.0], "data_low": {"Stat_Nam": "ANDHRA PRADESH", "Vil_Nam": "Nandigama", "Priv_Sec_School_Num": "12", "Priv_Sen_Sec_School_Num": "6", "id": 567266}, "data_high": {"Stat_Nam": "ANDHRA PRADESH", "Vil_Nam": "Gummadavalle", "Priv_Sec_School_Num": "8", "Priv_Sen_Sec_School_Num": "4", "id": 553317}, "perc": 0.14918302621542415, "metric": 99.85081597507667, "value_global_local": {"ANDHRA PRADESH": {"global_perc": 0.003093525179856115, "local_perc": 0.09257265877287406}, "ASSAM": {"global_perc": 0.00037885963250615644, "local_perc": 0.010764262648008612}, "BIHAR": {"global_perc": 0.0003119846681820208, "local_perc": 0.015069967707212056}, "CHHATTISGARH": {"global_perc": 0.0007949915532147471, "local_perc": 0.017222820236813777}, "GOA": {"global_perc": 0.005988023952095809, "local_perc": 0.002152852529601722}, "HARYANA": {"global_perc": 0.008624470106709546, "local_perc": 0.06350914962325081}, "HIMACHAL PRADESH": {"global_perc": 0.00033832769453842436, "local_perc": 0.007534983853606028}, "JAMMU & KASHMIR": {"global_perc": 0.0009156111704562796, "local_perc": 0.006458557588805167}, "JHARKHAND": {"global_perc": 0.00021608939927147004, "local_perc": 0.007534983853606028}, "KARNATAKA": {"global_perc": 0.0016700749829584186, "local_perc": 0.0527448869752422}, "KERALA": {"global_perc": 0.05697445972495088, "local_perc": 0.062432723358449946}, "MADHYA PRADESH": {"global_perc": 0.0008014134018177513, "local_perc": 0.04736275565123789}, "MANIPUR": {"global_perc": 0.0027121270825261525, "local_perc": 0.007534983853606028}, "Maharashtra": {"global_perc": 0.000893163861216077, "local_perc": 0.04198062432723358}, "Meghalaya": {"global_perc": 0.0016084222839596433, "local_perc": 0.011840688912809472}, "NAGALAND": {"global_perc": 0.0014005602240896359, "local_perc": 0.002152852529601722}, "NCT OF DELHI": {"global_perc": 0.008928571428571428, "local_perc": 0.001076426264800861}, "ODISHA": {"global_perc": 0.00011692943308713192, "local_perc": 0.006458557588805167}, "PUDUCHERRY": {"global_perc": 0.05555555555555555, "local_perc": 0.005382131324004306}, "Punjab": {"global_perc": 0.0023050631905253954, "local_perc": 0.031216361679224973}, "RAJASTHAN": {"global_perc": 0.0045666189111747855, "local_perc": 0.21959095801937567}, "TRIPURA": {"global_perc": 0.001142857142857143, "local_perc": 0.001076426264800861}, "Tamil Nadu": {"global_perc": 0.0033794355091057013, "local_perc": 0.0581270182992465}, "UTTAR PRADESH": {"global_perc": 0.0018824807537415477, "local_perc": 0.2163616792249731}, "UTTARAKHAND": {"global_perc": 0.00041684035014589413, "local_perc": 0.007534983853606028}, "West Bengal": {"global_perc": 9.945795414988313e-05, "local_perc": 0.004305705059203444}}, "partition_field": "Stat_Nam", "Vil_Nam": "Saj", "Stat_Nam": "JAMMU & KASHMIR"}, {"data": [["Priv_Sec_School_Num", 11.0], ["Priv_Sen_Sec_School_Num", 5.0], 2.2], "data_low": {"Stat_Nam": "ANDHRA PRADESH", "Vil_Nam": "Parkal", "Priv_Sec_School_Num": "11", "Priv_Sen_Sec_School_Num": "5", "id": 556234}, "data_high": {"Stat_Nam": "ANDHRA PRADESH", "Vil_Nam": "S.Mydukur", "Priv_Sec_School_Num": "9", "Priv_Sen_Sec_School_Num": "4", "id": 571268}, "perc": 0.0003211690553615159, "metric": 99.99967763070845, "value_global_local": {}, "partition_field": null, "Vil_Nam": "Parkal", "Stat_Nam": "ANDHRA PRADESH"}, {"data": [["Priv_Sec_School_Num", 7.0], ["Priv_Sen_Sec_School_Num", 3.0], 2.3333333333333335], "data_low": {"Stat_Nam": "RAJASTHAN", "Vil_Nam": "Sultana", "Priv_Sec_School_Num": "7", "Priv_Sen_Sec_School_Num": "3", "id": 70781}, "data_high": {"Stat_Nam": "RAJASTHAN", "Vil_Nam": "Sultana", "Priv_Sec_School_Num": "7", "Priv_Sen_Sec_School_Num": "3", "id": 70781}, "perc": 0.0011240916937653056, "metric": 99.9988745747212, "value_global_local": {}, "partition_field": null, "Vil_Nam": "Sultana", "Stat_Nam": "RAJASTHAN"}, {"data": [["Priv_Sec_School_Num", 5.0], ["Priv_Sen_Sec_School_Num", 2.0], 2.5], "data_low": {"Stat_Nam": "ANDHRA PRADESH", "Vil_Nam": "Mulug", "Priv_Sec_School_Num": "10", "Priv_Sen_Sec_School_Num": "4", "id": 556503}, "data_high": {"Stat_Nam": "Punjab", "Vil_Nam": "Boha (137)", "Priv_Sec_School_Num": "5", "Priv_Sen_Sec_School_Num": "2", "id": 35815}, "perc": 0.0049781203581034964, "metric": 99.99502037941654, "value_global_local": {"ANDHRA PRADESH": {"global_perc": 0.0003956834532374101, "local_perc": 0.3548387096774194}, "HARYANA": {"global_perc": 0.000730887297178775, "local_perc": 0.16129032258064516}, "KARNATAKA": {"global_perc": 3.408316291751875e-05, "local_perc": 0.03225806451612903}, "KERALA": {"global_perc": 0.0009823182711198428, "local_perc": 0.03225806451612903}, "Maharashtra": {"global_perc": 4.580327493415779e-05, "local_perc": 0.06451612903225806}, "Punjab": {"global_perc": 7.948493760432397e-05, "local_perc": 0.03225806451612903}, "RAJASTHAN": {"global_perc": 0.00022385386819484242, "local_perc": 0.3225806451612903}}, "partition_field": "Stat_Nam", "Vil_Nam": "Boha (137)", "Stat_Nam": "Punjab"}, {"data": [["Priv_Sec_School_Num", 8.0], ["Priv_Sen_Sec_School_Num", 3.0], 2.6666666666666665], "data_low": {"Stat_Nam": "RAJASTHAN", "Vil_Nam": "Buhana", "Priv_Sec_School_Num": "8", "Priv_Sen_Sec_School_Num": "3", "id": 70845}, "data_high": {"Stat_Nam": "RAJASTHAN", "Vil_Nam": "Buhana", "Priv_Sec_School_Num": "8", "Priv_Sen_Sec_School_Num": "3", "id": 70845}, "perc": 0.0009635071660845478, "metric": 99.9990348258499, "value_global_local": {}, "partition_field": null, "Vil_Nam": "Buhana", "Stat_Nam": "RAJASTHAN"}, {"data": [["Priv_Sec_School_Num", 3.0], ["Priv_Sen_Sec_School_Num", 1.0], 3.0], "data_low": {"Stat_Nam": "ANDHRA PRADESH", "Vil_Nam": "Darsi", "Priv_Sec_School_Num": "12", "Priv_Sen_Sec_School_Num": "4", "id": 569174}, "data_high": {"Stat_Nam": "HARYANA", "Vil_Nam": "Bahora Kalan(134)", "Priv_Sec_School_Num": "9", "Priv_Sen_Sec_School_Num": "3", "id": 62446}, "perc": 0.03821911758802039, "metric": 99.96177888277647, "value_global_local": {"ANDHRA PRADESH": {"global_perc": 0.0015467625899280575, "local_perc": 0.18067226890756302}, "ASSAM": {"global_perc": 3.7885963250615644e-05, "local_perc": 0.004201680672268907}, "BIHAR": {"global_perc": 2.2284619155858625e-05, "local_perc": 0.004201680672268907}, "CHHATTISGARH": {"global_perc": 9.937394415184339e-05, "local_perc": 0.008403361344537815}, "GOA": {"global_perc": 0.011976047904191617, "local_perc": 0.01680672268907563}, "HARYANA": {"global_perc": 0.00204648443210057, "local_perc": 0.058823529411764705}, "JAMMU & KASHMIR": {"global_perc": 0.00015260186174271325, "local_perc": 0.004201680672268907}, "JHARKHAND": {"global_perc": 3.086991418163858e-05, "local_perc": 0.004201680672268907}, "KARNATAKA": {"global_perc": 0.0003749147920927062, "local_perc": 0.046218487394957986}, "KERALA": {"global_perc": 0.012770137524557957, "local_perc": 0.0546218487394958}, "MADHYA PRADESH": {"global_perc": 0.00018213940950403439, "local_perc": 0.04201680672268908}, "MANIPUR": {"global_perc": 0.0003874467260751647, "local_perc": 0.004201680672268907}, "Maharashtra": {"global_perc": 0.00016031146226955229, "local_perc": 0.029411764705882353}, "Meghalaya": {"global_perc": 0.00014622020763269483, "local_perc": 0.004201680672268907}, "NAGALAND": {"global_perc": 0.0007002801120448179, "local_perc": 0.004201680672268907}, "PUDUCHERRY": {"global_perc": 0.03333333333333333, "local_perc": 0.012605042016806723}, "Punjab": {"global_perc": 0.0007948493760432398, "local_perc": 0.04201680672268908}, "RAJASTHAN": {"global_perc": 0.0016565186246418338, "local_perc": 0.31092436974789917}, "Tamil Nadu": {"global_perc": 0.0004380749734025909, "local_perc": 0.029411764705882353}, "UTTAR PRADESH": {"global_perc": 0.0002996984284563658, "local_perc": 0.13445378151260504}, "West Bengal": {"global_perc": 2.4864488537470783e-05, "local_perc": 0.004201680672268907}}, "partition_field": "Stat_Nam", "Vil_Nam": "Rakh Dhok (Jourian)", "Stat_Nam": "JAMMU & KASHMIR"}, {"data": [["Priv_Sec_School_Num", 7.0], ["Priv_Sen_Sec_School_Num", 2.0], 3.5], "data_low": {"Stat_Nam": "ANDHRA PRADESH", "Vil_Nam": "Kodur (East)", "Priv_Sec_School_Num": "14", "Priv_Sen_Sec_School_Num": "4", "id": 572044}, "data_high": {"Stat_Nam": "RAJASTHAN", "Vil_Nam": "Bardod", "Priv_Sec_School_Num": "7", "Priv_Sen_Sec_School_Num": "2", "id": 71379}, "perc": 0.0009635071660845478, "metric": 99.99903399235792, "value_global_local": {}, "partition_field": null, "Vil_Nam": "Bardod", "Stat_Nam": "RAJASTHAN"}, {"data": [["Priv_Sec_School_Num", 4.0], ["Priv_Sen_Sec_School_Num", 1.0], 4.0], "data_low": {"Stat_Nam": "UTTAR PRADESH", "Vil_Nam": "Khandasa", "Priv_Sec_School_Num": "12", "Priv_Sen_Sec_School_Num": "3", "id": 165122}, "data_high": {"Stat_Nam": "UTTAR PRADESH", "Vil_Nam": "Pratappur Chmurkha", "Priv_Sec_School_Num": "8", "Priv_Sen_Sec_School_Num": "2", "id": 167266}, "perc": 0.012365008631418364, "metric": 99.98763199113951, "value_global_local": {"ANDHRA PRADESH": {"global_perc": 0.0011870503597122303, "local_perc": 0.42857142857142855}, "HARYANA": {"global_perc": 0.000438532378307265, "local_perc": 0.03896103896103896}, "JHARKHAND": {"global_perc": 3.086991418163858e-05, "local_perc": 0.012987012987012988}, "KARNATAKA": {"global_perc": 3.408316291751875e-05, "local_perc": 0.012987012987012988}, "KERALA": {"global_perc": 0.007858546168958742, "local_perc": 0.1038961038961039}, "MANIPUR": {"global_perc": 0.0007748934521503294, "local_perc": 0.025974025974025976}, "Maharashtra": {"global_perc": 2.2901637467078896e-05, "local_perc": 0.012987012987012988}, "PUDUCHERRY": {"global_perc": 0.011111111111111112, "local_perc": 0.012987012987012988}, "RAJASTHAN": {"global_perc": 0.0003133954154727794, "local_perc": 0.18181818181818182}, "UTTAR PRADESH": {"global_perc": 0.00011238691067113716, "local_perc": 0.15584415584415584}, "West Bengal": {"global_perc": 2.4864488537470783e-05, "local_perc": 0.012987012987012988}}, "partition_field": "Stat_Nam", "Vil_Nam": "Morthal Khas(91)", "Stat_Nam": "HARYANA"}, {"data": [["Priv_Sec_School_Num", 9.0], ["Priv_Sen_Sec_School_Num", 2.0], 4.5], "data_low": {"Stat_Nam": "ANDHRA PRADESH", "Vil_Nam": "Thirumalgiri", "Priv_Sec_School_Num": "9", "Priv_Sen_Sec_School_Num": "2", "id": 555057}, "data_high": {"Stat_Nam": "ANDHRA PRADESH", "Vil_Nam": "Thirumalgiri", "Priv_Sec_School_Num": "9", "Priv_Sen_Sec_School_Num": "2", "id": 555057}, "perc": 0.00016058452768075794, "metric": 99.99983591477783, "value_global_local": {}, "partition_field": null, "Vil_Nam": "Thirumalgiri", "Stat_Nam": "ANDHRA PRADESH"}, {"data": [["Priv_Sec_School_Num", 5.0], ["Priv_Sen_Sec_School_Num", 1.0], 5.0], "data_low": {"Stat_Nam": "ANDHRA PRADESH", "Vil_Nam": "Devarkadra", "Priv_Sec_School_Num": "10", "Priv_Sen_Sec_School_Num": "2", "id": 554022}, "data_high": {"Stat_Nam": "HARYANA", "Vil_Nam": "Jamalpur (40)", "Priv_Sec_School_Num": "5", "Priv_Sen_Sec_School_Num": "1", "id": 60737}, "perc": 0.004335782247380465, "metric": 99.99566021712596, "value_global_local": {"ANDHRA PRADESH": {"global_perc": 0.0003237410071942446, "local_perc": 0.3333333333333333}, "BIHAR": {"global_perc": 2.2284619155858625e-05, "local_perc": 0.037037037037037035}, "HARYANA": {"global_perc": 0.000146177459435755, "local_perc": 0.037037037037037035}, "KERALA": {"global_perc": 0.0029469548133595285, "local_perc": 0.1111111111111111}, "MADHYA PRADESH": {"global_perc": 5.464182285121031e-05, "local_perc": 0.1111111111111111}, "Maharashtra": {"global_perc": 4.580327493415779e-05, "local_perc": 0.07407407407407407}, "RAJASTHAN": {"global_perc": 0.00011192693409742121, "local_perc": 0.18518518518518517}, "UTTAR PRADESH": {"global_perc": 2.809672766778429e-05, "local_perc": 0.1111111111111111}}, "partition_field": "Stat_Nam", "Vil_Nam": "Jamalpur (40)", "Stat_Nam": "HARYANA"}, {"data": [["Priv_Sec_School_Num", 6.0], ["Priv_Sen_Sec_School_Num", 1.0], 6.0], "data_low": {"Stat_Nam": "ANDHRA PRADESH", "Vil_Nam": "Gandhari", "Priv_Sec_School_Num": "6", "Priv_Sen_Sec_School_Num": "1", "id": 549981}, "data_high": {"Stat_Nam": "ANDHRA PRADESH", "Vil_Nam": "Gandhari", "Priv_Sec_School_Num": "6", "Priv_Sen_Sec_School_Num": "1", "id": 549981}, "perc": 0.0008029226384037898, "metric": 99.99919207640161, "value_global_local": {}, "partition_field": null, "Vil_Nam": "Gandhari", "Stat_Nam": "ANDHRA PRADESH"}, {"data": [["Priv_Sec_School_Num", 13.0], ["Priv_Sen_Sec_School_Num", 2.0], 6.5], "data_low": {"Stat_Nam": "KARNATAKA", "Vil_Nam": "Athani (Rural) (Part)", "Priv_Sec_School_Num": "13", "Priv_Sen_Sec_School_Num": "2", "id": 575574}, "data_high": {"Stat_Nam": "KARNATAKA", "Vil_Nam": "Athani (Rural) (Part)", "Priv_Sec_School_Num": "13", "Priv_Sen_Sec_School_Num": "2", "id": 575574}, "perc": 0.00016058452768075794, "metric": 99.99983391438099, "value_global_local": {}, "partition_field": null, "Vil_Nam": "Athani (Rural) (Part)", "Stat_Nam": "KARNATAKA"}, {"data": [["Priv_Sec_School_Num", 7.0], ["Priv_Sen_Sec_School_Num", 1.0], 7.0], "data_low": {"Stat_Nam": "Punjab", "Vil_Nam": "Ghuman (61)", "Priv_Sec_School_Num": "7", "Priv_Sen_Sec_School_Num": "1", "id": 28419}, "data_high": {"Stat_Nam": "Punjab", "Vil_Nam": "Ghuman (61)", "Priv_Sec_School_Num": "7", "Priv_Sen_Sec_School_Num": "1", "id": 28419}, "perc": 0.0012846762214460635, "metric": 99.99870932265547, "value_global_local": {}, "partition_field": null, "Vil_Nam": "Ghuman (61)", "Stat_Nam": "Punjab"}, {"data": [["Priv_Sec_School_Num", 8.0], ["Priv_Sen_Sec_School_Num", 1.0], 8.0], "data_low": {"Stat_Nam": "ANDHRA PRADESH", "Vil_Nam": "Tupran", "Priv_Sec_School_Num": "8", "Priv_Sen_Sec_School_Num": "1", "id": 552186}, "data_high": {"Stat_Nam": "ANDHRA PRADESH", "Vil_Nam": "Tupran", "Priv_Sec_School_Num": "8", "Priv_Sen_Sec_School_Num": "1", "id": 552186}, "perc": 0.0006423381107230318, "metric": 99.99935066053403, "value_global_local": {}, "partition_field": null, "Vil_Nam": "Tupran", "Stat_Nam": "ANDHRA PRADESH"}, {"data": [["Priv_Sec_School_Num", 9.0], ["Priv_Sen_Sec_School_Num", 1.0], 9.0], "data_low": {"Stat_Nam": "ANDHRA PRADESH", "Vil_Nam": "Vempalle", "Priv_Sec_School_Num": "9", "Priv_Sen_Sec_School_Num": "1", "id": 571787}, "data_high": {"Stat_Nam": "ANDHRA PRADESH", "Vil_Nam": "Vempalle", "Priv_Sec_School_Num": "9", "Priv_Sen_Sec_School_Num": "1", "id": 571787}, "perc": 0.00016058452768075794, "metric": 99.99983141388493, "value_global_local": {}, "partition_field": null, "Vil_Nam": "Vempalle", "Stat_Nam": "ANDHRA PRADESH"}, {"data": [["Priv_Sec_School_Num", 10.0], ["Priv_Sen_Sec_School_Num", 1.0], 10.0], "data_low": {"Stat_Nam": "ANDHRA PRADESH", "Vil_Nam": "Chimakurthi", "Priv_Sec_School_Num": "10", "Priv_Sen_Sec_School_Num": "1", "id": 569434}, "data_high": {"Stat_Nam": "ANDHRA PRADESH", "Vil_Nam": "Chimakurthi", "Priv_Sec_School_Num": "10", "Priv_Sen_Sec_School_Num": "1", "id": 569434}, "perc": 0.00016058452768075794, "metric": 99.99983041368651, "value_global_local": {}, "partition_field": null, "Vil_Nam": "Chimakurthi", "Stat_Nam": "ANDHRA PRADESH"}, {"data": [["Priv_Sec_School_Num", 11.0], ["Priv_Sen_Sec_School_Num", 1.0], 11.0], "data_low": {"Stat_Nam": "West Bengal", "Vil_Nam": "Brahman Basan", "Priv_Sec_School_Num": "11", "Priv_Sen_Sec_School_Num": "1", "id": 335874}, "data_high": {"Stat_Nam": "West Bengal", "Vil_Nam": "Brahman Basan", "Priv_Sec_School_Num": "11", "Priv_Sen_Sec_School_Num": "1", "id": 335874}, "perc": 0.00016058452768075794, "metric": 99.99982941348809, "value_global_local": {}, "partition_field": null, "Vil_Nam": "Brahman Basan", "Stat_Nam": "West Bengal"}, {"data": [["Priv_Sec_School_Num", 12.0], ["Priv_Sen_Sec_School_Num", 1.0], 12.0], "data_low": {"Stat_Nam": "Tamil Nadu", "Vil_Nam": "Palangulam", "Priv_Sec_School_Num": "12", "Priv_Sen_Sec_School_Num": "1", "id": 619858}, "data_high": {"Stat_Nam": "Tamil Nadu", "Vil_Nam": "Palangulam", "Priv_Sec_School_Num": "12", "Priv_Sen_Sec_School_Num": "1", "id": 619858}, "perc": 0.00016058452768075794, "metric": 99.99982841328966, "value_global_local": {}, "partition_field": null, "Vil_Nam": "Palangulam", "Stat_Nam": "Tamil Nadu"}, {"data": [["Priv_Sec_School_Num", 1.0], ["Priv_Sen_Sec_School_Num", 0.0], 9999], "data_low": {"Stat_Nam": "JAMMU & KASHMIR", "Vil_Nam": "Lal Pora", "Priv_Sec_School_Num": "1", "Priv_Sen_Sec_School_Num": "0", "id": 23}, "data_high": {"Stat_Nam": "ANDHRA PRADESH", "Vil_Nam": "Narsapur", "Priv_Sec_School_Num": "8", "Priv_Sen_Sec_School_Num": "0", "id": 552369}, "perc": 3.1895298887952146, "metric": 96.80078906429048, "value_global_local": {"": {"global_perc": 0.13288640894919246, "local_perc": 1.0}}, "partition_field": "Near_Vil_Tow_Nam_hav_Sec_School", "Vil_Nam": "Lal Pora", "Stat_Nam": "JAMMU & KASHMIR"}, {"data": [["Priv_Sec_School_Num", 0.0], ["Priv_Sen_Sec_School_Num", 0.0], 99980001], "data_low": {"Stat_Nam": "JAMMU & KASHMIR", "Vil_Nam": "Bugna", "Priv_Sec_School_Num": "", "Priv_Sen_Sec_School_Num": "", "id": 2}, "data_high": {"Stat_Nam": "JAMMU & KASHMIR", "Vil_Nam": "Bore", "Priv_Sec_School_Num": "0", "Priv_Sen_Sec_School_Num": "0", "id": 0}, "perc": 94.35079690071862, "metric": 9.436966989100012e-07, "value_global_local": {"null": {"global_perc": 0.9435079690071861, "local_perc": 1.0}}, "partition_field": "Dist_Other", "Vil_Nam": "Bore", "Stat_Nam": "JAMMU & KASHMIR"}]