[{"data": [["Mat_An_Chil_Wel_Cen_Par_Med_Staf_In_Pos_Num", 0.0], ["TB_Clin_Par_Med_Par_Med_Staf_In_Pos_Num", 2.0], 0.0], "data_low": {"Stat_Nam": "JAMMU & KASHMIR", "Vil_Nam": "Khag", "Mat_An_Chil_Wel_Cen_Par_Med_Staf_In_Pos_Num": "", "TB_Clin_Par_Med_Par_Med_Staf_In_Pos_Num": "2", "id": 383}, "data_high": {"Stat_Nam": "JAMMU & KASHMIR", "Vil_Nam": "Halmat Pora", "Mat_An_Chil_Wel_Cen_Par_Med_Staf_In_Pos_Num": "0", "TB_Clin_Par_Med_Par_Med_Staf_In_Pos_Num": "2", "id": 55}, "perc": 0.12621943875707575, "metric": 99.87378156018052, "value_global_local": {"ANDAMAN & NICOBAR ISLANDS": {"global_perc": 0.0018018018018018018, "local_perc": 0.001272264631043257}, "ANDHRA PRADESH": {"global_perc": 0.0001079136690647482, "local_perc": 0.003816793893129771}, "ASSAM": {"global_perc": 0.0017427543095283199, "local_perc": 0.058524173027989825}, "Arunachal Pradesh": {"global_perc": 0.0008946144211844695, "local_perc": 0.006361323155216285}, "BIHAR": {"global_perc": 0.0010250924811694968, "local_perc": 0.058524173027989825}, "CHHATTISGARH": {"global_perc": 0.00019874788830368678, "local_perc": 0.005089058524173028}, "GOA": {"global_perc": 0.005988023952095809, "local_perc": 0.002544529262086514}, "HARYANA": {"global_perc": 0.000146177459435755, "local_perc": 0.001272264631043257}, "HIMACHAL PRADESH": {"global_perc": 0.0002899951667472209, "local_perc": 0.007633587786259542}, "JAMMU & KASHMIR": {"global_perc": 0.004120250267053258, "local_perc": 0.03435114503816794}, "JHARKHAND": {"global_perc": 0.0015743656232635674, "local_perc": 0.0648854961832061}, "KERALA": {"global_perc": 0.010805500982318271, "local_perc": 0.013994910941475827}, "MADHYA PRADESH": {"global_perc": 0.00025499517330564815, "local_perc": 0.017811704834605598}, "MANIPUR": {"global_perc": 0.0003874467260751647, "local_perc": 0.001272264631043257}, "MIZORAM": {"global_perc": 0.0012048192771084338, "local_perc": 0.001272264631043257}, "NAGALAND": {"global_perc": 0.0021008403361344537, "local_perc": 0.003816793893129771}, "ODISHA": {"global_perc": 0.003585835948005379, "local_perc": 0.2340966921119593}, "Punjab": {"global_perc": 0.005246005881885383, "local_perc": 0.08396946564885496}, "RAJASTHAN": {"global_perc": 0.0006715616045845272, "local_perc": 0.03816793893129771}, "SIKKIM": {"global_perc": 0.0066518847006651885, "local_perc": 0.003816793893129771}, "TRIPURA": {"global_perc": 0.010285714285714285, "local_perc": 0.011450381679389313}, "Tamil Nadu": {"global_perc": 0.00025032855623005195, "local_perc": 0.005089058524173028}, "UTTAR PRADESH": {"global_perc": 0.0011987937138254632, "local_perc": 0.1628498727735369}, "UTTARAKHAND": {"global_perc": 0.0005954862144941345, "local_perc": 0.01272264631043257}, "West Bengal": {"global_perc": 0.003232383509871202, "local_perc": 0.16539440203562342}}, "partition_field": "Stat_Nam", "Vil_Nam": "Halmat Pora", "Stat_Nam": "JAMMU & KASHMIR"}, {"data": [["Mat_An_Chil_Wel_Cen_Par_Med_Staf_In_Pos_Num", 1.0], ["TB_Clin_Par_Med_Par_Med_Staf_In_Pos_Num", 9.0], 0.1111111111111111], "data_low": {"Stat_Nam": "BIHAR", "Vil_Nam": "Itarhi", "Mat_An_Chil_Wel_Cen_Par_Med_Staf_In_Pos_Num": "1", "TB_Clin_Par_Med_Par_Med_Staf_In_Pos_Num": "9", "id": 247705}, "data_high": {"Stat_Nam": "KERALA", "Vil_Nam": "Karuvatta", "Mat_An_Chil_Wel_Cen_Par_Med_Staf_In_Pos_Num": "2", "TB_Clin_Par_Med_Par_Med_Staf_In_Pos_Num": "12", "id": 605876}, "perc": 0.0019270143321690955, "metric": 99.9980738747174, "value_global_local": {}, "partition_field": null, "Vil_Nam": "Itarhi", "Stat_Nam": "BIHAR"}, {"data": [["Mat_An_Chil_Wel_Cen_Par_Med_Staf_In_Pos_Num", 2.0], ["TB_Clin_Par_Med_Par_Med_Staf_In_Pos_Num", 9.0], 0.2222222222222222], "data_low": {"Stat_Nam": "UTTARAKHAND", "Vil_Nam": "Dewarchaur Kham", "Mat_An_Chil_Wel_Cen_Par_Med_Staf_In_Pos_Num": "1", "TB_Clin_Par_Med_Par_Med_Staf_In_Pos_Num": "4", "id": 54882}, "data_high": {"Stat_Nam": "TRIPURA", "Vil_Nam": "Debendrachandranagar (Part)", "Mat_An_Chil_Wel_Cen_Par_Med_Staf_In_Pos_Num": "3", "TB_Clin_Par_Med_Par_Med_Staf_In_Pos_Num": "11", "id": 270790}, "perc": 0.0022481833875306113, "metric": 99.99775259452834, "value_global_local": {}, "partition_field": null, "Vil_Nam": "Iswarpur", "Stat_Nam": "West Bengal"}, {"data": [["Mat_An_Chil_Wel_Cen_Par_Med_Staf_In_Pos_Num", 2.0], ["TB_Clin_Par_Med_Par_Med_Staf_In_Pos_Num", 6.0], 0.3333333333333333], "data_low": {"Stat_Nam": "BIHAR", "Vil_Nam": "Ramchua", "Mat_An_Chil_Wel_Cen_Par_Med_Staf_In_Pos_Num": "1", "TB_Clin_Par_Med_Par_Med_Staf_In_Pos_Num": "3", "id": 239379}, "data_high": {"Stat_Nam": "Tamil Nadu", "Vil_Nam": "Chickadasampalayam", "Mat_An_Chil_Wel_Cen_Par_Med_Staf_In_Pos_Num": "4", "TB_Clin_Par_Med_Par_Med_Staf_In_Pos_Num": "11", "id": 621552}, "perc": 0.005941627524188044, "metric": 99.9940590392362, "value_global_local": {"BIHAR": {"global_perc": 0.0001559923340910104, "local_perc": 0.1891891891891892}, "JHARKHAND": {"global_perc": 0.0004630487127245786, "local_perc": 0.40540540540540543}, "KERALA": {"global_perc": 0.0009823182711198428, "local_perc": 0.02702702702702703}, "TRIPURA": {"global_perc": 0.002285714285714286, "local_perc": 0.05405405405405406}, "Tamil Nadu": {"global_perc": 0.0006258213905751299, "local_perc": 0.2702702702702703}, "UTTAR PRADESH": {"global_perc": 9.365575889261431e-06, "local_perc": 0.02702702702702703}, "West Bengal": {"global_perc": 2.4864488537470783e-05, "local_perc": 0.02702702702702703}}, "partition_field": "Stat_Nam", "Vil_Nam": "Pakrihari", "Stat_Nam": "BIHAR"}, {"data": [["Mat_An_Chil_Wel_Cen_Par_Med_Staf_In_Pos_Num", 4.0], ["TB_Clin_Par_Med_Par_Med_Staf_In_Pos_Num", 9.0], 0.4444444444444444], "data_low": {"Stat_Nam": "Punjab", "Vil_Nam": "Pandori (39)", "Mat_An_Chil_Wel_Cen_Par_Med_Staf_In_Pos_Num": "1", "TB_Clin_Par_Med_Par_Med_Staf_In_Pos_Num": "2", "id": 30509}, "data_high": {"Stat_Nam": "Tamil Nadu", "Vil_Nam": "Desavilakku", "Mat_An_Chil_Wel_Cen_Par_Med_Staf_In_Pos_Num": "4", "TB_Clin_Par_Med_Par_Med_Staf_In_Pos_Num": "9", "id": 611290}, "perc": 0.049460034525673456, "metric": 99.95054052086618, "value_global_local": {"": {"global_perc": 0.0006823260068682486, "local_perc": 0.8863636363636364}, "0": {"global_perc": 0.0035460992907801418, "local_perc": 0.045454545454545456}, "a": {"global_perc": 9.102162673851307e-05, "local_perc": 0.016233766233766232}, "b": {"global_perc": 8.635951465952762e-05, "local_perc": 0.025974025974025976}, "c": {"global_perc": 0.00011250650428227881, "local_perc": 0.025974025974025976}}, "partition_field": "Dist_Nut_Cen_Other", "Vil_Nam": "Desavilakku", "Stat_Nam": "Tamil Nadu"}, {"data": [["Mat_An_Chil_Wel_Cen_Par_Med_Staf_In_Pos_Num", 3.0], ["TB_Clin_Par_Med_Par_Med_Staf_In_Pos_Num", 5.0], 0.6], "data_low": {"Stat_Nam": "TRIPURA", "Vil_Nam": "Chailengta", "Mat_An_Chil_Wel_Cen_Par_Med_Staf_In_Pos_Num": "12", "TB_Clin_Par_Med_Par_Med_Staf_In_Pos_Num": "18", "id": 271394}, "data_high": {"Stat_Nam": "BIHAR", "Vil_Nam": "Bairagi Dih", "Mat_An_Chil_Wel_Cen_Par_Med_Staf_In_Pos_Num": "5", "TB_Clin_Par_Med_Par_Med_Staf_In_Pos_Num": "8", "id": 216311}, "perc": 0.01268617768677988, "metric": 99.98731422234249, "value_global_local": {"BIHAR": {"global_perc": 0.0006908231938316174, "local_perc": 0.3924050632911392}, "JAMMU & KASHMIR": {"global_perc": 0.00015260186174271325, "local_perc": 0.012658227848101266}, "JHARKHAND": {"global_perc": 0.0004939186269062172, "local_perc": 0.20253164556962025}, "KARNATAKA": {"global_perc": 6.81663258350375e-05, "local_perc": 0.02531645569620253}, "KERALA": {"global_perc": 0.0029469548133595285, "local_perc": 0.0379746835443038}, "MADHYA PRADESH": {"global_perc": 1.821394095040344e-05, "local_perc": 0.012658227848101266}, "TRIPURA": {"global_perc": 0.001142857142857143, "local_perc": 0.012658227848101266}, "Tamil Nadu": {"global_perc": 0.0008761499468051818, "local_perc": 0.17721518987341772}, "UTTAR PRADESH": {"global_perc": 7.492460711409145e-05, "local_perc": 0.10126582278481013}, "West Bengal": {"global_perc": 4.972897707494157e-05, "local_perc": 0.02531645569620253}}, "partition_field": "Stat_Nam", "Vil_Nam": "Mahamadpur Shakra", "Stat_Nam": "BIHAR"}, {"data": [["Mat_An_Chil_Wel_Cen_Par_Med_Staf_In_Pos_Num", 3.0], ["TB_Clin_Par_Med_Par_Med_Staf_In_Pos_Num", 4.0], 0.75], "data_low": {"Stat_Nam": "UTTAR PRADESH", "Vil_Nam": "Bhanwat", "Mat_An_Chil_Wel_Cen_Par_Med_Staf_In_Pos_Num": "3", "TB_Clin_Par_Med_Par_Med_Staf_In_Pos_Num": "4", "id": 126188}, "data_high": {"Stat_Nam": "JAMMU & KASHMIR", "Vil_Nam": "Danger Pora", "Mat_An_Chil_Wel_Cen_Par_Med_Staf_In_Pos_Num": "8", "TB_Clin_Par_Med_Par_Med_Staf_In_Pos_Num": "10", "id": 2985}, "perc": 0.0035328596089766752, "metric": 99.99646739043219, "value_global_local": {"ASSAM": {"global_perc": 7.577192650123129e-05, "local_perc": 0.09090909090909091}, "Arunachal Pradesh": {"global_perc": 0.0001789228842368939, "local_perc": 0.045454545454545456}, "BIHAR": {"global_perc": 0.000178276953246869, "local_perc": 0.36363636363636365}, "JAMMU & KASHMIR": {"global_perc": 0.00015260186174271325, "local_perc": 0.045454545454545456}, "KARNATAKA": {"global_perc": 0.00017041581458759374, "local_perc": 0.22727272727272727}, "UTTAR PRADESH": {"global_perc": 3.7462303557045726e-05, "local_perc": 0.18181818181818182}, "West Bengal": {"global_perc": 2.4864488537470783e-05, "local_perc": 0.045454545454545456}}, "partition_field": "Stat_Nam", "Vil_Nam": "Bhanwat", "Stat_Nam": "UTTAR PRADESH"}, {"data": [["Mat_An_Chil_Wel_Cen_Par_Med_Staf_In_Pos_Num", 6.0], ["TB_Clin_Par_Med_Par_Med_Staf_In_Pos_Num", 7.0], 0.8571428571428571], "data_low": {"Stat_Nam": "BIHAR", "Vil_Nam": "Kajha", "Mat_An_Chil_Wel_Cen_Par_Med_Staf_In_Pos_Num": "6", "TB_Clin_Par_Med_Par_Med_Staf_In_Pos_Num": "7", "id": 222429}, "data_high": {"Stat_Nam": "KARNATAKA", "Vil_Nam": "Telsang", "Mat_An_Chil_Wel_Cen_Par_Med_Staf_In_Pos_Num": "8", "TB_Clin_Par_Med_Par_Med_Staf_In_Pos_Num": "9", "id": 575601}, "perc": 0.0014452607491268216, "metric": 99.99855488213454, "value_global_local": {}, "partition_field": null, "Vil_Nam": "Kajha", "Stat_Nam": "BIHAR"}, {"data": [["Mat_An_Chil_Wel_Cen_Par_Med_Staf_In_Pos_Num", 2.0], ["TB_Clin_Par_Med_Par_Med_Staf_In_Pos_Num", 2.0], 1.0], "data_low": {"Stat_Nam": "JAMMU & KASHMIR", "Vil_Nam": "Tantna", "Mat_An_Chil_Wel_Cen_Par_Med_Staf_In_Pos_Num": "1", "TB_Clin_Par_Med_Par_Med_Staf_In_Pos_Num": "1", "id": 4093}, "data_high": {"Stat_Nam": "TRIPURA", "Vil_Nam": "Paschim Kanchanbari", "Mat_An_Chil_Wel_Cen_Par_Med_Staf_In_Pos_Num": "9", "TB_Clin_Par_Med_Par_Med_Staf_In_Pos_Num": "9", "id": 271607}, "perc": 1.0499016419767955, "metric": 98.95009835802321, "value_global_local": {"": {"global_perc": 0.012344541332135356, "local_perc": 0.9834811869073111}, "ALIPUR BIHTA": {"global_perc": 1.0, "local_perc": 0.00015295197308045274}, "ANACHI": {"global_perc": 0.5, "local_perc": 0.00015295197308045274}, "ANDIPATTI": {"global_perc": 0.25, "local_perc": 0.00015295197308045274}, "AREKALHOSAHALLI": {"global_perc": 0.5, "local_perc": 0.00015295197308045274}, "ASOUTA": {"global_perc": 0.5, "local_perc": 0.00015295197308045274}, "B.BAGEWADI": {"global_perc": 0.5, "local_perc": 0.00015295197308045274}, "BABHANI": {"global_perc": 0.010416666666666666, "local_perc": 0.0003059039461609055}, "BACHAHALLI": {"global_perc": 1.0, "local_perc": 0.00015295197308045274}, "BALIA": {"global_perc": 0.08333333333333333, "local_perc": 0.00015295197308045274}, "BALLAGAN": {"global_perc": 1.0, "local_perc": 0.00015295197308045274}, "BANDULAHAR": {"global_perc": 1.0, "local_perc": 0.00015295197308045274}, "BASAVANAHALLI": {"global_perc": 0.2, "local_perc": 0.00015295197308045274}, "BASINI": {"global_perc": 1.0, "local_perc": 0.00015295197308045274}, "BASUDEWPUR": {"global_perc": 1.0, "local_perc": 0.00015295197308045274}, "BELHAN": {"global_perc": 0.3333333333333333, "local_perc": 0.00015295197308045274}, "BILISIRI": {"global_perc": 0.5, "local_perc": 0.00015295197308045274}, "BORAGAONWADI": {"global_perc": 1.0, "local_perc": 0.00015295197308045274}, "BUDGADDA": {"global_perc": 0.5, "local_perc": 0.0003059039461609055}, "CHAK BAMUN": {"global_perc": 0.3333333333333333, "local_perc": 0.00015295197308045274}, "CHAND": {"global_perc": 0.2, "local_perc": 0.00015295197308045274}, "CHHANGLA": {"global_perc": 0.2, "local_perc": 0.00015295197308045274}, "CHILOI": {"global_perc": 0.3333333333333333, "local_perc": 0.00015295197308045274}, "CHIRKUWEDA": {"global_perc": 1.0, "local_perc": 0.00015295197308045274}, "DADADAHALLI": {"global_perc": 1.0, "local_perc": 0.00015295197308045274}, "DUIKASAI": {"global_perc": 1.0, "local_perc": 0.00015295197308045274}, "ERKI": {"global_perc": 1.0, "local_perc": 0.00015295197308045274}, "FATEHPUR": {"global_perc": 0.015873015873015872, "local_perc": 0.00015295197308045274}, "FRANGAMATIA": {"global_perc": 1.0, "local_perc": 0.00015295197308045274}, "GANGHARA": {"global_perc": 0.5, "local_perc": 0.00015295197308045274}, "GARHWA": {"global_perc": 0.14285714285714285, "local_perc": 0.00015295197308045274}, "GAUHARPUR": {"global_perc": 0.3333333333333333, "local_perc": 0.00015295197308045274}, "GOPICHAK": {"global_perc": 1.0, "local_perc": 0.00015295197308045274}, "GOVINDAMPALAYAM": {"global_perc": 0.5, "local_perc": 0.00015295197308045274}, "GUMMIDIPOONDI": {"global_perc": 0.5, "local_perc": 0.00015295197308045274}, "GUMRU": {"global_perc": 0.3333333333333333, "local_perc": 0.00015295197308045274}, "GURI": {"global_perc": 0.1111111111111111, "local_perc": 0.00015295197308045274}, "HARHUA": {"global_perc": 0.3333333333333333, "local_perc": 0.00015295197308045274}, "HARIRAMPUR": {"global_perc": 0.14285714285714285, "local_perc": 0.00015295197308045274}, "HARNA": {"global_perc": 0.5, "local_perc": 0.00015295197308045274}, "HULIYAR": {"global_perc": 0.5, "local_perc": 0.00015295197308045274}, "HUNASANAKODIHALLI": {"global_perc": 1.0, "local_perc": 0.00015295197308045274}, "IBRAHIMPUR": {"global_perc": 0.1, "local_perc": 0.00015295197308045274}, "IDAR": {"global_perc": 0.5, "local_perc": 0.00015295197308045274}, "ISHAPUR": {"global_perc": 0.3333333333333333, "local_perc": 0.00015295197308045274}, "JAIDPUR": {"global_perc": 1.0, "local_perc": 0.00015295197308045274}, "JALALPUR NAURANGA": {"global_perc": 0.5, "local_perc": 0.00015295197308045274}, "JAMBANI": {"global_perc": 0.2, "local_perc": 0.00015295197308045274}, "JAMBGI(K.D)": {"global_perc": 1.0, "local_perc": 0.00015295197308045274}, "JHAMKE": {"global_perc": 1.0, "local_perc": 0.00015295197308045274}, "KAKWARA": {"global_perc": 1.0, "local_perc": 0.00015295197308045274}, "KANAUDI": {"global_perc": 0.5, "local_perc": 0.00015295197308045274}, "KANDHALA SHEIKAN": {"global_perc": 1.0, "local_perc": 0.00015295197308045274}, "KANNAPUR HATTI": {"global_perc": 1.0, "local_perc": 0.00015295197308045274}, "KAULI": {"global_perc": 0.14285714285714285, "local_perc": 0.00015295197308045274}, "KESARE": {"global_perc": 1.0, "local_perc": 0.00015295197308045274}, "KHARAJ": {"global_perc": 0.3333333333333333, "local_perc": 0.00015295197308045274}, "KHUN KHUN SARKI": {"global_perc": 0.5, "local_perc": 0.00015295197308045274}, "KONE": {"global_perc": 1.0, "local_perc": 0.00015295197308045274}, "KONI": {"global_perc": 0.16666666666666666, "local_perc": 0.00015295197308045274}, "KOSDA": {"global_perc": 0.14285714285714285, "local_perc": 0.00015295197308045274}, "KOTTARAM": {"global_perc": 1.0, "local_perc": 0.00015295197308045274}, "KUKURBAGHI": {"global_perc": 0.0625, "local_perc": 0.00015295197308045274}, "KULLATHILVAI": {"global_perc": 0.3333333333333333, "local_perc": 0.00015295197308045274}, "KUMIZHI": {"global_perc": 1.0, "local_perc": 0.00015295197308045274}, "KUTTI": {"global_perc": 1.0, "local_perc": 0.00015295197308045274}, "MACHAGOWDANAHALLI": {"global_perc": 0.1111111111111111, "local_perc": 0.00015295197308045274}, "MACHONG": {"global_perc": 1.0, "local_perc": 0.00015295197308045274}, "MAYURHAND": {"global_perc": 0.25, "local_perc": 0.00015295197308045274}, "MELPAKKAM": {"global_perc": 0.5, "local_perc": 0.00015295197308045274}, "MERLE": {"global_perc": 1.0, "local_perc": 0.00015295197308045274}, "MULEKALENAHALLI": {"global_perc": 0.1111111111111111, "local_perc": 0.00015295197308045274}, "MUNAN": {"global_perc": 1.0, "local_perc": 0.00015295197308045274}, "N.A.": {"global_perc": 0.00018942981625307822, "local_perc": 0.0003059039461609055}, "NAGENAHALLI": {"global_perc": 0.16666666666666666, "local_perc": 0.00015295197308045274}, "NALATHWAD": {"global_perc": 0.25, "local_perc": 0.00015295197308045274}, "NAWADA": {"global_perc": 0.03225806451612903, "local_perc": 0.00015295197308045274}, "NOTAR": {"global_perc": 1.0, "local_perc": 0.00015295197308045274}, "OBRA": {"global_perc": 1.0, "local_perc": 0.00015295197308045274}, "PUHO": {"global_perc": 1.0, "local_perc": 0.00015295197308045274}, "PUNAJUR STATE FOREST": {"global_perc": 1.0, "local_perc": 0.00015295197308045274}, "RAMGARHA": {"global_perc": 1.0, "local_perc": 0.00015295197308045274}, "RANIPOKHRI": {"global_perc": 0.5, "local_perc": 0.0003059039461609055}, "RATNAG": {"global_perc": 0.3333333333333333, "local_perc": 0.00015295197308045274}, "RUPAS MAHAJI": {"global_perc": 0.5, "local_perc": 0.00015295197308045274}, "Rahmatpur": {"global_perc": 0.5, "local_perc": 0.00015295197308045274}, "SALIAGOCHHA": {"global_perc": 1.0, "local_perc": 0.00015295197308045274}, "SANKESHWAR TOWN": {"global_perc": 1.0, "local_perc": 0.00015295197308045274}, "SARAIA": {"global_perc": 0.25, "local_perc": 0.00015295197308045274}, "SARDAM": {"global_perc": 0.25, "local_perc": 0.00015295197308045274}, "SARUA": {"global_perc": 0.3333333333333333, "local_perc": 0.00015295197308045274}, "SEWAL": {"global_perc": 1.0, "local_perc": 0.00015295197308045274}, "SHIVPUR": {"global_perc": 0.13636363636363635, "local_perc": 0.0004588559192413582}, "SIRUVADI": {"global_perc": 1.0, "local_perc": 0.00015295197308045274}, "SOMINAKOPPA": {"global_perc": 0.16666666666666666, "local_perc": 0.00015295197308045274}, "SUNKA": {"global_perc": 1.0, "local_perc": 0.00015295197308045274}, "TAMBA": {"global_perc": 0.5, "local_perc": 0.00015295197308045274}, "TARNA": {"global_perc": 0.5, "local_perc": 0.00015295197308045274}, "THAGACHAGERE": {"global_perc": 1.0, "local_perc": 0.00015295197308045274}, "THALAGHATTAPURA": {"global_perc": 0.2, "local_perc": 0.00015295197308045274}, "URMAR": {"global_perc": 1.0, "local_perc": 0.00015295197308045274}, "VADAKATTUPATTI": {"global_perc": 1.0, "local_perc": 0.00015295197308045274}, "VELLALAPATTI": {"global_perc": 0.5, "local_perc": 0.00015295197308045274}}, "partition_field": "Near_Vil_Tow_Nam_hav_Prim_School", "Vil_Nam": "Dadom Pora", "Stat_Nam": "JAMMU & KASHMIR"}, {"data": [["Mat_An_Chil_Wel_Cen_Par_Med_Staf_In_Pos_Num", 9.0], ["TB_Clin_Par_Med_Par_Med_Staf_In_Pos_Num", 8.0], 1.125], "data_low": {"Stat_Nam": "KARNATAKA", "Vil_Nam": "Ganebail", "Mat_An_Chil_Wel_Cen_Par_Med_Staf_In_Pos_Num": "7", "TB_Clin_Par_Med_Par_Med_Staf_In_Pos_Num": "6", "id": 576109}, "data_high": {"Stat_Nam": "KARNATAKA", "Vil_Nam": "Khatak Chincholi", "Mat_An_Chil_Wel_Cen_Par_Med_Staf_In_Pos_Num": "9", "TB_Clin_Par_Med_Par_Med_Staf_In_Pos_Num": "8", "id": 578198}, "perc": 0.00626279657954956, "metric": 99.99373707840329, "value_global_local": {"KARNATAKA": {"global_perc": 0.0013292433537832311, "local_perc": 1.0}}, "partition_field": "Stat_Nam", "Vil_Nam": "Khatak Chincholi", "Stat_Nam": "KARNATAKA"}, {"data": [["Mat_An_Chil_Wel_Cen_Par_Med_Staf_In_Pos_Num", 5.0], ["TB_Clin_Par_Med_Par_Med_Staf_In_Pos_Num", 4.0], 1.25], "data_low": {"Stat_Nam": "UTTARAKHAND", "Vil_Nam": "Rasulpur", "Mat_An_Chil_Wel_Cen_Par_Med_Staf_In_Pos_Num": "4", "TB_Clin_Par_Med_Par_Med_Staf_In_Pos_Num": "3", "id": 44708}, "data_high": {"Stat_Nam": "KARNATAKA", "Vil_Nam": "Benadi", "Mat_An_Chil_Wel_Cen_Par_Med_Staf_In_Pos_Num": "8", "TB_Clin_Par_Med_Par_Med_Staf_In_Pos_Num": "6", "id": 575397}, "perc": 0.013810269380545184, "metric": 99.98618948060398, "value_global_local": {"ASSAM": {"global_perc": 3.7885963250615644e-05, "local_perc": 0.011627906976744186}, "BIHAR": {"global_perc": 0.00040112314480545525, "local_perc": 0.20930232558139536}, "KARNATAKA": {"global_perc": 0.00034083162917518747, "local_perc": 0.11627906976744186}, "MADHYA PRADESH": {"global_perc": 1.821394095040344e-05, "local_perc": 0.011627906976744186}, "ODISHA": {"global_perc": 1.948823884785532e-05, "local_perc": 0.011627906976744186}, "Tamil Nadu": {"global_perc": 0.0033794355091057013, "local_perc": 0.627906976744186}, "UTTARAKHAND": {"global_perc": 5.954862144941345e-05, "local_perc": 0.011627906976744186}}, "partition_field": "Stat_Nam", "Vil_Nam": "Simri", "Stat_Nam": "BIHAR"}, {"data": [["Mat_An_Chil_Wel_Cen_Par_Med_Staf_In_Pos_Num", 7.0], ["TB_Clin_Par_Med_Par_Med_Staf_In_Pos_Num", 5.0], 1.4], "data_low": {"Stat_Nam": "KARNATAKA", "Vil_Nam": "Mavalli", "Mat_An_Chil_Wel_Cen_Par_Med_Staf_In_Pos_Num": "10", "TB_Clin_Par_Med_Par_Med_Staf_In_Pos_Num": "7", "id": 582059}, "data_high": {"Stat_Nam": "KARNATAKA", "Vil_Nam": "Bidi", "Mat_An_Chil_Wel_Cen_Par_Med_Staf_In_Pos_Num": "7", "TB_Clin_Par_Med_Par_Med_Staf_In_Pos_Num": "5", "id": 576257}, "perc": 0.01172267052069533, "metric": 99.98827692944619, "value_global_local": {"BIHAR": {"global_perc": 0.0005125462405847484, "local_perc": 0.3150684931506849}, "KARNATAKA": {"global_perc": 0.0004430811179277437, "local_perc": 0.1780821917808219}, "KERALA": {"global_perc": 0.0009823182711198428, "local_perc": 0.0136986301369863}, "ODISHA": {"global_perc": 5.846471654356596e-05, "local_perc": 0.0410958904109589}, "RAJASTHAN": {"global_perc": 2.238538681948424e-05, "local_perc": 0.0136986301369863}, "Tamil Nadu": {"global_perc": 0.0010013142249202078, "local_perc": 0.2191780821917808}, "UTTAR PRADESH": {"global_perc": 0.0001217524865603986, "local_perc": 0.1780821917808219}, "UTTARAKHAND": {"global_perc": 0.00017864586434824034, "local_perc": 0.0410958904109589}}, "partition_field": "Stat_Nam", "Vil_Nam": "Bidi", "Stat_Nam": "KARNATAKA"}, {"data": [["Mat_An_Chil_Wel_Cen_Par_Med_Staf_In_Pos_Num", 8.0], ["TB_Clin_Par_Med_Par_Med_Staf_In_Pos_Num", 5.0], 1.6], "data_low": {"Stat_Nam": "BIHAR", "Vil_Nam": "Longhaura", "Mat_An_Chil_Wel_Cen_Par_Med_Staf_In_Pos_Num": "5", "TB_Clin_Par_Med_Par_Med_Staf_In_Pos_Num": "3", "id": 243265}, "data_high": {"Stat_Nam": "KARNATAKA", "Vil_Nam": "Kanagale", "Mat_An_Chil_Wel_Cen_Par_Med_Staf_In_Pos_Num": "8", "TB_Clin_Par_Med_Par_Med_Staf_In_Pos_Num": "5", "id": 575830}, "perc": 0.011562085993014573, "metric": 99.98843731395635, "value_global_local": {"": {"global_perc": 0.00013822814555423726, "local_perc": 1.0}}, "partition_field": "Near_Vil_Tow_Nam_hav_Prim_School", "Vil_Nam": "Kanagale", "Stat_Nam": "KARNATAKA"}, {"data": [["Mat_An_Chil_Wel_Cen_Par_Med_Staf_In_Pos_Num", 7.0], ["TB_Clin_Par_Med_Par_Med_Staf_In_Pos_Num", 4.0], 1.75], "data_low": {"Stat_Nam": "BIHAR", "Vil_Nam": "Mahdah", "Mat_An_Chil_Wel_Cen_Par_Med_Staf_In_Pos_Num": "7", "TB_Clin_Par_Med_Par_Med_Staf_In_Pos_Num": "4", "id": 247299}, "data_high": {"Stat_Nam": "KARNATAKA", "Vil_Nam": "Chinchali", "Mat_An_Chil_Wel_Cen_Par_Med_Staf_In_Pos_Num": "9", "TB_Clin_Par_Med_Par_Med_Staf_In_Pos_Num": "5", "id": 575633}, "perc": 0.0028905214982536433, "metric": 99.9971087283734, "value_global_local": {}, "partition_field": null, "Vil_Nam": "Mahdah", "Stat_Nam": "BIHAR"}, {"data": [["Mat_An_Chil_Wel_Cen_Par_Med_Staf_In_Pos_Num", 2.0], ["TB_Clin_Par_Med_Par_Med_Staf_In_Pos_Num", 1.0], 2.0], "data_low": {"Stat_Nam": "KARNATAKA", "Vil_Nam": "Emmiganur", "Mat_An_Chil_Wel_Cen_Par_Med_Staf_In_Pos_Num": "10", "TB_Clin_Par_Med_Par_Med_Staf_In_Pos_Num": "5", "id": 583093}, "data_high": {"Stat_Nam": "BIHAR", "Vil_Nam": "Charkhi", "Mat_An_Chil_Wel_Cen_Par_Med_Staf_In_Pos_Num": "8", "TB_Clin_Par_Med_Par_Med_Staf_In_Pos_Num": "4", "id": 246931}, "perc": 0.1535188084628046, "metric": 99.84648019287266, "value_global_local": {"ASSAM": {"global_perc": 3.7885963250615644e-05, "local_perc": 0.0010460251046025104}, "Arunachal Pradesh": {"global_perc": 0.0001789228842368939, "local_perc": 0.0010460251046025104}, "BIHAR": {"global_perc": 0.016245487364620937, "local_perc": 0.7625523012552301}, "CHHATTISGARH": {"global_perc": 0.00019874788830368678, "local_perc": 0.0041841004184100415}, "GOA": {"global_perc": 0.0029940119760479044, "local_perc": 0.0010460251046025104}, "HARYANA": {"global_perc": 0.00029235491887151, "local_perc": 0.0020920502092050207}, "HIMACHAL PRADESH": {"global_perc": 9.666505558240696e-05, "local_perc": 0.0020920502092050207}, "JHARKHAND": {"global_perc": 0.0004939186269062172, "local_perc": 0.016736401673640166}, "KARNATAKA": {"global_perc": 0.0017723244717109748, "local_perc": 0.05439330543933055}, "KERALA": {"global_perc": 0.036345776031434185, "local_perc": 0.038702928870292884}, "MADHYA PRADESH": {"global_perc": 0.00012749758665282407, "local_perc": 0.007322175732217573}, "MANIPUR": {"global_perc": 0.0003874467260751647, "local_perc": 0.0010460251046025104}, "ODISHA": {"global_perc": 0.00025334710502211916, "local_perc": 0.013598326359832637}, "Punjab": {"global_perc": 0.0005563945632302679, "local_perc": 0.007322175732217573}, "RAJASTHAN": {"global_perc": 0.0003357808022922636, "local_perc": 0.015690376569037656}, "TRIPURA": {"global_perc": 0.002285714285714286, "local_perc": 0.0020920502092050207}, "Tamil Nadu": {"global_perc": 0.0006258213905751299, "local_perc": 0.010460251046025104}, "UTTAR PRADESH": {"global_perc": 0.0003371607320134115, "local_perc": 0.03765690376569038}, "UTTARAKHAND": {"global_perc": 0.00041684035014589413, "local_perc": 0.007322175732217573}, "West Bengal": {"global_perc": 0.00032323835098712017, "local_perc": 0.013598326359832637}}, "partition_field": "Stat_Nam", "Vil_Nam": "Karsog (416)", "Stat_Nam": "HIMACHAL PRADESH"}, {"data": [["Mat_An_Chil_Wel_Cen_Par_Med_Staf_In_Pos_Num", 7.0], ["TB_Clin_Par_Med_Par_Med_Staf_In_Pos_Num", 3.0], 2.3333333333333335], "data_low": {"Stat_Nam": "BIHAR", "Vil_Nam": "Mauan", "Mat_An_Chil_Wel_Cen_Par_Med_Staf_In_Pos_Num": "12", "TB_Clin_Par_Med_Par_Med_Staf_In_Pos_Num": "5", "id": 236232}, "data_high": {"Stat_Nam": "KARNATAKA", "Vil_Nam": "Kakkeri", "Mat_An_Chil_Wel_Cen_Par_Med_Staf_In_Pos_Num": "7", "TB_Clin_Par_Med_Par_Med_Staf_In_Pos_Num": "3", "id": 576279}, "perc": 0.0057810429965072865, "metric": 99.99421762348057, "value_global_local": {"BIHAR": {"global_perc": 2.2284619155858625e-05, "local_perc": 0.027777777777777776}, "KARNATAKA": {"global_perc": 0.0011929107021131562, "local_perc": 0.9722222222222222}}, "partition_field": "Stat_Nam", "Vil_Nam": "Kakkeri", "Stat_Nam": "KARNATAKA"}, {"data": [["Mat_An_Chil_Wel_Cen_Par_Med_Staf_In_Pos_Num", 5.0], ["TB_Clin_Par_Med_Par_Med_Staf_In_Pos_Num", 2.0], 2.5], "data_low": {"Stat_Nam": "RAJASTHAN", "Vil_Nam": "Kasba Thana", "Mat_An_Chil_Wel_Cen_Par_Med_Staf_In_Pos_Num": "5", "TB_Clin_Par_Med_Par_Med_Staf_In_Pos_Num": "2", "id": 102657}, "data_high": {"Stat_Nam": "RAJASTHAN", "Vil_Nam": "Kasba Thana", "Mat_An_Chil_Wel_Cen_Par_Med_Staf_In_Pos_Num": "5", "TB_Clin_Par_Med_Par_Med_Staf_In_Pos_Num": "2", "id": 102657}, "perc": 0.0017664298044883376, "metric": 99.99823206992197, "value_global_local": {}, "partition_field": null, "Vil_Nam": "Kasba Thana", "Stat_Nam": "RAJASTHAN"}, {"data": [["Mat_An_Chil_Wel_Cen_Par_Med_Staf_In_Pos_Num", 8.0], ["TB_Clin_Par_Med_Par_Med_Staf_In_Pos_Num", 3.0], 2.6666666666666665], "data_low": {"Stat_Nam": "BIHAR", "Vil_Nam": "Kesath", "Mat_An_Chil_Wel_Cen_Par_Med_Staf_In_Pos_Num": "8", "TB_Clin_Par_Med_Par_Med_Staf_In_Pos_Num": "3", "id": 247086}, "data_high": {"Stat_Nam": "BIHAR", "Vil_Nam": "Kesath", "Mat_An_Chil_Wel_Cen_Par_Med_Staf_In_Pos_Num": "8", "TB_Clin_Par_Med_Par_Med_Staf_In_Pos_Num": "3", "id": 247086}, "perc": 0.0033722750812959167, "metric": 99.99662605797486, "value_global_local": {"BIHAR": {"global_perc": 2.2284619155858625e-05, "local_perc": 0.047619047619047616}, "KARNATAKA": {"global_perc": 0.0006816632583503749, "local_perc": 0.9523809523809523}}, "partition_field": "Stat_Nam", "Vil_Nam": "Kesath", "Stat_Nam": "BIHAR"}, {"data": [["Mat_An_Chil_Wel_Cen_Par_Med_Staf_In_Pos_Num", 3.0], ["TB_Clin_Par_Med_Par_Med_Staf_In_Pos_Num", 1.0], 3.0], "data_low": {"Stat_Nam": "Arunachal Pradesh", "Vil_Nam": "Upper Seijosa", "Mat_An_Chil_Wel_Cen_Par_Med_Staf_In_Pos_Num": "12", "TB_Clin_Par_Med_Par_Med_Staf_In_Pos_Num": "4", "id": 260881}, "data_high": {"Stat_Nam": "KARNATAKA", "Vil_Nam": "Haldipur", "Mat_An_Chil_Wel_Cen_Par_Med_Staf_In_Pos_Num": "9", "TB_Clin_Par_Med_Par_Med_Staf_In_Pos_Num": "3", "id": 581976}, "perc": 0.011240916937653058, "metric": 99.98875708288716, "value_global_local": {"ASSAM": {"global_perc": 0.0010229210077666224, "local_perc": 0.38571428571428573}, "Arunachal Pradesh": {"global_perc": 0.0001789228842368939, "local_perc": 0.014285714285714285}, "BIHAR": {"global_perc": 0.0003342692873378794, "local_perc": 0.21428571428571427}, "GOA": {"global_perc": 0.005988023952095809, "local_perc": 0.02857142857142857}, "HIMACHAL PRADESH": {"global_perc": 4.833252779120348e-05, "local_perc": 0.014285714285714285}, "JHARKHAND": {"global_perc": 9.260974254491573e-05, "local_perc": 0.04285714285714286}, "KARNATAKA": {"global_perc": 0.00010224948875255624, "local_perc": 0.04285714285714286}, "MADHYA PRADESH": {"global_perc": 5.464182285121031e-05, "local_perc": 0.04285714285714286}, "Punjab": {"global_perc": 0.00023845481281297194, "local_perc": 0.04285714285714286}, "RAJASTHAN": {"global_perc": 4.477077363896848e-05, "local_perc": 0.02857142857142857}, "Tamil Nadu": {"global_perc": 6.258213905751299e-05, "local_perc": 0.014285714285714285}, "UTTAR PRADESH": {"global_perc": 5.619345533556858e-05, "local_perc": 0.08571428571428572}, "West Bengal": {"global_perc": 7.459346561241235e-05, "local_perc": 0.04285714285714286}}, "partition_field": "Stat_Nam", "Vil_Nam": "Keylong (7/2)", "Stat_Nam": "HIMACHAL PRADESH"}, {"data": [["Mat_An_Chil_Wel_Cen_Par_Med_Staf_In_Pos_Num", 10.0], ["TB_Clin_Par_Med_Par_Med_Staf_In_Pos_Num", 3.0], 3.3333333333333335], "data_low": {"Stat_Nam": "JAMMU & KASHMIR", "Vil_Nam": "Gund -I-Hado", "Mat_An_Chil_Wel_Cen_Par_Med_Staf_In_Pos_Num": "10", "TB_Clin_Par_Med_Par_Med_Staf_In_Pos_Num": "3", "id": 3450}, "data_high": {"Stat_Nam": "JAMMU & KASHMIR", "Vil_Nam": "Gund -I-Hado", "Mat_An_Chil_Wel_Cen_Par_Med_Staf_In_Pos_Num": "10", "TB_Clin_Par_Med_Par_Med_Staf_In_Pos_Num": "3", "id": 3450}, "perc": 0.0003211690553615159, "metric": 99.99967649715207, "value_global_local": {}, "partition_field": null, "Vil_Nam": "Gund -I-Hado", "Stat_Nam": "JAMMU & KASHMIR"}, {"data": [["Mat_An_Chil_Wel_Cen_Par_Med_Staf_In_Pos_Num", 7.0], ["TB_Clin_Par_Med_Par_Med_Staf_In_Pos_Num", 2.0], 3.5], "data_low": {"Stat_Nam": "JAMMU & KASHMIR", "Vil_Nam": "Ram Garh", "Mat_An_Chil_Wel_Cen_Par_Med_Staf_In_Pos_Num": "7", "TB_Clin_Par_Med_Par_Med_Staf_In_Pos_Num": "2", "id": 6388}, "data_high": {"Stat_Nam": "JAMMU & KASHMIR", "Vil_Nam": "Ram Garh", "Mat_An_Chil_Wel_Cen_Par_Med_Staf_In_Pos_Num": "7", "TB_Clin_Par_Med_Par_Med_Staf_In_Pos_Num": "2", "id": 6388}, "perc": 0.0004817535830422739, "metric": 99.99951574592893, "value_global_local": {}, "partition_field": null, "Vil_Nam": "Ram Garh", "Stat_Nam": "JAMMU & KASHMIR"}, {"data": [["Mat_An_Chil_Wel_Cen_Par_Med_Staf_In_Pos_Num", 4.0], ["TB_Clin_Par_Med_Par_Med_Staf_In_Pos_Num", 1.0], 4.0], "data_low": {"Stat_Nam": "West Bengal", "Vil_Nam": "Kurkutia", "Mat_An_Chil_Wel_Cen_Par_Med_Staf_In_Pos_Num": "12", "TB_Clin_Par_Med_Par_Med_Staf_In_Pos_Num": "3", "id": 327291}, "data_high": {"Stat_Nam": "UTTARAKHAND", "Vil_Nam": "Jakholi", "Mat_An_Chil_Wel_Cen_Par_Med_Staf_In_Pos_Num": "8", "TB_Clin_Par_Med_Par_Med_Staf_In_Pos_Num": "2", "id": 42343}, "perc": 0.004175197719699706, "metric": 99.99582180180549, "value_global_local": {"ASSAM": {"global_perc": 7.577192650123129e-05, "local_perc": 0.07692307692307693}, "BIHAR": {"global_perc": 0.00011142309577929313, "local_perc": 0.19230769230769232}, "JHARKHAND": {"global_perc": 6.173982836327716e-05, "local_perc": 0.07692307692307693}, "KARNATAKA": {"global_perc": 6.81663258350375e-05, "local_perc": 0.07692307692307693}, "MADHYA PRADESH": {"global_perc": 5.464182285121031e-05, "local_perc": 0.11538461538461539}, "Punjab": {"global_perc": 0.00015896987520864795, "local_perc": 0.07692307692307693}, "RAJASTHAN": {"global_perc": 2.238538681948424e-05, "local_perc": 0.038461538461538464}, "UTTAR PRADESH": {"global_perc": 4.682787944630715e-05, "local_perc": 0.19230769230769232}, "UTTARAKHAND": {"global_perc": 5.954862144941345e-05, "local_perc": 0.038461538461538464}, "West Bengal": {"global_perc": 7.459346561241235e-05, "local_perc": 0.11538461538461539}}, "partition_field": "Stat_Nam", "Vil_Nam": "Kariha (120)", "Stat_Nam": "Punjab"}, {"data": [["Mat_An_Chil_Wel_Cen_Par_Med_Staf_In_Pos_Num", 5.0], ["TB_Clin_Par_Med_Par_Med_Staf_In_Pos_Num", 1.0], 5.0], "data_low": {"Stat_Nam": "BIHAR", "Vil_Nam": "Goh", "Mat_An_Chil_Wel_Cen_Par_Med_Staf_In_Pos_Num": "10", "TB_Clin_Par_Med_Par_Med_Staf_In_Pos_Num": "2", "id": 251872}, "data_high": {"Stat_Nam": "UTTAR PRADESH", "Vil_Nam": "Inayat Nagar", "Mat_An_Chil_Wel_Cen_Par_Med_Staf_In_Pos_Num": "5", "TB_Clin_Par_Med_Par_Med_Staf_In_Pos_Num": "1", "id": 165219}, "perc": 0.0012846762214460635, "metric": 99.99871132302982, "value_global_local": {}, "partition_field": null, "Vil_Nam": "Inayat Nagar", "Stat_Nam": "UTTAR PRADESH"}, {"data": [["Mat_An_Chil_Wel_Cen_Par_Med_Staf_In_Pos_Num", 11.0], ["TB_Clin_Par_Med_Par_Med_Staf_In_Pos_Num", 2.0], 5.5], "data_low": {"Stat_Nam": "West Bengal", "Vil_Nam": "Sumuria", "Mat_An_Chil_Wel_Cen_Par_Med_Staf_In_Pos_Num": "11", "TB_Clin_Par_Med_Par_Med_Staf_In_Pos_Num": "2", "id": 318065}, "data_high": {"Stat_Nam": "West Bengal", "Vil_Nam": "Sumuria", "Mat_An_Chil_Wel_Cen_Par_Med_Staf_In_Pos_Num": "11", "TB_Clin_Par_Med_Par_Med_Staf_In_Pos_Num": "2", "id": 318065}, "perc": 0.00016058452768075794, "metric": 99.99983491457942, "value_global_local": {}, "partition_field": null, "Vil_Nam": "Sumuria", "Stat_Nam": "West Bengal"}, {"data": [["Mat_An_Chil_Wel_Cen_Par_Med_Staf_In_Pos_Num", 6.0], ["TB_Clin_Par_Med_Par_Med_Staf_In_Pos_Num", 1.0], 6.0], "data_low": {"Stat_Nam": "Punjab", "Vil_Nam": "Sadiqpur (75)", "Mat_An_Chil_Wel_Cen_Par_Med_Staf_In_Pos_Num": "6", "TB_Clin_Par_Med_Par_Med_Staf_In_Pos_Num": "1", "id": 29664}, "data_high": {"Stat_Nam": "Punjab", "Vil_Nam": "Sadiqpur (75)", "Mat_An_Chil_Wel_Cen_Par_Med_Staf_In_Pos_Num": "6", "TB_Clin_Par_Med_Par_Med_Staf_In_Pos_Num": "1", "id": 29664}, "perc": 0.0022481833875306113, "metric": 99.99774681572475, "value_global_local": {}, "partition_field": null, "Vil_Nam": "Sadiqpur (75)", "Stat_Nam": "Punjab"}, {"data": [["Mat_An_Chil_Wel_Cen_Par_Med_Staf_In_Pos_Num", 8.0], ["TB_Clin_Par_Med_Par_Med_Staf_In_Pos_Num", 1.0], 8.0], "data_low": {"Stat_Nam": "UTTAR PRADESH", "Vil_Nam": "Sirsiya", "Mat_An_Chil_Wel_Cen_Par_Med_Staf_In_Pos_Num": "8", "TB_Clin_Par_Med_Par_Med_Staf_In_Pos_Num": "1", "id": 171987}, "data_high": {"Stat_Nam": "UTTAR PRADESH", "Vil_Nam": "Sirsiya", "Mat_An_Chil_Wel_Cen_Par_Med_Staf_In_Pos_Num": "8", "TB_Clin_Par_Med_Par_Med_Staf_In_Pos_Num": "1", "id": 171987}, "perc": 0.0008029226384037898, "metric": 99.9991900760176, "value_global_local": {}, "partition_field": null, "Vil_Nam": "Sirsiya", "Stat_Nam": "UTTAR PRADESH"}, {"data": [["Mat_An_Chil_Wel_Cen_Par_Med_Staf_In_Pos_Num", 12.0], ["TB_Clin_Par_Med_Par_Med_Staf_In_Pos_Num", 1.0], 12.0], "data_low": {"Stat_Nam": "UTTAR PRADESH", "Vil_Nam": "Katka", "Mat_An_Chil_Wel_Cen_Par_Med_Staf_In_Pos_Num": "12", "TB_Clin_Par_Med_Par_Med_Staf_In_Pos_Num": "1", "id": 182012}, "data_high": {"Stat_Nam": "UTTAR PRADESH", "Vil_Nam": "Katka", "Mat_An_Chil_Wel_Cen_Par_Med_Staf_In_Pos_Num": "12", "TB_Clin_Par_Med_Par_Med_Staf_In_Pos_Num": "1", "id": 182012}, "perc": 0.0004817535830422739, "metric": 99.99950724426962, "value_global_local": {}, "partition_field": null, "Vil_Nam": "Katka", "Stat_Nam": "UTTAR PRADESH"}, {"data": [["Mat_An_Chil_Wel_Cen_Par_Med_Staf_In_Pos_Num", 7.0], ["TB_Clin_Par_Med_Par_Med_Staf_In_Pos_Num", 0.0], 9999], "data_low": {"Stat_Nam": "JAMMU & KASHMIR", "Vil_Nam": "Solina", "Mat_An_Chil_Wel_Cen_Par_Med_Staf_In_Pos_Num": "1", "TB_Clin_Par_Med_Par_Med_Staf_In_Pos_Num": "0", "id": 73}, "data_high": {"Stat_Nam": "Punjab", "Vil_Nam": "Rasulpur Kalan (169)", "Mat_An_Chil_Wel_Cen_Par_Med_Staf_In_Pos_Num": "9", "TB_Clin_Par_Med_Par_Med_Staf_In_Pos_Num": "0", "id": 37309}, "perc": 2.9454414067204624, "metric": 97.04485313751728, "value_global_local": {"": {"global_perc": 0.034288259438870525, "local_perc": 0.9737215134663614}, "0": {"global_perc": 0.04, "local_perc": 5.4519681605059426e-05}, "ADHAKARI": {"global_perc": 1.0, "local_perc": 5.4519681605059426e-05}, "AHMEDPUR": {"global_perc": 0.3333333333333333, "local_perc": 5.4519681605059426e-05}, "AKBARNAGAR": {"global_perc": 0.1111111111111111, "local_perc": 5.4519681605059426e-05}, "AKDONI KALAN": {"global_perc": 1.0, "local_perc": 5.4519681605059426e-05}, "ALABALPUR": {"global_perc": 0.5, "local_perc": 5.4519681605059426e-05}, "AMARPUR": {"global_perc": 0.06666666666666667, "local_perc": 5.4519681605059426e-05}, "AMAUNA": {"global_perc": 0.2, "local_perc": 5.4519681605059426e-05}, "AMROH": {"global_perc": 0.1, "local_perc": 5.4519681605059426e-05}, "ANANDPUR": {"global_perc": 0.2, "local_perc": 5.4519681605059426e-05}, "ANANTNAG": {"global_perc": 0.5, "local_perc": 5.4519681605059426e-05}, "ANDRANA": {"global_perc": 0.5, "local_perc": 5.4519681605059426e-05}, "ARASUR": {"global_perc": 0.25, "local_perc": 5.4519681605059426e-05}, "ARAZI KANCHANPUR": {"global_perc": 1.0, "local_perc": 5.4519681605059426e-05}, "ATHAN": {"global_perc": 1.0, "local_perc": 5.4519681605059426e-05}, "Amonggre": {"global_perc": 0.25, "local_perc": 5.4519681605059426e-05}, "B.B.NAGAR": {"global_perc": 0.5, "local_perc": 5.4519681605059426e-05}, "BADETH MALLA": {"global_perc": 1.0, "local_perc": 5.4519681605059426e-05}, "BADGAON": {"global_perc": 0.16666666666666666, "local_perc": 5.4519681605059426e-05}, "BADIWALA": {"global_perc": 1.0, "local_perc": 5.4519681605059426e-05}, "BADKI CHILMI": {"global_perc": 0.25, "local_perc": 5.4519681605059426e-05}, "BADOLI": {"global_perc": 0.09090909090909091, "local_perc": 5.4519681605059426e-05}, "BAGA": {"global_perc": 0.2, "local_perc": 5.4519681605059426e-05}, "BAGDA": {"global_perc": 0.5, "local_perc": 5.4519681605059426e-05}, "BAGNAGAR": {"global_perc": 1.0, "local_perc": 5.4519681605059426e-05}, "BAHARAGORA": {"global_perc": 0.125, "local_perc": 5.4519681605059426e-05}, "BAHERAKHAL": {"global_perc": 0.5, "local_perc": 5.4519681605059426e-05}, "BAHUARA": {"global_perc": 0.14285714285714285, "local_perc": 5.4519681605059426e-05}, "BAIJUWAPUR": {"global_perc": 1.0, "local_perc": 5.4519681605059426e-05}, "BAIKUNTH PUR": {"global_perc": 0.25, "local_perc": 5.4519681605059426e-05}, "BAITIKALA": {"global_perc": 0.3333333333333333, "local_perc": 5.4519681605059426e-05}, "BAJIPUR": {"global_perc": 1.0, "local_perc": 5.4519681605059426e-05}, "BAKAMI": {"global_perc": 1.0, "local_perc": 5.4519681605059426e-05}, "BAKHRI": {"global_perc": 0.2, "local_perc": 5.4519681605059426e-05}, "BALDIHA": {"global_perc": 0.5, "local_perc": 5.4519681605059426e-05}, "BALRAMPUR": {"global_perc": 0.1, "local_perc": 5.4519681605059426e-05}, "BALUA": {"global_perc": 0.07142857142857142, "local_perc": 5.4519681605059426e-05}, "BAMBOOFLAT": {"global_perc": 1.0, "local_perc": 5.4519681605059426e-05}, "BAMHOR PANDEY": {"global_perc": 0.5, "local_perc": 5.4519681605059426e-05}, "BANDHERSHOL": {"global_perc": 1.0, "local_perc": 5.4519681605059426e-05}, "BANE DI HATTI": {"global_perc": 0.14285714285714285, "local_perc": 5.4519681605059426e-05}, "BANGA": {"global_perc": 0.5, "local_perc": 5.4519681605059426e-05}, "BANGANA": {"global_perc": 0.0625, "local_perc": 5.4519681605059426e-05}, "BANGRA": {"global_perc": 0.3333333333333333, "local_perc": 0.00010903936321011885}, "BANIA CHHAPAR": {"global_perc": 0.4, "local_perc": 0.00010903936321011885}, "BANKATI": {"global_perc": 0.1, "local_perc": 5.4519681605059426e-05}, "BARA BOARIJOR": {"global_perc": 1.0, "local_perc": 0.00010903936321011885}, "BARABARU": {"global_perc": 1.0, "local_perc": 0.00016355904481517829}, "BARDIH": {"global_perc": 0.16666666666666666, "local_perc": 5.4519681605059426e-05}, "BARDIKANPUR": {"global_perc": 1.0, "local_perc": 5.4519681605059426e-05}, "BARGADAHA": {"global_perc": 1.0, "local_perc": 5.4519681605059426e-05}, "BARKA NIMDIHRA": {"global_perc": 0.5, "local_perc": 0.00010903936321011885}, "BARKABARAN": {"global_perc": 1.0, "local_perc": 5.4519681605059426e-05}, "BARKABARU": {"global_perc": 1.0, "local_perc": 5.4519681605059426e-05}, "BARMANDA": {"global_perc": 0.3333333333333333, "local_perc": 5.4519681605059426e-05}, "BARUDI": {"global_perc": 1.0, "local_perc": 5.4519681605059426e-05}, "BASEDOUR": {"global_perc": 0.3333333333333333, "local_perc": 5.4519681605059426e-05}, "BATIJODA": {"global_perc": 0.25, "local_perc": 5.4519681605059426e-05}, "BAUSI": {"global_perc": 0.5, "local_perc": 5.4519681605059426e-05}, "BEGUNIA": {"global_perc": 0.5, "local_perc": 5.4519681605059426e-05}, "BELBARI": {"global_perc": 0.5, "local_perc": 5.4519681605059426e-05}, "BELPAHARI": {"global_perc": 0.2, "local_perc": 5.4519681605059426e-05}, "BETU QUADIM": {"global_perc": 1.0, "local_perc": 5.4519681605059426e-05}, "BHAGATPUR": {"global_perc": 0.2, "local_perc": 5.4519681605059426e-05}, "BHAGWANPUR": {"global_perc": 0.034482758620689655, "local_perc": 5.4519681605059426e-05}, "BHAISLOT": {"global_perc": 1.0, "local_perc": 5.4519681605059426e-05}, "BHAIYADIH": {"global_perc": 1.0, "local_perc": 5.4519681605059426e-05}, "BHAKHRA": {"global_perc": 1.0, "local_perc": 5.4519681605059426e-05}, "BHALT": {"global_perc": 1.0, "local_perc": 5.4519681605059426e-05}, "BHALUKAGURI": {"global_perc": 1.0, "local_perc": 5.4519681605059426e-05}, "BHARIGADA": {"global_perc": 1.0, "local_perc": 5.4519681605059426e-05}, "BHATAULI": {"global_perc": 0.1111111111111111, "local_perc": 5.4519681605059426e-05}, "BHAWARNA": {"global_perc": 0.5, "local_perc": 0.00010903936321011885}, "BHITLU": {"global_perc": 0.3333333333333333, "local_perc": 5.4519681605059426e-05}, "BHUMAL GADI": {"global_perc": 1.0, "local_perc": 5.4519681605059426e-05}, "BICHIYA": {"global_perc": 0.5, "local_perc": 5.4519681605059426e-05}, "BIKRAMGANJ": {"global_perc": 0.012345679012345678, "local_perc": 5.4519681605059426e-05}, "BIRIYA": {"global_perc": 1.0, "local_perc": 5.4519681605059426e-05}, "BISHASHARPUR": {"global_perc": 1.0, "local_perc": 5.4519681605059426e-05}, "BISHUNPURA": {"global_perc": 0.1111111111111111, "local_perc": 5.4519681605059426e-05}, "BODASA": {"global_perc": 0.6666666666666666, "local_perc": 0.00010903936321011885}, "BORA GAON": {"global_perc": 0.6666666666666666, "local_perc": 0.00010903936321011885}, "BOSWAN": {"global_perc": 1.0, "local_perc": 5.4519681605059426e-05}, "BRAKHARI": {"global_perc": 1.0, "local_perc": 5.4519681605059426e-05}, "BRUNDADEIPUR": {"global_perc": 1.0, "local_perc": 5.4519681605059426e-05}, "BUDGAM": {"global_perc": 1.0, "local_perc": 5.4519681605059426e-05}, "CHAINPUR": {"global_perc": 0.043478260869565216, "local_perc": 5.4519681605059426e-05}, "CHAK BAMUN": {"global_perc": 0.3333333333333333, "local_perc": 5.4519681605059426e-05}, "CHAK BHIKHI": {"global_perc": 0.5, "local_perc": 5.4519681605059426e-05}, "CHAK DAMODAR": {"global_perc": 1.0, "local_perc": 5.4519681605059426e-05}, "CHAKAPADA": {"global_perc": 0.3333333333333333, "local_perc": 5.4519681605059426e-05}, "CHALANGI": {"global_perc": 1.0, "local_perc": 5.4519681605059426e-05}, "CHAND": {"global_perc": 0.4, "local_perc": 0.00010903936321011885}, "CHAUNTRA": {"global_perc": 0.2, "local_perc": 5.4519681605059426e-05}, "CHELA": {"global_perc": 0.25, "local_perc": 5.4519681605059426e-05}, "CHINDALU": {"global_perc": 1.0, "local_perc": 5.4519681605059426e-05}, "CHIPRA": {"global_perc": 0.6666666666666666, "local_perc": 0.00010903936321011885}, "CHITAUNI": {"global_perc": 0.5, "local_perc": 5.4519681605059426e-05}, "CHNDRA": {"global_perc": 0.5, "local_perc": 5.4519681605059426e-05}, "CHOPARA": {"global_perc": 0.25, "local_perc": 5.4519681605059426e-05}, "CHORDEHRA": {"global_perc": 1.0, "local_perc": 5.4519681605059426e-05}, "CHOURASIA": {"global_perc": 0.5, "local_perc": 5.4519681605059426e-05}, "DABARI": {"global_perc": 1.0, "local_perc": 5.4519681605059426e-05}, "DAIRA": {"global_perc": 1.0, "local_perc": 5.4519681605059426e-05}, "DALU": {"global_perc": 0.07692307692307693, "local_perc": 5.4519681605059426e-05}, "DARKOHLI": {"global_perc": 0.2, "local_perc": 5.4519681605059426e-05}, "DARMIGAD": {"global_perc": 1.0, "local_perc": 5.4519681605059426e-05}, "DASOTI": {"global_perc": 1.0, "local_perc": 5.4519681605059426e-05}, "DAULAT PUR": {"global_perc": 0.5, "local_perc": 5.4519681605059426e-05}, "DEOKALI": {"global_perc": 0.5, "local_perc": 0.00010903936321011885}, "DEULBAR": {"global_perc": 1.0, "local_perc": 5.4519681605059426e-05}, "DEVIDALI": {"global_perc": 1.0, "local_perc": 5.4519681605059426e-05}, "DEWAR": {"global_perc": 0.2, "local_perc": 5.4519681605059426e-05}, "DHANPURA": {"global_perc": 0.125, "local_perc": 5.4519681605059426e-05}, "DHANPURWA": {"global_perc": 0.5, "local_perc": 5.4519681605059426e-05}, "DHANSERI": {"global_perc": 0.5, "local_perc": 5.4519681605059426e-05}, "DHARAPURAM": {"global_perc": 1.0, "local_perc": 5.4519681605059426e-05}, "DHNGULI": {"global_perc": 1.0, "local_perc": 5.4519681605059426e-05}, "DHUNA": {"global_perc": 0.3333333333333333, "local_perc": 5.4519681605059426e-05}, "DIFFERPAT": {"global_perc": 1.0, "local_perc": 5.4519681605059426e-05}, "DIWANE": {"global_perc": 1.0, "local_perc": 5.4519681605059426e-05}, "DODIYAL": {"global_perc": 0.5, "local_perc": 5.4519681605059426e-05}, "DORIHAR": {"global_perc": 0.5, "local_perc": 5.4519681605059426e-05}, "DUNGRI MALLI": {"global_perc": 0.5, "local_perc": 5.4519681605059426e-05}, "Dhaliwal Bet": {"global_perc": 1.0, "local_perc": 0.00010903936321011885}, "EKDERBA": {"global_perc": 0.5, "local_perc": 5.4519681605059426e-05}, "FAKRA": {"global_perc": 1.0, "local_perc": 5.4519681605059426e-05}, "FATEHPUR CHADRAI": {"global_perc": 1.0, "local_perc": 5.4519681605059426e-05}, "FULBARI": {"global_perc": 1.0, "local_perc": 5.4519681605059426e-05}, "G. NANDIPUR": {"global_perc": 1.0, "local_perc": 5.4519681605059426e-05}, "GAJODIH": {"global_perc": 1.0, "local_perc": 5.4519681605059426e-05}, "GAMHARIA": {"global_perc": 0.058823529411764705, "local_perc": 5.4519681605059426e-05}, "GANDHA": {"global_perc": 0.5, "local_perc": 5.4519681605059426e-05}, "GANEOR": {"global_perc": 1.0, "local_perc": 5.4519681605059426e-05}, "GANGAIKONDAN": {"global_perc": 1.0, "local_perc": 5.4519681605059426e-05}, "GANGDIH": {"global_perc": 1.0, "local_perc": 5.4519681605059426e-05}, "GANGOH": {"global_perc": 0.125, "local_perc": 5.4519681605059426e-05}, "GARUD": {"global_perc": 0.25, "local_perc": 5.4519681605059426e-05}, "GHES": {"global_perc": 1.0, "local_perc": 5.4519681605059426e-05}, "GHUMARI": {"global_perc": 1.0, "local_perc": 5.4519681605059426e-05}, "GHURET": {"global_perc": 1.0, "local_perc": 5.4519681605059426e-05}, "GIDAM": {"global_perc": 1.0, "local_perc": 5.4519681605059426e-05}, "GIPU": {"global_perc": 0.5, "local_perc": 5.4519681605059426e-05}, "GOKHLAPUR": {"global_perc": 1.0, "local_perc": 5.4519681605059426e-05}, "GORAIPUR": {"global_perc": 0.5, "local_perc": 0.00010903936321011885}, "GORIARI": {"global_perc": 1.0, "local_perc": 5.4519681605059426e-05}, "GORIYADIH": {"global_perc": 1.0, "local_perc": 5.4519681605059426e-05}, "GOSAIPUR": {"global_perc": 0.1, "local_perc": 5.4519681605059426e-05}, "GOVARDHANPUR": {"global_perc": 1.0, "local_perc": 0.0002180787264202377}, "GOVINDPUR": {"global_perc": 0.037037037037037035, "local_perc": 5.4519681605059426e-05}, "GUDDALUR": {"global_perc": 1.0, "local_perc": 5.4519681605059426e-05}, "GULAULA KHERA": {"global_perc": 1.0, "local_perc": 5.4519681605059426e-05}, "GUSHAL": {"global_perc": 1.0, "local_perc": 5.4519681605059426e-05}, "GUTAKBARA": {"global_perc": 1.0, "local_perc": 5.4519681605059426e-05}, "GUTJORA": {"global_perc": 1.0, "local_perc": 5.4519681605059426e-05}, "HAJIPUR": {"global_perc": 0.05555555555555555, "local_perc": 5.4519681605059426e-05}, "HALLIDAYGANJ": {"global_perc": 0.2, "local_perc": 5.4519681605059426e-05}, "HARDASPUR": {"global_perc": 0.25, "local_perc": 5.4519681605059426e-05}, "HARIHARPUR": {"global_perc": 0.03225806451612903, "local_perc": 5.4519681605059426e-05}, "HARITANGANJ": {"global_perc": 1.0, "local_perc": 5.4519681605059426e-05}, "HATGAON": {"global_perc": 0.5, "local_perc": 5.4519681605059426e-05}, "HATIMODA": {"global_perc": 1.0, "local_perc": 5.4519681605059426e-05}, "HATINA": {"global_perc": 0.3333333333333333, "local_perc": 5.4519681605059426e-05}, "HAZARA SINGHWALA": {"global_perc": 1.0, "local_perc": 5.4519681605059426e-05}, "HERMA": {"global_perc": 1.0, "local_perc": 5.4519681605059426e-05}, "HIDAYATPUR": {"global_perc": 0.3333333333333333, "local_perc": 5.4519681605059426e-05}, "HITUTOLI": {"global_perc": 1.0, "local_perc": 5.4519681605059426e-05}, "HONOKO": {"global_perc": 1.0, "local_perc": 5.4519681605059426e-05}, "HUDOLI": {"global_perc": 0.5, "local_perc": 5.4519681605059426e-05}, "ICHA": {"global_perc": 0.5, "local_perc": 5.4519681605059426e-05}, "ICHAWA": {"global_perc": 1.0, "local_perc": 5.4519681605059426e-05}, "IMLIGAON": {"global_perc": 1.0, "local_perc": 5.4519681605059426e-05}, "INDRAGADA": {"global_perc": 0.3333333333333333, "local_perc": 5.4519681605059426e-05}, "ISMAILPUR": {"global_perc": 0.08333333333333333, "local_perc": 5.4519681605059426e-05}, "ISMILPUR": {"global_perc": 1.0, "local_perc": 5.4519681605059426e-05}, "ITKHORI": {"global_perc": 0.5, "local_perc": 5.4519681605059426e-05}, "JAGDISPUR": {"global_perc": 1.0, "local_perc": 5.4519681605059426e-05}, "JAHARPUR": {"global_perc": 1.0, "local_perc": 5.4519681605059426e-05}, "JAIND": {"global_perc": 0.5, "local_perc": 5.4519681605059426e-05}, "JALIKHAN": {"global_perc": 0.3333333333333333, "local_perc": 5.4519681605059426e-05}, "JAMRI": {"global_perc": 0.25, "local_perc": 5.4519681605059426e-05}, "JANKI DHAR": {"global_perc": 1.0, "local_perc": 5.4519681605059426e-05}, "JHANJIDIH": {"global_perc": 1.0, "local_perc": 5.4519681605059426e-05}, "JHUNGIAN": {"global_perc": 1.0, "local_perc": 5.4519681605059426e-05}, "JKARIYA": {"global_perc": 1.0, "local_perc": 5.4519681605059426e-05}, "JOGAPATTI": {"global_perc": 1.0, "local_perc": 5.4519681605059426e-05}, "JOSYANA": {"global_perc": 0.2, "local_perc": 5.4519681605059426e-05}, "Jansua": {"global_perc": 0.5, "local_perc": 5.4519681605059426e-05}, "KACHNAL": {"global_perc": 1.0, "local_perc": 5.4519681605059426e-05}, "KADGIDOHI": {"global_perc": 1.0, "local_perc": 5.4519681605059426e-05}, "KAKRAD": {"global_perc": 1.0, "local_perc": 5.4519681605059426e-05}, "KAKRALA": {"global_perc": 0.5, "local_perc": 5.4519681605059426e-05}, "KAMARPUKUR": {"global_perc": 1.0, "local_perc": 5.4519681605059426e-05}, "KANA SUAN": {"global_perc": 0.5, "local_perc": 5.4519681605059426e-05}, "KANDA MALLA": {"global_perc": 0.3333333333333333, "local_perc": 5.4519681605059426e-05}, "KANDARWALKALA": {"global_perc": 1.0, "local_perc": 5.4519681605059426e-05}, "KANDI": {"global_perc": 0.08333333333333333, "local_perc": 5.4519681605059426e-05}, "KANKABATI": {"global_perc": 0.3333333333333333, "local_perc": 5.4519681605059426e-05}, "KARAKAT": {"global_perc": 0.125, "local_perc": 5.4519681605059426e-05}, "KARJANIA": {"global_perc": 1.0, "local_perc": 5.4519681605059426e-05}, "KARMCHATA": {"global_perc": 0.2, "local_perc": 5.4519681605059426e-05}, "KARNU": {"global_perc": 0.125, "local_perc": 5.4519681605059426e-05}, "KARSANDA": {"global_perc": 1.0, "local_perc": 5.4519681605059426e-05}, "KATGHARA KALAN": {"global_perc": 1.0, "local_perc": 5.4519681605059426e-05}, "KAZAURA": {"global_perc": 1.0, "local_perc": 5.4519681605059426e-05}, "KESARI": {"global_perc": 0.25, "local_perc": 5.4519681605059426e-05}, "KHAIRA BUHLA": {"global_perc": 0.3333333333333333, "local_perc": 5.4519681605059426e-05}, "KHAJURI": {"global_perc": 0.07142857142857142, "local_perc": 5.4519681605059426e-05}, "KHALSIBERIA": {"global_perc": 0.5, "local_perc": 5.4519681605059426e-05}, "KHARAICH": {"global_perc": 1.0, "local_perc": 5.4519681605059426e-05}, "KHARIKURD": {"global_perc": 1.0, "local_perc": 5.4519681605059426e-05}, "KHARUHL": {"global_perc": 0.25, "local_perc": 5.4519681605059426e-05}, "KHEKADA": {"global_perc": 0.5, "local_perc": 5.4519681605059426e-05}, "KHIRAIRIKHAL": {"global_perc": 0.2, "local_perc": 5.4519681605059426e-05}, "KHIRANWALI": {"global_perc": 0.5, "local_perc": 5.4519681605059426e-05}, "KHUNTI": {"global_perc": 0.3333333333333333, "local_perc": 0.00010903936321011885}, "KHURAMPUR DALLU": {"global_perc": 0.5, "local_perc": 5.4519681605059426e-05}, "KHUTADIH": {"global_perc": 1.0, "local_perc": 5.4519681605059426e-05}, "KIRIBURU": {"global_perc": 1.0, "local_perc": 5.4519681605059426e-05}, "KISHANPUR": {"global_perc": 0.3333333333333333, "local_perc": 0.00016355904481517829}, "KOKADIH": {"global_perc": 1.0, "local_perc": 5.4519681605059426e-05}, "KOLAMBI": {"global_perc": 0.5, "local_perc": 5.4519681605059426e-05}, "KONCH": {"global_perc": 0.3333333333333333, "local_perc": 5.4519681605059426e-05}, "KOTHI": {"global_perc": 0.05405405405405406, "local_perc": 0.00010903936321011885}, "KRISHAN GARH": {"global_perc": 0.1111111111111111, "local_perc": 5.4519681605059426e-05}, "KUMKUMA": {"global_perc": 0.6666666666666666, "local_perc": 0.00010903936321011885}, "KUPWARA": {"global_perc": 0.3333333333333333, "local_perc": 5.4519681605059426e-05}, "KURALI": {"global_perc": 0.5, "local_perc": 5.4519681605059426e-05}, "KURKNALA": {"global_perc": 0.5, "local_perc": 5.4519681605059426e-05}, "KURKUTIYA": {"global_perc": 1.0, "local_perc": 5.4519681605059426e-05}, "KUTU PUR": {"global_perc": 1.0, "local_perc": 5.4519681605059426e-05}, "KUTUMBA": {"global_perc": 0.25, "local_perc": 5.4519681605059426e-05}, "Khagraun": {"global_perc": 0.3333333333333333, "local_perc": 5.4519681605059426e-05}, "LACCHHAA": {"global_perc": 1.0, "local_perc": 5.4519681605059426e-05}, "LAKHAMIPUR": {"global_perc": 1.0, "local_perc": 5.4519681605059426e-05}, "LALPURA": {"global_perc": 0.07692307692307693, "local_perc": 5.4519681605059426e-05}, "LASRANA": {"global_perc": 0.3333333333333333, "local_perc": 5.4519681605059426e-05}, "LODHBHARWARI": {"global_perc": 1.0, "local_perc": 5.4519681605059426e-05}, "LODIP[UR": {"global_perc": 0.5, "local_perc": 5.4519681605059426e-05}, "LOHNA": {"global_perc": 0.3333333333333333, "local_perc": 5.4519681605059426e-05}, "LOTOR": {"global_perc": 1.0, "local_perc": 5.4519681605059426e-05}, "MADHOPUR": {"global_perc": 0.03225806451612903, "local_perc": 5.4519681605059426e-05}, "MAHRIPUR": {"global_perc": 1.0, "local_perc": 5.4519681605059426e-05}, "MAHUADANR": {"global_perc": 0.16666666666666666, "local_perc": 5.4519681605059426e-05}, "MAHUAKOL": {"global_perc": 1.0, "local_perc": 5.4519681605059426e-05}, "MAJHIGAWA": {"global_perc": 0.25, "local_perc": 5.4519681605059426e-05}, "MAJHOLA": {"global_perc": 0.5, "local_perc": 5.4519681605059426e-05}, "MAJIRABAD": {"global_perc": 1.0, "local_perc": 5.4519681605059426e-05}, "MAJORHI": {"global_perc": 1.0, "local_perc": 5.4519681605059426e-05}, "MAKUNDAPUR": {"global_perc": 0.1111111111111111, "local_perc": 5.4519681605059426e-05}, "MALAU": {"global_perc": 1.0, "local_perc": 5.4519681605059426e-05}, "MALHA": {"global_perc": 1.0, "local_perc": 5.4519681605059426e-05}, "MAMBATTU": {"global_perc": 1.0, "local_perc": 5.4519681605059426e-05}, "MAMKHIR": {"global_perc": 1.0, "local_perc": 5.4519681605059426e-05}, "MANDRE PUR": {"global_perc": 1.0, "local_perc": 5.4519681605059426e-05}, "MANGAT KHERA": {"global_perc": 1.0, "local_perc": 5.4519681605059426e-05}, "MANGLORE": {"global_perc": 0.2, "local_perc": 5.4519681605059426e-05}, "MANHE": {"global_perc": 1.0, "local_perc": 5.4519681605059426e-05}, "MARANGHADA": {"global_perc": 0.3333333333333333, "local_perc": 5.4519681605059426e-05}, "MARARI KALA": {"global_perc": 0.5, "local_perc": 5.4519681605059426e-05}, "MASAURI": {"global_perc": 0.25, "local_perc": 5.4519681605059426e-05}, "MASTI PALKOT": {"global_perc": 1.0, "local_perc": 5.4519681605059426e-05}, "MATHIA": {"global_perc": 0.25, "local_perc": 5.4519681605059426e-05}, "MATHURAPUR": {"global_perc": 0.1, "local_perc": 5.4519681605059426e-05}, "MEEHA SOTI": {"global_perc": 1.0, "local_perc": 5.4519681605059426e-05}, "MENDALI": {"global_perc": 1.0, "local_perc": 5.4519681605059426e-05}, "MERKHARA": {"global_perc": 1.0, "local_perc": 5.4519681605059426e-05}, "MIRPUR RATANPUR": {"global_perc": 1.0, "local_perc": 5.4519681605059426e-05}, "MISRAULI": {"global_perc": 1.0, "local_perc": 5.4519681605059426e-05}, "MO. SARAI ALI": {"global_perc": 1.0, "local_perc": 5.4519681605059426e-05}, "MOHANCAMP": {"global_perc": 0.3333333333333333, "local_perc": 5.4519681605059426e-05}, "MOKRAM": {"global_perc": 1.0, "local_perc": 5.4519681605059426e-05}, "MOTALAGUDA": {"global_perc": 1.0, "local_perc": 5.4519681605059426e-05}, "MUBARAKPUR": {"global_perc": 0.08333333333333333, "local_perc": 5.4519681605059426e-05}, "MUKIMPUR": {"global_perc": 1.0, "local_perc": 5.4519681605059426e-05}, "MUNIMPUR": {"global_perc": 0.3333333333333333, "local_perc": 5.4519681605059426e-05}, "MUQAM": {"global_perc": 1.0, "local_perc": 5.4519681605059426e-05}, "Mianpur": {"global_perc": 0.3333333333333333, "local_perc": 5.4519681605059426e-05}, "N.A.": {"global_perc": 0.0053987497632127296, "local_perc": 0.0031076218514883873}, "NAGLA BANWARI": {"global_perc": 1.0, "local_perc": 5.4519681605059426e-05}, "NAGWA": {"global_perc": 0.5, "local_perc": 5.4519681605059426e-05}, "NAIDUMANGALAM": {"global_perc": 1.0, "local_perc": 5.4519681605059426e-05}, "NAINA BAGICHA": {"global_perc": 1.0, "local_perc": 5.4519681605059426e-05}, "NARAPAKKAM": {"global_perc": 1.0, "local_perc": 5.4519681605059426e-05}, "NARAYANPUR": {"global_perc": 0.011235955056179775, "local_perc": 5.4519681605059426e-05}, "NAUGAON": {"global_perc": 0.125, "local_perc": 5.4519681605059426e-05}, "NAWADA": {"global_perc": 0.03225806451612903, "local_perc": 5.4519681605059426e-05}, "NERIGAM": {"global_perc": 1.0, "local_perc": 5.4519681605059426e-05}, "NERKUNDRAM": {"global_perc": 1.0, "local_perc": 5.4519681605059426e-05}, "NEURA": {"global_perc": 1.0, "local_perc": 5.4519681605059426e-05}, "NILAMBUR": {"global_perc": 1.0, "local_perc": 5.4519681605059426e-05}, "NIWADA": {"global_perc": 1.0, "local_perc": 5.4519681605059426e-05}, "OJONTOR": {"global_perc": 1.0, "local_perc": 5.4519681605059426e-05}, "PABAPUR": {"global_perc": 1.0, "local_perc": 5.4519681605059426e-05}, "PACHAI JAGDISH": {"global_perc": 0.5, "local_perc": 5.4519681605059426e-05}, "PAIGAMBARPUR": {"global_perc": 1.0, "local_perc": 5.4519681605059426e-05}, "PALRI CHHINA": {"global_perc": 1.0, "local_perc": 5.4519681605059426e-05}, "PANAPUR": {"global_perc": 0.3333333333333333, "local_perc": 0.00010903936321011885}, "PANDRA": {"global_perc": 0.3333333333333333, "local_perc": 5.4519681605059426e-05}, "PANIHARI": {"global_perc": 0.3333333333333333, "local_perc": 5.4519681605059426e-05}, "PARAG SAHA": {"global_perc": 1.0, "local_perc": 5.4519681605059426e-05}, "PARAGSAHA": {"global_perc": 1.0, "local_perc": 5.4519681605059426e-05}, "PARSHURAMPUR": {"global_perc": 0.5, "local_perc": 5.4519681605059426e-05}, "PATAHATU": {"global_perc": 1.0, "local_perc": 5.4519681605059426e-05}, "PATHOLI": {"global_perc": 1.0, "local_perc": 5.4519681605059426e-05}, "PATLOT": {"global_perc": 1.0, "local_perc": 5.4519681605059426e-05}, "PERIYAKULAM": {"global_perc": 1.0, "local_perc": 5.4519681605059426e-05}, "PHULBARI": {"global_perc": 0.2, "local_perc": 5.4519681605059426e-05}, "PIPARAHI": {"global_perc": 1.0, "local_perc": 5.4519681605059426e-05}, "PISTA": {"global_perc": 0.5, "local_perc": 5.4519681605059426e-05}, "PRANPUR": {"global_perc": 0.09090909090909091, "local_perc": 5.4519681605059426e-05}, "PREMNAGAR": {"global_perc": 0.25, "local_perc": 5.4519681605059426e-05}, "PULSIYA": {"global_perc": 1.0, "local_perc": 5.4519681605059426e-05}, "PURANDHA": {"global_perc": 0.5, "local_perc": 0.00010903936321011885}, "PUREMANSARAM": {"global_perc": 1.0, "local_perc": 5.4519681605059426e-05}, "PURSHOTUMPUR": {"global_perc": 0.5, "local_perc": 5.4519681605059426e-05}, "PURUNABALICHUA": {"global_perc": 1.0, "local_perc": 5.4519681605059426e-05}, "RAGHOPUR": {"global_perc": 0.16666666666666666, "local_perc": 5.4519681605059426e-05}, "RAGHUPUR": {"global_perc": 0.2, "local_perc": 5.4519681605059426e-05}, "RAMDIRI": {"global_perc": 1.0, "local_perc": 5.4519681605059426e-05}, "RAMGARH": {"global_perc": 0.01694915254237288, "local_perc": 5.4519681605059426e-05}, "RANGAPATTI": {"global_perc": 0.5, "local_perc": 5.4519681605059426e-05}, "RANIPOKHRI": {"global_perc": 0.25, "local_perc": 5.4519681605059426e-05}, "RASANPUR": {"global_perc": 1.0, "local_perc": 5.4519681605059426e-05}, "RATANARI": {"global_perc": 1.0, "local_perc": 5.4519681605059426e-05}, "RIKHIYA": {"global_perc": 0.14285714285714285, "local_perc": 5.4519681605059426e-05}, "RINGWARI": {"global_perc": 0.3333333333333333, "local_perc": 5.4519681605059426e-05}, "ROHELA HAJI UTTAR": {"global_perc": 0.5, "local_perc": 5.4519681605059426e-05}, "ROORKEE": {"global_perc": 0.6666666666666666, "local_perc": 0.00010903936321011885}, "ROWAHALI": {"global_perc": 1.0, "local_perc": 5.4519681605059426e-05}, "ROWAHLI": {"global_perc": 0.5, "local_perc": 5.4519681605059426e-05}, "Rangchali Gaon": {"global_perc": 1.0, "local_perc": 5.4519681605059426e-05}, "SADAT MALAUT": {"global_perc": 1.0, "local_perc": 5.4519681605059426e-05}, "SAGAHRIYA": {"global_perc": 1.0, "local_perc": 5.4519681605059426e-05}, "SAHMALPUR": {"global_perc": 1.0, "local_perc": 5.4519681605059426e-05}, "SAIDPUR": {"global_perc": 0.0625, "local_perc": 5.4519681605059426e-05}, "SAIFPUR KARAMCHANDPUR": {"global_perc": 1.0, "local_perc": 5.4519681605059426e-05}, "SAKHRUA BUJURG": {"global_perc": 1.0, "local_perc": 5.4519681605059426e-05}, "SALEM PUR": {"global_perc": 0.5, "local_perc": 5.4519681605059426e-05}, "SAMASA": {"global_perc": 1.0, "local_perc": 5.4519681605059426e-05}, "SAMHO AKHA KURHA": {"global_perc": 1.0, "local_perc": 5.4519681605059426e-05}, "SAMRER": {"global_perc": 0.3333333333333333, "local_perc": 5.4519681605059426e-05}, "SANGHANATH": {"global_perc": 1.0, "local_perc": 5.4519681605059426e-05}, "SANSARIPUR": {"global_perc": 0.3333333333333333, "local_perc": 5.4519681605059426e-05}, "SAPARUM": {"global_perc": 1.0, "local_perc": 0.00010903936321011885}, "SAPERU": {"global_perc": 0.5, "local_perc": 5.4519681605059426e-05}, "SAR": {"global_perc": 1.0, "local_perc": 5.4519681605059426e-05}, "SARAI": {"global_perc": 0.18181818181818182, "local_perc": 0.00010903936321011885}, "SARAIYAMAFI": {"global_perc": 0.5, "local_perc": 5.4519681605059426e-05}, "SARKAMI": {"global_perc": 0.5, "local_perc": 5.4519681605059426e-05}, "SAWAYA RAI HITHER": {"global_perc": 1.0, "local_perc": 5.4519681605059426e-05}, "SEMRIYA": {"global_perc": 0.5, "local_perc": 5.4519681605059426e-05}, "SEMUAR KHANPUR": {"global_perc": 1.0, "local_perc": 5.4519681605059426e-05}, "SERIYA DHAR": {"global_perc": 0.5, "local_perc": 5.4519681605059426e-05}, "SHAHJAHANPUR": {"global_perc": 0.3333333333333333, "local_perc": 5.4519681605059426e-05}, "SHASHIN": {"global_perc": 1.0, "local_perc": 5.4519681605059426e-05}, "SHISHGARH": {"global_perc": 1.0, "local_perc": 5.4519681605059426e-05}, "SHIV PUR": {"global_perc": 1.0, "local_perc": 5.4519681605059426e-05}, "SHIWRAMPUR": {"global_perc": 1.0, "local_perc": 5.4519681605059426e-05}, "SHONDHI": {"global_perc": 0.5, "local_perc": 5.4519681605059426e-05}, "SIHMAN": {"global_perc": 1.0, "local_perc": 5.4519681605059426e-05}, "SILADON": {"global_perc": 0.3333333333333333, "local_perc": 5.4519681605059426e-05}, "SIMARIA": {"global_perc": 1.0, "local_perc": 5.4519681605059426e-05}, "SIRFIFA PAVAR": {"global_perc": 1.0, "local_perc": 5.4519681605059426e-05}, "SISIA": {"global_perc": 0.3333333333333333, "local_perc": 5.4519681605059426e-05}, "SITA PUR": {"global_perc": 1.0, "local_perc": 5.4519681605059426e-05}, "SIYUM": {"global_perc": 0.03125, "local_perc": 5.4519681605059426e-05}, "SODAG": {"global_perc": 1.0, "local_perc": 5.4519681605059426e-05}, "SUKHASAN": {"global_perc": 0.14285714285714285, "local_perc": 5.4519681605059426e-05}, "SURAPUR": {"global_perc": 0.5, "local_perc": 5.4519681605059426e-05}, "SYAHI DEVI GUNTH": {"global_perc": 1.0, "local_perc": 5.4519681605059426e-05}, "TABADS": {"global_perc": 1.0, "local_perc": 5.4519681605059426e-05}, "TAJANG": {"global_perc": 0.1, "local_perc": 5.4519681605059426e-05}, "TAJPUR": {"global_perc": 0.08333333333333333, "local_perc": 5.4519681605059426e-05}, "TALBONA": {"global_perc": 1.0, "local_perc": 5.4519681605059426e-05}, "TAPPU RAGUNATHPUR": {"global_perc": 0.5, "local_perc": 5.4519681605059426e-05}, "TARDIHA": {"global_perc": 0.2, "local_perc": 5.4519681605059426e-05}, "TARUN": {"global_perc": 0.5, "local_perc": 5.4519681605059426e-05}, "THIRUMANAVAYAL": {"global_perc": 0.5, "local_perc": 5.4519681605059426e-05}, "TIBBI KALAN": {"global_perc": 0.25, "local_perc": 5.4519681605059426e-05}, "TILAKPUR": {"global_perc": 0.1111111111111111, "local_perc": 5.4519681605059426e-05}, "TINSUKIA": {"global_perc": 0.5, "local_perc": 5.4519681605059426e-05}, "TIPIJHARI": {"global_perc": 1.0, "local_perc": 5.4519681605059426e-05}, "TIRUKOSTIYUR": {"global_perc": 1.0, "local_perc": 5.4519681605059426e-05}, "TIUYRAK": {"global_perc": 1.0, "local_perc": 5.4519681605059426e-05}, "TIYRAKALA": {"global_perc": 1.0, "local_perc": 0.00010903936321011885}, "TOE MAKHOWAL": {"global_perc": 0.5, "local_perc": 5.4519681605059426e-05}, "TOLA SIPAHIYA": {"global_perc": 0.5, "local_perc": 5.4519681605059426e-05}, "TUKBERA": {"global_perc": 0.5, "local_perc": 5.4519681605059426e-05}, "TUSMU": {"global_perc": 1.0, "local_perc": 5.4519681605059426e-05}, "Tengkigittim": {"global_perc": 0.16666666666666666, "local_perc": 5.4519681605059426e-05}, "Tibbi Kalan": {"global_perc": 1.0, "local_perc": 5.4519681605059426e-05}, "UDAMANDA": {"global_perc": 1.0, "local_perc": 0.00010903936321011885}, "UMAIDPUR": {"global_perc": 1.0, "local_perc": 5.4519681605059426e-05}, "UNERA": {"global_perc": 1.0, "local_perc": 5.4519681605059426e-05}, "VILANDAPUR": {"global_perc": 0.25, "local_perc": 5.4519681605059426e-05}, "VINAURA": {"global_perc": 1.0, "local_perc": 5.4519681605059426e-05}}, "partition_field": "Near_Vil_Tow_Nam_hav_Prim_School", "Vil_Nam": "Push Wari", "Stat_Nam": "JAMMU & KASHMIR"}, {"data": [["Mat_An_Chil_Wel_Cen_Par_Med_Staf_In_Pos_Num", 0], ["TB_Clin_Par_Med_Par_Med_Staf_In_Pos_Num", 0], 99980001], "data_low": {"Stat_Nam": "JAMMU & KASHMIR", "Vil_Nam": "Bore", "Mat_An_Chil_Wel_Cen_Par_Med_Staf_In_Pos_Num": "", "TB_Clin_Par_Med_Par_Med_Staf_In_Pos_Num": "", "id": 0}, "data_high": {"Stat_Nam": "UTTAR PRADESH", "Vil_Nam": "Khairhan", "Mat_An_Chil_Wel_Cen_Par_Med_Staf_In_Pos_Num": "k", "TB_Clin_Par_Med_Par_Med_Staf_In_Pos_Num": "0", "id": 140407}, "perc": 95.56931229676022, "metric": 9.558842902668126e-07, "value_global_local": {"null": {"global_perc": 0.9556931229676021, "local_perc": 1.0}}, "partition_field": "Dist_Other", "Vil_Nam": "Bore", "Stat_Nam": "JAMMU & KASHMIR"}]