[{"data": [["Tot_Fem_Pop_of_Vil", 0], ["Tot_Mal_Pop_of_Vil", 0], 99980001], "data_low": {"Stat_Nam": "JAMMU & KASHMIR", "Vil_Nam": "Bugna", "Tot_Mal_Pop_of_Vil": "", "Tot_Fem_Pop_of_Vil": "", "id": 2}, "data_high": {"Stat_Nam": "JHARKHAND", "Vil_Nam": "Misirgidhanda", "Tot_Mal_Pop_of_Vil": "0", "Tot_Fem_Pop_of_Vil": "0", "id": 351733}, "perc": 6.897266048416236, "metric": 7558087272.368034, "value_global_local": {"": {"global_perc": 1.0, "local_perc": 4.656468999557636e-05}, "ANDAMAN & NICOBAR ISLANDS": {"global_perc": 0.2864864864864865, "local_perc": 0.00370189285464832}, "ANDHRA PRADESH": {"global_perc": 0.05446043165467626, "local_perc": 0.0352494703266513}, "ASSAM": {"global_perc": 0.03875734040537981, "local_perc": 0.023817838932737305}, "Arunachal Pradesh": {"global_perc": 0.05922347468241188, "local_perc": 0.007706456194267887}, "BIHAR": {"global_perc": 0.1292730757231359, "local_perc": 0.13506088333216923}, "CHHATTISGARH": {"global_perc": 0.027775017390440228, "local_perc": 0.013014830853763591}, "GOA": {"global_perc": 0.041916167664670656, "local_perc": 0.0003259528299690345}, "HARYANA": {"global_perc": 0.029089314427715247, "local_perc": 0.004633186654559847}, "HIMACHAL PRADESH": {"global_perc": 0.13571773803769938, "local_perc": 0.0653768247537892}, "JAMMU & KASHMIR": {"global_perc": 0.03296200213642606, "local_perc": 0.0050289865195222464}, "JHARKHAND": {"global_perc": 0.08961536086929678, "local_perc": 0.06758864752857908}, "KARNATAKA": {"global_perc": 0.06622358554873892, "local_perc": 0.04523759633070243}, "KERALA": {"global_perc": 0.0009823182711198428, "local_perc": 2.328234499778818e-05}, "LAKSHADWEEP": {"global_perc": 0.7142857142857143, "local_perc": 0.00034923517496682265}, "MADHYA PRADESH": {"global_perc": 0.05416826038649983, "local_perc": 0.06924169402342203}, "MANIPUR": {"global_perc": 0.02557148392096087, "local_perc": 0.0015366347698540198}, "MIZORAM": {"global_perc": 0.15180722891566265, "local_perc": 0.0029335754697213104}, "Maharashtra": {"global_perc": 0.061971830985915494, "local_perc": 0.06300202556401481}, "Meghalaya": {"global_perc": 0.05556367890042404, "local_perc": 0.008847291099159507}, "NAGALAND": {"global_perc": 0.0196078431372549, "local_perc": 0.000651905659938069}, "NCT OF DELHI": {"global_perc": 0.08035714285714286, "local_perc": 0.0002095411049800936}, "ODISHA": {"global_perc": 0.07085923645080194, "local_perc": 0.08465460641195781}, "Punjab": {"global_perc": 0.0328272792305858, "local_perc": 0.009615608484086517}, "RAJASTHAN": {"global_perc": 0.03151862464183381, "local_perc": 0.03278154175688575}, "SIKKIM": {"global_perc": 0.057649667405764965, "local_perc": 0.0006053409699424926}, "TRIPURA": {"global_perc": 0.013714285714285714, "local_perc": 0.0002793881399734581}, "Tamil Nadu": {"global_perc": 0.05820138932348708, "local_perc": 0.021652580847943005}, "UTTAR PRADESH": {"global_perc": 0.08392492554367167, "local_perc": 0.20863309352517986}, "UTTARAKHAND": {"global_perc": 0.06240695527898529, "local_perc": 0.02439989755768201}, "West Bengal": {"global_perc": 0.06812869859266994, "local_perc": 0.0637936252939396}}, "partition_field": "Stat_Nam", "Vil_Nam": "Bugna", "Stat_Nam": "JAMMU & KASHMIR"}, {"data": [["Tot_Fem_Pop_of_Vil", 3.0], ["Tot_Mal_Pop_of_Vil", 0.0], 9999], "data_low": {"Stat_Nam": "HIMACHAL PRADESH", "Vil_Nam": "Dhar Gangchhumi (165)", "Tot_Mal_Pop_of_Vil": "0", "Tot_Fem_Pop_of_Vil": "1", "id": 12501}, "data_high": {"Stat_Nam": "Arunachal Pradesh", "Vil_Nam": "Ngang Gongma Gonpa", "Tot_Mal_Pop_of_Vil": "0", "Tot_Fem_Pop_of_Vil": "7", "id": 260464}, "perc": 0.012204424103737605, "metric": 811764.0904921228, "value_global_local": {"ANDHRA PRADESH": {"global_perc": 0.0001079136690647482, "local_perc": 0.039473684210526314}, "Arunachal Pradesh": {"global_perc": 0.001789228842368939, "local_perc": 0.13157894736842105}, "BIHAR": {"global_perc": 6.685385746757588e-05, "local_perc": 0.039473684210526314}, "HIMACHAL PRADESH": {"global_perc": 0.0006283228612856452, "local_perc": 0.17105263157894737}, "JHARKHAND": {"global_perc": 0.00018521948508983145, "local_perc": 0.07894736842105263}, "KARNATAKA": {"global_perc": 6.81663258350375e-05, "local_perc": 0.02631578947368421}, "MADHYA PRADESH": {"global_perc": 7.285576380161376e-05, "local_perc": 0.05263157894736842}, "Maharashtra": {"global_perc": 6.870491240123669e-05, "local_perc": 0.039473684210526314}, "Meghalaya": {"global_perc": 0.00029244041526538966, "local_perc": 0.02631578947368421}, "ODISHA": {"global_perc": 0.00017539414963069788, "local_perc": 0.11842105263157894}, "Punjab": {"global_perc": 7.948493760432397e-05, "local_perc": 0.013157894736842105}, "RAJASTHAN": {"global_perc": 4.477077363896848e-05, "local_perc": 0.02631578947368421}, "Tamil Nadu": {"global_perc": 0.00012516427811502597, "local_perc": 0.02631578947368421}, "UTTAR PRADESH": {"global_perc": 2.809672766778429e-05, "local_perc": 0.039473684210526314}, "UTTARAKHAND": {"global_perc": 0.0007145834573929614, "local_perc": 0.15789473684210525}, "West Bengal": {"global_perc": 2.4864488537470783e-05, "local_perc": 0.013157894736842105}}, "partition_field": "Stat_Nam", "Vil_Nam": "D.P.F. Jandrighat (90)", "Stat_Nam": "HIMACHAL PRADESH"}, {"data": [["Tot_Fem_Pop_of_Vil", 31.0], ["Tot_Mal_Pop_of_Vil", 1.0], 31.0], "data_low": {"Stat_Nam": "Arunachal Pradesh", "Vil_Nam": "Mechi", "Tot_Mal_Pop_of_Vil": "1", "Tot_Fem_Pop_of_Vil": "31", "id": 261228}, "data_high": {"Stat_Nam": "Arunachal Pradesh", "Vil_Nam": "Mechi", "Tot_Mal_Pop_of_Vil": "1", "Tot_Fem_Pop_of_Vil": "31", "id": 261228}, "perc": 0.00016058452768075794, "metric": 2498.278144039753, "value_global_local": {}, "partition_field": null, "Vil_Nam": "Mechi", "Stat_Nam": "Arunachal Pradesh"}, {"data": [["Tot_Fem_Pop_of_Vil", 178.0], ["Tot_Mal_Pop_of_Vil", 6.0], 29.666666666666668], "data_low": {"Stat_Nam": "HIMACHAL PRADESH", "Vil_Nam": "Bajol (599)", "Tot_Mal_Pop_of_Vil": "6", "Tot_Fem_Pop_of_Vil": "178", "id": 21922}, "data_high": {"Stat_Nam": "HIMACHAL PRADESH", "Vil_Nam": "Bajol (599)", "Tot_Mal_Pop_of_Vil": "6", "Tot_Fem_Pop_of_Vil": "178", "id": 21922}, "perc": 0.00016058452768075794, "metric": 2390.0165613957856, "value_global_local": {}, "partition_field": null, "Vil_Nam": "Bajol (599)", "Stat_Nam": "HIMACHAL PRADESH"}, {"data": [["Tot_Fem_Pop_of_Vil", 44.0], ["Tot_Mal_Pop_of_Vil", 2.0], 22.0], "data_low": {"Stat_Nam": "Arunachal Pradesh", "Vil_Nam": "Singsore Ani Gompa", "Tot_Mal_Pop_of_Vil": "2", "Tot_Fem_Pop_of_Vil": "44", "id": 260540}, "data_high": {"Stat_Nam": "Arunachal Pradesh", "Vil_Nam": "Singsore Ani Gompa", "Tot_Mal_Pop_of_Vil": "2", "Tot_Fem_Pop_of_Vil": "44", "id": 260540}, "perc": 0.00016058452768075794, "metric": 1767.512461192971, "value_global_local": {}, "partition_field": null, "Vil_Nam": "Singsore Ani Gompa", "Stat_Nam": "Arunachal Pradesh"}, {"data": [["Tot_Fem_Pop_of_Vil", 982.0], ["Tot_Mal_Pop_of_Vil", 77.0], 12.753246753246753], "data_low": {"Stat_Nam": "ASSAM", "Vil_Nam": "Chandra Teron", "Tot_Mal_Pop_of_Vil": "3", "Tot_Fem_Pop_of_Vil": "38", "id": 296771}, "data_high": {"Stat_Nam": "ANDHRA PRADESH", "Vil_Nam": "Allampalle", "Tot_Mal_Pop_of_Vil": "77", "Tot_Fem_Pop_of_Vil": "982", "id": 557279}, "perc": 0.0003211690553615159, "metric": 1016.7097229004056, "value_global_local": {}, "partition_field": null, "Vil_Nam": "Allampalle", "Stat_Nam": "ANDHRA PRADESH"}, {"data": [["Tot_Fem_Pop_of_Vil", 3990.0], ["Tot_Mal_Pop_of_Vil", 318.0], 12.547169811320755], "data_low": {"Stat_Nam": "Tamil Nadu", "Vil_Nam": "Elaiyampalayam", "Tot_Mal_Pop_of_Vil": "318", "Tot_Fem_Pop_of_Vil": "3990", "id": 611805}, "data_high": {"Stat_Nam": "Tamil Nadu", "Vil_Nam": "Elaiyampalayam", "Tot_Mal_Pop_of_Vil": "318", "Tot_Fem_Pop_of_Vil": "3990", "id": 611805}, "perc": 0.00016058452768075794, "metric": 999.9786936746524, "value_global_local": {}, "partition_field": null, "Vil_Nam": "Elaiyampalayam", "Stat_Nam": "Tamil Nadu"}, {"data": [["Tot_Fem_Pop_of_Vil", 58.0], ["Tot_Mal_Pop_of_Vil", 5.0], 11.6], "data_low": {"Stat_Nam": "Arunachal Pradesh", "Vil_Nam": "Bikur", "Tot_Mal_Pop_of_Vil": "5", "Tot_Fem_Pop_of_Vil": "58", "id": 261643}, "data_high": {"Stat_Nam": "Arunachal Pradesh", "Vil_Nam": "Bikur", "Tot_Mal_Pop_of_Vil": "5", "Tot_Fem_Pop_of_Vil": "58", "id": 261643}, "perc": 0.00016058452768075794, "metric": 923.0721165700226, "value_global_local": {}, "partition_field": null, "Vil_Nam": "Bikur", "Stat_Nam": "Arunachal Pradesh"}, {"data": [["Tot_Fem_Pop_of_Vil", 11.0], ["Tot_Mal_Pop_of_Vil", 1.0], 11.0], "data_low": {"Stat_Nam": "HIMACHAL PRADESH", "Vil_Nam": "Tohlwin (43/68)", "Tot_Mal_Pop_of_Vil": "1", "Tot_Fem_Pop_of_Vil": "11", "id": 17883}, "data_high": {"Stat_Nam": "HIMACHAL PRADESH", "Vil_Nam": "Tohlwin (43/68)", "Tot_Mal_Pop_of_Vil": "1", "Tot_Fem_Pop_of_Vil": "11", "id": 17883}, "perc": 0.00016058452768075794, "metric": 874.3544043802373, "value_global_local": {}, "partition_field": null, "Vil_Nam": "Tohlwin (43/68)", "Stat_Nam": "HIMACHAL PRADESH"}, {"data": [["Tot_Fem_Pop_of_Vil", 295.0], ["Tot_Mal_Pop_of_Vil", 30.0], 9.833333333333334], "data_low": {"Stat_Nam": "ODISHA", "Vil_Nam": "Kandasur", "Tot_Mal_Pop_of_Vil": "30", "Tot_Fem_Pop_of_Vil": "295", "id": 423148}, "data_high": {"Stat_Nam": "ODISHA", "Vil_Nam": "Kandasur", "Tot_Mal_Pop_of_Vil": "30", "Tot_Fem_Pop_of_Vil": "295", "id": 423148}, "perc": 0.00016058452768075794, "metric": 779.6255195667653, "value_global_local": {}, "partition_field": null, "Vil_Nam": "Kandasur", "Stat_Nam": "ODISHA"}, {"data": [["Tot_Fem_Pop_of_Vil", 9.0], ["Tot_Mal_Pop_of_Vil", 1.0], 9.0], "data_low": {"Stat_Nam": "HIMACHAL PRADESH", "Vil_Nam": "Katal (445)", "Tot_Mal_Pop_of_Vil": "1", "Tot_Fem_Pop_of_Vil": "9", "id": 21282}, "data_high": {"Stat_Nam": "HIMACHAL PRADESH", "Vil_Nam": "Katal (445)", "Tot_Mal_Pop_of_Vil": "1", "Tot_Fem_Pop_of_Vil": "9", "id": 21282}, "perc": 0.00016058452768075794, "metric": 711.9620304142857, "value_global_local": {}, "partition_field": null, "Vil_Nam": "Katal (445)", "Stat_Nam": "HIMACHAL PRADESH"}, {"data": [["Tot_Fem_Pop_of_Vil", 8.0], ["Tot_Mal_Pop_of_Vil", 1.0], 8.0], "data_low": {"Stat_Nam": "BIHAR", "Vil_Nam": "Malepali", "Tot_Mal_Pop_of_Vil": "1", "Tot_Fem_Pop_of_Vil": "8", "id": 223267}, "data_high": {"Stat_Nam": "BIHAR", "Vil_Nam": "Malepali", "Tot_Mal_Pop_of_Vil": "1", "Tot_Fem_Pop_of_Vil": "8", "id": 223267}, "perc": 0.0003211690553615159, "metric": 630.7648305173327, "value_global_local": {}, "partition_field": null, "Vil_Nam": "Malepali", "Stat_Nam": "BIHAR"}, {"data": [["Tot_Fem_Pop_of_Vil", 54.0], ["Tot_Mal_Pop_of_Vil", 7.0], 7.714285714285714], "data_low": {"Stat_Nam": "HIMACHAL PRADESH", "Vil_Nam": "Up Muhal D.P.F. Samlaun", "Tot_Mal_Pop_of_Vil": "7", "Tot_Fem_Pop_of_Vil": "54", "id": 24184}, "data_high": {"Stat_Nam": "HIMACHAL PRADESH", "Vil_Nam": "Up Muhal D.P.F. Samlaun", "Tot_Mal_Pop_of_Vil": "7", "Tot_Fem_Pop_of_Vil": "54", "id": 24184}, "perc": 0.00016058452768075794, "metric": 607.5669328647452, "value_global_local": {}, "partition_field": null, "Vil_Nam": "Up Muhal D.P.F. Samlaun", "Stat_Nam": "HIMACHAL PRADESH"}, {"data": [["Tot_Fem_Pop_of_Vil", 503.0], ["Tot_Mal_Pop_of_Vil", 71.0], 7.084507042253521], "data_low": {"Stat_Nam": "ANDHRA PRADESH", "Vil_Nam": "Bangarumetta", "Tot_Mal_Pop_of_Vil": "71", "Tot_Fem_Pop_of_Vil": "503", "id": 561979}, "data_high": {"Stat_Nam": "UTTARAKHAND", "Vil_Nam": "Tairi", "Tot_Mal_Pop_of_Vil": "1", "Tot_Fem_Pop_of_Vil": "7", "id": 48025}, "perc": 0.0006423381107230318, "metric": 556.4286254204703, "value_global_local": {}, "partition_field": null, "Vil_Nam": "Bangarumetta", "Stat_Nam": "ANDHRA PRADESH"}, {"data": [["Tot_Fem_Pop_of_Vil", 100.0], ["Tot_Mal_Pop_of_Vil", 15.0], 6.666666666666667], "data_low": {"Stat_Nam": "UTTAR PRADESH", "Vil_Nam": "Govindapur Ratipur", "Tot_Mal_Pop_of_Vil": "15", "Tot_Fem_Pop_of_Vil": "100", "id": 162181}, "data_high": {"Stat_Nam": "ANDHRA PRADESH", "Vil_Nam": "Raigedda", "Tot_Mal_Pop_of_Vil": "69", "Tot_Fem_Pop_of_Vil": "460", "id": 563032}, "perc": 0.0003211690553615159, "metric": 522.5034217249953, "value_global_local": {}, "partition_field": null, "Vil_Nam": "Govindapur Ratipur", "Stat_Nam": "UTTAR PRADESH"}, {"data": [["Tot_Fem_Pop_of_Vil", 13.0], ["Tot_Mal_Pop_of_Vil", 2.0], 6.5], "data_low": {"Stat_Nam": "HIMACHAL PRADESH", "Vil_Nam": "Chamling (131)", "Tot_Mal_Pop_of_Vil": "2", "Tot_Fem_Pop_of_Vil": "13", "id": 12450}, "data_high": {"Stat_Nam": "HIMACHAL PRADESH", "Vil_Nam": "Chamling (131)", "Tot_Mal_Pop_of_Vil": "2", "Tot_Fem_Pop_of_Vil": "13", "id": 12450}, "perc": 0.00016058452768075794, "metric": 508.97156295684607, "value_global_local": {}, "partition_field": null, "Vil_Nam": "Chamling (131)", "Stat_Nam": "HIMACHAL PRADESH"}, {"data": [["Tot_Fem_Pop_of_Vil", 68.0], ["Tot_Mal_Pop_of_Vil", 11.0], 6.181818181818182], "data_low": {"Stat_Nam": "Arunachal Pradesh", "Vil_Nam": "Hellepaid", "Tot_Mal_Pop_of_Vil": "11", "Tot_Fem_Pop_of_Vil": "68", "id": 261633}, "data_high": {"Stat_Nam": "Arunachal Pradesh", "Vil_Nam": "Hellepaid", "Tot_Mal_Pop_of_Vil": "11", "Tot_Fem_Pop_of_Vil": "68", "id": 261633}, "perc": 0.00016058452768075794, "metric": 483.1364125531719, "value_global_local": {}, "partition_field": null, "Vil_Nam": "Hellepaid", "Stat_Nam": "Arunachal Pradesh"}, {"data": [["Tot_Fem_Pop_of_Vil", 651.0], ["Tot_Mal_Pop_of_Vil", 108.0], 6.027777777777778], "data_low": {"Stat_Nam": "JHARKHAND", "Vil_Nam": "Haripur Baharmal", "Tot_Mal_Pop_of_Vil": "38", "Tot_Fem_Pop_of_Vil": "227", "id": 353963}, "data_high": {"Stat_Nam": "ANDHRA PRADESH", "Vil_Nam": "Pedagaruvu", "Tot_Mal_Pop_of_Vil": "108", "Tot_Fem_Pop_of_Vil": "651", "id": 562890}, "perc": 0.0017664298044883376, "metric": 470.6213615193691, "value_global_local": {}, "partition_field": null, "Vil_Nam": "Pedagaruvu", "Stat_Nam": "ANDHRA PRADESH"}, {"data": [["Tot_Fem_Pop_of_Vil", 325.0], ["Tot_Mal_Pop_of_Vil", 55.0], 5.909090909090909], "data_low": {"Stat_Nam": "ODISHA", "Vil_Nam": "Mandaguda", "Tot_Mal_Pop_of_Vil": "55", "Tot_Fem_Pop_of_Vil": "325", "id": 426580}, "data_high": {"Stat_Nam": "ODISHA", "Vil_Nam": "Mandaguda", "Tot_Mal_Pop_of_Vil": "55", "Tot_Fem_Pop_of_Vil": "325", "id": 426580}, "perc": 0.00016058452768075794, "metric": 460.99199792145134, "value_global_local": {}, "partition_field": null, "Vil_Nam": "Mandaguda", "Stat_Nam": "ODISHA"}, {"data": [["Tot_Fem_Pop_of_Vil", 800.0], ["Tot_Mal_Pop_of_Vil", 139.0], 5.755395683453237], "data_low": {"Stat_Nam": "Arunachal Pradesh", "Vil_Nam": "Lodoso", "Tot_Mal_Pop_of_Vil": "6", "Tot_Fem_Pop_of_Vil": "34", "id": 260904}, "data_high": {"Stat_Nam": "ANDHRA PRADESH", "Vil_Nam": "Somulagudem", "Tot_Mal_Pop_of_Vil": "139", "Tot_Fem_Pop_of_Vil": "800", "id": 557681}, "perc": 0.0003211690553615159, "metric": 448.5118113992971, "value_global_local": {}, "partition_field": null, "Vil_Nam": "Somulagudem", "Stat_Nam": "ANDHRA PRADESH"}, {"data": [["Tot_Fem_Pop_of_Vil", 44.0], ["Tot_Mal_Pop_of_Vil", 8.0], 5.5], "data_low": {"Stat_Nam": "UTTAR PRADESH", "Vil_Nam": "Chautari Kalan Mustahkam", "Tot_Mal_Pop_of_Vil": "2", "Tot_Fem_Pop_of_Vil": "11", "id": 142165}, "data_high": {"Stat_Nam": "HIMACHAL PRADESH", "Vil_Nam": "D.P.F. Kaldu (124)", "Tot_Mal_Pop_of_Vil": "8", "Tot_Fem_Pop_of_Vil": "44", "id": 14437}, "perc": 0.0003211690553615159, "metric": 427.77468903170006, "value_global_local": {}, "partition_field": null, "Vil_Nam": "D.P.F. Kaldu (124)", "Stat_Nam": "HIMACHAL PRADESH"}, {"data": [["Tot_Fem_Pop_of_Vil", 59.0], ["Tot_Mal_Pop_of_Vil", 11.0], 5.363636363636363], "data_low": {"Stat_Nam": "Arunachal Pradesh", "Vil_Nam": "Yorte", "Tot_Mal_Pop_of_Vil": "11", "Tot_Fem_Pop_of_Vil": "59", "id": 264558}, "data_high": {"Stat_Nam": "Arunachal Pradesh", "Vil_Nam": "Yorte", "Tot_Mal_Pop_of_Vil": "11", "Tot_Fem_Pop_of_Vil": "59", "id": 264558}, "perc": 0.00016058452768075794, "metric": 416.70316865800993, "value_global_local": {}, "partition_field": null, "Vil_Nam": "Yorte", "Stat_Nam": "Arunachal Pradesh"}, {"data": [["Tot_Fem_Pop_of_Vil", 46.0], ["Tot_Mal_Pop_of_Vil", 9.0], 5.111111111111111], "data_low": {"Stat_Nam": "ODISHA", "Vil_Nam": "Gopabalhabpur", "Tot_Mal_Pop_of_Vil": "9", "Tot_Fem_Pop_of_Vil": "46", "id": 401664}, "data_high": {"Stat_Nam": "ANDHRA PRADESH", "Vil_Nam": "Kondamamidi", "Tot_Mal_Pop_of_Vil": "134", "Tot_Fem_Pop_of_Vil": "683", "id": 563094}, "perc": 0.0004817535830422739, "metric": 396.19780856515706, "value_global_local": {}, "partition_field": null, "Vil_Nam": "Gopabalhabpur", "Stat_Nam": "ODISHA"}, {"data": [["Tot_Fem_Pop_of_Vil", 5.0], ["Tot_Mal_Pop_of_Vil", 1.0], 5.0], "data_low": {"Stat_Nam": "UTTARAKHAND", "Vil_Nam": "Basoli Mafi", "Tot_Mal_Pop_of_Vil": "2", "Tot_Fem_Pop_of_Vil": "10", "id": 53096}, "data_high": {"Stat_Nam": "HIMACHAL PRADESH", "Vil_Nam": "D.P.F.Dhamon (451)", "Tot_Mal_Pop_of_Vil": "1", "Tot_Fem_Pop_of_Vil": "5", "id": 16082}, "perc": 0.0030511060259344014, "metric": 387.1660910218241, "value_global_local": {}, "partition_field": null, "Vil_Nam": "D.P.F.Dhamon (451)", "Stat_Nam": "HIMACHAL PRADESH"}, {"data": [["Tot_Fem_Pop_of_Vil", 133.0], ["Tot_Mal_Pop_of_Vil", 28.0], 4.75], "data_low": {"Stat_Nam": "UTTAR PRADESH", "Vil_Nam": "Govardhanpur Tivari", "Tot_Mal_Pop_of_Vil": "28", "Tot_Fem_Pop_of_Vil": "133", "id": 166831}, "data_high": {"Stat_Nam": "UTTAR PRADESH", "Vil_Nam": "Govardhanpur Tivari", "Tot_Mal_Pop_of_Vil": "28", "Tot_Fem_Pop_of_Vil": "133", "id": 166831}, "perc": 0.00016058452768075794, "metric": 366.8782357366385, "value_global_local": {}, "partition_field": null, "Vil_Nam": "Govardhanpur Tivari", "Stat_Nam": "UTTAR PRADESH"}, {"data": [["Tot_Fem_Pop_of_Vil", 313.0], ["Tot_Mal_Pop_of_Vil", 68.0], 4.602941176470588], "data_low": {"Stat_Nam": "ANDHRA PRADESH", "Vil_Nam": "Panasaputtu", "Tot_Mal_Pop_of_Vil": "65", "Tot_Fem_Pop_of_Vil": "293", "id": 561785}, "data_high": {"Stat_Nam": "ANDHRA PRADESH", "Vil_Nam": "Yerrinaidu Pakalu", "Tot_Mal_Pop_of_Vil": "109", "Tot_Fem_Pop_of_Vil": "499", "id": 564098}, "perc": 0.0006423381107230318, "metric": 354.93591007640003, "value_global_local": {}, "partition_field": null, "Vil_Nam": "Baidpali", "Stat_Nam": "ODISHA"}, {"data": [["Tot_Fem_Pop_of_Vil", 9.0], ["Tot_Mal_Pop_of_Vil", 2.0], 4.5], "data_low": {"Stat_Nam": "HIMACHAL PRADESH", "Vil_Nam": "Bepar (409)", "Tot_Mal_Pop_of_Vil": "2", "Tot_Fem_Pop_of_Vil": "9", "id": 21252}, "data_high": {"Stat_Nam": "HIMACHAL PRADESH", "Vil_Nam": "Bepar (409)", "Tot_Mal_Pop_of_Vil": "2", "Tot_Fem_Pop_of_Vil": "9", "id": 21252}, "perc": 0.0003211690553615159, "metric": 346.5786324374471, "value_global_local": {}, "partition_field": null, "Vil_Nam": "Bepar (409)", "Stat_Nam": "HIMACHAL PRADESH"}, {"data": [["Tot_Fem_Pop_of_Vil", 356.0], ["Tot_Mal_Pop_of_Vil", 81.0], 4.395061728395062], "data_low": {"Stat_Nam": "ODISHA", "Vil_Nam": "Palupai", "Tot_Mal_Pop_of_Vil": "81", "Tot_Fem_Pop_of_Vil": "356", "id": 424300}, "data_high": {"Stat_Nam": "ANDHRA PRADESH", "Vil_Nam": "Thurakalavalasa", "Tot_Mal_Pop_of_Vil": "153", "Tot_Fem_Pop_of_Vil": "671", "id": 562170}, "perc": 0.0008029226384037898, "metric": 338.0564299852688, "value_global_local": {}, "partition_field": null, "Vil_Nam": "Palupai", "Stat_Nam": "ODISHA"}, {"data": [["Tot_Fem_Pop_of_Vil", 30.0], ["Tot_Mal_Pop_of_Vil", 7.0], 4.285714285714286], "data_low": {"Stat_Nam": "MADHYA PRADESH", "Vil_Nam": "Bhoreshwar", "Tot_Mal_Pop_of_Vil": "7", "Tot_Fem_Pop_of_Vil": "30", "id": 451352}, "data_high": {"Stat_Nam": "ANDHRA PRADESH", "Vil_Nam": "Chintaboinpalle", "Tot_Mal_Pop_of_Vil": "167", "Tot_Fem_Pop_of_Vil": "715", "id": 553881}, "perc": 0.0009635071660845478, "metric": 329.17736300093696, "value_global_local": {}, "partition_field": null, "Vil_Nam": "Bhoreshwar", "Stat_Nam": "MADHYA PRADESH"}, {"data": [["Tot_Fem_Pop_of_Vil", 704.0], ["Tot_Mal_Pop_of_Vil", 172.0], 4.093023255813954], "data_low": {"Stat_Nam": "UTTARAKHAND", "Vil_Nam": "Pokhar", "Tot_Mal_Pop_of_Vil": "3", "Tot_Fem_Pop_of_Vil": "12", "id": 47302}, "data_high": {"Stat_Nam": "ANDHRA PRADESH", "Vil_Nam": "P. Yerragonda", "Tot_Mal_Pop_of_Vil": "245", "Tot_Fem_Pop_of_Vil": "999", "id": 565141}, "perc": 0.008029226384037899, "metric": 313.5095582470332, "value_global_local": {"ANDAMAN & NICOBAR ISLANDS": {"global_perc": 0.0018018018018018018, "local_perc": 0.02}, "ANDHRA PRADESH": {"global_perc": 7.194244604316547e-05, "local_perc": 0.04}, "ASSAM": {"global_perc": 3.7885963250615644e-05, "local_perc": 0.02}, "Arunachal Pradesh": {"global_perc": 0.0008946144211844695, "local_perc": 0.1}, "BIHAR": {"global_perc": 2.2284619155858625e-05, "local_perc": 0.02}, "HIMACHAL PRADESH": {"global_perc": 0.00019333011116481392, "local_perc": 0.08}, "JAMMU & KASHMIR": {"global_perc": 0.00015260186174271325, "local_perc": 0.02}, "JHARKHAND": {"global_perc": 6.173982836327716e-05, "local_perc": 0.04}, "KARNATAKA": {"global_perc": 0.00010224948875255624, "local_perc": 0.06}, "MADHYA PRADESH": {"global_perc": 1.821394095040344e-05, "local_perc": 0.02}, "Maharashtra": {"global_perc": 4.580327493415779e-05, "local_perc": 0.04}, "Meghalaya": {"global_perc": 0.00014622020763269483, "local_perc": 0.02}, "ODISHA": {"global_perc": 0.0002143706273264085, "local_perc": 0.22}, "RAJASTHAN": {"global_perc": 2.238538681948424e-05, "local_perc": 0.02}, "UTTAR PRADESH": {"global_perc": 4.682787944630715e-05, "local_perc": 0.1}, "UTTARAKHAND": {"global_perc": 0.00041684035014589413, "local_perc": 0.14}, "West Bengal": {"global_perc": 4.972897707494157e-05, "local_perc": 0.04}}, "partition_field": "Stat_Nam", "Vil_Nam": "Old Pochampad", "Stat_Nam": "ANDHRA PRADESH"}, {"data": [["Tot_Fem_Pop_of_Vil", 302.0], ["Tot_Mal_Pop_of_Vil", 76.0], 3.973684210526316], "data_low": {"Stat_Nam": "Arunachal Pradesh", "Vil_Nam": "Wessang- I DIET Complex", "Tot_Mal_Pop_of_Vil": "76", "Tot_Fem_Pop_of_Vil": "302", "id": 260994}, "data_high": {"Stat_Nam": "JHARKHAND", "Vil_Nam": "Telo", "Tot_Mal_Pop_of_Vil": "16", "Tot_Fem_Pop_of_Vil": "62", "id": 355832}, "perc": 0.0003211690553615159, "metric": 303.8438658088929, "value_global_local": {}, "partition_field": null, "Vil_Nam": "Wessang- I DIET Complex", "Stat_Nam": "Arunachal Pradesh"}, {"data": [["Tot_Fem_Pop_of_Vil", 313.0], ["Tot_Mal_Pop_of_Vil", 81.0], 3.8641975308641974], "data_low": {"Stat_Nam": "JHARKHAND", "Vil_Nam": "Andharu", "Tot_Mal_Pop_of_Vil": "39", "Tot_Fem_Pop_of_Vil": "147", "id": 366387}, "data_high": {"Stat_Nam": "HIMACHAL PRADESH", "Vil_Nam": "Morang (80)", "Tot_Mal_Pop_of_Vil": "17", "Tot_Fem_Pop_of_Vil": "64", "id": 12393}, "perc": 0.0008029226384037898, "metric": 294.952558214804, "value_global_local": {}, "partition_field": null, "Vil_Nam": "Dumadihi", "Stat_Nam": "ODISHA"}, {"data": [["Tot_Fem_Pop_of_Vil", 11.0], ["Tot_Mal_Pop_of_Vil", 3.0], 3.6666666666666665], "data_low": {"Stat_Nam": "HIMACHAL PRADESH", "Vil_Nam": "Chapla (17)", "Tot_Mal_Pop_of_Vil": "3", "Tot_Fem_Pop_of_Vil": "11", "id": 21689}, "data_high": {"Stat_Nam": "ANDHRA PRADESH", "Vil_Nam": "K.Yerrampalem", "Tot_Mal_Pop_of_Vil": "152", "Tot_Fem_Pop_of_Vil": "552", "id": 565610}, "perc": 0.0009635071660845478, "metric": 278.9134603575223, "value_global_local": {}, "partition_field": null, "Vil_Nam": "Chapla (17)", "Stat_Nam": "HIMACHAL PRADESH"}, {"data": [["Tot_Fem_Pop_of_Vil", 160.0], ["Tot_Mal_Pop_of_Vil", 45.0], 3.5555555555555554], "data_low": {"Stat_Nam": "UTTARAKHAND", "Vil_Nam": "Garhkot", "Tot_Mal_Pop_of_Vil": "4", "Tot_Fem_Pop_of_Vil": "14", "id": 47337}, "data_high": {"Stat_Nam": "HIMACHAL PRADESH", "Vil_Nam": "D.P.F.-86 A (70)", "Tot_Mal_Pop_of_Vil": "2", "Tot_Fem_Pop_of_Vil": "7", "id": 27073}, "perc": 0.0027299369705728856, "metric": 269.886966748069, "value_global_local": {}, "partition_field": null, "Vil_Nam": "Majhakpa", "Stat_Nam": "MADHYA PRADESH"}, {"data": [["Tot_Fem_Pop_of_Vil", 786.0], ["Tot_Mal_Pop_of_Vil", 230.0], 3.417391304347826], "data_low": {"Stat_Nam": "Arunachal Pradesh", "Vil_Nam": "Ranli", "Tot_Mal_Pop_of_Vil": "3", "Tot_Fem_Pop_of_Vil": "10", "id": 265014}, "data_high": {"Stat_Nam": "ODISHA", "Vil_Nam": "Purnasahi", "Tot_Mal_Pop_of_Vil": "230", "Tot_Fem_Pop_of_Vil": "786", "id": 411328}, "perc": 0.0024087679152113694, "metric": 258.669675400572, "value_global_local": {}, "partition_field": null, "Vil_Nam": "Purnasahi", "Stat_Nam": "ODISHA"}, {"data": [["Tot_Fem_Pop_of_Vil", 136.0], ["Tot_Mal_Pop_of_Vil", 41.0], 3.317073170731707], "data_low": {"Stat_Nam": "UTTARAKHAND", "Vil_Nam": "Jogsara", "Tot_Mal_Pop_of_Vil": "4", "Tot_Fem_Pop_of_Vil": "13", "id": 50449}, "data_high": {"Stat_Nam": "ANDHRA PRADESH", "Vil_Nam": "Irlapalle", "Tot_Mal_Pop_of_Vil": "223", "Tot_Fem_Pop_of_Vil": "719", "id": 565590}, "perc": 0.0012846762214460635, "metric": 250.52722478254418, "value_global_local": {}, "partition_field": null, "Vil_Nam": "Mirpur (320)", "Stat_Nam": "HARYANA"}, {"data": [["Tot_Fem_Pop_of_Vil", 0.0], ["Tot_Mal_Pop_of_Vil", 2.0], 0.0], "data_low": {"Stat_Nam": "JAMMU & KASHMIR", "Vil_Nam": "Doglah Kalan", "Tot_Mal_Pop_of_Vil": "2", "Tot_Fem_Pop_of_Vil": "0", "id": 5217}, "data_high": {"Stat_Nam": "MANIPUR", "Vil_Nam": "Laimanai Kuki", "Tot_Mal_Pop_of_Vil": "295", "Tot_Fem_Pop_of_Vil": "9", "id": 268450}, "perc": 0.14500782849572444, "metric": 241.11310294049463, "value_global_local": {"ANDAMAN & NICOBAR ISLANDS": {"global_perc": 0.04144144144144144, "local_perc": 0.02547065337763012}, "ANDHRA PRADESH": {"global_perc": 0.00028776978417266187, "local_perc": 0.008859357696566999}, "ASSAM": {"global_perc": 0.0012123508240197006, "local_perc": 0.035437430786267994}, "Arunachal Pradesh": {"global_perc": 0.006977992485238862, "local_perc": 0.04318936877076412}, "BIHAR": {"global_perc": 0.0004234077639613139, "local_perc": 0.021040974529346623}, "CHHATTISGARH": {"global_perc": 0.00019874788830368678, "local_perc": 0.004429678848283499}, "HARYANA": {"global_perc": 0.00146177459435755, "local_perc": 0.01107419712070875}, "HIMACHAL PRADESH": {"global_perc": 0.0038666022232962784, "local_perc": 0.08859357696567}, "JAMMU & KASHMIR": {"global_perc": 0.0007630093087135663, "local_perc": 0.005537098560354375}, "JHARKHAND": {"global_perc": 0.0005556584552694943, "local_perc": 0.019933554817275746}, "KARNATAKA": {"global_perc": 0.0006134969325153375, "local_perc": 0.019933554817275746}, "LAKSHADWEEP": {"global_perc": 0.09523809523809523, "local_perc": 0.0022148394241417496}, "MADHYA PRADESH": {"global_perc": 0.001784966213139537, "local_perc": 0.10852713178294573}, "MANIPUR": {"global_perc": 0.0003874467260751647, "local_perc": 0.0011074197120708748}, "MIZORAM": {"global_perc": 0.0012048192771084338, "local_perc": 0.0011074197120708748}, "Maharashtra": {"global_perc": 0.001305393335623497, "local_perc": 0.06312292358803986}, "Meghalaya": {"global_perc": 0.0016084222839596433, "local_perc": 0.012181616832779624}, "NAGALAND": {"global_perc": 0.0028011204481792717, "local_perc": 0.004429678848283499}, "ODISHA": {"global_perc": 0.001227759047414885, "local_perc": 0.06976744186046512}, "Punjab": {"global_perc": 0.0007948493760432398, "local_perc": 0.01107419712070875}, "RAJASTHAN": {"global_perc": 0.001387893982808023, "local_perc": 0.06866002214839424}, "SIKKIM": {"global_perc": 0.011086474501108648, "local_perc": 0.005537098560354375}, "Tamil Nadu": {"global_perc": 6.258213905751299e-05, "local_perc": 0.0011074197120708748}, "UTTAR PRADESH": {"global_perc": 0.0017513626912918875, "local_perc": 0.2070874861572536}, "UTTARAKHAND": {"global_perc": 0.007324480438277854, "local_perc": 0.1362126245847176}, "West Bengal": {"global_perc": 0.0005470187478243573, "local_perc": 0.024363233665559248}}, "partition_field": "Stat_Nam", "Vil_Nam": "Doglah Kalan", "Stat_Nam": "JAMMU & KASHMIR"}, {"data": [["Tot_Fem_Pop_of_Vil", 647.0], ["Tot_Mal_Pop_of_Vil", 202.0], 3.202970297029703], "data_low": {"Stat_Nam": "ANDHRA PRADESH", "Vil_Nam": "Boddaputtu", "Tot_Mal_Pop_of_Vil": "109", "Tot_Fem_Pop_of_Vil": "340", "id": 562351}, "data_high": {"Stat_Nam": "UTTAR PRADESH", "Vil_Nam": "Ranipur", "Tot_Mal_Pop_of_Vil": "202", "Tot_Fem_Pop_of_Vil": "647", "id": 181918}, "perc": 0.0006423381107230318, "metric": 241.2641603998415, "value_global_local": {}, "partition_field": null, "Vil_Nam": "Ranipur", "Stat_Nam": "UTTAR PRADESH"}, {"data": [["Tot_Fem_Pop_of_Vil", 486.0], ["Tot_Mal_Pop_of_Vil", 159.0], 3.056603773584906], "data_low": {"Stat_Nam": "ANDHRA PRADESH", "Vil_Nam": "Ananthagiri", "Tot_Mal_Pop_of_Vil": "376", "Tot_Fem_Pop_of_Vil": "1146", "id": 562628}, "data_high": {"Stat_Nam": "JHARKHAND", "Vil_Nam": "Bhanagariya", "Tot_Mal_Pop_of_Vil": "33", "Tot_Fem_Pop_of_Vil": "98", "id": 367887}, "perc": 0.018306636155606407, "metric": 229.33929545352717, "value_global_local": {"ANDHRA PRADESH": {"global_perc": 0.0001079136690647482, "local_perc": 0.02631578947368421}, "ASSAM": {"global_perc": 0.00015154385300246258, "local_perc": 0.03508771929824561}, "Arunachal Pradesh": {"global_perc": 0.0012524601896582574, "local_perc": 0.06140350877192982}, "BIHAR": {"global_perc": 6.685385746757588e-05, "local_perc": 0.02631578947368421}, "HIMACHAL PRADESH": {"global_perc": 0.0005799903334944418, "local_perc": 0.10526315789473684}, "JAMMU & KASHMIR": {"global_perc": 0.00015260186174271325, "local_perc": 0.008771929824561403}, "JHARKHAND": {"global_perc": 0.0002469593134531086, "local_perc": 0.07017543859649122}, "KARNATAKA": {"global_perc": 0.00010224948875255624, "local_perc": 0.02631578947368421}, "MADHYA PRADESH": {"global_perc": 5.464182285121031e-05, "local_perc": 0.02631578947368421}, "Maharashtra": {"global_perc": 0.00011450818733539448, "local_perc": 0.043859649122807015}, "Meghalaya": {"global_perc": 0.00014622020763269483, "local_perc": 0.008771929824561403}, "ODISHA": {"global_perc": 0.00023385886617426383, "local_perc": 0.10526315789473684}, "Punjab": {"global_perc": 0.00015896987520864795, "local_perc": 0.017543859649122806}, "RAJASTHAN": {"global_perc": 0.0001566977077363897, "local_perc": 0.06140350877192982}, "SIKKIM": {"global_perc": 0.0022172949002217295, "local_perc": 0.008771929824561403}, "Tamil Nadu": {"global_perc": 6.258213905751299e-05, "local_perc": 0.008771929824561403}, "UTTAR PRADESH": {"global_perc": 0.00016858036600670575, "local_perc": 0.15789473684210525}, "UTTARAKHAND": {"global_perc": 0.001071875186089442, "local_perc": 0.15789473684210525}, "West Bengal": {"global_perc": 0.00012432244268735393, "local_perc": 0.043859649122807015}}, "partition_field": "Stat_Nam", "Vil_Nam": "Gopalpur", "Stat_Nam": "ODISHA"}, {"data": [["Tot_Fem_Pop_of_Vil", 7.0], ["Tot_Mal_Pop_of_Vil", 68.0], 0.10294117647058823], "data_low": {"Stat_Nam": "Punjab", "Vil_Nam": "Silla (169)", "Tot_Mal_Pop_of_Vil": "9", "Tot_Fem_Pop_of_Vil": "1", "id": 29306}, "data_high": {"Stat_Nam": "Arunachal Pradesh", "Vil_Nam": "Kibithoo H.Q.", "Tot_Mal_Pop_of_Vil": "625", "Tot_Fem_Pop_of_Vil": "98", "id": 265844}, "perc": 0.02665703159500582, "metric": 226.84036579705216, "value_global_local": {"ANDAMAN & NICOBAR ISLANDS": {"global_perc": 0.005405405405405406, "local_perc": 0.018072289156626505}, "ANDHRA PRADESH": {"global_perc": 0.0002158273381294964, "local_perc": 0.03614457831325301}, "ASSAM": {"global_perc": 0.0004546315590073878, "local_perc": 0.07228915662650602}, "Arunachal Pradesh": {"global_perc": 0.0021470746108427268, "local_perc": 0.07228915662650602}, "BIHAR": {"global_perc": 8.91384766234345e-05, "local_perc": 0.024096385542168676}, "CHHATTISGARH": {"global_perc": 4.9686972075921695e-05, "local_perc": 0.006024096385542169}, "HARYANA": {"global_perc": 0.000438532378307265, "local_perc": 0.018072289156626505}, "HIMACHAL PRADESH": {"global_perc": 0.0007249879168680521, "local_perc": 0.09036144578313253}, "JAMMU & KASHMIR": {"global_perc": 0.0022890279261406988, "local_perc": 0.09036144578313253}, "JHARKHAND": {"global_perc": 0.0001234796567265543, "local_perc": 0.024096385542168676}, "KARNATAKA": {"global_perc": 0.00017041581458759374, "local_perc": 0.030120481927710843}, "MADHYA PRADESH": {"global_perc": 0.00010928364570242063, "local_perc": 0.03614457831325301}, "MANIPUR": {"global_perc": 0.001162340178225494, "local_perc": 0.018072289156626505}, "Maharashtra": {"global_perc": 0.00016031146226955229, "local_perc": 0.04216867469879518}, "Meghalaya": {"global_perc": 0.0004386606228980845, "local_perc": 0.018072289156626505}, "NAGALAND": {"global_perc": 0.0007002801120448179, "local_perc": 0.006024096385542169}, "ODISHA": {"global_perc": 0.00017539414963069788, "local_perc": 0.05421686746987952}, "Punjab": {"global_perc": 0.0003179397504172959, "local_perc": 0.024096385542168676}, "RAJASTHAN": {"global_perc": 0.00024623925501432664, "local_perc": 0.06626506024096386}, "SIKKIM": {"global_perc": 0.0066518847006651885, "local_perc": 0.018072289156626505}, "TRIPURA": {"global_perc": 0.002285714285714286, "local_perc": 0.012048192771084338}, "Tamil Nadu": {"global_perc": 0.00012516427811502597, "local_perc": 0.012048192771084338}, "UTTAR PRADESH": {"global_perc": 0.00014048363833892147, "local_perc": 0.09036144578313253}, "UTTARAKHAND": {"global_perc": 0.001071875186089442, "local_perc": 0.10843373493975904}, "West Bengal": {"global_perc": 4.972897707494157e-05, "local_perc": 0.012048192771084338}}, "partition_field": "Stat_Nam", "Vil_Nam": "Gunalanka", "Stat_Nam": "ANDHRA PRADESH"}, {"data": [["Tot_Fem_Pop_of_Vil", 549.0], ["Tot_Mal_Pop_of_Vil", 186.0], 2.9516129032258065], "data_low": {"Stat_Nam": "JHARKHAND", "Vil_Nam": "Chamdade", "Tot_Mal_Pop_of_Vil": "36", "Tot_Fem_Pop_of_Vil": "104", "id": 355802}, "data_high": {"Stat_Nam": "ANDHRA PRADESH", "Vil_Nam": "Radhakrishnapuram", "Tot_Mal_Pop_of_Vil": "186", "Tot_Fem_Pop_of_Vil": "549", "id": 558767}, "perc": 0.0019270143321690955, "metric": 220.85215948564297, "value_global_local": {}, "partition_field": null, "Vil_Nam": "Radhakrishnapuram", "Stat_Nam": "ANDHRA PRADESH"}, {"data": [["Tot_Fem_Pop_of_Vil", 10.0], ["Tot_Mal_Pop_of_Vil", 49.0], 0.20408163265306123], "data_low": {"Stat_Nam": "HIMACHAL PRADESH", "Vil_Nam": "Dobhu  (198)", "Tot_Mal_Pop_of_Vil": "4", "Tot_Fem_Pop_of_Vil": "1", "id": 7434}, "data_high": {"Stat_Nam": "ODISHA", "Vil_Nam": "Kauguda", "Tot_Mal_Pop_of_Vil": "426", "Tot_Fem_Pop_of_Vil": "98", "id": 420529}, "perc": 0.04030671644787025, "metric": 212.507504507364, "value_global_local": {"ANDAMAN & NICOBAR ISLANDS": {"global_perc": 0.005405405405405406, "local_perc": 0.01195219123505976}, "ANDHRA PRADESH": {"global_perc": 0.00046762589928057557, "local_perc": 0.05179282868525897}, "ASSAM": {"global_perc": 0.0004925175222580034, "local_perc": 0.05179282868525897}, "Arunachal Pradesh": {"global_perc": 0.00322061191626409, "local_perc": 0.07171314741035857}, "BIHAR": {"global_perc": 0.00011142309577929313, "local_perc": 0.0199203187250996}, "CHHATTISGARH": {"global_perc": 0.00019874788830368678, "local_perc": 0.01593625498007968}, "HIMACHAL PRADESH": {"global_perc": 0.0008216529724504591, "local_perc": 0.06772908366533864}, "JAMMU & KASHMIR": {"global_perc": 0.0018312223409125592, "local_perc": 0.04780876494023904}, "JHARKHAND": {"global_perc": 0.00021608939927147004, "local_perc": 0.027888446215139442}, "KARNATAKA": {"global_perc": 0.00023858214042263122, "local_perc": 0.027888446215139442}, "MADHYA PRADESH": {"global_perc": 0.00029142305520645504, "local_perc": 0.06374501992031872}, "MANIPUR": {"global_perc": 0.0015497869043006587, "local_perc": 0.01593625498007968}, "Maharashtra": {"global_perc": 0.00025191801213786787, "local_perc": 0.043824701195219126}, "Meghalaya": {"global_perc": 0.0004386606228980845, "local_perc": 0.01195219123505976}, "NAGALAND": {"global_perc": 0.0014005602240896359, "local_perc": 0.00796812749003984}, "ODISHA": {"global_perc": 0.000428741254652817, "local_perc": 0.08764940239043825}, "Punjab": {"global_perc": 0.00023845481281297194, "local_perc": 0.01195219123505976}, "RAJASTHAN": {"global_perc": 0.00020146848137535817, "local_perc": 0.035856573705179286}, "SIKKIM": {"global_perc": 0.0066518847006651885, "local_perc": 0.01195219123505976}, "Tamil Nadu": {"global_perc": 6.258213905751299e-05, "local_perc": 0.00398406374501992}, "UTTAR PRADESH": {"global_perc": 0.00044018206679528725, "local_perc": 0.18725099601593626}, "UTTARAKHAND": {"global_perc": 0.0015482641576847495, "local_perc": 0.10358565737051793}, "West Bengal": {"global_perc": 0.00012432244268735393, "local_perc": 0.0199203187250996}}, "partition_field": "Stat_Nam", "Vil_Nam": "Bhawan", "Stat_Nam": "UTTARAKHAND"}, {"data": [["Tot_Fem_Pop_of_Vil", 330.0], ["Tot_Mal_Pop_of_Vil", 116.0], 2.8448275862068964], "data_low": {"Stat_Nam": "UTTARAKHAND", "Vil_Nam": "Punoli", "Tot_Mal_Pop_of_Vil": "4", "Tot_Fem_Pop_of_Vil": "11", "id": 49403}, "data_high": {"Stat_Nam": "JHARKHAND", "Vil_Nam": "Bajrajogusami", "Tot_Mal_Pop_of_Vil": "33", "Tot_Fem_Pop_of_Vil": "93", "id": 355845}, "perc": 0.0036934441366574334, "metric": 212.17800396361616, "value_global_local": {"ANDHRA PRADESH": {"global_perc": 0.0001079136690647482, "local_perc": 0.13043478260869565}, "ASSAM": {"global_perc": 3.7885963250615644e-05, "local_perc": 0.043478260869565216}, "Arunachal Pradesh": {"global_perc": 0.0005367686527106817, "local_perc": 0.13043478260869565}, "JHARKHAND": {"global_perc": 6.173982836327716e-05, "local_perc": 0.08695652173913043}, "MADHYA PRADESH": {"global_perc": 1.821394095040344e-05, "local_perc": 0.043478260869565216}, "Maharashtra": {"global_perc": 2.2901637467078896e-05, "local_perc": 0.043478260869565216}, "ODISHA": {"global_perc": 7.795295539142128e-05, "local_perc": 0.17391304347826086}, "RAJASTHAN": {"global_perc": 2.238538681948424e-05, "local_perc": 0.043478260869565216}, "UTTAR PRADESH": {"global_perc": 2.809672766778429e-05, "local_perc": 0.13043478260869565}, "UTTARAKHAND": {"global_perc": 0.00017864586434824034, "local_perc": 0.13043478260869565}, "West Bengal": {"global_perc": 2.4864488537470783e-05, "local_perc": 0.043478260869565216}}, "partition_field": "Stat_Nam", "Vil_Nam": "Pretgaon", "Stat_Nam": "ASSAM"}, {"data": [["Tot_Fem_Pop_of_Vil", 702.0], ["Tot_Mal_Pop_of_Vil", 257.0], 2.7315175097276265], "data_low": {"Stat_Nam": "MADHYA PRADESH", "Vil_Nam": "Anandpur", "Tot_Mal_Pop_of_Vil": "405", "Tot_Fem_Pop_of_Vil": "1089", "id": 497504}, "data_high": {"Stat_Nam": "HIMACHAL PRADESH", "Vil_Nam": "Chakban Bari  (808)", "Tot_Mal_Pop_of_Vil": "3", "Tot_Fem_Pop_of_Vil": "8", "id": 9940}, "perc": 0.0049781203581034964, "metric": 202.97537513639074, "value_global_local": {"ANDHRA PRADESH": {"global_perc": 7.194244604316547e-05, "local_perc": 0.06451612903225806}, "Arunachal Pradesh": {"global_perc": 0.0007156915369475756, "local_perc": 0.12903225806451613}, "HIMACHAL PRADESH": {"global_perc": 9.666505558240696e-05, "local_perc": 0.06451612903225806}, "JHARKHAND": {"global_perc": 6.173982836327716e-05, "local_perc": 0.06451612903225806}, "KARNATAKA": {"global_perc": 0.00010224948875255624, "local_perc": 0.0967741935483871}, "MADHYA PRADESH": {"global_perc": 1.821394095040344e-05, "local_perc": 0.03225806451612903}, "Maharashtra": {"global_perc": 2.2901637467078896e-05, "local_perc": 0.03225806451612903}, "ODISHA": {"global_perc": 7.795295539142128e-05, "local_perc": 0.12903225806451613}, "RAJASTHAN": {"global_perc": 2.238538681948424e-05, "local_perc": 0.03225806451612903}, "UTTAR PRADESH": {"global_perc": 9.365575889261431e-06, "local_perc": 0.03225806451612903}, "UTTARAKHAND": {"global_perc": 0.000535937593044721, "local_perc": 0.2903225806451613}, "West Bengal": {"global_perc": 2.4864488537470783e-05, "local_perc": 0.03225806451612903}}, "partition_field": "Stat_Nam", "Vil_Nam": "Regidi", "Stat_Nam": "ANDHRA PRADESH"}, {"data": [["Tot_Fem_Pop_of_Vil", 7.0], ["Tot_Mal_Pop_of_Vil", 23.0], 0.30434782608695654], "data_low": {"Stat_Nam": "JAMMU & KASHMIR", "Vil_Nam": "Jhumber Mahtaba", "Tot_Mal_Pop_of_Vil": "3", "Tot_Fem_Pop_of_Vil": "1", "id": 1940}, "data_high": {"Stat_Nam": "UTTARAKHAND", "Vil_Nam": "Khala Gaon", "Tot_Mal_Pop_of_Vil": "321", "Tot_Fem_Pop_of_Vil": "99", "id": 44841}, "perc": 0.09635071660845478, "metric": 198.21804420351828, "value_global_local": {"ANDAMAN & NICOBAR ISLANDS": {"global_perc": 0.012612612612612612, "local_perc": 0.011666666666666667}, "ANDHRA PRADESH": {"global_perc": 0.000539568345323741, "local_perc": 0.025}, "ASSAM": {"global_perc": 0.0009850350445160068, "local_perc": 0.043333333333333335}, "Arunachal Pradesh": {"global_perc": 0.006977992485238862, "local_perc": 0.065}, "BIHAR": {"global_perc": 0.0003119846681820208, "local_perc": 0.023333333333333334}, "CHHATTISGARH": {"global_perc": 0.00039749577660737356, "local_perc": 0.013333333333333334}, "DAMAN & DIU": {"global_perc": 0.05263157894736842, "local_perc": 0.0016666666666666668}, "HARYANA": {"global_perc": 0.001315597134921795, "local_perc": 0.015}, "HIMACHAL PRADESH": {"global_perc": 0.003141614306428226, "local_perc": 0.10833333333333334}, "JAMMU & KASHMIR": {"global_perc": 0.0039676484053105445, "local_perc": 0.043333333333333335}, "JHARKHAND": {"global_perc": 0.000802617768722603, "local_perc": 0.043333333333333335}, "KARNATAKA": {"global_perc": 0.0008179959100204499, "local_perc": 0.04}, "MADHYA PRADESH": {"global_perc": 0.001074622516073803, "local_perc": 0.09833333333333333}, "MANIPUR": {"global_perc": 0.0027121270825261525, "local_perc": 0.011666666666666667}, "Maharashtra": {"global_perc": 0.0006870491240123669, "local_perc": 0.05}, "Meghalaya": {"global_perc": 0.0007311010381634742, "local_perc": 0.008333333333333333}, "NAGALAND": {"global_perc": 0.0028011204481792717, "local_perc": 0.006666666666666667}, "ODISHA": {"global_perc": 0.0007600413150663575, "local_perc": 0.065}, "Punjab": {"global_perc": 0.0005563945632302679, "local_perc": 0.011666666666666667}, "RAJASTHAN": {"global_perc": 0.0008506446991404012, "local_perc": 0.06333333333333334}, "SIKKIM": {"global_perc": 0.004434589800443459, "local_perc": 0.0033333333333333335}, "TRIPURA": {"global_perc": 0.001142857142857143, "local_perc": 0.0016666666666666668}, "Tamil Nadu": {"global_perc": 0.00025032855623005195, "local_perc": 0.006666666666666667}, "UTTAR PRADESH": {"global_perc": 0.0007867083746979602, "local_perc": 0.14}, "UTTARAKHAND": {"global_perc": 0.0025605907223247783, "local_perc": 0.07166666666666667}, "West Bengal": {"global_perc": 0.00042269630513700336, "local_perc": 0.028333333333333332}}, "partition_field": "Stat_Nam", "Vil_Nam": "Behli (353)", "Stat_Nam": "HIMACHAL PRADESH"}, {"data": [["Tot_Fem_Pop_of_Vil", 1323.0], ["Tot_Mal_Pop_of_Vil", 506.0], 2.6146245059288535], "data_low": {"Stat_Nam": "Arunachal Pradesh", "Vil_Nam": "Champing", "Tot_Mal_Pop_of_Vil": "48", "Tot_Fem_Pop_of_Vil": "123", "id": 261001}, "data_high": {"Stat_Nam": "ANDHRA PRADESH", "Vil_Nam": "Mushidipalle", "Tot_Mal_Pop_of_Vil": "378", "Tot_Fem_Pop_of_Vil": "987", "id": 561381}, "perc": 0.0036934441366574334, "metric": 193.4870519627866, "value_global_local": {"ANDHRA PRADESH": {"global_perc": 0.00017985611510791367, "local_perc": 0.21739130434782608}, "Arunachal Pradesh": {"global_perc": 0.0003578457684737878, "local_perc": 0.08695652173913043}, "KARNATAKA": {"global_perc": 3.408316291751875e-05, "local_perc": 0.043478260869565216}, "Maharashtra": {"global_perc": 2.2901637467078896e-05, "local_perc": 0.043478260869565216}, "ODISHA": {"global_perc": 7.795295539142128e-05, "local_perc": 0.17391304347826086}, "Tamil Nadu": {"global_perc": 6.258213905751299e-05, "local_perc": 0.043478260869565216}, "UTTARAKHAND": {"global_perc": 0.000535937593044721, "local_perc": 0.391304347826087}}, "partition_field": "Stat_Nam", "Vil_Nam": "Giriyal-Kariyat", "Stat_Nam": "KARNATAKA"}, {"data": [["Tot_Fem_Pop_of_Vil", 186.0], ["Tot_Mal_Pop_of_Vil", 74.0], 2.5135135135135136], "data_low": {"Stat_Nam": "UTTARAKHAND", "Vil_Nam": "Chal Kudiya", "Tot_Mal_Pop_of_Vil": "4", "Tot_Fem_Pop_of_Vil": "10", "id": 47950}, "data_high": {"Stat_Nam": "ANDHRA PRADESH", "Vil_Nam": "Kothaballuguda", "Tot_Mal_Pop_of_Vil": "384", "Tot_Fem_Pop_of_Vil": "937", "id": 562483}, "perc": 0.014613192018948973, "metric": 185.25728237393056, "value_global_local": {"ANDHRA PRADESH": {"global_perc": 0.0001079136690647482, "local_perc": 0.03296703296703297}, "ASSAM": {"global_perc": 0.00011365788975184695, "local_perc": 0.03296703296703297}, "Arunachal Pradesh": {"global_perc": 0.0007156915369475756, "local_perc": 0.04395604395604396}, "BIHAR": {"global_perc": 0.00013370771493515177, "local_perc": 0.06593406593406594}, "HIMACHAL PRADESH": {"global_perc": 0.00019333011116481392, "local_perc": 0.04395604395604396}, "JHARKHAND": {"global_perc": 0.00027782922763474715, "local_perc": 0.0989010989010989}, "KARNATAKA": {"global_perc": 0.000136332651670075, "local_perc": 0.04395604395604396}, "MADHYA PRADESH": {"global_perc": 9.106970475201719e-05, "local_perc": 0.054945054945054944}, "Maharashtra": {"global_perc": 0.00016031146226955229, "local_perc": 0.07692307692307693}, "ODISHA": {"global_perc": 0.0002143706273264085, "local_perc": 0.12087912087912088}, "Punjab": {"global_perc": 7.948493760432397e-05, "local_perc": 0.01098901098901099}, "RAJASTHAN": {"global_perc": 6.715616045845272e-05, "local_perc": 0.03296703296703297}, "UTTAR PRADESH": {"global_perc": 0.00014048363833892147, "local_perc": 0.16483516483516483}, "UTTARAKHAND": {"global_perc": 0.0008336807002917883, "local_perc": 0.15384615384615385}, "West Bengal": {"global_perc": 4.972897707494157e-05, "local_perc": 0.02197802197802198}}, "partition_field": "Stat_Nam", "Vil_Nam": "Nijpipalpadar", "Stat_Nam": "ODISHA"}, {"data": [["Tot_Fem_Pop_of_Vil", 51.0], ["Tot_Mal_Pop_of_Vil", 126.0], 0.40476190476190477], "data_low": {"Stat_Nam": "JAMMU & KASHMIR", "Vil_Nam": "Chatha", "Tot_Mal_Pop_of_Vil": "2", "Tot_Fem_Pop_of_Vil": "1", "id": 1897}, "data_high": {"Stat_Nam": "ANDHRA PRADESH", "Vil_Nam": "Malakapolam", "Tot_Mal_Pop_of_Vil": "229", "Tot_Fem_Pop_of_Vil": "99", "id": 563126}, "perc": 0.17921233289172586, "metric": 183.8741947906992, "value_global_local": {"ANDAMAN & NICOBAR ISLANDS": {"global_perc": 0.012612612612612612, "local_perc": 0.0062724014336917565}, "ANDHRA PRADESH": {"global_perc": 0.0012589928057553956, "local_perc": 0.03136200716845878}, "ASSAM": {"global_perc": 0.002007956052282629, "local_perc": 0.047491039426523295}, "Arunachal Pradesh": {"global_perc": 0.013419216317767043, "local_perc": 0.06720430107526881}, "BIHAR": {"global_perc": 0.0007353924321433346, "local_perc": 0.02956989247311828}, "CHHATTISGARH": {"global_perc": 0.0008943654973665905, "local_perc": 0.016129032258064516}, "Dadra & Nagar Haveli": {"global_perc": 0.03076923076923077, "local_perc": 0.0017921146953405018}, "HARYANA": {"global_perc": 0.00058470983774302, "local_perc": 0.0035842293906810036}, "HIMACHAL PRADESH": {"global_perc": 0.004833252779120348, "local_perc": 0.08960573476702509}, "JAMMU & KASHMIR": {"global_perc": 0.0025942316496261253, "local_perc": 0.015232974910394265}, "JHARKHAND": {"global_perc": 0.001605235537445206, "local_perc": 0.04659498207885305}, "KARNATAKA": {"global_perc": 0.0020790729379686437, "local_perc": 0.05465949820788531}, "MADHYA PRADESH": {"global_perc": 0.0015481849807842923, "local_perc": 0.07616487455197132}, "MANIPUR": {"global_perc": 0.0007748934521503294, "local_perc": 0.0017921146953405018}, "MIZORAM": {"global_perc": 0.0024096385542168677, "local_perc": 0.0017921146953405018}, "Maharashtra": {"global_perc": 0.0013511966105576548, "local_perc": 0.0528673835125448}, "Meghalaya": {"global_perc": 0.0021933031144904225, "local_perc": 0.013440860215053764}, "NAGALAND": {"global_perc": 0.0028011204481792717, "local_perc": 0.0035842293906810036}, "NCT OF DELHI": {"global_perc": 0.008928571428571428, "local_perc": 0.0008960573476702509}, "ODISHA": {"global_perc": 0.0017344532574591234, "local_perc": 0.07974910394265233}, "Punjab": {"global_perc": 0.0018281535648994515, "local_perc": 0.02060931899641577}, "RAJASTHAN": {"global_perc": 0.001969914040114613, "local_perc": 0.07885304659498207}, "SIKKIM": {"global_perc": 0.004434589800443459, "local_perc": 0.0017921146953405018}, "Tamil Nadu": {"global_perc": 0.0003754928343450779, "local_perc": 0.005376344086021506}, "UTTAR PRADESH": {"global_perc": 0.0015172232940603519, "local_perc": 0.14516129032258066}, "UTTARAKHAND": {"global_perc": 0.004942535580301316, "local_perc": 0.07437275985663082}, "West Bengal": {"global_perc": 0.0009448505644238898, "local_perc": 0.034050179211469536}}, "partition_field": "Stat_Nam", "Vil_Nam": "Budhera", "Stat_Nam": "UTTAR PRADESH"}, {"data": [["Tot_Fem_Pop_of_Vil", 41.0], ["Tot_Mal_Pop_of_Vil", 17.0], 2.411764705882353], "data_low": {"Stat_Nam": "UTTARAKHAND", "Vil_Nam": "Buganaurarh", "Tot_Mal_Pop_of_Vil": "51", "Tot_Fem_Pop_of_Vil": "119", "id": 51457}, "data_high": {"Stat_Nam": "BIHAR", "Vil_Nam": "Bhogtadih", "Tot_Mal_Pop_of_Vil": "36", "Tot_Fem_Pop_of_Vil": "85", "id": 254945}, "perc": 0.0110803324099723, "metric": 177.0031151494739, "value_global_local": {"ANDHRA PRADESH": {"global_perc": 0.0001079136690647482, "local_perc": 0.043478260869565216}, "Arunachal Pradesh": {"global_perc": 0.0014313830738951511, "local_perc": 0.11594202898550725}, "BIHAR": {"global_perc": 0.00011142309577929313, "local_perc": 0.07246376811594203}, "JHARKHAND": {"global_perc": 0.0001234796567265543, "local_perc": 0.057971014492753624}, "KARNATAKA": {"global_perc": 0.00010224948875255624, "local_perc": 0.043478260869565216}, "MADHYA PRADESH": {"global_perc": 0.00012749758665282407, "local_perc": 0.10144927536231885}, "Maharashtra": {"global_perc": 2.2901637467078896e-05, "local_perc": 0.014492753623188406}, "ODISHA": {"global_perc": 0.00017539414963069788, "local_perc": 0.13043478260869565}, "RAJASTHAN": {"global_perc": 4.477077363896848e-05, "local_perc": 0.028985507246376812}, "UTTAR PRADESH": {"global_perc": 8.429018300335288e-05, "local_perc": 0.13043478260869565}, "UTTARAKHAND": {"global_perc": 0.0010123265646400286, "local_perc": 0.2463768115942029}, "West Bengal": {"global_perc": 2.4864488537470783e-05, "local_perc": 0.014492753623188406}}, "partition_field": "Stat_Nam", "Vil_Nam": "Hansa Bhanariya", "Stat_Nam": "UTTARAKHAND"}, {"data": [["Tot_Fem_Pop_of_Vil", 2697.0], ["Tot_Mal_Pop_of_Vil", 5341.0], 0.5049616176745928], "data_low": {"Stat_Nam": "Punjab", "Vil_Nam": "Mand Dograwala (51)", "Tot_Mal_Pop_of_Vil": "19", "Tot_Fem_Pop_of_Vil": "10", "id": 28872}, "data_high": {"Stat_Nam": "Maharashtra", "Vil_Nam": "Morane Pr.ner", "Tot_Mal_Pop_of_Vil": "1929", "Tot_Fem_Pop_of_Vil": "997", "id": 505490}, "perc": 0.23557750210767195, "metric": 169.62918344067486, "value_global_local": {"ANDAMAN & NICOBAR ISLANDS": {"global_perc": 0.009009009009009009, "local_perc": 0.0034083162917518746}, "ANDHRA PRADESH": {"global_perc": 0.0018345323741007194, "local_perc": 0.034764826175869123}, "ASSAM": {"global_perc": 0.0021594999052850917, "local_perc": 0.03885480572597137}, "Arunachal Pradesh": {"global_perc": 0.018429057076400072, "local_perc": 0.07021131561008861}, "BIHAR": {"global_perc": 0.0010473771003253554, "local_perc": 0.032038173142467624}, "CHANDIGARH": {"global_perc": 0.2, "local_perc": 0.0006816632583503749}, "CHHATTISGARH": {"global_perc": 0.001490609162277651, "local_perc": 0.02044989775051125}, "GOA": {"global_perc": 0.005988023952095809, "local_perc": 0.0013633265167007499}, "HARYANA": {"global_perc": 0.00233883935097208, "local_perc": 0.010906612133605999}, "HIMACHAL PRADESH": {"global_perc": 0.005751570807153214, "local_perc": 0.08111792774369461}, "JAMMU & KASHMIR": {"global_perc": 0.003357240958339692, "local_perc": 0.014996591683708248}, "JHARKHAND": {"global_perc": 0.0019139346792615916, "local_perc": 0.04226312201772325}, "KARNATAKA": {"global_perc": 0.0022494887525562374, "local_perc": 0.044989775051124746}, "MADHYA PRADESH": {"global_perc": 0.0020581753273955887, "local_perc": 0.07702794819359236}, "MANIPUR": {"global_perc": 0.006199147617202635, "local_perc": 0.010906612133605999}, "MIZORAM": {"global_perc": 0.0024096385542168677, "local_perc": 0.0013633265167007499}, "Maharashtra": {"global_perc": 0.0017405244474979961, "local_perc": 0.051806407634628494}, "Meghalaya": {"global_perc": 0.00424038602134815, "local_perc": 0.019768234492160874}, "NAGALAND": {"global_perc": 0.0021008403361344537, "local_perc": 0.002044989775051125}, "ODISHA": {"global_perc": 0.0022411474675033617, "local_perc": 0.07839127471029311}, "Punjab": {"global_perc": 0.002543518003338367, "local_perc": 0.021813224267211998}, "RAJASTHAN": {"global_perc": 0.00295487106017192, "local_perc": 0.08997955010224949}, "SIKKIM": {"global_perc": 0.013303769401330377, "local_perc": 0.00408997955010225}, "TRIPURA": {"global_perc": 0.001142857142857143, "local_perc": 0.0006816632583503749}, "Tamil Nadu": {"global_perc": 0.0005006571124601039, "local_perc": 0.0054533060668029995}, "UTTAR PRADESH": {"global_perc": 0.0020697922715267763, "local_perc": 0.15064758009543286}, "UTTARAKHAND": {"global_perc": 0.005478473173346037, "local_perc": 0.0627130197682345}, "West Bengal": {"global_perc": 0.0009945795414988314, "local_perc": 0.027266530334014997}}, "partition_field": "Stat_Nam", "Vil_Nam": "Dinjan T.E.", "Stat_Nam": "ASSAM"}, {"data": [["Tot_Fem_Pop_of_Vil", 450.0], ["Tot_Mal_Pop_of_Vil", 354.0], 1.271186440677966], "data_low": {"Stat_Nam": "JAMMU & KASHMIR", "Vil_Nam": "Bharthiyal", "Tot_Mal_Pop_of_Vil": "8", "Tot_Fem_Pop_of_Vil": "10", "id": 1900}, "data_high": {"Stat_Nam": "HIMACHAL PRADESH", "Vil_Nam": "Jajri (34/47)", "Tot_Mal_Pop_of_Vil": "810", "Tot_Fem_Pop_of_Vil": "999", "id": 17643}, "perc": 1.6169256092175521, "metric": 83.04709620579574, "value_global_local": {"ANDAMAN & NICOBAR ISLANDS": {"global_perc": 0.012612612612612612, "local_perc": 0.0006952030986195252}, "ANDHRA PRADESH": {"global_perc": 0.018237410071942448, "local_perc": 0.050352567285728476}, "ASSAM": {"global_perc": 0.009547262739155142, "local_perc": 0.02502731155030291}, "Arunachal Pradesh": {"global_perc": 0.05385578815530506, "local_perc": 0.029893733240639587}, "BIHAR": {"global_perc": 0.006039131791237688, "local_perc": 0.02691429138941305}, "CHHATTISGARH": {"global_perc": 0.013862665209182152, "local_perc": 0.027708809216406793}, "GOA": {"global_perc": 0.029940119760479042, "local_perc": 0.000993147283742179}, "HARYANA": {"global_perc": 0.000438532378307265, "local_perc": 0.0002979441851226537}, "HIMACHAL PRADESH": {"global_perc": 0.049492508458192364, "local_perc": 0.10169828185519912}, "JAMMU & KASHMIR": {"global_perc": 0.0038150465435678317, "local_perc": 0.0024828682093554475}, "JHARKHAND": {"global_perc": 0.013984071124282274, "local_perc": 0.044989571953520706}, "KARNATAKA": {"global_perc": 0.008861622358554875, "local_perc": 0.025821829377296653}, "KERALA": {"global_perc": 0.004911591355599214, "local_perc": 0.0004965736418710895}, "MADHYA PRADESH": {"global_perc": 0.0054823962260714355, "local_perc": 0.029893733240639587}, "MANIPUR": {"global_perc": 0.022084463386284385, "local_perc": 0.00566093951733042}, "MIZORAM": {"global_perc": 0.004819277108433735, "local_perc": 0.00039725891349687157}, "Maharashtra": {"global_perc": 0.01683270353830299, "local_perc": 0.07299632535505016}, "Meghalaya": {"global_perc": 0.026319637373885072, "local_perc": 0.017876651107359223}, "NAGALAND": {"global_perc": 0.014705882352941176, "local_perc": 0.002085609295858576}, "ODISHA": {"global_perc": 0.029622123048740085, "local_perc": 0.1509583871288112}, "Punjab": {"global_perc": 0.0029409426913599873, "local_perc": 0.003674644949846062}, "RAJASTHAN": {"global_perc": 0.005775429799426934, "local_perc": 0.025623199920548217}, "TRIPURA": {"global_perc": 0.002285714285714286, "local_perc": 0.00019862945674843578}, "Tamil Nadu": {"global_perc": 0.004380749734025909, "local_perc": 0.006952030986195253}, "UTTAR PRADESH": {"global_perc": 0.011997302714143893, "local_perc": 0.12722216704737313}, "UTTARAKHAND": {"global_perc": 0.1177871732269398, "local_perc": 0.196444532724203}, "West Bengal": {"global_perc": 0.005669103386543339, "local_perc": 0.02264375806932168}}, "partition_field": "Stat_Nam", "Vil_Nam": "Panch Pahari", "Stat_Nam": "JHARKHAND"}, {"data": [["Tot_Fem_Pop_of_Vil", 725.0], ["Tot_Mal_Pop_of_Vil", 314.0], 2.3089171974522293], "data_low": {"Stat_Nam": "Arunachal Pradesh", "Vil_Nam": "Jotte Cheda", "Tot_Mal_Pop_of_Vil": "62", "Tot_Fem_Pop_of_Vil": "139", "id": 261122}, "data_high": {"Stat_Nam": "UTTAR PRADESH", "Vil_Nam": "Nasirpur", "Tot_Mal_Pop_of_Vil": "43", "Tot_Fem_Pop_of_Vil": "97", "id": 204153}, "perc": 0.00947448713316472, "metric": 168.6559101243999, "value_global_local": {"ANDHRA PRADESH": {"global_perc": 0.00014388489208633093, "local_perc": 0.06779661016949153}, "ASSAM": {"global_perc": 7.577192650123129e-05, "local_perc": 0.03389830508474576}, "Arunachal Pradesh": {"global_perc": 0.0010735373054213634, "local_perc": 0.1016949152542373}, "CHHATTISGARH": {"global_perc": 4.9686972075921695e-05, "local_perc": 0.01694915254237288}, "HIMACHAL PRADESH": {"global_perc": 0.00033832769453842436, "local_perc": 0.11864406779661017}, "JHARKHAND": {"global_perc": 3.086991418163858e-05, "local_perc": 0.01694915254237288}, "KARNATAKA": {"global_perc": 0.00010224948875255624, "local_perc": 0.05084745762711865}, "MADHYA PRADESH": {"global_perc": 5.464182285121031e-05, "local_perc": 0.05084745762711865}, "Maharashtra": {"global_perc": 0.00013740982480247338, "local_perc": 0.1016949152542373}, "ODISHA": {"global_perc": 0.00011692943308713192, "local_perc": 0.1016949152542373}, "Punjab": {"global_perc": 7.948493760432397e-05, "local_perc": 0.01694915254237288}, "RAJASTHAN": {"global_perc": 2.238538681948424e-05, "local_perc": 0.01694915254237288}, "UTTAR PRADESH": {"global_perc": 3.7462303557045726e-05, "local_perc": 0.06779661016949153}, "UTTARAKHAND": {"global_perc": 0.0008336807002917883, "local_perc": 0.23728813559322035}}, "partition_field": "Stat_Nam", "Vil_Nam": "Lobhani", "Stat_Nam": "Maharashtra"}, {"data": [["Tot_Fem_Pop_of_Vil", 1133.0], ["Tot_Mal_Pop_of_Vil", 513.0], 2.2085769980506824], "data_low": {"Stat_Nam": "Maharashtra", "Vil_Nam": "Mani", "Tot_Mal_Pop_of_Vil": "459", "Tot_Fem_Pop_of_Vil": "1009", "id": 528480}, "data_high": {"Stat_Nam": "UTTARAKHAND", "Vil_Nam": "Tamind", "Tot_Mal_Pop_of_Vil": "45", "Tot_Fem_Pop_of_Vil": "96", "id": 42157}, "perc": 0.017824882572564135, "metric": 160.4960229173442, "value_global_local": {"ANDHRA PRADESH": {"global_perc": 0.00035971223021582735, "local_perc": 0.09009009009009009}, "ASSAM": {"global_perc": 7.577192650123129e-05, "local_perc": 0.018018018018018018}, "Arunachal Pradesh": {"global_perc": 0.0012524601896582574, "local_perc": 0.06306306306306306}, "BIHAR": {"global_perc": 2.2284619155858625e-05, "local_perc": 0.009009009009009009}, "CHHATTISGARH": {"global_perc": 4.9686972075921695e-05, "local_perc": 0.009009009009009009}, "HIMACHAL PRADESH": {"global_perc": 0.0002899951667472209, "local_perc": 0.05405405405405406}, "JAMMU & KASHMIR": {"global_perc": 0.00015260186174271325, "local_perc": 0.009009009009009009}, "JHARKHAND": {"global_perc": 6.173982836327716e-05, "local_perc": 0.018018018018018018}, "KARNATAKA": {"global_perc": 6.81663258350375e-05, "local_perc": 0.018018018018018018}, "MADHYA PRADESH": {"global_perc": 7.285576380161376e-05, "local_perc": 0.036036036036036036}, "MANIPUR": {"global_perc": 0.0003874467260751647, "local_perc": 0.009009009009009009}, "Maharashtra": {"global_perc": 0.00011450818733539448, "local_perc": 0.04504504504504504}, "ODISHA": {"global_perc": 0.00027283534386997446, "local_perc": 0.12612612612612611}, "RAJASTHAN": {"global_perc": 8.954154727793696e-05, "local_perc": 0.036036036036036036}, "UTTAR PRADESH": {"global_perc": 0.00011238691067113716, "local_perc": 0.10810810810810811}, "UTTARAKHAND": {"global_perc": 0.002143750372178884, "local_perc": 0.32432432432432434}, "West Bengal": {"global_perc": 7.459346561241235e-05, "local_perc": 0.02702702702702703}}, "partition_field": "Stat_Nam", "Vil_Nam": "Vellala", "Stat_Nam": "ANDHRA PRADESH"}, {"data": [["Tot_Fem_Pop_of_Vil", 2802.0], ["Tot_Mal_Pop_of_Vil", 4631.0], 0.6050529043403152], "data_low": {"Stat_Nam": "HIMACHAL PRADESH", "Vil_Nam": "Up Muhal Runga - II nd", "Tot_Mal_Pop_of_Vil": "16", "Tot_Fem_Pop_of_Vil": "10", "id": 12643}, "data_high": {"Stat_Nam": "RAJASTHAN", "Vil_Nam": "Barmer Magra", "Tot_Mal_Pop_of_Vil": "1643", "Tot_Fem_Pop_of_Vil": "997", "id": 87684}, "perc": 0.6588783170741499, "metric": 154.84350027267578, "value_global_local": {"ANDAMAN & NICOBAR ISLANDS": {"global_perc": 0.03783783783783784, "local_perc": 0.00511820619059225}, "ANDHRA PRADESH": {"global_perc": 0.003381294964028777, "local_perc": 0.022910065805508164}, "ASSAM": {"global_perc": 0.007690850539874976, "local_perc": 0.049475993175725076}, "Arunachal Pradesh": {"global_perc": 0.03578457684737878, "local_perc": 0.04874482086278333}, "BIHAR": {"global_perc": 0.0033872621116905113, "local_perc": 0.03704606385571533}, "CHANDIGARH": {"global_perc": 0.4, "local_perc": 0.0004874482086278333}, "CHHATTISGARH": {"global_perc": 0.0033290271290867535, "local_perc": 0.016329514989032415}, "DAMAN & DIU": {"global_perc": 0.05263157894736842, "local_perc": 0.00024372410431391665}, "Dadra & Nagar Haveli": {"global_perc": 0.015384615384615385, "local_perc": 0.00024372410431391665}, "GOA": {"global_perc": 0.011976047904191617, "local_perc": 0.0009748964172556666}, "HARYANA": {"global_perc": 0.00672416313404473, "local_perc": 0.011211308798440166}, "HIMACHAL PRADESH": {"global_perc": 0.014838086031899468, "local_perc": 0.07482330002437242}, "JAMMU & KASHMIR": {"global_perc": 0.00839310239584923, "local_perc": 0.013404825737265416}, "JHARKHAND": {"global_perc": 0.00651355189232574, "local_perc": 0.05142578601023641}, "KARNATAKA": {"global_perc": 0.0054533060668029995, "local_perc": 0.03899585669022666}, "MADHYA PRADESH": {"global_perc": 0.008141631604830337, "local_perc": 0.10894467462832073}, "MANIPUR": {"global_perc": 0.014335528864781092, "local_perc": 0.009017791859614916}, "MIZORAM": {"global_perc": 0.006024096385542169, "local_perc": 0.0012186205215695832}, "Maharashtra": {"global_perc": 0.0032062292453910453, "local_perc": 0.03412137460394833}, "Meghalaya": {"global_perc": 0.012282497441146366, "local_perc": 0.020472824762369}, "NAGALAND": {"global_perc": 0.014705882352941176, "local_perc": 0.00511820619059225}, "NCT OF DELHI": {"global_perc": 0.017857142857142856, "local_perc": 0.0004874482086278333}, "ODISHA": {"global_perc": 0.0062167481924658465, "local_perc": 0.0777479892761394}, "Punjab": {"global_perc": 0.006835704633971863, "local_perc": 0.02096027297099683}, "RAJASTHAN": {"global_perc": 0.008909383954154727, "local_perc": 0.09700219351693883}, "SIKKIM": {"global_perc": 0.008869179600886918, "local_perc": 0.0009748964172556666}, "TRIPURA": {"global_perc": 0.008, "local_perc": 0.0017060687301974165}, "Tamil Nadu": {"global_perc": 0.0019400463107829026, "local_perc": 0.007555447233731416}, "UTTAR PRADESH": {"global_perc": 0.006321763725251466, "local_perc": 0.16451377041189374}, "UTTARAKHAND": {"global_perc": 0.012505210504376824, "local_perc": 0.0511820619059225}, "West Bengal": {"global_perc": 0.0028096872047341987, "local_perc": 0.027540823787472583}}, "partition_field": "Stat_Nam", "Vil_Nam": "Gollahalli", "Stat_Nam": "KARNATAKA"}, {"data": [["Tot_Fem_Pop_of_Vil", 316.0], ["Tot_Mal_Pop_of_Vil", 150.0], 2.1066666666666665], "data_low": {"Stat_Nam": "ANDHRA PRADESH", "Vil_Nam": "Gondipeta", "Tot_Mal_Pop_of_Vil": "49", "Tot_Fem_Pop_of_Vil": "101", "id": 562940}, "data_high": {"Stat_Nam": "MADHYA PRADESH", "Vil_Nam": "Saliwada Chak", "Tot_Mal_Pop_of_Vil": "48", "Tot_Fem_Pop_of_Vil": "97", "id": 491065}, "perc": 0.011562085993014573, "metric": 152.23228937123272, "value_global_local": {"ANDHRA PRADESH": {"global_perc": 0.0003237410071942446, "local_perc": 0.125}, "ASSAM": {"global_perc": 3.7885963250615644e-05, "local_perc": 0.013888888888888888}, "Arunachal Pradesh": {"global_perc": 0.0007156915369475756, "local_perc": 0.05555555555555555}, "CHHATTISGARH": {"global_perc": 9.937394415184339e-05, "local_perc": 0.027777777777777776}, "HIMACHAL PRADESH": {"global_perc": 0.00014499758337361044, "local_perc": 0.041666666666666664}, "JHARKHAND": {"global_perc": 0.0001234796567265543, "local_perc": 0.05555555555555555}, "MADHYA PRADESH": {"global_perc": 3.642788190080688e-05, "local_perc": 0.027777777777777776}, "Maharashtra": {"global_perc": 0.00013740982480247338, "local_perc": 0.08333333333333333}, "ODISHA": {"global_perc": 0.00019488238847855318, "local_perc": 0.1388888888888889}, "Punjab": {"global_perc": 7.948493760432397e-05, "local_perc": 0.013888888888888888}, "Tamil Nadu": {"global_perc": 0.00012516427811502597, "local_perc": 0.027777777777777776}, "UTTAR PRADESH": {"global_perc": 2.809672766778429e-05, "local_perc": 0.041666666666666664}, "UTTARAKHAND": {"global_perc": 0.0014887155362353361, "local_perc": 0.3472222222222222}}, "partition_field": "Stat_Nam", "Vil_Nam": "Silipandi", "Stat_Nam": "ODISHA"}, {"data": [["Tot_Fem_Pop_of_Vil", 2.0], ["Tot_Mal_Pop_of_Vil", 1.0], 2.0], "data_low": {"Stat_Nam": "JAMMU & KASHMIR", "Vil_Nam": "Chak Bhagwana", "Tot_Mal_Pop_of_Vil": "5", "Tot_Fem_Pop_of_Vil": "10", "id": 6552}, "data_high": {"Stat_Nam": "HIMACHAL PRADESH", "Vil_Nam": "Chhounti  (60/2)", "Tot_Mal_Pop_of_Vil": "50", "Tot_Fem_Pop_of_Vil": "99", "id": 16319}, "perc": 0.07579589706531777, "metric": 143.48011758075327, "value_global_local": {"ANDHRA PRADESH": {"global_perc": 0.00046762589928057557, "local_perc": 0.02754237288135593}, "ASSAM": {"global_perc": 0.0004546315590073878, "local_perc": 0.025423728813559324}, "Arunachal Pradesh": {"global_perc": 0.0050098407586330294, "local_perc": 0.059322033898305086}, "BIHAR": {"global_perc": 0.00013370771493515177, "local_perc": 0.012711864406779662}, "CHHATTISGARH": {"global_perc": 0.00014906091622776508, "local_perc": 0.006355932203389831}, "GOA": {"global_perc": 0.0029940119760479044, "local_perc": 0.00211864406779661}, "HIMACHAL PRADESH": {"global_perc": 0.002609956500724988, "local_perc": 0.11440677966101695}, "JAMMU & KASHMIR": {"global_perc": 0.000610407446970853, "local_perc": 0.00847457627118644}, "JHARKHAND": {"global_perc": 0.0006173982836327715, "local_perc": 0.0423728813559322}, "KARNATAKA": {"global_perc": 0.0006134969325153375, "local_perc": 0.038135593220338986}, "MADHYA PRADESH": {"global_perc": 0.0003824927599584722, "local_perc": 0.04449152542372881}, "Maharashtra": {"global_perc": 0.0005954425741440513, "local_perc": 0.05508474576271186}, "Meghalaya": {"global_perc": 0.0010235414534288639, "local_perc": 0.014830508474576272}, "ODISHA": {"global_perc": 0.0011887825697191744, "local_perc": 0.1292372881355932}, "Punjab": {"global_perc": 0.00015896987520864795, "local_perc": 0.00423728813559322}, "RAJASTHAN": {"global_perc": 0.0003805515759312321, "local_perc": 0.036016949152542374}, "SIKKIM": {"global_perc": 0.0022172949002217295, "local_perc": 0.00211864406779661}, "Tamil Nadu": {"global_perc": 0.00018774641717253895, "local_perc": 0.006355932203389831}, "UTTAR PRADESH": {"global_perc": 0.00046827879446307153, "local_perc": 0.1059322033898305}, "UTTARAKHAND": {"global_perc": 0.006312153873637825, "local_perc": 0.2245762711864407}, "West Bengal": {"global_perc": 0.0004724252822119449, "local_perc": 0.04025423728813559}}, "partition_field": "Stat_Nam", "Vil_Nam": "Wand Gahi", "Stat_Nam": "JAMMU & KASHMIR"}, {"data": [["Tot_Fem_Pop_of_Vil", 440.0], ["Tot_Mal_Pop_of_Vil", 624.0], 0.7051282051282052], "data_low": {"Stat_Nam": "MADHYA PRADESH", "Vil_Nam": "Pipaliya Khurd", "Tot_Mal_Pop_of_Vil": "143", "Tot_Fem_Pop_of_Vil": "101", "id": 481480}, "data_high": {"Stat_Nam": "UTTAR PRADESH", "Vil_Nam": "Barti", "Tot_Mal_Pop_of_Vil": "136", "Tot_Fem_Pop_of_Vil": "96", "id": 145376}, "perc": 0.025532939901240514, "metric": 141.67733690493534, "value_global_local": {"ANDAMAN & NICOBAR ISLANDS": {"global_perc": 0.007207207207207207, "local_perc": 0.025157232704402517}, "ANDHRA PRADESH": {"global_perc": 0.0003237410071942446, "local_perc": 0.05660377358490566}, "ASSAM": {"global_perc": 0.0002273157795036939, "local_perc": 0.03773584905660377}, "Arunachal Pradesh": {"global_perc": 0.0014313830738951511, "local_perc": 0.050314465408805034}, "BIHAR": {"global_perc": 0.00011142309577929313, "local_perc": 0.031446540880503145}, "CHHATTISGARH": {"global_perc": 4.9686972075921695e-05, "local_perc": 0.006289308176100629}, "HARYANA": {"global_perc": 0.000146177459435755, "local_perc": 0.006289308176100629}, "HIMACHAL PRADESH": {"global_perc": 0.0004833252779120348, "local_perc": 0.06289308176100629}, "JAMMU & KASHMIR": {"global_perc": 0.0004578055852281398, "local_perc": 0.018867924528301886}, "JHARKHAND": {"global_perc": 0.0002469593134531086, "local_perc": 0.050314465408805034}, "KARNATAKA": {"global_perc": 0.00010224948875255624, "local_perc": 0.018867924528301886}, "MADHYA PRADESH": {"global_perc": 0.000455348523760086, "local_perc": 0.15723270440251572}, "Maharashtra": {"global_perc": 4.580327493415779e-05, "local_perc": 0.012578616352201259}, "Meghalaya": {"global_perc": 0.000877321245796169, "local_perc": 0.03773584905660377}, "ODISHA": {"global_perc": 0.00015590591078284256, "local_perc": 0.050314465408805034}, "Punjab": {"global_perc": 0.00015896987520864795, "local_perc": 0.012578616352201259}, "RAJASTHAN": {"global_perc": 0.0004924785100286533, "local_perc": 0.13836477987421383}, "UTTAR PRADESH": {"global_perc": 0.00026223612489932005, "local_perc": 0.1761006289308176}, "UTTARAKHAND": {"global_perc": 0.0001190972428988269, "local_perc": 0.012578616352201259}, "West Bengal": {"global_perc": 0.0001491869312248247, "local_perc": 0.03773584905660377}}, "partition_field": "Stat_Nam", "Vil_Nam": "Kheri Dang", "Stat_Nam": "RAJASTHAN"}, {"data": [["Tot_Fem_Pop_of_Vil", 368.0], ["Tot_Mal_Pop_of_Vil", 194.0], 1.8969072164948453], "data_low": {"Stat_Nam": "Arunachal Pradesh", "Vil_Nam": "Wingseng Nongtaw", "Tot_Mal_Pop_of_Vil": "55", "Tot_Fem_Pop_of_Vil": "101", "id": 265570}, "data_high": {"Stat_Nam": "ODISHA", "Vil_Nam": "Naranga", "Tot_Mal_Pop_of_Vil": "540", "Tot_Fem_Pop_of_Vil": "999", "id": 426548}, "perc": 0.051387048857842545, "metric": 135.14871310553835, "value_global_local": {"ANDHRA PRADESH": {"global_perc": 0.0005755395683453237, "local_perc": 0.05}, "ASSAM": {"global_perc": 0.0002273157795036939, "local_perc": 0.01875}, "Arunachal Pradesh": {"global_perc": 0.0021470746108427268, "local_perc": 0.0375}, "BIHAR": {"global_perc": 4.456923831171725e-05, "local_perc": 0.00625}, "CHHATTISGARH": {"global_perc": 0.00019874788830368678, "local_perc": 0.0125}, "HIMACHAL PRADESH": {"global_perc": 0.0014499758337361043, "local_perc": 0.09375}, "JAMMU & KASHMIR": {"global_perc": 0.00015260186174271325, "local_perc": 0.003125}, "JHARKHAND": {"global_perc": 0.0003704389701796629, "local_perc": 0.0375}, "KARNATAKA": {"global_perc": 0.00010224948875255624, "local_perc": 0.009375}, "MADHYA PRADESH": {"global_perc": 0.00012749758665282407, "local_perc": 0.021875}, "Maharashtra": {"global_perc": 0.0005496392992098935, "local_perc": 0.075}, "Meghalaya": {"global_perc": 0.00014622020763269483, "local_perc": 0.003125}, "ODISHA": {"global_perc": 0.0009159472258492, "local_perc": 0.146875}, "RAJASTHAN": {"global_perc": 0.00017908309455587392, "local_perc": 0.025}, "Tamil Nadu": {"global_perc": 0.00012516427811502597, "local_perc": 0.00625}, "UTTAR PRADESH": {"global_perc": 0.00016858036600670575, "local_perc": 0.05625}, "UTTARAKHAND": {"global_perc": 0.007205383195379027, "local_perc": 0.378125}, "West Bengal": {"global_perc": 0.0001491869312248247, "local_perc": 0.01875}}, "partition_field": "Stat_Nam", "Vil_Nam": "Kujamendhi", "Stat_Nam": "ODISHA"}, {"data": [["Tot_Fem_Pop_of_Vil", 794.0], ["Tot_Mal_Pop_of_Vil", 442.0], 1.7963800904977376], "data_low": {"Stat_Nam": "ANDHRA PRADESH", "Vil_Nam": "Rajendrapalem", "Tot_Mal_Pop_of_Vil": "575", "Tot_Fem_Pop_of_Vil": "1006", "id": 564023}, "data_high": {"Stat_Nam": "UTTARAKHAND", "Vil_Nam": "Timali Bari", "Tot_Mal_Pop_of_Vil": "57", "Tot_Fem_Pop_of_Vil": "98", "id": 48402}, "perc": 0.07804408045284836, "metric": 126.95660581624708, "value_global_local": {"ANDHRA PRADESH": {"global_perc": 0.000539568345323741, "local_perc": 0.030864197530864196}, "ASSAM": {"global_perc": 0.00037885963250615644, "local_perc": 0.0205761316872428}, "Arunachal Pradesh": {"global_perc": 0.00411522633744856, "local_perc": 0.047325102880658436}, "BIHAR": {"global_perc": 0.000178276953246869, "local_perc": 0.01646090534979424}, "CHHATTISGARH": {"global_perc": 0.0004471827486832952, "local_perc": 0.018518518518518517}, "HIMACHAL PRADESH": {"global_perc": 0.0021749637506041568, "local_perc": 0.09259259259259259}, "JAMMU & KASHMIR": {"global_perc": 0.0003052037234854265, "local_perc": 0.00411522633744856}, "JHARKHAND": {"global_perc": 0.0005556584552694943, "local_perc": 0.037037037037037035}, "KARNATAKA": {"global_perc": 0.00017041581458759374, "local_perc": 0.0102880658436214}, "MADHYA PRADESH": {"global_perc": 0.0002367812323552447, "local_perc": 0.026748971193415638}, "MANIPUR": {"global_perc": 0.0003874467260751647, "local_perc": 0.00205761316872428}, "Maharashtra": {"global_perc": 0.000893163861216077, "local_perc": 0.08024691358024691}, "Meghalaya": {"global_perc": 0.0004386606228980845, "local_perc": 0.006172839506172839}, "ODISHA": {"global_perc": 0.000857482509305634, "local_perc": 0.09053497942386832}, "Punjab": {"global_perc": 0.00023845481281297194, "local_perc": 0.006172839506172839}, "RAJASTHAN": {"global_perc": 0.00013431232091690545, "local_perc": 0.012345679012345678}, "Tamil Nadu": {"global_perc": 0.00012516427811502597, "local_perc": 0.00411522633744856}, "UTTAR PRADESH": {"global_perc": 0.0003465263079026729, "local_perc": 0.07613168724279835}, "UTTARAKHAND": {"global_perc": 0.011433335318287382, "local_perc": 0.3950617283950617}, "West Bengal": {"global_perc": 0.00027350937391217863, "local_perc": 0.02263374485596708}}, "partition_field": "Stat_Nam", "Vil_Nam": "Bhaliwadi", "Stat_Nam": "Maharashtra"}, {"data": [["Tot_Fem_Pop_of_Vil", 290.0], ["Tot_Mal_Pop_of_Vil", 171.0], 1.695906432748538], "data_low": {"Stat_Nam": "HIMACHAL PRADESH", "Vil_Nam": "Reserve Jangal Bar  (228)", "Tot_Mal_Pop_of_Vil": "6", "Tot_Fem_Pop_of_Vil": "10", "id": 9117}, "data_high": {"Stat_Nam": "ANDHRA PRADESH", "Vil_Nam": "Praharajapalem", "Tot_Mal_Pop_of_Vil": "614", "Tot_Fem_Pop_of_Vil": "999", "id": 558592}, "perc": 0.1332851579750291, "metric": 118.73920136481075, "value_global_local": {"ANDAMAN & NICOBAR ISLANDS": {"global_perc": 0.0036036036036036037, "local_perc": 0.0024096385542168677}, "ANDHRA PRADESH": {"global_perc": 0.001618705035971223, "local_perc": 0.05421686746987952}, "ASSAM": {"global_perc": 0.0006061754120098503, "local_perc": 0.01927710843373494}, "Arunachal Pradesh": {"global_perc": 0.007872606906423331, "local_perc": 0.05301204819277108}, "BIHAR": {"global_perc": 0.00022284619155858625, "local_perc": 0.012048192771084338}, "CHHATTISGARH": {"global_perc": 0.0004471827486832952, "local_perc": 0.010843373493975903}, "HARYANA": {"global_perc": 0.000146177459435755, "local_perc": 0.0012048192771084338}, "HIMACHAL PRADESH": {"global_perc": 0.0034799420009666506, "local_perc": 0.08674698795180723}, "JAMMU & KASHMIR": {"global_perc": 0.0009156111704562796, "local_perc": 0.007228915662650603}, "JHARKHAND": {"global_perc": 0.0009569673396307958, "local_perc": 0.03734939759036145}, "KARNATAKA": {"global_perc": 0.0004430811179277437, "local_perc": 0.01566265060240964}, "MADHYA PRADESH": {"global_perc": 0.0004735624647104894, "local_perc": 0.03132530120481928}, "MANIPUR": {"global_perc": 0.0015497869043006587, "local_perc": 0.004819277108433735}, "Maharashtra": {"global_perc": 0.0013740982480247338, "local_perc": 0.07228915662650602}, "Meghalaya": {"global_perc": 0.0013159818686942536, "local_perc": 0.010843373493975903}, "ODISHA": {"global_perc": 0.002007288601329098, "local_perc": 0.12409638554216867}, "Punjab": {"global_perc": 0.00015896987520864795, "local_perc": 0.0024096385542168677}, "RAJASTHAN": {"global_perc": 0.00044770773638968484, "local_perc": 0.024096385542168676}, "Tamil Nadu": {"global_perc": 0.00018774641717253895, "local_perc": 0.0036144578313253013}, "UTTAR PRADESH": {"global_perc": 0.0007305149193623916, "local_perc": 0.09397590361445783}, "UTTARAKHAND": {"global_perc": 0.015482641576847495, "local_perc": 0.3132530120481928}, "West Bengal": {"global_perc": 0.00039783181659953253, "local_perc": 0.01927710843373494}}, "partition_field": "Stat_Nam", "Vil_Nam": "Dhung", "Stat_Nam": "UTTARAKHAND"}, {"data": [["Tot_Fem_Pop_of_Vil", 308.0], ["Tot_Mal_Pop_of_Vil", 214.0], 1.439252336448598], "data_low": {"Stat_Nam": "JAMMU & KASHMIR", "Vil_Nam": "Chak Girdhari", "Tot_Mal_Pop_of_Vil": "7", "Tot_Fem_Pop_of_Vil": "10", "id": 6400}, "data_high": {"Stat_Nam": "Maharashtra", "Vil_Nam": "Kolbandre", "Tot_Mal_Pop_of_Vil": "701", "Tot_Fem_Pop_of_Vil": "995", "id": 543622}, "perc": 0.6795937211449676, "metric": 97.39190876345634, "value_global_local": {"ANDAMAN & NICOBAR ISLANDS": {"global_perc": 0.007207207207207207, "local_perc": 0.000945179584120983}, "ANDHRA PRADESH": {"global_perc": 0.00579136690647482, "local_perc": 0.03804347826086957}, "ASSAM": {"global_perc": 0.0028035612805455577, "local_perc": 0.017485822306238186}, "Arunachal Pradesh": {"global_perc": 0.033637502236536054, "local_perc": 0.0444234404536862}, "BIHAR": {"global_perc": 0.0016490618175335383, "local_perc": 0.017485822306238186}, "CHHATTISGARH": {"global_perc": 0.0039252707939978135, "local_perc": 0.018667296786389415}, "GOA": {"global_perc": 0.0029940119760479044, "local_perc": 0.00023629489603024575}, "HARYANA": {"global_perc": 0.001023242216050285, "local_perc": 0.0016540642722117202}, "HIMACHAL PRADESH": {"global_perc": 0.022039632672788786, "local_perc": 0.10775047258979206}, "JAMMU & KASHMIR": {"global_perc": 0.002441629787883412, "local_perc": 0.003780718336483932}, "JHARKHAND": {"global_perc": 0.004784836698153979, "local_perc": 0.036625708884688093}, "KARNATAKA": {"global_perc": 0.0038513974096796182, "local_perc": 0.02670132325141777}, "MADHYA PRADESH": {"global_perc": 0.0019306777407427644, "local_perc": 0.02504725897920605}, "MANIPUR": {"global_perc": 0.008136381247578458, "local_perc": 0.00496219281663516}, "MIZORAM": {"global_perc": 0.0012048192771084338, "local_perc": 0.00023629489603024575}, "Maharashtra": {"global_perc": 0.006618573227985801, "local_perc": 0.06828922495274102}, "Meghalaya": {"global_perc": 0.007164790174002047, "local_perc": 0.011578449905482041}, "NAGALAND": {"global_perc": 0.0035014005602240898, "local_perc": 0.0011814744801512287}, "ODISHA": {"global_perc": 0.011166760859821098, "local_perc": 0.1353969754253308}, "Punjab": {"global_perc": 0.0015896987520864795, "local_perc": 0.004725897920604915}, "RAJASTHAN": {"global_perc": 0.001857987106017192, "local_perc": 0.019612476370510397}, "Tamil Nadu": {"global_perc": 0.0010638963639777207, "local_perc": 0.004017013232514178}, "UTTAR PRADESH": {"global_perc": 0.003437166351358945, "local_perc": 0.08672022684310018}, "UTTARAKHAND": {"global_perc": 0.0774727565056869, "local_perc": 0.30741965973534974}, "West Bengal": {"global_perc": 0.0017902431746978965, "local_perc": 0.017013232514177693}}, "partition_field": "Stat_Nam", "Vil_Nam": "Dalgaon", "Stat_Nam": "UTTARAKHAND"}, {"data": [["Tot_Fem_Pop_of_Vil", 194.0], ["Tot_Mal_Pop_of_Vil", 126.0], 1.5396825396825398], "data_low": {"Stat_Nam": "UTTARAKHAND", "Vil_Nam": "Kunj Bargal", "Tot_Mal_Pop_of_Vil": "63", "Tot_Fem_Pop_of_Vil": "100", "id": 52577}, "data_high": {"Stat_Nam": "ANDHRA PRADESH", "Vil_Nam": "Chandampet", "Tot_Mal_Pop_of_Vil": "638", "Tot_Fem_Pop_of_Vil": "992", "id": 555688}, "perc": 0.09811714641294311, "metric": 106.10865647873301, "value_global_local": {"ANDHRA PRADESH": {"global_perc": 0.0007913669064748202, "local_perc": 0.03600654664484452}, "ASSAM": {"global_perc": 0.0003409736692555408, "local_perc": 0.014729950900163666}, "Arunachal Pradesh": {"global_perc": 0.004830917874396135, "local_perc": 0.044189852700491}, "BIHAR": {"global_perc": 0.00022284619155858625, "local_perc": 0.016366612111292964}, "CHHATTISGARH": {"global_perc": 0.00024843486037960845, "local_perc": 0.008183306055646482}, "HARYANA": {"global_perc": 0.000146177459435755, "local_perc": 0.0016366612111292963}, "HIMACHAL PRADESH": {"global_perc": 0.0025616239729337846, "local_perc": 0.0867430441898527}, "JHARKHAND": {"global_perc": 0.0007100080261776872, "local_perc": 0.03764320785597381}, "KARNATAKA": {"global_perc": 0.00017041581458759374, "local_perc": 0.008183306055646482}, "MADHYA PRADESH": {"global_perc": 0.00027320911425605157, "local_perc": 0.024549918166939442}, "MANIPUR": {"global_perc": 0.0007748934521503294, "local_perc": 0.0032733224222585926}, "Maharashtra": {"global_perc": 0.0012595900606893393, "local_perc": 0.09001636661211129}, "Meghalaya": {"global_perc": 0.0010235414534288639, "local_perc": 0.011456628477905073}, "NAGALAND": {"global_perc": 0.0014005602240896359, "local_perc": 0.0032733224222585926}, "ODISHA": {"global_perc": 0.0016175238243719915, "local_perc": 0.13584288052373159}, "Punjab": {"global_perc": 0.00015896987520864795, "local_perc": 0.0032733224222585926}, "RAJASTHAN": {"global_perc": 0.00017908309455587392, "local_perc": 0.01309328968903437}, "Tamil Nadu": {"global_perc": 0.00025032855623005195, "local_perc": 0.006546644844517185}, "UTTAR PRADESH": {"global_perc": 0.0003652574596811958, "local_perc": 0.06382978723404255}, "UTTARAKHAND": {"global_perc": 0.013219793961769786, "local_perc": 0.36333878887070375}, "West Bengal": {"global_perc": 0.00042269630513700336, "local_perc": 0.027823240589198037}}, "partition_field": "Stat_Nam", "Vil_Nam": "Digoli", "Stat_Nam": "UTTARAKHAND"}]