[{"data": [["Vet_Hos_Doc_Tot_Stren_Num", 0.0], ["Vet_Hos_Num", 1.0], 0.0], "data_low": {"Stat_Nam": "UTTAR PRADESH", "Vil_Nam": "Gawan Bahar Town", "Vet_Hos_Num": "1", "Vet_Hos_Doc_Tot_Stren_Num": "", "id": 126383}, "data_high": {"Stat_Nam": "UTTAR PRADESH", "Vil_Nam": "Rendhar", "Vet_Hos_Num": "29", "Vet_Hos_Doc_Tot_Stren_Num": "1", "id": 150327}, "perc": 0.2731542815849693, "metric": 99.72684671588298, "value_global_local": {"ANDAMAN & NICOBAR ISLANDS": {"global_perc": 0.014414414414414415, "local_perc": 0.004703115814226925}, "ASSAM": {"global_perc": 0.0004546315590073878, "local_perc": 0.007054673721340388}, "Arunachal Pradesh": {"global_perc": 0.0007156915369475756, "local_perc": 0.0023515579071134627}, "BIHAR": {"global_perc": 8.91384766234345e-05, "local_perc": 0.0023515579071134627}, "HARYANA": {"global_perc": 0.006577985674608975, "local_perc": 0.026455026455026454}, "HIMACHAL PRADESH": {"global_perc": 0.005993233446109232, "local_perc": 0.07289829512051735}, "JAMMU & KASHMIR": {"global_perc": 0.00701968564016481, "local_perc": 0.02704291593180482}, "JHARKHAND": {"global_perc": 3.086991418163858e-05, "local_perc": 0.0005878894767783657}, "KARNATAKA": {"global_perc": 0.02634628493524199, "local_perc": 0.45443856554967665}, "MANIPUR": {"global_perc": 0.0019372336303758234, "local_perc": 0.0029394473838918285}, "MIZORAM": {"global_perc": 0.016867469879518072, "local_perc": 0.00823045267489712}, "NAGALAND": {"global_perc": 0.0021008403361344537, "local_perc": 0.001763668430335097}, "PUDUCHERRY": {"global_perc": 0.1, "local_perc": 0.005291005291005291}, "TRIPURA": {"global_perc": 0.0034285714285714284, "local_perc": 0.001763668430335097}, "UTTAR PRADESH": {"global_perc": 0.0012456215932717702, "local_perc": 0.07818930041152264}, "West Bengal": {"global_perc": 0.012854940573872396, "local_perc": 0.30393885949441507}}, "partition_field": "Stat_Nam", "Vil_Nam": "Phey", "Stat_Nam": "JAMMU & KASHMIR"}, {"data": [["Vet_Hos_Doc_Tot_Stren_Num", 1.0], ["Vet_Hos_Num", 4.0], 0.25], "data_low": {"Stat_Nam": "West Bengal", "Vil_Nam": "Gobindapur", "Vet_Hos_Num": "4", "Vet_Hos_Doc_Tot_Stren_Num": "1", "id": 323851}, "data_high": {"Stat_Nam": "West Bengal", "Vil_Nam": "Gobindapur", "Vet_Hos_Num": "4", "Vet_Hos_Doc_Tot_Stren_Num": "1", "id": 323851}, "perc": 0.0009635071660845478, "metric": 99.99903724297671, "value_global_local": {}, "partition_field": null, "Vil_Nam": "Gobindapur", "Stat_Nam": "West Bengal"}, {"data": [["Vet_Hos_Doc_Tot_Stren_Num", 1.0], ["Vet_Hos_Num", 2.0], 0.5], "data_low": {"Stat_Nam": "Punjab", "Vil_Nam": "Jatpur (323)", "Vet_Hos_Num": "2", "Vet_Hos_Doc_Tot_Stren_Num": "1", "id": 31343}, "data_high": {"Stat_Nam": "Punjab", "Vil_Nam": "Jatpur (323)", "Vet_Hos_Num": "2", "Vet_Hos_Doc_Tot_Stren_Num": "1", "id": 31343}, "perc": 0.013489100325183667, "metric": 99.98651139970735, "value_global_local": {"ANDHRA PRADESH": {"global_perc": 7.194244604316547e-05, "local_perc": 0.023809523809523808}, "BIHAR": {"global_perc": 6.685385746757588e-05, "local_perc": 0.03571428571428571}, "CHHATTISGARH": {"global_perc": 0.00019874788830368678, "local_perc": 0.047619047619047616}, "HARYANA": {"global_perc": 0.000438532378307265, "local_perc": 0.03571428571428571}, "KERALA": {"global_perc": 0.0068762278978389, "local_perc": 0.08333333333333333}, "MADHYA PRADESH": {"global_perc": 5.464182285121031e-05, "local_perc": 0.03571428571428571}, "Punjab": {"global_perc": 0.0003974246880216199, "local_perc": 0.05952380952380952}, "TRIPURA": {"global_perc": 0.004571428571428572, "local_perc": 0.047619047619047616}, "Tamil Nadu": {"global_perc": 0.0009387320858626948, "local_perc": 0.17857142857142858}, "UTTAR PRADESH": {"global_perc": 0.00029033285256710434, "local_perc": 0.36904761904761907}, "UTTARAKHAND": {"global_perc": 0.00017864586434824034, "local_perc": 0.03571428571428571}, "West Bengal": {"global_perc": 9.945795414988313e-05, "local_perc": 0.047619047619047616}}, "partition_field": "Stat_Nam", "Vil_Nam": "Jatpur (323)", "Stat_Nam": "Punjab"}, {"data": [["Vet_Hos_Doc_Tot_Stren_Num", 1.0], ["Vet_Hos_Num", 1.0], 1.0], "data_low": {"Stat_Nam": "JAMMU & KASHMIR", "Vil_Nam": "Dudi", "Vet_Hos_Num": "1", "Vet_Hos_Doc_Tot_Stren_Num": "1", "id": 10}, "data_high": {"Stat_Nam": "West Bengal", "Vil_Nam": "Palpara", "Vet_Hos_Num": "7", "Vet_Hos_Doc_Tot_Stren_Num": "7", "id": 343013}, "perc": 4.228190613834357, "metric": 95.77180938616564, "value_global_local": {"": {"global_perc": 0.0496354232661007, "local_perc": 0.9819217622483859}, "1GHANEPUR": {"global_perc": 1.0, "local_perc": 3.79794910748196e-05}, "ADHARPUR": {"global_perc": 0.25, "local_perc": 3.79794910748196e-05}, "AHMEDGARH": {"global_perc": 1.0, "local_perc": 3.79794910748196e-05}, "ALIYA": {"global_perc": 0.5, "local_perc": 3.79794910748196e-05}, "AMBALA": {"global_perc": 0.2, "local_perc": 3.79794910748196e-05}, "AMROH": {"global_perc": 0.1, "local_perc": 3.79794910748196e-05}, "AMRUT": {"global_perc": 0.14285714285714285, "local_perc": 3.79794910748196e-05}, "ANACHI": {"global_perc": 0.5, "local_perc": 3.79794910748196e-05}, "ANHECH": {"global_perc": 0.25, "local_perc": 3.79794910748196e-05}, "AREKALHOSAHALLI": {"global_perc": 0.5, "local_perc": 3.79794910748196e-05}, "ASAUVAPARMOHRAI": {"global_perc": 1.0, "local_perc": 3.79794910748196e-05}, "ATARDEEH": {"global_perc": 1.0, "local_perc": 3.79794910748196e-05}, "ATTARI": {"global_perc": 0.2, "local_perc": 3.79794910748196e-05}, "ATTIBELE": {"global_perc": 0.5, "local_perc": 3.79794910748196e-05}, "B.B.NAGAR": {"global_perc": 0.5, "local_perc": 3.79794910748196e-05}, "BABHANI": {"global_perc": 0.010416666666666666, "local_perc": 7.59589821496392e-05}, "BADETH MALLA": {"global_perc": 1.0, "local_perc": 3.79794910748196e-05}, "BADHAVA": {"global_perc": 1.0, "local_perc": 3.79794910748196e-05}, "BADOL": {"global_perc": 0.5, "local_perc": 3.79794910748196e-05}, "BADOLI": {"global_perc": 0.09090909090909091, "local_perc": 3.79794910748196e-05}, "BAGA CHANOGI": {"global_perc": 1.0, "local_perc": 3.79794910748196e-05}, "BAGAHI": {"global_perc": 0.2, "local_perc": 3.79794910748196e-05}, "BAGGA": {"global_perc": 1.0, "local_perc": 3.79794910748196e-05}, "BAHADURGARH": {"global_perc": 1.0, "local_perc": 3.79794910748196e-05}, "BAHADURPUR": {"global_perc": 0.047619047619047616, "local_perc": 7.59589821496392e-05}, "BAHERA KHAL": {"global_perc": 1.0, "local_perc": 3.79794910748196e-05}, "BAIJUWAPUR": {"global_perc": 1.0, "local_perc": 3.79794910748196e-05}, "BAKAMI": {"global_perc": 1.0, "local_perc": 3.79794910748196e-05}, "BAKHALAG": {"global_perc": 0.2, "local_perc": 3.79794910748196e-05}, "BAKHRUNDA": {"global_perc": 0.2, "local_perc": 3.79794910748196e-05}, "BALLAGAN": {"global_perc": 1.0, "local_perc": 3.79794910748196e-05}, "BALRAMPUR": {"global_perc": 0.1, "local_perc": 3.79794910748196e-05}, "BANDULAHAR": {"global_perc": 1.0, "local_perc": 3.79794910748196e-05}, "BANGA": {"global_perc": 0.5, "local_perc": 3.79794910748196e-05}, "BANGRA": {"global_perc": 0.6666666666666666, "local_perc": 0.0001519179642992784}, "BARAMATI": {"global_perc": 1.0, "local_perc": 3.79794910748196e-05}, "BARAMPUR": {"global_perc": 0.5, "local_perc": 3.79794910748196e-05}, "BARAPATI": {"global_perc": 1.0, "local_perc": 3.79794910748196e-05}, "BARARA": {"global_perc": 0.5, "local_perc": 3.79794910748196e-05}, "BARIGARH": {"global_perc": 1.0, "local_perc": 3.79794910748196e-05}, "BASAULI": {"global_perc": 0.3333333333333333, "local_perc": 3.79794910748196e-05}, "BASAVANAHALLI": {"global_perc": 0.2, "local_perc": 3.79794910748196e-05}, "BASEDOUR": {"global_perc": 0.3333333333333333, "local_perc": 3.79794910748196e-05}, "BASINI": {"global_perc": 1.0, "local_perc": 3.79794910748196e-05}, "BASOLI MALLI": {"global_perc": 0.5, "local_perc": 3.79794910748196e-05}, "BASSI": {"global_perc": 0.09090909090909091, "local_perc": 3.79794910748196e-05}, "BATOL": {"global_perc": 0.14285714285714285, "local_perc": 3.79794910748196e-05}, "BAWAL": {"global_perc": 0.5, "local_perc": 3.79794910748196e-05}, "BAZARKUNANG": {"global_perc": 0.25, "local_perc": 3.79794910748196e-05}, "BEAR KHURD": {"global_perc": 0.1, "local_perc": 3.79794910748196e-05}, "BEGUMSARAI": {"global_perc": 1.0, "local_perc": 3.79794910748196e-05}, "BEHREWALA": {"global_perc": 1.0, "local_perc": 3.79794910748196e-05}, "BELHAN": {"global_perc": 0.3333333333333333, "local_perc": 3.79794910748196e-05}, "BHAGESARA": {"global_perc": 1.0, "local_perc": 3.79794910748196e-05}, "BHAGWANPUR": {"global_perc": 0.034482758620689655, "local_perc": 3.79794910748196e-05}, "BHAIRPUR": {"global_perc": 0.5, "local_perc": 3.79794910748196e-05}, "BHAKHRA": {"global_perc": 1.0, "local_perc": 3.79794910748196e-05}, "BHALAWAG": {"global_perc": 0.5, "local_perc": 3.79794910748196e-05}, "BHALUANI": {"global_perc": 0.5, "local_perc": 3.79794910748196e-05}, "BHARANTA": {"global_perc": 0.16666666666666666, "local_perc": 3.79794910748196e-05}, "BHARPAHI": {"global_perc": 0.5, "local_perc": 3.79794910748196e-05}, "BHATHAR": {"global_perc": 0.5, "local_perc": 3.79794910748196e-05}, "BHATKOT": {"global_perc": 0.16666666666666666, "local_perc": 3.79794910748196e-05}, "BHATKOTE": {"global_perc": 0.3333333333333333, "local_perc": 3.79794910748196e-05}, "BHATWARI SUNAR": {"global_perc": 1.0, "local_perc": 3.79794910748196e-05}, "BHAWAN SINGH NAWAR": {"global_perc": 0.5, "local_perc": 3.79794910748196e-05}, "BHAWARNA": {"global_perc": 0.25, "local_perc": 3.79794910748196e-05}, "BHOTA": {"global_perc": 0.16666666666666666, "local_perc": 7.59589821496392e-05}, "BHUNGWAR": {"global_perc": 1.0, "local_perc": 7.59589821496392e-05}, "BIGHAPUR": {"global_perc": 1.0, "local_perc": 3.79794910748196e-05}, "BIGHBEHARA": {"global_perc": 0.25, "local_perc": 3.79794910748196e-05}, "BISHUNPUR KETHARIA": {"global_perc": 1.0, "local_perc": 3.79794910748196e-05}, "BOHALA": {"global_perc": 1.0, "local_perc": 3.79794910748196e-05}, "BOPPANAHALLI": {"global_perc": 1.0, "local_perc": 3.79794910748196e-05}, "BORAGAONWADI": {"global_perc": 1.0, "local_perc": 3.79794910748196e-05}, "BOSWAN": {"global_perc": 1.0, "local_perc": 3.79794910748196e-05}, "BRAKHARI": {"global_perc": 1.0, "local_perc": 3.79794910748196e-05}, "BRUA": {"global_perc": 0.5, "local_perc": 3.79794910748196e-05}, "CHAIDE": {"global_perc": 0.1, "local_perc": 7.59589821496392e-05}, "CHAK BAMUN": {"global_perc": 0.6666666666666666, "local_perc": 7.59589821496392e-05}, "CHAK NIVRANI": {"global_perc": 1.0, "local_perc": 3.79794910748196e-05}, "CHALAGERI": {"global_perc": 0.3333333333333333, "local_perc": 3.79794910748196e-05}, "CHAMALI": {"global_perc": 0.5, "local_perc": 3.79794910748196e-05}, "CHAMDAR": {"global_perc": 0.25, "local_perc": 3.79794910748196e-05}, "CHAMKOTE": {"global_perc": 0.5, "local_perc": 3.79794910748196e-05}, "CHAND": {"global_perc": 0.2, "local_perc": 3.79794910748196e-05}, "CHANDDIH": {"global_perc": 0.5, "local_perc": 3.79794910748196e-05}, "CHARKHI": {"global_perc": 0.5, "local_perc": 3.79794910748196e-05}, "CHASU": {"global_perc": 0.2, "local_perc": 3.79794910748196e-05}, "CHAUBATTA KHAL": {"global_perc": 1.0, "local_perc": 3.79794910748196e-05}, "CHAUTHI BAND": {"global_perc": 1.0, "local_perc": 3.79794910748196e-05}, "CHENNAKAL": {"global_perc": 0.3333333333333333, "local_perc": 3.79794910748196e-05}, "CHETANPURA": {"global_perc": 1.0, "local_perc": 3.79794910748196e-05}, "CHHANGLA": {"global_perc": 0.2, "local_perc": 3.79794910748196e-05}, "CHIKKUR": {"global_perc": 1.0, "local_perc": 3.79794910748196e-05}, "CHINGUS": {"global_perc": 1.0, "local_perc": 3.79794910748196e-05}, "CHINTAKI": {"global_perc": 1.0, "local_perc": 3.79794910748196e-05}, "CHIPGI": {"global_perc": 1.0, "local_perc": 3.79794910748196e-05}, "CHIRLAKOPPA": {"global_perc": 1.0, "local_perc": 3.79794910748196e-05}, "CHOKHARA": {"global_perc": 1.0, "local_perc": 3.79794910748196e-05}, "CHOWDAPUR": {"global_perc": 1.0, "local_perc": 3.79794910748196e-05}, "DABHIYAR": {"global_perc": 1.0, "local_perc": 3.79794910748196e-05}, "DADHWALKAR": {"global_perc": 0.5, "local_perc": 3.79794910748196e-05}, "DAIRA": {"global_perc": 1.0, "local_perc": 3.79794910748196e-05}, "DANASALI": {"global_perc": 0.5, "local_perc": 3.79794910748196e-05}, "DANGRI": {"global_perc": 0.125, "local_perc": 3.79794910748196e-05}, "DAULATPUR": {"global_perc": 0.08571428571428572, "local_perc": 0.0001139384732244588}, "DAWAL GARH": {"global_perc": 0.5, "local_perc": 7.59589821496392e-05}, "DEOTH": {"global_perc": 0.3333333333333333, "local_perc": 3.79794910748196e-05}, "DEVPUR SANWAL": {"global_perc": 0.08333333333333333, "local_perc": 3.79794910748196e-05}, "DHALWARI": {"global_perc": 1.0, "local_perc": 3.79794910748196e-05}, "DHARWAD": {"global_perc": 0.14285714285714285, "local_perc": 3.79794910748196e-05}, "DHIRAR": {"global_perc": 0.5, "local_perc": 3.79794910748196e-05}, "DHWLA": {"global_perc": 1.0, "local_perc": 3.79794910748196e-05}, "DIGOLIKHAL": {"global_perc": 0.125, "local_perc": 3.79794910748196e-05}, "DODMANE": {"global_perc": 0.125, "local_perc": 3.79794910748196e-05}, "DUGRI PANTH": {"global_perc": 0.5, "local_perc": 3.79794910748196e-05}, "DUHAK KHURD": {"global_perc": 0.3333333333333333, "local_perc": 3.79794910748196e-05}, "DUNGRI MALLI": {"global_perc": 1.0, "local_perc": 7.59589821496392e-05}, "Dhaliwal Bet": {"global_perc": 1.0, "local_perc": 7.59589821496392e-05}, "ELLENABAD": {"global_perc": 1.0, "local_perc": 3.79794910748196e-05}, "FATEHPUR": {"global_perc": 0.015873015873015872, "local_perc": 3.79794910748196e-05}, "FULANG": {"global_perc": 0.3333333333333333, "local_perc": 3.79794910748196e-05}, "GADARIYA": {"global_perc": 1.0, "local_perc": 3.79794910748196e-05}, "GAGAL": {"global_perc": 0.2, "local_perc": 3.79794910748196e-05}, "GAGOTI": {"global_perc": 0.25, "local_perc": 3.79794910748196e-05}, "GAHARI": {"global_perc": 1.0, "local_perc": 3.79794910748196e-05}, "GAINCHARI": {"global_perc": 0.2, "local_perc": 3.79794910748196e-05}, "GAJODIH": {"global_perc": 1.0, "local_perc": 3.79794910748196e-05}, "GANGDIH": {"global_perc": 1.0, "local_perc": 3.79794910748196e-05}, "GARALAG": {"global_perc": 1.0, "local_perc": 3.79794910748196e-05}, "GARHWA": {"global_perc": 0.14285714285714285, "local_perc": 3.79794910748196e-05}, "GARNI": {"global_perc": 0.07692307692307693, "local_perc": 3.79794910748196e-05}, "GARRICHAK": {"global_perc": 1.0, "local_perc": 3.79794910748196e-05}, "GATWAR": {"global_perc": 1.0, "local_perc": 3.79794910748196e-05}, "GHINDWARA": {"global_perc": 0.14285714285714285, "local_perc": 3.79794910748196e-05}, "GHURET": {"global_perc": 1.0, "local_perc": 3.79794910748196e-05}, "GIGENAHALLI": {"global_perc": 0.5, "local_perc": 3.79794910748196e-05}, "GOLLARAGUDI": {"global_perc": 0.5, "local_perc": 3.79794910748196e-05}, "GOPALPUR": {"global_perc": 0.008333333333333333, "local_perc": 3.79794910748196e-05}, "GOVARDHANPUR": {"global_perc": 1.0, "local_perc": 0.0001519179642992784}, "GUDDADUR": {"global_perc": 1.0, "local_perc": 3.79794910748196e-05}, "GULEHAN": {"global_perc": 1.0, "local_perc": 3.79794910748196e-05}, "GULELA": {"global_perc": 0.2, "local_perc": 3.79794910748196e-05}, "GULELEA": {"global_perc": 1.0, "local_perc": 3.79794910748196e-05}, "GUMRU": {"global_perc": 0.3333333333333333, "local_perc": 3.79794910748196e-05}, "GURPHALI": {"global_perc": 1.0, "local_perc": 3.79794910748196e-05}, "GUTAKBARA": {"global_perc": 1.0, "local_perc": 3.79794910748196e-05}, "HABAN": {"global_perc": 1.0, "local_perc": 3.79794910748196e-05}, "HAILAN": {"global_perc": 1.0, "local_perc": 3.79794910748196e-05}, "HALANA": {"global_perc": 1.0, "local_perc": 7.59589821496392e-05}, "HAR": {"global_perc": 0.1111111111111111, "local_perc": 3.79794910748196e-05}, "HARDI": {"global_perc": 0.125, "local_perc": 3.79794910748196e-05}, "HAREHR": {"global_perc": 0.5, "local_perc": 3.79794910748196e-05}, "HARIHARPUR": {"global_perc": 0.03225806451612903, "local_perc": 3.79794910748196e-05}, "HARIPUR KALAN": {"global_perc": 1.0, "local_perc": 3.79794910748196e-05}, "HARIRAMPUR": {"global_perc": 0.14285714285714285, "local_perc": 3.79794910748196e-05}, "HARNOT": {"global_perc": 1.0, "local_perc": 3.79794910748196e-05}, "HAVASPUR": {"global_perc": 1.0, "local_perc": 7.59589821496392e-05}, "HOBAR": {"global_perc": 0.25, "local_perc": 3.79794910748196e-05}, "HUBLI": {"global_perc": 0.2, "local_perc": 3.79794910748196e-05}, "HUDOLI": {"global_perc": 0.5, "local_perc": 3.79794910748196e-05}, "HUNASANAKODIHALLI": {"global_perc": 1.0, "local_perc": 3.79794910748196e-05}, "IBRAHIMPUR": {"global_perc": 0.1, "local_perc": 3.79794910748196e-05}, "IRUSALAKUPPAM": {"global_perc": 1.0, "local_perc": 3.79794910748196e-05}, "ISHAPUR": {"global_perc": 0.3333333333333333, "local_perc": 3.79794910748196e-05}, "ISMAILA-11B": {"global_perc": 1.0, "local_perc": 3.79794910748196e-05}, "ISMAILPUR": {"global_perc": 0.08333333333333333, "local_perc": 3.79794910748196e-05}, "JAGATPUR": {"global_perc": 0.047619047619047616, "local_perc": 3.79794910748196e-05}, "JAIDPUR": {"global_perc": 1.0, "local_perc": 3.79794910748196e-05}, "JAIJAR": {"global_perc": 0.14285714285714285, "local_perc": 3.79794910748196e-05}, "JAMBGI(K.D)": {"global_perc": 1.0, "local_perc": 3.79794910748196e-05}, "JAMBONI": {"global_perc": 0.5, "local_perc": 3.79794910748196e-05}, "JANDRU": {"global_perc": 0.5, "local_perc": 3.79794910748196e-05}, "JANGAL GHAT": {"global_perc": 1.0, "local_perc": 3.79794910748196e-05}, "JANGLIANA": {"global_perc": 0.5, "local_perc": 3.79794910748196e-05}, "JATEHRI": {"global_perc": 1.0, "local_perc": 3.79794910748196e-05}, "JATHLANA": {"global_perc": 0.5, "local_perc": 3.79794910748196e-05}, "JHAKHYOY": {"global_perc": 1.0, "local_perc": 3.79794910748196e-05}, "JHAMKE": {"global_perc": 1.0, "local_perc": 3.79794910748196e-05}, "JHARAL": {"global_perc": 0.5, "local_perc": 3.79794910748196e-05}, "JISPA": {"global_perc": 0.5, "local_perc": 3.79794910748196e-05}, "JOSYANA": {"global_perc": 0.2, "local_perc": 3.79794910748196e-05}, "JUGRAJPUR": {"global_perc": 1.0, "local_perc": 3.79794910748196e-05}, "K. CHINGKHONG": {"global_perc": 0.25, "local_perc": 3.79794910748196e-05}, "KAFALI": {"global_perc": 1.0, "local_perc": 3.79794910748196e-05}, "KAFOL GAON TALLA": {"global_perc": 0.5, "local_perc": 3.79794910748196e-05}, "KALAGARU": {"global_perc": 0.16666666666666666, "local_perc": 3.79794910748196e-05}, "KALAYAT": {"global_perc": 1.0, "local_perc": 7.59589821496392e-05}, "KALEWAL BAGTAN": {"global_perc": 0.5, "local_perc": 3.79794910748196e-05}, "KALLAR KATOCHAN": {"global_perc": 1.0, "local_perc": 7.59589821496392e-05}, "KALUR": {"global_perc": 1.0, "local_perc": 3.79794910748196e-05}, "KANADU": {"global_perc": 1.0, "local_perc": 3.79794910748196e-05}, "KANAH BAJNAL": {"global_perc": 0.14285714285714285, "local_perc": 3.79794910748196e-05}, "KANDHALA SHEIKAN": {"global_perc": 1.0, "local_perc": 3.79794910748196e-05}, "KANDIKHAL": {"global_perc": 1.0, "local_perc": 3.79794910748196e-05}, "KARIALA": {"global_perc": 0.5, "local_perc": 3.79794910748196e-05}, "KARLI KALH": {"global_perc": 0.2, "local_perc": 3.79794910748196e-05}, "KAUL": {"global_perc": 1.0, "local_perc": 3.79794910748196e-05}, "KAYALPUR": {"global_perc": 1.0, "local_perc": 3.79794910748196e-05}, "KEELAIYUR": {"global_perc": 1.0, "local_perc": 3.79794910748196e-05}, "KHAI": {"global_perc": 1.0, "local_perc": 3.79794910748196e-05}, "KHAIRA": {"global_perc": 0.058823529411764705, "local_perc": 3.79794910748196e-05}, "KHALI": {"global_perc": 0.3333333333333333, "local_perc": 3.79794910748196e-05}, "KHANYOL  BAGRA": {"global_perc": 1.0, "local_perc": 3.79794910748196e-05}, "KHARGIPUR": {"global_perc": 0.25, "local_perc": 3.79794910748196e-05}, "KHEIRI": {"global_perc": 0.5, "local_perc": 3.79794910748196e-05}, "KHERI": {"global_perc": 0.07692307692307693, "local_perc": 3.79794910748196e-05}, "KHIRANWALI": {"global_perc": 0.5, "local_perc": 3.79794910748196e-05}, "KHUDA": {"global_perc": 0.5, "local_perc": 3.79794910748196e-05}, "KHUMARIPUR": {"global_perc": 1.0, "local_perc": 3.79794910748196e-05}, "KHUTHI": {"global_perc": 0.5, "local_perc": 3.79794910748196e-05}, "KILAR": {"global_perc": 0.06666666666666667, "local_perc": 3.79794910748196e-05}, "KISHANPUR": {"global_perc": 0.2222222222222222, "local_perc": 7.59589821496392e-05}, "KISHUNPUR": {"global_perc": 0.06666666666666667, "local_perc": 3.79794910748196e-05}, "KOKKARAPATTY": {"global_perc": 1.0, "local_perc": 3.79794910748196e-05}, "KOLARI": {"global_perc": 1.0, "local_perc": 3.79794910748196e-05}, "KONE": {"global_perc": 1.0, "local_perc": 3.79794910748196e-05}, "KONI": {"global_perc": 0.16666666666666666, "local_perc": 3.79794910748196e-05}, "KOPPA S.K": {"global_perc": 1.0, "local_perc": 3.79794910748196e-05}, "KOSLI": {"global_perc": 0.3333333333333333, "local_perc": 3.79794910748196e-05}, "KOT GANGURAI": {"global_perc": 1.0, "local_perc": 3.79794910748196e-05}, "KOT KAWAL": {"global_perc": 1.0, "local_perc": 3.79794910748196e-05}, "KOTA TALLA": {"global_perc": 1.0, "local_perc": 3.79794910748196e-05}, "KOTHI": {"global_perc": 0.02702702702702703, "local_perc": 3.79794910748196e-05}, "KOTI": {"global_perc": 0.045454545454545456, "local_perc": 3.79794910748196e-05}, "KUBERPUR KUTULOOPUR": {"global_perc": 1.0, "local_perc": 3.79794910748196e-05}, "KUMBARHAL": {"global_perc": 1.0, "local_perc": 3.79794910748196e-05}, "KUNNAVAKKAM": {"global_perc": 0.5, "local_perc": 3.79794910748196e-05}, "KUNSAL BUHLI": {"global_perc": 1.0, "local_perc": 3.79794910748196e-05}, "Kurumpilav": {"global_perc": 1.0, "local_perc": 3.79794910748196e-05}, "LAHRU": {"global_perc": 0.125, "local_perc": 3.79794910748196e-05}, "LAMACHAUR KHAS": {"global_perc": 0.25, "local_perc": 3.79794910748196e-05}, "LAMSANG NP": {"global_perc": 1.0, "local_perc": 3.79794910748196e-05}, "LATHYANI": {"global_perc": 0.125, "local_perc": 3.79794910748196e-05}, "LATIANA": {"global_perc": 1.0, "local_perc": 3.79794910748196e-05}, "LOPOKE": {"global_perc": 0.5, "local_perc": 3.79794910748196e-05}, "M.DURAISWAMIPURAM": {"global_perc": 1.0, "local_perc": 3.79794910748196e-05}, "MACHAGOWDANAHALLI": {"global_perc": 0.1111111111111111, "local_perc": 3.79794910748196e-05}, "MAGOD": {"global_perc": 0.5, "local_perc": 3.79794910748196e-05}, "MAHALAU": {"global_perc": 1.0, "local_perc": 3.79794910748196e-05}, "MAJHOLI": {"global_perc": 0.16666666666666666, "local_perc": 3.79794910748196e-05}, "MALAU": {"global_perc": 1.0, "local_perc": 3.79794910748196e-05}, "MALIHAPUR": {"global_perc": 1.0, "local_perc": 3.79794910748196e-05}, "MALOTHI": {"global_perc": 1.0, "local_perc": 3.79794910748196e-05}, "MALUR": {"global_perc": 0.5, "local_perc": 3.79794910748196e-05}, "MANDRE PUR": {"global_perc": 1.0, "local_perc": 3.79794910748196e-05}, "MANGEWAL": {"global_perc": 0.5, "local_perc": 3.79794910748196e-05}, "MANJGRAN": {"global_perc": 0.5, "local_perc": 3.79794910748196e-05}, "MANOH": {"global_perc": 0.14285714285714285, "local_perc": 3.79794910748196e-05}, "MARAGUNDA": {"global_perc": 0.5, "local_perc": 3.79794910748196e-05}, "MARAVANVAYAL": {"global_perc": 1.0, "local_perc": 3.79794910748196e-05}, "MASTI PALKOT": {"global_perc": 1.0, "local_perc": 3.79794910748196e-05}, "MAYAPUR": {"global_perc": 0.6, "local_perc": 0.0001139384732244588}, "MAYURHAND": {"global_perc": 0.25, "local_perc": 3.79794910748196e-05}, "MEHAL": {"global_perc": 0.25, "local_perc": 3.79794910748196e-05}, "MEHMA SARJA": {"global_perc": 1.0, "local_perc": 3.79794910748196e-05}, "MELVAITHINANKUPPAM": {"global_perc": 1.0, "local_perc": 3.79794910748196e-05}, "MERLE": {"global_perc": 1.0, "local_perc": 3.79794910748196e-05}, "MILKI": {"global_perc": 0.125, "local_perc": 3.79794910748196e-05}, "MIRGANDTHAKARPORA": {"global_perc": 1.0, "local_perc": 3.79794910748196e-05}, "MOHAM WALA": {"global_perc": 1.0, "local_perc": 3.79794910748196e-05}, "MOHANPUR": {"global_perc": 0.12, "local_perc": 0.0003418154196733764}, "MULEKALENAHALLI": {"global_perc": 0.1111111111111111, "local_perc": 3.79794910748196e-05}, "MUNAN": {"global_perc": 1.0, "local_perc": 3.79794910748196e-05}, "MUNCHINGI PUTTU": {"global_perc": 0.1111111111111111, "local_perc": 3.79794910748196e-05}, "MUSAPUR": {"global_perc": 0.3333333333333333, "local_perc": 3.79794910748196e-05}, "MUSIRIYAM": {"global_perc": 1.0, "local_perc": 3.79794910748196e-05}, "N.A.": {"global_perc": 0.003125591968175791, "local_perc": 0.0012533232054690467}, "NAGWA": {"global_perc": 0.5, "local_perc": 3.79794910748196e-05}, "NAHRA": {"global_perc": 1.0, "local_perc": 3.79794910748196e-05}, "NAIN KALAN": {"global_perc": 1.0, "local_perc": 3.79794910748196e-05}, "NAKACHANIPAL": {"global_perc": 1.0, "local_perc": 3.79794910748196e-05}, "NAKKAMBADI": {"global_perc": 0.5, "local_perc": 3.79794910748196e-05}, "NALATHWAD": {"global_perc": 0.25, "local_perc": 3.79794910748196e-05}, "NAUGAON": {"global_perc": 0.125, "local_perc": 3.79794910748196e-05}, "NAWAKHAL": {"global_perc": 1.0, "local_perc": 3.79794910748196e-05}, "NELA": {"global_perc": 0.5, "local_perc": 3.79794910748196e-05}, "OBRA": {"global_perc": 1.0, "local_perc": 3.79794910748196e-05}, "OCH KHURD": {"global_perc": 1.0, "local_perc": 7.59589821496392e-05}, "PALASI": {"global_perc": 0.25, "local_perc": 3.79794910748196e-05}, "PALETA": {"global_perc": 0.5, "local_perc": 3.79794910748196e-05}, "PALLIKKADU": {"global_perc": 1.0, "local_perc": 3.79794910748196e-05}, "PANDEPURA KALA": {"global_perc": 1.0, "local_perc": 7.59589821496392e-05}, "PANGAN": {"global_perc": 1.0, "local_perc": 3.79794910748196e-05}, "PANJAILA": {"global_perc": 0.6666666666666666, "local_perc": 7.59589821496392e-05}, "PANJEHRA": {"global_perc": 0.16666666666666666, "local_perc": 3.79794910748196e-05}, "PANJGAIN": {"global_perc": 0.5, "local_perc": 3.79794910748196e-05}, "PANOH": {"global_perc": 0.5, "local_perc": 3.79794910748196e-05}, "PARARA": {"global_perc": 1.0, "local_perc": 3.79794910748196e-05}, "PARASANAHALLI": {"global_perc": 0.5, "local_perc": 3.79794910748196e-05}, "PAREWA T. KISHANI": {"global_perc": 1.0, "local_perc": 3.79794910748196e-05}, "PARTAWAL": {"global_perc": 1.0, "local_perc": 3.79794910748196e-05}, "PATHOLI": {"global_perc": 1.0, "local_perc": 3.79794910748196e-05}, "PATTI MULTANI": {"global_perc": 0.5, "local_perc": 3.79794910748196e-05}, "PATUKHAR": {"global_perc": 0.6, "local_perc": 0.0001139384732244588}, "PEMMANAHALLI": {"global_perc": 0.5, "local_perc": 3.79794910748196e-05}, "PHILLAUR": {"global_perc": 0.16666666666666666, "local_perc": 3.79794910748196e-05}, "PHOKHUNGRI": {"global_perc": 1.0, "local_perc": 3.79794910748196e-05}, "PHULHAR KHURD": {"global_perc": 1.0, "local_perc": 3.79794910748196e-05}, "PINGLA": {"global_perc": 0.2, "local_perc": 3.79794910748196e-05}, "POWARKHALI": {"global_perc": 0.14285714285714285, "local_perc": 3.79794910748196e-05}, "PRANPUR": {"global_perc": 0.09090909090909091, "local_perc": 3.79794910748196e-05}, "PREMNAGAR": {"global_perc": 0.25, "local_perc": 3.79794910748196e-05}, "PULIYANGULAM": {"global_perc": 0.5, "local_perc": 3.79794910748196e-05}, "PULLERI": {"global_perc": 0.5, "local_perc": 3.79794910748196e-05}, "PULWAMA": {"global_perc": 0.16666666666666666, "local_perc": 3.79794910748196e-05}, "PURA KOTHI": {"global_perc": 0.5, "local_perc": 3.79794910748196e-05}, "PURANA JUNGA": {"global_perc": 1.0, "local_perc": 3.79794910748196e-05}, "PURANDHA": {"global_perc": 0.25, "local_perc": 3.79794910748196e-05}, "Push wari": {"global_perc": 1.0, "local_perc": 3.79794910748196e-05}, "RAGHUPUR": {"global_perc": 0.2, "local_perc": 3.79794910748196e-05}, "RAINAGAR": {"global_perc": 1.0, "local_perc": 3.79794910748196e-05}, "RAKH": {"global_perc": 0.3333333333333333, "local_perc": 3.79794910748196e-05}, "RAKHOTA": {"global_perc": 0.3333333333333333, "local_perc": 3.79794910748196e-05}, "RAMGARHA": {"global_perc": 1.0, "local_perc": 3.79794910748196e-05}, "RAMNAGAR": {"global_perc": 0.019230769230769232, "local_perc": 3.79794910748196e-05}, "RANIPOKHRI": {"global_perc": 0.25, "local_perc": 3.79794910748196e-05}, "RASULA": {"global_perc": 1.0, "local_perc": 3.79794910748196e-05}, "RATANARI": {"global_perc": 1.0, "local_perc": 3.79794910748196e-05}, "RAWAL BAZAR": {"global_perc": 0.16666666666666666, "local_perc": 3.79794910748196e-05}, "RAWIN BASI": {"global_perc": 0.25, "local_perc": 3.79794910748196e-05}, "RENDAMPULIKADU": {"global_perc": 0.5, "local_perc": 3.79794910748196e-05}, "RINGWARI": {"global_perc": 0.6666666666666666, "local_perc": 7.59589821496392e-05}, "RITHAKHAL": {"global_perc": 0.2, "local_perc": 3.79794910748196e-05}, "ROHELA HAJI UTTAR": {"global_perc": 0.5, "local_perc": 3.79794910748196e-05}, "ROHLWIN": {"global_perc": 0.5, "local_perc": 3.79794910748196e-05}, "ROHTAK": {"global_perc": 1.0, "local_perc": 3.79794910748196e-05}, "ROR": {"global_perc": 1.0, "local_perc": 3.79794910748196e-05}, "ROSE": {"global_perc": 0.3333333333333333, "local_perc": 3.79794910748196e-05}, "RUDAKOTA": {"global_perc": 0.2, "local_perc": 3.79794910748196e-05}, "RUDAPUR": {"global_perc": 1.0, "local_perc": 3.79794910748196e-05}, "RUDRAPUR": {"global_perc": 0.07142857142857142, "local_perc": 3.79794910748196e-05}, "RUER": {"global_perc": 1.0, "local_perc": 3.79794910748196e-05}, "SADAKAR": {"global_perc": 1.0, "local_perc": 3.79794910748196e-05}, "SAGANUR": {"global_perc": 0.5, "local_perc": 3.79794910748196e-05}, "SAGLOT": {"global_perc": 0.25, "local_perc": 3.79794910748196e-05}, "SAHIBPUR": {"global_perc": 1.0, "local_perc": 3.79794910748196e-05}, "SAHRICHAK": {"global_perc": 1.0, "local_perc": 3.79794910748196e-05}, "SAI UGIALLA": {"global_perc": 1.0, "local_perc": 3.79794910748196e-05}, "SAIDAPUR": {"global_perc": 0.1111111111111111, "local_perc": 3.79794910748196e-05}, "SAIFPUR KARAMCHANDPUR": {"global_perc": 1.0, "local_perc": 3.79794910748196e-05}, "SAKALDEEHA": {"global_perc": 0.3333333333333333, "local_perc": 3.79794910748196e-05}, "SAMAILA": {"global_perc": 0.25, "local_perc": 3.79794910748196e-05}, "SAMDAWAR": {"global_perc": 1.0, "local_perc": 3.79794910748196e-05}, "SAMSALLIPUR": {"global_perc": 1.0, "local_perc": 3.79794910748196e-05}, "SAMTHAR": {"global_perc": 0.3333333333333333, "local_perc": 3.79794910748196e-05}, "SARDAM": {"global_perc": 0.25, "local_perc": 3.79794910748196e-05}, "SARIFABAD": {"global_perc": 0.5, "local_perc": 3.79794910748196e-05}, "SAROG": {"global_perc": 1.0, "local_perc": 3.79794910748196e-05}, "SARWABAZAR": {"global_perc": 1.0, "local_perc": 3.79794910748196e-05}, "SATHIA": {"global_perc": 0.2, "local_perc": 3.79794910748196e-05}, "SATHUKUDAL (KILPATHI)": {"global_perc": 1.0, "local_perc": 3.79794910748196e-05}, "SAWAR": {"global_perc": 0.25, "local_perc": 3.79794910748196e-05}, "SAWAYA RAI HITHER": {"global_perc": 1.0, "local_perc": 3.79794910748196e-05}, "SEEGEHALLI": {"global_perc": 0.18181818181818182, "local_perc": 7.59589821496392e-05}, "SELRAPUR": {"global_perc": 1.0, "local_perc": 3.79794910748196e-05}, "SEWAL": {"global_perc": 1.0, "local_perc": 3.79794910748196e-05}, "SHAMTHLA": {"global_perc": 1.0, "local_perc": 3.79794910748196e-05}, "SHER KHAN WALA": {"global_perc": 0.5, "local_perc": 3.79794910748196e-05}, "SHERPUR": {"global_perc": 0.043478260869565216, "local_perc": 3.79794910748196e-05}, "SHIV PUR": {"global_perc": 1.0, "local_perc": 3.79794910748196e-05}, "SHIVPUR": {"global_perc": 0.09090909090909091, "local_perc": 7.59589821496392e-05}, "SIRHIR": {"global_perc": 1.0, "local_perc": 3.79794910748196e-05}, "SIRUVADI": {"global_perc": 1.0, "local_perc": 3.79794910748196e-05}, "SITA PUR": {"global_perc": 1.0, "local_perc": 3.79794910748196e-05}, "SOAFSHALI": {"global_perc": 1.0, "local_perc": 3.79794910748196e-05}, "SOMANAKATTI": {"global_perc": 1.0, "local_perc": 3.79794910748196e-05}, "SOMANDURAI": {"global_perc": 1.0, "local_perc": 3.79794910748196e-05}, "SUAN": {"global_perc": 0.5, "local_perc": 3.79794910748196e-05}, "SUNDA": {"global_perc": 0.5, "local_perc": 3.79794910748196e-05}, "SURAJPUR EARVA": {"global_perc": 1.0, "local_perc": 3.79794910748196e-05}, "SURAPUR": {"global_perc": 0.5, "local_perc": 3.79794910748196e-05}, "SURARYOR": {"global_perc": 1.0, "local_perc": 3.79794910748196e-05}, "SYAR": {"global_perc": 1.0, "local_perc": 3.79794910748196e-05}, "TARNA": {"global_perc": 0.5, "local_perc": 3.79794910748196e-05}, "TARTO": {"global_perc": 1.0, "local_perc": 3.79794910748196e-05}, "TETRI": {"global_perc": 0.5, "local_perc": 3.79794910748196e-05}, "THALISAIN": {"global_perc": 0.5, "local_perc": 3.79794910748196e-05}, "THATTA": {"global_perc": 1.0, "local_perc": 3.79794910748196e-05}, "THENNERI": {"global_perc": 0.5, "local_perc": 3.79794910748196e-05}, "THIRUMANGALAM PUDUPALAYAM": {"global_perc": 1.0, "local_perc": 3.79794910748196e-05}, "TIALI": {"global_perc": 1.0, "local_perc": 3.79794910748196e-05}, "TIKRI": {"global_perc": 0.0625, "local_perc": 3.79794910748196e-05}, "TOIYAMUDA": {"global_perc": 1.0, "local_perc": 3.79794910748196e-05}, "TRILOKIPUR": {"global_perc": 0.5, "local_perc": 3.79794910748196e-05}, "UDAMANDA": {"global_perc": 1.0, "local_perc": 7.59589821496392e-05}, "UKURA": {"global_perc": 1.0, "local_perc": 3.79794910748196e-05}, "UMARPUR": {"global_perc": 0.125, "local_perc": 3.79794910748196e-05}, "UNERA": {"global_perc": 1.0, "local_perc": 3.79794910748196e-05}, "URLA": {"global_perc": 0.25, "local_perc": 3.79794910748196e-05}, "URMAR": {"global_perc": 1.0, "local_perc": 3.79794910748196e-05}, "USILAMPATTI": {"global_perc": 1.0, "local_perc": 3.79794910748196e-05}, "USODU": {"global_perc": 0.25, "local_perc": 7.59589821496392e-05}, "VADAKATTUPATTI": {"global_perc": 1.0, "local_perc": 3.79794910748196e-05}, "VADASERI NORTH": {"global_perc": 1.0, "local_perc": 3.79794910748196e-05}, "VANIYANTHANGAL": {"global_perc": 1.0, "local_perc": 3.79794910748196e-05}, "VARAKALPATTU": {"global_perc": 1.0, "local_perc": 3.79794910748196e-05}, "VARANAVASI": {"global_perc": 0.3333333333333333, "local_perc": 3.79794910748196e-05}, "VELLALAPATTI": {"global_perc": 0.5, "local_perc": 3.79794910748196e-05}, "Velur": {"global_perc": 1.0, "local_perc": 3.79794910748196e-05}, "WAGDHARI": {"global_perc": 1.0, "local_perc": 3.79794910748196e-05}}, "partition_field": "Near_Vil_Tow_Nam_hav_Prim_School", "Vil_Nam": "Dudi", "Stat_Nam": "JAMMU & KASHMIR"}, {"data": [["Vet_Hos_Doc_Tot_Stren_Num", 4.0], ["Vet_Hos_Num", 3.0], 1.3333333333333333], "data_low": {"Stat_Nam": "UTTAR PRADESH", "Vil_Nam": "Bhend", "Vet_Hos_Num": "3", "Vet_Hos_Doc_Tot_Stren_Num": "4", "id": 151126}, "data_high": {"Stat_Nam": "UTTAR PRADESH", "Vil_Nam": "Bhend", "Vet_Hos_Num": "3", "Vet_Hos_Doc_Tot_Stren_Num": "4", "id": 151126}, "perc": 0.00016058452768075794, "metric": 99.99983908207285, "value_global_local": {}, "partition_field": null, "Vil_Nam": "Bhend", "Stat_Nam": "UTTAR PRADESH"}, {"data": [["Vet_Hos_Doc_Tot_Stren_Num", 3.0], ["Vet_Hos_Num", 2.0], 1.5], "data_low": {"Stat_Nam": "UTTAR PRADESH", "Vil_Nam": "Karmoopur", "Vet_Hos_Num": "2", "Vet_Hos_Doc_Tot_Stren_Num": "3", "id": 147287}, "data_high": {"Stat_Nam": "UTTAR PRADESH", "Vil_Nam": "Karmoopur", "Vet_Hos_Num": "2", "Vet_Hos_Doc_Tot_Stren_Num": "3", "id": 147287}, "perc": 0.0017664298044883376, "metric": 99.99823307010432, "value_global_local": {}, "partition_field": null, "Vil_Nam": "Karmoopur", "Stat_Nam": "UTTAR PRADESH"}, {"data": [["Vet_Hos_Doc_Tot_Stren_Num", 2.0], ["Vet_Hos_Num", 1.0], 2.0], "data_low": {"Stat_Nam": "JAMMU & KASHMIR", "Vil_Nam": "Sogam", "Vet_Hos_Num": "1", "Vet_Hos_Doc_Tot_Stren_Num": "2", "id": 36}, "data_high": {"Stat_Nam": "HIMACHAL PRADESH", "Vil_Nam": "Badghawar  (276)", "Vet_Hos_Num": "2", "Vet_Hos_Doc_Tot_Stren_Num": "4", "id": 11515}, "perc": 0.4053153478662331, "metric": 99.5946836559877, "value_global_local": {"ANDAMAN & NICOBAR ISLANDS": {"global_perc": 0.0018018018018018018, "local_perc": 0.0003961965134706815}, "ANDHRA PRADESH": {"global_perc": 0.001618705035971223, "local_perc": 0.017828843106180665}, "ASSAM": {"global_perc": 0.0015154385300246258, "local_perc": 0.01584786053882726}, "Arunachal Pradesh": {"global_perc": 0.0001789228842368939, "local_perc": 0.0003961965134706815}, "BIHAR": {"global_perc": 0.00340954673084637, "local_perc": 0.06061806656101426}, "CHHATTISGARH": {"global_perc": 0.00794991553214747, "local_perc": 0.06339144215530904}, "HARYANA": {"global_perc": 0.03098962140038006, "local_perc": 0.08399366085578447}, "HIMACHAL PRADESH": {"global_perc": 0.013098115031416143, "local_perc": 0.10736925515055468}, "JAMMU & KASHMIR": {"global_perc": 0.012360750801159774, "local_perc": 0.032091917591125195}, "JHARKHAND": {"global_perc": 0.001234796567265543, "local_perc": 0.01584786053882726}, "KARNATAKA": {"global_perc": 0.0010906612133606, "local_perc": 0.012678288431061807}, "KERALA": {"global_perc": 0.015717092337917484, "local_perc": 0.006339144215530904}, "MADHYA PRADESH": {"global_perc": 0.007012367265905324, "local_perc": 0.15253565768621236}, "MANIPUR": {"global_perc": 0.003487020534676482, "local_perc": 0.0035657686212361333}, "Maharashtra": {"global_perc": 0.0024962784839116, "local_perc": 0.04318541996830428}, "NCT OF DELHI": {"global_perc": 0.14285714285714285, "local_perc": 0.006339144215530904}, "Punjab": {"global_perc": 0.007948493760432399, "local_perc": 0.039619651347068144}, "RAJASTHAN": {"global_perc": 0.0043203796561604585, "local_perc": 0.07646592709984153}, "TRIPURA": {"global_perc": 0.03428571428571429, "local_perc": 0.011885895404120444}, "Tamil Nadu": {"global_perc": 0.003003942674760623, "local_perc": 0.01901743264659271}, "UTTAR PRADESH": {"global_perc": 0.0029220596774495664, "local_perc": 0.12361331220285261}, "UTTARAKHAND": {"global_perc": 0.012862502233073305, "local_perc": 0.08557844690966719}, "West Bengal": {"global_perc": 0.0013426823810234224, "local_perc": 0.021394611727416798}}, "partition_field": "Stat_Nam", "Vil_Nam": "Sogam", "Stat_Nam": "JAMMU & KASHMIR"}, {"data": [["Vet_Hos_Doc_Tot_Stren_Num", 3.0], ["Vet_Hos_Num", 1.0], 3.0], "data_low": {"Stat_Nam": "JAMMU & KASHMIR", "Vil_Nam": "Khumriyal", "Vet_Hos_Num": "1", "Vet_Hos_Doc_Tot_Stren_Num": "3", "id": 49}, "data_high": {"Stat_Nam": "JAMMU & KASHMIR", "Vil_Nam": "Khumriyal", "Vet_Hos_Num": "1", "Vet_Hos_Doc_Tot_Stren_Num": "3", "id": 49}, "perc": 0.09570837849773174, "metric": 99.90428962301677, "value_global_local": {"ASSAM": {"global_perc": 0.0002652017427543095, "local_perc": 0.01174496644295302}, "BIHAR": {"global_perc": 0.001314792530195659, "local_perc": 0.09899328859060402}, "CHHATTISGARH": {"global_perc": 0.0018881049388850245, "local_perc": 0.06375838926174497}, "HIMACHAL PRADESH": {"global_perc": 0.004833252779120348, "local_perc": 0.16778523489932887}, "JAMMU & KASHMIR": {"global_perc": 0.0019838242026552723, "local_perc": 0.02181208053691275}, "JHARKHAND": {"global_perc": 0.0005247885410878558, "local_perc": 0.028523489932885907}, "KARNATAKA": {"global_perc": 6.81663258350375e-05, "local_perc": 0.003355704697986577}, "KERALA": {"global_perc": 0.008840864440078585, "local_perc": 0.015100671140939598}, "MADHYA PRADESH": {"global_perc": 0.001202120102726627, "local_perc": 0.11073825503355705}, "Maharashtra": {"global_perc": 2.2901637467078896e-05, "local_perc": 0.0016778523489932886}, "Punjab": {"global_perc": 0.0017486686272951276, "local_perc": 0.03691275167785235}, "RAJASTHAN": {"global_perc": 0.0025519340974212035, "local_perc": 0.1912751677852349}, "TRIPURA": {"global_perc": 0.009142857142857144, "local_perc": 0.013422818791946308}, "Tamil Nadu": {"global_perc": 0.0003754928343450779, "local_perc": 0.010067114093959731}, "UTTAR PRADESH": {"global_perc": 0.0009459231648154045, "local_perc": 0.16946308724832215}, "UTTARAKHAND": {"global_perc": 0.0012505210504376823, "local_perc": 0.03523489932885906}, "West Bengal": {"global_perc": 0.0002983738624496494, "local_perc": 0.020134228187919462}}, "partition_field": "Stat_Nam", "Vil_Nam": "Khumriyal", "Stat_Nam": "JAMMU & KASHMIR"}, {"data": [["Vet_Hos_Doc_Tot_Stren_Num", 4.0], ["Vet_Hos_Num", 1.0], 4.0], "data_low": {"Stat_Nam": "HIMACHAL PRADESH", "Vil_Nam": "Kupha  (23)", "Vet_Hos_Num": "1", "Vet_Hos_Doc_Tot_Stren_Num": "4", "id": 6584}, "data_high": {"Stat_Nam": "HIMACHAL PRADESH", "Vil_Nam": "Kupha  (23)", "Vet_Hos_Num": "1", "Vet_Hos_Doc_Tot_Stren_Num": "4", "id": 6584}, "perc": 0.019591312377052472, "metric": 99.98040568761071, "value_global_local": {"ASSAM": {"global_perc": 7.577192650123129e-05, "local_perc": 0.01639344262295082}, "HIMACHAL PRADESH": {"global_perc": 0.00033832769453842436, "local_perc": 0.05737704918032787}, "JHARKHAND": {"global_perc": 9.260974254491573e-05, "local_perc": 0.02459016393442623}, "MADHYA PRADESH": {"global_perc": 0.00018213940950403439, "local_perc": 0.08196721311475409}, "MANIPUR": {"global_perc": 0.0015497869043006587, "local_perc": 0.03278688524590164}, "Punjab": {"global_perc": 7.948493760432397e-05, "local_perc": 0.00819672131147541}, "RAJASTHAN": {"global_perc": 0.001119269340974212, "local_perc": 0.4098360655737705}, "TRIPURA": {"global_perc": 0.0034285714285714284, "local_perc": 0.02459016393442623}, "UTTAR PRADESH": {"global_perc": 0.00031842958023488863, "local_perc": 0.2786885245901639}, "UTTARAKHAND": {"global_perc": 0.0004763889715953076, "local_perc": 0.06557377049180328}}, "partition_field": "Stat_Nam", "Vil_Nam": "Kupha  (23)", "Stat_Nam": "HIMACHAL PRADESH"}, {"data": [["Vet_Hos_Doc_Tot_Stren_Num", 5.0], ["Vet_Hos_Num", 1.0], 5.0], "data_low": {"Stat_Nam": "HIMACHAL PRADESH", "Vil_Nam": "Lambri  (60/4)", "Vet_Hos_Num": "1", "Vet_Hos_Doc_Tot_Stren_Num": "5", "id": 16317}, "data_high": {"Stat_Nam": "HIMACHAL PRADESH", "Vil_Nam": "Lambri  (60/4)", "Vet_Hos_Num": "1", "Vet_Hos_Doc_Tot_Stren_Num": "5", "id": 16317}, "perc": 0.005459873941145771, "metric": 99.99453612547717, "value_global_local": {"HIMACHAL PRADESH": {"global_perc": 9.666505558240696e-05, "local_perc": 0.058823529411764705}, "JHARKHAND": {"global_perc": 0.0001234796567265543, "local_perc": 0.11764705882352941}, "MADHYA PRADESH": {"global_perc": 7.285576380161376e-05, "local_perc": 0.11764705882352941}, "RAJASTHAN": {"global_perc": 0.00011192693409742121, "local_perc": 0.14705882352941177}, "UTTAR PRADESH": {"global_perc": 0.0001779459418959672, "local_perc": 0.5588235294117647}}, "partition_field": "Stat_Nam", "Vil_Nam": "Lambri  (60/4)", "Stat_Nam": "HIMACHAL PRADESH"}, {"data": [["Vet_Hos_Doc_Tot_Stren_Num", 6.0], ["Vet_Hos_Num", 1.0], 6.0], "data_low": {"Stat_Nam": "HIMACHAL PRADESH", "Vil_Nam": "Kasba Bathri  (82A)", "Vet_Hos_Num": "1", "Vet_Hos_Doc_Tot_Stren_Num": "6", "id": 7323}, "data_high": {"Stat_Nam": "HIMACHAL PRADESH", "Vil_Nam": "Kasba Bathri  (82A)", "Vet_Hos_Num": "1", "Vet_Hos_Doc_Tot_Stren_Num": "6", "id": 7323}, "perc": 0.0012846762214460635, "metric": 99.99871032284265, "value_global_local": {}, "partition_field": null, "Vil_Nam": "Kasba Bathri  (82A)", "Stat_Nam": "HIMACHAL PRADESH"}, {"data": [["Vet_Hos_Doc_Tot_Stren_Num", 7.0], ["Vet_Hos_Num", 1.0], 7.0], "data_low": {"Stat_Nam": "UTTARAKHAND", "Vil_Nam": "Jauligrant", "Vet_Hos_Num": "1", "Vet_Hos_Doc_Tot_Stren_Num": "7", "id": 45051}, "data_high": {"Stat_Nam": "UTTARAKHAND", "Vil_Nam": "Jauligrant", "Vet_Hos_Num": "1", "Vet_Hos_Doc_Tot_Stren_Num": "7", "id": 45051}, "perc": 0.00016058452768075794, "metric": 99.99983341428178, "value_global_local": {}, "partition_field": null, "Vil_Nam": "Jauligrant", "Stat_Nam": "UTTARAKHAND"}, {"data": [["Vet_Hos_Doc_Tot_Stren_Num", 15.0], ["Vet_Hos_Num", 2.0], 7.5], "data_low": {"Stat_Nam": "UTTAR PRADESH", "Vil_Nam": "Kotawa", "Vet_Hos_Num": "2", "Vet_Hos_Doc_Tot_Stren_Num": "15", "id": 199054}, "data_high": {"Stat_Nam": "UTTAR PRADESH", "Vil_Nam": "Kotawa", "Vet_Hos_Num": "2", "Vet_Hos_Doc_Tot_Stren_Num": "15", "id": 199054}, "perc": 0.00016058452768075794, "metric": 99.99983291418256, "value_global_local": {}, "partition_field": null, "Vil_Nam": "Kotawa", "Stat_Nam": "UTTAR PRADESH"}, {"data": [["Vet_Hos_Doc_Tot_Stren_Num", 8.0], ["Vet_Hos_Num", 1.0], 8.0], "data_low": {"Stat_Nam": "UTTAR PRADESH", "Vil_Nam": "Mahmadpur Gadiya", "Vet_Hos_Num": "1", "Vet_Hos_Doc_Tot_Stren_Num": "8", "id": 145330}, "data_high": {"Stat_Nam": "UTTAR PRADESH", "Vil_Nam": "Mahmadpur Gadiya", "Vet_Hos_Num": "1", "Vet_Hos_Doc_Tot_Stren_Num": "8", "id": 145330}, "perc": 0.0003211690553615159, "metric": 99.9996718295669, "value_global_local": {}, "partition_field": null, "Vil_Nam": "Mahmadpur Gadiya", "Stat_Nam": "UTTAR PRADESH"}, {"data": [["Vet_Hos_Doc_Tot_Stren_Num", 10.0], ["Vet_Hos_Num", 1.0], 10.0], "data_low": {"Stat_Nam": "UTTAR PRADESH", "Vil_Nam": "Khiron", "Vet_Hos_Num": "1", "Vet_Hos_Doc_Tot_Stren_Num": "10", "id": 143781}, "data_high": {"Stat_Nam": "UTTAR PRADESH", "Vil_Nam": "Khiron", "Vet_Hos_Num": "1", "Vet_Hos_Doc_Tot_Stren_Num": "10", "id": 143781}, "perc": 0.00016058452768075794, "metric": 99.99983041368651, "value_global_local": {}, "partition_field": null, "Vil_Nam": "Khiron", "Stat_Nam": "UTTAR PRADESH"}, {"data": [["Vet_Hos_Doc_Tot_Stren_Num", 31.0], ["Vet_Hos_Num", 1.0], 31.0], "data_low": {"Stat_Nam": "UTTAR PRADESH", "Vil_Nam": "Sathri", "Vet_Hos_Num": "1", "Vet_Hos_Doc_Tot_Stren_Num": "31", "id": 165457}, "data_high": {"Stat_Nam": "UTTAR PRADESH", "Vil_Nam": "Sathri", "Vet_Hos_Num": "1", "Vet_Hos_Doc_Tot_Stren_Num": "31", "id": 165457}, "perc": 0.00016058452768075794, "metric": 99.99980940951961, "value_global_local": {}, "partition_field": null, "Vil_Nam": "Sathri", "Stat_Nam": "UTTAR PRADESH"}, {"data": [["Vet_Hos_Doc_Tot_Stren_Num", 1.0], ["Vet_Hos_Num", 0.0], 9999], "data_low": {"Stat_Nam": "UTTAR PRADESH", "Vil_Nam": "Bijhamai", "Vet_Hos_Num": "0", "Vet_Hos_Doc_Tot_Stren_Num": "1", "id": 123931}, "data_high": {"Stat_Nam": "UTTAR PRADESH", "Vil_Nam": "Mau Mustkil", "Vet_Hos_Num": "0", "Vet_Hos_Doc_Tot_Stren_Num": "4", "id": 155216}, "perc": 0.007226303745634108, "metric": 99.98277441898475, "value_global_local": {"ASSAM": {"global_perc": 0.0014017806402727788, "local_perc": 0.8222222222222222}, "MADHYA PRADESH": {"global_perc": 7.285576380161376e-05, "local_perc": 0.08888888888888889}, "UTTAR PRADESH": {"global_perc": 3.7462303557045726e-05, "local_perc": 0.08888888888888889}}, "partition_field": "Stat_Nam", "Vil_Nam": "Bijhamai", "Stat_Nam": "UTTAR PRADESH"}, {"data": [["Vet_Hos_Doc_Tot_Stren_Num", 0], ["Vet_Hos_Num", 0], 99980001], "data_low": {"Stat_Nam": "JAMMU & KASHMIR", "Vil_Nam": "Bore", "Vet_Hos_Num": "", "Vet_Hos_Doc_Tot_Stren_Num": "", "id": 0}, "data_high": {"Stat_Nam": "JAMMU & KASHMIR", "Vil_Nam": "Palmar", "Vet_Hos_Num": "Vet_Num", "Vet_Hos_Doc_Tot_Stren_Num": "Vet_st", "id": 4582}, "perc": 94.94672608294191, "metric": 9.496571827694011e-07, "value_global_local": {"null": {"global_perc": 0.9494672608294191, "local_perc": 1.0}}, "partition_field": "Dist_Other", "Vil_Nam": "Bore", "Stat_Nam": "JAMMU & KASHMIR"}]