[{"data": [["Dis_Doc_In_Pos_Num", 0.0], ["Dis_Par_Med_Staf_In_Pos_Num", 3.0], 0.0], "data_low": {"Stat_Nam": "JAMMU & KASHMIR", "Vil_Nam": "Staktse", "Dis_Doc_In_Pos_Num": "", "Dis_Par_Med_Staf_In_Pos_Num": "1", "id": 1010}, "data_high": {"Stat_Nam": "West Bengal", "Vil_Nam": "Kurkutia", "Dis_Doc_In_Pos_Num": "6", "Dis_Par_Med_Staf_In_Pos_Num": "74", "id": 327291}, "perc": 0.45429362880886426, "metric": 99.54570736684732, "value_global_local": {"ANDAMAN & NICOBAR ISLANDS": {"global_perc": 0.016216216216216217, "local_perc": 0.003181336161187699}, "ASSAM": {"global_perc": 3.7885963250615644e-05, "local_perc": 0.0003534817956875221}, "BIHAR": {"global_perc": 0.01165485581851406, "local_perc": 0.18487097914457407}, "CHHATTISGARH": {"global_perc": 0.0010434264135943555, "local_perc": 0.007423117709437964}, "HARYANA": {"global_perc": 0.0058470983774302, "local_perc": 0.014139271827500884}, "HIMACHAL PRADESH": {"global_perc": 0.005171580473658772, "local_perc": 0.03782255213856486}, "JAMMU & KASHMIR": {"global_perc": 0.04639096596978483, "local_perc": 0.10745846588900672}, "JHARKHAND": {"global_perc": 0.00030869914181638574, "local_perc": 0.003534817956875221}, "KARNATAKA": {"global_perc": 0.0023517382413087936, "local_perc": 0.024390243902439025}, "KERALA": {"global_perc": 0.0019646365422396855, "local_perc": 0.0007069635913750442}, "MADHYA PRADESH": {"global_perc": 0.001074622516073803, "local_perc": 0.020855425945563805}, "MANIPUR": {"global_perc": 0.0003874467260751647, "local_perc": 0.0003534817956875221}, "MIZORAM": {"global_perc": 0.027710843373493974, "local_perc": 0.008130081300813009}, "NAGALAND": {"global_perc": 0.06582633053221289, "local_perc": 0.03322728879462708}, "ODISHA": {"global_perc": 0.02245045115272933, "local_perc": 0.40721102863202546}, "SIKKIM": {"global_perc": 0.3148558758314856, "local_perc": 0.05019441498762814}, "TRIPURA": {"global_perc": 0.026285714285714287, "local_perc": 0.008130081300813009}, "Tamil Nadu": {"global_perc": 0.0010638963639777207, "local_perc": 0.006009190526687876}, "UTTAR PRADESH": {"global_perc": 0.0004027197632382415, "local_perc": 0.01519971721456345}, "West Bengal": {"global_perc": 0.0046993883335819785, "local_perc": 0.06680805938494168}}, "partition_field": "Stat_Nam", "Vil_Nam": "Lalpora Beeru", "Stat_Nam": "JAMMU & KASHMIR"}, {"data": [["Dis_Doc_In_Pos_Num", 1.0], ["Dis_Par_Med_Staf_In_Pos_Num", 9.0], 0.1111111111111111], "data_low": {"Stat_Nam": "BIHAR", "Vil_Nam": "Sultanpur", "Dis_Doc_In_Pos_Num": "1", "Dis_Par_Med_Staf_In_Pos_Num": "9", "id": 224031}, "data_high": {"Stat_Nam": "Punjab", "Vil_Nam": "Daroli Bhai (61)", "Dis_Doc_In_Pos_Num": "4", "Dis_Par_Med_Staf_In_Pos_Num": "21", "id": 33867}, "perc": 0.08302220081095187, "metric": 99.91697868751763, "value_global_local": {"": {"global_perc": 0.0009906350431387004, "local_perc": 0.9980657640232108}, "BALYAH": {"global_perc": 0.25, "local_perc": 0.0019342359767891683}}, "partition_field": "Near_Vil_Tow_Nam_hav_Prim_School", "Vil_Nam": "Sultanpur", "Stat_Nam": "BIHAR"}, {"data": [["Dis_Doc_In_Pos_Num", 3.0], ["Dis_Par_Med_Staf_In_Pos_Num", 14.0], 0.21428571428571427], "data_low": {"Stat_Nam": "JAMMU & KASHMIR", "Vil_Nam": "Akchamal", "Dis_Doc_In_Pos_Num": "1", "Dis_Par_Med_Staf_In_Pos_Num": "4", "id": 955}, "data_high": {"Stat_Nam": "Tamil Nadu", "Vil_Nam": "Cherangode", "Dis_Doc_In_Pos_Num": "6", "Dis_Par_Med_Staf_In_Pos_Num": "20", "id": 612459}, "perc": 0.09362077963788189, "metric": 99.90638000549782, "value_global_local": {"": {"global_perc": 0.001107744999788818, "local_perc": 0.9897084048027445}, "ANDIPATTI": {"global_perc": 0.25, "local_perc": 0.0017152658662092624}, "BAMMI": {"global_perc": 1.0, "local_perc": 0.0017152658662092624}, "DAKOON": {"global_perc": 1.0, "local_perc": 0.0017152658662092624}, "KUMIZHI": {"global_perc": 1.0, "local_perc": 0.0017152658662092624}, "POWARKHALI": {"global_perc": 0.14285714285714285, "local_perc": 0.0017152658662092624}, "VADAKATTUPATTI": {"global_perc": 1.0, "local_perc": 0.0017152658662092624}}, "partition_field": "Near_Vil_Tow_Nam_hav_Prim_School", "Vil_Nam": "Puthur", "Stat_Nam": "KERALA"}, {"data": [["Dis_Doc_In_Pos_Num", 8.0], ["Dis_Par_Med_Staf_In_Pos_Num", 25.0], 0.32], "data_low": {"Stat_Nam": "JAMMU & KASHMIR", "Vil_Nam": "Dahama", "Dis_Doc_In_Pos_Num": "1", "Dis_Par_Med_Staf_In_Pos_Num": "3", "id": 126}, "data_high": {"Stat_Nam": "Tamil Nadu", "Vil_Nam": "Vadakuthu", "Dis_Doc_In_Pos_Num": "9", "Dis_Par_Med_Staf_In_Pos_Num": "25", "id": 614041}, "perc": 0.15287647035208157, "metric": 99.84712420874419, "value_global_local": {"": {"global_perc": 0.0018065650689796844, "local_perc": 0.9884453781512605}, "BANI": {"global_perc": 0.0625, "local_perc": 0.0010504201680672268}, "CHIRLAKOPPA": {"global_perc": 1.0, "local_perc": 0.0010504201680672268}, "JAGDISHPUR": {"global_perc": 0.024390243902439025, "local_perc": 0.0010504201680672268}, "JAI DEVI": {"global_perc": 0.16666666666666666, "local_perc": 0.0010504201680672268}, "JHAKOTA": {"global_perc": 0.2857142857142857, "local_perc": 0.0021008403361344537}, "KARLI KALH": {"global_perc": 0.2, "local_perc": 0.0010504201680672268}, "KULLATHILVAI": {"global_perc": 0.3333333333333333, "local_perc": 0.0010504201680672268}, "N.A.": {"global_perc": 9.471490812653911e-05, "local_perc": 0.0010504201680672268}, "NAUGAON": {"global_perc": 0.125, "local_perc": 0.0010504201680672268}, "VELLALAPATTI": {"global_perc": 0.5, "local_perc": 0.0010504201680672268}}, "partition_field": "Near_Vil_Tow_Nam_hav_Prim_School", "Vil_Nam": "Desavilakku", "Stat_Nam": "Tamil Nadu"}, {"data": [["Dis_Doc_In_Pos_Num", 3.0], ["Dis_Par_Med_Staf_In_Pos_Num", 7.0], 0.42857142857142855], "data_low": {"Stat_Nam": "JAMMU & KASHMIR", "Vil_Nam": "Hafrada", "Dis_Doc_In_Pos_Num": "1", "Dis_Par_Med_Staf_In_Pos_Num": "2", "id": 136}, "data_high": {"Stat_Nam": "Tamil Nadu", "Vil_Nam": "Chickadasampalayam", "Dis_Doc_In_Pos_Num": "8", "Dis_Par_Med_Staf_In_Pos_Num": "18", "id": 621552}, "perc": 0.6473162310811353, "metric": 99.35268433676205, "value_global_local": {"ANDAMAN & NICOBAR ISLANDS": {"global_perc": 0.0036036036036036037, "local_perc": 0.0004961548002976929}, "ANDHRA PRADESH": {"global_perc": 0.008992805755395683, "local_perc": 0.06201935003721161}, "ASSAM": {"global_perc": 0.002045842015533245, "local_perc": 0.013396179608037708}, "Arunachal Pradesh": {"global_perc": 0.003578457684737878, "local_perc": 0.004961548002976929}, "BIHAR": {"global_perc": 0.00291928510941748, "local_perc": 0.03249813941949888}, "CHHATTISGARH": {"global_perc": 0.00039749577660737356, "local_perc": 0.0019846192011907715}, "Dadra & Nagar Haveli": {"global_perc": 0.015384615384615385, "local_perc": 0.00024807740014884643}, "GOA": {"global_perc": 0.02694610778443114, "local_perc": 0.002232696601339618}, "HARYANA": {"global_perc": 0.01257126151147493, "local_perc": 0.021334656412800794}, "HIMACHAL PRADESH": {"global_perc": 0.012518124697921702, "local_perc": 0.06425204663855123}, "JAMMU & KASHMIR": {"global_perc": 0.03494582633908134, "local_perc": 0.05680972463408583}, "JHARKHAND": {"global_perc": 0.0025004630487127245, "local_perc": 0.02009426941205656}, "KARNATAKA": {"global_perc": 0.0011247443762781187, "local_perc": 0.008186554204911933}, "KERALA": {"global_perc": 0.15225933202357564, "local_perc": 0.0384519970230712}, "LAKSHADWEEP": {"global_perc": 0.047619047619047616, "local_perc": 0.00024807740014884643}, "MADHYA PRADESH": {"global_perc": 0.001074622516073803, "local_perc": 0.01463656660878194}, "MANIPUR": {"global_perc": 0.006199147617202635, "local_perc": 0.003969238402381543}, "MIZORAM": {"global_perc": 0.0012048192771084338, "local_perc": 0.00024807740014884643}, "NAGALAND": {"global_perc": 0.0014005602240896359, "local_perc": 0.0004961548002976929}, "NCT OF DELHI": {"global_perc": 0.017857142857142856, "local_perc": 0.0004961548002976929}, "Punjab": {"global_perc": 0.01239965026627454, "local_perc": 0.03870007442322004}, "RAJASTHAN": {"global_perc": 0.0406294770773639, "local_perc": 0.4502604812701563}, "TRIPURA": {"global_perc": 0.04228571428571429, "local_perc": 0.009178863805507318}, "Tamil Nadu": {"global_perc": 0.02115276300143939, "local_perc": 0.0838501612503101}, "UTTAR PRADESH": {"global_perc": 0.0016577069323992731, "local_perc": 0.04390969982634582}, "UTTARAKHAND": {"global_perc": 0.005597570416244864, "local_perc": 0.023319275613991566}, "West Bengal": {"global_perc": 0.00037296732806206176, "local_perc": 0.0037211610022326964}}, "partition_field": "Stat_Nam", "Vil_Nam": "Parli (37/94)", "Stat_Nam": "HIMACHAL PRADESH"}, {"data": [["Dis_Doc_In_Pos_Num", 4.0], ["Dis_Par_Med_Staf_In_Pos_Num", 7.0], 0.5714285714285714], "data_low": {"Stat_Nam": "JAMMU & KASHMIR", "Vil_Nam": "Mindiyan", "Dis_Doc_In_Pos_Num": "2", "Dis_Par_Med_Staf_In_Pos_Num": "3", "id": 4}, "data_high": {"Stat_Nam": "West Bengal", "Vil_Nam": "Matigarahat", "Dis_Doc_In_Pos_Num": "4", "Dis_Par_Med_Staf_In_Pos_Num": "7", "id": 305284}, "perc": 0.02649644706732506, "metric": 99.97350398147624, "value_global_local": {"ANDHRA PRADESH": {"global_perc": 7.194244604316547e-05, "local_perc": 0.012121212121212121}, "ASSAM": {"global_perc": 0.0008334911915135442, "local_perc": 0.13333333333333333}, "BIHAR": {"global_perc": 0.00022284619155858625, "local_perc": 0.06060606060606061}, "HIMACHAL PRADESH": {"global_perc": 0.0004833252779120348, "local_perc": 0.06060606060606061}, "JAMMU & KASHMIR": {"global_perc": 0.0036624446818251184, "local_perc": 0.14545454545454545}, "JHARKHAND": {"global_perc": 0.00027782922763474715, "local_perc": 0.05454545454545454}, "KERALA": {"global_perc": 0.015717092337917484, "local_perc": 0.09696969696969697}, "MADHYA PRADESH": {"global_perc": 0.0004189206418592791, "local_perc": 0.1393939393939394}, "NCT OF DELHI": {"global_perc": 0.044642857142857144, "local_perc": 0.030303030303030304}, "PUDUCHERRY": {"global_perc": 0.011111111111111112, "local_perc": 0.006060606060606061}, "Punjab": {"global_perc": 7.948493760432397e-05, "local_perc": 0.006060606060606061}, "RAJASTHAN": {"global_perc": 8.954154727793696e-05, "local_perc": 0.024242424242424242}, "TRIPURA": {"global_perc": 0.011428571428571429, "local_perc": 0.06060606060606061}, "Tamil Nadu": {"global_perc": 0.00012516427811502597, "local_perc": 0.012121212121212121}, "UTTAR PRADESH": {"global_perc": 0.0001779459418959672, "local_perc": 0.11515151515151516}, "UTTARAKHAND": {"global_perc": 0.00029774310724706724, "local_perc": 0.030303030303030304}, "West Bengal": {"global_perc": 4.972897707494157e-05, "local_perc": 0.012121212121212121}}, "partition_field": "Stat_Nam", "Vil_Nam": "Matigarahat", "Stat_Nam": "West Bengal"}, {"data": [["Dis_Doc_In_Pos_Num", 3.0], ["Dis_Par_Med_Staf_In_Pos_Num", 4.0], 0.75], "data_low": {"Stat_Nam": "JAMMU & KASHMIR", "Vil_Nam": "Gund -I-Hado", "Dis_Doc_In_Pos_Num": "3", "Dis_Par_Med_Staf_In_Pos_Num": "4", "id": 3450}, "data_high": {"Stat_Nam": "ASSAM", "Vil_Nam": "Sunai Bera Gaon", "Dis_Doc_In_Pos_Num": "5", "Dis_Par_Med_Staf_In_Pos_Num": "6", "id": 283519}, "perc": 0.004335782247380465, "metric": 99.99566446779178, "value_global_local": {"ASSAM": {"global_perc": 0.0002273157795036939, "local_perc": 0.2222222222222222}, "JAMMU & KASHMIR": {"global_perc": 0.0004578055852281398, "local_perc": 0.1111111111111111}, "JHARKHAND": {"global_perc": 0.00015434957090819287, "local_perc": 0.18518518518518517}, "MADHYA PRADESH": {"global_perc": 1.821394095040344e-05, "local_perc": 0.037037037037037035}, "Punjab": {"global_perc": 0.00023845481281297194, "local_perc": 0.1111111111111111}, "RAJASTHAN": {"global_perc": 4.477077363896848e-05, "local_perc": 0.07407407407407407}, "TRIPURA": {"global_perc": 0.002285714285714286, "local_perc": 0.07407407407407407}, "Tamil Nadu": {"global_perc": 6.258213905751299e-05, "local_perc": 0.037037037037037035}, "UTTAR PRADESH": {"global_perc": 2.809672766778429e-05, "local_perc": 0.1111111111111111}, "West Bengal": {"global_perc": 2.4864488537470783e-05, "local_perc": 0.037037037037037035}}, "partition_field": "Stat_Nam", "Vil_Nam": "Gund -I-Hado", "Stat_Nam": "JAMMU & KASHMIR"}, {"data": [["Dis_Doc_In_Pos_Num", 1.0], ["Dis_Par_Med_Staf_In_Pos_Num", 1.0], 1.0], "data_low": {"Stat_Nam": "JAMMU & KASHMIR", "Vil_Nam": "Khurhama", "Dis_Doc_In_Pos_Num": "1", "Dis_Par_Med_Staf_In_Pos_Num": "1", "id": 15}, "data_high": {"Stat_Nam": "West Bengal", "Vil_Nam": "Bagjola", "Dis_Doc_In_Pos_Num": "8", "Dis_Par_Med_Staf_In_Pos_Num": "8", "id": 321785}, "perc": 1.6337869846240316, "metric": 98.36621301537596, "value_global_local": {"ANDHRA PRADESH": {"global_perc": 0.002302158273381295, "local_perc": 0.006290544525260468}, "ASSAM": {"global_perc": 0.0011365788975184693, "local_perc": 0.0029486927462158445}, "Arunachal Pradesh": {"global_perc": 0.0014313830738951511, "local_perc": 0.0007863180656575585}, "BIHAR": {"global_perc": 0.015153541025983866, "local_perc": 0.06683703558089248}, "CHHATTISGARH": {"global_perc": 0.0007453045811388254, "local_perc": 0.0014743463731079222}, "GOA": {"global_perc": 0.011976047904191617, "local_perc": 0.00039315903282877927}, "HARYANA": {"global_perc": 0.05525507966671539, "local_perc": 0.03715352860231964}, "HIMACHAL PRADESH": {"global_perc": 0.050797486708554856, "local_perc": 0.10330253587576174}, "JAMMU & KASHMIR": {"global_perc": 0.05402105905692049, "local_perc": 0.034794574405346966}, "JHARKHAND": {"global_perc": 0.014632339322096684, "local_perc": 0.04658934539021034}, "KARNATAKA": {"global_perc": 0.021574642126789365, "local_perc": 0.062217416945154314}, "KERALA": {"global_perc": 0.3428290766208251, "local_perc": 0.03430312561431099}, "MADHYA PRADESH": {"global_perc": 0.005409540462269821, "local_perc": 0.029192058187536857}, "MANIPUR": {"global_perc": 0.008911274699728787, "local_perc": 0.0022606644387654804}, "Maharashtra": {"global_perc": 0.0797664032978358, "local_perc": 0.3423432278356595}, "Meghalaya": {"global_perc": 0.0004386606228980845, "local_perc": 0.00029486927462158444}, "NCT OF DELHI": {"global_perc": 0.10714285714285714, "local_perc": 0.0011794770984863377}, "PUDUCHERRY": {"global_perc": 0.022222222222222223, "local_perc": 0.00019657951641438963}, "Punjab": {"global_perc": 0.13838327636912806, "local_perc": 0.17112246903872616}, "RAJASTHAN": {"global_perc": 0.002305694842406877, "local_perc": 0.010123845095341066}, "SIKKIM": {"global_perc": 0.004434589800443459, "local_perc": 0.00019657951641438963}, "TRIPURA": {"global_perc": 0.11542857142857142, "local_perc": 0.009927265578926675}, "UTTAR PRADESH": {"global_perc": 0.0015078577181710903, "local_perc": 0.015824651071358366}, "UTTARAKHAND": {"global_perc": 0.004823438337402489, "local_perc": 0.00796147041478278}, "West Bengal": {"global_perc": 0.003108061067183848, "local_perc": 0.012286219775899351}}, "partition_field": "Stat_Nam", "Vil_Nam": "Khurhama", "Stat_Nam": "JAMMU & KASHMIR"}, {"data": [["Dis_Doc_In_Pos_Num", 8.0], ["Dis_Par_Med_Staf_In_Pos_Num", 7.0], 1.1428571428571428], "data_low": {"Stat_Nam": "NAGALAND", "Vil_Nam": "Salulemang", "Dis_Doc_In_Pos_Num": "8", "Dis_Par_Med_Staf_In_Pos_Num": "7", "id": 266112}, "data_high": {"Stat_Nam": "NAGALAND", "Vil_Nam": "Salulemang", "Dis_Doc_In_Pos_Num": "8", "Dis_Par_Med_Staf_In_Pos_Num": "7", "id": 266112}, "perc": 0.00016058452768075794, "metric": 99.99983927258683, "value_global_local": {}, "partition_field": null, "Vil_Nam": "Salulemang", "Stat_Nam": "NAGALAND"}, {"data": [["Dis_Doc_In_Pos_Num", 4.0], ["Dis_Par_Med_Staf_In_Pos_Num", 3.0], 1.3333333333333333], "data_low": {"Stat_Nam": "Punjab", "Vil_Nam": "Majri (11)", "Dis_Doc_In_Pos_Num": "4", "Dis_Par_Med_Staf_In_Pos_Num": "3", "id": 38359}, "data_high": {"Stat_Nam": "Punjab", "Vil_Nam": "Majri (11)", "Dis_Doc_In_Pos_Num": "4", "Dis_Par_Med_Staf_In_Pos_Num": "3", "id": 38359}, "perc": 0.0003211690553615159, "metric": 99.9996784975457, "value_global_local": {}, "partition_field": null, "Vil_Nam": "Majri (11)", "Stat_Nam": "Punjab"}, {"data": [["Dis_Doc_In_Pos_Num", 3.0], ["Dis_Par_Med_Staf_In_Pos_Num", 2.0], 1.5], "data_low": {"Stat_Nam": "JAMMU & KASHMIR", "Vil_Nam": "Dudu", "Dis_Doc_In_Pos_Num": "3", "Dis_Par_Med_Staf_In_Pos_Num": "2", "id": 4953}, "data_high": {"Stat_Nam": "West Bengal", "Vil_Nam": "Keshiari", "Dis_Doc_In_Pos_Num": "6", "Dis_Par_Med_Staf_In_Pos_Num": "4", "id": 341554}, "perc": 0.00867156449476093, "metric": 99.99132793544858, "value_global_local": {"Arunachal Pradesh": {"global_perc": 0.0001789228842368939, "local_perc": 0.018518518518518517}, "HIMACHAL PRADESH": {"global_perc": 9.666505558240696e-05, "local_perc": 0.037037037037037035}, "JAMMU & KASHMIR": {"global_perc": 0.00015260186174271325, "local_perc": 0.018518518518518517}, "JHARKHAND": {"global_perc": 6.173982836327716e-05, "local_perc": 0.037037037037037035}, "KERALA": {"global_perc": 0.0019646365422396855, "local_perc": 0.037037037037037035}, "MADHYA PRADESH": {"global_perc": 7.285576380161376e-05, "local_perc": 0.07407407407407407}, "NCT OF DELHI": {"global_perc": 0.017857142857142856, "local_perc": 0.037037037037037035}, "RAJASTHAN": {"global_perc": 0.0003805515759312321, "local_perc": 0.3148148148148148}, "TRIPURA": {"global_perc": 0.019428571428571427, "local_perc": 0.3148148148148148}, "UTTAR PRADESH": {"global_perc": 2.809672766778429e-05, "local_perc": 0.05555555555555555}, "UTTARAKHAND": {"global_perc": 5.954862144941345e-05, "local_perc": 0.018518518518518517}, "West Bengal": {"global_perc": 4.972897707494157e-05, "local_perc": 0.037037037037037035}}, "partition_field": "Stat_Nam", "Vil_Nam": "Dudu", "Stat_Nam": "JAMMU & KASHMIR"}, {"data": [["Dis_Doc_In_Pos_Num", 5.0], ["Dis_Par_Med_Staf_In_Pos_Num", 3.0], 1.6666666666666667], "data_low": {"Stat_Nam": "HIMACHAL PRADESH", "Vil_Nam": "Maharaj Nagar  (633)", "Dis_Doc_In_Pos_Num": "5", "Dis_Par_Med_Staf_In_Pos_Num": "3", "id": 11263}, "data_high": {"Stat_Nam": "HIMACHAL PRADESH", "Vil_Nam": "Maharaj Nagar  (633)", "Dis_Doc_In_Pos_Num": "5", "Dis_Par_Med_Staf_In_Pos_Num": "3", "id": 11263}, "perc": 0.00016058452768075794, "metric": 99.99983874867337, "value_global_local": {}, "partition_field": null, "Vil_Nam": "Maharaj Nagar  (633)", "Stat_Nam": "HIMACHAL PRADESH"}, {"data": [["Dis_Doc_In_Pos_Num", 2.0], ["Dis_Par_Med_Staf_In_Pos_Num", 1.0], 2.0], "data_low": {"Stat_Nam": "West Bengal", "Vil_Nam": "Naksalbari", "Dis_Doc_In_Pos_Num": "12", "Dis_Par_Med_Staf_In_Pos_Num": "6", "id": 305312}, "data_high": {"Stat_Nam": "Punjab", "Vil_Nam": "Heir (347)", "Dis_Doc_In_Pos_Num": "6", "Dis_Par_Med_Staf_In_Pos_Num": "3", "id": 37406}, "perc": 0.02794170781645189, "metric": 99.97205729226299, "value_global_local": {"BIHAR": {"global_perc": 0.000178276953246869, "local_perc": 0.04597701149425287}, "HARYANA": {"global_perc": 0.00087706475661453, "local_perc": 0.034482758620689655}, "HIMACHAL PRADESH": {"global_perc": 0.0007733204446592557, "local_perc": 0.09195402298850575}, "JAMMU & KASHMIR": {"global_perc": 0.0009156111704562796, "local_perc": 0.034482758620689655}, "JHARKHAND": {"global_perc": 0.0006791381119960486, "local_perc": 0.12643678160919541}, "KERALA": {"global_perc": 0.010805500982318271, "local_perc": 0.06321839080459771}, "MADHYA PRADESH": {"global_perc": 0.0002367812323552447, "local_perc": 0.07471264367816093}, "NCT OF DELHI": {"global_perc": 0.008928571428571428, "local_perc": 0.005747126436781609}, "Punjab": {"global_perc": 0.0027819728161513394, "local_perc": 0.20114942528735633}, "RAJASTHAN": {"global_perc": 4.477077363896848e-05, "local_perc": 0.011494252873563218}, "TRIPURA": {"global_perc": 0.032, "local_perc": 0.16091954022988506}, "UTTAR PRADESH": {"global_perc": 0.0001779459418959672, "local_perc": 0.10919540229885058}, "UTTARAKHAND": {"global_perc": 5.954862144941345e-05, "local_perc": 0.005747126436781609}, "West Bengal": {"global_perc": 0.0001491869312248247, "local_perc": 0.034482758620689655}}, "partition_field": "Stat_Nam", "Vil_Nam": "Bahardas Koot", "Stat_Nam": "JAMMU & KASHMIR"}, {"data": [["Dis_Doc_In_Pos_Num", 5.0], ["Dis_Par_Med_Staf_In_Pos_Num", 2.0], 2.5], "data_low": {"Stat_Nam": "West Bengal", "Vil_Nam": "Krishna Ganj", "Dis_Doc_In_Pos_Num": "10", "Dis_Par_Med_Staf_In_Pos_Num": "4", "id": 320261}, "data_high": {"Stat_Nam": "UTTAR PRADESH", "Vil_Nam": "Bhete", "Dis_Doc_In_Pos_Num": "5", "Dis_Par_Med_Staf_In_Pos_Num": "2", "id": 167671}, "perc": 0.0006423381107230318, "metric": 99.99935616159887, "value_global_local": {}, "partition_field": null, "Vil_Nam": "Bhete", "Stat_Nam": "UTTAR PRADESH"}, {"data": [["Dis_Doc_In_Pos_Num", 3.0], ["Dis_Par_Med_Staf_In_Pos_Num", 1.0], 3.0], "data_low": {"Stat_Nam": "Punjab", "Vil_Nam": "Talabpur (652)", "Dis_Doc_In_Pos_Num": "3", "Dis_Par_Med_Staf_In_Pos_Num": "1", "id": 28058}, "data_high": {"Stat_Nam": "Punjab", "Vil_Nam": "Talabpur (652)", "Dis_Doc_In_Pos_Num": "3", "Dis_Par_Med_Staf_In_Pos_Num": "1", "id": 28058}, "perc": 0.006102212051868803, "metric": 99.99389578767014, "value_global_local": {"CHHATTISGARH": {"global_perc": 4.9686972075921695e-05, "local_perc": 0.02631578947368421}, "JHARKHAND": {"global_perc": 0.00015434957090819287, "local_perc": 0.13157894736842105}, "KERALA": {"global_perc": 0.0029469548133595285, "local_perc": 0.07894736842105263}, "MADHYA PRADESH": {"global_perc": 3.642788190080688e-05, "local_perc": 0.05263157894736842}, "Punjab": {"global_perc": 0.0008743343136475638, "local_perc": 0.2894736842105263}, "RAJASTHAN": {"global_perc": 2.238538681948424e-05, "local_perc": 0.02631578947368421}, "TRIPURA": {"global_perc": 0.011428571428571429, "local_perc": 0.2631578947368421}, "UTTARAKHAND": {"global_perc": 5.954862144941345e-05, "local_perc": 0.02631578947368421}, "West Bengal": {"global_perc": 9.945795414988313e-05, "local_perc": 0.10526315789473684}}, "partition_field": "Stat_Nam", "Vil_Nam": "Talabpur (652)", "Stat_Nam": "Punjab"}, {"data": [["Dis_Doc_In_Pos_Num", 4.0], ["Dis_Par_Med_Staf_In_Pos_Num", 1.0], 4.0], "data_low": {"Stat_Nam": "HIMACHAL PRADESH", "Vil_Nam": "Aslu (211)", "Dis_Doc_In_Pos_Num": "4", "Dis_Par_Med_Staf_In_Pos_Num": "1", "id": 20185}, "data_high": {"Stat_Nam": "Punjab", "Vil_Nam": "Lamochar Kalan Hithar (361)", "Dis_Doc_In_Pos_Num": "8", "Dis_Par_Med_Staf_In_Pos_Num": "2", "id": 34787}, "perc": 0.004817535830422739, "metric": 99.99517946371404, "value_global_local": {"HIMACHAL PRADESH": {"global_perc": 4.833252779120348e-05, "local_perc": 0.03333333333333333}, "JHARKHAND": {"global_perc": 0.0006791381119960486, "local_perc": 0.7333333333333333}, "KERALA": {"global_perc": 0.0009823182711198428, "local_perc": 0.03333333333333333}, "MANIPUR": {"global_perc": 0.0003874467260751647, "local_perc": 0.03333333333333333}, "Punjab": {"global_perc": 0.00023845481281297194, "local_perc": 0.1}, "UTTAR PRADESH": {"global_perc": 9.365575889261431e-06, "local_perc": 0.03333333333333333}, "West Bengal": {"global_perc": 2.4864488537470783e-05, "local_perc": 0.03333333333333333}}, "partition_field": "Stat_Nam", "Vil_Nam": "Aslu (211)", "Stat_Nam": "HIMACHAL PRADESH"}, {"data": [["Dis_Doc_In_Pos_Num", 5.0], ["Dis_Par_Med_Staf_In_Pos_Num", 1.0], 5.0], "data_low": {"Stat_Nam": "Punjab", "Vil_Nam": "Jalalabad (291)", "Dis_Doc_In_Pos_Num": "5", "Dis_Par_Med_Staf_In_Pos_Num": "1", "id": 33911}, "data_high": {"Stat_Nam": "Punjab", "Vil_Nam": "Jalalabad (291)", "Dis_Doc_In_Pos_Num": "5", "Dis_Par_Med_Staf_In_Pos_Num": "1", "id": 33911}, "perc": 0.0011240916937653056, "metric": 99.99887190755108, "value_global_local": {}, "partition_field": null, "Vil_Nam": "Jalalabad (291)", "Stat_Nam": "Punjab"}, {"data": [["Dis_Doc_In_Pos_Num", 6.0], ["Dis_Par_Med_Staf_In_Pos_Num", 1.0], 6.0], "data_low": {"Stat_Nam": "JHARKHAND", "Vil_Nam": "Lasutiya", "Dis_Doc_In_Pos_Num": "6", "Dis_Par_Med_Staf_In_Pos_Num": "1", "id": 354848}, "data_high": {"Stat_Nam": "JHARKHAND", "Vil_Nam": "Lasutiya", "Dis_Doc_In_Pos_Num": "6", "Dis_Par_Med_Staf_In_Pos_Num": "1", "id": 354848}, "perc": 0.0003211690553615159, "metric": 99.99967382996054, "value_global_local": {}, "partition_field": null, "Vil_Nam": "Lasutiya", "Stat_Nam": "JHARKHAND"}, {"data": [["Dis_Doc_In_Pos_Num", 7.0], ["Dis_Par_Med_Staf_In_Pos_Num", 1.0], 7.0], "data_low": {"Stat_Nam": "Punjab", "Vil_Nam": "Rori Kapura (138)", "Dis_Doc_In_Pos_Num": "7", "Dis_Par_Med_Staf_In_Pos_Num": "1", "id": 35408}, "data_high": {"Stat_Nam": "Punjab", "Vil_Nam": "Rori Kapura (138)", "Dis_Doc_In_Pos_Num": "7", "Dis_Par_Med_Staf_In_Pos_Num": "1", "id": 35408}, "perc": 0.00016058452768075794, "metric": 99.99983341428178, "value_global_local": {}, "partition_field": null, "Vil_Nam": "Rori Kapura (138)", "Stat_Nam": "Punjab"}, {"data": [["Dis_Doc_In_Pos_Num", 25.0], ["Dis_Par_Med_Staf_In_Pos_Num", 1.0], 25.0], "data_low": {"Stat_Nam": "West Bengal", "Vil_Nam": "Par Radhanagar", "Dis_Doc_In_Pos_Num": "25", "Dis_Par_Med_Staf_In_Pos_Num": "1", "id": 330786}, "data_high": {"Stat_Nam": "West Bengal", "Vil_Nam": "Par Radhanagar", "Dis_Doc_In_Pos_Num": "25", "Dis_Par_Med_Staf_In_Pos_Num": "1", "id": 330786}, "perc": 0.00016058452768075794, "metric": 99.99981541071014, "value_global_local": {}, "partition_field": null, "Vil_Nam": "Par Radhanagar", "Stat_Nam": "West Bengal"}, {"data": [["Dis_Doc_In_Pos_Num", 1.0], ["Dis_Par_Med_Staf_In_Pos_Num", 0.0], 9999], "data_low": {"Stat_Nam": "JAMMU & KASHMIR", "Vil_Nam": "Karshah", "Dis_Doc_In_Pos_Num": "1", "Dis_Par_Med_Staf_In_Pos_Num": "0", "id": 1065}, "data_high": {"Stat_Nam": "West Bengal", "Vil_Nam": "Ramchandrapur", "Dis_Doc_In_Pos_Num": "9", "Dis_Par_Med_Staf_In_Pos_Num": "", "id": 321794}, "perc": 0.17712473403187604, "metric": 99.81289297854137, "value_global_local": {"Arunachal Pradesh": {"global_perc": 0.0003578457684737878, "local_perc": 0.001813236627379873}, "BIHAR": {"global_perc": 0.00020056157240272763, "local_perc": 0.008159564823209429}, "CHHATTISGARH": {"global_perc": 0.0038755838219218922, "local_perc": 0.07071622846781506}, "HIMACHAL PRADESH": {"global_perc": 0.012518124697921702, "local_perc": 0.23481414324569355}, "JAMMU & KASHMIR": {"global_perc": 0.004425453990538684, "local_perc": 0.02629193109700816}, "JHARKHAND": {"global_perc": 0.002469593134531086, "local_perc": 0.07252946509519492}, "MADHYA PRADESH": {"global_perc": 0.0014753292169826786, "local_perc": 0.07343608340888486}, "MANIPUR": {"global_perc": 0.0003874467260751647, "local_perc": 0.0009066183136899365}, "MIZORAM": {"global_perc": 0.0036144578313253013, "local_perc": 0.0027198549410698096}, "Punjab": {"global_perc": 7.948493760432397e-05, "local_perc": 0.0009066183136899365}, "TRIPURA": {"global_perc": 0.009142857142857144, "local_perc": 0.007252946509519492}, "UTTAR PRADESH": {"global_perc": 0.0016764380841777962, "local_perc": 0.16228467815049863}, "West Bengal": {"global_perc": 0.009274454224476602, "local_perc": 0.3381686310063463}}, "partition_field": "Stat_Nam", "Vil_Nam": "Karshah", "Stat_Nam": "JAMMU & KASHMIR"}, {"data": [["Dis_Doc_In_Pos_Num", 0], ["Dis_Par_Med_Staf_In_Pos_Num", 0], 99980001], "data_low": {"Stat_Nam": "JAMMU & KASHMIR", "Vil_Nam": "Bore", "Dis_Doc_In_Pos_Num": "", "Dis_Par_Med_Staf_In_Pos_Num": "", "id": 0}, "data_high": {"Stat_Nam": "JAMMU & KASHMIR", "Vil_Nam": "Palmar", "Dis_Doc_In_Pos_Num": "Dis_pos", "Dis_Par_Med_Staf_In_Pos_Num": "Dis_ppos", "id": 4582}, "perc": 96.67654261511903, "metric": 9.669588082432508e-07, "value_global_local": {"null": {"global_perc": 0.9667654261511903, "local_perc": 1.0}}, "partition_field": "Dist_Other", "Vil_Nam": "Bore", "Stat_Nam": "JAMMU & KASHMIR"}]