[{"data": [["Priv_Mid_School_Num", 0.0], ["Priv_Prim_School_Num", 2.0], 0.0], "data_low": {"Stat_Nam": "JAMMU & KASHMIR", "Vil_Nam": "Alal", "Priv_Prim_School_Num": "1", "Priv_Mid_School_Num": "", "id": 1263}, "data_high": {"Stat_Nam": "KERALA", "Vil_Nam": "Kannan Devan Hills", "Priv_Prim_School_Num": "26", "Priv_Mid_School_Num": "2", "id": 605709}, "perc": 6.184270745513669, "metric": 93.81573019283128, "value_global_local": {"": {"global_perc": 0.07393477935332265, "local_perc": 1.0}}, "partition_field": "Near_Vil_Tow_Nam_hav_Prim_School", "Vil_Nam": "Maidan Pora", "Stat_Nam": "JAMMU & KASHMIR"}, {"data": [["Priv_Mid_School_Num", 1.0], ["Priv_Prim_School_Num", 9.0], 0.1111111111111111], "data_low": {"Stat_Nam": "UTTAR PRADESH", "Vil_Nam": "Mehra", "Priv_Prim_School_Num": "9", "Priv_Mid_School_Num": "1", "id": 189092}, "data_high": {"Stat_Nam": "ANDHRA PRADESH", "Vil_Nam": "Bethampudi", "Priv_Prim_School_Num": "16", "Priv_Mid_School_Num": "3", "id": 557835}, "perc": 0.024087679152113694, "metric": 99.97591320970044, "value_global_local": {"ANDHRA PRADESH": {"global_perc": 0.0006115107913669065, "local_perc": 0.11333333333333333}, "BIHAR": {"global_perc": 0.00037883852564959665, "local_perc": 0.11333333333333333}, "JAMMU & KASHMIR": {"global_perc": 0.00015260186174271325, "local_perc": 0.006666666666666667}, "JHARKHAND": {"global_perc": 6.173982836327716e-05, "local_perc": 0.013333333333333334}, "KARNATAKA": {"global_perc": 0.00020449897750511248, "local_perc": 0.04}, "KERALA": {"global_perc": 0.02848722986247544, "local_perc": 0.19333333333333333}, "MADHYA PRADESH": {"global_perc": 0.00020035335045443783, "local_perc": 0.07333333333333333}, "Maharashtra": {"global_perc": 0.00016031146226955229, "local_perc": 0.04666666666666667}, "Meghalaya": {"global_perc": 0.00014622020763269483, "local_perc": 0.006666666666666667}, "ODISHA": {"global_perc": 3.897647769571064e-05, "local_perc": 0.013333333333333334}, "SIKKIM": {"global_perc": 0.0022172949002217295, "local_perc": 0.006666666666666667}, "Tamil Nadu": {"global_perc": 0.0015019713373803116, "local_perc": 0.16}, "UTTAR PRADESH": {"global_perc": 0.0002435049731207972, "local_perc": 0.17333333333333334}, "UTTARAKHAND": {"global_perc": 5.954862144941345e-05, "local_perc": 0.006666666666666667}, "West Bengal": {"global_perc": 0.00012432244268735393, "local_perc": 0.03333333333333333}}, "partition_field": "Stat_Nam", "Vil_Nam": "Mehra", "Stat_Nam": "UTTAR PRADESH"}, {"data": [["Priv_Mid_School_Num", 2.0], ["Priv_Prim_School_Num", 9.0], 0.2222222222222222], "data_low": {"Stat_Nam": "JAMMU & KASHMIR", "Vil_Nam": "Panzgam", "Priv_Prim_School_Num": "4", "Priv_Mid_School_Num": "1", "id": 85}, "data_high": {"Stat_Nam": "KERALA", "Vil_Nam": "Thrippangottur", "Priv_Prim_School_Num": "14", "Priv_Mid_School_Num": "4", "id": 605231}, "perc": 0.044481914167569955, "metric": 99.95551886341974, "value_global_local": {"ANDHRA PRADESH": {"global_perc": 0.0009352517985611511, "local_perc": 0.09386281588447654}, "ASSAM": {"global_perc": 0.000530403485508619, "local_perc": 0.05054151624548736}, "BIHAR": {"global_perc": 0.00046797700227303116, "local_perc": 0.07581227436823104}, "CHHATTISGARH": {"global_perc": 9.937394415184339e-05, "local_perc": 0.007220216606498195}, "HARYANA": {"global_perc": 0.00058470983774302, "local_perc": 0.01444043321299639}, "JAMMU & KASHMIR": {"global_perc": 0.000610407446970853, "local_perc": 0.01444043321299639}, "JHARKHAND": {"global_perc": 6.173982836327716e-05, "local_perc": 0.007220216606498195}, "KARNATAKA": {"global_perc": 0.00023858214042263122, "local_perc": 0.02527075812274368}, "KERALA": {"global_perc": 0.03929273084479371, "local_perc": 0.1444043321299639}, "MADHYA PRADESH": {"global_perc": 0.00036427881900806877, "local_perc": 0.07220216606498195}, "MIZORAM": {"global_perc": 0.0012048192771084338, "local_perc": 0.0036101083032490976}, "Maharashtra": {"global_perc": 0.00025191801213786787, "local_perc": 0.039711191335740074}, "Meghalaya": {"global_perc": 0.0014622020763269484, "local_perc": 0.036101083032490974}, "ODISHA": {"global_perc": 5.846471654356596e-05, "local_perc": 0.010830324909747292}, "RAJASTHAN": {"global_perc": 0.00029101002865329514, "local_perc": 0.04693140794223827}, "SIKKIM": {"global_perc": 0.004434589800443459, "local_perc": 0.007220216606498195}, "TRIPURA": {"global_perc": 0.001142857142857143, "local_perc": 0.0036101083032490976}, "Tamil Nadu": {"global_perc": 0.0018148820326678765, "local_perc": 0.10469314079422383}, "UTTAR PRADESH": {"global_perc": 0.0005338378256879015, "local_perc": 0.20577617328519857}, "UTTARAKHAND": {"global_perc": 5.954862144941345e-05, "local_perc": 0.0036101083032490976}, "West Bengal": {"global_perc": 0.00022378039683723706, "local_perc": 0.032490974729241874}}, "partition_field": "Stat_Nam", "Vil_Nam": "Arni", "Stat_Nam": "Maharashtra"}, {"data": [["Priv_Mid_School_Num", 1.0], ["Priv_Prim_School_Num", 3.0], 0.3333333333333333], "data_low": {"Stat_Nam": "JAMMU & KASHMIR", "Vil_Nam": "Hayihama", "Priv_Prim_School_Num": "3", "Priv_Mid_School_Num": "1", "id": 54}, "data_high": {"Stat_Nam": "KERALA", "Vil_Nam": "Puthoor", "Priv_Prim_School_Num": "15", "Priv_Mid_School_Num": "6", "id": 605230}, "perc": 0.14340198321891687, "metric": 99.85659868262489, "value_global_local": {"ANDAMAN & NICOBAR ISLANDS": {"global_perc": 0.0018018018018018018, "local_perc": 0.0011198208286674132}, "ANDHRA PRADESH": {"global_perc": 0.0024100719424460433, "local_perc": 0.07502799552071669}, "ASSAM": {"global_perc": 0.0015154385300246258, "local_perc": 0.04479283314669653}, "BIHAR": {"global_perc": 0.0011142309577929312, "local_perc": 0.055991041433370664}, "CHHATTISGARH": {"global_perc": 0.0005962436649110603, "local_perc": 0.013437849944008958}, "HARYANA": {"global_perc": 0.002485016810407835, "local_perc": 0.019036954087346025}, "HIMACHAL PRADESH": {"global_perc": 9.666505558240696e-05, "local_perc": 0.0022396416573348264}, "JAMMU & KASHMIR": {"global_perc": 0.0025942316496261253, "local_perc": 0.019036954087346025}, "JHARKHAND": {"global_perc": 0.0004630487127245786, "local_perc": 0.0167973124300112}, "KARNATAKA": {"global_perc": 0.0013974096796182686, "local_perc": 0.04591265397536394}, "KERALA": {"global_perc": 0.06581532416502947, "local_perc": 0.07502799552071669}, "MADHYA PRADESH": {"global_perc": 0.0015663989217346958, "local_perc": 0.09630459126539753}, "MANIPUR": {"global_perc": 0.0015497869043006587, "local_perc": 0.004479283314669653}, "Maharashtra": {"global_perc": 0.0007786556738806824, "local_perc": 0.03807390817469205}, "Meghalaya": {"global_perc": 0.007018569966369352, "local_perc": 0.05375139977603583}, "NAGALAND": {"global_perc": 0.0007002801120448179, "local_perc": 0.0011198208286674132}, "NCT OF DELHI": {"global_perc": 0.008928571428571428, "local_perc": 0.0011198208286674132}, "ODISHA": {"global_perc": 7.795295539142128e-05, "local_perc": 0.004479283314669653}, "Punjab": {"global_perc": 0.0019871234401080996, "local_perc": 0.027995520716685332}, "RAJASTHAN": {"global_perc": 0.002126611747851003, "local_perc": 0.10638297872340426}, "SIKKIM": {"global_perc": 0.013303769401330377, "local_perc": 0.006718924972004479}, "Tamil Nadu": {"global_perc": 0.005694974654233681, "local_perc": 0.1019036954087346}, "UTTAR PRADESH": {"global_perc": 0.001348642928053646, "local_perc": 0.1612541993281075}, "UTTARAKHAND": {"global_perc": 0.0006550348359435479, "local_perc": 0.012318029115341545}, "West Bengal": {"global_perc": 0.000348102839524591, "local_perc": 0.015677491601343786}}, "partition_field": "Stat_Nam", "Vil_Nam": "Hayihama", "Stat_Nam": "JAMMU & KASHMIR"}, {"data": [["Priv_Mid_School_Num", 4.0], ["Priv_Prim_School_Num", 9.0], 0.4444444444444444], "data_low": {"Stat_Nam": "JAMMU & KASHMIR", "Vil_Nam": "Dedi Koot", "Priv_Prim_School_Num": "2", "Priv_Mid_School_Num": "1", "id": 102}, "data_high": {"Stat_Nam": "ANDHRA PRADESH", "Vil_Nam": "Allagadda", "Priv_Prim_School_Num": "14", "Priv_Mid_School_Num": "7", "id": 572848}, "perc": 0.5392428439519852, "metric": 99.46075770871832, "value_global_local": {"ANDAMAN & NICOBAR ISLANDS": {"global_perc": 0.0018018018018018018, "local_perc": 0.0002977963073257892}, "ANDHRA PRADESH": {"global_perc": 0.007949640287769785, "local_perc": 0.06581298391899941}, "ASSAM": {"global_perc": 0.005758666414093578, "local_perc": 0.04526503871351995}, "Arunachal Pradesh": {"global_perc": 0.0012524601896582574, "local_perc": 0.002084574151280524}, "BIHAR": {"global_perc": 0.0031867005392877835, "local_perc": 0.04258487194758785}, "CHANDIGARH": {"global_perc": 0.2, "local_perc": 0.0002977963073257892}, "CHHATTISGARH": {"global_perc": 0.00322965318493491, "local_perc": 0.019356759976176294}, "GOA": {"global_perc": 0.005988023952095809, "local_perc": 0.0005955926146515784}, "HARYANA": {"global_perc": 0.010963309457681626, "local_perc": 0.022334723049434187}, "HIMACHAL PRADESH": {"global_perc": 0.0017399710004833253, "local_perc": 0.01072066706372841}, "JAMMU & KASHMIR": {"global_perc": 0.0126659545246452, "local_perc": 0.0247170935080405}, "JHARKHAND": {"global_perc": 0.0015743656232635674, "local_perc": 0.015187611673615247}, "KARNATAKA": {"global_perc": 0.0066462167689161555, "local_perc": 0.05807027992852889}, "KERALA": {"global_perc": 0.13555992141453832, "local_perc": 0.0410958904109589}, "MADHYA PRADESH": {"global_perc": 0.0058284611041291, "local_perc": 0.09529481834425253}, "MANIPUR": {"global_perc": 0.003487020534676482, "local_perc": 0.0026801667659321023}, "MIZORAM": {"global_perc": 0.004819277108433735, "local_perc": 0.0011911852293031567}, "Maharashtra": {"global_perc": 0.003023016145654414, "local_perc": 0.039309112567004166}, "Meghalaya": {"global_perc": 0.018277525954086854, "local_perc": 0.037224538415723644}, "NAGALAND": {"global_perc": 0.0070028011204481795, "local_perc": 0.0029779630732578916}, "NCT OF DELHI": {"global_perc": 0.044642857142857144, "local_perc": 0.0014889815366289458}, "ODISHA": {"global_perc": 0.0007405530762185021, "local_perc": 0.011316259678379988}, "PUDUCHERRY": {"global_perc": 0.1, "local_perc": 0.0026801667659321023}, "Punjab": {"global_perc": 0.007551069072410778, "local_perc": 0.02829064919594997}, "RAJASTHAN": {"global_perc": 0.013296919770773638, "local_perc": 0.17689100655151876}, "SIKKIM": {"global_perc": 0.03547671840354767, "local_perc": 0.004764740917212627}, "TRIPURA": {"global_perc": 0.001142857142857143, "local_perc": 0.0002977963073257892}, "Tamil Nadu": {"global_perc": 0.011828024281869954, "local_perc": 0.05628350208457415}, "UTTAR PRADESH": {"global_perc": 0.005413302863993107, "local_perc": 0.17212626563430614}, "UTTARAKHAND": {"global_perc": 0.0020842017507294707, "local_perc": 0.01042287075640262}, "West Bengal": {"global_perc": 0.000696205679049182, "local_perc": 0.008338296605122097}}, "partition_field": "Stat_Nam", "Vil_Nam": "Dei", "Stat_Nam": "RAJASTHAN"}, {"data": [["Priv_Mid_School_Num", 6.0], ["Priv_Prim_School_Num", 11.0], 0.5454545454545454], "data_low": {"Stat_Nam": "JAMMU & KASHMIR", "Vil_Nam": "Deval Gam", "Priv_Prim_School_Num": "5", "Priv_Mid_School_Num": "3", "id": 3734}, "data_high": {"Stat_Nam": "BIHAR", "Vil_Nam": "Nirakpur Pali", "Priv_Prim_School_Num": "13", "Priv_Mid_School_Num": "8", "id": 244738}, "perc": 0.021678911236902323, "metric": 99.97832154330091, "value_global_local": {"ANDHRA PRADESH": {"global_perc": 0.00046762589928057557, "local_perc": 0.0962962962962963}, "BIHAR": {"global_perc": 0.00011142309577929313, "local_perc": 0.037037037037037035}, "HARYANA": {"global_perc": 0.00029235491887151, "local_perc": 0.014814814814814815}, "JAMMU & KASHMIR": {"global_perc": 0.0003052037234854265, "local_perc": 0.014814814814814815}, "JHARKHAND": {"global_perc": 9.260974254491573e-05, "local_perc": 0.022222222222222223}, "KARNATAKA": {"global_perc": 0.00017041581458759374, "local_perc": 0.037037037037037035}, "KERALA": {"global_perc": 0.022593320235756387, "local_perc": 0.17037037037037037}, "MADHYA PRADESH": {"global_perc": 0.0002367812323552447, "local_perc": 0.0962962962962963}, "Maharashtra": {"global_perc": 0.00020611473720371008, "local_perc": 0.06666666666666667}, "Meghalaya": {"global_perc": 0.0004386606228980845, "local_perc": 0.022222222222222223}, "NAGALAND": {"global_perc": 0.0007002801120448179, "local_perc": 0.007407407407407408}, "RAJASTHAN": {"global_perc": 0.00047009312320916904, "local_perc": 0.15555555555555556}, "Tamil Nadu": {"global_perc": 0.0005632392515176168, "local_perc": 0.06666666666666667}, "UTTAR PRADESH": {"global_perc": 0.00021540824545301292, "local_perc": 0.17037037037037037}, "UTTARAKHAND": {"global_perc": 5.954862144941345e-05, "local_perc": 0.007407407407407408}, "West Bengal": {"global_perc": 4.972897707494157e-05, "local_perc": 0.014814814814814815}}, "partition_field": "Stat_Nam", "Vil_Nam": "Ambalappuzha", "Stat_Nam": "KERALA"}, {"data": [["Priv_Mid_School_Num", 2.0], ["Priv_Prim_School_Num", 3.0], 0.6666666666666666], "data_low": {"Stat_Nam": "ANDHRA PRADESH", "Vil_Nam": "Amangal", "Priv_Prim_School_Num": "15", "Priv_Mid_School_Num": "11", "id": 553793}, "data_high": {"Stat_Nam": "ANDHRA PRADESH", "Vil_Nam": "Tupran", "Priv_Prim_School_Num": "13", "Priv_Mid_School_Num": "9", "id": 552186}, "perc": 0.14500782849572444, "metric": 99.85499250442082, "value_global_local": {"ANDHRA PRADESH": {"global_perc": 0.0033453237410071943, "local_perc": 0.10299003322259136}, "ASSAM": {"global_perc": 0.0006819473385110816, "local_perc": 0.019933554817275746}, "BIHAR": {"global_perc": 0.0003119846681820208, "local_perc": 0.015503875968992248}, "CHHATTISGARH": {"global_perc": 0.0008446785252906688, "local_perc": 0.018826135105204873}, "HARYANA": {"global_perc": 0.003654436485893875, "local_perc": 0.02768549280177187}, "JAMMU & KASHMIR": {"global_perc": 0.0022890279261406988, "local_perc": 0.016611295681063124}, "JHARKHAND": {"global_perc": 0.00027782922763474715, "local_perc": 0.009966777408637873}, "KARNATAKA": {"global_perc": 0.001738241308793456, "local_perc": 0.05647840531561462}, "KERALA": {"global_perc": 0.07269155206286837, "local_perc": 0.08194905869324474}, "MADHYA PRADESH": {"global_perc": 0.0022767426188004297, "local_perc": 0.13842746400885936}, "MANIPUR": {"global_perc": 0.0015497869043006587, "local_perc": 0.004429678848283499}, "MIZORAM": {"global_perc": 0.004819277108433735, "local_perc": 0.004429678848283499}, "Maharashtra": {"global_perc": 0.0011450818733539448, "local_perc": 0.05537098560354374}, "Meghalaya": {"global_perc": 0.0038017253984500656, "local_perc": 0.028792912513842746}, "NAGALAND": {"global_perc": 0.0056022408963585435, "local_perc": 0.008859357696566999}, "ODISHA": {"global_perc": 5.846471654356596e-05, "local_perc": 0.0033222591362126247}, "PUDUCHERRY": {"global_perc": 0.08888888888888889, "local_perc": 0.008859357696566999}, "Punjab": {"global_perc": 0.0013512439392735077, "local_perc": 0.018826135105204873}, "RAJASTHAN": {"global_perc": 0.0031787249283667623, "local_perc": 0.15725359911406422}, "SIKKIM": {"global_perc": 0.004434589800443459, "local_perc": 0.0022148394241417496}, "Tamil Nadu": {"global_perc": 0.0027536141185305714, "local_perc": 0.048726467331118496}, "UTTAR PRADESH": {"global_perc": 0.0013580085039429075, "local_perc": 0.16057585825027684}, "UTTARAKHAND": {"global_perc": 0.0003572917286964807, "local_perc": 0.006644518272425249}, "West Bengal": {"global_perc": 7.459346561241235e-05, "local_perc": 0.0033222591362126247}}, "partition_field": "Stat_Nam", "Vil_Nam": "Dara Dullian", "Stat_Nam": "JAMMU & KASHMIR"}, {"data": [["Priv_Mid_School_Num", 7.0], ["Priv_Prim_School_Num", 9.0], 0.7777777777777778], "data_low": {"Stat_Nam": "JAMMU & KASHMIR", "Vil_Nam": "Rakh Dhok (Jourian)", "Priv_Prim_School_Num": "5", "Priv_Mid_School_Num": "4", "id": 5477}, "data_high": {"Stat_Nam": "MADHYA PRADESH", "Vil_Nam": "Gunaur", "Priv_Prim_School_Num": "11", "Priv_Mid_School_Num": "9", "id": 456497}, "perc": 0.022321249347625357, "metric": 99.97767897286943, "value_global_local": {"ANDHRA PRADESH": {"global_perc": 0.0007913669064748202, "local_perc": 0.15827338129496402}, "BIHAR": {"global_perc": 2.2284619155858625e-05, "local_perc": 0.007194244604316547}, "CHHATTISGARH": {"global_perc": 9.937394415184339e-05, "local_perc": 0.014388489208633094}, "HARYANA": {"global_perc": 0.000730887297178775, "local_perc": 0.03597122302158273}, "JAMMU & KASHMIR": {"global_perc": 0.00015260186174271325, "local_perc": 0.007194244604316547}, "JHARKHAND": {"global_perc": 6.173982836327716e-05, "local_perc": 0.014388489208633094}, "KARNATAKA": {"global_perc": 0.00027266530334015, "local_perc": 0.05755395683453238}, "KERALA": {"global_perc": 0.01669941060903733, "local_perc": 0.1223021582733813}, "MADHYA PRADESH": {"global_perc": 0.0004371345828096825, "local_perc": 0.17266187050359713}, "MANIPUR": {"global_perc": 0.001162340178225494, "local_perc": 0.02158273381294964}, "Maharashtra": {"global_perc": 6.870491240123669e-05, "local_perc": 0.02158273381294964}, "Meghalaya": {"global_perc": 0.00014622020763269483, "local_perc": 0.007194244604316547}, "NAGALAND": {"global_perc": 0.0007002801120448179, "local_perc": 0.007194244604316547}, "RAJASTHAN": {"global_perc": 0.0006044054441260745, "local_perc": 0.19424460431654678}, "Tamil Nadu": {"global_perc": 0.00012516427811502597, "local_perc": 0.014388489208633094}, "UTTAR PRADESH": {"global_perc": 0.0001779459418959672, "local_perc": 0.1366906474820144}, "UTTARAKHAND": {"global_perc": 5.954862144941345e-05, "local_perc": 0.007194244604316547}}, "partition_field": "Stat_Nam", "Vil_Nam": "Baswa", "Stat_Nam": "RAJASTHAN"}, {"data": [["Priv_Mid_School_Num", 8.0], ["Priv_Prim_School_Num", 9.0], 0.8888888888888888], "data_low": {"Stat_Nam": "KERALA", "Vil_Nam": "Kalkoonthal", "Priv_Prim_School_Num": "12", "Priv_Mid_School_Num": "11", "id": 605729}, "data_high": {"Stat_Nam": "KERALA", "Vil_Nam": "Chirakkadavu", "Priv_Prim_School_Num": "10", "Priv_Mid_School_Num": "9", "id": 605842}, "perc": 0.0011240916937653056, "metric": 99.99887601943831, "value_global_local": {}, "partition_field": null, "Vil_Nam": "Buhana", "Stat_Nam": "RAJASTHAN"}, {"data": [["Priv_Mid_School_Num", 1.0], ["Priv_Prim_School_Num", 1.0], 1.0], "data_low": {"Stat_Nam": "JAMMU & KASHMIR", "Vil_Nam": "Dever Inder Bug", "Priv_Prim_School_Num": "1", "Priv_Mid_School_Num": "1", "id": 31}, "data_high": {"Stat_Nam": "RAJASTHAN", "Vil_Nam": "Kasba Bansur", "Priv_Prim_School_Num": "9", "Priv_Mid_School_Num": "9", "id": 72442}, "perc": 6.123890963105705, "metric": 93.87610903689429, "value_global_local": {"": {"global_perc": 0.12399126029873651, "local_perc": 1.0}}, "partition_field": "Near_Vil_Tow_Nam_hav_Mid_School", "Vil_Nam": "Dever Inder Bug", "Stat_Nam": "JAMMU & KASHMIR"}, {"data": [["Priv_Mid_School_Num", 9.0], ["Priv_Prim_School_Num", 8.0], 1.125], "data_low": {"Stat_Nam": "UTTAR PRADESH", "Vil_Nam": "Chhewka", "Priv_Prim_School_Num": "5", "Priv_Mid_School_Num": "6", "id": 155939}, "data_high": {"Stat_Nam": "UTTAR PRADESH", "Vil_Nam": "Barauna Kalan", "Priv_Prim_School_Num": "8", "Priv_Mid_School_Num": "9", "id": 147315}, "perc": 0.0024087679152113694, "metric": 99.9975911070628, "value_global_local": {}, "partition_field": null, "Vil_Nam": "Barauna Kalan", "Stat_Nam": "UTTAR PRADESH"}, {"data": [["Priv_Mid_School_Num", 5.0], ["Priv_Prim_School_Num", 4.0], 1.25], "data_low": {"Stat_Nam": "Punjab", "Vil_Nam": "Kahnuwan (606)", "Priv_Prim_School_Num": "3", "Priv_Mid_School_Num": "4", "id": 28232}, "data_high": {"Stat_Nam": "UTTARAKHAND", "Vil_Nam": "Raisi", "Priv_Prim_School_Num": "4", "Priv_Mid_School_Num": "5", "id": 56532}, "perc": 0.010277409771568508, "metric": 99.98972234020412, "value_global_local": {"ANDHRA PRADESH": {"global_perc": 0.00014388489208633093, "local_perc": 0.0625}, "BIHAR": {"global_perc": 0.00013370771493515177, "local_perc": 0.09375}, "CHHATTISGARH": {"global_perc": 9.937394415184339e-05, "local_perc": 0.03125}, "KARNATAKA": {"global_perc": 0.00017041581458759374, "local_perc": 0.078125}, "KERALA": {"global_perc": 0.007858546168958742, "local_perc": 0.125}, "MADHYA PRADESH": {"global_perc": 0.00010928364570242063, "local_perc": 0.09375}, "MANIPUR": {"global_perc": 0.0007748934521503294, "local_perc": 0.03125}, "Maharashtra": {"global_perc": 9.160654986831558e-05, "local_perc": 0.0625}, "Punjab": {"global_perc": 0.00015896987520864795, "local_perc": 0.03125}, "UTTAR PRADESH": {"global_perc": 0.00021540824545301292, "local_perc": 0.359375}, "UTTARAKHAND": {"global_perc": 0.0001190972428988269, "local_perc": 0.03125}}, "partition_field": "Stat_Nam", "Vil_Nam": "Raisi", "Stat_Nam": "UTTARAKHAND"}, {"data": [["Priv_Mid_School_Num", 7.0], ["Priv_Prim_School_Num", 5.0], 1.4], "data_low": {"Stat_Nam": "ANDHRA PRADESH", "Vil_Nam": "Huzurabad", "Priv_Prim_School_Num": "16", "Priv_Mid_School_Num": "23", "id": 551253}, "data_high": {"Stat_Nam": "ANDHRA PRADESH", "Vil_Nam": "Komarolu", "Priv_Prim_School_Num": "6", "Priv_Mid_School_Num": "9", "id": 569567}, "perc": 0.026978200650367334, "metric": 99.97302139937756, "value_global_local": {"ANDHRA PRADESH": {"global_perc": 0.00046762589928057557, "local_perc": 0.07738095238095238}, "ASSAM": {"global_perc": 0.00011365788975184695, "local_perc": 0.017857142857142856}, "BIHAR": {"global_perc": 0.00020056157240272763, "local_perc": 0.05357142857142857}, "GOA": {"global_perc": 0.0029940119760479044, "local_perc": 0.005952380952380952}, "HARYANA": {"global_perc": 0.00029235491887151, "local_perc": 0.011904761904761904}, "HIMACHAL PRADESH": {"global_perc": 0.00014499758337361044, "local_perc": 0.017857142857142856}, "JAMMU & KASHMIR": {"global_perc": 0.000610407446970853, "local_perc": 0.023809523809523808}, "JHARKHAND": {"global_perc": 6.173982836327716e-05, "local_perc": 0.011904761904761904}, "KARNATAKA": {"global_perc": 0.0005794137695978187, "local_perc": 0.10119047619047619}, "KERALA": {"global_perc": 0.007858546168958742, "local_perc": 0.047619047619047616}, "MADHYA PRADESH": {"global_perc": 0.00020035335045443783, "local_perc": 0.06547619047619048}, "MANIPUR": {"global_perc": 0.0007748934521503294, "local_perc": 0.011904761904761904}, "MIZORAM": {"global_perc": 0.0012048192771084338, "local_perc": 0.005952380952380952}, "Maharashtra": {"global_perc": 0.00025191801213786787, "local_perc": 0.06547619047619048}, "Meghalaya": {"global_perc": 0.0005848808305307793, "local_perc": 0.023809523809523808}, "ODISHA": {"global_perc": 1.948823884785532e-05, "local_perc": 0.005952380952380952}, "Punjab": {"global_perc": 0.0005563945632302679, "local_perc": 0.041666666666666664}, "Tamil Nadu": {"global_perc": 0.0005632392515176168, "local_perc": 0.05357142857142857}, "UTTAR PRADESH": {"global_perc": 0.0005619345533556859, "local_perc": 0.35714285714285715}}, "partition_field": "Stat_Nam", "Vil_Nam": "Kochas", "Stat_Nam": "BIHAR"}, {"data": [["Priv_Mid_School_Num", 5.0], ["Priv_Prim_School_Num", 3.0], 1.6666666666666667], "data_low": {"Stat_Nam": "ANDHRA PRADESH", "Vil_Nam": "Mylavaram", "Priv_Prim_School_Num": "6", "Priv_Mid_School_Num": "10", "id": 567314}, "data_high": {"Stat_Nam": "MADHYA PRADESH", "Vil_Nam": "Umri", "Priv_Prim_School_Num": "4", "Priv_Mid_School_Num": "7", "id": 450583}, "perc": 0.0019270143321690955, "metric": 99.99807231888066, "value_global_local": {}, "partition_field": null, "Vil_Nam": "Budhlada (R) (229)", "Stat_Nam": "Punjab"}, {"data": [["Priv_Mid_School_Num", 2.0], ["Priv_Prim_School_Num", 1.0], 2.0], "data_low": {"Stat_Nam": "JAMMU & KASHMIR", "Vil_Nam": "Lal Pora", "Priv_Prim_School_Num": "1", "Priv_Mid_School_Num": "2", "id": 23}, "data_high": {"Stat_Nam": "MADHYA PRADESH", "Vil_Nam": "Mohana", "Priv_Prim_School_Num": "4", "Priv_Mid_School_Num": "8", "id": 451292}, "perc": 0.15335822393512386, "metric": 99.84664077739873, "value_global_local": {"ANDHRA PRADESH": {"global_perc": 0.0012949640287769784, "local_perc": 0.03769633507853403}, "ASSAM": {"global_perc": 0.005000947149081265, "local_perc": 0.1382198952879581}, "Arunachal Pradesh": {"global_perc": 0.0003578457684737878, "local_perc": 0.0020942408376963353}, "BIHAR": {"global_perc": 0.000958238623701921, "local_perc": 0.04502617801047121}, "CHHATTISGARH": {"global_perc": 0.00034780880453145184, "local_perc": 0.007329842931937173}, "GOA": {"global_perc": 0.017964071856287425, "local_perc": 0.0062827225130890054}, "HARYANA": {"global_perc": 0.001607952053793305, "local_perc": 0.011518324607329843}, "HIMACHAL PRADESH": {"global_perc": 0.0007733204446592557, "local_perc": 0.016753926701570682}, "JAMMU & KASHMIR": {"global_perc": 0.0036624446818251184, "local_perc": 0.025130890052356022}, "JHARKHAND": {"global_perc": 0.0007408779403593258, "local_perc": 0.025130890052356022}, "KARNATAKA": {"global_perc": 0.002044989775051125, "local_perc": 0.06282722513089005}, "KERALA": {"global_perc": 0.0206286836935167, "local_perc": 0.02198952879581152}, "MADHYA PRADESH": {"global_perc": 0.0011656922208258202, "local_perc": 0.06701570680628273}, "MANIPUR": {"global_perc": 0.006199147617202635, "local_perc": 0.016753926701570682}, "MIZORAM": {"global_perc": 0.0024096385542168677, "local_perc": 0.0020942408376963353}, "Maharashtra": {"global_perc": 0.0007786556738806824, "local_perc": 0.0356020942408377}, "Meghalaya": {"global_perc": 0.0023395233221231173, "local_perc": 0.016753926701570682}, "ODISHA": {"global_perc": 0.0007405530762185021, "local_perc": 0.039790575916230364}, "Punjab": {"global_perc": 0.0027819728161513394, "local_perc": 0.03664921465968586}, "Tamil Nadu": {"global_perc": 0.0017522998936103636, "local_perc": 0.02931937172774869}, "UTTAR PRADESH": {"global_perc": 0.0030344465881207037, "local_perc": 0.3392670157068063}, "UTTARAKHAND": {"global_perc": 0.0004763889715953076, "local_perc": 0.008376963350785341}, "West Bengal": {"global_perc": 0.00019891590829976627, "local_perc": 0.008376963350785341}}, "partition_field": "Stat_Nam", "Vil_Nam": "Lal Pora", "Stat_Nam": "JAMMU & KASHMIR"}, {"data": [["Priv_Mid_School_Num", 7.0], ["Priv_Prim_School_Num", 3.0], 2.3333333333333335], "data_low": {"Stat_Nam": "Punjab", "Vil_Nam": "Boha (137)", "Priv_Prim_School_Num": "3", "Priv_Mid_School_Num": "7", "id": 35815}, "data_high": {"Stat_Nam": "Punjab", "Vil_Nam": "Boha (137)", "Priv_Prim_School_Num": "3", "Priv_Mid_School_Num": "7", "id": 35815}, "perc": 0.0003211690553615159, "metric": 99.99967749734888, "value_global_local": {}, "partition_field": null, "Vil_Nam": "Boha (137)", "Stat_Nam": "Punjab"}, {"data": [["Priv_Mid_School_Num", 5.0], ["Priv_Prim_School_Num", 2.0], 2.5], "data_low": {"Stat_Nam": "KERALA", "Vil_Nam": "Palamel", "Priv_Prim_School_Num": "4", "Priv_Mid_School_Num": "10", "id": 605897}, "data_high": {"Stat_Nam": "JAMMU & KASHMIR", "Vil_Nam": "Chohala", "Priv_Prim_School_Num": "2", "Priv_Mid_School_Num": "5", "id": 5955}, "perc": 0.0036934441366574334, "metric": 99.99630505561872, "value_global_local": {"JAMMU & KASHMIR": {"global_perc": 0.00015260186174271325, "local_perc": 0.043478260869565216}, "KARNATAKA": {"global_perc": 3.408316291751875e-05, "local_perc": 0.043478260869565216}, "KERALA": {"global_perc": 0.0009823182711198428, "local_perc": 0.043478260869565216}, "MADHYA PRADESH": {"global_perc": 3.642788190080688e-05, "local_perc": 0.08695652173913043}, "Punjab": {"global_perc": 0.0003179397504172959, "local_perc": 0.17391304347826086}, "UTTAR PRADESH": {"global_perc": 0.00013111806244966003, "local_perc": 0.6086956521739131}}, "partition_field": "Stat_Nam", "Vil_Nam": "Chohala", "Stat_Nam": "JAMMU & KASHMIR"}, {"data": [["Priv_Mid_School_Num", 8.0], ["Priv_Prim_School_Num", 3.0], 2.6666666666666665], "data_low": {"Stat_Nam": "UTTAR PRADESH", "Vil_Nam": "Ait", "Priv_Prim_School_Num": "3", "Priv_Mid_School_Num": "8", "id": 150924}, "data_high": {"Stat_Nam": "UTTAR PRADESH", "Vil_Nam": "Ait", "Priv_Prim_School_Num": "3", "Priv_Mid_School_Num": "8", "id": 150924}, "perc": 0.00016058452768075794, "metric": 99.99983774847495, "value_global_local": {}, "partition_field": null, "Vil_Nam": "Ait", "Stat_Nam": "UTTAR PRADESH"}, {"data": [["Priv_Mid_School_Num", 6.0], ["Priv_Prim_School_Num", 2.0], 3.0], "data_low": {"Stat_Nam": "JAMMU & KASHMIR", "Vil_Nam": "Siri Wara Pora", "Priv_Prim_School_Num": "1", "Priv_Mid_School_Num": "3", "id": 2351}, "data_high": {"Stat_Nam": "KARNATAKA", "Vil_Nam": "Raibag (Rural)", "Priv_Prim_School_Num": "3", "Priv_Mid_School_Num": "9", "id": 575634}, "perc": 0.02280300293066763, "metric": 99.97719499712542, "value_global_local": {"ANDHRA PRADESH": {"global_perc": 0.00017985611510791367, "local_perc": 0.035211267605633804}, "ASSAM": {"global_perc": 0.0005682894487592347, "local_perc": 0.1056338028169014}, "Arunachal Pradesh": {"global_perc": 0.0001789228842368939, "local_perc": 0.007042253521126761}, "BIHAR": {"global_perc": 0.000356553906493738, "local_perc": 0.11267605633802817}, "GOA": {"global_perc": 0.008982035928143712, "local_perc": 0.02112676056338028}, "HIMACHAL PRADESH": {"global_perc": 4.833252779120348e-05, "local_perc": 0.007042253521126761}, "JAMMU & KASHMIR": {"global_perc": 0.000610407446970853, "local_perc": 0.028169014084507043}, "JHARKHAND": {"global_perc": 0.0001234796567265543, "local_perc": 0.028169014084507043}, "KARNATAKA": {"global_perc": 0.000136332651670075, "local_perc": 0.028169014084507043}, "KERALA": {"global_perc": 0.004911591355599214, "local_perc": 0.035211267605633804}, "MADHYA PRADESH": {"global_perc": 0.00014571152760322752, "local_perc": 0.056338028169014086}, "MANIPUR": {"global_perc": 0.0003874467260751647, "local_perc": 0.007042253521126761}, "Maharashtra": {"global_perc": 4.580327493415779e-05, "local_perc": 0.014084507042253521}, "Meghalaya": {"global_perc": 0.00014622020763269483, "local_perc": 0.007042253521126761}, "Punjab": {"global_perc": 0.0007948493760432398, "local_perc": 0.07042253521126761}, "UTTAR PRADESH": {"global_perc": 0.0005619345533556859, "local_perc": 0.4225352112676056}, "UTTARAKHAND": {"global_perc": 0.0001190972428988269, "local_perc": 0.014084507042253521}}, "partition_field": "Stat_Nam", "Vil_Nam": "Charri Sharif", "Stat_Nam": "JAMMU & KASHMIR"}, {"data": [["Priv_Mid_School_Num", 7.0], ["Priv_Prim_School_Num", 2.0], 3.5], "data_low": {"Stat_Nam": "Punjab", "Vil_Nam": "Mamdot Uttar (305)", "Priv_Prim_School_Num": "2", "Priv_Mid_School_Num": "7", "id": 34540}, "data_high": {"Stat_Nam": "Punjab", "Vil_Nam": "Mamdot Uttar (305)", "Priv_Prim_School_Num": "2", "Priv_Mid_School_Num": "7", "id": 34540}, "perc": 0.0006423381107230318, "metric": 99.99935516140526, "value_global_local": {}, "partition_field": null, "Vil_Nam": "Mamdot Uttar (305)", "Stat_Nam": "Punjab"}, {"data": [["Priv_Mid_School_Num", 4.0], ["Priv_Prim_School_Num", 1.0], 4.0], "data_low": {"Stat_Nam": "JAMMU & KASHMIR", "Vil_Nam": "Jabli Pora", "Priv_Prim_School_Num": "1", "Priv_Mid_School_Num": "4", "id": 3585}, "data_high": {"Stat_Nam": "Punjab", "Vil_Nam": "Bilga (102)", "Priv_Prim_School_Num": "2", "Priv_Mid_School_Num": "8", "id": 29885}, "perc": 0.00947448713316472, "metric": 99.99052251255104, "value_global_local": {"ANDHRA PRADESH": {"global_perc": 0.0001079136690647482, "local_perc": 0.05084745762711865}, "BIHAR": {"global_perc": 8.91384766234345e-05, "local_perc": 0.06779661016949153}, "HIMACHAL PRADESH": {"global_perc": 0.00014499758337361044, "local_perc": 0.05084745762711865}, "JAMMU & KASHMIR": {"global_perc": 0.0003052037234854265, "local_perc": 0.03389830508474576}, "JHARKHAND": {"global_perc": 3.086991418163858e-05, "local_perc": 0.01694915254237288}, "KARNATAKA": {"global_perc": 0.000136332651670075, "local_perc": 0.06779661016949153}, "MADHYA PRADESH": {"global_perc": 3.642788190080688e-05, "local_perc": 0.03389830508474576}, "MANIPUR": {"global_perc": 0.0003874467260751647, "local_perc": 0.01694915254237288}, "Punjab": {"global_perc": 0.0012717590016691836, "local_perc": 0.2711864406779661}, "UTTAR PRADESH": {"global_perc": 0.00021540824545301292, "local_perc": 0.3898305084745763}}, "partition_field": "Stat_Nam", "Vil_Nam": "Jabli Pora", "Stat_Nam": "JAMMU & KASHMIR"}, {"data": [["Priv_Mid_School_Num", 5.0], ["Priv_Prim_School_Num", 1.0], 5.0], "data_low": {"Stat_Nam": "UTTAR PRADESH", "Vil_Nam": "Baberu Dehat", "Priv_Prim_School_Num": "2", "Priv_Mid_School_Num": "10", "id": 154224}, "data_high": {"Stat_Nam": "HIMACHAL PRADESH", "Vil_Nam": "Ner (222)", "Priv_Prim_School_Num": "1", "Priv_Mid_School_Num": "5", "id": 14539}, "perc": 0.0028905214982536433, "metric": 99.99710547781726, "value_global_local": {}, "partition_field": null, "Vil_Nam": "Ner (222)", "Stat_Nam": "HIMACHAL PRADESH"}, {"data": [["Priv_Mid_School_Num", 6.0], ["Priv_Prim_School_Num", 1.0], 6.0], "data_low": {"Stat_Nam": "Punjab", "Vil_Nam": "Dorangla (175)", "Priv_Prim_School_Num": "1", "Priv_Mid_School_Num": "6", "id": 27796}, "data_high": {"Stat_Nam": "Punjab", "Vil_Nam": "Dorangla (175)", "Priv_Prim_School_Num": "1", "Priv_Mid_School_Num": "6", "id": 27796}, "perc": 0.0009635071660845478, "metric": 99.99903149188195, "value_global_local": {}, "partition_field": null, "Vil_Nam": "Dorangla (175)", "Stat_Nam": "Punjab"}, {"data": [["Priv_Mid_School_Num", 7.0], ["Priv_Prim_School_Num", 1.0], 7.0], "data_low": {"Stat_Nam": "JAMMU & KASHMIR", "Vil_Nam": "Samote", "Priv_Prim_School_Num": "1", "Priv_Mid_School_Num": "7", "id": 1230}, "data_high": {"Stat_Nam": "JAMMU & KASHMIR", "Vil_Nam": "Samote", "Priv_Prim_School_Num": "1", "Priv_Mid_School_Num": "7", "id": 1230}, "perc": 0.00016058452768075794, "metric": 99.99983341428178, "value_global_local": {}, "partition_field": null, "Vil_Nam": "Samote", "Stat_Nam": "JAMMU & KASHMIR"}, {"data": [["Priv_Mid_School_Num", 8.0], ["Priv_Prim_School_Num", 1.0], 8.0], "data_low": {"Stat_Nam": "UTTAR PRADESH", "Vil_Nam": "Bhatoli Bidhuna", "Priv_Prim_School_Num": "1", "Priv_Mid_School_Num": "8", "id": 147360}, "data_high": {"Stat_Nam": "UTTAR PRADESH", "Vil_Nam": "Bhatoli Bidhuna", "Priv_Prim_School_Num": "1", "Priv_Mid_School_Num": "8", "id": 147360}, "perc": 0.00016058452768075794, "metric": 99.99983241408336, "value_global_local": {}, "partition_field": null, "Vil_Nam": "Bhatoli Bidhuna", "Stat_Nam": "UTTAR PRADESH"}, {"data": [["Priv_Mid_School_Num", 9.0], ["Priv_Prim_School_Num", 1.0], 9.0], "data_low": {"Stat_Nam": "UTTAR PRADESH", "Vil_Nam": "Jalalabad", "Priv_Prim_School_Num": "1", "Priv_Mid_School_Num": "9", "id": 202582}, "data_high": {"Stat_Nam": "UTTAR PRADESH", "Vil_Nam": "Jalalabad", "Priv_Prim_School_Num": "1", "Priv_Mid_School_Num": "9", "id": 202582}, "perc": 0.00016058452768075794, "metric": 99.99983141388493, "value_global_local": {}, "partition_field": null, "Vil_Nam": "Jalalabad", "Stat_Nam": "UTTAR PRADESH"}, {"data": [["Priv_Mid_School_Num", 12.0], ["Priv_Prim_School_Num", 1.0], 12.0], "data_low": {"Stat_Nam": "ANDHRA PRADESH", "Vil_Nam": "Chowdur", "Priv_Prim_School_Num": "1", "Priv_Mid_School_Num": "12", "id": 571457}, "data_high": {"Stat_Nam": "ANDHRA PRADESH", "Vil_Nam": "Chowdur", "Priv_Prim_School_Num": "1", "Priv_Mid_School_Num": "12", "id": 571457}, "perc": 0.00016058452768075794, "metric": 99.99982841328966, "value_global_local": {}, "partition_field": null, "Vil_Nam": "Chowdur", "Stat_Nam": "ANDHRA PRADESH"}, {"data": [["Priv_Mid_School_Num", 1.0], ["Priv_Prim_School_Num", 0.0], 9999], "data_low": {"Stat_Nam": "JAMMU & KASHMIR", "Vil_Nam": "Chandi Gam", "Priv_Prim_School_Num": "0", "Priv_Mid_School_Num": "1", "id": 34}, "data_high": {"Stat_Nam": "UTTAR PRADESH", "Vil_Nam": "Dandi", "Priv_Prim_School_Num": "0", "Priv_Mid_School_Num": "8", "id": 161347}, "perc": 1.5319763940744309, "metric": 98.45817680366346, "value_global_local": {"ANDHRA PRADESH": {"global_perc": 0.012014388489208633, "local_perc": 0.0350104821802935}, "ASSAM": {"global_perc": 0.002576245501041864, "local_perc": 0.007127882599580713}, "Arunachal Pradesh": {"global_perc": 0.004473072105922347, "local_perc": 0.002620545073375262}, "BIHAR": {"global_perc": 0.019922449525337612, "local_perc": 0.09371069182389936}, "CHHATTISGARH": {"global_perc": 0.0076021067276160195, "local_perc": 0.016037735849056604}, "GOA": {"global_perc": 0.08083832335329341, "local_perc": 0.002830188679245283}, "HARYANA": {"global_perc": 0.007162695512351995, "local_perc": 0.005136268343815514}, "HIMACHAL PRADESH": {"global_perc": 0.014934751087481875, "local_perc": 0.03238993710691824}, "JAMMU & KASHMIR": {"global_perc": 0.05661529070654662, "local_perc": 0.03888888888888889}, "JHARKHAND": {"global_perc": 0.0002469593134531086, "local_perc": 0.0008385744234800838}, "KARNATAKA": {"global_perc": 0.01223585548738923, "local_perc": 0.037631027253668764}, "KERALA": {"global_perc": 0.01768172888015717, "local_perc": 0.0018867924528301887}, "MADHYA PRADESH": {"global_perc": 0.009380179589457771, "local_perc": 0.053983228511530396}, "MANIPUR": {"global_perc": 0.02092212320805889, "local_perc": 0.005660377358490566}, "MIZORAM": {"global_perc": 0.03132530120481928, "local_perc": 0.0027253668763102725}, "Maharashtra": {"global_perc": 0.03206229245391046, "local_perc": 0.14675052410901468}, "Meghalaya": {"global_perc": 0.03567773066237754, "local_perc": 0.025576519916142557}, "NAGALAND": {"global_perc": 0.024509803921568627, "local_perc": 0.003668763102725367}, "NCT OF DELHI": {"global_perc": 0.05357142857142857, "local_perc": 0.0006289308176100629}, "ODISHA": {"global_perc": 0.005612612788182332, "local_perc": 0.03018867924528302}, "Punjab": {"global_perc": 0.01780462602336857, "local_perc": 0.02348008385744235}, "TRIPURA": {"global_perc": 0.005714285714285714, "local_perc": 0.0005241090146750524}, "Tamil Nadu": {"global_perc": 0.013705488453595344, "local_perc": 0.022955974842767294}, "UTTAR PRADESH": {"global_perc": 0.03170247438514994, "local_perc": 0.3548218029350105}, "UTTARAKHAND": {"global_perc": 0.015125349848151014, "local_perc": 0.026624737945492662}, "West Bengal": {"global_perc": 0.006713411905117111, "local_perc": 0.02830188679245283}}, "partition_field": "Stat_Nam", "Vil_Nam": "Chandi Gam", "Stat_Nam": "JAMMU & KASHMIR"}, {"data": [["Priv_Mid_School_Num", 0.0], ["Priv_Prim_School_Num", 0.0], 99980001], "data_low": {"Stat_Nam": "JAMMU & KASHMIR", "Vil_Nam": "Bugna", "Priv_Prim_School_Num": "", "Priv_Mid_School_Num": "", "id": 2}, "data_high": {"Stat_Nam": "JAMMU & KASHMIR", "Vil_Nam": "Bore", "Priv_Prim_School_Num": "0", "Priv_Mid_School_Num": "0", "id": 0}, "perc": 84.98197438676783, "metric": 8.499897333144439e-07, "value_global_local": {"null": {"global_perc": 0.8498197438676783, "local_perc": 1.0}}, "partition_field": "Dist_Other", "Vil_Nam": "Bore", "Stat_Nam": "JAMMU & KASHMIR"}]