[{"data": [["Dis_Doc_Tot_Stren_Num", 0.0], ["Dis_Num", 1.0], 0.0], "data_low": {"Stat_Nam": "JAMMU & KASHMIR", "Vil_Nam": "Staktse", "Dis_Num": "2", "Dis_Doc_Tot_Stren_Num": "", "id": 1010}, "data_high": {"Stat_Nam": "West Bengal", "Vil_Nam": "Lalgola", "Dis_Num": "11", "Dis_Doc_Tot_Stren_Num": "1", "id": 312803}, "perc": 0.6699586494841222, "metric": 99.330042344015, "value_global_local": {"ANDAMAN & NICOBAR ISLANDS": {"global_perc": 0.025225225225225224, "local_perc": 0.003355704697986577}, "ASSAM": {"global_perc": 0.0003409736692555408, "local_perc": 0.0021572387344199425}, "BIHAR": {"global_perc": 0.0003119846681820208, "local_perc": 0.003355704697986577}, "HARYANA": {"global_perc": 0.001023242216050285, "local_perc": 0.0016778523489932886}, "HIMACHAL PRADESH": {"global_perc": 0.014209763170613824, "local_perc": 0.07046979865771812}, "JAMMU & KASHMIR": {"global_perc": 0.04471234549061499, "local_perc": 0.0702301054650048}, "JHARKHAND": {"global_perc": 3.086991418163858e-05, "local_perc": 0.00023969319271332693}, "KARNATAKA": {"global_perc": 0.0010224948875255625, "local_perc": 0.007190795781399808}, "LAKSHADWEEP": {"global_perc": 0.09523809523809523, "local_perc": 0.00047938638542665386}, "MADHYA PRADESH": {"global_perc": 0.006393093273591607, "local_perc": 0.08413231064237775}, "MANIPUR": {"global_perc": 0.0007748934521503294, "local_perc": 0.00047938638542665386}, "MIZORAM": {"global_perc": 0.06987951807228916, "local_perc": 0.013902205177372963}, "NAGALAND": {"global_perc": 0.06862745098039216, "local_perc": 0.02348993288590604}, "ODISHA": {"global_perc": 0.02245045115272933, "local_perc": 0.27612655800575264}, "SIKKIM": {"global_perc": 0.3148558758314856, "local_perc": 0.034036433365292426}, "TRIPURA": {"global_perc": 0.017142857142857144, "local_perc": 0.003595397890699904}, "UTTAR PRADESH": {"global_perc": 0.0011800625620469402, "local_perc": 0.030201342281879196}, "West Bengal": {"global_perc": 0.03888806007260431, "local_perc": 0.37488015340364333}}, "partition_field": "Stat_Nam", "Vil_Nam": "Durbok", "Stat_Nam": "JAMMU & KASHMIR"}, {"data": [["Dis_Doc_Tot_Stren_Num", 1.0], ["Dis_Num", 8.0], 0.125], "data_low": {"Stat_Nam": "JHARKHAND", "Vil_Nam": "Bhawanathpur", "Dis_Num": "8", "Dis_Doc_Tot_Stren_Num": "1", "id": 345133}, "data_high": {"Stat_Nam": "JHARKHAND", "Vil_Nam": "Bhawanathpur", "Dis_Num": "8", "Dis_Doc_Tot_Stren_Num": "1", "id": 345133}, "perc": 0.0014452607491268216, "metric": 99.99855561441325, "value_global_local": {}, "partition_field": null, "Vil_Nam": "Bhawanathpur", "Stat_Nam": "JHARKHAND"}, {"data": [["Dis_Doc_Tot_Stren_Num", 1.0], ["Dis_Num", 4.0], 0.25], "data_low": {"Stat_Nam": "JAMMU & KASHMIR", "Vil_Nam": "Bermean", "Dis_Num": "4", "Dis_Doc_Tot_Stren_Num": "1", "id": 4941}, "data_high": {"Stat_Nam": "JHARKHAND", "Vil_Nam": "Nagaruntari", "Dis_Num": "15", "Dis_Doc_Tot_Stren_Num": "4", "id": 345439}, "perc": 0.0057810429965072865, "metric": 99.99421970711016, "value_global_local": {"ASSAM": {"global_perc": 3.7885963250615644e-05, "local_perc": 0.027777777777777776}, "JAMMU & KASHMIR": {"global_perc": 0.000610407446970853, "local_perc": 0.1111111111111111}, "JHARKHAND": {"global_perc": 0.0005247885410878558, "local_perc": 0.4722222222222222}, "KERALA": {"global_perc": 0.0019646365422396855, "local_perc": 0.05555555555555555}, "Punjab": {"global_perc": 0.00023845481281297194, "local_perc": 0.08333333333333333}, "UTTAR PRADESH": {"global_perc": 9.365575889261431e-06, "local_perc": 0.027777777777777776}, "West Bengal": {"global_perc": 0.00019891590829976627, "local_perc": 0.2222222222222222}}, "partition_field": "Stat_Nam", "Vil_Nam": "Bermean", "Stat_Nam": "JAMMU & KASHMIR"}, {"data": [["Dis_Doc_Tot_Stren_Num", 2.0], ["Dis_Num", 5.0], 0.4], "data_low": {"Stat_Nam": "JAMMU & KASHMIR", "Vil_Nam": "Achha Bal", "Dis_Num": "2", "Dis_Doc_Tot_Stren_Num": "1", "id": 2282}, "data_high": {"Stat_Nam": "JHARKHAND", "Vil_Nam": "Markacho", "Dis_Num": "10", "Dis_Doc_Tot_Stren_Num": "4", "id": 348107}, "perc": 0.019430727849371714, "metric": 99.98056987215405, "value_global_local": {"CHHATTISGARH": {"global_perc": 9.937394415184339e-05, "local_perc": 0.01652892561983471}, "HIMACHAL PRADESH": {"global_perc": 0.00014499758337361044, "local_perc": 0.024793388429752067}, "JAMMU & KASHMIR": {"global_perc": 0.000610407446970853, "local_perc": 0.03305785123966942}, "JHARKHAND": {"global_perc": 0.0016361054516268445, "local_perc": 0.4380165289256198}, "KERALA": {"global_perc": 0.012770137524557957, "local_perc": 0.10743801652892562}, "MADHYA PRADESH": {"global_perc": 7.285576380161376e-05, "local_perc": 0.03305785123966942}, "Punjab": {"global_perc": 0.0005563945632302679, "local_perc": 0.05785123966942149}, "TRIPURA": {"global_perc": 0.005714285714285714, "local_perc": 0.04132231404958678}, "UTTAR PRADESH": {"global_perc": 8.429018300335288e-05, "local_perc": 0.0743801652892562}, "UTTARAKHAND": {"global_perc": 0.0002381944857976538, "local_perc": 0.03305785123966942}, "West Bengal": {"global_perc": 0.00042269630513700336, "local_perc": 0.14049586776859505}}, "partition_field": "Stat_Nam", "Vil_Nam": "Ahruiya", "Stat_Nam": "UTTAR PRADESH"}, {"data": [["Dis_Doc_Tot_Stren_Num", 3.0], ["Dis_Num", 5.0], 0.6], "data_low": {"Stat_Nam": "West Bengal", "Vil_Nam": "Bishnuprosad", "Dis_Num": "3", "Dis_Doc_Tot_Stren_Num": "2", "id": 312282}, "data_high": {"Stat_Nam": "UTTAR PRADESH", "Vil_Nam": "Aspur Devsara", "Dis_Num": "5", "Dis_Doc_Tot_Stren_Num": "3", "id": 158626}, "perc": 0.0022481833875306113, "metric": 99.99775221668348, "value_global_local": {}, "partition_field": null, "Vil_Nam": "Aspur Devsara", "Stat_Nam": "UTTAR PRADESH"}, {"data": [["Dis_Doc_Tot_Stren_Num", 3.0], ["Dis_Num", 4.0], 0.75], "data_low": {"Stat_Nam": "UTTAR PRADESH", "Vil_Nam": "Krimcha", "Dis_Num": "4", "Dis_Doc_Tot_Stren_Num": "3", "id": 116722}, "data_high": {"Stat_Nam": "JHARKHAND", "Vil_Nam": "Duikasai", "Dis_Num": "6", "Dis_Doc_Tot_Stren_Num": "5", "id": 375159}, "perc": 0.0006423381107230318, "metric": 99.99935791193768, "value_global_local": {}, "partition_field": null, "Vil_Nam": "Krimcha", "Stat_Nam": "UTTAR PRADESH"}, {"data": [["Dis_Doc_Tot_Stren_Num", 1.0], ["Dis_Num", 1.0], 1.0], "data_low": {"Stat_Nam": "JAMMU & KASHMIR", "Vil_Nam": "Khurhama", "Dis_Num": "1", "Dis_Doc_Tot_Stren_Num": "1", "id": 15}, "data_high": {"Stat_Nam": "West Bengal", "Vil_Nam": "Chanupur", "Dis_Num": "9", "Dis_Doc_Tot_Stren_Num": "9", "id": 342290}, "perc": 2.4097314223774537, "metric": 97.59026857762255, "value_global_local": {"": {"global_perc": 0.02789328787163213, "local_perc": 0.9682127149140344}, "AAMILLAHVA": {"global_perc": 1.0, "local_perc": 6.66400106624017e-05}, "ADHARPUR": {"global_perc": 0.25, "local_perc": 6.66400106624017e-05}, "AHMEDGARH": {"global_perc": 1.0, "local_perc": 6.66400106624017e-05}, "AILEE": {"global_perc": 1.0, "local_perc": 6.66400106624017e-05}, "ALAHADADPUR": {"global_perc": 1.0, "local_perc": 6.66400106624017e-05}, "ALAKDIHA": {"global_perc": 0.5, "local_perc": 6.66400106624017e-05}, "ALAL": {"global_perc": 0.5, "local_perc": 0.0001332800213248034}, "ALAM": {"global_perc": 1.0, "local_perc": 6.66400106624017e-05}, "ALAMPUR": {"global_perc": 0.07142857142857142, "local_perc": 6.66400106624017e-05}, "ALIPUR BIHTA": {"global_perc": 1.0, "local_perc": 6.66400106624017e-05}, "AMADIH": {"global_perc": 1.0, "local_perc": 6.66400106624017e-05}, "AMBATIKA": {"global_perc": 0.5, "local_perc": 6.66400106624017e-05}, "AMBHERA DHIRAJ": {"global_perc": 0.3333333333333333, "local_perc": 6.66400106624017e-05}, "AMRAPARA": {"global_perc": 1.0, "local_perc": 6.66400106624017e-05}, "AMROH": {"global_perc": 0.1, "local_perc": 6.66400106624017e-05}, "ANDIPATTI": {"global_perc": 0.25, "local_perc": 6.66400106624017e-05}, "ANDRANA": {"global_perc": 0.5, "local_perc": 6.66400106624017e-05}, "ARALAPURA": {"global_perc": 1.0, "local_perc": 6.66400106624017e-05}, "ARWO": {"global_perc": 1.0, "local_perc": 6.66400106624017e-05}, "AYNAPAHAR": {"global_perc": 1.0, "local_perc": 6.66400106624017e-05}, "BADDI": {"global_perc": 0.5, "local_perc": 6.66400106624017e-05}, "BADEHRI": {"global_perc": 0.3333333333333333, "local_perc": 6.66400106624017e-05}, "BADHAL": {"global_perc": 0.5, "local_perc": 6.66400106624017e-05}, "BADOLI": {"global_perc": 0.09090909090909091, "local_perc": 6.66400106624017e-05}, "BAGA CHANOGI": {"global_perc": 1.0, "local_perc": 6.66400106624017e-05}, "BAGGA": {"global_perc": 1.0, "local_perc": 6.66400106624017e-05}, "BAGGI": {"global_perc": 0.16666666666666666, "local_perc": 6.66400106624017e-05}, "BAGHA": {"global_perc": 0.25, "local_perc": 6.66400106624017e-05}, "BAHADURPUR": {"global_perc": 0.023809523809523808, "local_perc": 6.66400106624017e-05}, "BAHARAGORA": {"global_perc": 0.125, "local_perc": 6.66400106624017e-05}, "BAHUARA": {"global_perc": 0.14285714285714285, "local_perc": 6.66400106624017e-05}, "BAIRGHATTA": {"global_perc": 0.5, "local_perc": 6.66400106624017e-05}, "BAIRHATTA": {"global_perc": 0.5, "local_perc": 6.66400106624017e-05}, "BAJODIH": {"global_perc": 1.0, "local_perc": 6.66400106624017e-05}, "BALAK RUPI": {"global_perc": 0.5, "local_perc": 6.66400106624017e-05}, "BALDWARA": {"global_perc": 0.14285714285714285, "local_perc": 6.66400106624017e-05}, "BALH BHURIAN": {"global_perc": 1.0, "local_perc": 6.66400106624017e-05}, "BALLA": {"global_perc": 0.1111111111111111, "local_perc": 6.66400106624017e-05}, "BALLAGAN": {"global_perc": 1.0, "local_perc": 6.66400106624017e-05}, "BALT": {"global_perc": 0.3333333333333333, "local_perc": 6.66400106624017e-05}, "BALYAH": {"global_perc": 0.25, "local_perc": 6.66400106624017e-05}, "BAMBOOFLAT": {"global_perc": 1.0, "local_perc": 6.66400106624017e-05}, "BAMMI": {"global_perc": 1.0, "local_perc": 6.66400106624017e-05}, "BANAHATTI": {"global_perc": 1.0, "local_perc": 6.66400106624017e-05}, "BANDLA": {"global_perc": 0.3333333333333333, "local_perc": 6.66400106624017e-05}, "BANE DI HATTI": {"global_perc": 0.42857142857142855, "local_perc": 0.00019992003198720512}, "BANGA": {"global_perc": 0.5, "local_perc": 6.66400106624017e-05}, "BANGANA": {"global_perc": 0.125, "local_perc": 0.0001332800213248034}, "BANI": {"global_perc": 0.0625, "local_perc": 6.66400106624017e-05}, "BAR KALAN": {"global_perc": 0.16666666666666666, "local_perc": 6.66400106624017e-05}, "BARA BHUSA": {"global_perc": 1.0, "local_perc": 6.66400106624017e-05}, "BARAG": {"global_perc": 0.07142857142857142, "local_perc": 6.66400106624017e-05}, "BARARA": {"global_perc": 0.5, "local_perc": 6.66400106624017e-05}, "BAROG LAHR": {"global_perc": 0.14285714285714285, "local_perc": 6.66400106624017e-05}, "BASARKE GILLAN": {"global_perc": 1.0, "local_perc": 6.66400106624017e-05}, "BASEDOUR": {"global_perc": 0.3333333333333333, "local_perc": 6.66400106624017e-05}, "BASINI": {"global_perc": 1.0, "local_perc": 6.66400106624017e-05}, "BASODIH": {"global_perc": 1.0, "local_perc": 6.66400106624017e-05}, "BATAHARI": {"global_perc": 0.5, "local_perc": 6.66400106624017e-05}, "BAWAL": {"global_perc": 0.5, "local_perc": 6.66400106624017e-05}, "BEAR KHURD": {"global_perc": 0.1, "local_perc": 6.66400106624017e-05}, "BEGUMSARAI": {"global_perc": 1.0, "local_perc": 6.66400106624017e-05}, "BELBARNA": {"global_perc": 0.6666666666666666, "local_perc": 0.0001332800213248034}, "BELHAN": {"global_perc": 0.3333333333333333, "local_perc": 6.66400106624017e-05}, "BHADOLI KUTHIYARA": {"global_perc": 0.5, "local_perc": 6.66400106624017e-05}, "BHADOLI KUTIYARA": {"global_perc": 1.0, "local_perc": 6.66400106624017e-05}, "BHAJNATH": {"global_perc": 1.0, "local_perc": 6.66400106624017e-05}, "BHAKERA": {"global_perc": 0.1111111111111111, "local_perc": 6.66400106624017e-05}, "BHAKHRA": {"global_perc": 1.0, "local_perc": 6.66400106624017e-05}, "BHANDRECH": {"global_perc": 0.25, "local_perc": 0.0001332800213248034}, "BHATER": {"global_perc": 1.0, "local_perc": 6.66400106624017e-05}, "BHATOLI LAMIAN": {"global_perc": 0.5, "local_perc": 6.66400106624017e-05}, "BHATWAR": {"global_perc": 0.5, "local_perc": 6.66400106624017e-05}, "BHATWARA": {"global_perc": 0.16666666666666666, "local_perc": 6.66400106624017e-05}, "BHILOWAL": {"global_perc": 0.5, "local_perc": 6.66400106624017e-05}, "BHITLU": {"global_perc": 0.3333333333333333, "local_perc": 6.66400106624017e-05}, "BHOPAL": {"global_perc": 0.3333333333333333, "local_perc": 6.66400106624017e-05}, "BHULANA": {"global_perc": 0.3333333333333333, "local_perc": 6.66400106624017e-05}, "BHULE KHURD": {"global_perc": 1.0, "local_perc": 6.66400106624017e-05}, "BHUNGWAR": {"global_perc": 0.5, "local_perc": 6.66400106624017e-05}, "BISHNUPUR": {"global_perc": 0.047619047619047616, "local_perc": 6.66400106624017e-05}, "BISNAH": {"global_perc": 0.2, "local_perc": 6.66400106624017e-05}, "BIZARI III": {"global_perc": 0.16666666666666666, "local_perc": 6.66400106624017e-05}, "BORA GAON": {"global_perc": 0.3333333333333333, "local_perc": 6.66400106624017e-05}, "BUALMUAL": {"global_perc": 0.5, "local_perc": 6.66400106624017e-05}, "BUDGADDA": {"global_perc": 0.5, "local_perc": 0.0001332800213248034}, "BURARI": {"global_perc": 1.0, "local_perc": 6.66400106624017e-05}, "CHAK BAMUN": {"global_perc": 0.6666666666666666, "local_perc": 0.0001332800213248034}, "CHAK KARMAN": {"global_perc": 0.5, "local_perc": 6.66400106624017e-05}, "CHAKLU": {"global_perc": 0.5, "local_perc": 6.66400106624017e-05}, "CHAMOLI": {"global_perc": 0.5, "local_perc": 6.66400106624017e-05}, "CHAND": {"global_perc": 0.4, "local_perc": 0.0001332800213248034}, "CHANDDIH": {"global_perc": 0.5, "local_perc": 6.66400106624017e-05}, "CHANDLAPURA": {"global_perc": 1.0, "local_perc": 6.66400106624017e-05}, "CHANDPUR": {"global_perc": 0.02564102564102564, "local_perc": 6.66400106624017e-05}, "CHANDRI": {"global_perc": 0.1111111111111111, "local_perc": 6.66400106624017e-05}, "CHARA DONGARIA": {"global_perc": 1.0, "local_perc": 6.66400106624017e-05}, "CHARU": {"global_perc": 0.03571428571428571, "local_perc": 6.66400106624017e-05}, "CHAUNTRA": {"global_perc": 0.2, "local_perc": 6.66400106624017e-05}, "CHELA": {"global_perc": 0.25, "local_perc": 6.66400106624017e-05}, "CHHANGLA": {"global_perc": 0.2, "local_perc": 6.66400106624017e-05}, "CHIKANAHALLI": {"global_perc": 1.0, "local_perc": 6.66400106624017e-05}, "CHILOI": {"global_perc": 0.3333333333333333, "local_perc": 6.66400106624017e-05}, "CHINGUS": {"global_perc": 1.0, "local_perc": 6.66400106624017e-05}, "CHIRLAKOPPA": {"global_perc": 1.0, "local_perc": 6.66400106624017e-05}, "CHORA": {"global_perc": 0.25, "local_perc": 6.66400106624017e-05}, "DABCHA": {"global_perc": 1.0, "local_perc": 0.0001332800213248034}, "DAIRA": {"global_perc": 1.0, "local_perc": 6.66400106624017e-05}, "DAKOON": {"global_perc": 1.0, "local_perc": 6.66400106624017e-05}, "DARAMAN": {"global_perc": 0.14285714285714285, "local_perc": 6.66400106624017e-05}, "DARKOTI": {"global_perc": 0.2, "local_perc": 6.66400106624017e-05}, "DASOLI UPPARLI": {"global_perc": 0.5, "local_perc": 6.66400106624017e-05}, "DAULATPUR": {"global_perc": 0.02857142857142857, "local_perc": 6.66400106624017e-05}, "DEDUWA": {"global_perc": 1.0, "local_perc": 6.66400106624017e-05}, "DEHLI": {"global_perc": 0.5, "local_perc": 6.66400106624017e-05}, "DEVANANDPUR": {"global_perc": 1.0, "local_perc": 6.66400106624017e-05}, "DEVARIYA": {"global_perc": 0.125, "local_perc": 6.66400106624017e-05}, "DEWANMARO": {"global_perc": 1.0, "local_perc": 6.66400106624017e-05}, "DEWARIYA": {"global_perc": 0.5, "local_perc": 6.66400106624017e-05}, "DHANER": {"global_perc": 0.25, "local_perc": 6.66400106624017e-05}, "DHANGBAHARA": {"global_perc": 1.0, "local_perc": 6.66400106624017e-05}, "DHARIYA": {"global_perc": 1.0, "local_perc": 6.66400106624017e-05}, "DHARKOT": {"global_perc": 0.06666666666666667, "local_perc": 6.66400106624017e-05}, "DHATI": {"global_perc": 0.16666666666666666, "local_perc": 6.66400106624017e-05}, "DHATO GHRAN": {"global_perc": 0.5, "local_perc": 6.66400106624017e-05}, "DHAVALESHWAR": {"global_perc": 1.0, "local_perc": 6.66400106624017e-05}, "DHIRA": {"global_perc": 0.16666666666666666, "local_perc": 6.66400106624017e-05}, "DHIRHWIN": {"global_perc": 1.0, "local_perc": 6.66400106624017e-05}, "DHNGULI": {"global_perc": 1.0, "local_perc": 6.66400106624017e-05}, "DHULARA": {"global_perc": 1.0, "local_perc": 6.66400106624017e-05}, "DHWLA": {"global_perc": 1.0, "local_perc": 6.66400106624017e-05}, "DIGOLIKHAL": {"global_perc": 0.125, "local_perc": 6.66400106624017e-05}, "DIWANE": {"global_perc": 1.0, "local_perc": 6.66400106624017e-05}, "DIYAL": {"global_perc": 1.0, "local_perc": 6.66400106624017e-05}, "DOHAG": {"global_perc": 0.16666666666666666, "local_perc": 6.66400106624017e-05}, "DRANGA": {"global_perc": 1.0, "local_perc": 6.66400106624017e-05}, "DRUP KAYARA": {"global_perc": 1.0, "local_perc": 6.66400106624017e-05}, "Dhaliwal Bet": {"global_perc": 1.0, "local_perc": 0.0001332800213248034}, "EKTARA": {"global_perc": 0.16666666666666666, "local_perc": 6.66400106624017e-05}, "Erumeli": {"global_perc": 1.0, "local_perc": 6.66400106624017e-05}, "FATEHPUR": {"global_perc": 0.031746031746031744, "local_perc": 0.0001332800213248034}, "FULANG": {"global_perc": 0.3333333333333333, "local_perc": 6.66400106624017e-05}, "GACHRA": {"global_perc": 1.0, "local_perc": 6.66400106624017e-05}, "GADARIYA": {"global_perc": 1.0, "local_perc": 6.66400106624017e-05}, "GADIARA": {"global_perc": 0.16666666666666666, "local_perc": 0.0001332800213248034}, "GAHAR": {"global_perc": 0.07692307692307693, "local_perc": 6.66400106624017e-05}, "GAINCHARI": {"global_perc": 0.2, "local_perc": 6.66400106624017e-05}, "GAJODIH": {"global_perc": 1.0, "local_perc": 6.66400106624017e-05}, "GALNA GHAT": {"global_perc": 0.5, "local_perc": 6.66400106624017e-05}, "GANDAR": {"global_perc": 1.0, "local_perc": 6.66400106624017e-05}, "GANGDIH": {"global_perc": 1.0, "local_perc": 6.66400106624017e-05}, "GANGHARA": {"global_perc": 0.5, "local_perc": 6.66400106624017e-05}, "GARALAG": {"global_perc": 1.0, "local_perc": 6.66400106624017e-05}, "GARH": {"global_perc": 0.2, "local_perc": 0.0001332800213248034}, "GARHWA": {"global_perc": 0.14285714285714285, "local_perc": 6.66400106624017e-05}, "GHANU": {"global_perc": 0.5, "local_perc": 6.66400106624017e-05}, "GHILATALI": {"global_perc": 1.0, "local_perc": 6.66400106624017e-05}, "GHORATERIA": {"global_perc": 0.3333333333333333, "local_perc": 6.66400106624017e-05}, "GHURET": {"global_perc": 1.0, "local_perc": 6.66400106624017e-05}, "GIGENAHALLI": {"global_perc": 0.5, "local_perc": 6.66400106624017e-05}, "GOPICHAK": {"global_perc": 1.0, "local_perc": 6.66400106624017e-05}, "GOVINDAMPALAYAM": {"global_perc": 0.5, "local_perc": 6.66400106624017e-05}, "GUDDADUR": {"global_perc": 1.0, "local_perc": 6.66400106624017e-05}, "GULEHAN": {"global_perc": 1.0, "local_perc": 6.66400106624017e-05}, "GULELA": {"global_perc": 0.2, "local_perc": 6.66400106624017e-05}, "GULELEA": {"global_perc": 1.0, "local_perc": 6.66400106624017e-05}, "GULHAN": {"global_perc": 1.0, "local_perc": 6.66400106624017e-05}, "GUMMIDIPOONDI": {"global_perc": 0.5, "local_perc": 6.66400106624017e-05}, "GUMRU": {"global_perc": 0.3333333333333333, "local_perc": 6.66400106624017e-05}, "GURIYALI": {"global_perc": 1.0, "local_perc": 6.66400106624017e-05}, "GURPHALI": {"global_perc": 1.0, "local_perc": 6.66400106624017e-05}, "HAILAN": {"global_perc": 1.0, "local_perc": 6.66400106624017e-05}, "HAKHROLE": {"global_perc": 1.0, "local_perc": 6.66400106624017e-05}, "HALANA": {"global_perc": 1.0, "local_perc": 0.0001332800213248034}, "HAR": {"global_perc": 0.2222222222222222, "local_perc": 0.0001332800213248034}, "HAREHR": {"global_perc": 0.5, "local_perc": 6.66400106624017e-05}, "HARETA": {"global_perc": 0.25, "local_perc": 6.66400106624017e-05}, "HARHUA": {"global_perc": 0.3333333333333333, "local_perc": 6.66400106624017e-05}, "HARIHARPUR": {"global_perc": 0.03225806451612903, "local_perc": 6.66400106624017e-05}, "HARIRAMPUR": {"global_perc": 0.14285714285714285, "local_perc": 6.66400106624017e-05}, "HARVADIH": {"global_perc": 1.0, "local_perc": 6.66400106624017e-05}, "HASAL": {"global_perc": 0.5, "local_perc": 6.66400106624017e-05}, "HAUCAK": {"global_perc": 0.16666666666666666, "local_perc": 6.66400106624017e-05}, "HIMTANA": {"global_perc": 1.0, "local_perc": 6.66400106624017e-05}, "HOBAR": {"global_perc": 0.25, "local_perc": 6.66400106624017e-05}, "Habibwal": {"global_perc": 1.0, "local_perc": 6.66400106624017e-05}, "IBRAHIMPUR": {"global_perc": 0.1, "local_perc": 6.66400106624017e-05}, "ICHAWA": {"global_perc": 1.0, "local_perc": 6.66400106624017e-05}, "INDAR": {"global_perc": 0.3333333333333333, "local_perc": 6.66400106624017e-05}, "ISHAPUR": {"global_perc": 0.3333333333333333, "local_perc": 6.66400106624017e-05}, "JAGDISHPUR": {"global_perc": 0.024390243902439025, "local_perc": 6.66400106624017e-05}, "JAI DEVI": {"global_perc": 0.16666666666666666, "local_perc": 6.66400106624017e-05}, "JALALPUR NAURANGA": {"global_perc": 0.5, "local_perc": 6.66400106624017e-05}, "JALASAR": {"global_perc": 0.5, "local_perc": 6.66400106624017e-05}, "JAMARARI": {"global_perc": 0.3333333333333333, "local_perc": 6.66400106624017e-05}, "JAMUIATANR": {"global_perc": 1.0, "local_perc": 6.66400106624017e-05}, "JANDRU": {"global_perc": 0.5, "local_perc": 6.66400106624017e-05}, "JANGLIANA": {"global_perc": 0.5, "local_perc": 6.66400106624017e-05}, "JAROLA": {"global_perc": 0.5, "local_perc": 6.66400106624017e-05}, "JASYAL": {"global_perc": 0.25, "local_perc": 6.66400106624017e-05}, "JAWALGAON MALLA": {"global_perc": 1.0, "local_perc": 6.66400106624017e-05}, "JHAKOTA": {"global_perc": 0.8571428571428571, "local_perc": 0.00039984006397441024}, "JHAMKE": {"global_perc": 1.0, "local_perc": 6.66400106624017e-05}, "JHANJIDIH": {"global_perc": 1.0, "local_perc": 6.66400106624017e-05}, "JHAREDH": {"global_perc": 1.0, "local_perc": 6.66400106624017e-05}, "JINDRI": {"global_perc": 0.3333333333333333, "local_perc": 6.66400106624017e-05}, "JOL SAPAR": {"global_perc": 0.25, "local_perc": 6.66400106624017e-05}, "JUALBHANGA": {"global_perc": 1.0, "local_perc": 6.66400106624017e-05}, "K. CHINGKHONG": {"global_perc": 0.25, "local_perc": 6.66400106624017e-05}, "KAHNU": {"global_perc": 0.5, "local_perc": 0.0001332800213248034}, "KALEWAL BAGTAN": {"global_perc": 0.5, "local_perc": 6.66400106624017e-05}, "KALLAR KATOCHAN": {"global_perc": 1.0, "local_perc": 0.0001332800213248034}, "KALLU SADARAHALLI": {"global_perc": 1.0, "local_perc": 6.66400106624017e-05}, "KALRU": {"global_perc": 0.5, "local_perc": 6.66400106624017e-05}, "KANA SUAN": {"global_perc": 0.5, "local_perc": 6.66400106624017e-05}, "KANAIR": {"global_perc": 1.0, "local_perc": 6.66400106624017e-05}, "KANAYARI": {"global_perc": 0.3333333333333333, "local_perc": 6.66400106624017e-05}, "KANDHALA SHEIKAN": {"global_perc": 1.0, "local_perc": 6.66400106624017e-05}, "KANNAPUR HATTI": {"global_perc": 1.0, "local_perc": 6.66400106624017e-05}, "KARAMTOLI ALIAS MAHUA": {"global_perc": 1.0, "local_perc": 6.66400106624017e-05}, "KARIANA": {"global_perc": 1.0, "local_perc": 6.66400106624017e-05}, "KARLI KALH": {"global_perc": 0.2, "local_perc": 6.66400106624017e-05}, "KARMADAD": {"global_perc": 1.0, "local_perc": 6.66400106624017e-05}, "KASEHDA": {"global_perc": 1.0, "local_perc": 6.66400106624017e-05}, "KATINDI": {"global_perc": 0.25, "local_perc": 6.66400106624017e-05}, "KATKAHI": {"global_perc": 1.0, "local_perc": 6.66400106624017e-05}, "KATMALA": {"global_perc": 0.125, "local_perc": 6.66400106624017e-05}, "KEDI": {"global_perc": 0.25, "local_perc": 6.66400106624017e-05}, "KENGENAHALLI": {"global_perc": 1.0, "local_perc": 6.66400106624017e-05}, "KHAD KHAS": {"global_perc": 1.0, "local_perc": 6.66400106624017e-05}, "KHAJURNU": {"global_perc": 0.16666666666666666, "local_perc": 6.66400106624017e-05}, "KHANDURA": {"global_perc": 0.5, "local_perc": 6.66400106624017e-05}, "KHANGSAR": {"global_perc": 1.0, "local_perc": 6.66400106624017e-05}, "KHARVIWADA": {"global_perc": 1.0, "local_perc": 6.66400106624017e-05}, "KHATNOL": {"global_perc": 1.0, "local_perc": 6.66400106624017e-05}, "KHEIRI": {"global_perc": 0.5, "local_perc": 6.66400106624017e-05}, "KHIRANWALI": {"global_perc": 0.5, "local_perc": 6.66400106624017e-05}, "KHUDA": {"global_perc": 0.5, "local_perc": 6.66400106624017e-05}, "KHUNDIAN": {"global_perc": 0.06666666666666667, "local_perc": 6.66400106624017e-05}, "KHURSHI": {"global_perc": 0.3333333333333333, "local_perc": 6.66400106624017e-05}, "KIRAWN": {"global_perc": 0.5, "local_perc": 6.66400106624017e-05}, "KONI": {"global_perc": 0.16666666666666666, "local_perc": 6.66400106624017e-05}, "KOPRA": {"global_perc": 0.6666666666666666, "local_perc": 0.0001332800213248034}, "KORU": {"global_perc": 1.0, "local_perc": 6.66400106624017e-05}, "KOSDA": {"global_perc": 0.14285714285714285, "local_perc": 6.66400106624017e-05}, "KOT": {"global_perc": 0.02857142857142857, "local_perc": 6.66400106624017e-05}, "KOT GANGURAI": {"global_perc": 1.0, "local_perc": 6.66400106624017e-05}, "KOTHI": {"global_perc": 0.08108108108108109, "local_perc": 0.00019992003198720512}, "KOTLU": {"global_perc": 0.6666666666666666, "local_perc": 0.0001332800213248034}, "KOTLU RAJOL": {"global_perc": 0.5, "local_perc": 6.66400106624017e-05}, "KRISHAN GARH": {"global_perc": 0.1111111111111111, "local_perc": 6.66400106624017e-05}, "KUDHI": {"global_perc": 1.0, "local_perc": 6.66400106624017e-05}, "KUDKI": {"global_perc": 0.5, "local_perc": 6.66400106624017e-05}, "KUHN KHAS": {"global_perc": 1.0, "local_perc": 0.0001332800213248034}, "KUJJI": {"global_perc": 0.5, "local_perc": 6.66400106624017e-05}, "KULLATHILVAI": {"global_perc": 0.3333333333333333, "local_perc": 6.66400106624017e-05}, "KUMARDUNGI": {"global_perc": 0.3333333333333333, "local_perc": 6.66400106624017e-05}, "KUNDIA": {"global_perc": 0.5, "local_perc": 6.66400106624017e-05}, "KUNGRI": {"global_perc": 1.0, "local_perc": 6.66400106624017e-05}, "KURAVEDIYA": {"global_perc": 1.0, "local_perc": 6.66400106624017e-05}, "KUTTI": {"global_perc": 1.0, "local_perc": 6.66400106624017e-05}, "KYARTU": {"global_perc": 0.5, "local_perc": 6.66400106624017e-05}, "KYOR": {"global_perc": 0.3333333333333333, "local_perc": 6.66400106624017e-05}, "LABANGARH": {"global_perc": 1.0, "local_perc": 6.66400106624017e-05}, "LAHRU": {"global_perc": 0.25, "local_perc": 0.0001332800213248034}, "LALOWAL": {"global_perc": 1.0, "local_perc": 6.66400106624017e-05}, "LAMBA GAON": {"global_perc": 0.5, "local_perc": 6.66400106624017e-05}, "LAMVALU": {"global_perc": 1.0, "local_perc": 6.66400106624017e-05}, "LANOT": {"global_perc": 0.3333333333333333, "local_perc": 6.66400106624017e-05}, "LAPCHANG": {"global_perc": 0.5, "local_perc": 6.66400106624017e-05}, "LATHYANI": {"global_perc": 0.125, "local_perc": 6.66400106624017e-05}, "LEBRA": {"global_perc": 1.0, "local_perc": 6.66400106624017e-05}, "LEHLI KHURD": {"global_perc": 0.3333333333333333, "local_perc": 6.66400106624017e-05}, "MAHURI": {"global_perc": 0.5, "local_perc": 0.0001332800213248034}, "MAHUWAI": {"global_perc": 1.0, "local_perc": 6.66400106624017e-05}, "MAITHI": {"global_perc": 0.5, "local_perc": 6.66400106624017e-05}, "MAJHIGAWA": {"global_perc": 0.25, "local_perc": 6.66400106624017e-05}, "MAJRA KUND": {"global_perc": 1.0, "local_perc": 6.66400106624017e-05}, "MALANG": {"global_perc": 0.2, "local_perc": 6.66400106624017e-05}, "MALAU": {"global_perc": 1.0, "local_perc": 6.66400106624017e-05}, "MALBANDI": {"global_perc": 0.5, "local_perc": 6.66400106624017e-05}, "MALHA": {"global_perc": 1.0, "local_perc": 6.66400106624017e-05}, "MALIHAPUR": {"global_perc": 1.0, "local_perc": 6.66400106624017e-05}, "MALLICKPUR": {"global_perc": 1.0, "local_perc": 6.66400106624017e-05}, "MAN": {"global_perc": 1.0, "local_perc": 6.66400106624017e-05}, "MANDI": {"global_perc": 0.125, "local_perc": 6.66400106624017e-05}, "MANHAL": {"global_perc": 0.2, "local_perc": 6.66400106624017e-05}, "MANJGRAN": {"global_perc": 0.5, "local_perc": 6.66400106624017e-05}, "MARARI KALA": {"global_perc": 1.0, "local_perc": 0.0001332800213248034}, "MASTI PALKOT": {"global_perc": 1.0, "local_perc": 6.66400106624017e-05}, "MAYURHAND": {"global_perc": 0.75, "local_perc": 0.00019992003198720512}, "MERLE": {"global_perc": 1.0, "local_perc": 6.66400106624017e-05}, "MIADI KALAN": {"global_perc": 0.25, "local_perc": 6.66400106624017e-05}, "MIRJANPUR": {"global_perc": 1.0, "local_perc": 6.66400106624017e-05}, "MISRAULI": {"global_perc": 1.0, "local_perc": 6.66400106624017e-05}, "MOHAM WALA": {"global_perc": 1.0, "local_perc": 6.66400106624017e-05}, "MOZAL": {"global_perc": 0.5, "local_perc": 6.66400106624017e-05}, "MUKARI": {"global_perc": 1.0, "local_perc": 6.66400106624017e-05}, "MULEKALENAHALLI": {"global_perc": 0.2222222222222222, "local_perc": 0.0001332800213248034}, "MUNAN": {"global_perc": 1.0, "local_perc": 6.66400106624017e-05}, "MUSTAFABAD": {"global_perc": 0.07692307692307693, "local_perc": 6.66400106624017e-05}, "Mulayam": {"global_perc": 1.0, "local_perc": 6.66400106624017e-05}, "N.A.": {"global_perc": 0.0017995832544042433, "local_perc": 0.0012661602025856324}, "NAINITAL": {"global_perc": 0.3333333333333333, "local_perc": 6.66400106624017e-05}, "NARAHUN": {"global_perc": 0.25, "local_perc": 0.0001332800213248034}, "NARIAH": {"global_perc": 0.1111111111111111, "local_perc": 6.66400106624017e-05}, "NASAKARPUR": {"global_perc": 1.0, "local_perc": 6.66400106624017e-05}, "NATHAN": {"global_perc": 0.5, "local_perc": 6.66400106624017e-05}, "NAUGAON": {"global_perc": 0.125, "local_perc": 6.66400106624017e-05}, "NAURA KANDOL": {"global_perc": 0.6666666666666666, "local_perc": 0.0001332800213248034}, "NAWADA": {"global_perc": 0.03225806451612903, "local_perc": 6.66400106624017e-05}, "NELAGALALE": {"global_perc": 0.3333333333333333, "local_perc": 6.66400106624017e-05}, "NEWIN": {"global_perc": 1.0, "local_perc": 6.66400106624017e-05}, "NIRALKERI": {"global_perc": 1.0, "local_perc": 6.66400106624017e-05}, "NOHRI": {"global_perc": 0.5, "local_perc": 6.66400106624017e-05}, "NUTANPARA": {"global_perc": 1.0, "local_perc": 6.66400106624017e-05}, "OBRA": {"global_perc": 1.0, "local_perc": 6.66400106624017e-05}, "OCH KHURD": {"global_perc": 1.0, "local_perc": 0.0001332800213248034}, "PADRAL": {"global_perc": 0.3333333333333333, "local_perc": 6.66400106624017e-05}, "PAKADIA PURAB": {"global_perc": 1.0, "local_perc": 6.66400106624017e-05}, "PALAKHARU": {"global_perc": 0.5, "local_perc": 6.66400106624017e-05}, "PALCHAI": {"global_perc": 1.0, "local_perc": 6.66400106624017e-05}, "PALETA": {"global_perc": 0.5, "local_perc": 6.66400106624017e-05}, "PALLIKKADU": {"global_perc": 1.0, "local_perc": 6.66400106624017e-05}, "PANCH GACHHIA": {"global_perc": 1.0, "local_perc": 6.66400106624017e-05}, "PANDEPURA KALA": {"global_perc": 1.0, "local_perc": 0.0001332800213248034}, "PANGAN": {"global_perc": 1.0, "local_perc": 6.66400106624017e-05}, "PAPLAH": {"global_perc": 0.42857142857142855, "local_perc": 0.00019992003198720512}, "PARASANAHALLI": {"global_perc": 0.5, "local_perc": 6.66400106624017e-05}, "PAREWA T. KISHANI": {"global_perc": 1.0, "local_perc": 6.66400106624017e-05}, "PAROL": {"global_perc": 0.16666666666666666, "local_perc": 6.66400106624017e-05}, "PATHOLI": {"global_perc": 1.0, "local_perc": 6.66400106624017e-05}, "PATIAL": {"global_perc": 0.3333333333333333, "local_perc": 6.66400106624017e-05}, "PEMMANAHALLI": {"global_perc": 0.5, "local_perc": 6.66400106624017e-05}, "PULWAMA": {"global_perc": 0.16666666666666666, "local_perc": 6.66400106624017e-05}, "PURANDHA": {"global_perc": 0.25, "local_perc": 6.66400106624017e-05}, "PURE UDAIRAM": {"global_perc": 1.0, "local_perc": 6.66400106624017e-05}, "QAZIGUND": {"global_perc": 0.2, "local_perc": 6.66400106624017e-05}, "RAGHOPUR": {"global_perc": 0.16666666666666666, "local_perc": 6.66400106624017e-05}, "RAJAPUR": {"global_perc": 0.038461538461538464, "local_perc": 6.66400106624017e-05}, "RAJEPUSARAYMARJARI": {"global_perc": 1.0, "local_perc": 6.66400106624017e-05}, "RAKAR BHERI": {"global_perc": 0.3333333333333333, "local_perc": 6.66400106624017e-05}, "RAKH": {"global_perc": 0.3333333333333333, "local_perc": 6.66400106624017e-05}, "RAMDIH": {"global_perc": 0.3333333333333333, "local_perc": 6.66400106624017e-05}, "RAMGARHA": {"global_perc": 1.0, "local_perc": 6.66400106624017e-05}, "RANIPOKHRI": {"global_perc": 0.25, "local_perc": 6.66400106624017e-05}, "RATNAG": {"global_perc": 0.3333333333333333, "local_perc": 6.66400106624017e-05}, "RAVTI": {"global_perc": 1.0, "local_perc": 6.66400106624017e-05}, "REASI": {"global_perc": 0.09090909090909091, "local_perc": 6.66400106624017e-05}, "REHR": {"global_perc": 0.3333333333333333, "local_perc": 6.66400106624017e-05}, "RERU UPERALA": {"global_perc": 0.5, "local_perc": 6.66400106624017e-05}, "RITHAKHAL": {"global_perc": 0.2, "local_perc": 6.66400106624017e-05}, "ROHELA HAJI UTTAR": {"global_perc": 0.5, "local_perc": 6.66400106624017e-05}, "ROSAIPUR": {"global_perc": 1.0, "local_perc": 6.66400106624017e-05}, "ROUTMONI": {"global_perc": 1.0, "local_perc": 6.66400106624017e-05}, "RUPAS MAHAJI": {"global_perc": 0.5, "local_perc": 6.66400106624017e-05}, "Randhawa Brota": {"global_perc": 1.0, "local_perc": 6.66400106624017e-05}, "SAHIBGANJ": {"global_perc": 0.05263157894736842, "local_perc": 6.66400106624017e-05}, "SAHMADA": {"global_perc": 1.0, "local_perc": 6.66400106624017e-05}, "SAI UGIALLA": {"global_perc": 1.0, "local_perc": 6.66400106624017e-05}, "SALI": {"global_perc": 0.5, "local_perc": 6.66400106624017e-05}, "SALLER": {"global_perc": 0.5, "local_perc": 6.66400106624017e-05}, "SANAI": {"global_perc": 0.18181818181818182, "local_perc": 0.0001332800213248034}, "SANOG UPPERLA": {"global_perc": 1.0, "local_perc": 6.66400106624017e-05}, "SARAIAREJANI": {"global_perc": 1.0, "local_perc": 6.66400106624017e-05}, "SARAV BUJURG": {"global_perc": 1.0, "local_perc": 6.66400106624017e-05}, "SARDAM": {"global_perc": 0.25, "local_perc": 6.66400106624017e-05}, "SERA": {"global_perc": 0.1, "local_perc": 6.66400106624017e-05}, "SEWAL": {"global_perc": 1.0, "local_perc": 6.66400106624017e-05}, "SHAHAL": {"global_perc": 0.25, "local_perc": 6.66400106624017e-05}, "SHAHGARH": {"global_perc": 0.25, "local_perc": 6.66400106624017e-05}, "SHAIKHAR": {"global_perc": 1.0, "local_perc": 6.66400106624017e-05}, "SHAKOH": {"global_perc": 1.0, "local_perc": 6.66400106624017e-05}, "SHER KHAN WALA": {"global_perc": 0.5, "local_perc": 6.66400106624017e-05}, "SHIV PUR": {"global_perc": 1.0, "local_perc": 6.66400106624017e-05}, "SHIVPUR": {"global_perc": 0.13636363636363635, "local_perc": 0.00019992003198720512}, "SHURTANG": {"global_perc": 1.0, "local_perc": 0.00019992003198720512}, "SIRNI": {"global_perc": 1.0, "local_perc": 0.0001332800213248034}, "SIRUVADI": {"global_perc": 1.0, "local_perc": 6.66400106624017e-05}, "SIYUM": {"global_perc": 0.03125, "local_perc": 6.66400106624017e-05}, "SNKARPUR": {"global_perc": 1.0, "local_perc": 6.66400106624017e-05}, "SOBHA KOTHI": {"global_perc": 1.0, "local_perc": 6.66400106624017e-05}, "SOUHDA KHURD": {"global_perc": 1.0, "local_perc": 6.66400106624017e-05}, "SUAN": {"global_perc": 0.5, "local_perc": 6.66400106624017e-05}, "SUANGDOH": {"global_perc": 0.2, "local_perc": 6.66400106624017e-05}, "SUKNAL": {"global_perc": 0.25, "local_perc": 6.66400106624017e-05}, "SULTANPUR": {"global_perc": 0.017857142857142856, "local_perc": 6.66400106624017e-05}, "SUNDERBANI": {"global_perc": 0.5, "local_perc": 6.66400106624017e-05}, "SURAPUR": {"global_perc": 0.5, "local_perc": 6.66400106624017e-05}, "SUTKAR": {"global_perc": 0.25, "local_perc": 6.66400106624017e-05}, "TALDU": {"global_perc": 1.0, "local_perc": 6.66400106624017e-05}, "TANGH": {"global_perc": 0.3333333333333333, "local_perc": 6.66400106624017e-05}, "TARTO": {"global_perc": 1.0, "local_perc": 6.66400106624017e-05}, "TEGRA": {"global_perc": 1.0, "local_perc": 6.66400106624017e-05}, "TETRI": {"global_perc": 0.5, "local_perc": 6.66400106624017e-05}, "THAKAR KI": {"global_perc": 1.0, "local_perc": 6.66400106624017e-05}, "THANA KHURD": {"global_perc": 0.3, "local_perc": 0.00019992003198720512}, "THARRIYA": {"global_perc": 1.0, "local_perc": 6.66400106624017e-05}, "TIGHARA": {"global_perc": 0.1111111111111111, "local_perc": 6.66400106624017e-05}, "TIHRA": {"global_perc": 0.14285714285714285, "local_perc": 6.66400106624017e-05}, "TIKKAR GADHIANI": {"global_perc": 1.0, "local_perc": 6.66400106624017e-05}, "TIPRI": {"global_perc": 0.3333333333333333, "local_perc": 6.66400106624017e-05}, "TRAL": {"global_perc": 0.5, "local_perc": 6.66400106624017e-05}, "TUSKUTRI": {"global_perc": 1.0, "local_perc": 6.66400106624017e-05}, "UDAIPUR": {"global_perc": 0.18181818181818182, "local_perc": 0.0001332800213248034}, "UNERA": {"global_perc": 1.0, "local_perc": 6.66400106624017e-05}, "URMAR": {"global_perc": 1.0, "local_perc": 6.66400106624017e-05}, "VADAKATTUPATTI": {"global_perc": 1.0, "local_perc": 6.66400106624017e-05}, "VEDAR": {"global_perc": 1.0, "local_perc": 6.66400106624017e-05}, "WILIGAM": {"global_perc": 1.0, "local_perc": 6.66400106624017e-05}}, "partition_field": "Near_Vil_Tow_Nam_hav_Prim_School", "Vil_Nam": "Khurhama", "Stat_Nam": "JAMMU & KASHMIR"}, {"data": [["Dis_Doc_Tot_Stren_Num", 6.0], ["Dis_Num", 5.0], 1.2], "data_low": {"Stat_Nam": "West Bengal", "Vil_Nam": "Uchalan", "Dis_Num": "4", "Dis_Doc_Tot_Stren_Num": "5", "id": 319445}, "data_high": {"Stat_Nam": "JHARKHAND", "Vil_Nam": "Bero", "Dis_Num": "5", "Dis_Doc_Tot_Stren_Num": "6", "id": 372151}, "perc": 0.0003211690553615159, "metric": 99.99967863090527, "value_global_local": {}, "partition_field": null, "Vil_Nam": "Bero", "Stat_Nam": "JHARKHAND"}, {"data": [["Dis_Doc_Tot_Stren_Num", 8.0], ["Dis_Num", 6.0], 1.3333333333333333], "data_low": {"Stat_Nam": "UTTAR PRADESH", "Vil_Nam": "Tolwa Antdanpur", "Dis_Num": "3", "Dis_Doc_Tot_Stren_Num": "4", "id": 139278}, "data_high": {"Stat_Nam": "Punjab", "Vil_Nam": "Heir (347)", "Dis_Num": "6", "Dis_Doc_Tot_Stren_Num": "8", "id": 37406}, "perc": 0.0009635071660845478, "metric": 99.99903615943711, "value_global_local": {}, "partition_field": null, "Vil_Nam": "Heir (347)", "Stat_Nam": "Punjab"}, {"data": [["Dis_Doc_Tot_Stren_Num", 3.0], ["Dis_Num", 2.0], 1.5], "data_low": {"Stat_Nam": "Punjab", "Vil_Nam": "Sudh Singhwala (11)", "Dis_Num": "2", "Dis_Doc_Tot_Stren_Num": "3", "id": 34339}, "data_high": {"Stat_Nam": "West Bengal", "Vil_Nam": "Sindri", "Dis_Num": "6", "Dis_Doc_Tot_Stren_Num": "9", "id": 329166}, "perc": 0.002569352442892127, "metric": 99.99743014746994, "value_global_local": {}, "partition_field": null, "Vil_Nam": "Sudh Singhwala (11)", "Stat_Nam": "Punjab"}, {"data": [["Dis_Doc_Tot_Stren_Num", 7.0], ["Dis_Num", 4.0], 1.75], "data_low": {"Stat_Nam": "West Bengal", "Vil_Nam": "Betberia", "Dis_Num": "4", "Dis_Doc_Tot_Stren_Num": "7", "id": 332052}, "data_high": {"Stat_Nam": "West Bengal", "Vil_Nam": "Betberia", "Dis_Num": "4", "Dis_Doc_Tot_Stren_Num": "7", "id": 332052}, "perc": 0.00016058452768075794, "metric": 99.99983866532351, "value_global_local": {}, "partition_field": null, "Vil_Nam": "Betberia", "Stat_Nam": "West Bengal"}, {"data": [["Dis_Doc_Tot_Stren_Num", 2.0], ["Dis_Num", 1.0], 2.0], "data_low": {"Stat_Nam": "West Bengal", "Vil_Nam": "Thekuya Chak", "Dis_Num": "5", "Dis_Doc_Tot_Stren_Num": "10", "id": 342639}, "data_high": {"Stat_Nam": "UTTAR PRADESH", "Vil_Nam": "Baberu Dehat", "Dis_Num": "4", "Dis_Doc_Tot_Stren_Num": "8", "id": 154224}, "perc": 0.6139146493235377, "metric": 99.3860843566168, "value_global_local": {"ANDAMAN & NICOBAR ISLANDS": {"global_perc": 0.0018018018018018018, "local_perc": 0.0002615746795710175}, "ANDHRA PRADESH": {"global_perc": 0.0027697841726618704, "local_perc": 0.02014125032696835}, "ASSAM": {"global_perc": 0.0019700700890320135, "local_perc": 0.01360188333769291}, "Arunachal Pradesh": {"global_perc": 0.0014313830738951511, "local_perc": 0.00209259743656814}, "BIHAR": {"global_perc": 0.008780139947408299, "local_perc": 0.1030604237509809}, "CHHATTISGARH": {"global_perc": 0.0004471827486832952, "local_perc": 0.0023541721161391576}, "GOA": {"global_perc": 0.0029940119760479044, "local_perc": 0.0002615746795710175}, "HARYANA": {"global_perc": 0.00175412951322906, "local_perc": 0.0031388961548522104}, "HIMACHAL PRADESH": {"global_perc": 0.010246495891735138, "local_perc": 0.055453832069055714}, "JAMMU & KASHMIR": {"global_perc": 0.01922783457958187, "local_perc": 0.03295840962594821}, "JHARKHAND": {"global_perc": 0.001234796567265543, "local_perc": 0.010462987182840701}, "KARNATAKA": {"global_perc": 0.00020449897750511248, "local_perc": 0.0015694480774261052}, "KERALA": {"global_perc": 0.011787819253438114, "local_perc": 0.0031388961548522104}, "MADHYA PRADESH": {"global_perc": 0.002167458973098009, "local_perc": 0.031127386868951085}, "MANIPUR": {"global_perc": 0.0003874467260751647, "local_perc": 0.0002615746795710175}, "NCT OF DELHI": {"global_perc": 0.03571428571428571, "local_perc": 0.00104629871828407}, "PUDUCHERRY": {"global_perc": 0.011111111111111112, "local_perc": 0.0002615746795710175}, "Punjab": {"global_perc": 0.007312614259597806, "local_perc": 0.02406487052053361}, "RAJASTHAN": {"global_perc": 0.03899534383954155, "local_perc": 0.45566309181271253}, "TRIPURA": {"global_perc": 0.09257142857142857, "local_perc": 0.02118754904525242}, "Tamil Nadu": {"global_perc": 0.03898867263283059, "local_perc": 0.16296102537274393}, "UTTAR PRADESH": {"global_perc": 0.0009178264371476202, "local_perc": 0.025634318597959716}, "UTTARAKHAND": {"global_perc": 0.004347049365807182, "local_perc": 0.01909495160868428}, "West Bengal": {"global_perc": 0.0009697150529613606, "local_perc": 0.010201412503269683}}, "partition_field": "Stat_Nam", "Vil_Nam": "Mindiyan", "Stat_Nam": "JAMMU & KASHMIR"}, {"data": [["Dis_Doc_Tot_Stren_Num", 9.0], ["Dis_Num", 4.0], 2.25], "data_low": {"Stat_Nam": "West Bengal", "Vil_Nam": "Ramchandrapur", "Dis_Num": "4", "Dis_Doc_Tot_Stren_Num": "9", "id": 321794}, "data_high": {"Stat_Nam": "West Bengal", "Vil_Nam": "Ramchandrapur", "Dis_Num": "4", "Dis_Doc_Tot_Stren_Num": "9", "id": 321794}, "perc": 0.0003211690553615159, "metric": 99.99967758069862, "value_global_local": {}, "partition_field": null, "Vil_Nam": "Ramchandrapur", "Stat_Nam": "West Bengal"}, {"data": [["Dis_Doc_Tot_Stren_Num", 5.0], ["Dis_Num", 2.0], 2.5], "data_low": {"Stat_Nam": "West Bengal", "Vil_Nam": "Krishna Ganj", "Dis_Num": "4", "Dis_Doc_Tot_Stren_Num": "10", "id": 320261}, "data_high": {"Stat_Nam": "JAMMU & KASHMIR", "Vil_Nam": "Chithi Bandi", "Dis_Num": "2", "Dis_Doc_Tot_Stren_Num": "5", "id": 2734}, "perc": 0.0022481833875306113, "metric": 99.99775031634616, "value_global_local": {}, "partition_field": null, "Vil_Nam": "Chithi Bandi", "Stat_Nam": "JAMMU & KASHMIR"}, {"data": [["Dis_Doc_Tot_Stren_Num", 3.0], ["Dis_Num", 1.0], 3.0], "data_low": {"Stat_Nam": "JAMMU & KASHMIR", "Vil_Nam": "Bahardas Koot", "Dis_Num": "1", "Dis_Doc_Tot_Stren_Num": "3", "id": 345}, "data_high": {"Stat_Nam": "Tamil Nadu", "Vil_Nam": "Desavilakku", "Dis_Num": "3", "Dis_Doc_Tot_Stren_Num": "9", "id": 611290}, "perc": 0.049460034525673456, "metric": 99.95053796606366, "value_global_local": {"": {"global_perc": 0.0004098954766534534, "local_perc": 0.5324675324675324}, "0": {"global_perc": 0.00303951367781155, "local_perc": 0.03896103896103896}, "a": {"global_perc": 0.00027306488021553924, "local_perc": 0.048701298701298704}, "b": {"global_perc": 0.00041020769463275615, "local_perc": 0.12337662337662338}, "c": {"global_perc": 0.0011110017297875033, "local_perc": 0.2564935064935065}}, "partition_field": "Dist_Nut_Cen_Other", "Vil_Nam": "Bahardas Koot", "Stat_Nam": "JAMMU & KASHMIR"}, {"data": [["Dis_Doc_Tot_Stren_Num", 10.0], ["Dis_Num", 3.0], 3.3333333333333335], "data_low": {"Stat_Nam": "Tamil Nadu", "Vil_Nam": "Kavandapadi", "Dis_Num": "3", "Dis_Doc_Tot_Stren_Num": "10", "id": 612267}, "data_high": {"Stat_Nam": "Tamil Nadu", "Vil_Nam": "Kavandapadi", "Dis_Num": "3", "Dis_Doc_Tot_Stren_Num": "10", "id": 612267}, "perc": 0.0004817535830422739, "metric": 99.99951591262813, "value_global_local": {}, "partition_field": null, "Vil_Nam": "Kavandapadi", "Stat_Nam": "Tamil Nadu"}, {"data": [["Dis_Doc_Tot_Stren_Num", 7.0], ["Dis_Num", 2.0], 3.5], "data_low": {"Stat_Nam": "West Bengal", "Vil_Nam": "Ramdhari", "Dis_Num": "2", "Dis_Doc_Tot_Stren_Num": "7", "id": 332035}, "data_high": {"Stat_Nam": "West Bengal", "Vil_Nam": "Ramdhari", "Dis_Num": "2", "Dis_Doc_Tot_Stren_Num": "7", "id": 332035}, "perc": 0.00016058452768075794, "metric": 99.99983691497627, "value_global_local": {}, "partition_field": null, "Vil_Nam": "Ramdhari", "Stat_Nam": "West Bengal"}, {"data": [["Dis_Doc_Tot_Stren_Num", 4.0], ["Dis_Num", 1.0], 4.0], "data_low": {"Stat_Nam": "JAMMU & KASHMIR", "Vil_Nam": "Chanda Pora", "Dis_Num": "1", "Dis_Doc_Tot_Stren_Num": "4", "id": 652}, "data_high": {"Stat_Nam": "West Bengal", "Vil_Nam": "Harimul", "Dis_Num": "2", "Dis_Doc_Tot_Stren_Num": "8", "id": 332038}, "perc": 0.02135774218154081, "metric": 99.97863925785923, "value_global_local": {"ASSAM": {"global_perc": 0.0004546315590073878, "local_perc": 0.09022556390977443}, "CHHATTISGARH": {"global_perc": 4.9686972075921695e-05, "local_perc": 0.007518796992481203}, "HIMACHAL PRADESH": {"global_perc": 0.00038666022232962784, "local_perc": 0.06015037593984962}, "JAMMU & KASHMIR": {"global_perc": 0.0009156111704562796, "local_perc": 0.045112781954887216}, "JHARKHAND": {"global_perc": 0.0012039266530839044, "local_perc": 0.2932330827067669}, "KERALA": {"global_perc": 0.0029469548133595285, "local_perc": 0.022556390977443608}, "NCT OF DELHI": {"global_perc": 0.017857142857142856, "local_perc": 0.015037593984962405}, "Punjab": {"global_perc": 0.0010333041888562118, "local_perc": 0.09774436090225563}, "TRIPURA": {"global_perc": 0.017142857142857144, "local_perc": 0.11278195488721804}, "Tamil Nadu": {"global_perc": 0.00012516427811502597, "local_perc": 0.015037593984962405}, "UTTAR PRADESH": {"global_perc": 0.00025287054901005864, "local_perc": 0.20300751879699247}, "UTTARAKHAND": {"global_perc": 5.954862144941345e-05, "local_perc": 0.007518796992481203}, "West Bengal": {"global_perc": 9.945795414988313e-05, "local_perc": 0.03007518796992481}}, "partition_field": "Stat_Nam", "Vil_Nam": "Chanda Pora", "Stat_Nam": "JAMMU & KASHMIR"}, {"data": [["Dis_Doc_Tot_Stren_Num", 5.0], ["Dis_Num", 1.0], 5.0], "data_low": {"Stat_Nam": "Tamil Nadu", "Vil_Nam": "Cherangode", "Dis_Num": "2", "Dis_Doc_Tot_Stren_Num": "10", "id": 612459}, "data_high": {"Stat_Nam": "HIMACHAL PRADESH", "Vil_Nam": "Bhagair (69)", "Dis_Num": "1", "Dis_Doc_Tot_Stren_Num": "5", "id": 13100}, "perc": 0.004496366775061223, "metric": 99.9954996326047, "value_global_local": {"ASSAM": {"global_perc": 3.7885963250615644e-05, "local_perc": 0.03571428571428571}, "CHHATTISGARH": {"global_perc": 4.9686972075921695e-05, "local_perc": 0.03571428571428571}, "HIMACHAL PRADESH": {"global_perc": 9.666505558240696e-05, "local_perc": 0.07142857142857142}, "JHARKHAND": {"global_perc": 0.0001234796567265543, "local_perc": 0.14285714285714285}, "MANIPUR": {"global_perc": 0.0003874467260751647, "local_perc": 0.03571428571428571}, "Punjab": {"global_perc": 0.0003179397504172959, "local_perc": 0.14285714285714285}, "TRIPURA": {"global_perc": 0.001142857142857143, "local_perc": 0.03571428571428571}, "Tamil Nadu": {"global_perc": 6.258213905751299e-05, "local_perc": 0.03571428571428571}, "UTTAR PRADESH": {"global_perc": 9.36557588926143e-05, "local_perc": 0.35714285714285715}, "West Bengal": {"global_perc": 7.459346561241235e-05, "local_perc": 0.10714285714285714}}, "partition_field": "Stat_Nam", "Vil_Nam": "Bhagair (69)", "Stat_Nam": "HIMACHAL PRADESH"}, {"data": [["Dis_Doc_Tot_Stren_Num", 6.0], ["Dis_Num", 1.0], 6.0], "data_low": {"Stat_Nam": "Tamil Nadu", "Vil_Nam": "Pamban", "Dis_Num": "2", "Dis_Doc_Tot_Stren_Num": "12", "id": 619437}, "data_high": {"Stat_Nam": "Punjab", "Vil_Nam": "Naranwali (131)", "Dis_Num": "1", "Dis_Doc_Tot_Stren_Num": "6", "id": 27874}, "perc": 0.0030511060259344014, "metric": 99.9969438931265, "value_global_local": {}, "partition_field": null, "Vil_Nam": "Naranwali (131)", "Stat_Nam": "Punjab"}, {"data": [["Dis_Doc_Tot_Stren_Num", 7.0], ["Dis_Num", 1.0], 7.0], "data_low": {"Stat_Nam": "West Bengal", "Vil_Nam": "Chyangdana", "Dis_Num": "3", "Dis_Doc_Tot_Stren_Num": "21", "id": 321694}, "data_high": {"Stat_Nam": "UTTAR PRADESH", "Vil_Nam": "Safdarganj", "Dis_Num": "1", "Dis_Doc_Tot_Stren_Num": "7", "id": 163983}, "perc": 0.0004817535830422739, "metric": 99.99951224524568, "value_global_local": {}, "partition_field": null, "Vil_Nam": "Safdarganj", "Stat_Nam": "UTTAR PRADESH"}, {"data": [["Dis_Doc_Tot_Stren_Num", 8.0], ["Dis_Num", 1.0], 8.0], "data_low": {"Stat_Nam": "Punjab", "Vil_Nam": "Lamochar Kalan Hithar (361)", "Dis_Num": "1", "Dis_Doc_Tot_Stren_Num": "8", "id": 34787}, "data_high": {"Stat_Nam": "Punjab", "Vil_Nam": "Lamochar Kalan Hithar (361)", "Dis_Num": "1", "Dis_Doc_Tot_Stren_Num": "8", "id": 34787}, "perc": 0.0011240916937653056, "metric": 99.99886890698473, "value_global_local": {}, "partition_field": null, "Vil_Nam": "Lamochar Kalan Hithar (361)", "Stat_Nam": "Punjab"}, {"data": [["Dis_Doc_Tot_Stren_Num", 10.0], ["Dis_Num", 1.0], 10.0], "data_low": {"Stat_Nam": "UTTAR PRADESH", "Vil_Nam": "Baisundnra", "Dis_Num": "1", "Dis_Doc_Tot_Stren_Num": "10", "id": 147817}, "data_high": {"Stat_Nam": "UTTAR PRADESH", "Vil_Nam": "Baisundnra", "Dis_Num": "1", "Dis_Doc_Tot_Stren_Num": "10", "id": 147817}, "perc": 0.0011240916937653056, "metric": 99.99886690660715, "value_global_local": {}, "partition_field": null, "Vil_Nam": "Baisundnra", "Stat_Nam": "UTTAR PRADESH"}, {"data": [["Dis_Doc_Tot_Stren_Num", 12.0], ["Dis_Num", 1.0], 12.0], "data_low": {"Stat_Nam": "West Bengal", "Vil_Nam": "Naksalbari", "Dis_Num": "1", "Dis_Doc_Tot_Stren_Num": "12", "id": 305312}, "data_high": {"Stat_Nam": "West Bengal", "Vil_Nam": "Naksalbari", "Dis_Num": "1", "Dis_Doc_Tot_Stren_Num": "12", "id": 305312}, "perc": 0.0006423381107230318, "metric": 99.99934665975962, "value_global_local": {}, "partition_field": null, "Vil_Nam": "Naksalbari", "Stat_Nam": "West Bengal"}, {"data": [["Dis_Doc_Tot_Stren_Num", 16.0], ["Dis_Num", 1.0], 16.0], "data_low": {"Stat_Nam": "UTTAR PRADESH", "Vil_Nam": "Dhuthibari", "Dis_Num": "1", "Dis_Doc_Tot_Stren_Num": "16", "id": 182963}, "data_high": {"Stat_Nam": "UTTAR PRADESH", "Vil_Nam": "Dhuthibari", "Dis_Num": "1", "Dis_Doc_Tot_Stren_Num": "16", "id": 182963}, "perc": 0.00016058452768075794, "metric": 99.99982441249597, "value_global_local": {}, "partition_field": null, "Vil_Nam": "Dhuthibari", "Stat_Nam": "UTTAR PRADESH"}, {"data": [["Dis_Doc_Tot_Stren_Num", 17.0], ["Dis_Num", 1.0], 17.0], "data_low": {"Stat_Nam": "UTTAR PRADESH", "Vil_Nam": "Jalaluddin Nagar Uparhar", "Dis_Num": "1", "Dis_Doc_Tot_Stren_Num": "17", "id": 165552}, "data_high": {"Stat_Nam": "UTTAR PRADESH", "Vil_Nam": "Jalaluddin Nagar Uparhar", "Dis_Num": "1", "Dis_Doc_Tot_Stren_Num": "17", "id": 165552}, "perc": 0.00016058452768075794, "metric": 99.99982341229754, "value_global_local": {}, "partition_field": null, "Vil_Nam": "Jalaluddin Nagar Uparhar", "Stat_Nam": "UTTAR PRADESH"}, {"data": [["Dis_Doc_Tot_Stren_Num", 20.0], ["Dis_Num", 1.0], 20.0], "data_low": {"Stat_Nam": "West Bengal", "Vil_Nam": "Deulbere", "Dis_Num": "1", "Dis_Doc_Tot_Stren_Num": "20", "id": 335508}, "data_high": {"Stat_Nam": "West Bengal", "Vil_Nam": "Deulbere", "Dis_Num": "1", "Dis_Doc_Tot_Stren_Num": "20", "id": 335508}, "perc": 0.00016058452768075794, "metric": 99.99982041170227, "value_global_local": {}, "partition_field": null, "Vil_Nam": "Deulbere", "Stat_Nam": "West Bengal"}, {"data": [["Dis_Doc_Tot_Stren_Num", 1.0], ["Dis_Num", 0.0], 9999], "data_low": {"Stat_Nam": "JAMMU & KASHMIR", "Vil_Nam": "Karshah", "Dis_Num": "0", "Dis_Doc_Tot_Stren_Num": "1", "id": 1065}, "data_high": {"Stat_Nam": "JAMMU & KASHMIR", "Vil_Nam": "Sonigam", "Dis_Num": "0", "Dis_Doc_Tot_Stren_Num": "3", "id": 3866}, "perc": 0.0016058452768075795, "metric": 99.98839431540773, "value_global_local": {}, "partition_field": null, "Vil_Nam": "Karshah", "Stat_Nam": "JAMMU & KASHMIR"}, {"data": [["Dis_Doc_Tot_Stren_Num", 0], ["Dis_Num", 0], 99980001], "data_low": {"Stat_Nam": "JAMMU & KASHMIR", "Vil_Nam": "Bore", "Dis_Num": "", "Dis_Doc_Tot_Stren_Num": "", "id": 0}, "data_high": {"Stat_Nam": "JAMMU & KASHMIR", "Vil_Nam": "Palmar", "Dis_Num": "Dis_Num", "Dis_Doc_Tot_Stren_Num": "Dis_st", "id": 4582}, "perc": 96.18579629852664, "metric": 9.620503634374503e-07, "value_global_local": {"null": {"global_perc": 0.9618579629852664, "local_perc": 1.0}}, "partition_field": "Dist_Other", "Vil_Nam": "Bore", "Stat_Nam": "JAMMU & KASHMIR"}]