[{"data": [["Fam_Wel_Cen_Doc_Tot_Stren_Num", 0.0], ["Fam_Wel_Cen_Par_Med_Staf_In_Pos_Num", 1.0], 0.0], "data_low": {"Stat_Nam": "HIMACHAL PRADESH", "Vil_Nam": "Muhal Gojra (20/20)", "Fam_Wel_Cen_Doc_Tot_Stren_Num": "", "Fam_Wel_Cen_Par_Med_Staf_In_Pos_Num": "1", "id": 12596}, "data_high": {"Stat_Nam": "UTTAR PRADESH", "Vil_Nam": "Lakhanapur", "Fam_Wel_Cen_Doc_Tot_Stren_Num": "1", "Fam_Wel_Cen_Par_Med_Staf_In_Pos_Num": "20", "id": 143957}, "perc": 1.439640290657995, "metric": 98.56036069514276, "value_global_local": {"ANDAMAN & NICOBAR ISLANDS": {"global_perc": 0.016216216216216217, "local_perc": 0.001003904071388734}, "Arunachal Pradesh": {"global_perc": 0.0001789228842368939, "local_perc": 0.00011154489682097045}, "BIHAR": {"global_perc": 0.04343272273476846, "local_perc": 0.21740100390407138}, "Dadra & Nagar Haveli": {"global_perc": 0.015384615384615385, "local_perc": 0.00011154489682097045}, "GOA": {"global_perc": 0.0658682634730539, "local_perc": 0.00245398773006135}, "HARYANA": {"global_perc": 0.00438532378307265, "local_perc": 0.0033463469046291134}, "HIMACHAL PRADESH": {"global_perc": 0.0004349927501208313, "local_perc": 0.001003904071388734}, "JAMMU & KASHMIR": {"global_perc": 0.00015260186174271325, "local_perc": 0.00011154489682097045}, "KARNATAKA": {"global_perc": 0.20432856169052488, "local_perc": 0.6687116564417178}, "MIZORAM": {"global_perc": 0.0012048192771084338, "local_perc": 0.00011154489682097045}, "NAGALAND": {"global_perc": 0.004201680672268907, "local_perc": 0.0006692693809258227}, "PUDUCHERRY": {"global_perc": 0.022222222222222223, "local_perc": 0.0002230897936419409}, "SIKKIM": {"global_perc": 0.31263858093126384, "local_perc": 0.01572783045175683}, "TRIPURA": {"global_perc": 0.0034285714285714284, "local_perc": 0.00033463469046291134}, "Tamil Nadu": {"global_perc": 0.0006258213905751299, "local_perc": 0.0011154489682097045}, "UTTAR PRADESH": {"global_perc": 0.0014891265663925675, "local_perc": 0.017735638594534302}, "UTTARAKHAND": {"global_perc": 0.010063717024950873, "local_perc": 0.018851087562744003}, "West Bengal": {"global_perc": 0.011363071261624148, "local_perc": 0.05097601784718349}}, "partition_field": "Stat_Nam", "Vil_Nam": "Keshwan", "Stat_Nam": "JAMMU & KASHMIR"}, {"data": [["Fam_Wel_Cen_Doc_Tot_Stren_Num", 2.0], ["Fam_Wel_Cen_Par_Med_Staf_In_Pos_Num", 19.0], 0.10526315789473684], "data_low": {"Stat_Nam": "RAJASTHAN", "Vil_Nam": "Pahari", "Fam_Wel_Cen_Doc_Tot_Stren_Num": "1", "Fam_Wel_Cen_Par_Med_Staf_In_Pos_Num": "9", "id": 73336}, "data_high": {"Stat_Nam": "PUDUCHERRY", "Vil_Nam": "Kirumampakkam", "Fam_Wel_Cen_Doc_Tot_Stren_Num": "3", "Fam_Wel_Cen_Par_Med_Staf_In_Pos_Num": "26", "id": 622130}, "perc": 0.03420450439600145, "metric": 99.96579639021371, "value_global_local": {"": {"global_perc": 0.00040700509524303194, "local_perc": 0.9953051643192489}, "GUDRI": {"global_perc": 0.25, "local_perc": 0.004694835680751174}}, "partition_field": "Near_Vil_Tow_Nam_hav_Prim_School", "Vil_Nam": "Nettapakkam", "Stat_Nam": "PUDUCHERRY"}, {"data": [["Fam_Wel_Cen_Doc_Tot_Stren_Num", 3.0], ["Fam_Wel_Cen_Par_Med_Staf_In_Pos_Num", 14.0], 0.21428571428571427], "data_low": {"Stat_Nam": "JAMMU & KASHMIR", "Vil_Nam": "Kot Ranka", "Fam_Wel_Cen_Doc_Tot_Stren_Num": "1", "Fam_Wel_Cen_Par_Med_Staf_In_Pos_Num": "4", "id": 1447}, "data_high": {"Stat_Nam": "PUDUCHERRY", "Vil_Nam": "Karikalampakkam", "Fam_Wel_Cen_Doc_Tot_Stren_Num": "7", "Fam_Wel_Cen_Par_Med_Staf_In_Pos_Num": "29", "id": 622125}, "perc": 0.08687622947529006, "metric": 99.91312455571342, "value_global_local": {"": {"global_perc": 0.0010194325734625, "local_perc": 0.9815157116451017}, "ANDIPATTI": {"global_perc": 0.25, "local_perc": 0.0018484288354898336}, "BASANTPUR": {"global_perc": 0.02564102564102564, "local_perc": 0.0018484288354898336}, "BASOLI MALLI": {"global_perc": 0.5, "local_perc": 0.0018484288354898336}, "DHNGULI": {"global_perc": 1.0, "local_perc": 0.0018484288354898336}, "DUNGRI MALLI": {"global_perc": 0.5, "local_perc": 0.0018484288354898336}, "GHINDWARA": {"global_perc": 0.14285714285714285, "local_perc": 0.0018484288354898336}, "KANDI": {"global_perc": 0.08333333333333333, "local_perc": 0.0018484288354898336}, "KUMIZHI": {"global_perc": 1.0, "local_perc": 0.0018484288354898336}, "MALAU": {"global_perc": 1.0, "local_perc": 0.0018484288354898336}, "VADAKATTUPATTI": {"global_perc": 1.0, "local_perc": 0.0018484288354898336}}, "partition_field": "Near_Vil_Tow_Nam_hav_Prim_School", "Vil_Nam": "Kabilakkurichi", "Stat_Nam": "Tamil Nadu"}, {"data": [["Fam_Wel_Cen_Doc_Tot_Stren_Num", 6.0], ["Fam_Wel_Cen_Par_Med_Staf_In_Pos_Num", 19.0], 0.3157894736842105], "data_low": {"Stat_Nam": "JAMMU & KASHMIR", "Vil_Nam": "Lallan", "Fam_Wel_Cen_Doc_Tot_Stren_Num": "1", "Fam_Wel_Cen_Par_Med_Staf_In_Pos_Num": "3", "id": 3648}, "data_high": {"Stat_Nam": "Tamil Nadu", "Vil_Nam": "Desavilakku", "Fam_Wel_Cen_Doc_Tot_Stren_Num": "9", "Fam_Wel_Cen_Par_Med_Staf_In_Pos_Num": "25", "id": 611290}, "perc": 0.2893733188807258, "metric": 99.71062736348634, "value_global_local": {"": {"global_perc": 0.0034230664378222925, "local_perc": 0.9894561598224195}, "AZAMPUR": {"global_perc": 0.5, "local_perc": 0.0005549389567147614}, "BASAULI": {"global_perc": 0.3333333333333333, "local_perc": 0.0005549389567147614}, "BORAGAONWADI": {"global_perc": 1.0, "local_perc": 0.0005549389567147614}, "DABARI": {"global_perc": 1.0, "local_perc": 0.0005549389567147614}, "DAWAL GARH": {"global_perc": 0.25, "local_perc": 0.0005549389567147614}, "DUNGRI MALLI": {"global_perc": 0.5, "local_perc": 0.0005549389567147614}, "GAGELISAUR": {"global_perc": 1.0, "local_perc": 0.0005549389567147614}, "GHURET": {"global_perc": 1.0, "local_perc": 0.0005549389567147614}, "GRASTANGANJ": {"global_perc": 1.0, "local_perc": 0.0005549389567147614}, "GURPHALI": {"global_perc": 1.0, "local_perc": 0.0005549389567147614}, "JASKOT": {"global_perc": 0.3333333333333333, "local_perc": 0.0005549389567147614}, "KAFOL GAON TALLA": {"global_perc": 0.5, "local_perc": 0.0005549389567147614}, "KHARAR": {"global_perc": 0.1111111111111111, "local_perc": 0.0005549389567147614}, "KOLARI": {"global_perc": 1.0, "local_perc": 0.0005549389567147614}, "KULLATHILVAI": {"global_perc": 0.3333333333333333, "local_perc": 0.0005549389567147614}, "PATHOLI": {"global_perc": 1.0, "local_perc": 0.0005549389567147614}, "SYAHI DEVI GUNTH": {"global_perc": 1.0, "local_perc": 0.0005549389567147614}, "SYALDE": {"global_perc": 0.3333333333333333, "local_perc": 0.0005549389567147614}, "VELLALAPATTI": {"global_perc": 0.5, "local_perc": 0.0005549389567147614}}, "partition_field": "Near_Vil_Tow_Nam_hav_Prim_School", "Vil_Nam": "Mannadipet", "Stat_Nam": "PUDUCHERRY"}, {"data": [["Fam_Wel_Cen_Doc_Tot_Stren_Num", 3.0], ["Fam_Wel_Cen_Par_Med_Staf_In_Pos_Num", 7.0], 0.42857142857142855], "data_low": {"Stat_Nam": "JAMMU & KASHMIR", "Vil_Nam": "Sogam", "Fam_Wel_Cen_Doc_Tot_Stren_Num": "1", "Fam_Wel_Cen_Par_Med_Staf_In_Pos_Num": "2", "id": 36}, "data_high": {"Stat_Nam": "Tamil Nadu", "Vil_Nam": "Chickadasampalayam", "Fam_Wel_Cen_Doc_Tot_Stren_Num": "9", "Fam_Wel_Cen_Par_Med_Staf_In_Pos_Num": "18", "id": 621552}, "perc": 0.6306154402023365, "metric": 99.36938512773631, "value_global_local": {"ANDHRA PRADESH": {"global_perc": 0.0011151079136690648, "local_perc": 0.00789406671759613}, "ASSAM": {"global_perc": 0.0006061754120098503, "local_perc": 0.004074357015533486}, "Arunachal Pradesh": {"global_perc": 0.0010735373054213634, "local_perc": 0.0015278838808250573}, "BIHAR": {"global_perc": 0.0178276953246869, "local_perc": 0.20371785077667431}, "CHANDIGARH": {"global_perc": 0.2, "local_perc": 0.00025464731347084286}, "HARYANA": {"global_perc": 0.00116941967548604, "local_perc": 0.002037178507766743}, "HIMACHAL PRADESH": {"global_perc": 0.0002899951667472209, "local_perc": 0.0015278838808250573}, "JAMMU & KASHMIR": {"global_perc": 0.01922783457958187, "local_perc": 0.03208556149732621}, "JHARKHAND": {"global_perc": 0.0019448045934432302, "local_perc": 0.016042780748663103}, "KARNATAKA": {"global_perc": 0.004430811179277437, "local_perc": 0.03310415075120957}, "MADHYA PRADESH": {"global_perc": 0.002568165674006885, "local_perc": 0.03590527119938885}, "MANIPUR": {"global_perc": 0.0003874467260751647, "local_perc": 0.00025464731347084286}, "NCT OF DELHI": {"global_perc": 0.017857142857142856, "local_perc": 0.0005092946269416857}, "PUDUCHERRY": {"global_perc": 0.06666666666666667, "local_perc": 0.0015278838808250573}, "Punjab": {"global_perc": 0.003020427628964311, "local_perc": 0.00967659791189203}, "RAJASTHAN": {"global_perc": 0.029839720630372494, "local_perc": 0.33944486885663355}, "SIKKIM": {"global_perc": 0.0022172949002217295, "local_perc": 0.00025464731347084286}, "TRIPURA": {"global_perc": 0.0034285714285714284, "local_perc": 0.0007639419404125286}, "Tamil Nadu": {"global_perc": 0.024782527066775143, "local_perc": 0.10084033613445378}, "UTTAR PRADESH": {"global_perc": 0.007061644220503119, "local_perc": 0.19200407435701553}, "UTTARAKHAND": {"global_perc": 0.002679687965223605, "local_perc": 0.01145912910618793}, "West Bengal": {"global_perc": 0.0004972897707494157, "local_perc": 0.005092946269416858}}, "partition_field": "Stat_Nam", "Vil_Nam": "Kathoomar", "Stat_Nam": "RAJASTHAN"}, {"data": [["Fam_Wel_Cen_Doc_Tot_Stren_Num", 5.0], ["Fam_Wel_Cen_Par_Med_Staf_In_Pos_Num", 9.0], 0.5555555555555556], "data_low": {"Stat_Nam": "Tamil Nadu", "Vil_Nam": "Pamban", "Fam_Wel_Cen_Doc_Tot_Stren_Num": "12", "Fam_Wel_Cen_Par_Med_Staf_In_Pos_Num": "20", "id": 619437}, "data_high": {"Stat_Nam": "West Bengal", "Vil_Nam": "Gopiballavpur", "Fam_Wel_Cen_Doc_Tot_Stren_Num": "5", "Fam_Wel_Cen_Par_Med_Staf_In_Pos_Num": "9", "id": 338713}, "perc": 0.003211690553615159, "metric": 99.99678875396545, "value_global_local": {}, "partition_field": null, "Vil_Nam": "Gopiballavpur", "Stat_Nam": "West Bengal"}, {"data": [["Fam_Wel_Cen_Doc_Tot_Stren_Num", 2.0], ["Fam_Wel_Cen_Par_Med_Staf_In_Pos_Num", 3.0], 0.6666666666666666], "data_low": {"Stat_Nam": "UTTAR PRADESH", "Vil_Nam": "Ramnagar Sikari", "Fam_Wel_Cen_Doc_Tot_Stren_Num": "18", "Fam_Wel_Cen_Par_Med_Staf_In_Pos_Num": "25", "id": 210648}, "data_high": {"Stat_Nam": "West Bengal", "Vil_Nam": "Goalpota", "Fam_Wel_Cen_Doc_Tot_Stren_Num": "9", "Fam_Wel_Cen_Par_Med_Staf_In_Pos_Num": "13", "id": 330938}, "perc": 0.027138785178048096, "metric": 99.97286154813146, "value_global_local": {"ANDHRA PRADESH": {"global_perc": 0.0006115107913669065, "local_perc": 0.10059171597633136}, "ASSAM": {"global_perc": 0.0004546315590073878, "local_perc": 0.07100591715976332}, "BIHAR": {"global_perc": 0.000958238623701921, "local_perc": 0.25443786982248523}, "HARYANA": {"global_perc": 0.000146177459435755, "local_perc": 0.005917159763313609}, "HIMACHAL PRADESH": {"global_perc": 4.833252779120348e-05, "local_perc": 0.005917159763313609}, "JAMMU & KASHMIR": {"global_perc": 0.0021364260643979855, "local_perc": 0.08284023668639054}, "KARNATAKA": {"global_perc": 6.81663258350375e-05, "local_perc": 0.011834319526627219}, "MADHYA PRADESH": {"global_perc": 0.0004735624647104894, "local_perc": 0.15384615384615385}, "RAJASTHAN": {"global_perc": 0.00011192693409742121, "local_perc": 0.029585798816568046}, "SIKKIM": {"global_perc": 0.0066518847006651885, "local_perc": 0.01775147928994083}, "TRIPURA": {"global_perc": 0.002285714285714286, "local_perc": 0.011834319526627219}, "Tamil Nadu": {"global_perc": 0.00025032855623005195, "local_perc": 0.023668639053254437}, "UTTAR PRADESH": {"global_perc": 0.0003371607320134115, "local_perc": 0.21301775147928995}, "West Bengal": {"global_perc": 7.459346561241235e-05, "local_perc": 0.01775147928994083}}, "partition_field": "Stat_Nam", "Vil_Nam": "Gushi", "Stat_Nam": "JAMMU & KASHMIR"}, {"data": [["Fam_Wel_Cen_Doc_Tot_Stren_Num", 7.0], ["Fam_Wel_Cen_Par_Med_Staf_In_Pos_Num", 9.0], 0.7777777777777778], "data_low": {"Stat_Nam": "RAJASTHAN", "Vil_Nam": "Molasar", "Fam_Wel_Cen_Doc_Tot_Stren_Num": "4", "Fam_Wel_Cen_Par_Med_Staf_In_Pos_Num": "5", "id": 82072}, "data_high": {"Stat_Nam": "JHARKHAND", "Vil_Nam": "Lothmana", "Fam_Wel_Cen_Doc_Tot_Stren_Num": "7", "Fam_Wel_Cen_Par_Med_Staf_In_Pos_Num": "9", "id": 371207}, "perc": 0.0028905214982536433, "metric": 99.99710970076198, "value_global_local": {}, "partition_field": null, "Vil_Nam": "Lothmana", "Stat_Nam": "JHARKHAND"}, {"data": [["Fam_Wel_Cen_Doc_Tot_Stren_Num", 9.0], ["Fam_Wel_Cen_Par_Med_Staf_In_Pos_Num", 10.0], 0.9], "data_low": {"Stat_Nam": "JAMMU & KASHMIR", "Vil_Nam": "Krala Gund", "Fam_Wel_Cen_Doc_Tot_Stren_Num": "1", "Fam_Wel_Cen_Par_Med_Staf_In_Pos_Num": "1", "id": 296}, "data_high": {"Stat_Nam": "UTTAR PRADESH", "Vil_Nam": "Bhinga Dehati", "Fam_Wel_Cen_Doc_Tot_Stren_Num": "9", "Fam_Wel_Cen_Par_Med_Staf_In_Pos_Num": "10", "id": 171911}, "perc": 1.2365008631418362, "metric": 98.7634992356414, "value_global_local": {"ANDHRA PRADESH": {"global_perc": 0.0002517985611510791, "local_perc": 0.0009090909090909091}, "ASSAM": {"global_perc": 0.011479446864936542, "local_perc": 0.03935064935064935}, "Arunachal Pradesh": {"global_perc": 0.0010735373054213634, "local_perc": 0.0007792207792207792}, "BIHAR": {"global_perc": 0.03251325934839774, "local_perc": 0.18948051948051947}, "GOA": {"global_perc": 0.11676646706586827, "local_perc": 0.005064935064935065}, "HARYANA": {"global_perc": 0.003946791404765385, "local_perc": 0.0035064935064935067}, "HIMACHAL PRADESH": {"global_perc": 0.007878202029966168, "local_perc": 0.02116883116883117}, "JAMMU & KASHMIR": {"global_perc": 0.011445139630703495, "local_perc": 0.00974025974025974}, "JHARKHAND": {"global_perc": 0.013366672840649503, "local_perc": 0.05623376623376623}, "KARNATAKA": {"global_perc": 0.027505112474437626, "local_perc": 0.1048051948051948}, "KERALA": {"global_perc": 0.5648330058939096, "local_perc": 0.07467532467532467}, "MADHYA PRADESH": {"global_perc": 0.013259749011893704, "local_perc": 0.09454545454545454}, "MANIPUR": {"global_perc": 0.0003874467260751647, "local_perc": 0.00012987012987012987}, "Maharashtra": {"global_perc": 0.04273445551356922, "local_perc": 0.24233766233766232}, "Meghalaya": {"global_perc": 0.019154847199883022, "local_perc": 0.017012987012987014}, "NCT OF DELHI": {"global_perc": 0.044642857142857144, "local_perc": 0.0006493506493506494}, "PUDUCHERRY": {"global_perc": 0.2777777777777778, "local_perc": 0.003246753246753247}, "Punjab": {"global_perc": 0.03394006835704634, "local_perc": 0.05545454545454546}, "RAJASTHAN": {"global_perc": 0.0009849570200573066, "local_perc": 0.005714285714285714}, "SIKKIM": {"global_perc": 0.013303769401330377, "local_perc": 0.0007792207792207792}, "TRIPURA": {"global_perc": 0.017142857142857144, "local_perc": 0.001948051948051948}, "UTTAR PRADESH": {"global_perc": 0.003493359806694514, "local_perc": 0.04844155844155844}, "UTTARAKHAND": {"global_perc": 0.007205383195379027, "local_perc": 0.015714285714285715}, "West Bengal": {"global_perc": 0.0015913272663981301, "local_perc": 0.008311688311688312}}, "partition_field": "Stat_Nam", "Vil_Nam": "Bhinga Dehati", "Stat_Nam": "UTTAR PRADESH"}, {"data": [["Fam_Wel_Cen_Doc_Tot_Stren_Num", 25.0], ["Fam_Wel_Cen_Par_Med_Staf_In_Pos_Num", 23.0], 1.0869565217391304], "data_low": {"Stat_Nam": "UTTAR PRADESH", "Vil_Nam": "Salon", "Fam_Wel_Cen_Doc_Tot_Stren_Num": "25", "Fam_Wel_Cen_Par_Med_Staf_In_Pos_Num": "23", "id": 144674}, "data_high": {"Stat_Nam": "Tamil Nadu", "Vil_Nam": "Neendakara-A (Part)", "Fam_Wel_Cen_Doc_Tot_Stren_Num": "8", "Fam_Wel_Cen_Par_Med_Staf_In_Pos_Num": "7", "id": 620393}, "perc": 0.0003211690553615159, "metric": 99.999678743971, "value_global_local": {}, "partition_field": null, "Vil_Nam": "Salon", "Stat_Nam": "UTTAR PRADESH"}, {"data": [["Fam_Wel_Cen_Doc_Tot_Stren_Num", 4.0], ["Fam_Wel_Cen_Par_Med_Staf_In_Pos_Num", 3.0], 1.3333333333333333], "data_low": {"Stat_Nam": "UTTARAKHAND", "Vil_Nam": "Tanakpur", "Fam_Wel_Cen_Doc_Tot_Stren_Num": "4", "Fam_Wel_Cen_Par_Med_Staf_In_Pos_Num": "3", "id": 54151}, "data_high": {"Stat_Nam": "UTTARAKHAND", "Vil_Nam": "Tanakpur", "Fam_Wel_Cen_Doc_Tot_Stren_Num": "4", "Fam_Wel_Cen_Par_Med_Staf_In_Pos_Num": "3", "id": 54151}, "perc": 0.0012846762214460635, "metric": 99.99871499038284, "value_global_local": {}, "partition_field": null, "Vil_Nam": "Tanakpur", "Stat_Nam": "UTTARAKHAND"}, {"data": [["Fam_Wel_Cen_Doc_Tot_Stren_Num", 3.0], ["Fam_Wel_Cen_Par_Med_Staf_In_Pos_Num", 2.0], 1.5], "data_low": {"Stat_Nam": "JAMMU & KASHMIR", "Vil_Nam": "Tikri", "Fam_Wel_Cen_Doc_Tot_Stren_Num": "3", "Fam_Wel_Cen_Par_Med_Staf_In_Pos_Num": "2", "id": 4829}, "data_high": {"Stat_Nam": "JAMMU & KASHMIR", "Vil_Nam": "Tikri", "Fam_Wel_Cen_Doc_Tot_Stren_Num": "3", "Fam_Wel_Cen_Par_Med_Staf_In_Pos_Num": "2", "id": 4829}, "perc": 0.0033722750812959167, "metric": 99.99662722483556, "value_global_local": {"HIMACHAL PRADESH": {"global_perc": 4.833252779120348e-05, "local_perc": 0.047619047619047616}, "JAMMU & KASHMIR": {"global_perc": 0.00015260186174271325, "local_perc": 0.047619047619047616}, "JHARKHAND": {"global_perc": 3.086991418163858e-05, "local_perc": 0.047619047619047616}, "MADHYA PRADESH": {"global_perc": 3.642788190080688e-05, "local_perc": 0.09523809523809523}, "RAJASTHAN": {"global_perc": 0.0001566977077363897, "local_perc": 0.3333333333333333}, "SIKKIM": {"global_perc": 0.0022172949002217295, "local_perc": 0.047619047619047616}, "TRIPURA": {"global_perc": 0.001142857142857143, "local_perc": 0.047619047619047616}, "UTTAR PRADESH": {"global_perc": 4.682787944630715e-05, "local_perc": 0.23809523809523808}, "UTTARAKHAND": {"global_perc": 5.954862144941345e-05, "local_perc": 0.047619047619047616}, "West Bengal": {"global_perc": 2.4864488537470783e-05, "local_perc": 0.047619047619047616}}, "partition_field": "Stat_Nam", "Vil_Nam": "Tikri", "Stat_Nam": "JAMMU & KASHMIR"}, {"data": [["Fam_Wel_Cen_Doc_Tot_Stren_Num", 5.0], ["Fam_Wel_Cen_Par_Med_Staf_In_Pos_Num", 3.0], 1.6666666666666667], "data_low": {"Stat_Nam": "UTTAR PRADESH", "Vil_Nam": "Mamari Mu. Daranagar", "Fam_Wel_Cen_Doc_Tot_Stren_Num": "5", "Fam_Wel_Cen_Par_Med_Staf_In_Pos_Num": "3", "id": 211313}, "data_high": {"Stat_Nam": "UTTAR PRADESH", "Vil_Nam": "Mamari Mu. Daranagar", "Fam_Wel_Cen_Doc_Tot_Stren_Num": "5", "Fam_Wel_Cen_Par_Med_Staf_In_Pos_Num": "3", "id": 211313}, "perc": 0.00016058452768075794, "metric": 99.99983874867337, "value_global_local": {}, "partition_field": null, "Vil_Nam": "Mamari Mu. Daranagar", "Stat_Nam": "UTTAR PRADESH"}, {"data": [["Fam_Wel_Cen_Doc_Tot_Stren_Num", 2.0], ["Fam_Wel_Cen_Par_Med_Staf_In_Pos_Num", 1.0], 2.0], "data_low": {"Stat_Nam": "JAMMU & KASHMIR", "Vil_Nam": "Gana Pora", "Fam_Wel_Cen_Doc_Tot_Stren_Num": "2", "Fam_Wel_Cen_Par_Med_Staf_In_Pos_Num": "1", "id": 193}, "data_high": {"Stat_Nam": "UTTAR PRADESH", "Vil_Nam": "Bar", "Fam_Wel_Cen_Doc_Tot_Stren_Num": "6", "Fam_Wel_Cen_Par_Med_Staf_In_Pos_Num": "3", "id": 152208}, "perc": 0.09570837849773174, "metric": 99.90429062225951, "value_global_local": {"ASSAM": {"global_perc": 7.577192650123129e-05, "local_perc": 0.003355704697986577}, "BIHAR": {"global_perc": 0.000779961670455052, "local_perc": 0.0587248322147651}, "HARYANA": {"global_perc": 0.00029235491887151, "local_perc": 0.003355704697986577}, "HIMACHAL PRADESH": {"global_perc": 0.00019333011116481392, "local_perc": 0.006711409395973154}, "JAMMU & KASHMIR": {"global_perc": 0.0003052037234854265, "local_perc": 0.003355704697986577}, "JHARKHAND": {"global_perc": 0.0003704389701796629, "local_perc": 0.020134228187919462}, "MADHYA PRADESH": {"global_perc": 0.0006921297561153307, "local_perc": 0.06375838926174497}, "MANIPUR": {"global_perc": 0.0003874467260751647, "local_perc": 0.0016778523489932886}, "ODISHA": {"global_perc": 0.008652778048447761, "local_perc": 0.7449664429530202}, "Punjab": {"global_perc": 0.0007948493760432398, "local_perc": 0.016778523489932886}, "RAJASTHAN": {"global_perc": 0.00029101002865329514, "local_perc": 0.02181208053691275}, "TRIPURA": {"global_perc": 0.005714285714285714, "local_perc": 0.008389261744966443}, "UTTAR PRADESH": {"global_perc": 0.0001779459418959672, "local_perc": 0.031879194630872486}, "UTTARAKHAND": {"global_perc": 0.0002381944857976538, "local_perc": 0.006711409395973154}, "West Bengal": {"global_perc": 0.00012432244268735393, "local_perc": 0.008389261744966443}}, "partition_field": "Stat_Nam", "Vil_Nam": "Gana Pora", "Stat_Nam": "JAMMU & KASHMIR"}, {"data": [["Fam_Wel_Cen_Doc_Tot_Stren_Num", 5.0], ["Fam_Wel_Cen_Par_Med_Staf_In_Pos_Num", 2.0], 2.5], "data_low": {"Stat_Nam": "UTTARAKHAND", "Vil_Nam": "Sirodi", "Fam_Wel_Cen_Doc_Tot_Stren_Num": "5", "Fam_Wel_Cen_Par_Med_Staf_In_Pos_Num": "2", "id": 54239}, "data_high": {"Stat_Nam": "UTTARAKHAND", "Vil_Nam": "Sirodi", "Fam_Wel_Cen_Doc_Tot_Stren_Num": "5", "Fam_Wel_Cen_Par_Med_Staf_In_Pos_Num": "2", "id": 54239}, "perc": 0.0008029226384037898, "metric": 99.9991955770736, "value_global_local": {}, "partition_field": null, "Vil_Nam": "Sirodi", "Stat_Nam": "UTTARAKHAND"}, {"data": [["Fam_Wel_Cen_Doc_Tot_Stren_Num", 6.0], ["Fam_Wel_Cen_Par_Med_Staf_In_Pos_Num", 2.0], 3.0], "data_low": {"Stat_Nam": "UTTARAKHAND", "Vil_Nam": "Dall Kanya", "Fam_Wel_Cen_Doc_Tot_Stren_Num": "3", "Fam_Wel_Cen_Par_Med_Staf_In_Pos_Num": "1", "id": 54771}, "data_high": {"Stat_Nam": "HIMACHAL PRADESH", "Vil_Nam": "Bathri Jarai  (82)", "Fam_Wel_Cen_Doc_Tot_Stren_Num": "6", "Fam_Wel_Cen_Par_Med_Staf_In_Pos_Num": "2", "id": 7324}, "perc": 0.0016058452768075795, "metric": 99.99839215435526, "value_global_local": {}, "partition_field": null, "Vil_Nam": "Bathri Jarai  (82)", "Stat_Nam": "HIMACHAL PRADESH"}, {"data": [["Fam_Wel_Cen_Doc_Tot_Stren_Num", 7.0], ["Fam_Wel_Cen_Par_Med_Staf_In_Pos_Num", 2.0], 3.5], "data_low": {"Stat_Nam": "UTTAR PRADESH", "Vil_Nam": "Dulahpur", "Fam_Wel_Cen_Doc_Tot_Stren_Num": "7", "Fam_Wel_Cen_Par_Med_Staf_In_Pos_Num": "2", "id": 210775}, "data_high": {"Stat_Nam": "UTTAR PRADESH", "Vil_Nam": "Dulahpur", "Fam_Wel_Cen_Doc_Tot_Stren_Num": "7", "Fam_Wel_Cen_Par_Med_Staf_In_Pos_Num": "2", "id": 210775}, "perc": 0.00016058452768075794, "metric": 99.99983691497627, "value_global_local": {}, "partition_field": null, "Vil_Nam": "Dulahpur", "Stat_Nam": "UTTAR PRADESH"}, {"data": [["Fam_Wel_Cen_Doc_Tot_Stren_Num", 4.0], ["Fam_Wel_Cen_Par_Med_Staf_In_Pos_Num", 1.0], 4.0], "data_low": {"Stat_Nam": "Punjab", "Vil_Nam": "Manak rai (29)", "Fam_Wel_Cen_Doc_Tot_Stren_Num": "4", "Fam_Wel_Cen_Par_Med_Staf_In_Pos_Num": "1", "id": 30431}, "data_high": {"Stat_Nam": "UTTAR PRADESH", "Vil_Nam": "Patkhauli", "Fam_Wel_Cen_Doc_Tot_Stren_Num": "8", "Fam_Wel_Cen_Par_Med_Staf_In_Pos_Num": "2", "id": 210726}, "perc": 0.0014452607491268216, "metric": 99.99855173869415, "value_global_local": {}, "partition_field": null, "Vil_Nam": "Manak rai (29)", "Stat_Nam": "Punjab"}, {"data": [["Fam_Wel_Cen_Doc_Tot_Stren_Num", 10.0], ["Fam_Wel_Cen_Par_Med_Staf_In_Pos_Num", 2.0], 5.0], "data_low": {"Stat_Nam": "UTTAR PRADESH", "Vil_Nam": "Kotawa", "Fam_Wel_Cen_Doc_Tot_Stren_Num": "10", "Fam_Wel_Cen_Par_Med_Staf_In_Pos_Num": "2", "id": 199054}, "data_high": {"Stat_Nam": "UTTAR PRADESH", "Vil_Nam": "Kotawa", "Fam_Wel_Cen_Doc_Tot_Stren_Num": "10", "Fam_Wel_Cen_Par_Med_Staf_In_Pos_Num": "2", "id": 199054}, "perc": 0.00016058452768075794, "metric": 99.99983541467863, "value_global_local": {}, "partition_field": null, "Vil_Nam": "Kotawa", "Stat_Nam": "UTTAR PRADESH"}, {"data": [["Fam_Wel_Cen_Doc_Tot_Stren_Num", 6.0], ["Fam_Wel_Cen_Par_Med_Staf_In_Pos_Num", 1.0], 6.0], "data_low": {"Stat_Nam": "UTTAR PRADESH", "Vil_Nam": "Mathauli", "Fam_Wel_Cen_Doc_Tot_Stren_Num": "6", "Fam_Wel_Cen_Par_Med_Staf_In_Pos_Num": "1", "id": 188050}, "data_high": {"Stat_Nam": "UTTAR PRADESH", "Vil_Nam": "Mathauli", "Fam_Wel_Cen_Doc_Tot_Stren_Num": "6", "Fam_Wel_Cen_Par_Med_Staf_In_Pos_Num": "1", "id": 188050}, "perc": 0.0004817535830422739, "metric": 99.9995132454409, "value_global_local": {}, "partition_field": null, "Vil_Nam": "Mathauli", "Stat_Nam": "UTTAR PRADESH"}, {"data": [["Fam_Wel_Cen_Doc_Tot_Stren_Num", 9.0], ["Fam_Wel_Cen_Par_Med_Staf_In_Pos_Num", 1.0], 9.0], "data_low": {"Stat_Nam": "JHARKHAND", "Vil_Nam": "Kantu", "Fam_Wel_Cen_Doc_Tot_Stren_Num": "9", "Fam_Wel_Cen_Par_Med_Staf_In_Pos_Num": "1", "id": 371875}, "data_high": {"Stat_Nam": "JHARKHAND", "Vil_Nam": "Kantu", "Fam_Wel_Cen_Doc_Tot_Stren_Num": "9", "Fam_Wel_Cen_Par_Med_Staf_In_Pos_Num": "1", "id": 371875}, "perc": 0.00016058452768075794, "metric": 99.99983141388493, "value_global_local": {}, "partition_field": null, "Vil_Nam": "Kantu", "Stat_Nam": "JHARKHAND"}, {"data": [["Fam_Wel_Cen_Doc_Tot_Stren_Num", 2.0], ["Fam_Wel_Cen_Par_Med_Staf_In_Pos_Num", 0.0], 9999], "data_low": {"Stat_Nam": "HIMACHAL PRADESH", "Vil_Nam": "Mahliat  (33)", "Fam_Wel_Cen_Doc_Tot_Stren_Num": "1", "Fam_Wel_Cen_Par_Med_Staf_In_Pos_Num": "0", "id": 6583}, "data_high": {"Stat_Nam": "UTTAR PRADESH", "Vil_Nam": "Jagatpur", "Fam_Wel_Cen_Doc_Tot_Stren_Num": "8", "Fam_Wel_Cen_Par_Med_Staf_In_Pos_Num": "0", "id": 147286}, "perc": 0.7541049419888394, "metric": 99.23597046860462, "value_global_local": {"BIHAR": {"global_perc": 0.00011142309577929313, "local_perc": 0.0010647359454855196}, "GOA": {"global_perc": 0.0029940119760479044, "local_perc": 0.00021294718909710392}, "HARYANA": {"global_perc": 0.000146177459435755, "local_perc": 0.00021294718909710392}, "HIMACHAL PRADESH": {"global_perc": 0.0015949734171097148, "local_perc": 0.0070272572402044296}, "JAMMU & KASHMIR": {"global_perc": 0.00015260186174271325, "local_perc": 0.00021294718909710392}, "JHARKHAND": {"global_perc": 0.0030869914181638576, "local_perc": 0.02129471890971039}, "MADHYA PRADESH": {"global_perc": 1.821394095040344e-05, "local_perc": 0.00021294718909710392}, "MIZORAM": {"global_perc": 0.0012048192771084338, "local_perc": 0.00021294718909710392}, "TRIPURA": {"global_perc": 0.004571428571428572, "local_perc": 0.0008517887563884157}, "UTTAR PRADESH": {"global_perc": 0.04118043718508251, "local_perc": 0.936328790459966}, "UTTARAKHAND": {"global_perc": 0.001846007264931817, "local_perc": 0.006601362862010221}, "West Bengal": {"global_perc": 0.003008603113033965, "local_perc": 0.025766609880749573}}, "partition_field": "Stat_Nam", "Vil_Nam": "Purmandal", "Stat_Nam": "JAMMU & KASHMIR"}, {"data": [["Fam_Wel_Cen_Doc_Tot_Stren_Num", 0], ["Fam_Wel_Cen_Par_Med_Staf_In_Pos_Num", 0], 99980001], "data_low": {"Stat_Nam": "JAMMU & KASHMIR", "Vil_Nam": "Bore", "Fam_Wel_Cen_Doc_Tot_Stren_Num": "", "Fam_Wel_Cen_Par_Med_Staf_In_Pos_Num": "", "id": 0}, "data_high": {"Stat_Nam": "JAMMU & KASHMIR", "Vil_Nam": "Palmar", "Fam_Wel_Cen_Doc_Tot_Stren_Num": "Fam_st", "Fam_Wel_Cen_Par_Med_Staf_In_Pos_Num": "Fam_ppos", "id": 4582}, "perc": 95.38977879481311, "metric": 9.540885961264705e-07, "value_global_local": {"null": {"global_perc": 0.9538977879481312, "local_perc": 1.0}}, "partition_field": "Dist_Other", "Vil_Nam": "Bore", "Stat_Nam": "JAMMU & KASHMIR"}]