[{"data": [["Hos_Allop_Doc_Tot_Stren_Num", 0], ["Hos_Allop_Num", 1.0], 0.0], "data_low": {"Stat_Nam": "JAMMU & KASHMIR", "Vil_Nam": "Desa", "Hos_Allop_Num": "1", "Hos_Allop_Doc_Tot_Stren_Num": "", "id": 4047}, "data_high": {"Stat_Nam": "HIMACHAL PRADESH", "Vil_Nam": "Bhagair (126)", "Hos_Allop_Num": "1", "Hos_Allop_Doc_Tot_Stren_Num": "0", "id": 13382}, "perc": 0.07884700309125216, "metric": 99.92115399632016, "value_global_local": {"ANDAMAN & NICOBAR ISLANDS": {"global_perc": 0.0018018018018018018, "local_perc": 0.002036659877800407}, "Arunachal Pradesh": {"global_perc": 0.001968151726605833, "local_perc": 0.02240325865580448}, "HIMACHAL PRADESH": {"global_perc": 9.666505558240696e-05, "local_perc": 0.004073319755600814}, "JAMMU & KASHMIR": {"global_perc": 0.00015260186174271325, "local_perc": 0.002036659877800407}, "MADHYA PRADESH": {"global_perc": 0.0009835528113217857, "local_perc": 0.109979633401222}, "MIZORAM": {"global_perc": 0.004819277108433735, "local_perc": 0.008146639511201629}, "NAGALAND": {"global_perc": 0.0007002801120448179, "local_perc": 0.002036659877800407}, "TRIPURA": {"global_perc": 0.002285714285714286, "local_perc": 0.004073319755600814}, "UTTAR PRADESH": {"global_perc": 0.00044018206679528725, "local_perc": 0.09572301425661914}, "West Bengal": {"global_perc": 0.009150131781789249, "local_perc": 0.7494908350305499}}, "partition_field": "Stat_Nam", "Vil_Nam": "Desa", "Stat_Nam": "JAMMU & KASHMIR"}, {"data": [["Hos_Allop_Doc_Tot_Stren_Num", 1.0], ["Hos_Allop_Num", 5.0], 0.2], "data_low": {"Stat_Nam": "West Bengal", "Vil_Nam": "Gokulchanda", "Hos_Allop_Num": "5", "Hos_Allop_Doc_Tot_Stren_Num": "1", "id": 307279}, "data_high": {"Stat_Nam": "West Bengal", "Vil_Nam": "Gokulchanda", "Hos_Allop_Num": "5", "Hos_Allop_Doc_Tot_Stren_Num": "1", "id": 307279}, "perc": 0.0003211690553615159, "metric": 99.99967963110208, "value_global_local": {}, "partition_field": null, "Vil_Nam": "Gokulchanda", "Stat_Nam": "West Bengal"}, {"data": [["Hos_Allop_Doc_Tot_Stren_Num", 2.0], ["Hos_Allop_Num", 5.0], 0.4], "data_low": {"Stat_Nam": "Punjab", "Vil_Nam": "Dolchipur (112)", "Hos_Allop_Num": "2", "Hos_Allop_Doc_Tot_Stren_Num": "1", "id": 38049}, "data_high": {"Stat_Nam": "West Bengal", "Vil_Nam": "Krishnapur", "Hos_Allop_Num": "9", "Hos_Allop_Doc_Tot_Stren_Num": "4", "id": 341739}, "perc": 0.00626279657954956, "metric": 99.99373780350288, "value_global_local": {"ASSAM": {"global_perc": 7.577192650123129e-05, "local_perc": 0.05128205128205128}, "Punjab": {"global_perc": 0.0014307288768778317, "local_perc": 0.46153846153846156}, "UTTAR PRADESH": {"global_perc": 0.00011238691067113716, "local_perc": 0.3076923076923077}, "UTTARAKHAND": {"global_perc": 0.0002381944857976538, "local_perc": 0.10256410256410256}, "West Bengal": {"global_perc": 7.459346561241235e-05, "local_perc": 0.07692307692307693}}, "partition_field": "Stat_Nam", "Vil_Nam": "Naraharipur", "Stat_Nam": "West Bengal"}, {"data": [["Hos_Allop_Doc_Tot_Stren_Num", 1.0], ["Hos_Allop_Num", 1.0], 1.0], "data_low": {"Stat_Nam": "JAMMU & KASHMIR", "Vil_Nam": "Dudi", "Hos_Allop_Num": "1", "Hos_Allop_Doc_Tot_Stren_Num": "1", "id": 10}, "data_high": {"Stat_Nam": "West Bengal", "Vil_Nam": "Bala", "Hos_Allop_Num": "6", "Hos_Allop_Doc_Tot_Stren_Num": "6", "id": 335600}, "perc": 0.6052430848287768, "metric": 99.39475691517123, "value_global_local": {"ANDAMAN & NICOBAR ISLANDS": {"global_perc": 0.0018018018018018018, "local_perc": 0.0002653223666755107}, "ANDHRA PRADESH": {"global_perc": 0.0016906474820143885, "local_perc": 0.012470151233749005}, "ASSAM": {"global_perc": 0.0014396666035233945, "local_perc": 0.010082249933669409}, "Arunachal Pradesh": {"global_perc": 0.0001789228842368939, "local_perc": 0.0002653223666755107}, "HIMACHAL PRADESH": {"global_perc": 0.0019816336394393426, "local_perc": 0.010878217033695941}, "JAMMU & KASHMIR": {"global_perc": 0.007630093087135663, "local_perc": 0.013266118333775537}, "JHARKHAND": {"global_perc": 0.01910847687843428, "local_perc": 0.16423454497214116}, "KERALA": {"global_perc": 0.0029469548133595285, "local_perc": 0.0007959671000265323}, "MADHYA PRADESH": {"global_perc": 0.001784966213139537, "local_perc": 0.02600159193420005}, "MANIPUR": {"global_perc": 0.0003874467260751647, "local_perc": 0.0002653223666755107}, "Maharashtra": {"global_perc": 0.0415664720027482, "local_perc": 0.481560095516052}, "NCT OF DELHI": {"global_perc": 0.008928571428571428, "local_perc": 0.0002653223666755107}, "Punjab": {"global_perc": 0.02257372227962801, "local_perc": 0.07535155213584505}, "TRIPURA": {"global_perc": 0.013714285714285714, "local_perc": 0.003183868400106129}, "UTTAR PRADESH": {"global_perc": 0.0036057467173656508, "local_perc": 0.10214911117007164}, "UTTARAKHAND": {"global_perc": 0.014291669147859226, "local_perc": 0.06367736800212258}, "West Bengal": {"global_perc": 0.003306976975483614, "local_perc": 0.03528787476784293}}, "partition_field": "Stat_Nam", "Vil_Nam": "Dudi", "Stat_Nam": "JAMMU & KASHMIR"}, {"data": [["Hos_Allop_Doc_Tot_Stren_Num", 3.0], ["Hos_Allop_Num", 2.0], 1.5], "data_low": {"Stat_Nam": "UTTAR PRADESH", "Vil_Nam": "Kirtapur", "Hos_Allop_Num": "2", "Hos_Allop_Doc_Tot_Stren_Num": "3", "id": 140301}, "data_high": {"Stat_Nam": "UTTAR PRADESH", "Vil_Nam": "Kirtapur", "Hos_Allop_Num": "2", "Hos_Allop_Doc_Tot_Stren_Num": "3", "id": 140301}, "perc": 0.00016058452768075794, "metric": 99.9998389153731, "value_global_local": {}, "partition_field": null, "Vil_Nam": "Kirtapur", "Stat_Nam": "UTTAR PRADESH"}, {"data": [["Hos_Allop_Doc_Tot_Stren_Num", 2.0], ["Hos_Allop_Num", 1.0], 2.0], "data_low": {"Stat_Nam": "JAMMU & KASHMIR", "Vil_Nam": "Krala Gund", "Hos_Allop_Num": "1", "Hos_Allop_Doc_Tot_Stren_Num": "2", "id": 296}, "data_high": {"Stat_Nam": "UTTAR PRADESH", "Vil_Nam": "Parsuwa", "Hos_Allop_Num": "2", "Hos_Allop_Doc_Tot_Stren_Num": "4", "id": 151528}, "perc": 0.07964992572965594, "metric": 99.92034907486698, "value_global_local": {"ANDHRA PRADESH": {"global_perc": 0.0005755395683453237, "local_perc": 0.03225806451612903}, "ASSAM": {"global_perc": 0.0018942981625307824, "local_perc": 0.10080645161290322}, "Arunachal Pradesh": {"global_perc": 0.0003578457684737878, "local_perc": 0.004032258064516129}, "GOA": {"global_perc": 0.005988023952095809, "local_perc": 0.004032258064516129}, "HIMACHAL PRADESH": {"global_perc": 0.0008216529724504591, "local_perc": 0.034274193548387094}, "JAMMU & KASHMIR": {"global_perc": 0.004883259575766824, "local_perc": 0.06451612903225806}, "JHARKHAND": {"global_perc": 0.0005247885410878558, "local_perc": 0.034274193548387094}, "KERALA": {"global_perc": 0.003929273084479371, "local_perc": 0.008064516129032258}, "MADHYA PRADESH": {"global_perc": 0.0008014134018177513, "local_perc": 0.08870967741935484}, "MANIPUR": {"global_perc": 0.0003874467260751647, "local_perc": 0.0020161290322580645}, "Punjab": {"global_perc": 0.0013512439392735077, "local_perc": 0.034274193548387094}, "SIKKIM": {"global_perc": 0.0022172949002217295, "local_perc": 0.0020161290322580645}, "TRIPURA": {"global_perc": 0.019428571428571427, "local_perc": 0.034274193548387094}, "Tamil Nadu": {"global_perc": 6.258213905751299e-05, "local_perc": 0.0020161290322580645}, "UTTAR PRADESH": {"global_perc": 0.0012081592897147245, "local_perc": 0.2600806451612903}, "UTTARAKHAND": {"global_perc": 0.006312153873637825, "local_perc": 0.21370967741935484}, "West Bengal": {"global_perc": 0.0009945795414988314, "local_perc": 0.08064516129032258}}, "partition_field": "Stat_Nam", "Vil_Nam": "Krala Gund", "Stat_Nam": "JAMMU & KASHMIR"}, {"data": [["Hos_Allop_Doc_Tot_Stren_Num", 5.0], ["Hos_Allop_Num", 2.0], 2.5], "data_low": {"Stat_Nam": "UTTAR PRADESH", "Vil_Nam": "Devkali", "Hos_Allop_Num": "2", "Hos_Allop_Doc_Tot_Stren_Num": "5", "id": 143328}, "data_high": {"Stat_Nam": "UTTAR PRADESH", "Vil_Nam": "Devkali", "Hos_Allop_Num": "2", "Hos_Allop_Doc_Tot_Stren_Num": "5", "id": 143328}, "perc": 0.0003211690553615159, "metric": 99.9996773306494, "value_global_local": {}, "partition_field": null, "Vil_Nam": "Devkali", "Stat_Nam": "UTTAR PRADESH"}, {"data": [["Hos_Allop_Doc_Tot_Stren_Num", 3.0], ["Hos_Allop_Num", 1.0], 3.0], "data_low": {"Stat_Nam": "HIMACHAL PRADESH", "Vil_Nam": "Fatehpur  (100)", "Hos_Allop_Num": "1", "Hos_Allop_Doc_Tot_Stren_Num": "3", "id": 8796}, "data_high": {"Stat_Nam": "Punjab", "Vil_Nam": "Sujanpur ( Rural ) (229)", "Hos_Allop_Num": "2", "Hos_Allop_Doc_Tot_Stren_Num": "6", "id": 27336}, "perc": 0.021036573126179292, "metric": 99.97896142689457, "value_global_local": {"ANDAMAN & NICOBAR ISLANDS": {"global_perc": 0.0018018018018018018, "local_perc": 0.007633587786259542}, "ANDHRA PRADESH": {"global_perc": 0.0002158273381294964, "local_perc": 0.04580152671755725}, "ASSAM": {"global_perc": 0.0002273157795036939, "local_perc": 0.04580152671755725}, "Arunachal Pradesh": {"global_perc": 0.0001789228842368939, "local_perc": 0.007633587786259542}, "HIMACHAL PRADESH": {"global_perc": 0.0005799903334944418, "local_perc": 0.0916030534351145}, "JHARKHAND": {"global_perc": 9.260974254491573e-05, "local_perc": 0.022900763358778626}, "KERALA": {"global_perc": 0.004911591355599214, "local_perc": 0.03816793893129771}, "MADHYA PRADESH": {"global_perc": 7.285576380161376e-05, "local_perc": 0.030534351145038167}, "MIZORAM": {"global_perc": 0.0012048192771084338, "local_perc": 0.007633587786259542}, "Punjab": {"global_perc": 0.00047690962562594387, "local_perc": 0.04580152671755725}, "TRIPURA": {"global_perc": 0.011428571428571429, "local_perc": 0.07633587786259542}, "Tamil Nadu": {"global_perc": 0.00012516427811502597, "local_perc": 0.015267175572519083}, "UTTAR PRADESH": {"global_perc": 0.0002996984284563658, "local_perc": 0.24427480916030533}, "UTTARAKHAND": {"global_perc": 0.0012505210504376823, "local_perc": 0.16030534351145037}, "West Bengal": {"global_perc": 0.0005221542592868865, "local_perc": 0.16030534351145037}}, "partition_field": "Stat_Nam", "Vil_Nam": "Fatehpur  (100)", "Stat_Nam": "HIMACHAL PRADESH"}, {"data": [["Hos_Allop_Doc_Tot_Stren_Num", 7.0], ["Hos_Allop_Num", 2.0], 3.5], "data_low": {"Stat_Nam": "UTTAR PRADESH", "Vil_Nam": "Jagatpur", "Hos_Allop_Num": "2", "Hos_Allop_Doc_Tot_Stren_Num": "7", "id": 147286}, "data_high": {"Stat_Nam": "UTTAR PRADESH", "Vil_Nam": "Jagatpur", "Hos_Allop_Num": "2", "Hos_Allop_Doc_Tot_Stren_Num": "7", "id": 147286}, "perc": 0.00016058452768075794, "metric": 99.99983691497627, "value_global_local": {}, "partition_field": null, "Vil_Nam": "Jagatpur", "Stat_Nam": "UTTAR PRADESH"}, {"data": [["Hos_Allop_Doc_Tot_Stren_Num", 4.0], ["Hos_Allop_Num", 1.0], 4.0], "data_low": {"Stat_Nam": "JAMMU & KASHMIR", "Vil_Nam": "Dhar Mahanpur", "Hos_Allop_Num": "1", "Hos_Allop_Doc_Tot_Stren_Num": "4", "id": 1728}, "data_high": {"Stat_Nam": "UTTAR PRADESH", "Vil_Nam": "Karmoopur", "Hos_Allop_Num": "2", "Hos_Allop_Doc_Tot_Stren_Num": "8", "id": 147287}, "perc": 0.015094945601991247, "metric": 99.98490205425087, "value_global_local": {"ANDHRA PRADESH": {"global_perc": 3.597122302158273e-05, "local_perc": 0.010638297872340425}, "HIMACHAL PRADESH": {"global_perc": 0.0002899951667472209, "local_perc": 0.06382978723404255}, "JAMMU & KASHMIR": {"global_perc": 0.0004578055852281398, "local_perc": 0.031914893617021274}, "JHARKHAND": {"global_perc": 0.0005865283694511329, "local_perc": 0.20212765957446807}, "KERALA": {"global_perc": 0.004911591355599214, "local_perc": 0.05319148936170213}, "MADHYA PRADESH": {"global_perc": 7.285576380161376e-05, "local_perc": 0.0425531914893617}, "Punjab": {"global_perc": 0.0003179397504172959, "local_perc": 0.0425531914893617}, "TRIPURA": {"global_perc": 0.004571428571428572, "local_perc": 0.0425531914893617}, "Tamil Nadu": {"global_perc": 6.258213905751299e-05, "local_perc": 0.010638297872340425}, "UTTAR PRADESH": {"global_perc": 0.0001498492142281829, "local_perc": 0.1702127659574468}, "UTTARAKHAND": {"global_perc": 0.000535937593044721, "local_perc": 0.09574468085106383}, "West Bengal": {"global_perc": 0.0005470187478243573, "local_perc": 0.23404255319148937}}, "partition_field": "Stat_Nam", "Vil_Nam": "Dhar Mahanpur", "Stat_Nam": "JAMMU & KASHMIR"}, {"data": [["Hos_Allop_Doc_Tot_Stren_Num", 9.0], ["Hos_Allop_Num", 2.0], 4.5], "data_low": {"Stat_Nam": "UTTAR PRADESH", "Vil_Nam": "Pilkhana", "Hos_Allop_Num": "2", "Hos_Allop_Doc_Tot_Stren_Num": "9", "id": 147309}, "data_high": {"Stat_Nam": "UTTAR PRADESH", "Vil_Nam": "Pilkhana", "Hos_Allop_Num": "2", "Hos_Allop_Doc_Tot_Stren_Num": "9", "id": 147309}, "perc": 0.00016058452768075794, "metric": 99.99983591477783, "value_global_local": {}, "partition_field": null, "Vil_Nam": "Pilkhana", "Stat_Nam": "UTTAR PRADESH"}, {"data": [["Hos_Allop_Doc_Tot_Stren_Num", 5.0], ["Hos_Allop_Num", 1.0], 5.0], "data_low": {"Stat_Nam": "HIMACHAL PRADESH", "Vil_Nam": "Motla  (316)", "Hos_Allop_Num": "1", "Hos_Allop_Doc_Tot_Stren_Num": "5", "id": 7549}, "data_high": {"Stat_Nam": "HIMACHAL PRADESH", "Vil_Nam": "Motla  (316)", "Hos_Allop_Num": "1", "Hos_Allop_Doc_Tot_Stren_Num": "5", "id": 7549}, "perc": 0.00786864185635714, "metric": 99.99212735765832, "value_global_local": {"ANDHRA PRADESH": {"global_perc": 7.194244604316547e-05, "local_perc": 0.04081632653061224}, "ASSAM": {"global_perc": 3.7885963250615644e-05, "local_perc": 0.02040816326530612}, "Arunachal Pradesh": {"global_perc": 0.0001789228842368939, "local_perc": 0.02040816326530612}, "HIMACHAL PRADESH": {"global_perc": 0.0002416626389560174, "local_perc": 0.10204081632653061}, "JHARKHAND": {"global_perc": 0.0001234796567265543, "local_perc": 0.08163265306122448}, "KERALA": {"global_perc": 0.0019646365422396855, "local_perc": 0.04081632653061224}, "MADHYA PRADESH": {"global_perc": 1.821394095040344e-05, "local_perc": 0.02040816326530612}, "MIZORAM": {"global_perc": 0.0012048192771084338, "local_perc": 0.02040816326530612}, "Punjab": {"global_perc": 0.00023845481281297194, "local_perc": 0.061224489795918366}, "TRIPURA": {"global_perc": 0.005714285714285714, "local_perc": 0.10204081632653061}, "Tamil Nadu": {"global_perc": 0.00018774641717253895, "local_perc": 0.061224489795918366}, "UTTAR PRADESH": {"global_perc": 0.00010302133478187574, "local_perc": 0.22448979591836735}, "West Bengal": {"global_perc": 0.00024864488537470786, "local_perc": 0.20408163265306123}}, "partition_field": "Stat_Nam", "Vil_Nam": "Motla  (316)", "Stat_Nam": "HIMACHAL PRADESH"}, {"data": [["Hos_Allop_Doc_Tot_Stren_Num", 6.0], ["Hos_Allop_Num", 1.0], 6.0], "data_low": {"Stat_Nam": "HIMACHAL PRADESH", "Vil_Nam": "Chhaproh (26/1)", "Hos_Allop_Num": "1", "Hos_Allop_Doc_Tot_Stren_Num": "6", "id": 17941}, "data_high": {"Stat_Nam": "HIMACHAL PRADESH", "Vil_Nam": "Chhaproh (26/1)", "Hos_Allop_Num": "1", "Hos_Allop_Doc_Tot_Stren_Num": "6", "id": 17941}, "perc": 0.012204424103737605, "metric": 99.98779057550645, "value_global_local": {"Arunachal Pradesh": {"global_perc": 0.0003578457684737878, "local_perc": 0.02631578947368421}, "HIMACHAL PRADESH": {"global_perc": 9.666505558240696e-05, "local_perc": 0.02631578947368421}, "JHARKHAND": {"global_perc": 6.173982836327716e-05, "local_perc": 0.02631578947368421}, "KERALA": {"global_perc": 0.0019646365422396855, "local_perc": 0.02631578947368421}, "MADHYA PRADESH": {"global_perc": 1.821394095040344e-05, "local_perc": 0.013157894736842105}, "RAJASTHAN": {"global_perc": 0.0007611031518624642, "local_perc": 0.4473684210526316}, "TRIPURA": {"global_perc": 0.001142857142857143, "local_perc": 0.013157894736842105}, "UTTAR PRADESH": {"global_perc": 0.00013111806244966003, "local_perc": 0.18421052631578946}, "UTTARAKHAND": {"global_perc": 5.954862144941345e-05, "local_perc": 0.013157894736842105}, "West Bengal": {"global_perc": 0.00042269630513700336, "local_perc": 0.2236842105263158}}, "partition_field": "Stat_Nam", "Vil_Nam": "Chhaproh (26/1)", "Stat_Nam": "HIMACHAL PRADESH"}, {"data": [["Hos_Allop_Doc_Tot_Stren_Num", 7.0], ["Hos_Allop_Num", 1.0], 7.0], "data_low": {"Stat_Nam": "Punjab", "Vil_Nam": "Shankar (21)", "Hos_Allop_Num": "1", "Hos_Allop_Doc_Tot_Stren_Num": "7", "id": 29788}, "data_high": {"Stat_Nam": "Punjab", "Vil_Nam": "Shankar (21)", "Hos_Allop_Num": "1", "Hos_Allop_Doc_Tot_Stren_Num": "7", "id": 29788}, "perc": 0.0019270143321690955, "metric": 99.99806698458329, "value_global_local": {}, "partition_field": null, "Vil_Nam": "Shankar (21)", "Stat_Nam": "Punjab"}, {"data": [["Hos_Allop_Doc_Tot_Stren_Num", 8.0], ["Hos_Allop_Num", 1.0], 8.0], "data_low": {"Stat_Nam": "JAMMU & KASHMIR", "Vil_Nam": "Billawar", "Hos_Allop_Num": "1", "Hos_Allop_Doc_Tot_Stren_Num": "8", "id": 1675}, "data_high": {"Stat_Nam": "JAMMU & KASHMIR", "Vil_Nam": "Billawar", "Hos_Allop_Num": "1", "Hos_Allop_Doc_Tot_Stren_Num": "8", "id": 1675}, "perc": 0.01814605162792565, "metric": 99.98184694824234, "value_global_local": {"HIMACHAL PRADESH": {"global_perc": 9.666505558240696e-05, "local_perc": 0.017699115044247787}, "JAMMU & KASHMIR": {"global_perc": 0.00015260186174271325, "local_perc": 0.008849557522123894}, "KERALA": {"global_perc": 0.0019646365422396855, "local_perc": 0.017699115044247787}, "ODISHA": {"global_perc": 0.0017344532574591234, "local_perc": 0.7876106194690266}, "UTTAR PRADESH": {"global_perc": 8.429018300335288e-05, "local_perc": 0.07964601769911504}, "West Bengal": {"global_perc": 0.00024864488537470786, "local_perc": 0.08849557522123894}}, "partition_field": "Stat_Nam", "Vil_Nam": "Billawar", "Stat_Nam": "JAMMU & KASHMIR"}, {"data": [["Hos_Allop_Doc_Tot_Stren_Num", 9.0], ["Hos_Allop_Num", 1.0], 9.0], "data_low": {"Stat_Nam": "UTTAR PRADESH", "Vil_Nam": "Bhinga Dehati", "Hos_Allop_Num": "1", "Hos_Allop_Doc_Tot_Stren_Num": "9", "id": 171911}, "data_high": {"Stat_Nam": "UTTAR PRADESH", "Vil_Nam": "Bhinga Dehati", "Hos_Allop_Num": "1", "Hos_Allop_Doc_Tot_Stren_Num": "9", "id": 171911}, "perc": 0.003854028664338191, "metric": 99.9961379700438, "value_global_local": {"ODISHA": {"global_perc": 0.00038976477695710636, "local_perc": 0.8333333333333334}, "UTTAR PRADESH": {"global_perc": 1.8731151778522863e-05, "local_perc": 0.08333333333333333}, "West Bengal": {"global_perc": 4.972897707494157e-05, "local_perc": 0.08333333333333333}}, "partition_field": "Stat_Nam", "Vil_Nam": "Bhinga Dehati", "Stat_Nam": "UTTAR PRADESH"}, {"data": [["Hos_Allop_Doc_Tot_Stren_Num", 10.0], ["Hos_Allop_Num", 1.0], 10.0], "data_low": {"Stat_Nam": "HIMACHAL PRADESH", "Vil_Nam": "Baijnath  (870)", "Hos_Allop_Num": "1", "Hos_Allop_Doc_Tot_Stren_Num": "10", "id": 11923}, "data_high": {"Stat_Nam": "HIMACHAL PRADESH", "Vil_Nam": "Baijnath  (870)", "Hos_Allop_Num": "1", "Hos_Allop_Doc_Tot_Stren_Num": "10", "id": 11923}, "perc": 0.0012846762214460635, "metric": 99.99870632209392, "value_global_local": {}, "partition_field": null, "Vil_Nam": "Baijnath  (870)", "Stat_Nam": "HIMACHAL PRADESH"}, {"data": [["Hos_Allop_Doc_Tot_Stren_Num", 12.0], ["Hos_Allop_Num", 1.0], 12.0], "data_low": {"Stat_Nam": "Punjab", "Vil_Nam": "Mehatpur (47)", "Hos_Allop_Num": "1", "Hos_Allop_Doc_Tot_Stren_Num": "12", "id": 29835}, "data_high": {"Stat_Nam": "Punjab", "Vil_Nam": "Mehatpur (47)", "Hos_Allop_Num": "1", "Hos_Allop_Doc_Tot_Stren_Num": "12", "id": 29835}, "perc": 0.0009635071660845478, "metric": 99.99902549073958, "value_global_local": {}, "partition_field": null, "Vil_Nam": "Mehatpur (47)", "Stat_Nam": "Punjab"}, {"data": [["Hos_Allop_Doc_Tot_Stren_Num", 25.0], ["Hos_Allop_Num", 2.0], 12.5], "data_low": {"Stat_Nam": "UTTAR PRADESH", "Vil_Nam": "Kuiyan", "Hos_Allop_Num": "2", "Hos_Allop_Doc_Tot_Stren_Num": "25", "id": 150883}, "data_high": {"Stat_Nam": "UTTAR PRADESH", "Vil_Nam": "Kuiyan", "Hos_Allop_Num": "2", "Hos_Allop_Doc_Tot_Stren_Num": "25", "id": 150883}, "perc": 0.0004817535830422739, "metric": 99.99950674417202, "value_global_local": {}, "partition_field": null, "Vil_Nam": "Kuiyan", "Stat_Nam": "UTTAR PRADESH"}, {"data": [["Hos_Allop_Doc_Tot_Stren_Num", 14.0], ["Hos_Allop_Num", 1.0], 14.0], "data_low": {"Stat_Nam": "UTTAR PRADESH", "Vil_Nam": "Sakrapar", "Hos_Allop_Num": "1", "Hos_Allop_Doc_Tot_Stren_Num": "14", "id": 190278}, "data_high": {"Stat_Nam": "UTTAR PRADESH", "Vil_Nam": "Sakrapar", "Hos_Allop_Num": "1", "Hos_Allop_Doc_Tot_Stren_Num": "14", "id": 190278}, "perc": 0.0003211690553615159, "metric": 99.999665828386, "value_global_local": {}, "partition_field": null, "Vil_Nam": "Sakrapar", "Stat_Nam": "UTTAR PRADESH"}, {"data": [["Hos_Allop_Doc_Tot_Stren_Num", 15.0], ["Hos_Allop_Num", 1.0], 15.0], "data_low": {"Stat_Nam": "HIMACHAL PRADESH", "Vil_Nam": "Keylong (7/2)", "Hos_Allop_Num": "1", "Hos_Allop_Doc_Tot_Stren_Num": "15", "id": 12214}, "data_high": {"Stat_Nam": "HIMACHAL PRADESH", "Vil_Nam": "Keylong (7/2)", "Hos_Allop_Num": "1", "Hos_Allop_Doc_Tot_Stren_Num": "15", "id": 12214}, "perc": 0.0004817535830422739, "metric": 99.999504243684, "value_global_local": {}, "partition_field": null, "Vil_Nam": "Keylong (7/2)", "Stat_Nam": "HIMACHAL PRADESH"}, {"data": [["Hos_Allop_Doc_Tot_Stren_Num", 16.0], ["Hos_Allop_Num", 1.0], 16.0], "data_low": {"Stat_Nam": "KERALA", "Vil_Nam": "Perumatty", "Hos_Allop_Num": "1", "Hos_Allop_Doc_Tot_Stren_Num": "16", "id": 605500}, "data_high": {"Stat_Nam": "KERALA", "Vil_Nam": "Perumatty", "Hos_Allop_Num": "1", "Hos_Allop_Doc_Tot_Stren_Num": "16", "id": 605500}, "perc": 0.00016058452768075794, "metric": 99.99982441249597, "value_global_local": {}, "partition_field": null, "Vil_Nam": "Perumatty", "Stat_Nam": "KERALA"}, {"data": [["Hos_Allop_Doc_Tot_Stren_Num", 17.0], ["Hos_Allop_Num", 1.0], 17.0], "data_low": {"Stat_Nam": "UTTAR PRADESH", "Vil_Nam": "Jalaluddin Nagar Uparhar", "Hos_Allop_Num": "1", "Hos_Allop_Doc_Tot_Stren_Num": "17", "id": 165552}, "data_high": {"Stat_Nam": "UTTAR PRADESH", "Vil_Nam": "Jalaluddin Nagar Uparhar", "Hos_Allop_Num": "1", "Hos_Allop_Doc_Tot_Stren_Num": "17", "id": 165552}, "perc": 0.00016058452768075794, "metric": 99.99982341229754, "value_global_local": {}, "partition_field": null, "Vil_Nam": "Jalaluddin Nagar Uparhar", "Stat_Nam": "UTTAR PRADESH"}, {"data": [["Hos_Allop_Doc_Tot_Stren_Num", 18.0], ["Hos_Allop_Num", 1.0], 18.0], "data_low": {"Stat_Nam": "UTTAR PRADESH", "Vil_Nam": "Ramnagar Sikari", "Hos_Allop_Num": "1", "Hos_Allop_Doc_Tot_Stren_Num": "18", "id": 210648}, "data_high": {"Stat_Nam": "UTTAR PRADESH", "Vil_Nam": "Ramnagar Sikari", "Hos_Allop_Num": "1", "Hos_Allop_Doc_Tot_Stren_Num": "18", "id": 210648}, "perc": 0.00016058452768075794, "metric": 99.99982241209912, "value_global_local": {}, "partition_field": null, "Vil_Nam": "Ramnagar Sikari", "Stat_Nam": "UTTAR PRADESH"}, {"data": [["Hos_Allop_Doc_Tot_Stren_Num", 22.0], ["Hos_Allop_Num", 1.0], 22.0], "data_low": {"Stat_Nam": "West Bengal", "Vil_Nam": "Taraf Rasulpurpatnipara", "Hos_Allop_Num": "1", "Hos_Allop_Doc_Tot_Stren_Num": "22", "id": 313259}, "data_high": {"Stat_Nam": "West Bengal", "Vil_Nam": "Taraf Rasulpurpatnipara", "Hos_Allop_Num": "1", "Hos_Allop_Doc_Tot_Stren_Num": "22", "id": 313259}, "perc": 0.00016058452768075794, "metric": 99.99981841130541, "value_global_local": {}, "partition_field": null, "Vil_Nam": "Taraf Rasulpurpatnipara", "Stat_Nam": "West Bengal"}, {"data": [["Hos_Allop_Doc_Tot_Stren_Num", 26.0], ["Hos_Allop_Num", 1.0], 26.0], "data_low": {"Stat_Nam": "West Bengal", "Vil_Nam": "Tehatta", "Hos_Allop_Num": "1", "Hos_Allop_Doc_Tot_Stren_Num": "26", "id": 319714}, "data_high": {"Stat_Nam": "West Bengal", "Vil_Nam": "Tehatta", "Hos_Allop_Num": "1", "Hos_Allop_Doc_Tot_Stren_Num": "26", "id": 319714}, "perc": 0.00016058452768075794, "metric": 99.99981441051173, "value_global_local": {}, "partition_field": null, "Vil_Nam": "Tehatta", "Stat_Nam": "West Bengal"}, {"data": [["Hos_Allop_Doc_Tot_Stren_Num", 29.0], ["Hos_Allop_Num", 1.0], 29.0], "data_low": {"Stat_Nam": "KERALA", "Vil_Nam": "Mananthavady", "Hos_Allop_Num": "1", "Hos_Allop_Doc_Tot_Stren_Num": "29", "id": 605235}, "data_high": {"Stat_Nam": "KERALA", "Vil_Nam": "Mananthavady", "Hos_Allop_Num": "1", "Hos_Allop_Doc_Tot_Stren_Num": "29", "id": 605235}, "perc": 0.00016058452768075794, "metric": 99.99981140991646, "value_global_local": {}, "partition_field": null, "Vil_Nam": "Mananthavady", "Stat_Nam": "KERALA"}, {"data": [["Hos_Allop_Doc_Tot_Stren_Num", 38.0], ["Hos_Allop_Num", 1.0], 38.0], "data_low": {"Stat_Nam": "UTTAR PRADESH", "Vil_Nam": "Saddar Pur", "Hos_Allop_Num": "1", "Hos_Allop_Doc_Tot_Stren_Num": "38", "id": 166309}, "data_high": {"Stat_Nam": "UTTAR PRADESH", "Vil_Nam": "Saddar Pur", "Hos_Allop_Num": "1", "Hos_Allop_Doc_Tot_Stren_Num": "38", "id": 166309}, "perc": 0.00016058452768075794, "metric": 99.99980240813063, "value_global_local": {}, "partition_field": null, "Vil_Nam": "Saddar Pur", "Stat_Nam": "UTTAR PRADESH"}, {"data": [["Hos_Allop_Doc_Tot_Stren_Num", 45.0], ["Hos_Allop_Num", 1.0], 45.0], "data_low": {"Stat_Nam": "HARYANA", "Vil_Nam": "Mandikhera(53)", "Hos_Allop_Num": "1", "Hos_Allop_Doc_Tot_Stren_Num": "45", "id": 62846}, "data_high": {"Stat_Nam": "HARYANA", "Vil_Nam": "Mandikhera(53)", "Hos_Allop_Num": "1", "Hos_Allop_Doc_Tot_Stren_Num": "45", "id": 62846}, "perc": 0.00016058452768075794, "metric": 99.99979540674167, "value_global_local": {}, "partition_field": null, "Vil_Nam": "Mandikhera(53)", "Stat_Nam": "HARYANA"}, {"data": [["Hos_Allop_Doc_Tot_Stren_Num", 50.0], ["Hos_Allop_Num", 1.0], 50.0], "data_low": {"Stat_Nam": "West Bengal", "Vil_Nam": "Ramchandrabati", "Hos_Allop_Num": "1", "Hos_Allop_Doc_Tot_Stren_Num": "50", "id": 312629}, "data_high": {"Stat_Nam": "West Bengal", "Vil_Nam": "Ramchandrabati", "Hos_Allop_Num": "1", "Hos_Allop_Doc_Tot_Stren_Num": "50", "id": 312629}, "perc": 0.00016058452768075794, "metric": 99.99979040574955, "value_global_local": {}, "partition_field": null, "Vil_Nam": "Ramchandrabati", "Stat_Nam": "West Bengal"}, {"data": [["Hos_Allop_Doc_Tot_Stren_Num", 250.0], ["Hos_Allop_Num", 1.0], 250.0], "data_low": {"Stat_Nam": "HARYANA", "Vil_Nam": "Khanpur Kalan (56)", "Hos_Allop_Num": "1", "Hos_Allop_Doc_Tot_Stren_Num": "250", "id": 59329}, "data_high": {"Stat_Nam": "HARYANA", "Vil_Nam": "Khanpur Kalan (56)", "Hos_Allop_Num": "1", "Hos_Allop_Doc_Tot_Stren_Num": "250", "id": 59329}, "perc": 0.00016058452768075794, "metric": 99.9995903660648, "value_global_local": {}, "partition_field": null, "Vil_Nam": "Khanpur Kalan (56)", "Stat_Nam": "HARYANA"}, {"data": [["Hos_Allop_Doc_Tot_Stren_Num", 330.0], ["Hos_Allop_Num", 1.0], 330.0], "data_low": {"Stat_Nam": "KERALA", "Vil_Nam": "Velappaya", "Hos_Allop_Num": "1", "Hos_Allop_Doc_Tot_Stren_Num": "330", "id": 605594}, "data_high": {"Stat_Nam": "KERALA", "Vil_Nam": "Velappaya", "Hos_Allop_Num": "1", "Hos_Allop_Doc_Tot_Stren_Num": "330", "id": 605594}, "perc": 0.00016058452768075794, "metric": 99.99951035019089, "value_global_local": {}, "partition_field": null, "Vil_Nam": "Velappaya", "Stat_Nam": "KERALA"}, {"data": [["Hos_Allop_Doc_Tot_Stren_Num", 1.0], ["Hos_Allop_Num", 0.0], 9999], "data_low": {"Stat_Nam": "UTTAR PRADESH", "Vil_Nam": "Mundha Pande", "Hos_Allop_Num": "0", "Hos_Allop_Doc_Tot_Stren_Num": "1", "id": 114617}, "data_high": {"Stat_Nam": "UTTAR PRADESH", "Vil_Nam": "Mau Mustkil", "Hos_Allop_Num": "0", "Hos_Allop_Doc_Tot_Stren_Num": "2", "id": 155216}, "perc": 0.0004817535830422739, "metric": 99.98951829469233, "value_global_local": {}, "partition_field": null, "Vil_Nam": "Mundha Pande", "Stat_Nam": "UTTAR PRADESH"}, {"data": [["Hos_Allop_Doc_Tot_Stren_Num", 0], ["Hos_Allop_Num", 0], 99980001], "data_low": {"Stat_Nam": "JAMMU & KASHMIR", "Vil_Nam": "Bore", "Hos_Allop_Num": "", "Hos_Allop_Doc_Tot_Stren_Num": "", "id": 0}, "data_high": {"Stat_Nam": "JAMMU & KASHMIR", "Vil_Nam": "Palmar", "Hos_Allop_Num": "HAll_Num", "Hos_Allop_Doc_Tot_Stren_Num": "HAll_st", "id": 4582}, "perc": 99.1429603757678, "metric": 9.91627919425284e-07, "value_global_local": {"null": {"global_perc": 0.991429603757678, "local_perc": 1.0}}, "partition_field": "Dist_Other", "Vil_Nam": "Bore", "Stat_Nam": "JAMMU & KASHMIR"}]