[{"data": [["Prim_Heal_Cen_Num", 0.0], ["Prim_Heal_Cen_Par_Med_Staf_Tot_Stren_Num", 2.0], 0.0], "data_low": {"Stat_Nam": "UTTAR PRADESH", "Vil_Nam": "Nagla Maha Singh Pur", "Prim_Heal_Cen_Num": "", "Prim_Heal_Cen_Par_Med_Staf_Tot_Stren_Num": "2", "id": 147152}, "data_high": {"Stat_Nam": "Tamil Nadu", "Vil_Nam": "Kavandapadi", "Prim_Heal_Cen_Num": "3", "Prim_Heal_Cen_Par_Med_Staf_Tot_Stren_Num": "30", "id": 612267}, "perc": 0.32678951383034244, "metric": 99.67321148310114, "value_global_local": {"ANDAMAN & NICOBAR ISLANDS": {"global_perc": 0.010810810810810811, "local_perc": 0.0029484029484029483}, "ANDHRA PRADESH": {"global_perc": 0.0032733812949640286, "local_perc": 0.04471744471744472}, "Arunachal Pradesh": {"global_perc": 0.0003578457684737878, "local_perc": 0.0009828009828009828}, "BIHAR": {"global_perc": 0.0007576770512991933, "local_perc": 0.016707616707616706}, "CHHATTISGARH": {"global_perc": 0.0030309052966312235, "local_perc": 0.029975429975429974}, "Dadra & Nagar Haveli": {"global_perc": 0.015384615384615385, "local_perc": 0.0004914004914004914}, "GOA": {"global_perc": 0.014970059880239521, "local_perc": 0.002457002457002457}, "HARYANA": {"global_perc": 0.014763923403011256, "local_perc": 0.04963144963144963}, "HIMACHAL PRADESH": {"global_perc": 0.0004349927501208313, "local_perc": 0.004422604422604423}, "JAMMU & KASHMIR": {"global_perc": 0.011750343354188921, "local_perc": 0.03783783783783784}, "JHARKHAND": {"global_perc": 0.0005247885410878558, "local_perc": 0.008353808353808353}, "KARNATAKA": {"global_perc": 0.00027266530334015, "local_perc": 0.003931203931203931}, "KERALA": {"global_perc": 0.2111984282907662, "local_perc": 0.10565110565110565}, "MADHYA PRADESH": {"global_perc": 7.285576380161376e-05, "local_perc": 0.0019656019656019656}, "MANIPUR": {"global_perc": 0.002324680356450988, "local_perc": 0.0029484029484029483}, "MIZORAM": {"global_perc": 0.012048192771084338, "local_perc": 0.004914004914004914}, "Maharashtra": {"global_perc": 0.012893621893965418, "local_perc": 0.27665847665847665}, "NAGALAND": {"global_perc": 0.025210084033613446, "local_perc": 0.01769041769041769}, "PUDUCHERRY": {"global_perc": 0.16666666666666666, "local_perc": 0.007371007371007371}, "Punjab": {"global_perc": 0.0008743343136475638, "local_perc": 0.005405405405405406}, "RAJASTHAN": {"global_perc": 0.00917800859598854, "local_perc": 0.20147420147420148}, "SIKKIM": {"global_perc": 0.0066518847006651885, "local_perc": 0.0014742014742014742}, "TRIPURA": {"global_perc": 0.014857142857142857, "local_perc": 0.0063882063882063885}, "Tamil Nadu": {"global_perc": 0.006258213905751299, "local_perc": 0.04914004914004914}, "UTTAR PRADESH": {"global_perc": 0.0010114821960402346, "local_perc": 0.05307125307125307}, "UTTARAKHAND": {"global_perc": 0.0004763889715953076, "local_perc": 0.003931203931203931}, "West Bengal": {"global_perc": 0.003008603113033965, "local_perc": 0.05945945945945946}}, "partition_field": "Stat_Nam", "Vil_Nam": "Lohari Jatu (47)", "Stat_Nam": "HARYANA"}, {"data": [["Prim_Heal_Cen_Num", 2.0], ["Prim_Heal_Cen_Par_Med_Staf_Tot_Stren_Num", 19.0], 0.10526315789473684], "data_low": {"Stat_Nam": "JAMMU & KASHMIR", "Vil_Nam": "Hayihama", "Prim_Heal_Cen_Num": "1", "Prim_Heal_Cen_Par_Med_Staf_Tot_Stren_Num": "9", "id": 54}, "data_high": {"Stat_Nam": "Tamil Nadu", "Vil_Nam": "Desavilakku", "Prim_Heal_Cen_Num": "3", "Prim_Heal_Cen_Par_Med_Staf_Tot_Stren_Num": "27", "id": 611290}, "perc": 1.298968244409651, "metric": 98.70103263888149, "value_global_local": {"": {"global_perc": 0.015375961357553976, "local_perc": 0.9901100259611818}, "AMBALA": {"global_perc": 0.2, "local_perc": 0.00012362467548522686}, "ANACHI": {"global_perc": 0.5, "local_perc": 0.00012362467548522686}, "ANDIPATTI": {"global_perc": 0.25, "local_perc": 0.00012362467548522686}, "AREKALHOSAHALLI": {"global_perc": 0.5, "local_perc": 0.00012362467548522686}, "B.BAGEWADI": {"global_perc": 0.5, "local_perc": 0.00012362467548522686}, "BHANPURKHA": {"global_perc": 1.0, "local_perc": 0.00012362467548522686}, "BHARIJA": {"global_perc": 0.5, "local_perc": 0.00012362467548522686}, "BHATKOT": {"global_perc": 0.16666666666666666, "local_perc": 0.00012362467548522686}, "BHEEMAWALA": {"global_perc": 1.0, "local_perc": 0.00012362467548522686}, "BIPULINGI": {"global_perc": 0.5, "local_perc": 0.00012362467548522686}, "BISNAH": {"global_perc": 0.2, "local_perc": 0.00012362467548522686}, "BOLLA": {"global_perc": 1.0, "local_perc": 0.0002472493509704537}, "BORAGAONWADI": {"global_perc": 1.0, "local_perc": 0.00012362467548522686}, "CHHANI": {"global_perc": 0.14285714285714285, "local_perc": 0.00012362467548522686}, "DADADAHALLI": {"global_perc": 1.0, "local_perc": 0.00012362467548522686}, "DAULATPUR": {"global_perc": 0.05714285714285714, "local_perc": 0.0002472493509704537}, "DEOTH": {"global_perc": 0.3333333333333333, "local_perc": 0.00012362467548522686}, "DEVPUR SANWAL": {"global_perc": 0.08333333333333333, "local_perc": 0.00012362467548522686}, "Dhanaka": {"global_perc": 1.0, "local_perc": 0.00012362467548522686}, "GAON": {"global_perc": 0.06666666666666667, "local_perc": 0.00012362467548522686}, "HARIHARPUR": {"global_perc": 0.03225806451612903, "local_perc": 0.00012362467548522686}, "IDAR": {"global_perc": 0.5, "local_perc": 0.00012362467548522686}, "JALIKHAN": {"global_perc": 0.3333333333333333, "local_perc": 0.00012362467548522686}, "JAMINBIL KUNDA": {"global_perc": 1.0, "local_perc": 0.00012362467548522686}, "JANUBAZAR": {"global_perc": 1.0, "local_perc": 0.00012362467548522686}, "JHALUAJHALA": {"global_perc": 0.5, "local_perc": 0.00012362467548522686}, "JOSYANA": {"global_perc": 0.2, "local_perc": 0.00012362467548522686}, "KAFALI": {"global_perc": 1.0, "local_perc": 0.00012362467548522686}, "KALADHUNGI": {"global_perc": 0.1111111111111111, "local_perc": 0.00012362467548522686}, "KANDA": {"global_perc": 0.0625, "local_perc": 0.00012362467548522686}, "KANHAULI KHAS": {"global_perc": 1.0, "local_perc": 0.00012362467548522686}, "KANKRADNAG": {"global_perc": 1.0, "local_perc": 0.00012362467548522686}, "KHACHAR": {"global_perc": 1.0, "local_perc": 0.00012362467548522686}, "KHILASU": {"global_perc": 1.0, "local_perc": 0.00012362467548522686}, "KODAK": {"global_perc": 0.029411764705882353, "local_perc": 0.00012362467548522686}, "KOTTARAM": {"global_perc": 1.0, "local_perc": 0.00012362467548522686}, "KUKURBAGHI": {"global_perc": 0.0625, "local_perc": 0.00012362467548522686}, "KUMIZHI": {"global_perc": 1.0, "local_perc": 0.00012362467548522686}, "KUTHAL GAON": {"global_perc": 0.14285714285714285, "local_perc": 0.00012362467548522686}, "MACHAGOWDANAHALLI": {"global_perc": 0.1111111111111111, "local_perc": 0.00012362467548522686}, "MADAN MAHARI PATNA": {"global_perc": 1.0, "local_perc": 0.00012362467548522686}, "MAHAMMOD": {"global_perc": 1.0, "local_perc": 0.00012362467548522686}, "MAJHWALIYA": {"global_perc": 1.0, "local_perc": 0.00012362467548522686}, "MALAG": {"global_perc": 0.25, "local_perc": 0.00012362467548522686}, "MARHANA": {"global_perc": 0.14285714285714285, "local_perc": 0.00012362467548522686}, "MARHEEN": {"global_perc": 0.3333333333333333, "local_perc": 0.00012362467548522686}, "MARIPAR": {"global_perc": 1.0, "local_perc": 0.00012362467548522686}, "MELPAKKAM": {"global_perc": 0.5, "local_perc": 0.00012362467548522686}, "MELTHA": {"global_perc": 0.5, "local_perc": 0.00012362467548522686}, "MULEKALENAHALLI": {"global_perc": 0.1111111111111111, "local_perc": 0.00012362467548522686}, "N.A.": {"global_perc": 0.0006630043568857738, "local_perc": 0.0008653727283965879}, "NUAGAN": {"global_perc": 0.14285714285714285, "local_perc": 0.00012362467548522686}, "OLAMPUR CHHAPARA": {"global_perc": 1.0, "local_perc": 0.00012362467548522686}, "PANIPAT": {"global_perc": 0.2, "local_perc": 0.00012362467548522686}, "PATHOLI": {"global_perc": 1.0, "local_perc": 0.00012362467548522686}, "PREMPUR": {"global_perc": 0.2, "local_perc": 0.00012362467548522686}, "RAM LACHHAN": {"global_perc": 1.0, "local_perc": 0.00012362467548522686}, "RAMGARHA": {"global_perc": 1.0, "local_perc": 0.00012362467548522686}, "RAWAL BAZAR": {"global_perc": 0.16666666666666666, "local_perc": 0.00012362467548522686}, "SADAKAR": {"global_perc": 1.0, "local_perc": 0.00012362467548522686}, "SALI GAON": {"global_perc": 0.25, "local_perc": 0.00012362467548522686}, "SANKARPUR": {"global_perc": 0.16666666666666666, "local_perc": 0.00012362467548522686}, "SIKRIA": {"global_perc": 0.5, "local_perc": 0.00012362467548522686}, "SINGRIJAN": {"global_perc": 1.0, "local_perc": 0.00012362467548522686}, "SOMESAR": {"global_perc": 0.3333333333333333, "local_perc": 0.00012362467548522686}, "THALAGHATTAPURA": {"global_perc": 0.2, "local_perc": 0.00012362467548522686}, "THILL": {"global_perc": 0.14285714285714285, "local_perc": 0.00012362467548522686}, "TIKAITA": {"global_perc": 1.0, "local_perc": 0.00012362467548522686}, "UDAYA RAMPUR": {"global_perc": 1.0, "local_perc": 0.00012362467548522686}, "USODU": {"global_perc": 0.125, "local_perc": 0.00012362467548522686}, "VADAKATTUPATTI": {"global_perc": 1.0, "local_perc": 0.00012362467548522686}, "VELLALAPATTI": {"global_perc": 0.5, "local_perc": 0.00012362467548522686}}, "partition_field": "Near_Vil_Tow_Nam_hav_Prim_School", "Vil_Nam": "Panamic", "Stat_Nam": "JAMMU & KASHMIR"}, {"data": [["Prim_Heal_Cen_Num", 2.0], ["Prim_Heal_Cen_Par_Med_Staf_Tot_Stren_Num", 9.0], 0.2222222222222222], "data_low": {"Stat_Nam": "JAMMU & KASHMIR", "Vil_Nam": "Khurhama", "Prim_Heal_Cen_Num": "1", "Prim_Heal_Cen_Par_Med_Staf_Tot_Stren_Num": "4", "id": 15}, "data_high": {"Stat_Nam": "JAMMU & KASHMIR", "Vil_Nam": "Shajroo", "Prim_Heal_Cen_Num": "4", "Prim_Heal_Cen_Par_Med_Staf_Tot_Stren_Num": "13", "id": 5103}, "perc": 0.47147617327070535, "metric": 99.52852460099488, "value_global_local": {"ANDAMAN & NICOBAR ISLANDS": {"global_perc": 0.0036036036036036037, "local_perc": 0.0006811989100817438}, "ANDHRA PRADESH": {"global_perc": 0.022302158273381296, "local_perc": 0.2111716621253406}, "ASSAM": {"global_perc": 0.0014396666035233945, "local_perc": 0.012942779291553134}, "Arunachal Pradesh": {"global_perc": 0.0021470746108427268, "local_perc": 0.004087193460490463}, "BIHAR": {"global_perc": 0.004345500735392432, "local_perc": 0.06641689373297002}, "CHHATTISGARH": {"global_perc": 0.003428401073238597, "local_perc": 0.023501362397820164}, "GOA": {"global_perc": 0.0029940119760479044, "local_perc": 0.0003405994550408719}, "HARYANA": {"global_perc": 0.002485016810407835, "local_perc": 0.0057901907356948225}, "HIMACHAL PRADESH": {"global_perc": 0.0032866118898018364, "local_perc": 0.02316076294277929}, "JAMMU & KASHMIR": {"global_perc": 0.010987334045475354, "local_perc": 0.02452316076294278}, "JHARKHAND": {"global_perc": 0.003056121503982219, "local_perc": 0.03371934604904632}, "KARNATAKA": {"global_perc": 0.009304703476482618, "local_perc": 0.09298365122615804}, "KERALA": {"global_perc": 0.05304518664047151, "local_perc": 0.018392370572207085}, "MADHYA PRADESH": {"global_perc": 0.00693951150210371, "local_perc": 0.1297683923705722}, "MANIPUR": {"global_perc": 0.004649360712901976, "local_perc": 0.004087193460490463}, "MIZORAM": {"global_perc": 0.007228915662650603, "local_perc": 0.0020435967302452314}, "Maharashtra": {"global_perc": 0.0008015573113477613, "local_perc": 0.011920980926430519}, "Meghalaya": {"global_perc": 0.01564556221669835, "local_perc": 0.036444141689373294}, "NAGALAND": {"global_perc": 0.008403361344537815, "local_perc": 0.004087193460490463}, "NCT OF DELHI": {"global_perc": 0.017857142857142856, "local_perc": 0.0006811989100817438}, "Punjab": {"global_perc": 0.0018281535648994515, "local_perc": 0.007833787465940054}, "SIKKIM": {"global_perc": 0.0022172949002217295, "local_perc": 0.0003405994550408719}, "TRIPURA": {"global_perc": 0.030857142857142857, "local_perc": 0.009196185286103543}, "Tamil Nadu": {"global_perc": 0.019275298829714, "local_perc": 0.10490463215258855}, "UTTAR PRADESH": {"global_perc": 0.0033809728960233765, "local_perc": 0.12295640326975477}, "UTTARAKHAND": {"global_perc": 0.0033942714226165662, "local_perc": 0.0194141689373297}, "West Bengal": {"global_perc": 0.002088617037147546, "local_perc": 0.02861035422343324}}, "partition_field": "Stat_Nam", "Vil_Nam": "Towkok Grant No.2", "Stat_Nam": "ASSAM"}, {"data": [["Prim_Heal_Cen_Num", 1.0], ["Prim_Heal_Cen_Par_Med_Staf_Tot_Stren_Num", 3.0], 0.3333333333333333], "data_low": {"Stat_Nam": "JAMMU & KASHMIR", "Vil_Nam": "Gungloosa (Gugloosa)", "Prim_Heal_Cen_Num": "1", "Prim_Heal_Cen_Par_Med_Staf_Tot_Stren_Num": "3", "id": 71}, "data_high": {"Stat_Nam": "ASSAM", "Vil_Nam": "Rowah Pt.III", "Prim_Heal_Cen_Num": "3", "Prim_Heal_Cen_Par_Med_Staf_Tot_Stren_Num": "8", "id": 279840}, "perc": 0.32727126741338475, "metric": 99.67272939720439, "value_global_local": {"": {"global_perc": 0.003810873179516125, "local_perc": 0.9739941118743867}, "ANDARGAON": {"global_perc": 1.0, "local_perc": 0.0004906771344455348}, "BACHAHALLI": {"global_perc": 1.0, "local_perc": 0.0004906771344455348}, "BADOWALA": {"global_perc": 1.0, "local_perc": 0.0004906771344455348}, "BALIA": {"global_perc": 0.08333333333333333, "local_perc": 0.0004906771344455348}, "BASEDOUR": {"global_perc": 0.3333333333333333, "local_perc": 0.0004906771344455348}, "BHUMAL GADI": {"global_perc": 1.0, "local_perc": 0.0004906771344455348}, "CHAUBATTA KHAL": {"global_perc": 1.0, "local_perc": 0.0004906771344455348}, "CHITBARGAON": {"global_perc": 0.5, "local_perc": 0.0004906771344455348}, "CHOPTA": {"global_perc": 0.5, "local_perc": 0.0004906771344455348}, "CHOWKI": {"global_perc": 0.125, "local_perc": 0.0004906771344455348}, "DABARI": {"global_perc": 1.0, "local_perc": 0.0004906771344455348}, "DAIRA": {"global_perc": 1.0, "local_perc": 0.0004906771344455348}, "DEWAL": {"global_perc": 0.3333333333333333, "local_perc": 0.0004906771344455348}, "DHUNA": {"global_perc": 0.3333333333333333, "local_perc": 0.0004906771344455348}, "GANGHARA": {"global_perc": 0.5, "local_perc": 0.0004906771344455348}, "GOVINDAMPALAYAM": {"global_perc": 0.5, "local_perc": 0.0004906771344455348}, "GUMMIDIPOONDI": {"global_perc": 0.5, "local_perc": 0.0004906771344455348}, "JAGATPUR": {"global_perc": 0.047619047619047616, "local_perc": 0.0004906771344455348}, "JISPA": {"global_perc": 0.5, "local_perc": 0.0004906771344455348}, "KERA MALLA": {"global_perc": 1.0, "local_perc": 0.0004906771344455348}, "KHOUR": {"global_perc": 0.3333333333333333, "local_perc": 0.0004906771344455348}, "KHUSBARI": {"global_perc": 1.0, "local_perc": 0.0004906771344455348}, "KIRATPUR": {"global_perc": 0.16666666666666666, "local_perc": 0.0004906771344455348}, "MAHADUPUR": {"global_perc": 1.0, "local_perc": 0.0004906771344455348}, "MUNCHINGI PUTTU": {"global_perc": 0.1111111111111111, "local_perc": 0.0004906771344455348}, "N.A.": {"global_perc": 0.0011365788975184693, "local_perc": 0.005888125613346418}, "NAND TALLA": {"global_perc": 1.0, "local_perc": 0.0004906771344455348}, "NAUGAON": {"global_perc": 0.125, "local_perc": 0.0004906771344455348}, "PALLEL": {"global_perc": 0.04, "local_perc": 0.0004906771344455348}, "PALLIKKADU": {"global_perc": 1.0, "local_perc": 0.0004906771344455348}, "PHULANG": {"global_perc": 1.0, "local_perc": 0.0004906771344455348}, "REASI": {"global_perc": 0.09090909090909091, "local_perc": 0.0004906771344455348}, "ROMBARIC": {"global_perc": 1.0, "local_perc": 0.0004906771344455348}, "Rahmatpur": {"global_perc": 0.5, "local_perc": 0.0004906771344455348}, "Rangchali Gaon": {"global_perc": 1.0, "local_perc": 0.0004906771344455348}, "SARAIA": {"global_perc": 0.25, "local_perc": 0.0004906771344455348}, "SIMLO": {"global_perc": 1.0, "local_perc": 0.0004906771344455348}, "SIRUVADI": {"global_perc": 1.0, "local_perc": 0.0004906771344455348}, "SUNKA": {"global_perc": 1.0, "local_perc": 0.0004906771344455348}, "Sada Siva T.E. 118/14": {"global_perc": 1.0, "local_perc": 0.0004906771344455348}, "THAGACHAGERE": {"global_perc": 1.0, "local_perc": 0.0004906771344455348}, "ZAHRIKHAL": {"global_perc": 0.3333333333333333, "local_perc": 0.0004906771344455348}}, "partition_field": "Near_Vil_Tow_Nam_hav_Prim_School", "Vil_Nam": "Gungloosa (Gugloosa)", "Stat_Nam": "JAMMU & KASHMIR"}, {"data": [["Prim_Heal_Cen_Num", 1.0], ["Prim_Heal_Cen_Par_Med_Staf_Tot_Stren_Num", 2.0], 0.5], "data_low": {"Stat_Nam": "JAMMU & KASHMIR", "Vil_Nam": "Keran", "Prim_Heal_Cen_Num": "1", "Prim_Heal_Cen_Par_Med_Staf_Tot_Stren_Num": "2", "id": 1}, "data_high": {"Stat_Nam": "MANIPUR", "Vil_Nam": "Pangei", "Prim_Heal_Cen_Num": "3", "Prim_Heal_Cen_Par_Med_Staf_Tot_Stren_Num": "5", "id": 269188}, "perc": 0.45284836805973744, "metric": 99.54715212977558, "value_global_local": {"ANDHRA PRADESH": {"global_perc": 0.008992805755395683, "local_perc": 0.08865248226950355}, "Arunachal Pradesh": {"global_perc": 0.007156915369475756, "local_perc": 0.014184397163120567}, "BIHAR": {"global_perc": 0.013259348397735883, "local_perc": 0.21099290780141844}, "CHANDIGARH": {"global_perc": 0.2, "local_perc": 0.0003546099290780142}, "CHHATTISGARH": {"global_perc": 0.0026334095200238497, "local_perc": 0.01879432624113475}, "DAMAN & DIU": {"global_perc": 0.05263157894736842, "local_perc": 0.0003546099290780142}, "HARYANA": {"global_perc": 0.00204648443210057, "local_perc": 0.004964539007092199}, "HIMACHAL PRADESH": {"global_perc": 0.0028999516674722086, "local_perc": 0.02127659574468085}, "JAMMU & KASHMIR": {"global_perc": 0.02243247367617885, "local_perc": 0.052127659574468084}, "JHARKHAND": {"global_perc": 0.004013088843613015, "local_perc": 0.04609929078014184}, "KARNATAKA": {"global_perc": 0.013701431492842536, "local_perc": 0.1425531914893617}, "KERALA": {"global_perc": 0.05108055009823183, "local_perc": 0.018439716312056736}, "MADHYA PRADESH": {"global_perc": 0.003642788190080688, "local_perc": 0.07092198581560284}, "MANIPUR": {"global_perc": 0.004649360712901976, "local_perc": 0.00425531914893617}, "Maharashtra": {"global_perc": 0.0005267376617428146, "local_perc": 0.008156028368794326}, "NAGALAND": {"global_perc": 0.007703081232492998, "local_perc": 0.003900709219858156}, "Punjab": {"global_perc": 0.0053254908194897066, "local_perc": 0.02375886524822695}, "SIKKIM": {"global_perc": 0.013303769401330377, "local_perc": 0.002127659574468085}, "TRIPURA": {"global_perc": 0.009142857142857144, "local_perc": 0.0028368794326241137}, "UTTAR PRADESH": {"global_perc": 0.005516324198774983, "local_perc": 0.20886524822695035}, "UTTARAKHAND": {"global_perc": 0.0012505210504376823, "local_perc": 0.007446808510638298}, "West Bengal": {"global_perc": 0.0034312994181709684, "local_perc": 0.04893617021276596}}, "partition_field": "Stat_Nam", "Vil_Nam": "Keran", "Stat_Nam": "JAMMU & KASHMIR"}, {"data": [["Prim_Heal_Cen_Num", 4.0], ["Prim_Heal_Cen_Par_Med_Staf_Tot_Stren_Num", 6.0], 0.6666666666666666], "data_low": {"Stat_Nam": "ASSAM", "Vil_Nam": "Rowah Pt.II", "Prim_Heal_Cen_Num": "2", "Prim_Heal_Cen_Par_Med_Staf_Tot_Stren_Num": "3", "id": 279843}, "data_high": {"Stat_Nam": "JAMMU & KASHMIR", "Vil_Nam": "Barwalah", "Prim_Heal_Cen_Num": "4", "Prim_Heal_Cen_Par_Med_Staf_Tot_Stren_Num": "6", "id": 2853}, "perc": 0.007708057328676382, "metric": 99.99229227604563, "value_global_local": {"ASSAM": {"global_perc": 0.0016290964197764727, "local_perc": 0.8958333333333334}, "JAMMU & KASHMIR": {"global_perc": 0.00015260186174271325, "local_perc": 0.020833333333333332}, "KERALA": {"global_perc": 0.0009823182711198428, "local_perc": 0.020833333333333332}, "West Bengal": {"global_perc": 7.459346561241235e-05, "local_perc": 0.0625}}, "partition_field": "Stat_Nam", "Vil_Nam": "Barwalah", "Stat_Nam": "JAMMU & KASHMIR"}, {"data": [["Prim_Heal_Cen_Num", 1.0], ["Prim_Heal_Cen_Par_Med_Staf_Tot_Stren_Num", 1.0], 1.0], "data_low": {"Stat_Nam": "JAMMU & KASHMIR", "Vil_Nam": "Dedi Koot", "Prim_Heal_Cen_Num": "1", "Prim_Heal_Cen_Par_Med_Staf_Tot_Stren_Num": "1", "id": 102}, "data_high": {"Stat_Nam": "JAMMU & KASHMIR", "Vil_Nam": "Salal", "Prim_Heal_Cen_Num": "3", "Prim_Heal_Cen_Par_Med_Staf_Tot_Stren_Num": "3", "id": 5181}, "perc": 0.4905857320647156, "metric": 99.50941426793528, "value_global_local": {"ANDAMAN & NICOBAR ISLANDS": {"global_perc": 0.0018018018018018018, "local_perc": 0.0003273322422258593}, "ANDHRA PRADESH": {"global_perc": 0.0007913669064748202, "local_perc": 0.007201309328968904}, "ASSAM": {"global_perc": 7.577192650123129e-05, "local_perc": 0.0006546644844517185}, "Arunachal Pradesh": {"global_perc": 0.0007156915369475756, "local_perc": 0.001309328968903437}, "BIHAR": {"global_perc": 0.003832954494807684, "local_perc": 0.05630114566284779}, "CHANDIGARH": {"global_perc": 0.2, "local_perc": 0.0003273322422258593}, "CHHATTISGARH": {"global_perc": 0.001142800357746199, "local_perc": 0.0075286415711947625}, "HARYANA": {"global_perc": 0.001315597134921795, "local_perc": 0.0029459901800327334}, "HIMACHAL PRADESH": {"global_perc": 0.008458192363460609, "local_perc": 0.057283142389525366}, "JAMMU & KASHMIR": {"global_perc": 0.012818556386387915, "local_perc": 0.027495908346972176}, "JHARKHAND": {"global_perc": 0.01364450206828425, "local_perc": 0.14468085106382977}, "KARNATAKA": {"global_perc": 0.017109747784594412, "local_perc": 0.16432078559738134}, "KERALA": {"global_perc": 0.07760314341846758, "local_perc": 0.02585924713584288}, "MADHYA PRADESH": {"global_perc": 0.0025499517330564814, "local_perc": 0.04582651391162029}, "MANIPUR": {"global_perc": 0.0019372336303758234, "local_perc": 0.0016366612111292963}, "MIZORAM": {"global_perc": 0.0036144578313253013, "local_perc": 0.0009819967266775777}, "Maharashtra": {"global_perc": 0.00011450818733539448, "local_perc": 0.0016366612111292963}, "NAGALAND": {"global_perc": 0.0007002801120448179, "local_perc": 0.0003273322422258593}, "Punjab": {"global_perc": 0.059136793577617044, "local_perc": 0.24353518821603928}, "TRIPURA": {"global_perc": 0.009142857142857144, "local_perc": 0.002618657937806874}, "UTTAR PRADESH": {"global_perc": 0.004748346975855545, "local_perc": 0.16595744680851063}, "West Bengal": {"global_perc": 0.0031329255557213187, "local_perc": 0.041243862520458266}}, "partition_field": "Stat_Nam", "Vil_Nam": "Dedi Koot", "Stat_Nam": "JAMMU & KASHMIR"}, {"data": [["Prim_Heal_Cen_Num", 10.0], ["Prim_Heal_Cen_Par_Med_Staf_Tot_Stren_Num", 6.0], 1.6666666666666667], "data_low": {"Stat_Nam": "MIZORAM", "Vil_Nam": "Bualpui NG \u0091W\u0092", "Prim_Heal_Cen_Num": "10", "Prim_Heal_Cen_Par_Med_Staf_Tot_Stren_Num": "6", "id": 270702}, "data_high": {"Stat_Nam": "MIZORAM", "Vil_Nam": "Bualpui NG \u0091W\u0092", "Prim_Heal_Cen_Num": "10", "Prim_Heal_Cen_Par_Med_Staf_Tot_Stren_Num": "6", "id": 270702}, "perc": 0.00016058452768075794, "metric": 99.99983874867337, "value_global_local": {}, "partition_field": null, "Vil_Nam": "Bualpui NG \u0091W\u0092", "Stat_Nam": "MIZORAM"}, {"data": [["Prim_Heal_Cen_Num", 2.0], ["Prim_Heal_Cen_Par_Med_Staf_Tot_Stren_Num", 1.0], 2.0], "data_low": {"Stat_Nam": "JAMMU & KASHMIR", "Vil_Nam": "Ghalian", "Prim_Heal_Cen_Num": "2", "Prim_Heal_Cen_Par_Med_Staf_Tot_Stren_Num": "1", "id": 1509}, "data_high": {"Stat_Nam": "JAMMU & KASHMIR", "Vil_Nam": "Ghalian", "Prim_Heal_Cen_Num": "2", "Prim_Heal_Cen_Par_Med_Staf_Tot_Stren_Num": "1", "id": 1509}, "perc": 0.002087598859849853, "metric": 99.997911400961, "value_global_local": {}, "partition_field": null, "Vil_Nam": "Ghalian", "Stat_Nam": "JAMMU & KASHMIR"}, {"data": [["Prim_Heal_Cen_Num", 3.0], ["Prim_Heal_Cen_Par_Med_Staf_Tot_Stren_Num", 1.0], 3.0], "data_low": {"Stat_Nam": "Punjab", "Vil_Nam": "Ghiala (300)", "Prim_Heal_Cen_Num": "3", "Prim_Heal_Cen_Par_Med_Staf_Tot_Stren_Num": "1", "id": 27372}, "data_high": {"Stat_Nam": "Punjab", "Vil_Nam": "Ghiala (300)", "Prim_Heal_Cen_Num": "3", "Prim_Heal_Cen_Par_Med_Staf_Tot_Stren_Num": "1", "id": 27372}, "perc": 0.0003211690553615159, "metric": 99.999676830551, "value_global_local": {}, "partition_field": null, "Vil_Nam": "Ghiala (300)", "Stat_Nam": "Punjab"}, {"data": [["Prim_Heal_Cen_Num", 1.0], ["Prim_Heal_Cen_Par_Med_Staf_Tot_Stren_Num", 0.0], 9999], "data_low": {"Stat_Nam": "JAMMU & KASHMIR", "Vil_Nam": "Bazgoo", "Prim_Heal_Cen_Num": "1", "Prim_Heal_Cen_Par_Med_Staf_Tot_Stren_Num": "0", "id": 839}, "data_high": {"Stat_Nam": "MIZORAM", "Vil_Nam": "Daido", "Prim_Heal_Cen_Num": "2", "Prim_Heal_Cen_Par_Med_Staf_Tot_Stren_Num": "", "id": 270159}, "perc": 0.262073949174997, "metric": 99.72795225831969, "value_global_local": {"ANDAMAN & NICOBAR ISLANDS": {"global_perc": 0.0036036036036036037, "local_perc": 0.0012254901960784314}, "Arunachal Pradesh": {"global_perc": 0.0003578457684737878, "local_perc": 0.0012254901960784314}, "CHHATTISGARH": {"global_perc": 0.012819238795587797, "local_perc": 0.15808823529411764}, "HARYANA": {"global_perc": 0.000146177459435755, "local_perc": 0.0006127450980392157}, "HIMACHAL PRADESH": {"global_perc": 0.0005316578057032382, "local_perc": 0.006740196078431373}, "JAMMU & KASHMIR": {"global_perc": 0.004425453990538684, "local_perc": 0.017769607843137254}, "JHARKHAND": {"global_perc": 3.086991418163858e-05, "local_perc": 0.0006127450980392157}, "MADHYA PRADESH": {"global_perc": 0.0004735624647104894, "local_perc": 0.015931372549019607}, "MANIPUR": {"global_perc": 0.0019372336303758234, "local_perc": 0.0030637254901960784}, "MIZORAM": {"global_perc": 0.024096385542168676, "local_perc": 0.012254901960784314}, "NAGALAND": {"global_perc": 0.0035014005602240898, "local_perc": 0.0030637254901960784}, "Punjab": {"global_perc": 0.0023845481281297193, "local_perc": 0.01838235294117647}, "TRIPURA": {"global_perc": 0.001142857142857143, "local_perc": 0.0006127450980392157}, "UTTAR PRADESH": {"global_perc": 0.0022758349410905276, "local_perc": 0.1488970588235294}, "West Bengal": {"global_perc": 0.024814759560395843, "local_perc": 0.6115196078431373}}, "partition_field": "Stat_Nam", "Vil_Nam": "Bazgoo", "Stat_Nam": "JAMMU & KASHMIR"}, {"data": [["Prim_Heal_Cen_Num", 0], ["Prim_Heal_Cen_Par_Med_Staf_Tot_Stren_Num", 0], 99980001], "data_low": {"Stat_Nam": "JAMMU & KASHMIR", "Vil_Nam": "Bore", "Prim_Heal_Cen_Num": "", "Prim_Heal_Cen_Par_Med_Staf_Tot_Stren_Num": "", "id": 0}, "data_high": {"Stat_Nam": "JAMMU & KASHMIR", "Vil_Nam": "Palmar", "Prim_Heal_Cen_Num": "Phc_Num", "Prim_Heal_Cen_Par_Med_Staf_Tot_Stren_Num": "Phc_pst", "id": 4582}, "perc": 96.35970934200489, "metric": 9.637898417505005e-07, "value_global_local": {"null": {"global_perc": 0.963597093420049, "local_perc": 1.0}}, "partition_field": "Dist_Other", "Vil_Nam": "Bore", "Stat_Nam": "JAMMU & KASHMIR"}]