[{"data": [["Vet_Hos_Doc_In_Pos_Num", 0], ["Vet_Hos_Doc_Tot_Stren_Num", 1.0], 0.0], "data_low": {"Stat_Nam": "JAMMU & KASHMIR", "Vil_Nam": "Teki Pora", "Vet_Hos_Doc_Tot_Stren_Num": "1", "Vet_Hos_Doc_In_Pos_Num": "", "id": 32}, "data_high": {"Stat_Nam": "UTTAR PRADESH", "Vil_Nam": "Sathri", "Vet_Hos_Doc_Tot_Stren_Num": "31", "Vet_Hos_Doc_In_Pos_Num": "1", "id": 165457}, "perc": 0.18965032719097516, "metric": 99.81035067111218, "value_global_local": {"ANDAMAN & NICOBAR ISLANDS": {"global_perc": 0.0018018018018018018, "local_perc": 0.000846740050804403}, "ASSAM": {"global_perc": 0.00015154385300246258, "local_perc": 0.003386960203217612}, "BIHAR": {"global_perc": 8.91384766234345e-05, "local_perc": 0.003386960203217612}, "CHHATTISGARH": {"global_perc": 0.013663917320878466, "local_perc": 0.23285351397121085}, "HARYANA": {"global_perc": 0.00350825902645812, "local_perc": 0.02032176121930567}, "HIMACHAL PRADESH": {"global_perc": 0.0037699371677138716, "local_perc": 0.06604572396274344}, "JAMMU & KASHMIR": {"global_perc": 0.0039676484053105445, "local_perc": 0.02201524132091448}, "JHARKHAND": {"global_perc": 0.0006173982836327715, "local_perc": 0.01693480101608806}, "KARNATAKA": {"global_perc": 0.0013292433537832311, "local_perc": 0.03302286198137172}, "MADHYA PRADESH": {"global_perc": 0.002240314736899623, "local_perc": 0.10414902624894158}, "MIZORAM": {"global_perc": 0.0024096385542168677, "local_perc": 0.001693480101608806}, "NAGALAND": {"global_perc": 0.0007002801120448179, "local_perc": 0.000846740050804403}, "PUDUCHERRY": {"global_perc": 0.011111111111111112, "local_perc": 0.000846740050804403}, "RAJASTHAN": {"global_perc": 0.007320021489971347, "local_perc": 0.2768839966130398}, "TRIPURA": {"global_perc": 0.027428571428571427, "local_perc": 0.02032176121930567}, "UTTAR PRADESH": {"global_perc": 0.0012456215932717702, "local_perc": 0.1126164267569856}, "West Bengal": {"global_perc": 0.0024615843652096075, "local_perc": 0.0838272650296359}}, "partition_field": "Stat_Nam", "Vil_Nam": "Teki Pora", "Stat_Nam": "JAMMU & KASHMIR"}, {"data": [["Vet_Hos_Doc_In_Pos_Num", 1.0], ["Vet_Hos_Doc_Tot_Stren_Num", 5.0], 0.2], "data_low": {"Stat_Nam": "UTTAR PRADESH", "Vil_Nam": "Mardah", "Vet_Hos_Doc_Tot_Stren_Num": "5", "Vet_Hos_Doc_In_Pos_Num": "1", "id": 203914}, "data_high": {"Stat_Nam": "UTTAR PRADESH", "Vil_Nam": "Mardah", "Vet_Hos_Doc_Tot_Stren_Num": "5", "Vet_Hos_Doc_In_Pos_Num": "1", "id": 203914}, "perc": 0.0017664298044883376, "metric": 99.99823437034141, "value_global_local": {}, "partition_field": null, "Vil_Nam": "Mardah", "Stat_Nam": "UTTAR PRADESH"}, {"data": [["Vet_Hos_Doc_In_Pos_Num", 1.0], ["Vet_Hos_Doc_Tot_Stren_Num", 3.0], 0.3333333333333333], "data_low": {"Stat_Nam": "JAMMU & KASHMIR", "Vil_Nam": "Gulnaz (Panzan)", "Vet_Hos_Doc_Tot_Stren_Num": "3", "Vet_Hos_Doc_In_Pos_Num": "1", "id": 768}, "data_high": {"Stat_Nam": "UTTAR PRADESH", "Vil_Nam": "Salempur", "Vet_Hos_Doc_Tot_Stren_Num": "5", "Vet_Hos_Doc_In_Pos_Num": "2", "id": 142865}, "perc": 0.008992733550122445, "metric": 99.99100793318993, "value_global_local": {"ASSAM": {"global_perc": 0.00011365788975184695, "local_perc": 0.05357142857142857}, "BIHAR": {"global_perc": 2.2284619155858625e-05, "local_perc": 0.017857142857142856}, "CHHATTISGARH": {"global_perc": 0.00024843486037960845, "local_perc": 0.08928571428571429}, "HIMACHAL PRADESH": {"global_perc": 0.00014499758337361044, "local_perc": 0.05357142857142857}, "JAMMU & KASHMIR": {"global_perc": 0.000610407446970853, "local_perc": 0.07142857142857142}, "JHARKHAND": {"global_perc": 6.173982836327716e-05, "local_perc": 0.03571428571428571}, "KARNATAKA": {"global_perc": 3.408316291751875e-05, "local_perc": 0.017857142857142856}, "KERALA": {"global_perc": 0.0019646365422396855, "local_perc": 0.03571428571428571}, "MADHYA PRADESH": {"global_perc": 0.00012749758665282407, "local_perc": 0.125}, "Punjab": {"global_perc": 0.0003974246880216199, "local_perc": 0.08928571428571429}, "RAJASTHAN": {"global_perc": 0.00013431232091690545, "local_perc": 0.10714285714285714}, "TRIPURA": {"global_perc": 0.0034285714285714284, "local_perc": 0.05357142857142857}, "Tamil Nadu": {"global_perc": 6.258213905751299e-05, "local_perc": 0.017857142857142856}, "UTTAR PRADESH": {"global_perc": 9.36557588926143e-05, "local_perc": 0.17857142857142858}, "UTTARAKHAND": {"global_perc": 0.0001190972428988269, "local_perc": 0.03571428571428571}, "West Bengal": {"global_perc": 2.4864488537470783e-05, "local_perc": 0.017857142857142856}}, "partition_field": "Stat_Nam", "Vil_Nam": "Gulnaz (Panzan)", "Stat_Nam": "JAMMU & KASHMIR"}, {"data": [["Vet_Hos_Doc_In_Pos_Num", 1.0], ["Vet_Hos_Doc_Tot_Stren_Num", 2.0], 0.5], "data_low": {"Stat_Nam": "JAMMU & KASHMIR", "Vil_Nam": "Magam", "Vet_Hos_Doc_Tot_Stren_Num": "2", "Vet_Hos_Doc_In_Pos_Num": "1", "id": 148}, "data_high": {"Stat_Nam": "UTTARAKHAND", "Vil_Nam": "Jauligrant", "Vet_Hos_Doc_Tot_Stren_Num": "7", "Vet_Hos_Doc_In_Pos_Num": "4", "id": 45051}, "perc": 0.11433618370869966, "metric": 99.88566431581951, "value_global_local": {"ANDAMAN & NICOBAR ISLANDS": {"global_perc": 0.0018018018018018018, "local_perc": 0.0014044943820224719}, "ANDHRA PRADESH": {"global_perc": 0.0009352517985611511, "local_perc": 0.03651685393258427}, "ASSAM": {"global_perc": 0.0007956052282629285, "local_perc": 0.02949438202247191}, "BIHAR": {"global_perc": 0.0007576770512991933, "local_perc": 0.047752808988764044}, "CHHATTISGARH": {"global_perc": 0.0008943654973665905, "local_perc": 0.025280898876404494}, "HARYANA": {"global_perc": 0.00263119426984359, "local_perc": 0.025280898876404494}, "HIMACHAL PRADESH": {"global_perc": 0.0050265828902851615, "local_perc": 0.14606741573033707}, "JAMMU & KASHMIR": {"global_perc": 0.0025942316496261253, "local_perc": 0.023876404494382022}, "JHARKHAND": {"global_perc": 0.0003395690559980243, "local_perc": 0.01544943820224719}, "KARNATAKA": {"global_perc": 0.00040899795501022495, "local_perc": 0.016853932584269662}, "KERALA": {"global_perc": 0.005893909626719057, "local_perc": 0.008426966292134831}, "MADHYA PRADESH": {"global_perc": 0.0012567619255778374, "local_perc": 0.09691011235955056}, "MANIPUR": {"global_perc": 0.0003874467260751647, "local_perc": 0.0014044943820224719}, "Maharashtra": {"global_perc": 0.00043513111187449904, "local_perc": 0.026685393258426966}, "Punjab": {"global_perc": 0.0018281535648994515, "local_perc": 0.032303370786516857}, "RAJASTHAN": {"global_perc": 0.00073871776504298, "local_perc": 0.046348314606741575}, "TRIPURA": {"global_perc": 0.018285714285714287, "local_perc": 0.02247191011235955}, "Tamil Nadu": {"global_perc": 0.0010013142249202078, "local_perc": 0.02247191011235955}, "UTTAR PRADESH": {"global_perc": 0.0005993968569127316, "local_perc": 0.0898876404494382}, "UTTARAKHAND": {"global_perc": 0.011552432561186208, "local_perc": 0.27247191011235955}, "West Bengal": {"global_perc": 0.00022378039683723706, "local_perc": 0.012640449438202247}}, "partition_field": "Stat_Nam", "Vil_Nam": "Magam", "Stat_Nam": "JAMMU & KASHMIR"}, {"data": [["Vet_Hos_Doc_In_Pos_Num", 2.0], ["Vet_Hos_Doc_Tot_Stren_Num", 3.0], 0.6666666666666666], "data_low": {"Stat_Nam": "UTTAR PRADESH", "Vil_Nam": "Kotawa", "Vet_Hos_Doc_Tot_Stren_Num": "15", "Vet_Hos_Doc_In_Pos_Num": "10", "id": 199054}, "data_high": {"Stat_Nam": "HIMACHAL PRADESH", "Vil_Nam": "Kasba Bathri  (82A)", "Vet_Hos_Doc_Tot_Stren_Num": "6", "Vet_Hos_Doc_In_Pos_Num": "4", "id": 7323}, "perc": 0.03677385683889357, "metric": 99.9632264764385, "value_global_local": {"ASSAM": {"global_perc": 0.00011365788975184695, "local_perc": 0.013100436681222707}, "BIHAR": {"global_perc": 0.0009136693853902037, "local_perc": 0.17903930131004367}, "CHHATTISGARH": {"global_perc": 0.00029812183245553017, "local_perc": 0.026200873362445413}, "HIMACHAL PRADESH": {"global_perc": 0.0035766070565490574, "local_perc": 0.3231441048034934}, "JAMMU & KASHMIR": {"global_perc": 0.0003052037234854265, "local_perc": 0.008733624454148471}, "JHARKHAND": {"global_perc": 6.173982836327716e-05, "local_perc": 0.008733624454148471}, "KERALA": {"global_perc": 0.0009823182711198428, "local_perc": 0.004366812227074236}, "MADHYA PRADESH": {"global_perc": 0.0003278509371072619, "local_perc": 0.07860262008733625}, "Maharashtra": {"global_perc": 2.2901637467078896e-05, "local_perc": 0.004366812227074236}, "Punjab": {"global_perc": 0.0003179397504172959, "local_perc": 0.017467248908296942}, "RAJASTHAN": {"global_perc": 0.0006939469914040115, "local_perc": 0.13537117903930132}, "TRIPURA": {"global_perc": 0.001142857142857143, "local_perc": 0.004366812227074236}, "Tamil Nadu": {"global_perc": 0.00025032855623005195, "local_perc": 0.017467248908296942}, "UTTAR PRADESH": {"global_perc": 0.00029033285256710434, "local_perc": 0.13537117903930132}, "UTTARAKHAND": {"global_perc": 0.00041684035014589413, "local_perc": 0.03056768558951965}, "West Bengal": {"global_perc": 7.459346561241235e-05, "local_perc": 0.013100436681222707}}, "partition_field": "Stat_Nam", "Vil_Nam": "Khumriyal", "Stat_Nam": "JAMMU & KASHMIR"}, {"data": [["Vet_Hos_Doc_In_Pos_Num", 1.0], ["Vet_Hos_Doc_Tot_Stren_Num", 1.0], 1.0], "data_low": {"Stat_Nam": "JAMMU & KASHMIR", "Vil_Nam": "Dudi", "Vet_Hos_Doc_Tot_Stren_Num": "1", "Vet_Hos_Doc_In_Pos_Num": "1", "id": 10}, "data_high": {"Stat_Nam": "UTTAR PRADESH", "Vil_Nam": "Ankari Pur", "Vet_Hos_Doc_Tot_Stren_Num": "8", "Vet_Hos_Doc_In_Pos_Num": "8", "id": 165720}, "perc": 4.4130234051949095, "metric": 95.5869765948051, "value_global_local": {"": {"global_perc": 0.05169732643728474, "local_perc": 0.9798770059313707}, "1GHANEPUR": {"global_perc": 1.0, "local_perc": 3.638877770095702e-05}, "ADHARPUR": {"global_perc": 0.25, "local_perc": 3.638877770095702e-05}, "AHMEDGARH": {"global_perc": 1.0, "local_perc": 3.638877770095702e-05}, "ALABKPUR": {"global_perc": 1.0, "local_perc": 3.638877770095702e-05}, "AMBALA": {"global_perc": 0.2, "local_perc": 3.638877770095702e-05}, "AMLEHAR": {"global_perc": 0.3333333333333333, "local_perc": 3.638877770095702e-05}, "AMROH": {"global_perc": 0.1, "local_perc": 3.638877770095702e-05}, "AMRUT": {"global_perc": 0.14285714285714285, "local_perc": 3.638877770095702e-05}, "ANACHI": {"global_perc": 0.5, "local_perc": 3.638877770095702e-05}, "ANHECH": {"global_perc": 0.25, "local_perc": 3.638877770095702e-05}, "AREKALHOSAHALLI": {"global_perc": 0.5, "local_perc": 3.638877770095702e-05}, "ASAUVAPARMOHRAI": {"global_perc": 1.0, "local_perc": 3.638877770095702e-05}, "ATARDEEH": {"global_perc": 1.0, "local_perc": 3.638877770095702e-05}, "ATTARI": {"global_perc": 0.2, "local_perc": 3.638877770095702e-05}, "ATTIBELE": {"global_perc": 0.5, "local_perc": 3.638877770095702e-05}, "B.B.NAGAR": {"global_perc": 0.5, "local_perc": 3.638877770095702e-05}, "BABHANI": {"global_perc": 0.010416666666666666, "local_perc": 7.277755540191405e-05}, "BADETH MALLA": {"global_perc": 1.0, "local_perc": 3.638877770095702e-05}, "BADHAL": {"global_perc": 0.5, "local_perc": 3.638877770095702e-05}, "BADHAVA": {"global_perc": 1.0, "local_perc": 3.638877770095702e-05}, "BADHGAWAN": {"global_perc": 1.0, "local_perc": 3.638877770095702e-05}, "BADOL": {"global_perc": 0.5, "local_perc": 3.638877770095702e-05}, "BADOLI": {"global_perc": 0.09090909090909091, "local_perc": 3.638877770095702e-05}, "BAGAHI": {"global_perc": 0.2, "local_perc": 3.638877770095702e-05}, "BAGGA": {"global_perc": 1.0, "local_perc": 3.638877770095702e-05}, "BAGHAURA MAL": {"global_perc": 1.0, "local_perc": 3.638877770095702e-05}, "BAHADURGARH": {"global_perc": 1.0, "local_perc": 3.638877770095702e-05}, "BAHADURPUR": {"global_perc": 0.047619047619047616, "local_perc": 7.277755540191405e-05}, "BAHERA KHAL": {"global_perc": 1.0, "local_perc": 3.638877770095702e-05}, "BAIJUWAPUR": {"global_perc": 1.0, "local_perc": 3.638877770095702e-05}, "BAIRGACHHI": {"global_perc": 1.0, "local_perc": 3.638877770095702e-05}, "BAKAMI": {"global_perc": 1.0, "local_perc": 3.638877770095702e-05}, "BAKHALAG": {"global_perc": 0.2, "local_perc": 3.638877770095702e-05}, "BAKHRUNDA": {"global_perc": 0.2, "local_perc": 3.638877770095702e-05}, "BALLAGAN": {"global_perc": 1.0, "local_perc": 3.638877770095702e-05}, "BALRAMPUR": {"global_perc": 0.1, "local_perc": 3.638877770095702e-05}, "BANDULAHAR": {"global_perc": 1.0, "local_perc": 3.638877770095702e-05}, "BANGA": {"global_perc": 0.5, "local_perc": 3.638877770095702e-05}, "BANGAMA": {"global_perc": 0.5, "local_perc": 3.638877770095702e-05}, "BANGRA": {"global_perc": 0.6666666666666666, "local_perc": 0.0001455551108038281}, "BANSDIH": {"global_perc": 0.1, "local_perc": 3.638877770095702e-05}, "BARAMATI": {"global_perc": 1.0, "local_perc": 3.638877770095702e-05}, "BARAMPUR": {"global_perc": 0.5, "local_perc": 3.638877770095702e-05}, "BARAPATI": {"global_perc": 1.0, "local_perc": 3.638877770095702e-05}, "BARARA": {"global_perc": 0.5, "local_perc": 3.638877770095702e-05}, "BARDAR": {"global_perc": 1.0, "local_perc": 3.638877770095702e-05}, "BARIGARH": {"global_perc": 1.0, "local_perc": 3.638877770095702e-05}, "BAROG": {"global_perc": 0.2, "local_perc": 3.638877770095702e-05}, "BARUA": {"global_perc": 0.2, "local_perc": 3.638877770095702e-05}, "BASAULI": {"global_perc": 0.3333333333333333, "local_perc": 3.638877770095702e-05}, "BASAVANAHALLI": {"global_perc": 0.2, "local_perc": 3.638877770095702e-05}, "BASEDOUR": {"global_perc": 0.3333333333333333, "local_perc": 3.638877770095702e-05}, "BASINI": {"global_perc": 1.0, "local_perc": 3.638877770095702e-05}, "BASOLI MALLI": {"global_perc": 0.5, "local_perc": 3.638877770095702e-05}, "BASSI": {"global_perc": 0.09090909090909091, "local_perc": 3.638877770095702e-05}, "BATOL": {"global_perc": 0.14285714285714285, "local_perc": 3.638877770095702e-05}, "BAWAL": {"global_perc": 0.5, "local_perc": 3.638877770095702e-05}, "BAZARKUNANG": {"global_perc": 0.25, "local_perc": 3.638877770095702e-05}, "BEAR KHURD": {"global_perc": 0.2, "local_perc": 7.277755540191405e-05}, "BEGUMSARAI": {"global_perc": 1.0, "local_perc": 3.638877770095702e-05}, "BEHREWALA": {"global_perc": 1.0, "local_perc": 3.638877770095702e-05}, "BELHAN": {"global_perc": 0.3333333333333333, "local_perc": 3.638877770095702e-05}, "BHAGESARA": {"global_perc": 1.0, "local_perc": 3.638877770095702e-05}, "BHAGWAN PUR": {"global_perc": 0.16666666666666666, "local_perc": 3.638877770095702e-05}, "BHAGWANPUR": {"global_perc": 0.034482758620689655, "local_perc": 3.638877770095702e-05}, "BHAIRPUR": {"global_perc": 0.5, "local_perc": 3.638877770095702e-05}, "BHAKHRA": {"global_perc": 1.0, "local_perc": 3.638877770095702e-05}, "BHALAWAG": {"global_perc": 0.5, "local_perc": 3.638877770095702e-05}, "BHALUANI": {"global_perc": 0.5, "local_perc": 3.638877770095702e-05}, "BHANDRA": {"global_perc": 0.3333333333333333, "local_perc": 3.638877770095702e-05}, "BHARANTA": {"global_perc": 0.16666666666666666, "local_perc": 3.638877770095702e-05}, "BHATHAR": {"global_perc": 0.5, "local_perc": 3.638877770095702e-05}, "BHATKOT": {"global_perc": 0.16666666666666666, "local_perc": 3.638877770095702e-05}, "BHATKOTE": {"global_perc": 0.3333333333333333, "local_perc": 3.638877770095702e-05}, "BHATWARI SUNAR": {"global_perc": 1.0, "local_perc": 3.638877770095702e-05}, "BHAURA DANDA": {"global_perc": 1.0, "local_perc": 3.638877770095702e-05}, "BHAWAN SINGH NAWAR": {"global_perc": 0.5, "local_perc": 3.638877770095702e-05}, "BHAWARNA": {"global_perc": 0.25, "local_perc": 3.638877770095702e-05}, "BHOTA": {"global_perc": 0.16666666666666666, "local_perc": 7.277755540191405e-05}, "BHULLI": {"global_perc": 1.0, "local_perc": 3.638877770095702e-05}, "BHUNGWAR": {"global_perc": 1.0, "local_perc": 7.277755540191405e-05}, "BHURIA BHOOR": {"global_perc": 1.0, "local_perc": 3.638877770095702e-05}, "BIGHAPUR": {"global_perc": 1.0, "local_perc": 3.638877770095702e-05}, "BIGHBEHARA": {"global_perc": 0.25, "local_perc": 3.638877770095702e-05}, "BIKHARA": {"global_perc": 1.0, "local_perc": 3.638877770095702e-05}, "BISHUNPUR KETHARIA": {"global_perc": 1.0, "local_perc": 3.638877770095702e-05}, "BOHALA": {"global_perc": 1.0, "local_perc": 3.638877770095702e-05}, "BOPPANAHALLI": {"global_perc": 1.0, "local_perc": 3.638877770095702e-05}, "BORAGAONWADI": {"global_perc": 1.0, "local_perc": 3.638877770095702e-05}, "BOSWAN": {"global_perc": 1.0, "local_perc": 3.638877770095702e-05}, "BRAKHARI": {"global_perc": 1.0, "local_perc": 3.638877770095702e-05}, "BRUA": {"global_perc": 0.5, "local_perc": 3.638877770095702e-05}, "CHAIDE": {"global_perc": 0.1, "local_perc": 7.277755540191405e-05}, "CHAK BAMUN": {"global_perc": 0.6666666666666666, "local_perc": 7.277755540191405e-05}, "CHAK NIVRANI": {"global_perc": 1.0, "local_perc": 3.638877770095702e-05}, "CHALAGERI": {"global_perc": 0.3333333333333333, "local_perc": 3.638877770095702e-05}, "CHAMALI": {"global_perc": 0.5, "local_perc": 3.638877770095702e-05}, "CHAMDAR": {"global_perc": 0.25, "local_perc": 3.638877770095702e-05}, "CHAMKOTE": {"global_perc": 0.5, "local_perc": 3.638877770095702e-05}, "CHAND": {"global_perc": 0.2, "local_perc": 3.638877770095702e-05}, "CHANDDIH": {"global_perc": 0.5, "local_perc": 3.638877770095702e-05}, "CHARKHI": {"global_perc": 0.5, "local_perc": 3.638877770095702e-05}, "CHASU": {"global_perc": 0.2, "local_perc": 3.638877770095702e-05}, "CHAUBATTA KHAL": {"global_perc": 1.0, "local_perc": 3.638877770095702e-05}, "CHAUTHI BAND": {"global_perc": 1.0, "local_perc": 3.638877770095702e-05}, "CHENNAKAL": {"global_perc": 0.3333333333333333, "local_perc": 3.638877770095702e-05}, "CHERUIRAM JAILAL": {"global_perc": 0.5, "local_perc": 3.638877770095702e-05}, "CHETANPURA": {"global_perc": 1.0, "local_perc": 3.638877770095702e-05}, "CHHANGLA": {"global_perc": 0.2, "local_perc": 3.638877770095702e-05}, "CHHITPAL GARH": {"global_perc": 1.0, "local_perc": 3.638877770095702e-05}, "CHIKKUR": {"global_perc": 1.0, "local_perc": 3.638877770095702e-05}, "CHINGUS": {"global_perc": 1.0, "local_perc": 3.638877770095702e-05}, "CHINTAKI": {"global_perc": 1.0, "local_perc": 3.638877770095702e-05}, "CHIPGI": {"global_perc": 1.0, "local_perc": 3.638877770095702e-05}, "CHIRLAKOPPA": {"global_perc": 1.0, "local_perc": 3.638877770095702e-05}, "CHOKHARA": {"global_perc": 1.0, "local_perc": 3.638877770095702e-05}, "CHOWDAPUR": {"global_perc": 1.0, "local_perc": 3.638877770095702e-05}, "DABHIYAR": {"global_perc": 1.0, "local_perc": 3.638877770095702e-05}, "DADHWALKAR": {"global_perc": 0.5, "local_perc": 3.638877770095702e-05}, "DAIRA": {"global_perc": 1.0, "local_perc": 3.638877770095702e-05}, "DANASALI": {"global_perc": 0.5, "local_perc": 3.638877770095702e-05}, "DANGRI": {"global_perc": 0.125, "local_perc": 3.638877770095702e-05}, "DAULATPUR": {"global_perc": 0.05714285714285714, "local_perc": 7.277755540191405e-05}, "DAWAL GARH": {"global_perc": 0.5, "local_perc": 7.277755540191405e-05}, "DEOTH": {"global_perc": 0.3333333333333333, "local_perc": 3.638877770095702e-05}, "DEVPUR SANWAL": {"global_perc": 0.08333333333333333, "local_perc": 3.638877770095702e-05}, "DHANALAG": {"global_perc": 1.0, "local_perc": 3.638877770095702e-05}, "DHARWAD": {"global_perc": 0.14285714285714285, "local_perc": 3.638877770095702e-05}, "DHIRAR": {"global_perc": 0.5, "local_perc": 3.638877770095702e-05}, "DHWLA": {"global_perc": 1.0, "local_perc": 3.638877770095702e-05}, "DIFFERPAT": {"global_perc": 1.0, "local_perc": 3.638877770095702e-05}, "DIGOLIKHAL": {"global_perc": 0.125, "local_perc": 3.638877770095702e-05}, "DODMANE": {"global_perc": 0.125, "local_perc": 3.638877770095702e-05}, "DUGRI PANTH": {"global_perc": 0.5, "local_perc": 3.638877770095702e-05}, "DUHAK KHURD": {"global_perc": 0.3333333333333333, "local_perc": 3.638877770095702e-05}, "DUNGRI MALLI": {"global_perc": 1.0, "local_perc": 7.277755540191405e-05}, "Dhaliwal Bet": {"global_perc": 1.0, "local_perc": 7.277755540191405e-05}, "ELLENABAD": {"global_perc": 1.0, "local_perc": 3.638877770095702e-05}, "FATEHPUR": {"global_perc": 0.015873015873015872, "local_perc": 3.638877770095702e-05}, "FULANG": {"global_perc": 0.3333333333333333, "local_perc": 3.638877770095702e-05}, "FURRA": {"global_perc": 0.3333333333333333, "local_perc": 3.638877770095702e-05}, "GADARIYA": {"global_perc": 1.0, "local_perc": 3.638877770095702e-05}, "GAGAL": {"global_perc": 0.2, "local_perc": 3.638877770095702e-05}, "GAGOTI": {"global_perc": 0.25, "local_perc": 3.638877770095702e-05}, "GAHARI": {"global_perc": 1.0, "local_perc": 3.638877770095702e-05}, "GAHNI": {"global_perc": 0.3333333333333333, "local_perc": 3.638877770095702e-05}, "GAINCHARI": {"global_perc": 0.2, "local_perc": 3.638877770095702e-05}, "GAJODIH": {"global_perc": 1.0, "local_perc": 3.638877770095702e-05}, "GANGDIH": {"global_perc": 1.0, "local_perc": 3.638877770095702e-05}, "GANGLOH": {"global_perc": 1.0, "local_perc": 3.638877770095702e-05}, "GAON": {"global_perc": 0.2, "local_perc": 0.00010916633310287107}, "GARALAG": {"global_perc": 1.0, "local_perc": 3.638877770095702e-05}, "GARH": {"global_perc": 0.1, "local_perc": 3.638877770095702e-05}, "GARHWA": {"global_perc": 0.14285714285714285, "local_perc": 3.638877770095702e-05}, "GARNI": {"global_perc": 0.07692307692307693, "local_perc": 3.638877770095702e-05}, "GARRICHAK": {"global_perc": 1.0, "local_perc": 3.638877770095702e-05}, "GATWAR": {"global_perc": 1.0, "local_perc": 3.638877770095702e-05}, "GAWON": {"global_perc": 1.0, "local_perc": 3.638877770095702e-05}, "GHINDWARA": {"global_perc": 0.14285714285714285, "local_perc": 3.638877770095702e-05}, "GHIRI": {"global_perc": 0.16666666666666666, "local_perc": 3.638877770095702e-05}, "GHUMARKAR": {"global_perc": 0.5, "local_perc": 7.277755540191405e-05}, "GHURET": {"global_perc": 1.0, "local_perc": 3.638877770095702e-05}, "GIGENAHALLI": {"global_perc": 0.5, "local_perc": 3.638877770095702e-05}, "GOLLARAGUDI": {"global_perc": 0.5, "local_perc": 3.638877770095702e-05}, "GOPALPUR": {"global_perc": 0.008333333333333333, "local_perc": 3.638877770095702e-05}, "GOVARDHANPUR": {"global_perc": 1.0, "local_perc": 0.0001455551108038281}, "GUDDADUR": {"global_perc": 1.0, "local_perc": 3.638877770095702e-05}, "GULEHAN": {"global_perc": 1.0, "local_perc": 3.638877770095702e-05}, "GULELA": {"global_perc": 0.2, "local_perc": 3.638877770095702e-05}, "GULELEA": {"global_perc": 1.0, "local_perc": 3.638877770095702e-05}, "GUMRU": {"global_perc": 0.3333333333333333, "local_perc": 3.638877770095702e-05}, "GURPHALI": {"global_perc": 1.0, "local_perc": 3.638877770095702e-05}, "GUTAKBARA": {"global_perc": 1.0, "local_perc": 3.638877770095702e-05}, "HABAN": {"global_perc": 1.0, "local_perc": 3.638877770095702e-05}, "HALANA": {"global_perc": 1.0, "local_perc": 7.277755540191405e-05}, "HAR": {"global_perc": 0.1111111111111111, "local_perc": 3.638877770095702e-05}, "HARDI": {"global_perc": 0.125, "local_perc": 3.638877770095702e-05}, "HAREHR": {"global_perc": 0.5, "local_perc": 3.638877770095702e-05}, "HARGURAIYA": {"global_perc": 1.0, "local_perc": 3.638877770095702e-05}, "HARHUA": {"global_perc": 0.6666666666666666, "local_perc": 7.277755540191405e-05}, "HARIHARPUR": {"global_perc": 0.03225806451612903, "local_perc": 3.638877770095702e-05}, "HARIPUR KALAN": {"global_perc": 1.0, "local_perc": 3.638877770095702e-05}, "HARIRAMPUR": {"global_perc": 0.14285714285714285, "local_perc": 3.638877770095702e-05}, "HARNOT": {"global_perc": 1.0, "local_perc": 3.638877770095702e-05}, "HARVADIH": {"global_perc": 1.0, "local_perc": 3.638877770095702e-05}, "HAVASPUR": {"global_perc": 1.0, "local_perc": 7.277755540191405e-05}, "HETMAPUR": {"global_perc": 0.5, "local_perc": 3.638877770095702e-05}, "HOBAR": {"global_perc": 0.25, "local_perc": 3.638877770095702e-05}, "HUBLI": {"global_perc": 0.2, "local_perc": 3.638877770095702e-05}, "HUDOLI": {"global_perc": 0.5, "local_perc": 3.638877770095702e-05}, "HUNASANAKODIHALLI": {"global_perc": 1.0, "local_perc": 3.638877770095702e-05}, "IBRAHIMPUR": {"global_perc": 0.1, "local_perc": 3.638877770095702e-05}, "IRUSALAKUPPAM": {"global_perc": 1.0, "local_perc": 3.638877770095702e-05}, "ISHAPUR": {"global_perc": 0.3333333333333333, "local_perc": 3.638877770095702e-05}, "ISMAILA-11B": {"global_perc": 1.0, "local_perc": 3.638877770095702e-05}, "ISMAILPUR": {"global_perc": 0.08333333333333333, "local_perc": 3.638877770095702e-05}, "JAGATPUR": {"global_perc": 0.047619047619047616, "local_perc": 3.638877770095702e-05}, "JAIDPUR": {"global_perc": 1.0, "local_perc": 3.638877770095702e-05}, "JAIJAR": {"global_perc": 0.14285714285714285, "local_perc": 3.638877770095702e-05}, "JAMBGI(K.D)": {"global_perc": 1.0, "local_perc": 3.638877770095702e-05}, "JAMBONI": {"global_perc": 0.5, "local_perc": 3.638877770095702e-05}, "JANDRU": {"global_perc": 0.5, "local_perc": 3.638877770095702e-05}, "JANGAL GHAT": {"global_perc": 1.0, "local_perc": 3.638877770095702e-05}, "JANGLIANA": {"global_perc": 0.5, "local_perc": 3.638877770095702e-05}, "JATEHRI": {"global_perc": 1.0, "local_perc": 3.638877770095702e-05}, "JATHLANA": {"global_perc": 0.5, "local_perc": 3.638877770095702e-05}, "JHAKHYOY": {"global_perc": 1.0, "local_perc": 3.638877770095702e-05}, "JHALWANI": {"global_perc": 0.2, "local_perc": 3.638877770095702e-05}, "JHAMKE": {"global_perc": 1.0, "local_perc": 3.638877770095702e-05}, "JHARAL": {"global_perc": 0.5, "local_perc": 3.638877770095702e-05}, "JHARLOG UPPERLA": {"global_perc": 1.0, "local_perc": 3.638877770095702e-05}, "JISPA": {"global_perc": 0.5, "local_perc": 3.638877770095702e-05}, "JOSYANA": {"global_perc": 0.2, "local_perc": 3.638877770095702e-05}, "JUGRAJPUR": {"global_perc": 1.0, "local_perc": 3.638877770095702e-05}, "K. CHINGKHONG": {"global_perc": 0.25, "local_perc": 3.638877770095702e-05}, "KAFALI": {"global_perc": 1.0, "local_perc": 3.638877770095702e-05}, "KAFOL GAON TALLA": {"global_perc": 0.5, "local_perc": 3.638877770095702e-05}, "KALAGARU": {"global_perc": 0.16666666666666666, "local_perc": 3.638877770095702e-05}, "KALAYAT": {"global_perc": 1.0, "local_perc": 7.277755540191405e-05}, "KALEWAL BAGTAN": {"global_perc": 0.5, "local_perc": 3.638877770095702e-05}, "KALLAR KATOCHAN": {"global_perc": 1.0, "local_perc": 7.277755540191405e-05}, "KALUR": {"global_perc": 1.0, "local_perc": 3.638877770095702e-05}, "KAMUPUR": {"global_perc": 0.5, "local_perc": 3.638877770095702e-05}, "KANADU": {"global_perc": 1.0, "local_perc": 3.638877770095702e-05}, "KANAH BAJNAL": {"global_perc": 0.14285714285714285, "local_perc": 3.638877770095702e-05}, "KANDHA": {"global_perc": 0.2, "local_perc": 3.638877770095702e-05}, "KANDHALA SHEIKAN": {"global_perc": 1.0, "local_perc": 3.638877770095702e-05}, "KANDIKHAL": {"global_perc": 1.0, "local_perc": 3.638877770095702e-05}, "KARIALA": {"global_perc": 0.5, "local_perc": 3.638877770095702e-05}, "KARMUPUR": {"global_perc": 0.5, "local_perc": 3.638877770095702e-05}, "KATKA": {"global_perc": 0.5, "local_perc": 3.638877770095702e-05}, "KAUL": {"global_perc": 1.0, "local_perc": 3.638877770095702e-05}, "KAYALPUR": {"global_perc": 1.0, "local_perc": 3.638877770095702e-05}, "KEELAIYUR": {"global_perc": 1.0, "local_perc": 3.638877770095702e-05}, "KHAI": {"global_perc": 1.0, "local_perc": 3.638877770095702e-05}, "KHAIRA": {"global_perc": 0.058823529411764705, "local_perc": 3.638877770095702e-05}, "KHAIRHI": {"global_perc": 0.6666666666666666, "local_perc": 0.0001455551108038281}, "KHALI": {"global_perc": 0.3333333333333333, "local_perc": 3.638877770095702e-05}, "KHANDHAR": {"global_perc": 1.0, "local_perc": 3.638877770095702e-05}, "KHANYOL  BAGRA": {"global_perc": 1.0, "local_perc": 3.638877770095702e-05}, "KHARGIPUR": {"global_perc": 0.25, "local_perc": 3.638877770095702e-05}, "KHARIKURD": {"global_perc": 1.0, "local_perc": 3.638877770095702e-05}, "KHEIRI": {"global_perc": 0.5, "local_perc": 3.638877770095702e-05}, "KHERI": {"global_perc": 0.07692307692307693, "local_perc": 3.638877770095702e-05}, "KHIRANWALI": {"global_perc": 0.5, "local_perc": 3.638877770095702e-05}, "KHUDA": {"global_perc": 0.5, "local_perc": 3.638877770095702e-05}, "KHUMARIPUR": {"global_perc": 1.0, "local_perc": 3.638877770095702e-05}, "KHUTHI": {"global_perc": 0.5, "local_perc": 3.638877770095702e-05}, "KILAR": {"global_perc": 0.06666666666666667, "local_perc": 3.638877770095702e-05}, "KISHANPUR": {"global_perc": 0.2222222222222222, "local_perc": 7.277755540191405e-05}, "KISHUNPUR": {"global_perc": 0.06666666666666667, "local_perc": 3.638877770095702e-05}, "KOKKARAPATTY": {"global_perc": 1.0, "local_perc": 3.638877770095702e-05}, "KOLARI": {"global_perc": 1.0, "local_perc": 3.638877770095702e-05}, "KONE": {"global_perc": 1.0, "local_perc": 3.638877770095702e-05}, "KONI": {"global_perc": 0.16666666666666666, "local_perc": 3.638877770095702e-05}, "KOPPA S.K": {"global_perc": 1.0, "local_perc": 3.638877770095702e-05}, "KORA KHARGI": {"global_perc": 1.0, "local_perc": 3.638877770095702e-05}, "KOSLI": {"global_perc": 0.3333333333333333, "local_perc": 3.638877770095702e-05}, "KOT GANGURAI": {"global_perc": 1.0, "local_perc": 3.638877770095702e-05}, "KOT KAWAL": {"global_perc": 1.0, "local_perc": 3.638877770095702e-05}, "KOTA TALLA": {"global_perc": 1.0, "local_perc": 3.638877770095702e-05}, "KOTHI": {"global_perc": 0.02702702702702703, "local_perc": 3.638877770095702e-05}, "KOTI": {"global_perc": 0.045454545454545456, "local_perc": 3.638877770095702e-05}, "KUBERPUR KUTULOOPUR": {"global_perc": 1.0, "local_perc": 3.638877770095702e-05}, "KULBONA": {"global_perc": 0.5, "local_perc": 3.638877770095702e-05}, "KUMBARHAL": {"global_perc": 1.0, "local_perc": 3.638877770095702e-05}, "KUNNAVAKKAM": {"global_perc": 0.5, "local_perc": 3.638877770095702e-05}, "KUNSAL BUHLI": {"global_perc": 1.0, "local_perc": 3.638877770095702e-05}, "Kurumpilav": {"global_perc": 1.0, "local_perc": 3.638877770095702e-05}, "LAHRU": {"global_perc": 0.125, "local_perc": 3.638877770095702e-05}, "LAKHWAR": {"global_perc": 0.25, "local_perc": 3.638877770095702e-05}, "LALGANJ": {"global_perc": 0.16, "local_perc": 0.0001455551108038281}, "LAMACHAUR KHAS": {"global_perc": 0.25, "local_perc": 3.638877770095702e-05}, "LAMSANG NP": {"global_perc": 1.0, "local_perc": 3.638877770095702e-05}, "LANOT": {"global_perc": 0.3333333333333333, "local_perc": 3.638877770095702e-05}, "LATHYANI": {"global_perc": 0.125, "local_perc": 3.638877770095702e-05}, "LATIANA": {"global_perc": 1.0, "local_perc": 3.638877770095702e-05}, "LODHBHARWARI": {"global_perc": 1.0, "local_perc": 3.638877770095702e-05}, "LOHARI ENAYATGANJ": {"global_perc": 1.0, "local_perc": 3.638877770095702e-05}, "LOPOKE": {"global_perc": 0.5, "local_perc": 3.638877770095702e-05}, "M.DURAISWAMIPURAM": {"global_perc": 1.0, "local_perc": 3.638877770095702e-05}, "MACHAGOWDANAHALLI": {"global_perc": 0.1111111111111111, "local_perc": 3.638877770095702e-05}, "MADWA": {"global_perc": 0.25, "local_perc": 3.638877770095702e-05}, "MAGOD": {"global_perc": 0.5, "local_perc": 3.638877770095702e-05}, "MAHALAU": {"global_perc": 1.0, "local_perc": 3.638877770095702e-05}, "MAJHIGAVA": {"global_perc": 0.5, "local_perc": 3.638877770095702e-05}, "MAJHOLI": {"global_perc": 0.16666666666666666, "local_perc": 3.638877770095702e-05}, "MALAU": {"global_perc": 1.0, "local_perc": 3.638877770095702e-05}, "MALIHAPUR": {"global_perc": 1.0, "local_perc": 3.638877770095702e-05}, "MALOTHI": {"global_perc": 1.0, "local_perc": 3.638877770095702e-05}, "MALUR": {"global_perc": 0.5, "local_perc": 3.638877770095702e-05}, "MANDRE PUR": {"global_perc": 1.0, "local_perc": 3.638877770095702e-05}, "MANGEWAL": {"global_perc": 0.5, "local_perc": 3.638877770095702e-05}, "MANJGRAN": {"global_perc": 0.5, "local_perc": 3.638877770095702e-05}, "MANOH": {"global_perc": 0.14285714285714285, "local_perc": 3.638877770095702e-05}, "MARAGUNDA": {"global_perc": 0.5, "local_perc": 3.638877770095702e-05}, "MARAVANVAYAL": {"global_perc": 1.0, "local_perc": 3.638877770095702e-05}, "MASTI PALKOT": {"global_perc": 1.0, "local_perc": 3.638877770095702e-05}, "MATERNI": {"global_perc": 0.125, "local_perc": 3.638877770095702e-05}, "MAYAPUR": {"global_perc": 0.6, "local_perc": 0.00010916633310287107}, "MAYURHAND": {"global_perc": 0.25, "local_perc": 3.638877770095702e-05}, "MEHAL": {"global_perc": 0.25, "local_perc": 3.638877770095702e-05}, "MEHMA SARJA": {"global_perc": 1.0, "local_perc": 3.638877770095702e-05}, "MELVAITHINANKUPPAM": {"global_perc": 1.0, "local_perc": 3.638877770095702e-05}, "MERLE": {"global_perc": 1.0, "local_perc": 3.638877770095702e-05}, "MILKI": {"global_perc": 0.125, "local_perc": 3.638877770095702e-05}, "MIRGANDTHAKARPORA": {"global_perc": 1.0, "local_perc": 3.638877770095702e-05}, "MO. SARAI ALI": {"global_perc": 1.0, "local_perc": 3.638877770095702e-05}, "MOHAM WALA": {"global_perc": 1.0, "local_perc": 3.638877770095702e-05}, "MOHANPUR": {"global_perc": 0.14666666666666667, "local_perc": 0.00040027655471052727}, "MOSIM PUR": {"global_perc": 1.0, "local_perc": 3.638877770095702e-05}, "MOTALAGUDA": {"global_perc": 1.0, "local_perc": 3.638877770095702e-05}, "MULEKALENAHALLI": {"global_perc": 0.1111111111111111, "local_perc": 3.638877770095702e-05}, "MUNAN": {"global_perc": 1.0, "local_perc": 3.638877770095702e-05}, "MUNCHINGI PUTTU": {"global_perc": 0.1111111111111111, "local_perc": 3.638877770095702e-05}, "MUSAPUR": {"global_perc": 0.3333333333333333, "local_perc": 3.638877770095702e-05}, "MUSIRIYAM": {"global_perc": 1.0, "local_perc": 3.638877770095702e-05}, "Mianpur": {"global_perc": 0.6666666666666666, "local_perc": 7.277755540191405e-05}, "N.A.": {"global_perc": 0.0035991665088084867, "local_perc": 0.001382773552636367}, "NAGWA": {"global_perc": 0.5, "local_perc": 3.638877770095702e-05}, "NAHRA": {"global_perc": 1.0, "local_perc": 3.638877770095702e-05}, "NAIN KALAN": {"global_perc": 1.0, "local_perc": 3.638877770095702e-05}, "NAKACHANIPAL": {"global_perc": 1.0, "local_perc": 3.638877770095702e-05}, "NAKKAMBADI": {"global_perc": 0.5, "local_perc": 3.638877770095702e-05}, "NALATHWAD": {"global_perc": 0.25, "local_perc": 3.638877770095702e-05}, "NANJHA": {"global_perc": 1.0, "local_perc": 3.638877770095702e-05}, "NAUGAON": {"global_perc": 0.125, "local_perc": 3.638877770095702e-05}, "NAWAKHAL": {"global_perc": 1.0, "local_perc": 3.638877770095702e-05}, "NELA": {"global_perc": 0.5, "local_perc": 3.638877770095702e-05}, "OBRA": {"global_perc": 1.0, "local_perc": 3.638877770095702e-05}, "OCH KHURD": {"global_perc": 1.0, "local_perc": 7.277755540191405e-05}, "PALASI": {"global_perc": 0.25, "local_perc": 3.638877770095702e-05}, "PALETA": {"global_perc": 0.5, "local_perc": 3.638877770095702e-05}, "PALLIKKADU": {"global_perc": 1.0, "local_perc": 3.638877770095702e-05}, "PANDEPURA KALA": {"global_perc": 1.0, "local_perc": 7.277755540191405e-05}, "PANJAILA": {"global_perc": 0.6666666666666666, "local_perc": 7.277755540191405e-05}, "PANJEHRA": {"global_perc": 0.16666666666666666, "local_perc": 3.638877770095702e-05}, "PANJGAIN": {"global_perc": 0.5, "local_perc": 3.638877770095702e-05}, "PANOH": {"global_perc": 0.5, "local_perc": 3.638877770095702e-05}, "PARARA": {"global_perc": 1.0, "local_perc": 3.638877770095702e-05}, "PARASANAHALLI": {"global_perc": 0.5, "local_perc": 3.638877770095702e-05}, "PAREWA T. KISHANI": {"global_perc": 1.0, "local_perc": 3.638877770095702e-05}, "PATHOLI": {"global_perc": 1.0, "local_perc": 3.638877770095702e-05}, "PATTI MULTANI": {"global_perc": 0.5, "local_perc": 3.638877770095702e-05}, "PATUKHAR": {"global_perc": 0.6, "local_perc": 0.00010916633310287107}, "PEMMANAHALLI": {"global_perc": 0.5, "local_perc": 3.638877770095702e-05}, "PHILLAUR": {"global_perc": 0.16666666666666666, "local_perc": 3.638877770095702e-05}, "PHOKHUNGRI": {"global_perc": 1.0, "local_perc": 3.638877770095702e-05}, "PHULHAR KHURD": {"global_perc": 1.0, "local_perc": 3.638877770095702e-05}, "PINGLA": {"global_perc": 0.2, "local_perc": 3.638877770095702e-05}, "POKHARIA": {"global_perc": 0.125, "local_perc": 3.638877770095702e-05}, "POWARKHALI": {"global_perc": 0.14285714285714285, "local_perc": 3.638877770095702e-05}, "PRANPUR": {"global_perc": 0.09090909090909091, "local_perc": 3.638877770095702e-05}, "PREMNAGAR": {"global_perc": 0.25, "local_perc": 3.638877770095702e-05}, "PULIYANGULAM": {"global_perc": 0.5, "local_perc": 3.638877770095702e-05}, "PULLERI": {"global_perc": 0.5, "local_perc": 3.638877770095702e-05}, "PULWAMA": {"global_perc": 0.16666666666666666, "local_perc": 3.638877770095702e-05}, "PURA KOTHI": {"global_perc": 0.5, "local_perc": 3.638877770095702e-05}, "PURANA JUNGA": {"global_perc": 1.0, "local_perc": 3.638877770095702e-05}, "PURANDHA": {"global_perc": 0.25, "local_perc": 3.638877770095702e-05}, "Push wari": {"global_perc": 1.0, "local_perc": 3.638877770095702e-05}, "RAGHUPUR": {"global_perc": 0.2, "local_perc": 3.638877770095702e-05}, "RAIIL": {"global_perc": 1.0, "local_perc": 3.638877770095702e-05}, "RAINAGAR": {"global_perc": 1.0, "local_perc": 3.638877770095702e-05}, "RAKH": {"global_perc": 0.3333333333333333, "local_perc": 3.638877770095702e-05}, "RAKHOTA": {"global_perc": 0.3333333333333333, "local_perc": 3.638877770095702e-05}, "RAMGARHA": {"global_perc": 1.0, "local_perc": 3.638877770095702e-05}, "RAMNAGAR": {"global_perc": 0.019230769230769232, "local_perc": 3.638877770095702e-05}, "RANA NAGAR": {"global_perc": 1.0, "local_perc": 3.638877770095702e-05}, "RANIPOKHRI": {"global_perc": 0.25, "local_perc": 3.638877770095702e-05}, "RASULA": {"global_perc": 1.0, "local_perc": 3.638877770095702e-05}, "RATANARI": {"global_perc": 1.0, "local_perc": 3.638877770095702e-05}, "RAWAL BAZAR": {"global_perc": 0.16666666666666666, "local_perc": 3.638877770095702e-05}, "RAWIN BASI": {"global_perc": 0.25, "local_perc": 3.638877770095702e-05}, "RENDAMPULIKADU": {"global_perc": 0.5, "local_perc": 3.638877770095702e-05}, "REWARI": {"global_perc": 0.1, "local_perc": 3.638877770095702e-05}, "RINGWARI": {"global_perc": 0.6666666666666666, "local_perc": 7.277755540191405e-05}, "RITHAKHAL": {"global_perc": 0.2, "local_perc": 3.638877770095702e-05}, "ROHELA HAJI UTTAR": {"global_perc": 0.5, "local_perc": 3.638877770095702e-05}, "ROHLWIN": {"global_perc": 0.5, "local_perc": 3.638877770095702e-05}, "ROHTAK": {"global_perc": 1.0, "local_perc": 3.638877770095702e-05}, "ROR": {"global_perc": 1.0, "local_perc": 3.638877770095702e-05}, "ROSE": {"global_perc": 0.3333333333333333, "local_perc": 3.638877770095702e-05}, "RUDAKOTA": {"global_perc": 0.2, "local_perc": 3.638877770095702e-05}, "RUDAPUR": {"global_perc": 1.0, "local_perc": 3.638877770095702e-05}, "RUDRAPUR": {"global_perc": 0.07142857142857142, "local_perc": 3.638877770095702e-05}, "RUER": {"global_perc": 1.0, "local_perc": 3.638877770095702e-05}, "RUPAPUR": {"global_perc": 0.3333333333333333, "local_perc": 3.638877770095702e-05}, "SADAKAR": {"global_perc": 1.0, "local_perc": 3.638877770095702e-05}, "SAGANUR": {"global_perc": 0.5, "local_perc": 3.638877770095702e-05}, "SAGLOT": {"global_perc": 0.25, "local_perc": 3.638877770095702e-05}, "SAHIBPUR": {"global_perc": 1.0, "local_perc": 3.638877770095702e-05}, "SAHRICHAK": {"global_perc": 1.0, "local_perc": 3.638877770095702e-05}, "SAI UGIALLA": {"global_perc": 1.0, "local_perc": 3.638877770095702e-05}, "SAIDAPUR": {"global_perc": 0.1111111111111111, "local_perc": 3.638877770095702e-05}, "SAIFPUR KARAMCHANDPUR": {"global_perc": 1.0, "local_perc": 3.638877770095702e-05}, "SAMAILA": {"global_perc": 0.25, "local_perc": 3.638877770095702e-05}, "SAMDAWAR": {"global_perc": 1.0, "local_perc": 3.638877770095702e-05}, "SAMSALLIPUR": {"global_perc": 1.0, "local_perc": 3.638877770095702e-05}, "SAMTHAR": {"global_perc": 0.3333333333333333, "local_perc": 3.638877770095702e-05}, "SANAN": {"global_perc": 0.25, "local_perc": 3.638877770095702e-05}, "SARAY SHANKAR": {"global_perc": 1.0, "local_perc": 3.638877770095702e-05}, "SARDAM": {"global_perc": 0.25, "local_perc": 3.638877770095702e-05}, "SARIFABAD": {"global_perc": 0.5, "local_perc": 3.638877770095702e-05}, "SAROG": {"global_perc": 1.0, "local_perc": 3.638877770095702e-05}, "SARWABAZAR": {"global_perc": 1.0, "local_perc": 3.638877770095702e-05}, "SATHIA": {"global_perc": 0.2, "local_perc": 3.638877770095702e-05}, "SATHUKUDAL (KILPATHI)": {"global_perc": 1.0, "local_perc": 3.638877770095702e-05}, "SAWAR": {"global_perc": 0.25, "local_perc": 3.638877770095702e-05}, "SAWAYA RAI HITHER": {"global_perc": 1.0, "local_perc": 3.638877770095702e-05}, "SEEGEHALLI": {"global_perc": 0.18181818181818182, "local_perc": 7.277755540191405e-05}, "SELRAPUR": {"global_perc": 1.0, "local_perc": 3.638877770095702e-05}, "SEWAL": {"global_perc": 1.0, "local_perc": 3.638877770095702e-05}, "SHAMTHLA": {"global_perc": 1.0, "local_perc": 3.638877770095702e-05}, "SHER KHAN WALA": {"global_perc": 0.5, "local_perc": 3.638877770095702e-05}, "SHERPUR": {"global_perc": 0.043478260869565216, "local_perc": 3.638877770095702e-05}, "SHIV PUR": {"global_perc": 1.0, "local_perc": 3.638877770095702e-05}, "SHIVPUR": {"global_perc": 0.13636363636363635, "local_perc": 0.00010916633310287107}, "SIRHIR": {"global_perc": 1.0, "local_perc": 3.638877770095702e-05}, "SIRUVADI": {"global_perc": 1.0, "local_perc": 3.638877770095702e-05}, "SITA PUR": {"global_perc": 1.0, "local_perc": 3.638877770095702e-05}, "SOAFSHALI": {"global_perc": 1.0, "local_perc": 3.638877770095702e-05}, "SOMANAKATTI": {"global_perc": 1.0, "local_perc": 3.638877770095702e-05}, "SOMANDURAI": {"global_perc": 1.0, "local_perc": 3.638877770095702e-05}, "SUNDA": {"global_perc": 0.5, "local_perc": 3.638877770095702e-05}, "SUNKA": {"global_perc": 1.0, "local_perc": 3.638877770095702e-05}, "SURAPUR": {"global_perc": 0.5, "local_perc": 3.638877770095702e-05}, "SURARYOR": {"global_perc": 1.0, "local_perc": 3.638877770095702e-05}, "SYAR": {"global_perc": 1.0, "local_perc": 3.638877770095702e-05}, "TARNA": {"global_perc": 0.5, "local_perc": 3.638877770095702e-05}, "TARTO": {"global_perc": 1.0, "local_perc": 3.638877770095702e-05}, "TETRI": {"global_perc": 0.5, "local_perc": 3.638877770095702e-05}, "THALISAIN": {"global_perc": 0.5, "local_perc": 3.638877770095702e-05}, "THARRIYA": {"global_perc": 1.0, "local_perc": 3.638877770095702e-05}, "THATTA": {"global_perc": 1.0, "local_perc": 3.638877770095702e-05}, "THENNERI": {"global_perc": 0.5, "local_perc": 3.638877770095702e-05}, "THIRUMANGALAM PUDUPALAYAM": {"global_perc": 1.0, "local_perc": 3.638877770095702e-05}, "TIALI": {"global_perc": 1.0, "local_perc": 3.638877770095702e-05}, "TIKRI": {"global_perc": 0.0625, "local_perc": 3.638877770095702e-05}, "TILAW KASDHAN": {"global_perc": 1.0, "local_perc": 3.638877770095702e-05}, "TOOPER": {"global_perc": 1.0, "local_perc": 7.277755540191405e-05}, "TRILOKIPUR": {"global_perc": 0.5, "local_perc": 3.638877770095702e-05}, "UDAMANDA": {"global_perc": 1.0, "local_perc": 7.277755540191405e-05}, "UKURA": {"global_perc": 1.0, "local_perc": 3.638877770095702e-05}, "UMARPUR": {"global_perc": 0.125, "local_perc": 3.638877770095702e-05}, "UNERA": {"global_perc": 1.0, "local_perc": 3.638877770095702e-05}, "URLA": {"global_perc": 0.25, "local_perc": 3.638877770095702e-05}, "URMAR": {"global_perc": 1.0, "local_perc": 3.638877770095702e-05}, "USILAMPATTI": {"global_perc": 1.0, "local_perc": 3.638877770095702e-05}, "USODU": {"global_perc": 0.25, "local_perc": 7.277755540191405e-05}, "VADAKATTUPATTI": {"global_perc": 1.0, "local_perc": 3.638877770095702e-05}, "VADASERI NORTH": {"global_perc": 1.0, "local_perc": 3.638877770095702e-05}, "VANIYANTHANGAL": {"global_perc": 1.0, "local_perc": 3.638877770095702e-05}, "VARAKALPATTU": {"global_perc": 1.0, "local_perc": 3.638877770095702e-05}, "VARANAVASI": {"global_perc": 0.3333333333333333, "local_perc": 3.638877770095702e-05}, "VELLALAPATTI": {"global_perc": 0.5, "local_perc": 3.638877770095702e-05}, "Velur": {"global_perc": 1.0, "local_perc": 3.638877770095702e-05}, "WAGDHARI": {"global_perc": 1.0, "local_perc": 3.638877770095702e-05}, "WAHWALPUR": {"global_perc": 1.0, "local_perc": 3.638877770095702e-05}}, "partition_field": "Near_Vil_Tow_Nam_hav_Prim_School", "Vil_Nam": "Dudi", "Stat_Nam": "JAMMU & KASHMIR"}, {"data": [["Vet_Hos_Doc_In_Pos_Num", 5.0], ["Vet_Hos_Doc_Tot_Stren_Num", 4.0], 1.25], "data_low": {"Stat_Nam": "UTTAR PRADESH", "Vil_Nam": "Gangapur", "Vet_Hos_Doc_Tot_Stren_Num": "3", "Vet_Hos_Doc_In_Pos_Num": "4", "id": 146723}, "data_high": {"Stat_Nam": "TRIPURA", "Vil_Nam": "Sonaimuri", "Vet_Hos_Doc_Tot_Stren_Num": "4", "Vet_Hos_Doc_In_Pos_Num": "5", "id": 271598}, "perc": 0.0003211690553615159, "metric": 99.99967858089543, "value_global_local": {}, "partition_field": null, "Vil_Nam": "Sonaimuri", "Stat_Nam": "TRIPURA"}, {"data": [["Vet_Hos_Doc_In_Pos_Num", 3.0], ["Vet_Hos_Doc_Tot_Stren_Num", 2.0], 1.5], "data_low": {"Stat_Nam": "JAMMU & KASHMIR", "Vil_Nam": "Sodora", "Vet_Hos_Doc_Tot_Stren_Num": "2", "Vet_Hos_Doc_In_Pos_Num": "3", "id": 3755}, "data_high": {"Stat_Nam": "JAMMU & KASHMIR", "Vil_Nam": "Sodora", "Vet_Hos_Doc_Tot_Stren_Num": "2", "Vet_Hos_Doc_In_Pos_Num": "3", "id": 3755}, "perc": 0.0009635071660845478, "metric": 99.99903599273871, "value_global_local": {}, "partition_field": null, "Vil_Nam": "Sodora", "Stat_Nam": "JAMMU & KASHMIR"}, {"data": [["Vet_Hos_Doc_In_Pos_Num", 5.0], ["Vet_Hos_Doc_Tot_Stren_Num", 3.0], 1.6666666666666667], "data_low": {"Stat_Nam": "CHHATTISGARH", "Vil_Nam": "Jaitgiri", "Vet_Hos_Doc_Tot_Stren_Num": "3", "Vet_Hos_Doc_In_Pos_Num": "5", "id": 446996}, "data_high": {"Stat_Nam": "CHHATTISGARH", "Vil_Nam": "Jaitgiri", "Vet_Hos_Doc_Tot_Stren_Num": "3", "Vet_Hos_Doc_In_Pos_Num": "5", "id": 446996}, "perc": 0.00016058452768075794, "metric": 99.99983874867337, "value_global_local": {}, "partition_field": null, "Vil_Nam": "Jaitgiri", "Stat_Nam": "CHHATTISGARH"}, {"data": [["Vet_Hos_Doc_In_Pos_Num", 2.0], ["Vet_Hos_Doc_Tot_Stren_Num", 1.0], 2.0], "data_low": {"Stat_Nam": "JAMMU & KASHMIR", "Vil_Nam": "Shamsi Pora", "Vet_Hos_Doc_Tot_Stren_Num": "1", "Vet_Hos_Doc_In_Pos_Num": "2", "id": 3662}, "data_high": {"Stat_Nam": "UTTAR PRADESH", "Vil_Nam": "Mahitha", "Vet_Hos_Doc_Tot_Stren_Num": "3", "Vet_Hos_Doc_In_Pos_Num": "6", "id": 140400}, "perc": 0.010919747882291542, "metric": 99.98907925202688, "value_global_local": {"ANDHRA PRADESH": {"global_perc": 3.597122302158273e-05, "local_perc": 0.014705882352941176}, "BIHAR": {"global_perc": 6.685385746757588e-05, "local_perc": 0.04411764705882353}, "CHHATTISGARH": {"global_perc": 0.0005962436649110603, "local_perc": 0.17647058823529413}, "HIMACHAL PRADESH": {"global_perc": 0.00033832769453842436, "local_perc": 0.10294117647058823}, "JAMMU & KASHMIR": {"global_perc": 0.000610407446970853, "local_perc": 0.058823529411764705}, "MADHYA PRADESH": {"global_perc": 0.00010928364570242063, "local_perc": 0.08823529411764706}, "Maharashtra": {"global_perc": 2.2901637467078896e-05, "local_perc": 0.014705882352941176}, "TRIPURA": {"global_perc": 0.009142857142857144, "local_perc": 0.11764705882352941}, "UTTAR PRADESH": {"global_perc": 0.00023413939723153577, "local_perc": 0.36764705882352944}, "UTTARAKHAND": {"global_perc": 5.954862144941345e-05, "local_perc": 0.014705882352941176}}, "partition_field": "Stat_Nam", "Vil_Nam": "Shamsi Pora", "Stat_Nam": "JAMMU & KASHMIR"}, {"data": [["Vet_Hos_Doc_In_Pos_Num", 3.0], ["Vet_Hos_Doc_Tot_Stren_Num", 1.0], 3.0], "data_low": {"Stat_Nam": "UTTAR PRADESH", "Vil_Nam": "Soharamao", "Vet_Hos_Doc_Tot_Stren_Num": "1", "Vet_Hos_Doc_In_Pos_Num": "3", "id": 141295}, "data_high": {"Stat_Nam": "UTTAR PRADESH", "Vil_Nam": "Soharamao", "Vet_Hos_Doc_Tot_Stren_Num": "1", "Vet_Hos_Doc_In_Pos_Num": "3", "id": 141295}, "perc": 0.0022481833875306113, "metric": 99.99774981625738, "value_global_local": {}, "partition_field": null, "Vil_Nam": "Soharamao", "Stat_Nam": "UTTAR PRADESH"}, {"data": [["Vet_Hos_Doc_In_Pos_Num", 4.0], ["Vet_Hos_Doc_Tot_Stren_Num", 1.0], 4.0], "data_low": {"Stat_Nam": "UTTAR PRADESH", "Vil_Nam": "Garhia Gosain", "Vet_Hos_Doc_Tot_Stren_Num": "1", "Vet_Hos_Doc_In_Pos_Num": "4", "id": 147288}, "data_high": {"Stat_Nam": "UTTAR PRADESH", "Vil_Nam": "Garhia Gosain", "Vet_Hos_Doc_Tot_Stren_Num": "1", "Vet_Hos_Doc_In_Pos_Num": "4", "id": 147288}, "perc": 0.0006423381107230318, "metric": 99.99935466130846, "value_global_local": {}, "partition_field": null, "Vil_Nam": "Garhia Gosain", "Stat_Nam": "UTTAR PRADESH"}, {"data": [["Vet_Hos_Doc_In_Pos_Num", 5.0], ["Vet_Hos_Doc_Tot_Stren_Num", 1.0], 5.0], "data_low": {"Stat_Nam": "JAMMU & KASHMIR", "Vil_Nam": "Khanan", "Vet_Hos_Doc_Tot_Stren_Num": "1", "Vet_Hos_Doc_In_Pos_Num": "5", "id": 2857}, "data_high": {"Stat_Nam": "JAMMU & KASHMIR", "Vil_Nam": "Khanan", "Vet_Hos_Doc_Tot_Stren_Num": "1", "Vet_Hos_Doc_In_Pos_Num": "5", "id": 2857}, "perc": 0.0004817535830422739, "metric": 99.9995142456361, "value_global_local": {}, "partition_field": null, "Vil_Nam": "Khanan", "Stat_Nam": "JAMMU & KASHMIR"}, {"data": [["Vet_Hos_Doc_In_Pos_Num", 13.0], ["Vet_Hos_Doc_Tot_Stren_Num", 1.0], 13.0], "data_low": {"Stat_Nam": "UTTAR PRADESH", "Vil_Nam": "Paliya Ray Singh", "Vet_Hos_Doc_Tot_Stren_Num": "1", "Vet_Hos_Doc_In_Pos_Num": "13", "id": 140039}, "data_high": {"Stat_Nam": "UTTAR PRADESH", "Vil_Nam": "Paliya Ray Singh", "Vet_Hos_Doc_Tot_Stren_Num": "1", "Vet_Hos_Doc_In_Pos_Num": "13", "id": 140039}, "perc": 0.00016058452768075794, "metric": 99.99982741309124, "value_global_local": {}, "partition_field": null, "Vil_Nam": "Paliya Ray Singh", "Stat_Nam": "UTTAR PRADESH"}, {"data": [["Vet_Hos_Doc_In_Pos_Num", 2.0], ["Vet_Hos_Doc_Tot_Stren_Num", 0.0], 9999], "data_low": {"Stat_Nam": "HIMACHAL PRADESH", "Vil_Nam": "Kotlu (191)", "Vet_Hos_Doc_Tot_Stren_Num": "0", "Vet_Hos_Doc_In_Pos_Num": "1", "id": 14503}, "data_high": {"Stat_Nam": "HIMACHAL PRADESH", "Vil_Nam": "Kamlah  (69)", "Vet_Hos_Doc_Tot_Stren_Num": "0", "Vet_Hos_Doc_In_Pos_Num": "2", "id": 13509}, "perc": 0.0028905214982536433, "metric": 99.9871097676539, "value_global_local": {}, "partition_field": null, "Vil_Nam": "Kamlah  (69)", "Stat_Nam": "HIMACHAL PRADESH"}, {"data": [["Vet_Hos_Doc_In_Pos_Num", 0], ["Vet_Hos_Doc_Tot_Stren_Num", 0], 99980001], "data_low": {"Stat_Nam": "JAMMU & KASHMIR", "Vil_Nam": "Bore", "Vet_Hos_Doc_Tot_Stren_Num": "", "Vet_Hos_Doc_In_Pos_Num": "", "id": 0}, "data_high": {"Stat_Nam": "JAMMU & KASHMIR", "Vil_Nam": "Palmar", "Vet_Hos_Doc_Tot_Stren_Num": "Vet_st", "Vet_Hos_Doc_In_Pos_Num": "Vet_pos", "id": 4582}, "perc": 95.21666867397326, "metric": 9.523571486458903e-07, "value_global_local": {"null": {"global_perc": 0.9521666867397326, "local_perc": 1.0}}, "partition_field": "Dist_Other", "Vil_Nam": "Bore", "Stat_Nam": "JAMMU & KASHMIR"}]