[{"data": [["Mat_An_Chil_Wel_Cen_Par_Med_Staf_In_Pos_Num", 0], ["Mat_An_Chil_Wel_Cen_Par_Med_Staf_Tot_Stren_Num", 4.0], 0.0], "data_low": {"Stat_Nam": "JAMMU & KASHMIR", "Vil_Nam": "Arigam", "Mat_An_Chil_Wel_Cen_Par_Med_Staf_Tot_Stren_Num": "4", "Mat_An_Chil_Wel_Cen_Par_Med_Staf_In_Pos_Num": "", "id": 591}, "data_high": {"Stat_Nam": "HIMACHAL PRADESH", "Vil_Nam": "Gularwala (194)", "Mat_An_Chil_Wel_Cen_Par_Med_Staf_Tot_Stren_Num": "1", "Mat_An_Chil_Wel_Cen_Par_Med_Staf_In_Pos_Num": "0", "id": 20989}, "perc": 0.6900317154442169, "metric": 99.30996927785412, "value_global_local": {"BIHAR": {"global_perc": 6.685385746757588e-05, "local_perc": 0.0006981615080288574}, "HIMACHAL PRADESH": {"global_perc": 9.666505558240696e-05, "local_perc": 0.00046544100535257155}, "JAMMU & KASHMIR": {"global_perc": 0.000610407446970853, "local_perc": 0.0009308820107051431}, "JHARKHAND": {"global_perc": 0.005896153608692968, "local_perc": 0.04444961601117058}, "MADHYA PRADESH": {"global_perc": 7.285576380161376e-05, "local_perc": 0.0009308820107051431}, "MIZORAM": {"global_perc": 0.004819277108433735, "local_perc": 0.0009308820107051431}, "NAGALAND": {"global_perc": 0.0007002801120448179, "local_perc": 0.00023272050267628578}, "TRIPURA": {"global_perc": 0.005714285714285714, "local_perc": 0.0011636025133814289}, "UTTAR PRADESH": {"global_perc": 0.0363758967538914, "local_perc": 0.903886432394694}, "UTTARAKHAND": {"global_perc": 0.0002381944857976538, "local_perc": 0.0009308820107051431}, "West Bengal": {"global_perc": 0.004848575264806803, "local_perc": 0.04538049802187573}}, "partition_field": "Stat_Nam", "Vil_Nam": "Arigam", "Stat_Nam": "JAMMU & KASHMIR"}, {"data": [["Mat_An_Chil_Wel_Cen_Par_Med_Staf_In_Pos_Num", 1.0], ["Mat_An_Chil_Wel_Cen_Par_Med_Staf_Tot_Stren_Num", 9.0], 0.1111111111111111], "data_low": {"Stat_Nam": "KARNATAKA", "Vil_Nam": "Tavag", "Mat_An_Chil_Wel_Cen_Par_Med_Staf_Tot_Stren_Num": "9", "Mat_An_Chil_Wel_Cen_Par_Med_Staf_In_Pos_Num": "1", "id": 575740}, "data_high": {"Stat_Nam": "RAJASTHAN", "Vil_Nam": "Sajjangarh", "Mat_An_Chil_Wel_Cen_Par_Med_Staf_Tot_Stren_Num": "10", "Mat_An_Chil_Wel_Cen_Par_Med_Staf_In_Pos_Num": "2", "id": 98971}, "perc": 0.006905134690272592, "metric": 99.99309575431505, "value_global_local": {"JHARKHAND": {"global_perc": 0.0005556584552694943, "local_perc": 0.4186046511627907}, "KARNATAKA": {"global_perc": 0.00030674846625766873, "local_perc": 0.20930232558139536}, "MADHYA PRADESH": {"global_perc": 1.821394095040344e-05, "local_perc": 0.023255813953488372}, "Punjab": {"global_perc": 0.0003974246880216199, "local_perc": 0.11627906976744186}, "RAJASTHAN": {"global_perc": 4.477077363896848e-05, "local_perc": 0.046511627906976744}, "SIKKIM": {"global_perc": 0.0022172949002217295, "local_perc": 0.023255813953488372}, "UTTAR PRADESH": {"global_perc": 5.619345533556858e-05, "local_perc": 0.13953488372093023}, "West Bengal": {"global_perc": 2.4864488537470783e-05, "local_perc": 0.023255813953488372}}, "partition_field": "Stat_Nam", "Vil_Nam": "Tavag", "Stat_Nam": "KARNATAKA"}, {"data": [["Mat_An_Chil_Wel_Cen_Par_Med_Staf_In_Pos_Num", 1.0], ["Mat_An_Chil_Wel_Cen_Par_Med_Staf_Tot_Stren_Num", 4.0], 0.25], "data_low": {"Stat_Nam": "Punjab", "Vil_Nam": "Udhowal (324)", "Mat_An_Chil_Wel_Cen_Par_Med_Staf_Tot_Stren_Num": "4", "Mat_An_Chil_Wel_Cen_Par_Med_Staf_In_Pos_Num": "1", "id": 29830}, "data_high": {"Stat_Nam": "RAJASTHAN", "Vil_Nam": "Rughnathpura", "Mat_An_Chil_Wel_Cen_Par_Med_Staf_Tot_Stren_Num": "10", "Mat_An_Chil_Wel_Cen_Par_Med_Staf_In_Pos_Num": "3", "id": 78569}, "perc": 0.08816090569673611, "metric": 99.91183984379195, "value_global_local": {"ASSAM": {"global_perc": 3.7885963250615644e-05, "local_perc": 0.0018214936247723133}, "BIHAR": {"global_perc": 0.0004456923831171725, "local_perc": 0.03642987249544627}, "CHHATTISGARH": {"global_perc": 4.9686972075921695e-05, "local_perc": 0.0018214936247723133}, "HARYANA": {"global_perc": 0.00029235491887151, "local_perc": 0.0036429872495446266}, "JAMMU & KASHMIR": {"global_perc": 0.00015260186174271325, "local_perc": 0.0018214936247723133}, "JHARKHAND": {"global_perc": 0.0011730567389022658, "local_perc": 0.0692167577413479}, "KARNATAKA": {"global_perc": 0.0011247443762781187, "local_perc": 0.060109289617486336}, "MADHYA PRADESH": {"global_perc": 0.0003278509371072619, "local_perc": 0.03278688524590164}, "NAGALAND": {"global_perc": 0.0007002801120448179, "local_perc": 0.0018214936247723133}, "Punjab": {"global_perc": 0.0019871234401080996, "local_perc": 0.04553734061930783}, "RAJASTHAN": {"global_perc": 0.00870791547277937, "local_perc": 0.7085610200364298}, "SIKKIM": {"global_perc": 0.0022172949002217295, "local_perc": 0.0018214936247723133}, "TRIPURA": {"global_perc": 0.004571428571428572, "local_perc": 0.007285974499089253}, "Tamil Nadu": {"global_perc": 6.258213905751299e-05, "local_perc": 0.0018214936247723133}, "UTTAR PRADESH": {"global_perc": 5.619345533556858e-05, "local_perc": 0.01092896174863388}, "UTTARAKHAND": {"global_perc": 5.954862144941345e-05, "local_perc": 0.0018214936247723133}, "West Bengal": {"global_perc": 0.0001740514197622955, "local_perc": 0.012750455373406194}}, "partition_field": "Stat_Nam", "Vil_Nam": "Udhowal (324)", "Stat_Nam": "Punjab"}, {"data": [["Mat_An_Chil_Wel_Cen_Par_Med_Staf_In_Pos_Num", 4.0], ["Mat_An_Chil_Wel_Cen_Par_Med_Staf_Tot_Stren_Num", 11.0], 0.36363636363636365], "data_low": {"Stat_Nam": "Punjab", "Vil_Nam": "Jadla (146)", "Mat_An_Chil_Wel_Cen_Par_Med_Staf_Tot_Stren_Num": "5", "Mat_An_Chil_Wel_Cen_Par_Med_Staf_In_Pos_Num": "2", "id": 32146}, "data_high": {"Stat_Nam": "TRIPURA", "Vil_Nam": "Uptakhali", "Mat_An_Chil_Wel_Cen_Par_Med_Staf_Tot_Stren_Num": "20", "Mat_An_Chil_Wel_Cen_Par_Med_Staf_In_Pos_Num": "8", "id": 271550}, "perc": 0.006583965634911077, "metric": 99.9934166708141, "value_global_local": {"BIHAR": {"global_perc": 8.91384766234345e-05, "local_perc": 0.0975609756097561}, "CHHATTISGARH": {"global_perc": 4.9686972075921695e-05, "local_perc": 0.024390243902439025}, "JHARKHAND": {"global_perc": 3.086991418163858e-05, "local_perc": 0.024390243902439025}, "KARNATAKA": {"global_perc": 0.0005112474437627812, "local_perc": 0.36585365853658536}, "MADHYA PRADESH": {"global_perc": 1.821394095040344e-05, "local_perc": 0.024390243902439025}, "NAGALAND": {"global_perc": 0.0007002801120448179, "local_perc": 0.024390243902439025}, "Punjab": {"global_perc": 0.0005563945632302679, "local_perc": 0.17073170731707318}, "RAJASTHAN": {"global_perc": 4.477077363896848e-05, "local_perc": 0.04878048780487805}, "SIKKIM": {"global_perc": 0.0022172949002217295, "local_perc": 0.024390243902439025}, "TRIPURA": {"global_perc": 0.001142857142857143, "local_perc": 0.024390243902439025}, "UTTAR PRADESH": {"global_perc": 1.8731151778522863e-05, "local_perc": 0.04878048780487805}, "UTTARAKHAND": {"global_perc": 0.0001190972428988269, "local_perc": 0.04878048780487805}, "West Bengal": {"global_perc": 7.459346561241235e-05, "local_perc": 0.07317073170731707}}, "partition_field": "Stat_Nam", "Vil_Nam": "Barhatti", "Stat_Nam": "West Bengal"}, {"data": [["Mat_An_Chil_Wel_Cen_Par_Med_Staf_In_Pos_Num", 1.0], ["Mat_An_Chil_Wel_Cen_Par_Med_Staf_Tot_Stren_Num", 2.0], 0.5], "data_low": {"Stat_Nam": "JAMMU & KASHMIR", "Vil_Nam": "Jamola", "Mat_An_Chil_Wel_Cen_Par_Med_Staf_Tot_Stren_Num": "2", "Mat_An_Chil_Wel_Cen_Par_Med_Staf_In_Pos_Num": "1", "id": 1450}, "data_high": {"Stat_Nam": "West Bengal", "Vil_Nam": "Baltora", "Mat_An_Chil_Wel_Cen_Par_Med_Staf_Tot_Stren_Num": "12", "Mat_An_Chil_Wel_Cen_Par_Med_Staf_In_Pos_Num": "7", "id": 328748}, "perc": 0.14002970813762095, "metric": 99.8599707912621, "value_global_local": {"ASSAM": {"global_perc": 0.0002273157795036939, "local_perc": 0.006880733944954129}, "BIHAR": {"global_perc": 0.0025850158220796005, "local_perc": 0.13302752293577982}, "CHHATTISGARH": {"global_perc": 0.0004968697207592169, "local_perc": 0.011467889908256881}, "HARYANA": {"global_perc": 0.001315597134921795, "local_perc": 0.010321100917431193}, "HIMACHAL PRADESH": {"global_perc": 0.0019333011116481392, "local_perc": 0.045871559633027525}, "JAMMU & KASHMIR": {"global_perc": 0.000610407446970853, "local_perc": 0.0045871559633027525}, "JHARKHAND": {"global_perc": 0.001234796567265543, "local_perc": 0.045871559633027525}, "KARNATAKA": {"global_perc": 0.0027948193592365373, "local_perc": 0.09403669724770643}, "KERALA": {"global_perc": 0.03339882121807466, "local_perc": 0.0389908256880734}, "MADHYA PRADESH": {"global_perc": 0.0014389013350818716, "local_perc": 0.09059633027522936}, "MIZORAM": {"global_perc": 0.004819277108433735, "local_perc": 0.0045871559633027525}, "ODISHA": {"global_perc": 0.0026698887221561786, "local_perc": 0.15711009174311927}, "PUDUCHERRY": {"global_perc": 0.011111111111111112, "local_perc": 0.0011467889908256881}, "Punjab": {"global_perc": 0.005722915507511327, "local_perc": 0.08256880733944955}, "RAJASTHAN": {"global_perc": 0.00017908309455587392, "local_perc": 0.009174311926605505}, "SIKKIM": {"global_perc": 0.0066518847006651885, "local_perc": 0.0034403669724770644}, "TRIPURA": {"global_perc": 0.012571428571428572, "local_perc": 0.01261467889908257}, "Tamil Nadu": {"global_perc": 0.0008135678077476688, "local_perc": 0.014908256880733946}, "UTTAR PRADESH": {"global_perc": 0.0003090640043456272, "local_perc": 0.03784403669724771}, "UTTARAKHAND": {"global_perc": 0.00345382004406598, "local_perc": 0.06651376146788991}, "West Bengal": {"global_perc": 0.002784822716196728, "local_perc": 0.12844036697247707}}, "partition_field": "Stat_Nam", "Vil_Nam": "Jamola", "Stat_Nam": "JAMMU & KASHMIR"}, {"data": [["Mat_An_Chil_Wel_Cen_Par_Med_Staf_In_Pos_Num", 8.0], ["Mat_An_Chil_Wel_Cen_Par_Med_Staf_Tot_Stren_Num", 13.0], 0.6153846153846154], "data_low": {"Stat_Nam": "JAMMU & KASHMIR", "Vil_Nam": "Khaur Deonian", "Mat_An_Chil_Wel_Cen_Par_Med_Staf_Tot_Stren_Num": "3", "Mat_An_Chil_Wel_Cen_Par_Med_Staf_In_Pos_Num": "2", "id": 5959}, "data_high": {"Stat_Nam": "West Bengal", "Vil_Nam": "Nabagram", "Mat_An_Chil_Wel_Cen_Par_Med_Staf_Tot_Stren_Num": "14", "Mat_An_Chil_Wel_Cen_Par_Med_Staf_In_Pos_Num": "9", "id": 331284}, "perc": 1.0076679111967561, "metric": 98.99233246961914, "value_global_local": {"": {"global_perc": 0.011981692450055483, "local_perc": 0.9945816733067729}, "BADETH MALLA": {"global_perc": 1.0, "local_perc": 0.00015936254980079682}, "BADIWALA": {"global_perc": 1.0, "local_perc": 0.00015936254980079682}, "BAHERAKHAL": {"global_perc": 0.5, "local_perc": 0.00015936254980079682}, "BHUMAL GADI": {"global_perc": 1.0, "local_perc": 0.00015936254980079682}, "CHINDALU": {"global_perc": 1.0, "local_perc": 0.00015936254980079682}, "DEVIDALI": {"global_perc": 1.0, "local_perc": 0.00015936254980079682}, "DHNGULI": {"global_perc": 1.0, "local_perc": 0.00015936254980079682}, "DUNGRI MALLI": {"global_perc": 0.5, "local_perc": 0.00015936254980079682}, "GAJODIH": {"global_perc": 1.0, "local_perc": 0.00015936254980079682}, "GHURET": {"global_perc": 1.0, "local_perc": 0.00015936254980079682}, "GOVINDAMPALAYAM": {"global_perc": 0.5, "local_perc": 0.00015936254980079682}, "GUMMIDIPOONDI": {"global_perc": 0.5, "local_perc": 0.00015936254980079682}, "HIDAYATPUR": {"global_perc": 0.3333333333333333, "local_perc": 0.00015936254980079682}, "KAKWARA": {"global_perc": 1.0, "local_perc": 0.00015936254980079682}, "KANDA MALLA": {"global_perc": 0.3333333333333333, "local_perc": 0.00015936254980079682}, "KHIRAIRIKHAL": {"global_perc": 0.2, "local_perc": 0.00015936254980079682}, "KOTTARAM": {"global_perc": 1.0, "local_perc": 0.00015936254980079682}, "KULLATHILVAI": {"global_perc": 0.3333333333333333, "local_perc": 0.00015936254980079682}, "KUMIZHI": {"global_perc": 1.0, "local_perc": 0.00015936254980079682}, "KUTU PUR": {"global_perc": 1.0, "local_perc": 0.00015936254980079682}, "MAJIRABAD": {"global_perc": 1.0, "local_perc": 0.00015936254980079682}, "MELPAKKAM": {"global_perc": 0.5, "local_perc": 0.00015936254980079682}, "N.A.": {"global_perc": 9.471490812653911e-05, "local_perc": 0.00015936254980079682}, "NAUGAON": {"global_perc": 0.125, "local_perc": 0.00015936254980079682}, "NERIGAM": {"global_perc": 1.0, "local_perc": 0.00015936254980079682}, "NIWADA": {"global_perc": 1.0, "local_perc": 0.00015936254980079682}, "PACHAI JAGDISH": {"global_perc": 0.5, "local_perc": 0.00015936254980079682}, "PERIYAKULAM": {"global_perc": 1.0, "local_perc": 0.00015936254980079682}, "PULSIYA": {"global_perc": 1.0, "local_perc": 0.00015936254980079682}, "RINGWARI": {"global_perc": 0.3333333333333333, "local_perc": 0.00015936254980079682}, "SALEM PUR": {"global_perc": 0.5, "local_perc": 0.00015936254980079682}, "SERIYA DHAR": {"global_perc": 0.5, "local_perc": 0.00015936254980079682}, "SIRUVADI": {"global_perc": 1.0, "local_perc": 0.00015936254980079682}, "THIRUMANAVAYAL": {"global_perc": 0.5, "local_perc": 0.00015936254980079682}}, "partition_field": "Near_Vil_Tow_Nam_hav_Prim_School", "Vil_Nam": "Purba Potachhara", "Stat_Nam": "TRIPURA"}, {"data": [["Mat_An_Chil_Wel_Cen_Par_Med_Staf_In_Pos_Num", 11.0], ["Mat_An_Chil_Wel_Cen_Par_Med_Staf_Tot_Stren_Num", 15.0], 0.7333333333333333], "data_low": {"Stat_Nam": "West Bengal", "Vil_Nam": "Sumuria", "Mat_An_Chil_Wel_Cen_Par_Med_Staf_Tot_Stren_Num": "15", "Mat_An_Chil_Wel_Cen_Par_Med_Staf_In_Pos_Num": "11", "id": 318065}, "data_high": {"Stat_Nam": "JAMMU & KASHMIR", "Vil_Nam": "Billawar", "Mat_An_Chil_Wel_Cen_Par_Med_Staf_Tot_Stren_Num": "10", "Mat_An_Chil_Wel_Cen_Par_Med_Staf_In_Pos_Num": "8", "id": 1675}, "perc": 0.0847886306154402, "metric": 99.91521163587842, "value_global_local": {"ASSAM": {"global_perc": 0.00015154385300246258, "local_perc": 0.007575757575757576}, "Arunachal Pradesh": {"global_perc": 0.0001789228842368939, "local_perc": 0.001893939393939394}, "BIHAR": {"global_perc": 0.0014039310068190934, "local_perc": 0.11931818181818182}, "HARYANA": {"global_perc": 0.000146177459435755, "local_perc": 0.001893939393939394}, "JAMMU & KASHMIR": {"global_perc": 0.001220814893941706, "local_perc": 0.015151515151515152}, "JHARKHAND": {"global_perc": 6.173982836327716e-05, "local_perc": 0.003787878787878788}, "KARNATAKA": {"global_perc": 0.008009543285616906, "local_perc": 0.44507575757575757}, "KERALA": {"global_perc": 0.025540275049115914, "local_perc": 0.04924242424242424}, "MADHYA PRADESH": {"global_perc": 0.00016392546855363094, "local_perc": 0.017045454545454544}, "ODISHA": {"global_perc": 0.0002923235827178298, "local_perc": 0.028409090909090908}, "PUDUCHERRY": {"global_perc": 0.022222222222222223, "local_perc": 0.003787878787878788}, "Punjab": {"global_perc": 0.0003974246880216199, "local_perc": 0.00946969696969697}, "RAJASTHAN": {"global_perc": 0.00013431232091690545, "local_perc": 0.011363636363636364}, "TRIPURA": {"global_perc": 0.0034285714285714284, "local_perc": 0.005681818181818182}, "Tamil Nadu": {"global_perc": 0.004380749734025909, "local_perc": 0.13257575757575757}, "UTTAR PRADESH": {"global_perc": 0.0004963755221308559, "local_perc": 0.10037878787878787}, "UTTARAKHAND": {"global_perc": 0.0007741320788423748, "local_perc": 0.02462121212121212}, "West Bengal": {"global_perc": 0.0002983738624496494, "local_perc": 0.022727272727272728}}, "partition_field": "Stat_Nam", "Vil_Nam": "Sumuria", "Stat_Nam": "West Bengal"}, {"data": [["Mat_An_Chil_Wel_Cen_Par_Med_Staf_In_Pos_Num", 5.0], ["Mat_An_Chil_Wel_Cen_Par_Med_Staf_Tot_Stren_Num", 6.0], 0.8333333333333334], "data_low": {"Stat_Nam": "PUDUCHERRY", "Vil_Nam": "Sedarapet", "Mat_An_Chil_Wel_Cen_Par_Med_Staf_Tot_Stren_Num": "11", "Mat_An_Chil_Wel_Cen_Par_Med_Staf_In_Pos_Num": "10", "id": 622103}, "data_high": {"Stat_Nam": "KARNATAKA", "Vil_Nam": "Haldipur", "Mat_An_Chil_Wel_Cen_Par_Med_Staf_Tot_Stren_Num": "10", "Mat_An_Chil_Wel_Cen_Par_Med_Staf_In_Pos_Num": "9", "id": 581976}, "perc": 0.04913886547031193, "metric": 99.95086130114778, "value_global_local": {"ASSAM": {"global_perc": 7.577192650123129e-05, "local_perc": 0.006535947712418301}, "BIHAR": {"global_perc": 0.0004902616214288898, "local_perc": 0.0718954248366013}, "HIMACHAL PRADESH": {"global_perc": 4.833252779120348e-05, "local_perc": 0.0032679738562091504}, "JAMMU & KASHMIR": {"global_perc": 0.0010682130321989928, "local_perc": 0.02287581699346405}, "JHARKHAND": {"global_perc": 3.086991418163858e-05, "local_perc": 0.0032679738562091504}, "KARNATAKA": {"global_perc": 0.006578050443081118, "local_perc": 0.630718954248366}, "MADHYA PRADESH": {"global_perc": 1.821394095040344e-05, "local_perc": 0.0032679738562091504}, "PUDUCHERRY": {"global_perc": 0.03333333333333333, "local_perc": 0.00980392156862745}, "Punjab": {"global_perc": 7.948493760432397e-05, "local_perc": 0.0032679738562091504}, "RAJASTHAN": {"global_perc": 6.715616045845272e-05, "local_perc": 0.00980392156862745}, "TRIPURA": {"global_perc": 0.001142857142857143, "local_perc": 0.0032679738562091504}, "Tamil Nadu": {"global_perc": 0.0037549283434507794, "local_perc": 0.19607843137254902}, "UTTAR PRADESH": {"global_perc": 5.619345533556858e-05, "local_perc": 0.0196078431372549}, "UTTARAKHAND": {"global_perc": 0.0002381944857976538, "local_perc": 0.013071895424836602}, "West Bengal": {"global_perc": 2.4864488537470783e-05, "local_perc": 0.0032679738562091504}}, "partition_field": "Stat_Nam", "Vil_Nam": "Panzgam", "Stat_Nam": "JAMMU & KASHMIR"}, {"data": [["Mat_An_Chil_Wel_Cen_Par_Med_Staf_In_Pos_Num", 6.0], ["Mat_An_Chil_Wel_Cen_Par_Med_Staf_Tot_Stren_Num", 6.0], 1.0], "data_low": {"Stat_Nam": "JAMMU & KASHMIR", "Vil_Nam": "Solina", "Mat_An_Chil_Wel_Cen_Par_Med_Staf_Tot_Stren_Num": "1", "Mat_An_Chil_Wel_Cen_Par_Med_Staf_In_Pos_Num": "1", "id": 73}, "data_high": {"Stat_Nam": "Punjab", "Vil_Nam": "Rasulpur Kalan (169)", "Mat_An_Chil_Wel_Cen_Par_Med_Staf_Tot_Stren_Num": "9", "Mat_An_Chil_Wel_Cen_Par_Med_Staf_In_Pos_Num": "9", "id": 37309}, "perc": 2.882171102814244, "metric": 97.11782889718576, "value_global_local": {"": {"global_perc": 0.03337057813921878, "local_perc": 0.9684644528638289}, "0": {"global_perc": 0.04, "local_perc": 5.571651437486071e-05}, "ADHAKARI": {"global_perc": 1.0, "local_perc": 5.571651437486071e-05}, "ADHARPUR": {"global_perc": 0.25, "local_perc": 5.571651437486071e-05}, "AHMEDPUR": {"global_perc": 0.3333333333333333, "local_perc": 5.571651437486071e-05}, "AILEE": {"global_perc": 1.0, "local_perc": 5.571651437486071e-05}, "AKBARNAGAR": {"global_perc": 0.2222222222222222, "local_perc": 0.00011143302874972142}, "AKDONI KALAN": {"global_perc": 1.0, "local_perc": 5.571651437486071e-05}, "ALABALPUR": {"global_perc": 0.5, "local_perc": 5.571651437486071e-05}, "ALIPUR BIHTA": {"global_perc": 1.0, "local_perc": 5.571651437486071e-05}, "AMARPUR": {"global_perc": 0.06666666666666667, "local_perc": 5.571651437486071e-05}, "AMAUNA": {"global_perc": 0.2, "local_perc": 5.571651437486071e-05}, "AMROH": {"global_perc": 0.1, "local_perc": 5.571651437486071e-05}, "ANANDPUR": {"global_perc": 0.2, "local_perc": 5.571651437486071e-05}, "ANANTNAG": {"global_perc": 0.5, "local_perc": 5.571651437486071e-05}, "ANDIPATTI": {"global_perc": 0.25, "local_perc": 5.571651437486071e-05}, "ANDRANA": {"global_perc": 0.5, "local_perc": 5.571651437486071e-05}, "ARASUR": {"global_perc": 0.25, "local_perc": 5.571651437486071e-05}, "ASHARAM PAR": {"global_perc": 0.5, "local_perc": 5.571651437486071e-05}, "ASOUTA": {"global_perc": 0.5, "local_perc": 5.571651437486071e-05}, "ATHAN": {"global_perc": 1.0, "local_perc": 5.571651437486071e-05}, "AURANGABAD": {"global_perc": 0.058823529411764705, "local_perc": 5.571651437486071e-05}, "Amonggre": {"global_perc": 0.25, "local_perc": 5.571651437486071e-05}, "B.B.NAGAR": {"global_perc": 0.5, "local_perc": 5.571651437486071e-05}, "BABHANI": {"global_perc": 0.010416666666666666, "local_perc": 0.00011143302874972142}, "BACHAHALLI": {"global_perc": 1.0, "local_perc": 5.571651437486071e-05}, "BADGAON": {"global_perc": 0.16666666666666666, "local_perc": 5.571651437486071e-05}, "BAGA": {"global_perc": 0.2, "local_perc": 5.571651437486071e-05}, "BAGDA": {"global_perc": 0.5, "local_perc": 5.571651437486071e-05}, "BAGNAGAR": {"global_perc": 1.0, "local_perc": 5.571651437486071e-05}, "BAHARAGORA": {"global_perc": 0.125, "local_perc": 5.571651437486071e-05}, "BAHUARA": {"global_perc": 0.14285714285714285, "local_perc": 5.571651437486071e-05}, "BAIJUWAPUR": {"global_perc": 1.0, "local_perc": 5.571651437486071e-05}, "BAIKUNTH PUR": {"global_perc": 0.25, "local_perc": 5.571651437486071e-05}, "BAITIKALA": {"global_perc": 0.3333333333333333, "local_perc": 5.571651437486071e-05}, "BAJIPUR": {"global_perc": 1.0, "local_perc": 5.571651437486071e-05}, "BAKAMI": {"global_perc": 1.0, "local_perc": 5.571651437486071e-05}, "BAKHRI": {"global_perc": 0.2, "local_perc": 5.571651437486071e-05}, "BALLAGAN": {"global_perc": 1.0, "local_perc": 5.571651437486071e-05}, "BALRAMPUR": {"global_perc": 0.1, "local_perc": 5.571651437486071e-05}, "BALUA": {"global_perc": 0.07142857142857142, "local_perc": 5.571651437486071e-05}, "BAMBOOFLAT": {"global_perc": 1.0, "local_perc": 5.571651437486071e-05}, "BAMHOR PANDEY": {"global_perc": 0.5, "local_perc": 5.571651437486071e-05}, "BANDHERSHOL": {"global_perc": 1.0, "local_perc": 5.571651437486071e-05}, "BANDULAHAR": {"global_perc": 1.0, "local_perc": 5.571651437486071e-05}, "BANE DI HATTI": {"global_perc": 0.14285714285714285, "local_perc": 5.571651437486071e-05}, "BANGA": {"global_perc": 0.5, "local_perc": 5.571651437486071e-05}, "BANGRA": {"global_perc": 0.3333333333333333, "local_perc": 0.00011143302874972142}, "BANIA CHHAPAR": {"global_perc": 0.4, "local_perc": 0.00011143302874972142}, "BANKATI": {"global_perc": 0.1, "local_perc": 5.571651437486071e-05}, "BARA BOARIJOR": {"global_perc": 1.0, "local_perc": 0.00011143302874972142}, "BARABARU": {"global_perc": 1.0, "local_perc": 0.00016714954312458213}, "BARAP": {"global_perc": 0.3333333333333333, "local_perc": 5.571651437486071e-05}, "BARDIH": {"global_perc": 0.16666666666666666, "local_perc": 5.571651437486071e-05}, "BARDIKANPUR": {"global_perc": 1.0, "local_perc": 5.571651437486071e-05}, "BARGADAHA": {"global_perc": 1.0, "local_perc": 5.571651437486071e-05}, "BARKA NIMDIHRA": {"global_perc": 0.5, "local_perc": 0.00011143302874972142}, "BARKABARAN": {"global_perc": 1.0, "local_perc": 5.571651437486071e-05}, "BARKABARU": {"global_perc": 1.0, "local_perc": 5.571651437486071e-05}, "BARMANDA": {"global_perc": 0.3333333333333333, "local_perc": 5.571651437486071e-05}, "BARUDI": {"global_perc": 1.0, "local_perc": 5.571651437486071e-05}, "BASAVANAHALLI": {"global_perc": 0.2, "local_perc": 5.571651437486071e-05}, "BASDIHAGOPAL": {"global_perc": 0.5, "local_perc": 5.571651437486071e-05}, "BASEDOUR": {"global_perc": 0.6666666666666666, "local_perc": 0.00011143302874972142}, "BASINI": {"global_perc": 1.0, "local_perc": 5.571651437486071e-05}, "BASUDEWPUR": {"global_perc": 1.0, "local_perc": 5.571651437486071e-05}, "BATIJODA": {"global_perc": 0.25, "local_perc": 5.571651437486071e-05}, "BAUSI": {"global_perc": 0.5, "local_perc": 5.571651437486071e-05}, "BEGUMSARAI": {"global_perc": 1.0, "local_perc": 5.571651437486071e-05}, "BEGUNIA": {"global_perc": 0.5, "local_perc": 5.571651437486071e-05}, "BELBARI": {"global_perc": 0.5, "local_perc": 5.571651437486071e-05}, "BELDIHRI": {"global_perc": 0.3333333333333333, "local_perc": 5.571651437486071e-05}, "BELHAN": {"global_perc": 0.3333333333333333, "local_perc": 5.571651437486071e-05}, "BELPAHARI": {"global_perc": 0.2, "local_perc": 5.571651437486071e-05}, "BETU QUADIM": {"global_perc": 1.0, "local_perc": 5.571651437486071e-05}, "BHAGATPUR": {"global_perc": 0.2, "local_perc": 5.571651437486071e-05}, "BHAGWANPUR": {"global_perc": 0.034482758620689655, "local_perc": 5.571651437486071e-05}, "BHAISLOT": {"global_perc": 1.0, "local_perc": 5.571651437486071e-05}, "BHAIYADIH": {"global_perc": 1.0, "local_perc": 5.571651437486071e-05}, "BHAKHRA": {"global_perc": 1.0, "local_perc": 5.571651437486071e-05}, "BHALT": {"global_perc": 1.0, "local_perc": 5.571651437486071e-05}, "BHALUKAGURI": {"global_perc": 1.0, "local_perc": 5.571651437486071e-05}, "BHATAULI": {"global_perc": 0.1111111111111111, "local_perc": 5.571651437486071e-05}, "BHAWARNA": {"global_perc": 0.5, "local_perc": 0.00011143302874972142}, "BHITLU": {"global_perc": 0.3333333333333333, "local_perc": 5.571651437486071e-05}, "BICHIYA": {"global_perc": 0.5, "local_perc": 5.571651437486071e-05}, "BIKRAMGANJ": {"global_perc": 0.012345679012345678, "local_perc": 5.571651437486071e-05}, "BILISIRI": {"global_perc": 0.5, "local_perc": 5.571651437486071e-05}, "BIRIYA": {"global_perc": 1.0, "local_perc": 5.571651437486071e-05}, "BISHASHARPUR": {"global_perc": 1.0, "local_perc": 5.571651437486071e-05}, "BISHUNPURA": {"global_perc": 0.1111111111111111, "local_perc": 5.571651437486071e-05}, "BODASA": {"global_perc": 0.6666666666666666, "local_perc": 0.00011143302874972142}, "BORA GAON": {"global_perc": 0.6666666666666666, "local_perc": 0.00011143302874972142}, "BOSWAN": {"global_perc": 1.0, "local_perc": 5.571651437486071e-05}, "BRUNDADEIPUR": {"global_perc": 1.0, "local_perc": 5.571651437486071e-05}, "BUDGADDA": {"global_perc": 0.5, "local_perc": 0.00011143302874972142}, "BUDGAM": {"global_perc": 1.0, "local_perc": 5.571651437486071e-05}, "CHAINPUR": {"global_perc": 0.043478260869565216, "local_perc": 5.571651437486071e-05}, "CHAK BAMUN": {"global_perc": 0.6666666666666666, "local_perc": 0.00011143302874972142}, "CHAK BHIKHI": {"global_perc": 0.5, "local_perc": 5.571651437486071e-05}, "CHAKAPADA": {"global_perc": 0.3333333333333333, "local_perc": 5.571651437486071e-05}, "CHALANGI": {"global_perc": 1.0, "local_perc": 5.571651437486071e-05}, "CHANAR BIGHA": {"global_perc": 0.2, "local_perc": 5.571651437486071e-05}, "CHAND": {"global_perc": 0.4, "local_perc": 0.00011143302874972142}, "CHANDI": {"global_perc": 0.04, "local_perc": 5.571651437486071e-05}, "CHANDRI": {"global_perc": 0.1111111111111111, "local_perc": 5.571651437486071e-05}, "CHAUNTRA": {"global_perc": 0.2, "local_perc": 5.571651437486071e-05}, "CHELA": {"global_perc": 0.25, "local_perc": 5.571651437486071e-05}, "CHHANGLA": {"global_perc": 0.2, "local_perc": 5.571651437486071e-05}, "CHILOI": {"global_perc": 0.3333333333333333, "local_perc": 5.571651437486071e-05}, "CHIPRA": {"global_perc": 0.6666666666666666, "local_perc": 0.00011143302874972142}, "CHITAUNI": {"global_perc": 0.5, "local_perc": 5.571651437486071e-05}, "CHNDRA": {"global_perc": 0.5, "local_perc": 5.571651437486071e-05}, "CHOPARA": {"global_perc": 0.25, "local_perc": 5.571651437486071e-05}, "CHORAIN": {"global_perc": 1.0, "local_perc": 5.571651437486071e-05}, "CHORDEHRA": {"global_perc": 1.0, "local_perc": 5.571651437486071e-05}, "CHOURASIA": {"global_perc": 0.5, "local_perc": 5.571651437486071e-05}, "DALU": {"global_perc": 0.07692307692307693, "local_perc": 5.571651437486071e-05}, "DAMADIH": {"global_perc": 0.5, "local_perc": 5.571651437486071e-05}, "DARMIGAD": {"global_perc": 1.0, "local_perc": 5.571651437486071e-05}, "DASOTI": {"global_perc": 1.0, "local_perc": 5.571651437486071e-05}, "DAULAT PUR": {"global_perc": 0.5, "local_perc": 5.571651437486071e-05}, "DEDUWA": {"global_perc": 1.0, "local_perc": 5.571651437486071e-05}, "DEGO DEHARI": {"global_perc": 1.0, "local_perc": 5.571651437486071e-05}, "DEOKALI": {"global_perc": 0.5, "local_perc": 0.00011143302874972142}, "DEULBAR": {"global_perc": 1.0, "local_perc": 5.571651437486071e-05}, "DEWAR": {"global_perc": 0.2, "local_perc": 5.571651437486071e-05}, "DHANPURA": {"global_perc": 0.125, "local_perc": 5.571651437486071e-05}, "DHANPURWA": {"global_perc": 0.5, "local_perc": 5.571651437486071e-05}, "DHANSERI": {"global_perc": 0.5, "local_perc": 5.571651437486071e-05}, "DHARAPURAM": {"global_perc": 1.0, "local_perc": 5.571651437486071e-05}, "DHUNA": {"global_perc": 0.6666666666666666, "local_perc": 0.00011143302874972142}, "DIFFERPAT": {"global_perc": 1.0, "local_perc": 5.571651437486071e-05}, "DIWANE": {"global_perc": 1.0, "local_perc": 5.571651437486071e-05}, "DODIYAL": {"global_perc": 0.5, "local_perc": 5.571651437486071e-05}, "DORIHAR": {"global_perc": 0.5, "local_perc": 5.571651437486071e-05}, "Dhaliwal Bet": {"global_perc": 1.0, "local_perc": 0.00011143302874972142}, "EAKHARA": {"global_perc": 1.0, "local_perc": 5.571651437486071e-05}, "EKDERBA": {"global_perc": 0.5, "local_perc": 5.571651437486071e-05}, "ERKI": {"global_perc": 1.0, "local_perc": 5.571651437486071e-05}, "FAKRA": {"global_perc": 1.0, "local_perc": 5.571651437486071e-05}, "FATEHPUR": {"global_perc": 0.015873015873015872, "local_perc": 5.571651437486071e-05}, "FATEHPUR CHADRAI": {"global_perc": 1.0, "local_perc": 5.571651437486071e-05}, "FRANGAMATIA": {"global_perc": 1.0, "local_perc": 5.571651437486071e-05}, "FULBARI": {"global_perc": 1.0, "local_perc": 5.571651437486071e-05}, "G. NANDIPUR": {"global_perc": 1.0, "local_perc": 5.571651437486071e-05}, "GACHRA": {"global_perc": 1.0, "local_perc": 5.571651437486071e-05}, "GAMHARIA": {"global_perc": 0.058823529411764705, "local_perc": 5.571651437486071e-05}, "GANEOR": {"global_perc": 1.0, "local_perc": 5.571651437486071e-05}, "GANGAIKONDAN": {"global_perc": 1.0, "local_perc": 5.571651437486071e-05}, "GANGATI": {"global_perc": 1.0, "local_perc": 0.00011143302874972142}, "GANGDIH": {"global_perc": 1.0, "local_perc": 5.571651437486071e-05}, "GANGHARA": {"global_perc": 0.5, "local_perc": 5.571651437486071e-05}, "GARHWA": {"global_perc": 0.14285714285714285, "local_perc": 5.571651437486071e-05}, "GARUD": {"global_perc": 0.25, "local_perc": 5.571651437486071e-05}, "GAUHARPUR": {"global_perc": 0.3333333333333333, "local_perc": 5.571651437486071e-05}, "GHES": {"global_perc": 1.0, "local_perc": 5.571651437486071e-05}, "GHUMARI": {"global_perc": 1.0, "local_perc": 5.571651437486071e-05}, "GIDAM": {"global_perc": 1.0, "local_perc": 5.571651437486071e-05}, "GIPU": {"global_perc": 0.5, "local_perc": 5.571651437486071e-05}, "GOH": {"global_perc": 0.2, "local_perc": 5.571651437486071e-05}, "GOKHLAPUR": {"global_perc": 1.0, "local_perc": 5.571651437486071e-05}, "GOPICHAK": {"global_perc": 1.0, "local_perc": 5.571651437486071e-05}, "GORAIPUR": {"global_perc": 0.25, "local_perc": 5.571651437486071e-05}, "GORIARI": {"global_perc": 1.0, "local_perc": 5.571651437486071e-05}, "GORIYADIH": {"global_perc": 1.0, "local_perc": 5.571651437486071e-05}, "GOSAIPUR": {"global_perc": 0.1, "local_perc": 5.571651437486071e-05}, "GOVARDHANPUR": {"global_perc": 1.0, "local_perc": 0.00022286605749944285}, "GOVINDPUR": {"global_perc": 0.037037037037037035, "local_perc": 5.571651437486071e-05}, "GUDDALUR": {"global_perc": 1.0, "local_perc": 5.571651437486071e-05}, "GULAULA KHERA": {"global_perc": 1.0, "local_perc": 5.571651437486071e-05}, "GUMRU": {"global_perc": 0.3333333333333333, "local_perc": 5.571651437486071e-05}, "GURI": {"global_perc": 0.1111111111111111, "local_perc": 5.571651437486071e-05}, "GUSHAL": {"global_perc": 1.0, "local_perc": 5.571651437486071e-05}, "GUTAKBARA": {"global_perc": 1.0, "local_perc": 5.571651437486071e-05}, "GUTJORA": {"global_perc": 1.0, "local_perc": 5.571651437486071e-05}, "GYANPUR": {"global_perc": 0.034482758620689655, "local_perc": 5.571651437486071e-05}, "HAJIPUR": {"global_perc": 0.05555555555555555, "local_perc": 5.571651437486071e-05}, "HALLIDAYGANJ": {"global_perc": 0.2, "local_perc": 5.571651437486071e-05}, "HARDASPUR": {"global_perc": 0.25, "local_perc": 5.571651437486071e-05}, "HARHUA": {"global_perc": 0.6666666666666666, "local_perc": 0.00011143302874972142}, "HARIHARPUR": {"global_perc": 0.06451612903225806, "local_perc": 0.00011143302874972142}, "HARIRAMPUR": {"global_perc": 0.14285714285714285, "local_perc": 5.571651437486071e-05}, "HARITANGANJ": {"global_perc": 1.0, "local_perc": 5.571651437486071e-05}, "HARNA": {"global_perc": 0.5, "local_perc": 5.571651437486071e-05}, "HATGAON": {"global_perc": 0.5, "local_perc": 5.571651437486071e-05}, "HATIMODA": {"global_perc": 1.0, "local_perc": 5.571651437486071e-05}, "HATINA": {"global_perc": 0.3333333333333333, "local_perc": 5.571651437486071e-05}, "HAUCAK": {"global_perc": 0.16666666666666666, "local_perc": 5.571651437486071e-05}, "HAZARA SINGHWALA": {"global_perc": 1.0, "local_perc": 5.571651437486071e-05}, "HERMA": {"global_perc": 1.0, "local_perc": 5.571651437486071e-05}, "HITUTOLI": {"global_perc": 1.0, "local_perc": 5.571651437486071e-05}, "HONOKO": {"global_perc": 1.0, "local_perc": 5.571651437486071e-05}, "HUDOLI": {"global_perc": 0.5, "local_perc": 5.571651437486071e-05}, "HULIYAR": {"global_perc": 0.5, "local_perc": 5.571651437486071e-05}, "HUNASANAKODIHALLI": {"global_perc": 1.0, "local_perc": 5.571651437486071e-05}, "IBRAHIMPUR": {"global_perc": 0.1, "local_perc": 5.571651437486071e-05}, "ICHA": {"global_perc": 0.5, "local_perc": 5.571651437486071e-05}, "ICHAWA": {"global_perc": 1.0, "local_perc": 5.571651437486071e-05}, "IDAR": {"global_perc": 0.5, "local_perc": 5.571651437486071e-05}, "IMLIGAON": {"global_perc": 1.0, "local_perc": 5.571651437486071e-05}, "INDAR": {"global_perc": 0.6666666666666666, "local_perc": 0.00011143302874972142}, "INDRAGADA": {"global_perc": 0.3333333333333333, "local_perc": 5.571651437486071e-05}, "ISHAPUR": {"global_perc": 0.3333333333333333, "local_perc": 5.571651437486071e-05}, "ISMAILPUR": {"global_perc": 0.08333333333333333, "local_perc": 5.571651437486071e-05}, "ISMILPUR": {"global_perc": 1.0, "local_perc": 5.571651437486071e-05}, "ITKHORI": {"global_perc": 1.0, "local_perc": 0.00011143302874972142}, "JAGDISPUR": {"global_perc": 1.0, "local_perc": 5.571651437486071e-05}, "JAHARPUR": {"global_perc": 1.0, "local_perc": 5.571651437486071e-05}, "JAIDPUR": {"global_perc": 1.0, "local_perc": 5.571651437486071e-05}, "JAIND": {"global_perc": 0.5, "local_perc": 5.571651437486071e-05}, "JALALPUR NAURANGA": {"global_perc": 0.5, "local_perc": 5.571651437486071e-05}, "JALIKHAN": {"global_perc": 0.3333333333333333, "local_perc": 5.571651437486071e-05}, "JAMBANI": {"global_perc": 0.2, "local_perc": 5.571651437486071e-05}, "JAMBGI(K.D)": {"global_perc": 1.0, "local_perc": 5.571651437486071e-05}, "JAMRI": {"global_perc": 0.25, "local_perc": 5.571651437486071e-05}, "JANKI DHAR": {"global_perc": 1.0, "local_perc": 5.571651437486071e-05}, "JHAMKE": {"global_perc": 1.0, "local_perc": 5.571651437486071e-05}, "JHUNGIAN": {"global_perc": 1.0, "local_perc": 5.571651437486071e-05}, "JKARIYA": {"global_perc": 1.0, "local_perc": 5.571651437486071e-05}, "JOGAPATTI": {"global_perc": 1.0, "local_perc": 5.571651437486071e-05}, "JOSYANA": {"global_perc": 0.2, "local_perc": 5.571651437486071e-05}, "Jansua": {"global_perc": 0.5, "local_perc": 5.571651437486071e-05}, "KACHNAL": {"global_perc": 1.0, "local_perc": 5.571651437486071e-05}, "KADGIDOHI": {"global_perc": 1.0, "local_perc": 5.571651437486071e-05}, "KAKRAD": {"global_perc": 1.0, "local_perc": 5.571651437486071e-05}, "KAMARPUKUR": {"global_perc": 1.0, "local_perc": 5.571651437486071e-05}, "KANA SUAN": {"global_perc": 0.5, "local_perc": 5.571651437486071e-05}, "KANDARWALKALA": {"global_perc": 1.0, "local_perc": 5.571651437486071e-05}, "KANDHALA SHEIKAN": {"global_perc": 1.0, "local_perc": 5.571651437486071e-05}, "KANDI": {"global_perc": 0.08333333333333333, "local_perc": 5.571651437486071e-05}, "KANKABATI": {"global_perc": 0.3333333333333333, "local_perc": 5.571651437486071e-05}, "KANNAPUR HATTI": {"global_perc": 1.0, "local_perc": 5.571651437486071e-05}, "KARAKAT": {"global_perc": 0.125, "local_perc": 5.571651437486071e-05}, "KARJA": {"global_perc": 0.5, "local_perc": 5.571651437486071e-05}, "KARJANIA": {"global_perc": 1.0, "local_perc": 5.571651437486071e-05}, "KARLI KALH": {"global_perc": 0.2, "local_perc": 5.571651437486071e-05}, "KARMA": {"global_perc": 0.058823529411764705, "local_perc": 5.571651437486071e-05}, "KARMCHATA": {"global_perc": 0.2, "local_perc": 5.571651437486071e-05}, "KARNU": {"global_perc": 0.125, "local_perc": 5.571651437486071e-05}, "KARSANDA": {"global_perc": 1.0, "local_perc": 5.571651437486071e-05}, "KATGHARA KALAN": {"global_perc": 1.0, "local_perc": 5.571651437486071e-05}, "KAULI": {"global_perc": 0.14285714285714285, "local_perc": 5.571651437486071e-05}, "KAZAURA": {"global_perc": 1.0, "local_perc": 5.571651437486071e-05}, "KESARE": {"global_perc": 1.0, "local_perc": 5.571651437486071e-05}, "KESARI": {"global_perc": 0.25, "local_perc": 5.571651437486071e-05}, "KHAIRA BUHLA": {"global_perc": 0.3333333333333333, "local_perc": 5.571651437486071e-05}, "KHAJURI": {"global_perc": 0.07142857142857142, "local_perc": 5.571651437486071e-05}, "KHALSIBERIA": {"global_perc": 0.5, "local_perc": 5.571651437486071e-05}, "KHARAICH": {"global_perc": 1.0, "local_perc": 5.571651437486071e-05}, "KHARAJ": {"global_perc": 0.3333333333333333, "local_perc": 5.571651437486071e-05}, "KHARUHL": {"global_perc": 0.25, "local_perc": 5.571651437486071e-05}, "KHEKADA": {"global_perc": 0.5, "local_perc": 5.571651437486071e-05}, "KHIRANWALI": {"global_perc": 0.5, "local_perc": 5.571651437486071e-05}, "KHUN KHUN SARKI": {"global_perc": 0.5, "local_perc": 5.571651437486071e-05}, "KHUNTI": {"global_perc": 0.3333333333333333, "local_perc": 0.00011143302874972142}, "KHURAMPUR DALLU": {"global_perc": 0.5, "local_perc": 5.571651437486071e-05}, "KHUTADIH": {"global_perc": 1.0, "local_perc": 5.571651437486071e-05}, "KIRIBURU": {"global_perc": 1.0, "local_perc": 5.571651437486071e-05}, "KISHANPUR": {"global_perc": 0.3333333333333333, "local_perc": 0.00016714954312458213}, "KOKADIH": {"global_perc": 1.0, "local_perc": 5.571651437486071e-05}, "KOLAMBI": {"global_perc": 0.5, "local_perc": 5.571651437486071e-05}, "KONE": {"global_perc": 1.0, "local_perc": 5.571651437486071e-05}, "KONI": {"global_perc": 0.16666666666666666, "local_perc": 5.571651437486071e-05}, "KORI": {"global_perc": 0.2, "local_perc": 5.571651437486071e-05}, "KOSDA": {"global_perc": 0.14285714285714285, "local_perc": 5.571651437486071e-05}, "KOT GANGURAI": {"global_perc": 1.0, "local_perc": 5.571651437486071e-05}, "KOTHI": {"global_perc": 0.05405405405405406, "local_perc": 0.00011143302874972142}, "KRISHAN GARH": {"global_perc": 0.1111111111111111, "local_perc": 5.571651437486071e-05}, "KUMKUMA": {"global_perc": 0.6666666666666666, "local_perc": 0.00011143302874972142}, "KUPWARA": {"global_perc": 0.3333333333333333, "local_perc": 5.571651437486071e-05}, "KURALI": {"global_perc": 0.5, "local_perc": 5.571651437486071e-05}, "KURKNALA": {"global_perc": 0.5, "local_perc": 5.571651437486071e-05}, "KURKUTIYA": {"global_perc": 1.0, "local_perc": 5.571651437486071e-05}, "KURMADIH": {"global_perc": 1.0, "local_perc": 5.571651437486071e-05}, "KURSI": {"global_perc": 0.3333333333333333, "local_perc": 5.571651437486071e-05}, "KUTTI": {"global_perc": 1.0, "local_perc": 5.571651437486071e-05}, "KUTUMBA": {"global_perc": 0.25, "local_perc": 5.571651437486071e-05}, "Khagraun": {"global_perc": 0.3333333333333333, "local_perc": 5.571651437486071e-05}, "LACCHHAA": {"global_perc": 1.0, "local_perc": 5.571651437486071e-05}, "LAKHAMIPUR": {"global_perc": 1.0, "local_perc": 5.571651437486071e-05}, "LODHBHARWARI": {"global_perc": 1.0, "local_perc": 5.571651437486071e-05}, "LODIP[UR": {"global_perc": 0.5, "local_perc": 5.571651437486071e-05}, "LOHNA": {"global_perc": 0.3333333333333333, "local_perc": 5.571651437486071e-05}, "LOTOR": {"global_perc": 1.0, "local_perc": 5.571651437486071e-05}, "MACHONG": {"global_perc": 1.0, "local_perc": 5.571651437486071e-05}, "MADHOPUR": {"global_perc": 0.06451612903225806, "local_perc": 0.00011143302874972142}, "MAGALI": {"global_perc": 1.0, "local_perc": 5.571651437486071e-05}, "MAHDIPUR": {"global_perc": 0.5, "local_perc": 5.571651437486071e-05}, "MAHRIPUR": {"global_perc": 1.0, "local_perc": 5.571651437486071e-05}, "MAHUADANR": {"global_perc": 0.16666666666666666, "local_perc": 5.571651437486071e-05}, "MAHUAKOL": {"global_perc": 1.0, "local_perc": 5.571651437486071e-05}, "MAJHIGAWA": {"global_perc": 0.25, "local_perc": 5.571651437486071e-05}, "MAJHOLA": {"global_perc": 0.5, "local_perc": 5.571651437486071e-05}, "MAJORHI": {"global_perc": 1.0, "local_perc": 5.571651437486071e-05}, "MAKUNDAPUR": {"global_perc": 0.1111111111111111, "local_perc": 5.571651437486071e-05}, "MALHA": {"global_perc": 1.0, "local_perc": 5.571651437486071e-05}, "MALIHAPUR": {"global_perc": 1.0, "local_perc": 5.571651437486071e-05}, "MAMBATTU": {"global_perc": 1.0, "local_perc": 5.571651437486071e-05}, "MAMKHIR": {"global_perc": 1.0, "local_perc": 5.571651437486071e-05}, "MANDRE PUR": {"global_perc": 1.0, "local_perc": 5.571651437486071e-05}, "MANGAT KHERA": {"global_perc": 1.0, "local_perc": 5.571651437486071e-05}, "MANGLORE": {"global_perc": 0.2, "local_perc": 5.571651437486071e-05}, "MARANGHADA": {"global_perc": 0.3333333333333333, "local_perc": 5.571651437486071e-05}, "MARARI KALA": {"global_perc": 1.0, "local_perc": 0.00011143302874972142}, "MASAUNI": {"global_perc": 0.3333333333333333, "local_perc": 5.571651437486071e-05}, "MASAURI": {"global_perc": 0.25, "local_perc": 5.571651437486071e-05}, "MASTI PALKOT": {"global_perc": 1.0, "local_perc": 5.571651437486071e-05}, "MATHIA": {"global_perc": 0.25, "local_perc": 5.571651437486071e-05}, "MAYURHAND": {"global_perc": 0.25, "local_perc": 5.571651437486071e-05}, "MEEHA SOTI": {"global_perc": 1.0, "local_perc": 5.571651437486071e-05}, "MENDALI": {"global_perc": 1.0, "local_perc": 5.571651437486071e-05}, "MERKHARA": {"global_perc": 1.0, "local_perc": 5.571651437486071e-05}, "MERLE": {"global_perc": 1.0, "local_perc": 5.571651437486071e-05}, "MIRPUR RATANPUR": {"global_perc": 1.0, "local_perc": 5.571651437486071e-05}, "MO. SARAI ALI": {"global_perc": 1.0, "local_perc": 5.571651437486071e-05}, "MOHANCAMP": {"global_perc": 0.3333333333333333, "local_perc": 5.571651437486071e-05}, "MOKRAM": {"global_perc": 1.0, "local_perc": 5.571651437486071e-05}, "MORWA": {"global_perc": 1.0, "local_perc": 5.571651437486071e-05}, "MOTALAGUDA": {"global_perc": 1.0, "local_perc": 5.571651437486071e-05}, "MUBARAKPUR": {"global_perc": 0.08333333333333333, "local_perc": 5.571651437486071e-05}, "MUKIMPUR": {"global_perc": 1.0, "local_perc": 5.571651437486071e-05}, "MUNAN": {"global_perc": 1.0, "local_perc": 5.571651437486071e-05}, "MUNIMPUR": {"global_perc": 0.3333333333333333, "local_perc": 5.571651437486071e-05}, "MUQAM": {"global_perc": 1.0, "local_perc": 5.571651437486071e-05}, "Mianpur": {"global_perc": 0.3333333333333333, "local_perc": 5.571651437486071e-05}, "N.A.": {"global_perc": 0.005019890130706573, "local_perc": 0.0029529752618676175}, "NABINAGAR": {"global_perc": 0.25, "local_perc": 5.571651437486071e-05}, "NADICHAINE": {"global_perc": 1.0, "local_perc": 5.571651437486071e-05}, "NAGLA BANWARI": {"global_perc": 1.0, "local_perc": 5.571651437486071e-05}, "NAGWA": {"global_perc": 0.5, "local_perc": 5.571651437486071e-05}, "NAIDUMANGALAM": {"global_perc": 1.0, "local_perc": 5.571651437486071e-05}, "NAINA BAGICHA": {"global_perc": 1.0, "local_perc": 5.571651437486071e-05}, "NALATHWAD": {"global_perc": 0.25, "local_perc": 5.571651437486071e-05}, "NARAPAKKAM": {"global_perc": 1.0, "local_perc": 5.571651437486071e-05}, "NARAYANPUR": {"global_perc": 0.011235955056179775, "local_perc": 5.571651437486071e-05}, "NAWADA": {"global_perc": 0.06451612903225806, "local_perc": 0.00011143302874972142}, "NERKUNDRAM": {"global_perc": 1.0, "local_perc": 5.571651437486071e-05}, "NEURA": {"global_perc": 1.0, "local_perc": 5.571651437486071e-05}, "NILAMBUR": {"global_perc": 1.0, "local_perc": 5.571651437486071e-05}, "NOTAR": {"global_perc": 1.0, "local_perc": 5.571651437486071e-05}, "OBRA": {"global_perc": 1.0, "local_perc": 5.571651437486071e-05}, "OJONTOR": {"global_perc": 1.0, "local_perc": 5.571651437486071e-05}, "OR": {"global_perc": 0.3333333333333333, "local_perc": 5.571651437486071e-05}, "PABAPUR": {"global_perc": 1.0, "local_perc": 5.571651437486071e-05}, "PAIGAMBARPUR": {"global_perc": 1.0, "local_perc": 5.571651437486071e-05}, "PALLIKKADU": {"global_perc": 1.0, "local_perc": 5.571651437486071e-05}, "PANAPUR": {"global_perc": 0.3333333333333333, "local_perc": 0.00011143302874972142}, "PANDEPURA KALA": {"global_perc": 1.0, "local_perc": 0.00011143302874972142}, "PANDRA": {"global_perc": 0.3333333333333333, "local_perc": 5.571651437486071e-05}, "PANIHARI": {"global_perc": 0.3333333333333333, "local_perc": 5.571651437486071e-05}, "PARAG SAHA": {"global_perc": 1.0, "local_perc": 5.571651437486071e-05}, "PARAGSAHA": {"global_perc": 1.0, "local_perc": 5.571651437486071e-05}, "PARRIA PARASSAWAN": {"global_perc": 0.4, "local_perc": 0.00011143302874972142}, "PARSHURAMPUR": {"global_perc": 0.5, "local_perc": 5.571651437486071e-05}, "PATAHATU": {"global_perc": 1.0, "local_perc": 5.571651437486071e-05}, "PATHOLI": {"global_perc": 1.0, "local_perc": 5.571651437486071e-05}, "PATLOT": {"global_perc": 1.0, "local_perc": 5.571651437486071e-05}, "PHULBARI": {"global_perc": 0.2, "local_perc": 5.571651437486071e-05}, "PIPARAHI": {"global_perc": 1.0, "local_perc": 5.571651437486071e-05}, "PIPRA": {"global_perc": 0.05263157894736842, "local_perc": 5.571651437486071e-05}, "PISTA": {"global_perc": 0.5, "local_perc": 5.571651437486071e-05}, "PREMNAGAR": {"global_perc": 0.25, "local_perc": 5.571651437486071e-05}, "PUHO": {"global_perc": 1.0, "local_perc": 5.571651437486071e-05}, "PUNAJUR STATE FOREST": {"global_perc": 1.0, "local_perc": 5.571651437486071e-05}, "PURANDHA": {"global_perc": 0.5, "local_perc": 0.00011143302874972142}, "PURAUNI BUZURG": {"global_perc": 1.0, "local_perc": 5.571651437486071e-05}, "PUREMANSARAM": {"global_perc": 1.0, "local_perc": 5.571651437486071e-05}, "PURSHOTUMPUR": {"global_perc": 0.5, "local_perc": 5.571651437486071e-05}, "PURUNABALICHUA": {"global_perc": 1.0, "local_perc": 5.571651437486071e-05}, "RAGHOPUR": {"global_perc": 0.16666666666666666, "local_perc": 5.571651437486071e-05}, "RAGHUPUR": {"global_perc": 0.2, "local_perc": 5.571651437486071e-05}, "RAINAGAR": {"global_perc": 1.0, "local_perc": 5.571651437486071e-05}, "RAMDIRI": {"global_perc": 1.0, "local_perc": 5.571651437486071e-05}, "RAMGARH": {"global_perc": 0.01694915254237288, "local_perc": 5.571651437486071e-05}, "RAMGARHA": {"global_perc": 1.0, "local_perc": 5.571651437486071e-05}, "RANGAPATTI": {"global_perc": 0.5, "local_perc": 5.571651437486071e-05}, "RANIPOKHRI": {"global_perc": 0.75, "local_perc": 0.00016714954312458213}, "RATANARI": {"global_perc": 1.0, "local_perc": 5.571651437486071e-05}, "RATNAG": {"global_perc": 0.3333333333333333, "local_perc": 5.571651437486071e-05}, "REPEDA": {"global_perc": 1.0, "local_perc": 5.571651437486071e-05}, "RIKHIYA": {"global_perc": 0.14285714285714285, "local_perc": 5.571651437486071e-05}, "ROHELA HAJI UTTAR": {"global_perc": 0.5, "local_perc": 5.571651437486071e-05}, "ROORKEE": {"global_perc": 0.6666666666666666, "local_perc": 0.00011143302874972142}, "ROWAHALI": {"global_perc": 1.0, "local_perc": 5.571651437486071e-05}, "ROWAHLI": {"global_perc": 0.5, "local_perc": 5.571651437486071e-05}, "RUPAS MAHAJI": {"global_perc": 0.5, "local_perc": 5.571651437486071e-05}, "Rahmatpur": {"global_perc": 0.5, "local_perc": 5.571651437486071e-05}, "SADAT MALAUT": {"global_perc": 1.0, "local_perc": 5.571651437486071e-05}, "SADURI": {"global_perc": 0.6666666666666666, "local_perc": 0.00011143302874972142}, "SAGAHRIYA": {"global_perc": 1.0, "local_perc": 5.571651437486071e-05}, "SAHMALPUR": {"global_perc": 1.0, "local_perc": 5.571651437486071e-05}, "SAIDPUR": {"global_perc": 0.0625, "local_perc": 5.571651437486071e-05}, "SAIFPUR KARAMCHANDPUR": {"global_perc": 1.0, "local_perc": 5.571651437486071e-05}, "SAKHRUA BUJURG": {"global_perc": 1.0, "local_perc": 5.571651437486071e-05}, "SALIAGOCHHA": {"global_perc": 1.0, "local_perc": 5.571651437486071e-05}, "SAMASA": {"global_perc": 1.0, "local_perc": 5.571651437486071e-05}, "SAMHO AKHA KURHA": {"global_perc": 1.0, "local_perc": 5.571651437486071e-05}, "SANGHANATH": {"global_perc": 1.0, "local_perc": 5.571651437486071e-05}, "SANKESHWAR TOWN": {"global_perc": 1.0, "local_perc": 5.571651437486071e-05}, "SANSARIPUR": {"global_perc": 0.3333333333333333, "local_perc": 5.571651437486071e-05}, "SAPARUM": {"global_perc": 1.0, "local_perc": 0.00011143302874972142}, "SAPERU": {"global_perc": 0.5, "local_perc": 5.571651437486071e-05}, "SAR": {"global_perc": 1.0, "local_perc": 5.571651437486071e-05}, "SARAI": {"global_perc": 0.18181818181818182, "local_perc": 0.00011143302874972142}, "SARAIA": {"global_perc": 0.25, "local_perc": 5.571651437486071e-05}, "SARAIYAMAFI": {"global_perc": 0.5, "local_perc": 5.571651437486071e-05}, "SARDAM": {"global_perc": 0.25, "local_perc": 5.571651437486071e-05}, "SARKAMI": {"global_perc": 0.5, "local_perc": 5.571651437486071e-05}, "SARUA": {"global_perc": 0.3333333333333333, "local_perc": 5.571651437486071e-05}, "SEMRIYA": {"global_perc": 0.5, "local_perc": 5.571651437486071e-05}, "SEMUAR KHANPUR": {"global_perc": 1.0, "local_perc": 5.571651437486071e-05}, "SEWAL": {"global_perc": 1.0, "local_perc": 5.571651437486071e-05}, "SHAHJAHANPUR": {"global_perc": 0.3333333333333333, "local_perc": 5.571651437486071e-05}, "SHASHIN": {"global_perc": 1.0, "local_perc": 5.571651437486071e-05}, "SHEKHPURA": {"global_perc": 0.1, "local_perc": 5.571651437486071e-05}, "SHISHGARH": {"global_perc": 1.0, "local_perc": 5.571651437486071e-05}, "SHIVPUR": {"global_perc": 0.18181818181818182, "local_perc": 0.00022286605749944285}, "SHIWRAMPUR": {"global_perc": 1.0, "local_perc": 5.571651437486071e-05}, "SHONDHI": {"global_perc": 0.5, "local_perc": 5.571651437486071e-05}, "SIHMAN": {"global_perc": 1.0, "local_perc": 5.571651437486071e-05}, "SILADON": {"global_perc": 0.3333333333333333, "local_perc": 5.571651437486071e-05}, "SIMARIA": {"global_perc": 1.0, "local_perc": 5.571651437486071e-05}, "SIRFIFA PAVAR": {"global_perc": 1.0, "local_perc": 5.571651437486071e-05}, "SISIA": {"global_perc": 0.3333333333333333, "local_perc": 5.571651437486071e-05}, "SITA PUR": {"global_perc": 1.0, "local_perc": 5.571651437486071e-05}, "SIYUM": {"global_perc": 0.03125, "local_perc": 5.571651437486071e-05}, "SODAG": {"global_perc": 1.0, "local_perc": 5.571651437486071e-05}, "SOMINAKOPPA": {"global_perc": 0.16666666666666666, "local_perc": 5.571651437486071e-05}, "SUKHASAN": {"global_perc": 0.14285714285714285, "local_perc": 5.571651437486071e-05}, "SUNKA": {"global_perc": 1.0, "local_perc": 5.571651437486071e-05}, "SURAPUR": {"global_perc": 0.5, "local_perc": 5.571651437486071e-05}, "SYAHI DEVI GUNTH": {"global_perc": 1.0, "local_perc": 5.571651437486071e-05}, "TAJANG": {"global_perc": 0.1, "local_perc": 5.571651437486071e-05}, "TAJPUR": {"global_perc": 0.08333333333333333, "local_perc": 5.571651437486071e-05}, "TAMBA": {"global_perc": 0.5, "local_perc": 5.571651437486071e-05}, "TAPPU RAGUNATHPUR": {"global_perc": 0.5, "local_perc": 5.571651437486071e-05}, "TARDIHA": {"global_perc": 0.2, "local_perc": 5.571651437486071e-05}, "TARNA": {"global_perc": 0.5, "local_perc": 5.571651437486071e-05}, "TARUN": {"global_perc": 0.5, "local_perc": 5.571651437486071e-05}, "TEGRA": {"global_perc": 1.0, "local_perc": 5.571651437486071e-05}, "TETARIYA": {"global_perc": 0.07692307692307693, "local_perc": 5.571651437486071e-05}, "TETRI": {"global_perc": 0.5, "local_perc": 5.571651437486071e-05}, "THAGACHAGERE": {"global_perc": 1.0, "local_perc": 5.571651437486071e-05}, "TIBBI KALAN": {"global_perc": 0.25, "local_perc": 5.571651437486071e-05}, "TILAKPUR": {"global_perc": 0.1111111111111111, "local_perc": 5.571651437486071e-05}, "TINSUKIA": {"global_perc": 0.5, "local_perc": 5.571651437486071e-05}, "TIPIJHARI": {"global_perc": 1.0, "local_perc": 5.571651437486071e-05}, "TIRUKOSTIYUR": {"global_perc": 1.0, "local_perc": 5.571651437486071e-05}, "TIUYRAK": {"global_perc": 1.0, "local_perc": 5.571651437486071e-05}, "TIYRAKALA": {"global_perc": 1.0, "local_perc": 0.00011143302874972142}, "TOE MAKHOWAL": {"global_perc": 0.5, "local_perc": 5.571651437486071e-05}, "TOLA SIPAHIYA": {"global_perc": 0.5, "local_perc": 5.571651437486071e-05}, "TUKBERA": {"global_perc": 0.5, "local_perc": 5.571651437486071e-05}, "TUSMU": {"global_perc": 1.0, "local_perc": 5.571651437486071e-05}, "Tengkigittim": {"global_perc": 0.16666666666666666, "local_perc": 5.571651437486071e-05}, "Tibbi Kalan": {"global_perc": 1.0, "local_perc": 5.571651437486071e-05}, "UDAMANDA": {"global_perc": 1.0, "local_perc": 0.00011143302874972142}, "UMAIDPUR": {"global_perc": 1.0, "local_perc": 5.571651437486071e-05}, "UNERA": {"global_perc": 1.0, "local_perc": 5.571651437486071e-05}, "URMAR": {"global_perc": 1.0, "local_perc": 5.571651437486071e-05}, "VADAKATTUPATTI": {"global_perc": 1.0, "local_perc": 5.571651437486071e-05}, "VELLALAPATTI": {"global_perc": 0.5, "local_perc": 5.571651437486071e-05}, "VILANDAPUR": {"global_perc": 0.25, "local_perc": 5.571651437486071e-05}, "VINAURA": {"global_perc": 1.0, "local_perc": 5.571651437486071e-05}}, "partition_field": "Near_Vil_Tow_Nam_hav_Prim_School", "Vil_Nam": "Warnow", "Stat_Nam": "JAMMU & KASHMIR"}, {"data": [["Mat_An_Chil_Wel_Cen_Par_Med_Staf_In_Pos_Num", 3.0], ["Mat_An_Chil_Wel_Cen_Par_Med_Staf_Tot_Stren_Num", 2.0], 1.5], "data_low": {"Stat_Nam": "UTTARAKHAND", "Vil_Nam": "Sarai", "Mat_An_Chil_Wel_Cen_Par_Med_Staf_Tot_Stren_Num": "2", "Mat_An_Chil_Wel_Cen_Par_Med_Staf_In_Pos_Num": "3", "id": 56382}, "data_high": {"Stat_Nam": "UTTARAKHAND", "Vil_Nam": "Sarai", "Mat_An_Chil_Wel_Cen_Par_Med_Staf_Tot_Stren_Num": "2", "Mat_An_Chil_Wel_Cen_Par_Med_Staf_In_Pos_Num": "3", "id": 56382}, "perc": 0.0009635071660845478, "metric": 99.99903599273871, "value_global_local": {}, "partition_field": null, "Vil_Nam": "Sarai", "Stat_Nam": "UTTARAKHAND"}, {"data": [["Mat_An_Chil_Wel_Cen_Par_Med_Staf_In_Pos_Num", 2.0], ["Mat_An_Chil_Wel_Cen_Par_Med_Staf_Tot_Stren_Num", 1.0], 2.0], "data_low": {"Stat_Nam": "UTTAR PRADESH", "Vil_Nam": "Joya", "Mat_An_Chil_Wel_Cen_Par_Med_Staf_Tot_Stren_Num": "1", "Mat_An_Chil_Wel_Cen_Par_Med_Staf_In_Pos_Num": "2", "id": 117402}, "data_high": {"Stat_Nam": "UTTAR PRADESH", "Vil_Nam": "Simthari", "Mat_An_Chil_Wel_Cen_Par_Med_Staf_Tot_Stren_Num": "2", "Mat_An_Chil_Wel_Cen_Par_Med_Staf_In_Pos_Num": "4", "id": 151436}, "perc": 0.008992733550122445, "metric": 99.9910062663398, "value_global_local": {"CHHATTISGARH": {"global_perc": 0.0005465566928351387, "local_perc": 0.19642857142857142}, "JHARKHAND": {"global_perc": 9.260974254491573e-05, "local_perc": 0.05357142857142857}, "MADHYA PRADESH": {"global_perc": 0.0002367812323552447, "local_perc": 0.23214285714285715}, "UTTAR PRADESH": {"global_perc": 0.00027160170078858147, "local_perc": 0.5178571428571429}}, "partition_field": "Stat_Nam", "Vil_Nam": "Joya", "Stat_Nam": "UTTAR PRADESH"}, {"data": [["Mat_An_Chil_Wel_Cen_Par_Med_Staf_In_Pos_Num", 5.0], ["Mat_An_Chil_Wel_Cen_Par_Med_Staf_Tot_Stren_Num", 2.0], 2.5], "data_low": {"Stat_Nam": "MADHYA PRADESH", "Vil_Nam": "Sihora", "Mat_An_Chil_Wel_Cen_Par_Med_Staf_Tot_Stren_Num": "2", "Mat_An_Chil_Wel_Cen_Par_Med_Staf_In_Pos_Num": "5", "id": 458135}, "data_high": {"Stat_Nam": "MADHYA PRADESH", "Vil_Nam": "Sihora", "Mat_An_Chil_Wel_Cen_Par_Med_Staf_Tot_Stren_Num": "2", "Mat_An_Chil_Wel_Cen_Par_Med_Staf_In_Pos_Num": "5", "id": 458135}, "perc": 0.00016058452768075794, "metric": 99.9998379151747, "value_global_local": {}, "partition_field": null, "Vil_Nam": "Sihora", "Stat_Nam": "MADHYA PRADESH"}, {"data": [["Mat_An_Chil_Wel_Cen_Par_Med_Staf_In_Pos_Num", 3.0], ["Mat_An_Chil_Wel_Cen_Par_Med_Staf_Tot_Stren_Num", 1.0], 3.0], "data_low": {"Stat_Nam": "UTTAR PRADESH", "Vil_Nam": "Chola", "Mat_An_Chil_Wel_Cen_Par_Med_Staf_Tot_Stren_Num": "1", "Mat_An_Chil_Wel_Cen_Par_Med_Staf_In_Pos_Num": "3", "id": 119882}, "data_high": {"Stat_Nam": "UTTAR PRADESH", "Vil_Nam": "Chola", "Mat_An_Chil_Wel_Cen_Par_Med_Staf_Tot_Stren_Num": "1", "Mat_An_Chil_Wel_Cen_Par_Med_Staf_In_Pos_Num": "3", "id": 119882}, "perc": 0.0028905214982536433, "metric": 99.9971074781595, "value_global_local": {}, "partition_field": null, "Vil_Nam": "Chola", "Stat_Nam": "UTTAR PRADESH"}, {"data": [["Mat_An_Chil_Wel_Cen_Par_Med_Staf_In_Pos_Num", 10.0], ["Mat_An_Chil_Wel_Cen_Par_Med_Staf_Tot_Stren_Num", 3.0], 3.3333333333333335], "data_low": {"Stat_Nam": "UTTAR PRADESH", "Vil_Nam": "Bisenpur", "Mat_An_Chil_Wel_Cen_Par_Med_Staf_Tot_Stren_Num": "3", "Mat_An_Chil_Wel_Cen_Par_Med_Staf_In_Pos_Num": "10", "id": 202245}, "data_high": {"Stat_Nam": "UTTAR PRADESH", "Vil_Nam": "Bisenpur", "Mat_An_Chil_Wel_Cen_Par_Med_Staf_Tot_Stren_Num": "3", "Mat_An_Chil_Wel_Cen_Par_Med_Staf_In_Pos_Num": "10", "id": 202245}, "perc": 0.00016058452768075794, "metric": 99.999837081676, "value_global_local": {}, "partition_field": null, "Vil_Nam": "Bisenpur", "Stat_Nam": "UTTAR PRADESH"}, {"data": [["Mat_An_Chil_Wel_Cen_Par_Med_Staf_In_Pos_Num", 4.0], ["Mat_An_Chil_Wel_Cen_Par_Med_Staf_Tot_Stren_Num", 1.0], 4.0], "data_low": {"Stat_Nam": "JHARKHAND", "Vil_Nam": "Bandgaon", "Mat_An_Chil_Wel_Cen_Par_Med_Staf_Tot_Stren_Num": "1", "Mat_An_Chil_Wel_Cen_Par_Med_Staf_In_Pos_Num": "4", "id": 374924}, "data_high": {"Stat_Nam": "JHARKHAND", "Vil_Nam": "Bandgaon", "Mat_An_Chil_Wel_Cen_Par_Med_Staf_Tot_Stren_Num": "1", "Mat_An_Chil_Wel_Cen_Par_Med_Staf_In_Pos_Num": "4", "id": 374924}, "perc": 0.00016058452768075794, "metric": 99.99983641487705, "value_global_local": {}, "partition_field": null, "Vil_Nam": "Bandgaon", "Stat_Nam": "JHARKHAND"}, {"data": [["Mat_An_Chil_Wel_Cen_Par_Med_Staf_In_Pos_Num", 5.0], ["Mat_An_Chil_Wel_Cen_Par_Med_Staf_Tot_Stren_Num", 1.0], 5.0], "data_low": {"Stat_Nam": "MADHYA PRADESH", "Vil_Nam": "Bandri Karoli", "Mat_An_Chil_Wel_Cen_Par_Med_Staf_Tot_Stren_Num": "1", "Mat_An_Chil_Wel_Cen_Par_Med_Staf_In_Pos_Num": "5", "id": 457682}, "data_high": {"Stat_Nam": "MADHYA PRADESH", "Vil_Nam": "Bandri Karoli", "Mat_An_Chil_Wel_Cen_Par_Med_Staf_Tot_Stren_Num": "1", "Mat_An_Chil_Wel_Cen_Par_Med_Staf_In_Pos_Num": "5", "id": 457682}, "perc": 0.00016058452768075794, "metric": 99.99983541467863, "value_global_local": {}, "partition_field": null, "Vil_Nam": "Bandri Karoli", "Stat_Nam": "MADHYA PRADESH"}, {"data": [["Mat_An_Chil_Wel_Cen_Par_Med_Staf_In_Pos_Num", 12.0], ["Mat_An_Chil_Wel_Cen_Par_Med_Staf_Tot_Stren_Num", 1.0], 12.0], "data_low": {"Stat_Nam": "UTTAR PRADESH", "Vil_Nam": "Katka", "Mat_An_Chil_Wel_Cen_Par_Med_Staf_Tot_Stren_Num": "1", "Mat_An_Chil_Wel_Cen_Par_Med_Staf_In_Pos_Num": "12", "id": 182012}, "data_high": {"Stat_Nam": "UTTAR PRADESH", "Vil_Nam": "Katka", "Mat_An_Chil_Wel_Cen_Par_Med_Staf_Tot_Stren_Num": "1", "Mat_An_Chil_Wel_Cen_Par_Med_Staf_In_Pos_Num": "12", "id": 182012}, "perc": 0.00016058452768075794, "metric": 99.99982841328966, "value_global_local": {}, "partition_field": null, "Vil_Nam": "Katka", "Stat_Nam": "UTTAR PRADESH"}, {"data": [["Mat_An_Chil_Wel_Cen_Par_Med_Staf_In_Pos_Num", 2.0], ["Mat_An_Chil_Wel_Cen_Par_Med_Staf_Tot_Stren_Num", 0.0], 9999], "data_low": {"Stat_Nam": "UTTAR PRADESH", "Vil_Nam": "Amirpur Das Urf Dharam Nagari", "Mat_An_Chil_Wel_Cen_Par_Med_Staf_Tot_Stren_Num": "0", "Mat_An_Chil_Wel_Cen_Par_Med_Staf_In_Pos_Num": "1", "id": 111588}, "data_high": {"Stat_Nam": "UTTAR PRADESH", "Vil_Nam": "Nawa Urf Teda", "Mat_An_Chil_Wel_Cen_Par_Med_Staf_Tot_Stren_Num": "", "Mat_An_Chil_Wel_Cen_Par_Med_Staf_In_Pos_Num": "5", "id": 125757}, "perc": 0.02537235537355976, "metric": 99.96463018196197, "value_global_local": {"Dadra & Nagar Haveli": {"global_perc": 0.03076923076923077, "local_perc": 0.012658227848101266}, "MADHYA PRADESH": {"global_perc": 1.821394095040344e-05, "local_perc": 0.006329113924050633}, "UTTAR PRADESH": {"global_perc": 0.0014329331110569988, "local_perc": 0.9683544303797469}, "West Bengal": {"global_perc": 4.972897707494157e-05, "local_perc": 0.012658227848101266}}, "partition_field": "Stat_Nam", "Vil_Nam": "Kaluwala Jahanpur", "Stat_Nam": "UTTAR PRADESH"}, {"data": [["Mat_An_Chil_Wel_Cen_Par_Med_Staf_In_Pos_Num", 0], ["Mat_An_Chil_Wel_Cen_Par_Med_Staf_Tot_Stren_Num", 0], 99980001], "data_low": {"Stat_Nam": "JAMMU & KASHMIR", "Vil_Nam": "Bore", "Mat_An_Chil_Wel_Cen_Par_Med_Staf_Tot_Stren_Num": "", "Mat_An_Chil_Wel_Cen_Par_Med_Staf_In_Pos_Num": "", "id": 0}, "data_high": {"Stat_Nam": "UTTAR PRADESH", "Vil_Nam": "Khairhan", "Mat_An_Chil_Wel_Cen_Par_Med_Staf_Tot_Stren_Num": "0", "Mat_An_Chil_Wel_Cen_Par_Med_Staf_In_Pos_Num": "k", "id": 140407}, "perc": 95.00550002007306, "metric": 9.502450397062214e-07, "value_global_local": {"null": {"global_perc": 0.9500550002007306, "local_perc": 1.0}}, "partition_field": "Dist_Other", "Vil_Nam": "Bore", "Stat_Nam": "JAMMU & KASHMIR"}]