[{"data": [["Fam_Wel_Cen_Par_Med_Staf_In_Pos_Num", 0.0], ["Fam_Wel_Cen_Par_Med_Staf_Tot_Stren_Num", 1.0], 0.0], "data_low": {"Stat_Nam": "HIMACHAL PRADESH", "Vil_Nam": "Lana Chaita (12)", "Fam_Wel_Cen_Par_Med_Staf_Tot_Stren_Num": "7", "Fam_Wel_Cen_Par_Med_Staf_In_Pos_Num": "", "id": 22532}, "data_high": {"Stat_Nam": "KARNATAKA", "Vil_Nam": "Nidagundi", "Fam_Wel_Cen_Par_Med_Staf_Tot_Stren_Num": "11", "Fam_Wel_Cen_Par_Med_Staf_In_Pos_Num": "1", "id": 575673}, "perc": 0.6956521739130435, "metric": 99.30434881932908, "value_global_local": {"BIHAR": {"global_perc": 0.00011142309577929313, "local_perc": 0.0011542012927054479}, "GOA": {"global_perc": 0.0029940119760479044, "local_perc": 0.00023084025854108956}, "HARYANA": {"global_perc": 0.000146177459435755, "local_perc": 0.00023084025854108956}, "HIMACHAL PRADESH": {"global_perc": 0.00038666022232962784, "local_perc": 0.0018467220683287165}, "JHARKHAND": {"global_perc": 0.0030869914181638576, "local_perc": 0.023084025854108958}, "KARNATAKA": {"global_perc": 0.00017041581458759374, "local_perc": 0.0011542012927054479}, "MADHYA PRADESH": {"global_perc": 1.821394095040344e-05, "local_perc": 0.00023084025854108956}, "MIZORAM": {"global_perc": 0.0012048192771084338, "local_perc": 0.00023084025854108956}, "TRIPURA": {"global_perc": 0.004571428571428572, "local_perc": 0.0009233610341643582}, "UTTAR PRADESH": {"global_perc": 0.03837076441830408, "local_perc": 0.945752539242844}, "West Bengal": {"global_perc": 0.0027102292505843156, "local_perc": 0.025161588180978762}}, "partition_field": "Stat_Nam", "Vil_Nam": "Kasba Raipur  (245)", "Stat_Nam": "HIMACHAL PRADESH"}, {"data": [["Fam_Wel_Cen_Par_Med_Staf_In_Pos_Num", 1.0], ["Fam_Wel_Cen_Par_Med_Staf_Tot_Stren_Num", 8.0], 0.125], "data_low": {"Stat_Nam": "MADHYA PRADESH", "Vil_Nam": "Bahorpura", "Fam_Wel_Cen_Par_Med_Staf_Tot_Stren_Num": "8", "Fam_Wel_Cen_Par_Med_Staf_In_Pos_Num": "1", "id": 449643}, "data_high": {"Stat_Nam": "SIKKIM", "Vil_Nam": "Laso", "Fam_Wel_Cen_Par_Med_Staf_Tot_Stren_Num": "10", "Fam_Wel_Cen_Par_Med_Staf_In_Pos_Num": "2", "id": 259982}, "perc": 0.0012846762214460635, "metric": 99.99871619894233, "value_global_local": {}, "partition_field": null, "Vil_Nam": "Bahorpura", "Stat_Nam": "MADHYA PRADESH"}, {"data": [["Fam_Wel_Cen_Par_Med_Staf_In_Pos_Num", 2.0], ["Fam_Wel_Cen_Par_Med_Staf_Tot_Stren_Num", 8.0], 0.25], "data_low": {"Stat_Nam": "JHARKHAND", "Vil_Nam": "Kodwatanralias Bhitugarha", "Fam_Wel_Cen_Par_Med_Staf_Tot_Stren_Num": "4", "Fam_Wel_Cen_Par_Med_Staf_In_Pos_Num": "1", "id": 360293}, "data_high": {"Stat_Nam": "Tamil Nadu", "Vil_Nam": "Inamkiliyur", "Fam_Wel_Cen_Par_Med_Staf_Tot_Stren_Num": "12", "Fam_Wel_Cen_Par_Med_Staf_In_Pos_Num": "4", "id": 615195}, "perc": 0.008832149022441688, "metric": 99.99116860106133, "value_global_local": {"ASSAM": {"global_perc": 0.0002652017427543095, "local_perc": 0.12727272727272726}, "BIHAR": {"global_perc": 2.2284619155858625e-05, "local_perc": 0.01818181818181818}, "JAMMU & KASHMIR": {"global_perc": 0.0004578055852281398, "local_perc": 0.05454545454545454}, "JHARKHAND": {"global_perc": 9.260974254491573e-05, "local_perc": 0.05454545454545454}, "KARNATAKA": {"global_perc": 0.0006134969325153375, "local_perc": 0.32727272727272727}, "MADHYA PRADESH": {"global_perc": 3.642788190080688e-05, "local_perc": 0.03636363636363636}, "Punjab": {"global_perc": 0.0003974246880216199, "local_perc": 0.09090909090909091}, "SIKKIM": {"global_perc": 0.015521064301552107, "local_perc": 0.12727272727272726}, "TRIPURA": {"global_perc": 0.002285714285714286, "local_perc": 0.03636363636363636}, "Tamil Nadu": {"global_perc": 6.258213905751299e-05, "local_perc": 0.01818181818181818}, "UTTAR PRADESH": {"global_perc": 1.8731151778522863e-05, "local_perc": 0.03636363636363636}, "West Bengal": {"global_perc": 9.945795414988313e-05, "local_perc": 0.07272727272727272}}, "partition_field": "Stat_Nam", "Vil_Nam": "Upper Fambong", "Stat_Nam": "SIKKIM"}, {"data": [["Fam_Wel_Cen_Par_Med_Staf_In_Pos_Num", 4.0], ["Fam_Wel_Cen_Par_Med_Staf_Tot_Stren_Num", 11.0], 0.36363636363636365], "data_low": {"Stat_Nam": "UTTAR PRADESH", "Vil_Nam": "Kotawa", "Fam_Wel_Cen_Par_Med_Staf_Tot_Stren_Num": "5", "Fam_Wel_Cen_Par_Med_Staf_In_Pos_Num": "2", "id": 199054}, "data_high": {"Stat_Nam": "West Bengal", "Vil_Nam": "Barhatti", "Fam_Wel_Cen_Par_Med_Staf_Tot_Stren_Num": "11", "Fam_Wel_Cen_Par_Med_Staf_In_Pos_Num": "4", "id": 308941}, "perc": 0.003854028664338191, "metric": 99.99614660780206, "value_global_local": {"BIHAR": {"global_perc": 8.91384766234345e-05, "local_perc": 0.16666666666666666}, "KARNATAKA": {"global_perc": 0.00027266530334015, "local_perc": 0.3333333333333333}, "SIKKIM": {"global_perc": 0.0022172949002217295, "local_perc": 0.041666666666666664}, "Tamil Nadu": {"global_perc": 0.00012516427811502597, "local_perc": 0.08333333333333333}, "UTTAR PRADESH": {"global_perc": 4.682787944630715e-05, "local_perc": 0.20833333333333334}, "West Bengal": {"global_perc": 9.945795414988313e-05, "local_perc": 0.16666666666666666}}, "partition_field": "Stat_Nam", "Vil_Nam": "Barhatti", "Stat_Nam": "West Bengal"}, {"data": [["Fam_Wel_Cen_Par_Med_Staf_In_Pos_Num", 1.0], ["Fam_Wel_Cen_Par_Med_Staf_Tot_Stren_Num", 2.0], 0.5], "data_low": {"Stat_Nam": "JAMMU & KASHMIR", "Vil_Nam": "Tramba Gund", "Fam_Wel_Cen_Par_Med_Staf_Tot_Stren_Num": "2", "Fam_Wel_Cen_Par_Med_Staf_In_Pos_Num": "1", "id": 2204}, "data_high": {"Stat_Nam": "Tamil Nadu", "Vil_Nam": "Sunchalnatham", "Fam_Wel_Cen_Par_Med_Staf_Tot_Stren_Num": "12", "Fam_Wel_Cen_Par_Med_Staf_In_Pos_Num": "7", "id": 620868}, "perc": 0.19559195471516322, "metric": 99.80440854440668, "value_global_local": {"ASSAM": {"global_perc": 0.0003409736692555408, "local_perc": 0.007389162561576354}, "Arunachal Pradesh": {"global_perc": 0.0005367686527106817, "local_perc": 0.0024630541871921183}, "BIHAR": {"global_perc": 0.005749431742211526, "local_perc": 0.21182266009852216}, "HARYANA": {"global_perc": 0.00058470983774302, "local_perc": 0.003284072249589491}, "HIMACHAL PRADESH": {"global_perc": 0.00019333011116481392, "local_perc": 0.003284072249589491}, "JAMMU & KASHMIR": {"global_perc": 0.0009156111704562796, "local_perc": 0.0049261083743842365}, "JHARKHAND": {"global_perc": 0.0010495770821757117, "local_perc": 0.027914614121510674}, "KARNATAKA": {"global_perc": 0.006543967280163599, "local_perc": 0.15763546798029557}, "MADHYA PRADESH": {"global_perc": 0.0009289109884705754, "local_perc": 0.04187192118226601}, "ODISHA": {"global_perc": 0.008652778048447761, "local_perc": 0.3645320197044335}, "PUDUCHERRY": {"global_perc": 0.011111111111111112, "local_perc": 0.0008210180623973727}, "Punjab": {"global_perc": 0.0009538192512518877, "local_perc": 0.009852216748768473}, "RAJASTHAN": {"global_perc": 0.0001566977077363897, "local_perc": 0.005747126436781609}, "SIKKIM": {"global_perc": 0.017738359201773836, "local_perc": 0.006568144499178982}, "TRIPURA": {"global_perc": 0.004571428571428572, "local_perc": 0.003284072249589491}, "Tamil Nadu": {"global_perc": 0.0027536141185305714, "local_perc": 0.0361247947454844}, "UTTAR PRADESH": {"global_perc": 0.0002996984284563658, "local_perc": 0.026272577996715927}, "UTTARAKHAND": {"global_perc": 0.0008932293217412017, "local_perc": 0.012315270935960592}, "West Bengal": {"global_perc": 0.0022378039683723706, "local_perc": 0.07389162561576355}}, "partition_field": "Stat_Nam", "Vil_Nam": "Tramba Gund", "Stat_Nam": "JAMMU & KASHMIR"}, {"data": [["Fam_Wel_Cen_Par_Med_Staf_In_Pos_Num", 8.0], ["Fam_Wel_Cen_Par_Med_Staf_Tot_Stren_Num", 13.0], 0.6153846153846154], "data_low": {"Stat_Nam": "JAMMU & KASHMIR", "Vil_Nam": "Ration Pora", "Fam_Wel_Cen_Par_Med_Staf_Tot_Stren_Num": "3", "Fam_Wel_Cen_Par_Med_Staf_In_Pos_Num": "2", "id": 82}, "data_high": {"Stat_Nam": "PUDUCHERRY", "Vil_Nam": "Vizhidiur", "Fam_Wel_Cen_Par_Med_Staf_Tot_Stren_Num": "14", "Fam_Wel_Cen_Par_Med_Staf_In_Pos_Num": "9", "id": 622147}, "perc": 0.31201573728371274, "metric": 99.6879846462083, "value_global_local": {"ANDHRA PRADESH": {"global_perc": 3.597122302158273e-05, "local_perc": 0.000514668039114771}, "ASSAM": {"global_perc": 0.0004167455957567721, "local_perc": 0.005661348430262481}, "BIHAR": {"global_perc": 0.0008245309087667692, "local_perc": 0.019042717447246525}, "HARYANA": {"global_perc": 0.000146177459435755, "local_perc": 0.000514668039114771}, "HIMACHAL PRADESH": {"global_perc": 4.833252779120348e-05, "local_perc": 0.000514668039114771}, "JAMMU & KASHMIR": {"global_perc": 0.0022890279261406988, "local_perc": 0.007720020586721565}, "JHARKHAND": {"global_perc": 6.173982836327716e-05, "local_perc": 0.001029336078229542}, "KARNATAKA": {"global_perc": 0.0013974096796182686, "local_perc": 0.02110138960370561}, "MADHYA PRADESH": {"global_perc": 0.00010928364570242063, "local_perc": 0.003088008234688626}, "PUDUCHERRY": {"global_perc": 0.022222222222222223, "local_perc": 0.001029336078229542}, "Punjab": {"global_perc": 0.00023845481281297194, "local_perc": 0.001544004117344313}, "RAJASTHAN": {"global_perc": 0.03140669770773639, "local_perc": 0.7220792588780237}, "SIKKIM": {"global_perc": 0.028824833702882482, "local_perc": 0.0066906845084920225}, "TRIPURA": {"global_perc": 0.0034285714285714284, "local_perc": 0.001544004117344313}, "Tamil Nadu": {"global_perc": 0.01990112022028913, "local_perc": 0.16366443643849718}, "UTTAR PRADESH": {"global_perc": 0.00047764437035233294, "local_perc": 0.02624806999485332}, "UTTARAKHAND": {"global_perc": 0.0012505210504376823, "local_perc": 0.01080802882141019}, "West Bengal": {"global_perc": 0.000348102839524591, "local_perc": 0.007205352547606794}}, "partition_field": "Stat_Nam", "Vil_Nam": "Purba Potachhara", "Stat_Nam": "TRIPURA"}, {"data": [["Fam_Wel_Cen_Par_Med_Staf_In_Pos_Num", 8.0], ["Fam_Wel_Cen_Par_Med_Staf_Tot_Stren_Num", 11.0], 0.7272727272727273], "data_low": {"Stat_Nam": "JAMMU & KASHMIR", "Vil_Nam": "Dichar", "Fam_Wel_Cen_Par_Med_Staf_Tot_Stren_Num": "15", "Fam_Wel_Cen_Par_Med_Staf_In_Pos_Num": "11", "id": 4698}, "data_high": {"Stat_Nam": "Tamil Nadu", "Vil_Nam": "Vathanakurichi", "Fam_Wel_Cen_Par_Med_Staf_Tot_Stren_Num": "12", "Fam_Wel_Cen_Par_Med_Staf_In_Pos_Num": "9", "id": 616692}, "perc": 0.19591312377052472, "metric": 99.80408714847688, "value_global_local": {"": {"global_perc": 0.0023018825905490345, "local_perc": 0.9827868852459016}, "ANDIPATTI": {"global_perc": 0.25, "local_perc": 0.000819672131147541}, "BASAULI": {"global_perc": 0.3333333333333333, "local_perc": 0.000819672131147541}, "BASOLI MALLI": {"global_perc": 0.5, "local_perc": 0.000819672131147541}, "DABARI": {"global_perc": 1.0, "local_perc": 0.000819672131147541}, "DAWAL GARH": {"global_perc": 0.25, "local_perc": 0.000819672131147541}, "DHNGULI": {"global_perc": 1.0, "local_perc": 0.000819672131147541}, "DUNGRI MALLI": {"global_perc": 1.0, "local_perc": 0.001639344262295082}, "GAGELISAUR": {"global_perc": 1.0, "local_perc": 0.000819672131147541}, "GHINDWARA": {"global_perc": 0.14285714285714285, "local_perc": 0.000819672131147541}, "GHURET": {"global_perc": 1.0, "local_perc": 0.000819672131147541}, "GRASTANGANJ": {"global_perc": 1.0, "local_perc": 0.000819672131147541}, "GURPHALI": {"global_perc": 1.0, "local_perc": 0.000819672131147541}, "KAKWARA": {"global_perc": 1.0, "local_perc": 0.000819672131147541}, "KANDI": {"global_perc": 0.08333333333333333, "local_perc": 0.000819672131147541}, "KOLARI": {"global_perc": 1.0, "local_perc": 0.000819672131147541}, "KULLATHILVAI": {"global_perc": 0.3333333333333333, "local_perc": 0.000819672131147541}, "MALAU": {"global_perc": 1.0, "local_perc": 0.000819672131147541}, "MELPAKKAM": {"global_perc": 0.5, "local_perc": 0.000819672131147541}, "N.A.": {"global_perc": 9.471490812653911e-05, "local_perc": 0.000819672131147541}, "VADAKATTUPATTI": {"global_perc": 1.0, "local_perc": 0.000819672131147541}}, "partition_field": "Near_Vil_Tow_Nam_hav_Prim_School", "Vil_Nam": "Avalurpet", "Stat_Nam": "Tamil Nadu"}, {"data": [["Fam_Wel_Cen_Par_Med_Staf_In_Pos_Num", 5.0], ["Fam_Wel_Cen_Par_Med_Staf_Tot_Stren_Num", 6.0], 0.8333333333333334], "data_low": {"Stat_Nam": "ANDHRA PRADESH", "Vil_Nam": "Jangareddigudem", "Fam_Wel_Cen_Par_Med_Staf_Tot_Stren_Num": "12", "Fam_Wel_Cen_Par_Med_Staf_In_Pos_Num": "10", "id": 566568}, "data_high": {"Stat_Nam": "Tamil Nadu", "Vil_Nam": "Vallipuram", "Fam_Wel_Cen_Par_Med_Staf_Tot_Stren_Num": "10", "Fam_Wel_Cen_Par_Med_Staf_In_Pos_Num": "9", "id": 607410}, "perc": 0.061664458629411056, "metric": 99.93833570796781, "value_global_local": {"": {"global_perc": 0.0007352969409343455, "local_perc": 0.9973958333333334}, "VELLALAPATTI": {"global_perc": 0.5, "local_perc": 0.0026041666666666665}}, "partition_field": "Near_Vil_Tow_Nam_hav_Prim_School", "Vil_Nam": "Behat Dehat", "Stat_Nam": "UTTAR PRADESH"}, {"data": [["Fam_Wel_Cen_Par_Med_Staf_In_Pos_Num", 15.0], ["Fam_Wel_Cen_Par_Med_Staf_Tot_Stren_Num", 16.0], 0.9375], "data_low": {"Stat_Nam": "JAMMU & KASHMIR", "Vil_Nam": "Gana Pora", "Fam_Wel_Cen_Par_Med_Staf_Tot_Stren_Num": "1", "Fam_Wel_Cen_Par_Med_Staf_In_Pos_Num": "1", "id": 193}, "data_high": {"Stat_Nam": "Punjab", "Vil_Nam": "Sehna (438)", "Fam_Wel_Cen_Par_Med_Staf_Tot_Stren_Num": "9", "Fam_Wel_Cen_Par_Med_Staf_In_Pos_Num": "9", "id": 39805}, "perc": 3.055281223654101, "metric": 96.94471883694847, "value_global_local": {"": {"global_perc": 0.035574549126666896, "local_perc": 0.9739304110165037}, "1": {"global_perc": 0.3333333333333333, "local_perc": 5.255965520866183e-05}, "A D GUDDA": {"global_perc": 1.0, "local_perc": 5.255965520866183e-05}, "ADHARPUR": {"global_perc": 0.25, "local_perc": 5.255965520866183e-05}, "AILEE": {"global_perc": 1.0, "local_perc": 5.255965520866183e-05}, "AILIYARA MALLA": {"global_perc": 1.0, "local_perc": 5.255965520866183e-05}, "AJJAMPURA": {"global_perc": 0.5, "local_perc": 5.255965520866183e-05}, "AKBARNAGAR": {"global_perc": 0.2222222222222222, "local_perc": 0.00010511931041732366}, "AKURA": {"global_perc": 0.3333333333333333, "local_perc": 5.255965520866183e-05}, "ALBAL": {"global_perc": 1.0, "local_perc": 5.255965520866183e-05}, "ALGERI": {"global_perc": 0.3333333333333333, "local_perc": 5.255965520866183e-05}, "ALIPUR BIHTA": {"global_perc": 1.0, "local_perc": 5.255965520866183e-05}, "AMAUNA": {"global_perc": 0.2, "local_perc": 5.255965520866183e-05}, "AMBATIKA": {"global_perc": 0.5, "local_perc": 5.255965520866183e-05}, "ANACHI": {"global_perc": 0.5, "local_perc": 5.255965520866183e-05}, "AREKALHOSAHALLI": {"global_perc": 0.5, "local_perc": 5.255965520866183e-05}, "ARITAR DUNG DUNG": {"global_perc": 1.0, "local_perc": 5.255965520866183e-05}, "ATHAN": {"global_perc": 1.0, "local_perc": 5.255965520866183e-05}, "ATTIBELE": {"global_perc": 0.5, "local_perc": 5.255965520866183e-05}, "AURANGABAD": {"global_perc": 0.058823529411764705, "local_perc": 5.255965520866183e-05}, "AURANGABAD HEERAMANSHA": {"global_perc": 1.0, "local_perc": 5.255965520866183e-05}, "AVADADENAHALLI": {"global_perc": 0.25, "local_perc": 5.255965520866183e-05}, "AZAMPUR": {"global_perc": 0.5, "local_perc": 5.255965520866183e-05}, "Amonggre": {"global_perc": 0.25, "local_perc": 5.255965520866183e-05}, "B.B.NAGAR": {"global_perc": 0.5, "local_perc": 5.255965520866183e-05}, "B.BAGEWADI": {"global_perc": 0.5, "local_perc": 5.255965520866183e-05}, "BABHANI": {"global_perc": 0.005208333333333333, "local_perc": 5.255965520866183e-05}, "BADAL": {"global_perc": 1.0, "local_perc": 5.255965520866183e-05}, "BADHAN": {"global_perc": 0.5, "local_perc": 5.255965520866183e-05}, "BADLA": {"global_perc": 0.2, "local_perc": 5.255965520866183e-05}, "BAG": {"global_perc": 0.1111111111111111, "local_perc": 5.255965520866183e-05}, "BAGELI": {"global_perc": 0.1111111111111111, "local_perc": 5.255965520866183e-05}, "BAGNAGAR": {"global_perc": 1.0, "local_perc": 5.255965520866183e-05}, "BAGORI": {"global_perc": 0.5, "local_perc": 5.255965520866183e-05}, "BAGWARA": {"global_perc": 0.2, "local_perc": 5.255965520866183e-05}, "BAHARAGORA": {"global_perc": 0.125, "local_perc": 5.255965520866183e-05}, "BAHERA": {"global_perc": 0.07692307692307693, "local_perc": 5.255965520866183e-05}, "BAHUARA": {"global_perc": 0.14285714285714285, "local_perc": 5.255965520866183e-05}, "BAIKUNTH PUR": {"global_perc": 0.25, "local_perc": 5.255965520866183e-05}, "BAKHRI": {"global_perc": 0.2, "local_perc": 5.255965520866183e-05}, "BALUA": {"global_perc": 0.07142857142857142, "local_perc": 5.255965520866183e-05}, "BAMHOR PANDEY": {"global_perc": 0.5, "local_perc": 5.255965520866183e-05}, "BANDLA": {"global_perc": 0.3333333333333333, "local_perc": 5.255965520866183e-05}, "BANE DI HATTI": {"global_perc": 0.14285714285714285, "local_perc": 5.255965520866183e-05}, "BANGRA": {"global_perc": 0.6666666666666666, "local_perc": 0.00021023862083464732}, "BANIA CHHAPAR": {"global_perc": 0.4, "local_perc": 0.00010511931041732366}, "BARAHNI": {"global_perc": 1.0, "local_perc": 5.255965520866183e-05}, "BARAILA": {"global_perc": 0.4, "local_perc": 0.00010511931041732366}, "BARAMPUR": {"global_perc": 0.5, "local_perc": 5.255965520866183e-05}, "BARAP": {"global_perc": 0.3333333333333333, "local_perc": 5.255965520866183e-05}, "BARKA NIMDIHRA": {"global_perc": 0.5, "local_perc": 0.00010511931041732366}, "BASANTPUR": {"global_perc": 0.02564102564102564, "local_perc": 5.255965520866183e-05}, "BASEDOUR": {"global_perc": 0.6666666666666666, "local_perc": 0.00010511931041732366}, "BASINI": {"global_perc": 1.0, "local_perc": 5.255965520866183e-05}, "BASUDEWPUR": {"global_perc": 1.0, "local_perc": 5.255965520866183e-05}, "BATINGOO": {"global_perc": 0.5, "local_perc": 5.255965520866183e-05}, "BAUSI": {"global_perc": 0.5, "local_perc": 5.255965520866183e-05}, "BEGUMSARAI": {"global_perc": 1.0, "local_perc": 5.255965520866183e-05}, "BELAGIHALLI": {"global_perc": 1.0, "local_perc": 5.255965520866183e-05}, "BELBARI": {"global_perc": 0.5, "local_perc": 5.255965520866183e-05}, "BELDIHRI": {"global_perc": 0.3333333333333333, "local_perc": 5.255965520866183e-05}, "BELHAN": {"global_perc": 0.3333333333333333, "local_perc": 5.255965520866183e-05}, "BENNIGUNDIHALLI": {"global_perc": 1.0, "local_perc": 5.255965520866183e-05}, "BENTAKAL": {"global_perc": 1.0, "local_perc": 5.255965520866183e-05}, "BHADAURA": {"global_perc": 0.14285714285714285, "local_perc": 5.255965520866183e-05}, "BHAGATPUR": {"global_perc": 0.2, "local_perc": 5.255965520866183e-05}, "BHAISLOT": {"global_perc": 1.0, "local_perc": 5.255965520866183e-05}, "BHAKHRA": {"global_perc": 1.0, "local_perc": 5.255965520866183e-05}, "BHARWAIN": {"global_perc": 0.2, "local_perc": 5.255965520866183e-05}, "BHATAULI": {"global_perc": 0.1111111111111111, "local_perc": 5.255965520866183e-05}, "BHAWARNA": {"global_perc": 0.25, "local_perc": 5.255965520866183e-05}, "BHITTI": {"global_perc": 1.0, "local_perc": 0.00010511931041732366}, "BHULE KHURD": {"global_perc": 1.0, "local_perc": 5.255965520866183e-05}, "BIDARUR": {"global_perc": 0.4, "local_perc": 0.00010511931041732366}, "BIKRAMGANJ": {"global_perc": 0.012345679012345678, "local_perc": 5.255965520866183e-05}, "BISHASHARPUR": {"global_perc": 1.0, "local_perc": 5.255965520866183e-05}, "BISLE": {"global_perc": 1.0, "local_perc": 5.255965520866183e-05}, "BOPPANAHALLI": {"global_perc": 1.0, "local_perc": 5.255965520866183e-05}, "BORA GAON": {"global_perc": 1.0, "local_perc": 0.0001576789656259855}, "BOSWAN": {"global_perc": 1.0, "local_perc": 5.255965520866183e-05}, "BRAHMASAMUDRA": {"global_perc": 0.5, "local_perc": 5.255965520866183e-05}, "BYABA": {"global_perc": 1.0, "local_perc": 5.255965520866183e-05}, "CHACHRET": {"global_perc": 1.0, "local_perc": 5.255965520866183e-05}, "CHAIBASA": {"global_perc": 0.5, "local_perc": 5.255965520866183e-05}, "CHAK BAMUN": {"global_perc": 0.3333333333333333, "local_perc": 5.255965520866183e-05}, "CHAK BHIKHI": {"global_perc": 0.5, "local_perc": 5.255965520866183e-05}, "CHANAR BIGHA": {"global_perc": 0.2, "local_perc": 5.255965520866183e-05}, "CHAND": {"global_perc": 0.4, "local_perc": 0.00010511931041732366}, "CHANDI": {"global_perc": 0.04, "local_perc": 5.255965520866183e-05}, "CHANDIGARH": {"global_perc": 0.3333333333333333, "local_perc": 5.255965520866183e-05}, "CHANDLAPURA": {"global_perc": 1.0, "local_perc": 5.255965520866183e-05}, "CHANDRI": {"global_perc": 0.1111111111111111, "local_perc": 5.255965520866183e-05}, "CHANNARAYAPATNA": {"global_perc": 0.5, "local_perc": 5.255965520866183e-05}, "CHAPAR": {"global_perc": 0.3333333333333333, "local_perc": 5.255965520866183e-05}, "CHATRO": {"global_perc": 0.5, "local_perc": 5.255965520866183e-05}, "CHHANGLA": {"global_perc": 0.2, "local_perc": 5.255965520866183e-05}, "CHIKKASARANGI": {"global_perc": 0.5, "local_perc": 5.255965520866183e-05}, "CHILDAG": {"global_perc": 0.5, "local_perc": 5.255965520866183e-05}, "CHIRLAKOPPA": {"global_perc": 1.0, "local_perc": 5.255965520866183e-05}, "CHITAUNI": {"global_perc": 0.5, "local_perc": 5.255965520866183e-05}, "CHNDRA": {"global_perc": 0.5, "local_perc": 5.255965520866183e-05}, "CHORAIN": {"global_perc": 1.0, "local_perc": 5.255965520866183e-05}, "CHORDEHRA": {"global_perc": 1.0, "local_perc": 5.255965520866183e-05}, "CHOTA SINGTAM": {"global_perc": 1.0, "local_perc": 5.255965520866183e-05}, "CHOURASIA": {"global_perc": 0.5, "local_perc": 5.255965520866183e-05}, "DABBEGHATTA": {"global_perc": 0.2, "local_perc": 5.255965520866183e-05}, "DAIRA": {"global_perc": 1.0, "local_perc": 5.255965520866183e-05}, "DALU": {"global_perc": 0.07692307692307693, "local_perc": 5.255965520866183e-05}, "DARA": {"global_perc": 1.0, "local_perc": 5.255965520866183e-05}, "DARADAHALLY": {"global_perc": 1.0, "local_perc": 5.255965520866183e-05}, "DASOTI": {"global_perc": 1.0, "local_perc": 5.255965520866183e-05}, "DEDUWA": {"global_perc": 1.0, "local_perc": 5.255965520866183e-05}, "DEGO DEHARI": {"global_perc": 1.0, "local_perc": 5.255965520866183e-05}, "DEOKALI": {"global_perc": 0.5, "local_perc": 0.00010511931041732366}, "DHANAURA": {"global_perc": 0.2, "local_perc": 5.255965520866183e-05}, "DHANSERI": {"global_perc": 0.5, "local_perc": 5.255965520866183e-05}, "DIFFERPAT": {"global_perc": 1.0, "local_perc": 5.255965520866183e-05}, "DIWANE": {"global_perc": 1.0, "local_perc": 5.255965520866183e-05}, "DODDAKODLI": {"global_perc": 0.3333333333333333, "local_perc": 5.255965520866183e-05}, "DODDATHANDYA": {"global_perc": 1.0, "local_perc": 5.255965520866183e-05}, "DUIKASAI": {"global_perc": 1.0, "local_perc": 5.255965520866183e-05}, "DWARI": {"global_perc": 0.3333333333333333, "local_perc": 5.255965520866183e-05}, "Dhaliwal Bet": {"global_perc": 0.5, "local_perc": 5.255965520866183e-05}, "FATEHPUR": {"global_perc": 0.015873015873015872, "local_perc": 5.255965520866183e-05}, "FATEHPUR CHADRAI": {"global_perc": 1.0, "local_perc": 5.255965520866183e-05}, "FULANG": {"global_perc": 0.3333333333333333, "local_perc": 5.255965520866183e-05}, "FULBARI": {"global_perc": 1.0, "local_perc": 5.255965520866183e-05}, "G. MALLIGERE": {"global_perc": 0.3333333333333333, "local_perc": 5.255965520866183e-05}, "GACHRA": {"global_perc": 1.0, "local_perc": 5.255965520866183e-05}, "GADIARA": {"global_perc": 0.08333333333333333, "local_perc": 5.255965520866183e-05}, "GAGAL": {"global_perc": 0.2, "local_perc": 5.255965520866183e-05}, "GAJADHARPUR": {"global_perc": 0.125, "local_perc": 5.255965520866183e-05}, "GAJODIH": {"global_perc": 1.0, "local_perc": 5.255965520866183e-05}, "GAMHARIA": {"global_perc": 0.058823529411764705, "local_perc": 5.255965520866183e-05}, "GANGATI": {"global_perc": 1.0, "local_perc": 0.00010511931041732366}, "GANGDIH": {"global_perc": 1.0, "local_perc": 5.255965520866183e-05}, "GANGHARA": {"global_perc": 0.5, "local_perc": 5.255965520866183e-05}, "GANGOH": {"global_perc": 0.125, "local_perc": 5.255965520866183e-05}, "GARHWA": {"global_perc": 0.14285714285714285, "local_perc": 5.255965520866183e-05}, "GAUHARPUR": {"global_perc": 0.3333333333333333, "local_perc": 5.255965520866183e-05}, "GIGENAHALLI": {"global_perc": 0.5, "local_perc": 5.255965520866183e-05}, "GOGLO": {"global_perc": 1.0, "local_perc": 5.255965520866183e-05}, "GOH": {"global_perc": 0.2, "local_perc": 5.255965520866183e-05}, "GOKHLAPUR": {"global_perc": 1.0, "local_perc": 5.255965520866183e-05}, "GOPICHAK": {"global_perc": 1.0, "local_perc": 5.255965520866183e-05}, "GORAIPUR": {"global_perc": 0.5, "local_perc": 0.00010511931041732366}, "GORIARI": {"global_perc": 1.0, "local_perc": 5.255965520866183e-05}, "GUDARI": {"global_perc": 0.16666666666666666, "local_perc": 5.255965520866183e-05}, "GUDDADUR": {"global_perc": 1.0, "local_perc": 5.255965520866183e-05}, "GUDRI": {"global_perc": 0.25, "local_perc": 5.255965520866183e-05}, "GULAULA KHERA": {"global_perc": 1.0, "local_perc": 5.255965520866183e-05}, "GUMANPUR": {"global_perc": 1.0, "local_perc": 5.255965520866183e-05}, "GUMRU": {"global_perc": 0.3333333333333333, "local_perc": 5.255965520866183e-05}, "GURI": {"global_perc": 0.1111111111111111, "local_perc": 5.255965520866183e-05}, "GUTAKBARA": {"global_perc": 1.0, "local_perc": 5.255965520866183e-05}, "GUTHIYADEHALLI": {"global_perc": 0.25, "local_perc": 5.255965520866183e-05}, "GYANPUR": {"global_perc": 0.034482758620689655, "local_perc": 5.255965520866183e-05}, "HADIN": {"global_perc": 1.0, "local_perc": 5.255965520866183e-05}, "HAJIPUR": {"global_perc": 0.05555555555555555, "local_perc": 5.255965520866183e-05}, "HALEKOTE": {"global_perc": 0.5, "local_perc": 5.255965520866183e-05}, "HALLEGERE": {"global_perc": 0.25, "local_perc": 5.255965520866183e-05}, "HALLIDAYGANJ": {"global_perc": 0.2, "local_perc": 5.255965520866183e-05}, "HAMILAPUR": {"global_perc": 1.0, "local_perc": 5.255965520866183e-05}, "HAMMIYALA": {"global_perc": 1.0, "local_perc": 5.255965520866183e-05}, "HANGALA": {"global_perc": 0.5, "local_perc": 5.255965520866183e-05}, "HARDASPUR": {"global_perc": 0.25, "local_perc": 5.255965520866183e-05}, "HARHUA": {"global_perc": 0.3333333333333333, "local_perc": 5.255965520866183e-05}, "HARIHARAPURA": {"global_perc": 1.0, "local_perc": 5.255965520866183e-05}, "HARIRAMPUR": {"global_perc": 0.14285714285714285, "local_perc": 5.255965520866183e-05}, "HARNA": {"global_perc": 0.5, "local_perc": 5.255965520866183e-05}, "HARVADIH": {"global_perc": 1.0, "local_perc": 5.255965520866183e-05}, "HATINA": {"global_perc": 0.3333333333333333, "local_perc": 5.255965520866183e-05}, "HAUCAK": {"global_perc": 0.16666666666666666, "local_perc": 5.255965520866183e-05}, "HAZARA SINGHWALA": {"global_perc": 1.0, "local_perc": 5.255965520866183e-05}, "HICHKAD": {"global_perc": 0.5, "local_perc": 5.255965520866183e-05}, "HONNENAHALLI": {"global_perc": 0.2857142857142857, "local_perc": 0.00010511931041732366}, "HULIYAR": {"global_perc": 0.5, "local_perc": 5.255965520866183e-05}, "HULLUR": {"global_perc": 0.25, "local_perc": 5.255965520866183e-05}, "HUNASANAKODIHALLI": {"global_perc": 1.0, "local_perc": 5.255965520866183e-05}, "IBRAHIMPUR": {"global_perc": 0.1, "local_perc": 5.255965520866183e-05}, "ICHAWA": {"global_perc": 1.0, "local_perc": 5.255965520866183e-05}, "ILKAL": {"global_perc": 0.5, "local_perc": 5.255965520866183e-05}, "INDAR": {"global_perc": 0.6666666666666666, "local_perc": 0.00010511931041732366}, "INGALESHWAR": {"global_perc": 0.5, "local_perc": 5.255965520866183e-05}, "ISHAPUR": {"global_perc": 0.3333333333333333, "local_perc": 5.255965520866183e-05}, "JALALPUR NAURANGA": {"global_perc": 0.5, "local_perc": 5.255965520866183e-05}, "JAMBGI(K.D)": {"global_perc": 1.0, "local_perc": 5.255965520866183e-05}, "JAMUAMWAN": {"global_perc": 1.0, "local_perc": 5.255965520866183e-05}, "JASKOT": {"global_perc": 0.3333333333333333, "local_perc": 5.255965520866183e-05}, "JEGAJEVANI": {"global_perc": 0.5, "local_perc": 5.255965520866183e-05}, "JHANJIDIH": {"global_perc": 1.0, "local_perc": 5.255965520866183e-05}, "JUGUL": {"global_perc": 1.0, "local_perc": 5.255965520866183e-05}, "K.M.NARENDRA": {"global_perc": 0.3333333333333333, "local_perc": 5.255965520866183e-05}, "KADENAHALLI": {"global_perc": 1.0, "local_perc": 5.255965520866183e-05}, "KADUR": {"global_perc": 1.0, "local_perc": 5.255965520866183e-05}, "KAKRALA": {"global_perc": 0.5, "local_perc": 5.255965520866183e-05}, "KALLIMUDDANAHALLI": {"global_perc": 1.0, "local_perc": 5.255965520866183e-05}, "KANA SUAN": {"global_perc": 0.5, "local_perc": 5.255965520866183e-05}, "KANAHALLI": {"global_perc": 0.5, "local_perc": 5.255965520866183e-05}, "KANDHALA SHEIKAN": {"global_perc": 1.0, "local_perc": 5.255965520866183e-05}, "KANNAPUR HATTI": {"global_perc": 1.0, "local_perc": 5.255965520866183e-05}, "KARAKAT": {"global_perc": 0.125, "local_perc": 5.255965520866183e-05}, "KARJA": {"global_perc": 0.5, "local_perc": 5.255965520866183e-05}, "KARLI KALH": {"global_perc": 0.2, "local_perc": 5.255965520866183e-05}, "KARMA": {"global_perc": 0.058823529411764705, "local_perc": 5.255965520866183e-05}, "KARMADAD": {"global_perc": 1.0, "local_perc": 5.255965520866183e-05}, "KARMADU": {"global_perc": 0.5, "local_perc": 5.255965520866183e-05}, "KARMCHATA": {"global_perc": 0.2, "local_perc": 5.255965520866183e-05}, "KAULI": {"global_perc": 0.14285714285714285, "local_perc": 5.255965520866183e-05}, "KAZAURA": {"global_perc": 1.0, "local_perc": 5.255965520866183e-05}, "KERA": {"global_perc": 0.5, "local_perc": 5.255965520866183e-05}, "KESARE": {"global_perc": 1.0, "local_perc": 5.255965520866183e-05}, "KESARI": {"global_perc": 0.25, "local_perc": 5.255965520866183e-05}, "KHAIRA": {"global_perc": 0.058823529411764705, "local_perc": 5.255965520866183e-05}, "KHAJURI": {"global_perc": 0.07142857142857142, "local_perc": 5.255965520866183e-05}, "KHARAICH": {"global_perc": 1.0, "local_perc": 5.255965520866183e-05}, "KHARAJ": {"global_perc": 0.3333333333333333, "local_perc": 5.255965520866183e-05}, "KHARAR": {"global_perc": 0.2222222222222222, "local_perc": 0.00010511931041732366}, "KHARIKURD": {"global_perc": 1.0, "local_perc": 5.255965520866183e-05}, "KHARUHL": {"global_perc": 0.25, "local_perc": 5.255965520866183e-05}, "KHUDAGANJ": {"global_perc": 0.3333333333333333, "local_perc": 5.255965520866183e-05}, "KHUKHRAIN": {"global_perc": 0.3333333333333333, "local_perc": 5.255965520866183e-05}, "KHUTADIH": {"global_perc": 1.0, "local_perc": 5.255965520866183e-05}, "KIRUVASE": {"global_perc": 1.0, "local_perc": 5.255965520866183e-05}, "KISHANPUR": {"global_perc": 0.3333333333333333, "local_perc": 0.0001576789656259855}, "KODAKANI": {"global_perc": 0.3333333333333333, "local_perc": 5.255965520866183e-05}, "KODIHALLI": {"global_perc": 0.09090909090909091, "local_perc": 5.255965520866183e-05}, "KODUR": {"global_perc": 0.3333333333333333, "local_perc": 5.255965520866183e-05}, "KOHLADI": {"global_perc": 1.0, "local_perc": 5.255965520866183e-05}, "KONE": {"global_perc": 1.0, "local_perc": 5.255965520866183e-05}, "KONI": {"global_perc": 0.16666666666666666, "local_perc": 5.255965520866183e-05}, "KORI": {"global_perc": 0.2, "local_perc": 5.255965520866183e-05}, "KORTI": {"global_perc": 1.0, "local_perc": 5.255965520866183e-05}, "KOSDA": {"global_perc": 0.14285714285714285, "local_perc": 5.255965520866183e-05}, "KOT GANGURAI": {"global_perc": 1.0, "local_perc": 5.255965520866183e-05}, "KOTHI": {"global_perc": 0.10810810810810811, "local_perc": 0.00021023862083464732}, "KOTWA": {"global_perc": 0.1111111111111111, "local_perc": 5.255965520866183e-05}, "KOTWAR": {"global_perc": 1.0, "local_perc": 5.255965520866183e-05}, "KULLAR": {"global_perc": 0.6666666666666666, "local_perc": 0.00010511931041732366}, "KUMIZHI": {"global_perc": 1.0, "local_perc": 5.255965520866183e-05}, "KUNDUR": {"global_perc": 0.25, "local_perc": 5.255965520866183e-05}, "KURAVEDIYA": {"global_perc": 1.0, "local_perc": 5.255965520866183e-05}, "KURMADIH": {"global_perc": 1.0, "local_perc": 5.255965520866183e-05}, "KUTTI": {"global_perc": 1.0, "local_perc": 5.255965520866183e-05}, "Khagraun": {"global_perc": 0.3333333333333333, "local_perc": 5.255965520866183e-05}, "LAHR THAKRAN": {"global_perc": 1.0, "local_perc": 0.00010511931041732366}, "LAKHAMIPUR": {"global_perc": 1.0, "local_perc": 5.255965520866183e-05}, "LALGANJ": {"global_perc": 0.04, "local_perc": 5.255965520866183e-05}, "LANJ": {"global_perc": 0.3333333333333333, "local_perc": 5.255965520866183e-05}, "LODHBHARWARI": {"global_perc": 1.0, "local_perc": 5.255965520866183e-05}, "LODHIMANJRA": {"global_perc": 0.5, "local_perc": 5.255965520866183e-05}, "LODIP[UR": {"global_perc": 0.5, "local_perc": 5.255965520866183e-05}, "MACHAGOWDANAHALLI": {"global_perc": 0.3333333333333333, "local_perc": 0.0001576789656259855}, "MACHONG": {"global_perc": 1.0, "local_perc": 5.255965520866183e-05}, "MADHOPUR": {"global_perc": 0.06451612903225806, "local_perc": 0.00010511931041732366}, "MAHDIPUR": {"global_perc": 0.5, "local_perc": 5.255965520866183e-05}, "MAHURI": {"global_perc": 0.25, "local_perc": 5.255965520866183e-05}, "MAINDARKHAL": {"global_perc": 1.0, "local_perc": 5.255965520866183e-05}, "MAJHGAWAN": {"global_perc": 0.16666666666666666, "local_perc": 5.255965520866183e-05}, "MAJHIGAWA": {"global_perc": 0.25, "local_perc": 5.255965520866183e-05}, "MAJHOLA": {"global_perc": 0.5, "local_perc": 5.255965520866183e-05}, "MAJORHI": {"global_perc": 1.0, "local_perc": 5.255965520866183e-05}, "MALANAYAKANAHALLI": {"global_perc": 0.3333333333333333, "local_perc": 5.255965520866183e-05}, "MALHA": {"global_perc": 1.0, "local_perc": 5.255965520866183e-05}, "MALIHAPUR": {"global_perc": 1.0, "local_perc": 5.255965520866183e-05}, "MAMKHIR": {"global_perc": 1.0, "local_perc": 5.255965520866183e-05}, "MANCHALHALPUR": {"global_perc": 1.0, "local_perc": 5.255965520866183e-05}, "MANCHANAHALLI": {"global_perc": 0.25, "local_perc": 5.255965520866183e-05}, "MANDRE PUR": {"global_perc": 1.0, "local_perc": 5.255965520866183e-05}, "MANEI": {"global_perc": 1.0, "local_perc": 5.255965520866183e-05}, "MANGLORE": {"global_perc": 0.2, "local_perc": 5.255965520866183e-05}, "MANINALKUR": {"global_perc": 1.0, "local_perc": 5.255965520866183e-05}, "MANJKOT": {"global_perc": 1.0, "local_perc": 5.255965520866183e-05}, "MARAGODU": {"global_perc": 1.0, "local_perc": 5.255965520866183e-05}, "MARAGUNDA": {"global_perc": 0.5, "local_perc": 5.255965520866183e-05}, "MARARI KALA": {"global_perc": 1.0, "local_perc": 0.00010511931041732366}, "MASHANAPURA": {"global_perc": 0.16666666666666666, "local_perc": 5.255965520866183e-05}, "MASTI PALKOT": {"global_perc": 1.0, "local_perc": 5.255965520866183e-05}, "MATHIA": {"global_perc": 0.25, "local_perc": 5.255965520866183e-05}, "MAYAN GAON": {"global_perc": 1.0, "local_perc": 5.255965520866183e-05}, "MERLE": {"global_perc": 1.0, "local_perc": 5.255965520866183e-05}, "MISRAULI": {"global_perc": 1.0, "local_perc": 5.255965520866183e-05}, "MO. SARAI ALI": {"global_perc": 1.0, "local_perc": 5.255965520866183e-05}, "MOAHAMMDI": {"global_perc": 1.0, "local_perc": 5.255965520866183e-05}, "MOHANPUR": {"global_perc": 0.02666666666666667, "local_perc": 0.00010511931041732366}, "MOKRAM": {"global_perc": 1.0, "local_perc": 5.255965520866183e-05}, "MORWA": {"global_perc": 1.0, "local_perc": 5.255965520866183e-05}, "MUDHOL": {"global_perc": 0.3333333333333333, "local_perc": 5.255965520866183e-05}, "MUGALALLI": {"global_perc": 1.0, "local_perc": 5.255965520866183e-05}, "MUKANAPALYA": {"global_perc": 0.5, "local_perc": 5.255965520866183e-05}, "MUKIMPUR": {"global_perc": 1.0, "local_perc": 5.255965520866183e-05}, "MULEKALENAHALLI": {"global_perc": 0.3333333333333333, "local_perc": 0.0001576789656259855}, "MUNAN": {"global_perc": 1.0, "local_perc": 5.255965520866183e-05}, "MYLIMANE": {"global_perc": 1.0, "local_perc": 5.255965520866183e-05}, "N.A.": {"global_perc": 0.0035991665088084867, "local_perc": 0.0019972668979291496}, "NADICHAINE": {"global_perc": 1.0, "local_perc": 5.255965520866183e-05}, "NAGENAHALLI": {"global_perc": 0.16666666666666666, "local_perc": 5.255965520866183e-05}, "NAINA BAGICHA": {"global_perc": 1.0, "local_perc": 5.255965520866183e-05}, "NALATHWAD": {"global_perc": 0.25, "local_perc": 5.255965520866183e-05}, "NANDI": {"global_perc": 0.25, "local_perc": 5.255965520866183e-05}, "NANDITALE": {"global_perc": 0.3333333333333333, "local_perc": 5.255965520866183e-05}, "NARAYANPUR": {"global_perc": 0.011235955056179775, "local_perc": 5.255965520866183e-05}, "NARIMOGRU": {"global_perc": 1.0, "local_perc": 5.255965520866183e-05}, "NATNAHALLY": {"global_perc": 0.5, "local_perc": 5.255965520866183e-05}, "NAWADA": {"global_perc": 0.03225806451612903, "local_perc": 5.255965520866183e-05}, "NEURA": {"global_perc": 1.0, "local_perc": 5.255965520866183e-05}, "OBRA": {"global_perc": 1.0, "local_perc": 5.255965520866183e-05}, "OR": {"global_perc": 0.3333333333333333, "local_perc": 5.255965520866183e-05}, "PADARIYA": {"global_perc": 0.07692307692307693, "local_perc": 5.255965520866183e-05}, "PANAULI": {"global_perc": 1.0, "local_perc": 5.255965520866183e-05}, "PANDEPURA KALA": {"global_perc": 1.0, "local_perc": 0.00010511931041732366}, "PARASANAHALLI": {"global_perc": 0.5, "local_perc": 5.255965520866183e-05}, "PAREWA T. KISHANI": {"global_perc": 1.0, "local_perc": 5.255965520866183e-05}, "PARSHURAMPUR": {"global_perc": 0.5, "local_perc": 5.255965520866183e-05}, "PATHAULI": {"global_perc": 1.0, "local_perc": 5.255965520866183e-05}, "PATHOLI": {"global_perc": 1.0, "local_perc": 5.255965520866183e-05}, "PATLOT": {"global_perc": 1.0, "local_perc": 5.255965520866183e-05}, "PATTA NAYAJSHOL": {"global_perc": 1.0, "local_perc": 5.255965520866183e-05}, "PATTADKAL": {"global_perc": 1.0, "local_perc": 5.255965520866183e-05}, "PEMMANAHALLI": {"global_perc": 0.5, "local_perc": 5.255965520866183e-05}, "PERAGURI": {"global_perc": 1.0, "local_perc": 5.255965520866183e-05}, "PHULANG": {"global_perc": 1.0, "local_perc": 5.255965520866183e-05}, "PILDI": {"global_perc": 1.0, "local_perc": 5.255965520866183e-05}, "PIPRA": {"global_perc": 0.05263157894736842, "local_perc": 5.255965520866183e-05}, "PISTA": {"global_perc": 0.5, "local_perc": 5.255965520866183e-05}, "POHRI": {"global_perc": 1.0, "local_perc": 5.255965520866183e-05}, "PRANPUR": {"global_perc": 0.09090909090909091, "local_perc": 5.255965520866183e-05}, "PUNAJUR STATE FOREST": {"global_perc": 1.0, "local_perc": 5.255965520866183e-05}, "PURANDHA": {"global_perc": 0.5, "local_perc": 0.00010511931041732366}, "PURAUNI BUZURG": {"global_perc": 1.0, "local_perc": 5.255965520866183e-05}, "PURSHOTUMPUR": {"global_perc": 0.5, "local_perc": 5.255965520866183e-05}, "Push wari": {"global_perc": 1.0, "local_perc": 5.255965520866183e-05}, "RAGHOPUR": {"global_perc": 0.16666666666666666, "local_perc": 5.255965520866183e-05}, "RAGHUPUR": {"global_perc": 0.2, "local_perc": 5.255965520866183e-05}, "RAMDIRI": {"global_perc": 1.0, "local_perc": 5.255965520866183e-05}, "RAMNAGAR": {"global_perc": 0.019230769230769232, "local_perc": 5.255965520866183e-05}, "RAMPUR": {"global_perc": 0.007194244604316547, "local_perc": 5.255965520866183e-05}, "RANIPATTI": {"global_perc": 0.3333333333333333, "local_perc": 5.255965520866183e-05}, "RANIPOKHRI": {"global_perc": 0.5, "local_perc": 0.00010511931041732366}, "RASULA": {"global_perc": 1.0, "local_perc": 5.255965520866183e-05}, "RAWAL KHET": {"global_perc": 1.0, "local_perc": 5.255965520866183e-05}, "REASI": {"global_perc": 0.09090909090909091, "local_perc": 5.255965520866183e-05}, "ROHELA HAJI UTTAR": {"global_perc": 0.5, "local_perc": 5.255965520866183e-05}, "ROORKEE": {"global_perc": 0.3333333333333333, "local_perc": 5.255965520866183e-05}, "RUPAS MAHAJI": {"global_perc": 0.5, "local_perc": 5.255965520866183e-05}, "Rahmatpur": {"global_perc": 0.5, "local_perc": 5.255965520866183e-05}, "S.HOTOVI": {"global_perc": 1.0, "local_perc": 5.255965520866183e-05}, "SADURI": {"global_perc": 0.6666666666666666, "local_perc": 0.00010511931041732366}, "SAHIBGANJ": {"global_perc": 0.05263157894736842, "local_perc": 5.255965520866183e-05}, "SAHMALPUR": {"global_perc": 1.0, "local_perc": 5.255965520866183e-05}, "SAIDAPUR": {"global_perc": 0.1111111111111111, "local_perc": 5.255965520866183e-05}, "SAIFPUR KARAMCHANDPUR": {"global_perc": 1.0, "local_perc": 5.255965520866183e-05}, "SAKHRUA BUJURG": {"global_perc": 1.0, "local_perc": 5.255965520866183e-05}, "SAMASA": {"global_perc": 1.0, "local_perc": 5.255965520866183e-05}, "SAMDAWAR": {"global_perc": 1.0, "local_perc": 5.255965520866183e-05}, "SAMHO AKHA KURHA": {"global_perc": 1.0, "local_perc": 5.255965520866183e-05}, "SANGHANATH": {"global_perc": 1.0, "local_perc": 5.255965520866183e-05}, "SANKESHWAR TOWN": {"global_perc": 1.0, "local_perc": 5.255965520866183e-05}, "SAPERU": {"global_perc": 0.5, "local_perc": 5.255965520866183e-05}, "SARAI": {"global_perc": 0.18181818181818182, "local_perc": 0.00010511931041732366}, "SARAIA": {"global_perc": 0.25, "local_perc": 5.255965520866183e-05}, "SARAIYAMAFI": {"global_perc": 0.5, "local_perc": 5.255965520866183e-05}, "SARUA": {"global_perc": 0.3333333333333333, "local_perc": 5.255965520866183e-05}, "SEEGEHALLI": {"global_perc": 0.09090909090909091, "local_perc": 5.255965520866183e-05}, "SELRAPUR": {"global_perc": 1.0, "local_perc": 5.255965520866183e-05}, "SEMRIYA": {"global_perc": 0.5, "local_perc": 5.255965520866183e-05}, "SETTIKUNTE": {"global_perc": 1.0, "local_perc": 5.255965520866183e-05}, "SHAHJAHANPUR": {"global_perc": 0.3333333333333333, "local_perc": 5.255965520866183e-05}, "SHAMARAYANAPALYA": {"global_perc": 0.5, "local_perc": 5.255965520866183e-05}, "SHEDGARU": {"global_perc": 0.5, "local_perc": 5.255965520866183e-05}, "SHEKHPURA": {"global_perc": 0.1, "local_perc": 5.255965520866183e-05}, "SHIRKULI": {"global_perc": 1.0, "local_perc": 5.255965520866183e-05}, "SHISHGARH": {"global_perc": 1.0, "local_perc": 5.255965520866183e-05}, "SHIVANI": {"global_perc": 0.5, "local_perc": 5.255965520866183e-05}, "SHIVPUR": {"global_perc": 0.13636363636363635, "local_perc": 0.0001576789656259855}, "SHIWRAMPUR": {"global_perc": 1.0, "local_perc": 5.255965520866183e-05}, "SHONAKHUN": {"global_perc": 1.0, "local_perc": 5.255965520866183e-05}, "SHONDHI": {"global_perc": 0.5, "local_perc": 5.255965520866183e-05}, "SHRIKOT": {"global_perc": 0.5, "local_perc": 5.255965520866183e-05}, "SIHMAN": {"global_perc": 1.0, "local_perc": 5.255965520866183e-05}, "SIKRIA": {"global_perc": 0.5, "local_perc": 5.255965520866183e-05}, "SILGHAT": {"global_perc": 0.14285714285714285, "local_perc": 5.255965520866183e-05}, "SIMALI": {"global_perc": 0.25, "local_perc": 5.255965520866183e-05}, "SINAWALKALA": {"global_perc": 1.0, "local_perc": 5.255965520866183e-05}, "SINDRANG": {"global_perc": 1.0, "local_perc": 5.255965520866183e-05}, "SINGHALI": {"global_perc": 1.0, "local_perc": 5.255965520866183e-05}, "SINGO KATRALA": {"global_perc": 1.0, "local_perc": 5.255965520866183e-05}, "SIRAGUPPI": {"global_perc": 0.25, "local_perc": 5.255965520866183e-05}, "SITA PUR": {"global_perc": 1.0, "local_perc": 5.255965520866183e-05}, "SOMANAKATTI": {"global_perc": 1.0, "local_perc": 5.255965520866183e-05}, "SURJANPUR": {"global_perc": 0.2, "local_perc": 5.255965520866183e-05}, "SYAHI DEVI GUNTH": {"global_perc": 1.0, "local_perc": 5.255965520866183e-05}, "SYALDE": {"global_perc": 0.3333333333333333, "local_perc": 5.255965520866183e-05}, "TAMARHI": {"global_perc": 1.0, "local_perc": 5.255965520866183e-05}, "TAMBA": {"global_perc": 0.5, "local_perc": 5.255965520866183e-05}, "TAPPU RAGUNATHPUR": {"global_perc": 0.5, "local_perc": 5.255965520866183e-05}, "TARDIHA": {"global_perc": 0.2, "local_perc": 5.255965520866183e-05}, "TARTO": {"global_perc": 1.0, "local_perc": 5.255965520866183e-05}, "TETARIYA": {"global_perc": 0.07692307692307693, "local_perc": 5.255965520866183e-05}, "TETRI": {"global_perc": 0.5, "local_perc": 5.255965520866183e-05}, "THAGACHAGERE": {"global_perc": 1.0, "local_perc": 5.255965520866183e-05}, "THILL": {"global_perc": 0.14285714285714285, "local_perc": 5.255965520866183e-05}, "TIBBI KALAN": {"global_perc": 0.25, "local_perc": 5.255965520866183e-05}, "TIGHARA": {"global_perc": 0.1111111111111111, "local_perc": 5.255965520866183e-05}, "TILAKPUR": {"global_perc": 0.1111111111111111, "local_perc": 5.255965520866183e-05}, "TOLA SIPAHIYA": {"global_perc": 0.5, "local_perc": 5.255965520866183e-05}, "Tengkigittim": {"global_perc": 0.16666666666666666, "local_perc": 5.255965520866183e-05}, "Tibbi Kalan": {"global_perc": 1.0, "local_perc": 5.255965520866183e-05}, "UDAMANDA": {"global_perc": 1.0, "local_perc": 0.00010511931041732366}, "UGAR KHURD": {"global_perc": 1.0, "local_perc": 5.255965520866183e-05}, "ULLAVALLI": {"global_perc": 1.0, "local_perc": 5.255965520866183e-05}, "ULUGULLI": {"global_perc": 1.0, "local_perc": 5.255965520866183e-05}, "UMAIDPUR": {"global_perc": 1.0, "local_perc": 5.255965520866183e-05}, "UNERA": {"global_perc": 1.0, "local_perc": 5.255965520866183e-05}, "URMAR": {"global_perc": 1.0, "local_perc": 5.255965520866183e-05}, "USODU": {"global_perc": 0.125, "local_perc": 5.255965520866183e-05}, "VILANDAPUR": {"global_perc": 0.25, "local_perc": 5.255965520866183e-05}, "VINAURA": {"global_perc": 1.0, "local_perc": 5.255965520866183e-05}, "WAGDHARI": {"global_perc": 1.0, "local_perc": 5.255965520866183e-05}}, "partition_field": "Near_Vil_Tow_Nam_hav_Prim_School", "Vil_Nam": "Hallikhed (B)", "Stat_Nam": "KARNATAKA"}, {"data": [["Fam_Wel_Cen_Par_Med_Staf_In_Pos_Num", 9.0], ["Fam_Wel_Cen_Par_Med_Staf_Tot_Stren_Num", 8.0], 1.125], "data_low": {"Stat_Nam": "BIHAR", "Vil_Nam": "Hirni", "Fam_Wel_Cen_Par_Med_Staf_Tot_Stren_Num": "5", "Fam_Wel_Cen_Par_Med_Staf_In_Pos_Num": "6", "id": 226911}, "data_high": {"Stat_Nam": "BIHAR", "Vil_Nam": "Kataili", "Fam_Wel_Cen_Par_Med_Staf_Tot_Stren_Num": "8", "Fam_Wel_Cen_Par_Med_Staf_In_Pos_Num": "9", "id": 222689}, "perc": 0.0009635071660845478, "metric": 99.9990363678101, "value_global_local": {}, "partition_field": null, "Vil_Nam": "Kataili", "Stat_Nam": "BIHAR"}, {"data": [["Fam_Wel_Cen_Par_Med_Staf_In_Pos_Num", 10.0], ["Fam_Wel_Cen_Par_Med_Staf_Tot_Stren_Num", 8.0], 1.25], "data_low": {"Stat_Nam": "BIHAR", "Vil_Nam": "Basantpur", "Fam_Wel_Cen_Par_Med_Staf_Tot_Stren_Num": "8", "Fam_Wel_Cen_Par_Med_Staf_In_Pos_Num": "10", "id": 222610}, "data_high": {"Stat_Nam": "BIHAR", "Vil_Nam": "Rauta", "Fam_Wel_Cen_Par_Med_Staf_Tot_Stren_Num": "6", "Fam_Wel_Cen_Par_Med_Staf_In_Pos_Num": "8", "id": 222923}, "perc": 0.0009635071660845478, "metric": 99.99903624278632, "value_global_local": {}, "partition_field": null, "Vil_Nam": "Basantpur", "Stat_Nam": "BIHAR"}, {"data": [["Fam_Wel_Cen_Par_Med_Staf_In_Pos_Num", 7.0], ["Fam_Wel_Cen_Par_Med_Staf_Tot_Stren_Num", 5.0], 1.4], "data_low": {"Stat_Nam": "UTTAR PRADESH", "Vil_Nam": "Manik Pur", "Fam_Wel_Cen_Par_Med_Staf_Tot_Stren_Num": "2", "Fam_Wel_Cen_Par_Med_Staf_In_Pos_Num": "3", "id": 122840}, "data_high": {"Stat_Nam": "BIHAR", "Vil_Nam": "Dhamdaha", "Fam_Wel_Cen_Par_Med_Staf_Tot_Stren_Num": "5", "Fam_Wel_Cen_Par_Med_Staf_In_Pos_Num": "7", "id": 222355}, "perc": 0.0006423381107230318, "metric": 99.99935726181184, "value_global_local": {}, "partition_field": null, "Vil_Nam": "Dhamdaha", "Stat_Nam": "BIHAR"}, {"data": [["Fam_Wel_Cen_Par_Med_Staf_In_Pos_Num", 8.0], ["Fam_Wel_Cen_Par_Med_Staf_Tot_Stren_Num", 5.0], 1.6], "data_low": {"Stat_Nam": "BIHAR", "Vil_Nam": "Siripur Mallahtoli", "Fam_Wel_Cen_Par_Med_Staf_Tot_Stren_Num": "5", "Fam_Wel_Cen_Par_Med_Staf_In_Pos_Num": "8", "id": 223076}, "data_high": {"Stat_Nam": "BIHAR", "Vil_Nam": "Siripur Mallahtoli", "Fam_Wel_Cen_Par_Med_Staf_Tot_Stren_Num": "5", "Fam_Wel_Cen_Par_Med_Staf_In_Pos_Num": "8", "id": 223076}, "perc": 0.00016058452768075794, "metric": 99.99983881535327, "value_global_local": {}, "partition_field": null, "Vil_Nam": "Siripur Mallahtoli", "Stat_Nam": "BIHAR"}, {"data": [["Fam_Wel_Cen_Par_Med_Staf_In_Pos_Num", 2.0], ["Fam_Wel_Cen_Par_Med_Staf_Tot_Stren_Num", 1.0], 2.0], "data_low": {"Stat_Nam": "UTTAR PRADESH", "Vil_Nam": "Nawali", "Fam_Wel_Cen_Par_Med_Staf_Tot_Stren_Num": "1", "Fam_Wel_Cen_Par_Med_Staf_In_Pos_Num": "2", "id": 123135}, "data_high": {"Stat_Nam": "TRIPURA", "Vil_Nam": "Krishnapur (Part)", "Fam_Wel_Cen_Par_Med_Staf_Tot_Stren_Num": "3", "Fam_Wel_Cen_Par_Med_Staf_In_Pos_Num": "6", "id": 270881}, "perc": 0.0009635071660845478, "metric": 99.99903549264351, "value_global_local": {}, "partition_field": null, "Vil_Nam": "Nawali", "Stat_Nam": "UTTAR PRADESH"}, {"data": [["Fam_Wel_Cen_Par_Med_Staf_In_Pos_Num", 3.0], ["Fam_Wel_Cen_Par_Med_Staf_Tot_Stren_Num", 1.0], 3.0], "data_low": {"Stat_Nam": "MADHYA PRADESH", "Vil_Nam": "Khacharod", "Fam_Wel_Cen_Par_Med_Staf_Tot_Stren_Num": "1", "Fam_Wel_Cen_Par_Med_Staf_In_Pos_Num": "3", "id": 480388}, "data_high": {"Stat_Nam": "MADHYA PRADESH", "Vil_Nam": "Khacharod", "Fam_Wel_Cen_Par_Med_Staf_Tot_Stren_Num": "1", "Fam_Wel_Cen_Par_Med_Staf_In_Pos_Num": "3", "id": 480388}, "perc": 0.00016058452768075794, "metric": 99.99983741507548, "value_global_local": {}, "partition_field": null, "Vil_Nam": "Khacharod", "Stat_Nam": "MADHYA PRADESH"}, {"data": [["Fam_Wel_Cen_Par_Med_Staf_In_Pos_Num", 7.0], ["Fam_Wel_Cen_Par_Med_Staf_Tot_Stren_Num", 2.0], 3.5], "data_low": {"Stat_Nam": "TRIPURA", "Vil_Nam": "Purba Nalichhara", "Fam_Wel_Cen_Par_Med_Staf_Tot_Stren_Num": "2", "Fam_Wel_Cen_Par_Med_Staf_In_Pos_Num": "7", "id": 271399}, "data_high": {"Stat_Nam": "TRIPURA", "Vil_Nam": "Purba Nalichhara", "Fam_Wel_Cen_Par_Med_Staf_Tot_Stren_Num": "2", "Fam_Wel_Cen_Par_Med_Staf_In_Pos_Num": "7", "id": 271399}, "perc": 0.00016058452768075794, "metric": 99.99983691497627, "value_global_local": {}, "partition_field": null, "Vil_Nam": "Purba Nalichhara", "Stat_Nam": "TRIPURA"}, {"data": [["Fam_Wel_Cen_Par_Med_Staf_In_Pos_Num", 11.0], ["Fam_Wel_Cen_Par_Med_Staf_Tot_Stren_Num", 1.0], 11.0], "data_low": {"Stat_Nam": "UTTAR PRADESH", "Vil_Nam": "Mohgawan", "Fam_Wel_Cen_Par_Med_Staf_Tot_Stren_Num": "1", "Fam_Wel_Cen_Par_Med_Staf_In_Pos_Num": "11", "id": 143738}, "data_high": {"Stat_Nam": "UTTAR PRADESH", "Vil_Nam": "Mohgawan", "Fam_Wel_Cen_Par_Med_Staf_Tot_Stren_Num": "1", "Fam_Wel_Cen_Par_Med_Staf_In_Pos_Num": "11", "id": 143738}, "perc": 0.00016058452768075794, "metric": 99.99982941348809, "value_global_local": {}, "partition_field": null, "Vil_Nam": "Mohgawan", "Stat_Nam": "UTTAR PRADESH"}, {"data": [["Fam_Wel_Cen_Par_Med_Staf_In_Pos_Num", 14.0], ["Fam_Wel_Cen_Par_Med_Staf_Tot_Stren_Num", 1.0], 14.0], "data_low": {"Stat_Nam": "West Bengal", "Vil_Nam": "Bamandiha", "Fam_Wel_Cen_Par_Med_Staf_Tot_Stren_Num": "1", "Fam_Wel_Cen_Par_Med_Staf_In_Pos_Num": "14", "id": 333606}, "data_high": {"Stat_Nam": "West Bengal", "Vil_Nam": "Bamandiha", "Fam_Wel_Cen_Par_Med_Staf_Tot_Stren_Num": "1", "Fam_Wel_Cen_Par_Med_Staf_In_Pos_Num": "14", "id": 333606}, "perc": 0.00016058452768075794, "metric": 99.99982641289282, "value_global_local": {}, "partition_field": null, "Vil_Nam": "Bamandiha", "Stat_Nam": "West Bengal"}, {"data": [["Fam_Wel_Cen_Par_Med_Staf_In_Pos_Num", 1.0], ["Fam_Wel_Cen_Par_Med_Staf_Tot_Stren_Num", 0.0], 9999], "data_low": {"Stat_Nam": "HIMACHAL PRADESH", "Vil_Nam": "Dharog (45/22)", "Fam_Wel_Cen_Par_Med_Staf_Tot_Stren_Num": "0", "Fam_Wel_Cen_Par_Med_Staf_In_Pos_Num": "1", "id": 17203}, "data_high": {"Stat_Nam": "UTTAR PRADESH", "Vil_Nam": "Nauhjheel Banger", "Fam_Wel_Cen_Par_Med_Staf_Tot_Stren_Num": "0", "Fam_Wel_Cen_Par_Med_Staf_In_Pos_Num": "5", "id": 123147}, "perc": 0.0171825444618411, "metric": 99.9728191738926, "value_global_local": {"Dadra & Nagar Haveli": {"global_perc": 0.015384615384615385, "local_perc": 0.009345794392523364}, "GOA": {"global_perc": 0.06287425149700598, "local_perc": 0.19626168224299065}, "HIMACHAL PRADESH": {"global_perc": 9.666505558240696e-05, "local_perc": 0.018691588785046728}, "TRIPURA": {"global_perc": 0.001142857142857143, "local_perc": 0.009345794392523364}, "UTTAR PRADESH": {"global_perc": 0.0007492460711409144, "local_perc": 0.7476635514018691}, "West Bengal": {"global_perc": 4.972897707494157e-05, "local_perc": 0.018691588785046728}}, "partition_field": "Stat_Nam", "Vil_Nam": "Dharog (45/22)", "Stat_Nam": "HIMACHAL PRADESH"}, {"data": [["Fam_Wel_Cen_Par_Med_Staf_In_Pos_Num", 0], ["Fam_Wel_Cen_Par_Med_Staf_Tot_Stren_Num", 0], 99980001], "data_low": {"Stat_Nam": "JAMMU & KASHMIR", "Vil_Nam": "Bore", "Fam_Wel_Cen_Par_Med_Staf_Tot_Stren_Num": "", "Fam_Wel_Cen_Par_Med_Staf_In_Pos_Num": "", "id": 0}, "data_high": {"Stat_Nam": "JAMMU & KASHMIR", "Vil_Nam": "Palmar", "Fam_Wel_Cen_Par_Med_Staf_Tot_Stren_Num": "Fam_pst", "Fam_Wel_Cen_Par_Med_Staf_In_Pos_Num": "Fam_ppos", "id": 4582}, "perc": 95.4483921474166, "metric": 9.54674846896797e-07, "value_global_local": {"null": {"global_perc": 0.9544839214741659, "local_perc": 1.0}}, "partition_field": "Dist_Other", "Vil_Nam": "Bore", "Stat_Nam": "JAMMU & KASHMIR"}]