[{"data": [["Prim_Heal_Cen_Par_Med_Staf_In_Pos_Num", 0], ["Prim_Heal_Cen_Par_Med_Staf_Tot_Stren_Num", 4.0], 0.0], "data_low": {"Stat_Nam": "JAMMU & KASHMIR", "Vil_Nam": "Arigam", "Prim_Heal_Cen_Par_Med_Staf_Tot_Stren_Num": "4", "Prim_Heal_Cen_Par_Med_Staf_In_Pos_Num": "", "id": 591}, "data_high": {"Stat_Nam": "West Bengal", "Vil_Nam": "Chandgram", "Prim_Heal_Cen_Par_Med_Staf_Tot_Stren_Num": "57", "Prim_Heal_Cen_Par_Med_Staf_In_Pos_Num": "4", "id": 326094}, "perc": 0.10132883696655827, "metric": 99.89867216221998, "value_global_local": {"ANDHRA PRADESH": {"global_perc": 3.597122302158273e-05, "local_perc": 0.001584786053882726}, "Arunachal Pradesh": {"global_perc": 0.0001789228842368939, "local_perc": 0.001584786053882726}, "CHHATTISGARH": {"global_perc": 0.00014906091622776508, "local_perc": 0.004754358161648178}, "GOA": {"global_perc": 0.0029940119760479044, "local_perc": 0.001584786053882726}, "HARYANA": {"global_perc": 0.00029235491887151, "local_perc": 0.003169572107765452}, "HIMACHAL PRADESH": {"global_perc": 0.0016433059449009182, "local_perc": 0.05388272583201268}, "JAMMU & KASHMIR": {"global_perc": 0.0022890279261406988, "local_perc": 0.02377179080824089}, "JHARKHAND": {"global_perc": 0.0016361054516268445, "local_perc": 0.08399366085578447}, "MADHYA PRADESH": {"global_perc": 0.00010928364570242063, "local_perc": 0.009508716323296355}, "MANIPUR": {"global_perc": 0.0007748934521503294, "local_perc": 0.003169572107765452}, "MIZORAM": {"global_perc": 0.00963855421686747, "local_perc": 0.012678288431061807}, "NAGALAND": {"global_perc": 0.0063025210084033615, "local_perc": 0.014263074484944533}, "Punjab": {"global_perc": 0.00047690962562594387, "local_perc": 0.009508716323296355}, "UTTAR PRADESH": {"global_perc": 0.003306048288909285, "local_perc": 0.5594294770206022}, "West Bengal": {"global_perc": 0.0034064349296334976, "local_perc": 0.21711568938193343}}, "partition_field": "Stat_Nam", "Vil_Nam": "Arigam", "Stat_Nam": "JAMMU & KASHMIR"}, {"data": [["Prim_Heal_Cen_Par_Med_Staf_In_Pos_Num", 1.0], ["Prim_Heal_Cen_Par_Med_Staf_Tot_Stren_Num", 9.0], 0.1111111111111111], "data_low": {"Stat_Nam": "HARYANA", "Vil_Nam": "Bayal (258)", "Prim_Heal_Cen_Par_Med_Staf_Tot_Stren_Num": "9", "Prim_Heal_Cen_Par_Med_Staf_In_Pos_Num": "1", "id": 61927}, "data_high": {"Stat_Nam": "West Bengal", "Vil_Nam": "Singbulli Tea Garden", "Prim_Heal_Cen_Par_Med_Staf_Tot_Stren_Num": "45", "Prim_Heal_Cen_Par_Med_Staf_In_Pos_Num": "9", "id": 305133}, "perc": 0.022481833875306115, "metric": 99.97751905499153, "value_global_local": {"ASSAM": {"global_perc": 0.003674938435309718, "local_perc": 0.6928571428571428}, "BIHAR": {"global_perc": 6.685385746757588e-05, "local_perc": 0.02142857142857143}, "CHHATTISGARH": {"global_perc": 0.0007949915532147471, "local_perc": 0.11428571428571428}, "HARYANA": {"global_perc": 0.000438532378307265, "local_perc": 0.02142857142857143}, "HIMACHAL PRADESH": {"global_perc": 4.833252779120348e-05, "local_perc": 0.007142857142857143}, "JAMMU & KASHMIR": {"global_perc": 0.00015260186174271325, "local_perc": 0.007142857142857143}, "KARNATAKA": {"global_perc": 0.00030674846625766873, "local_perc": 0.06428571428571428}, "Maharashtra": {"global_perc": 2.2901637467078896e-05, "local_perc": 0.007142857142857143}, "Punjab": {"global_perc": 7.948493760432397e-05, "local_perc": 0.007142857142857143}, "SIKKIM": {"global_perc": 0.0022172949002217295, "local_perc": 0.007142857142857143}, "UTTAR PRADESH": {"global_perc": 1.8731151778522863e-05, "local_perc": 0.014285714285714285}, "West Bengal": {"global_perc": 0.00012432244268735393, "local_perc": 0.03571428571428571}}, "partition_field": "Stat_Nam", "Vil_Nam": "Bayal (258)", "Stat_Nam": "HARYANA"}, {"data": [["Prim_Heal_Cen_Par_Med_Staf_In_Pos_Num", 3.0], ["Prim_Heal_Cen_Par_Med_Staf_Tot_Stren_Num", 14.0], 0.21428571428571427], "data_low": {"Stat_Nam": "JAMMU & KASHMIR", "Vil_Nam": "Khurhama", "Prim_Heal_Cen_Par_Med_Staf_Tot_Stren_Num": "4", "Prim_Heal_Cen_Par_Med_Staf_In_Pos_Num": "1", "id": 15}, "data_high": {"Stat_Nam": "JAMMU & KASHMIR", "Vil_Nam": "Thial", "Prim_Heal_Cen_Par_Med_Staf_Tot_Stren_Num": "22", "Prim_Heal_Cen_Par_Med_Staf_In_Pos_Num": "5", "id": 5038}, "perc": 0.030350475731663253, "metric": 99.96965030990127, "value_global_local": {"ASSAM": {"global_perc": 0.002576245501041864, "local_perc": 0.35978835978835977}, "BIHAR": {"global_perc": 0.00013370771493515177, "local_perc": 0.031746031746031744}, "CHHATTISGARH": {"global_perc": 0.0008943654973665905, "local_perc": 0.09523809523809523}, "HARYANA": {"global_perc": 0.000438532378307265, "local_perc": 0.015873015873015872}, "HIMACHAL PRADESH": {"global_perc": 4.833252779120348e-05, "local_perc": 0.005291005291005291}, "JAMMU & KASHMIR": {"global_perc": 0.0007630093087135663, "local_perc": 0.026455026455026454}, "JHARKHAND": {"global_perc": 0.0002469593134531086, "local_perc": 0.042328042328042326}, "KARNATAKA": {"global_perc": 0.00040899795501022495, "local_perc": 0.06349206349206349}, "KERALA": {"global_perc": 0.0019646365422396855, "local_perc": 0.010582010582010581}, "MADHYA PRADESH": {"global_perc": 9.106970475201719e-05, "local_perc": 0.026455026455026454}, "Maharashtra": {"global_perc": 4.580327493415779e-05, "local_perc": 0.010582010582010581}, "RAJASTHAN": {"global_perc": 0.0010521131805157594, "local_perc": 0.24867724867724866}, "SIKKIM": {"global_perc": 0.0022172949002217295, "local_perc": 0.005291005291005291}, "UTTAR PRADESH": {"global_perc": 1.8731151778522863e-05, "local_perc": 0.010582010582010581}, "UTTARAKHAND": {"global_perc": 0.0001190972428988269, "local_perc": 0.010582010582010581}, "West Bengal": {"global_perc": 0.0001740514197622955, "local_perc": 0.037037037037037035}}, "partition_field": "Stat_Nam", "Vil_Nam": "Hetamsar", "Stat_Nam": "RAJASTHAN"}, {"data": [["Prim_Heal_Cen_Par_Med_Staf_In_Pos_Num", 7.0], ["Prim_Heal_Cen_Par_Med_Staf_Tot_Stren_Num", 22.0], 0.3181818181818182], "data_low": {"Stat_Nam": "HIMACHAL PRADESH", "Vil_Nam": "Darkati  (45)", "Prim_Heal_Cen_Par_Med_Staf_Tot_Stren_Num": "3", "Prim_Heal_Cen_Par_Med_Staf_In_Pos_Num": "1", "id": 9007}, "data_high": {"Stat_Nam": "TRIPURA", "Vil_Nam": "Uptakhali", "Prim_Heal_Cen_Par_Med_Staf_Tot_Stren_Num": "20", "Prim_Heal_Cen_Par_Med_Staf_In_Pos_Num": "8", "id": 271550}, "perc": 0.06985426954112972, "metric": 99.93014641193709, "value_global_local": {"ANDAMAN & NICOBAR ISLANDS": {"global_perc": 0.0018018018018018018, "local_perc": 0.0022988505747126436}, "ANDHRA PRADESH": {"global_perc": 0.00028776978417266187, "local_perc": 0.01839080459770115}, "ASSAM": {"global_perc": 0.0014396666035233945, "local_perc": 0.08735632183908046}, "BIHAR": {"global_perc": 0.00026741542987030354, "local_perc": 0.027586206896551724}, "CHHATTISGARH": {"global_perc": 0.0009440524694425122, "local_perc": 0.04367816091954023}, "HARYANA": {"global_perc": 0.001607952053793305, "local_perc": 0.02528735632183908}, "HIMACHAL PRADESH": {"global_perc": 0.00038666022232962784, "local_perc": 0.01839080459770115}, "JAMMU & KASHMIR": {"global_perc": 0.0007630093087135663, "local_perc": 0.011494252873563218}, "JHARKHAND": {"global_perc": 0.0005247885410878558, "local_perc": 0.03908045977011494}, "KARNATAKA": {"global_perc": 0.0010224948875255625, "local_perc": 0.06896551724137931}, "KERALA": {"global_perc": 0.0029469548133595285, "local_perc": 0.006896551724137931}, "MADHYA PRADESH": {"global_perc": 9.106970475201719e-05, "local_perc": 0.011494252873563218}, "MANIPUR": {"global_perc": 0.0015497869043006587, "local_perc": 0.009195402298850575}, "Maharashtra": {"global_perc": 0.00016031146226955229, "local_perc": 0.016091954022988506}, "Punjab": {"global_perc": 0.00023845481281297194, "local_perc": 0.006896551724137931}, "RAJASTHAN": {"global_perc": 0.00485762893982808, "local_perc": 0.49885057471264366}, "SIKKIM": {"global_perc": 0.0022172949002217295, "local_perc": 0.0022988505747126436}, "TRIPURA": {"global_perc": 0.002285714285714286, "local_perc": 0.004597701149425287}, "Tamil Nadu": {"global_perc": 0.00018774641717253895, "local_perc": 0.006896551724137931}, "UTTAR PRADESH": {"global_perc": 3.7462303557045726e-05, "local_perc": 0.009195402298850575}, "UTTARAKHAND": {"global_perc": 0.0001190972428988269, "local_perc": 0.004597701149425287}, "West Bengal": {"global_perc": 0.0008702570988114775, "local_perc": 0.08045977011494253}}, "partition_field": "Stat_Nam", "Vil_Nam": "Jhuppa(192)", "Stat_Nam": "HARYANA"}, {"data": [["Prim_Heal_Cen_Par_Med_Staf_In_Pos_Num", 3.0], ["Prim_Heal_Cen_Par_Med_Staf_Tot_Stren_Num", 7.0], 0.42857142857142855], "data_low": {"Stat_Nam": "JAMMU & KASHMIR", "Vil_Nam": "Kalarooch", "Prim_Heal_Cen_Par_Med_Staf_Tot_Stren_Num": "2", "Prim_Heal_Cen_Par_Med_Staf_In_Pos_Num": "1", "id": 50}, "data_high": {"Stat_Nam": "JAMMU & KASHMIR", "Vil_Nam": "Lal Pora", "Prim_Heal_Cen_Par_Med_Staf_Tot_Stren_Num": "20", "Prim_Heal_Cen_Par_Med_Staf_In_Pos_Num": "9", "id": 23}, "perc": 0.4620016861375406, "metric": 99.5379988827648, "value_global_local": {"ANDHRA PRADESH": {"global_perc": 0.000683453237410072, "local_perc": 0.006604101494612443}, "ASSAM": {"global_perc": 0.0028414472437961733, "local_perc": 0.026068821689259645}, "Arunachal Pradesh": {"global_perc": 0.0014313830738951511, "local_perc": 0.002780674313521029}, "BIHAR": {"global_perc": 0.002384454249676873, "local_perc": 0.037191518943343764}, "CHHATTISGARH": {"global_perc": 0.003726522905694127, "local_perc": 0.026068821689259645}, "HARYANA": {"global_perc": 0.002485016810407835, "local_perc": 0.005908932916232186}, "HIMACHAL PRADESH": {"global_perc": 0.00222329627839536, "local_perc": 0.015988877302745917}, "JAMMU & KASHMIR": {"global_perc": 0.0038150465435678317, "local_perc": 0.008689607229753215}, "JHARKHAND": {"global_perc": 0.003364820645798605, "local_perc": 0.03788668752172402}, "KARNATAKA": {"global_perc": 0.0019086571233810498, "local_perc": 0.019464720194647202}, "KERALA": {"global_perc": 0.01768172888015717, "local_perc": 0.006256517205422315}, "MADHYA PRADESH": {"global_perc": 0.000455348523760086, "local_perc": 0.008689607229753215}, "MANIPUR": {"global_perc": 0.002324680356450988, "local_perc": 0.0020855057351407717}, "MIZORAM": {"global_perc": 0.0024096385542168677, "local_perc": 0.0006951685783802572}, "Maharashtra": {"global_perc": 0.00018321309973663117, "local_perc": 0.002780674313521029}, "Meghalaya": {"global_perc": 0.012282497441146366, "local_perc": 0.029197080291970802}, "NAGALAND": {"global_perc": 0.0021008403361344537, "local_perc": 0.0010427528675703858}, "Punjab": {"global_perc": 0.0013512439392735077, "local_perc": 0.005908932916232186}, "RAJASTHAN": {"global_perc": 0.04336049426934097, "local_perc": 0.6732707681612791}, "TRIPURA": {"global_perc": 0.011428571428571429, "local_perc": 0.003475842891901286}, "Tamil Nadu": {"global_perc": 0.0018774641717253897, "local_perc": 0.010427528675703858}, "UTTAR PRADESH": {"global_perc": 0.0011987937138254632, "local_perc": 0.04449078901633646}, "UTTARAKHAND": {"global_perc": 0.002381944857976538, "local_perc": 0.013903371567605145}, "West Bengal": {"global_perc": 0.0007956636331990651, "local_perc": 0.011122697254084116}}, "partition_field": "Stat_Nam", "Vil_Nam": "Chak Rangi", "Stat_Nam": "JAMMU & KASHMIR"}, {"data": [["Prim_Heal_Cen_Par_Med_Staf_In_Pos_Num", 9.0], ["Prim_Heal_Cen_Par_Med_Staf_Tot_Stren_Num", 17.0], 0.5294117647058824], "data_low": {"Stat_Nam": "HIMACHAL PRADESH", "Vil_Nam": "Mahadev (10)", "Prim_Heal_Cen_Par_Med_Staf_Tot_Stren_Num": "17", "Prim_Heal_Cen_Par_Med_Staf_In_Pos_Num": "10", "id": 14201}, "data_high": {"Stat_Nam": "NAGALAND", "Vil_Nam": "Azailong", "Prim_Heal_Cen_Par_Med_Staf_Tot_Stren_Num": "17", "Prim_Heal_Cen_Par_Med_Staf_In_Pos_Num": "9", "id": 267339}, "perc": 0.075635312537637, "metric": 99.92436515778871, "value_global_local": {"ANDHRA PRADESH": {"global_perc": 0.0006115107913669065, "local_perc": 0.036093418259023353}, "ASSAM": {"global_perc": 0.0012123508240197006, "local_perc": 0.06794055201698514}, "Arunachal Pradesh": {"global_perc": 0.0003578457684737878, "local_perc": 0.004246284501061571}, "BIHAR": {"global_perc": 0.0004902616214288898, "local_perc": 0.04670912951167728}, "CHHATTISGARH": {"global_perc": 0.0009440524694425122, "local_perc": 0.040339702760084924}, "HARYANA": {"global_perc": 0.00467767870194416, "local_perc": 0.06794055201698514}, "HIMACHAL PRADESH": {"global_perc": 0.001304978250362494, "local_perc": 0.05732484076433121}, "JAMMU & KASHMIR": {"global_perc": 0.0021364260643979855, "local_perc": 0.029723991507430998}, "JHARKHAND": {"global_perc": 0.0012965363956288201, "local_perc": 0.08917197452229299}, "KARNATAKA": {"global_perc": 0.0014996591683708249, "local_perc": 0.09341825902335456}, "KERALA": {"global_perc": 0.0068762278978389, "local_perc": 0.014861995753715499}, "MADHYA PRADESH": {"global_perc": 0.00021856729140484125, "local_perc": 0.025477707006369428}, "MANIPUR": {"global_perc": 0.0015497869043006587, "local_perc": 0.008492569002123142}, "MIZORAM": {"global_perc": 0.0024096385542168677, "local_perc": 0.004246284501061571}, "Maharashtra": {"global_perc": 0.0010076720485514715, "local_perc": 0.09341825902335456}, "NAGALAND": {"global_perc": 0.0028011204481792717, "local_perc": 0.008492569002123142}, "ODISHA": {"global_perc": 0.0009744119423927659, "local_perc": 0.10615711252653928}, "PUDUCHERRY": {"global_perc": 0.022222222222222223, "local_perc": 0.004246284501061571}, "Punjab": {"global_perc": 0.00015896987520864795, "local_perc": 0.004246284501061571}, "RAJASTHAN": {"global_perc": 0.00024623925501432664, "local_perc": 0.02335456475583864}, "SIKKIM": {"global_perc": 0.0066518847006651885, "local_perc": 0.006369426751592357}, "TRIPURA": {"global_perc": 0.002285714285714286, "local_perc": 0.004246284501061571}, "Tamil Nadu": {"global_perc": 0.0013768070592652857, "local_perc": 0.04670912951167728}, "UTTAR PRADESH": {"global_perc": 0.0001779459418959672, "local_perc": 0.040339702760084924}, "UTTARAKHAND": {"global_perc": 0.0014887155362353361, "local_perc": 0.05307855626326964}, "West Bengal": {"global_perc": 0.00027350937391217863, "local_perc": 0.02335456475583864}}, "partition_field": "Stat_Nam", "Vil_Nam": "Azailong", "Stat_Nam": "NAGALAND"}, {"data": [["Prim_Heal_Cen_Par_Med_Staf_In_Pos_Num", 7.0], ["Prim_Heal_Cen_Par_Med_Staf_Tot_Stren_Num", 11.0], 0.6363636363636364], "data_low": {"Stat_Nam": "UTTARAKHAND", "Vil_Nam": "Kausani State", "Prim_Heal_Cen_Par_Med_Staf_Tot_Stren_Num": "15", "Prim_Heal_Cen_Par_Med_Staf_In_Pos_Num": "10", "id": 51154}, "data_high": {"Stat_Nam": "RAJASTHAN", "Vil_Nam": "Srinagar", "Prim_Heal_Cen_Par_Med_Staf_Tot_Stren_Num": "14", "Prim_Heal_Cen_Par_Med_Staf_In_Pos_Num": "9", "id": 91507}, "perc": 0.1700590148139227, "metric": 99.82994134827668, "value_global_local": {"": {"global_perc": 0.001965911403438041, "local_perc": 0.9669499527856469}, "ANDARGAON": {"global_perc": 1.0, "local_perc": 0.0009442870632672333}, "BADOWALA": {"global_perc": 1.0, "local_perc": 0.0009442870632672333}, "BASEDOUR": {"global_perc": 0.3333333333333333, "local_perc": 0.0009442870632672333}, "BHUMAL GADI": {"global_perc": 1.0, "local_perc": 0.0009442870632672333}, "CHAUBATTA KHAL": {"global_perc": 1.0, "local_perc": 0.0009442870632672333}, "DABARI": {"global_perc": 1.0, "local_perc": 0.0009442870632672333}, "DAIRA": {"global_perc": 1.0, "local_perc": 0.0009442870632672333}, "DEWAL": {"global_perc": 0.3333333333333333, "local_perc": 0.0009442870632672333}, "DHUNA": {"global_perc": 0.3333333333333333, "local_perc": 0.0009442870632672333}, "GOVINDAMPALAYAM": {"global_perc": 0.5, "local_perc": 0.0009442870632672333}, "GUMMIDIPOONDI": {"global_perc": 0.5, "local_perc": 0.0009442870632672333}, "JAGATPUR": {"global_perc": 0.047619047619047616, "local_perc": 0.0009442870632672333}, "JISPA": {"global_perc": 0.5, "local_perc": 0.0009442870632672333}, "KAFALI": {"global_perc": 1.0, "local_perc": 0.0009442870632672333}, "KANKRADNAG": {"global_perc": 1.0, "local_perc": 0.0009442870632672333}, "KERA MALLA": {"global_perc": 1.0, "local_perc": 0.0009442870632672333}, "KHUSBARI": {"global_perc": 1.0, "local_perc": 0.0009442870632672333}, "KOTTARAM": {"global_perc": 1.0, "local_perc": 0.0009442870632672333}, "MALAG": {"global_perc": 0.25, "local_perc": 0.0009442870632672333}, "N.A.": {"global_perc": 0.0005682894487592347, "local_perc": 0.0056657223796034}, "NAND TALLA": {"global_perc": 1.0, "local_perc": 0.0009442870632672333}, "NAUGAON": {"global_perc": 0.125, "local_perc": 0.0009442870632672333}, "PALLEL": {"global_perc": 0.04, "local_perc": 0.0009442870632672333}, "PALLIKKADU": {"global_perc": 1.0, "local_perc": 0.0009442870632672333}, "REASI": {"global_perc": 0.09090909090909091, "local_perc": 0.0009442870632672333}, "Rahmatpur": {"global_perc": 0.5, "local_perc": 0.0009442870632672333}, "SARAIA": {"global_perc": 0.25, "local_perc": 0.0009442870632672333}, "SIMLO": {"global_perc": 1.0, "local_perc": 0.0009442870632672333}, "SIRUVADI": {"global_perc": 1.0, "local_perc": 0.0009442870632672333}, "ZAHRIKHAL": {"global_perc": 0.3333333333333333, "local_perc": 0.0009442870632672333}}, "partition_field": "Near_Vil_Tow_Nam_hav_Prim_School", "Vil_Nam": "Mahore", "Stat_Nam": "JAMMU & KASHMIR"}, {"data": [["Prim_Heal_Cen_Par_Med_Staf_In_Pos_Num", 14.0], ["Prim_Heal_Cen_Par_Med_Staf_Tot_Stren_Num", 19.0], 0.7368421052631579], "data_low": {"Stat_Nam": "JAMMU & KASHMIR", "Vil_Nam": "Dinga Amb", "Prim_Heal_Cen_Par_Med_Staf_Tot_Stren_Num": "13", "Prim_Heal_Cen_Par_Med_Staf_In_Pos_Num": "10", "id": 1948}, "data_high": {"Stat_Nam": "HARYANA", "Vil_Nam": "Barota (51)", "Prim_Heal_Cen_Par_Med_Staf_Tot_Stren_Num": "12", "Prim_Heal_Cen_Par_Med_Staf_In_Pos_Num": "9", "id": 58937}, "perc": 0.3826729294632462, "metric": 99.61732733274005, "value_global_local": {"": {"global_perc": 0.004467456870898751, "local_perc": 0.9765002098195552}, "ANDIPATTI": {"global_perc": 0.25, "local_perc": 0.000419639110365086}, "AREKALHOSAHALLI": {"global_perc": 0.5, "local_perc": 0.000419639110365086}, "Amonggre": {"global_perc": 0.25, "local_perc": 0.000419639110365086}, "BANGANA": {"global_perc": 0.0625, "local_perc": 0.000419639110365086}, "BHANPURKHA": {"global_perc": 1.0, "local_perc": 0.000419639110365086}, "BHATKOT": {"global_perc": 0.16666666666666666, "local_perc": 0.000419639110365086}, "BHEEMAWALA": {"global_perc": 1.0, "local_perc": 0.000419639110365086}, "BHIRAWA": {"global_perc": 1.0, "local_perc": 0.000419639110365086}, "BIPULINGI": {"global_perc": 0.5, "local_perc": 0.000419639110365086}, "CHARU": {"global_perc": 0.03571428571428571, "local_perc": 0.000419639110365086}, "DADADAHALLI": {"global_perc": 1.0, "local_perc": 0.000419639110365086}, "GAON": {"global_perc": 0.06666666666666667, "local_perc": 0.000419639110365086}, "HAFIZPUR": {"global_perc": 0.25, "local_perc": 0.000419639110365086}, "IDAR": {"global_perc": 0.5, "local_perc": 0.000419639110365086}, "JALIKHAN": {"global_perc": 0.3333333333333333, "local_perc": 0.000419639110365086}, "JAMINBIL KUNDA": {"global_perc": 1.0, "local_perc": 0.000419639110365086}, "KADIPUR": {"global_perc": 0.125, "local_perc": 0.000419639110365086}, "KANHAULI KHAS": {"global_perc": 1.0, "local_perc": 0.000419639110365086}, "KHIRAIRIKHAL": {"global_perc": 0.2, "local_perc": 0.000419639110365086}, "KHOKHKHAR": {"global_perc": 0.25, "local_perc": 0.000419639110365086}, "KULLATHILVAI": {"global_perc": 0.3333333333333333, "local_perc": 0.000419639110365086}, "MACHAGOWDANAHALLI": {"global_perc": 0.1111111111111111, "local_perc": 0.000419639110365086}, "MAJHWALIYA": {"global_perc": 1.0, "local_perc": 0.000419639110365086}, "MARHEEN": {"global_perc": 0.3333333333333333, "local_perc": 0.000419639110365086}, "MARIPAR": {"global_perc": 1.0, "local_perc": 0.000419639110365086}, "MELPAKKAM": {"global_perc": 0.5, "local_perc": 0.000419639110365086}, "MELTHA": {"global_perc": 0.5, "local_perc": 0.000419639110365086}, "MOTHAROWALA": {"global_perc": 1.0, "local_perc": 0.000419639110365086}, "MULEKALENAHALLI": {"global_perc": 0.1111111111111111, "local_perc": 0.000419639110365086}, "N.A.": {"global_perc": 0.0009471490812653912, "local_perc": 0.00419639110365086}, "NAGENAHALLI": {"global_perc": 0.16666666666666666, "local_perc": 0.000419639110365086}, "NUAGAN": {"global_perc": 0.14285714285714285, "local_perc": 0.000419639110365086}, "OLAMPUR CHHAPARA": {"global_perc": 1.0, "local_perc": 0.000419639110365086}, "PAHARPUR": {"global_perc": 0.04, "local_perc": 0.000419639110365086}, "PANG": {"global_perc": 0.3333333333333333, "local_perc": 0.000419639110365086}, "PATHOLI": {"global_perc": 1.0, "local_perc": 0.000419639110365086}, "PULSIYA": {"global_perc": 1.0, "local_perc": 0.000419639110365086}, "RAM LACHHAN": {"global_perc": 1.0, "local_perc": 0.000419639110365086}, "RIHALKAR": {"global_perc": 0.3333333333333333, "local_perc": 0.000419639110365086}, "SINGRIJAN": {"global_perc": 1.0, "local_perc": 0.000419639110365086}, "SOVERGHAT": {"global_perc": 1.0, "local_perc": 0.000419639110365086}, "TAGUV": {"global_perc": 0.3333333333333333, "local_perc": 0.000419639110365086}, "THALAGHATTAPURA": {"global_perc": 0.2, "local_perc": 0.000419639110365086}, "Tengkigittim": {"global_perc": 0.16666666666666666, "local_perc": 0.000419639110365086}, "UDAYA RAMPUR": {"global_perc": 1.0, "local_perc": 0.000419639110365086}, "VADAKATTUPATTI": {"global_perc": 1.0, "local_perc": 0.000419639110365086}, "VELLALAPATTI": {"global_perc": 0.5, "local_perc": 0.000419639110365086}}, "partition_field": "Near_Vil_Tow_Nam_hav_Prim_School", "Vil_Nam": "Bogdang", "Stat_Nam": "JAMMU & KASHMIR"}, {"data": [["Prim_Heal_Cen_Par_Med_Staf_In_Pos_Num", 21.0], ["Prim_Heal_Cen_Par_Med_Staf_Tot_Stren_Num", 25.0], 0.84], "data_low": {"Stat_Nam": "HARYANA", "Vil_Nam": "Nidana (66)", "Prim_Heal_Cen_Par_Med_Staf_Tot_Stren_Num": "11", "Prim_Heal_Cen_Par_Med_Staf_In_Pos_Num": "10", "id": 59778}, "data_high": {"Stat_Nam": "HIMACHAL PRADESH", "Vil_Nam": "Kataula (401)", "Prim_Heal_Cen_Par_Med_Staf_Tot_Stren_Num": "10", "Prim_Heal_Cen_Par_Med_Staf_In_Pos_Num": "9", "id": 14299}, "perc": 0.12557710064635275, "metric": 99.87442305918469, "value_global_local": {"ANDAMAN & NICOBAR ISLANDS": {"global_perc": 0.0018018018018018018, "local_perc": 0.0012787723785166241}, "ANDHRA PRADESH": {"global_perc": 0.0031654676258992807, "local_perc": 0.11253196930946291}, "ASSAM": {"global_perc": 0.0004925175222580034, "local_perc": 0.016624040920716114}, "BIHAR": {"global_perc": 6.685385746757588e-05, "local_perc": 0.0038363171355498722}, "CHHATTISGARH": {"global_perc": 0.00039749577660737356, "local_perc": 0.010230179028132993}, "HARYANA": {"global_perc": 0.007747405350095015, "local_perc": 0.06777493606138107}, "HIMACHAL PRADESH": {"global_perc": 0.00019333011116481392, "local_perc": 0.005115089514066497}, "JAMMU & KASHMIR": {"global_perc": 0.0018312223409125592, "local_perc": 0.015345268542199489}, "JHARKHAND": {"global_perc": 9.260974254491573e-05, "local_perc": 0.0038363171355498722}, "KARNATAKA": {"global_perc": 0.005964553510565781, "local_perc": 0.2237851662404092}, "KERALA": {"global_perc": 0.05893909626719057, "local_perc": 0.07672634271099744}, "LAKSHADWEEP": {"global_perc": 0.047619047619047616, "local_perc": 0.0012787723785166241}, "MADHYA PRADESH": {"global_perc": 0.00012749758665282407, "local_perc": 0.008951406649616368}, "MANIPUR": {"global_perc": 0.0007748934521503294, "local_perc": 0.0025575447570332483}, "Maharashtra": {"global_perc": 0.0020611473720371005, "local_perc": 0.11508951406649616}, "NAGALAND": {"global_perc": 0.0021008403361344537, "local_perc": 0.0038363171355498722}, "ODISHA": {"global_perc": 1.948823884785532e-05, "local_perc": 0.0012787723785166241}, "PUDUCHERRY": {"global_perc": 0.03333333333333333, "local_perc": 0.0038363171355498722}, "Punjab": {"global_perc": 0.00023845481281297194, "local_perc": 0.0038363171355498722}, "RAJASTHAN": {"global_perc": 0.0014102793696275072, "local_perc": 0.08056265984654731}, "TRIPURA": {"global_perc": 0.002285714285714286, "local_perc": 0.0025575447570332483}, "Tamil Nadu": {"global_perc": 0.010200888666374617, "local_perc": 0.20843989769820973}, "UTTAR PRADESH": {"global_perc": 0.00010302133478187574, "local_perc": 0.014066496163682864}, "UTTARAKHAND": {"global_perc": 0.0003572917286964807, "local_perc": 0.0076726342710997444}, "West Bengal": {"global_perc": 0.0001740514197622955, "local_perc": 0.008951406649616368}}, "partition_field": "Stat_Nam", "Vil_Nam": "Lapuria", "Stat_Nam": "West Bengal"}, {"data": [["Prim_Heal_Cen_Par_Med_Staf_In_Pos_Num", 16.0], ["Prim_Heal_Cen_Par_Med_Staf_Tot_Stren_Num", 17.0], 0.9411764705882353], "data_low": {"Stat_Nam": "JAMMU & KASHMIR", "Vil_Nam": "Dedi Koot", "Prim_Heal_Cen_Par_Med_Staf_Tot_Stren_Num": "1", "Prim_Heal_Cen_Par_Med_Staf_In_Pos_Num": "1", "id": 102}, "data_high": {"Stat_Nam": "JAMMU & KASHMIR", "Vil_Nam": "Hayihama", "Prim_Heal_Cen_Par_Med_Staf_Tot_Stren_Num": "9", "Prim_Heal_Cen_Par_Med_Staf_In_Pos_Num": "9", "id": 54}, "perc": 1.9276566702798186, "metric": 98.07234338742133, "value_global_local": {"": {"global_perc": 0.022519668713211156, "local_perc": 0.9771742752415862}, "ADHARPUR": {"global_perc": 0.25, "local_perc": 8.330556481172943e-05}, "AHMEDGARH": {"global_perc": 1.0, "local_perc": 8.330556481172943e-05}, "AHMEDPUR": {"global_perc": 0.3333333333333333, "local_perc": 8.330556481172943e-05}, "AMEPUR": {"global_perc": 0.3333333333333333, "local_perc": 8.330556481172943e-05}, "ASUTO HQ.": {"global_perc": 1.0, "local_perc": 8.330556481172943e-05}, "ATTARI": {"global_perc": 0.2, "local_perc": 8.330556481172943e-05}, "BACHAHALLI": {"global_perc": 1.0, "local_perc": 8.330556481172943e-05}, "BADRUDDINPUR": {"global_perc": 1.0, "local_perc": 8.330556481172943e-05}, "BALH BEHAL": {"global_perc": 0.125, "local_perc": 8.330556481172943e-05}, "BALIA": {"global_perc": 0.16666666666666666, "local_perc": 0.00016661112962345885}, "BALLAGAN": {"global_perc": 1.0, "local_perc": 8.330556481172943e-05}, "BANGA": {"global_perc": 0.5, "local_perc": 8.330556481172943e-05}, "BARAILA": {"global_perc": 0.4, "local_perc": 0.00016661112962345885}, "BARAP": {"global_perc": 0.3333333333333333, "local_perc": 8.330556481172943e-05}, "BASAVANAHALLI": {"global_perc": 0.2, "local_perc": 8.330556481172943e-05}, "BASINI": {"global_perc": 1.0, "local_perc": 8.330556481172943e-05}, "BASUDEWPUR": {"global_perc": 1.0, "local_perc": 8.330556481172943e-05}, "BEGUMSARAI": {"global_perc": 1.0, "local_perc": 8.330556481172943e-05}, "BELDIHRI": {"global_perc": 0.3333333333333333, "local_perc": 8.330556481172943e-05}, "BELHAN": {"global_perc": 0.3333333333333333, "local_perc": 8.330556481172943e-05}, "BHADAURA": {"global_perc": 0.14285714285714285, "local_perc": 8.330556481172943e-05}, "BHARERI": {"global_perc": 0.09090909090909091, "local_perc": 8.330556481172943e-05}, "BHATPURA": {"global_perc": 0.125, "local_perc": 8.330556481172943e-05}, "BHAWARNA": {"global_perc": 0.25, "local_perc": 8.330556481172943e-05}, "BHILOWAL": {"global_perc": 0.5, "local_perc": 8.330556481172943e-05}, "BHUTAHAVA": {"global_perc": 1.0, "local_perc": 8.330556481172943e-05}, "BILISIRI": {"global_perc": 0.5, "local_perc": 8.330556481172943e-05}, "BISHASHARPUR": {"global_perc": 1.0, "local_perc": 8.330556481172943e-05}, "BISNAH": {"global_perc": 0.4, "local_perc": 0.00016661112962345885}, "BOLLA": {"global_perc": 1.0, "local_perc": 0.00016661112962345885}, "BUDGADDA": {"global_perc": 0.5, "local_perc": 0.00016661112962345885}, "Banwalipur": {"global_perc": 1.0, "local_perc": 8.330556481172943e-05}, "CHAK BAMUN": {"global_perc": 0.3333333333333333, "local_perc": 8.330556481172943e-05}, "CHAKRI": {"global_perc": 0.5, "local_perc": 8.330556481172943e-05}, "CHAMA": {"global_perc": 1.0, "local_perc": 8.330556481172943e-05}, "CHAMPAPUR": {"global_perc": 0.3333333333333333, "local_perc": 8.330556481172943e-05}, "CHANDWE": {"global_perc": 1.0, "local_perc": 8.330556481172943e-05}, "CHHANGLA": {"global_perc": 0.2, "local_perc": 8.330556481172943e-05}, "CHHANI": {"global_perc": 0.14285714285714285, "local_perc": 8.330556481172943e-05}, "CHHITKUL": {"global_perc": 1.0, "local_perc": 0.00016661112962345885}, "CHILOI": {"global_perc": 0.3333333333333333, "local_perc": 8.330556481172943e-05}, "CHITBARGAON": {"global_perc": 0.5, "local_perc": 8.330556481172943e-05}, "CHOPTA": {"global_perc": 0.5, "local_perc": 8.330556481172943e-05}, "CHORAIN": {"global_perc": 1.0, "local_perc": 8.330556481172943e-05}, "CHOURM": {"global_perc": 0.5, "local_perc": 8.330556481172943e-05}, "CHOWKI": {"global_perc": 0.125, "local_perc": 8.330556481172943e-05}, "CHUKHARA BANDHUDIH": {"global_perc": 1.0, "local_perc": 8.330556481172943e-05}, "DADHOG": {"global_perc": 0.125, "local_perc": 8.330556481172943e-05}, "DEGO DEHARI": {"global_perc": 1.0, "local_perc": 8.330556481172943e-05}, "DEOTH": {"global_perc": 0.3333333333333333, "local_perc": 8.330556481172943e-05}, "DEVPUR SANWAL": {"global_perc": 0.08333333333333333, "local_perc": 8.330556481172943e-05}, "DHORHA": {"global_perc": 0.5, "local_perc": 8.330556481172943e-05}, "DRASS": {"global_perc": 1.0, "local_perc": 8.330556481172943e-05}, "Dhanaka": {"global_perc": 1.0, "local_perc": 8.330556481172943e-05}, "ERKI": {"global_perc": 1.0, "local_perc": 8.330556481172943e-05}, "FATEHPUR": {"global_perc": 0.015873015873015872, "local_perc": 8.330556481172943e-05}, "FATTA BANGAR": {"global_perc": 1.0, "local_perc": 8.330556481172943e-05}, "FATTUWALA": {"global_perc": 1.0, "local_perc": 8.330556481172943e-05}, "FULANG": {"global_perc": 0.6666666666666666, "local_perc": 0.00016661112962345885}, "FURRA": {"global_perc": 0.3333333333333333, "local_perc": 8.330556481172943e-05}, "GADUTHURU": {"global_perc": 0.1, "local_perc": 8.330556481172943e-05}, "GAJADHARPUR": {"global_perc": 0.125, "local_perc": 8.330556481172943e-05}, "GANGATI": {"global_perc": 1.0, "local_perc": 0.00016661112962345885}, "GANGHARA": {"global_perc": 0.5, "local_perc": 8.330556481172943e-05}, "GARHWA": {"global_perc": 0.14285714285714285, "local_perc": 8.330556481172943e-05}, "GAUHARPUR": {"global_perc": 0.3333333333333333, "local_perc": 8.330556481172943e-05}, "GHANAUR": {"global_perc": 0.3333333333333333, "local_perc": 8.330556481172943e-05}, "GHAROTA KALAN": {"global_perc": 1.0, "local_perc": 8.330556481172943e-05}, "GUJARAN PURVA": {"global_perc": 1.0, "local_perc": 8.330556481172943e-05}, "GULAULA KHERA": {"global_perc": 1.0, "local_perc": 8.330556481172943e-05}, "GURI": {"global_perc": 0.1111111111111111, "local_perc": 8.330556481172943e-05}, "GUTAKBARA": {"global_perc": 1.0, "local_perc": 8.330556481172943e-05}, "GYANPUR": {"global_perc": 0.034482758620689655, "local_perc": 8.330556481172943e-05}, "HAIBAT PINDI": {"global_perc": 0.1, "local_perc": 8.330556481172943e-05}, "HARNA": {"global_perc": 0.5, "local_perc": 8.330556481172943e-05}, "HAUCAK": {"global_perc": 0.16666666666666666, "local_perc": 8.330556481172943e-05}, "HIJALJURI": {"global_perc": 1.0, "local_perc": 8.330556481172943e-05}, "HOBAR": {"global_perc": 0.25, "local_perc": 8.330556481172943e-05}, "HULIYAR": {"global_perc": 0.5, "local_perc": 8.330556481172943e-05}, "HUNASANAKODIHALLI": {"global_perc": 1.0, "local_perc": 8.330556481172943e-05}, "IBRAHIMPUR": {"global_perc": 0.1, "local_perc": 8.330556481172943e-05}, "ISHAPUR": {"global_perc": 0.3333333333333333, "local_perc": 8.330556481172943e-05}, "JAGANU": {"global_perc": 1.0, "local_perc": 8.330556481172943e-05}, "JAMARARI": {"global_perc": 0.3333333333333333, "local_perc": 8.330556481172943e-05}, "JAMBGI(K.D)": {"global_perc": 1.0, "local_perc": 8.330556481172943e-05}, "JAMUAMWAN": {"global_perc": 1.0, "local_perc": 8.330556481172943e-05}, "JANJO": {"global_perc": 0.5, "local_perc": 8.330556481172943e-05}, "JANUBAZAR": {"global_perc": 1.0, "local_perc": 8.330556481172943e-05}, "JHAMKE": {"global_perc": 1.0, "local_perc": 8.330556481172943e-05}, "JHANJOWAL": {"global_perc": 1.0, "local_perc": 8.330556481172943e-05}, "JUGRAJPUR": {"global_perc": 1.0, "local_perc": 8.330556481172943e-05}, "Jansua": {"global_perc": 1.0, "local_perc": 0.00016661112962345885}, "KAGAPUR": {"global_perc": 1.0, "local_perc": 8.330556481172943e-05}, "KAKRALA": {"global_perc": 0.5, "local_perc": 8.330556481172943e-05}, "KALADHUNGI": {"global_perc": 0.1111111111111111, "local_perc": 8.330556481172943e-05}, "KALEENDA MATIANA": {"global_perc": 1.0, "local_perc": 8.330556481172943e-05}, "KALEWAL BAGTAN": {"global_perc": 0.5, "local_perc": 8.330556481172943e-05}, "KALEWAL BHAGTAN": {"global_perc": 1.0, "local_perc": 8.330556481172943e-05}, "KANAUDI": {"global_perc": 0.5, "local_perc": 8.330556481172943e-05}, "KANDARWALKALA": {"global_perc": 1.0, "local_perc": 8.330556481172943e-05}, "KANDHALA SHEIKAN": {"global_perc": 1.0, "local_perc": 8.330556481172943e-05}, "KANDIKHAL": {"global_perc": 1.0, "local_perc": 8.330556481172943e-05}, "KANNAPUR HATTI": {"global_perc": 1.0, "local_perc": 8.330556481172943e-05}, "KARJA": {"global_perc": 0.5, "local_perc": 8.330556481172943e-05}, "KARNU": {"global_perc": 0.125, "local_perc": 8.330556481172943e-05}, "KASIDA": {"global_perc": 1.0, "local_perc": 8.330556481172943e-05}, "KASWAD": {"global_perc": 0.5, "local_perc": 8.330556481172943e-05}, "KESARE": {"global_perc": 1.0, "local_perc": 8.330556481172943e-05}, "KHALISPUR MUBARAK": {"global_perc": 1.0, "local_perc": 8.330556481172943e-05}, "KHIRANWALI": {"global_perc": 0.5, "local_perc": 8.330556481172943e-05}, "KHIRI": {"global_perc": 0.5, "local_perc": 8.330556481172943e-05}, "KHOUR": {"global_perc": 0.3333333333333333, "local_perc": 8.330556481172943e-05}, "KHUN KHUN SARKI": {"global_perc": 0.5, "local_perc": 8.330556481172943e-05}, "KHURAMPUR DALLU": {"global_perc": 0.5, "local_perc": 8.330556481172943e-05}, "KHURDA SEER": {"global_perc": 1.0, "local_perc": 8.330556481172943e-05}, "KIRATPUR": {"global_perc": 0.16666666666666666, "local_perc": 8.330556481172943e-05}, "KOHWIN": {"global_perc": 1.0, "local_perc": 8.330556481172943e-05}, "KORI": {"global_perc": 0.2, "local_perc": 8.330556481172943e-05}, "KOSDA": {"global_perc": 0.14285714285714285, "local_perc": 8.330556481172943e-05}, "KOT GANGURAI": {"global_perc": 1.0, "local_perc": 8.330556481172943e-05}, "KOTHUNG": {"global_perc": 1.0, "local_perc": 8.330556481172943e-05}, "KRALPATH": {"global_perc": 1.0, "local_perc": 8.330556481172943e-05}, "KUMIZHI": {"global_perc": 1.0, "local_perc": 8.330556481172943e-05}, "KURSI": {"global_perc": 0.3333333333333333, "local_perc": 8.330556481172943e-05}, "Khera Dona": {"global_perc": 0.5, "local_perc": 8.330556481172943e-05}, "LADWAL": {"global_perc": 0.25, "local_perc": 8.330556481172943e-05}, "MACHONG": {"global_perc": 1.0, "local_perc": 8.330556481172943e-05}, "MAGALI": {"global_perc": 1.0, "local_perc": 8.330556481172943e-05}, "MAHADUPUR": {"global_perc": 1.0, "local_perc": 8.330556481172943e-05}, "MAHMOODPUR": {"global_perc": 0.125, "local_perc": 8.330556481172943e-05}, "MAHUADANR": {"global_perc": 0.16666666666666666, "local_perc": 8.330556481172943e-05}, "MAILI": {"global_perc": 1.0, "local_perc": 8.330556481172943e-05}, "MAJHIGAWA": {"global_perc": 0.25, "local_perc": 8.330556481172943e-05}, "MAJHOLA": {"global_perc": 0.5, "local_perc": 8.330556481172943e-05}, "MALIHAPUR": {"global_perc": 1.0, "local_perc": 8.330556481172943e-05}, "MALLARPUR": {"global_perc": 1.0, "local_perc": 8.330556481172943e-05}, "MANGARA": {"global_perc": 1.0, "local_perc": 8.330556481172943e-05}, "MASTI PALKOT": {"global_perc": 1.0, "local_perc": 8.330556481172943e-05}, "MAYURHAND": {"global_perc": 0.25, "local_perc": 8.330556481172943e-05}, "MEZOMA": {"global_perc": 0.5, "local_perc": 8.330556481172943e-05}, "MIRPUR RATANPUR": {"global_perc": 1.0, "local_perc": 8.330556481172943e-05}, "MISRAULI": {"global_perc": 1.0, "local_perc": 8.330556481172943e-05}, "MOHANPUR": {"global_perc": 0.013333333333333334, "local_perc": 8.330556481172943e-05}, "MUNAN": {"global_perc": 1.0, "local_perc": 8.330556481172943e-05}, "MUNCHINGI PUTTU": {"global_perc": 0.1111111111111111, "local_perc": 8.330556481172943e-05}, "N.A.": {"global_perc": 0.004830460314453495, "local_perc": 0.004248583805398201}, "NAGARDIH": {"global_perc": 1.0, "local_perc": 8.330556481172943e-05}, "NALATHWAD": {"global_perc": 0.25, "local_perc": 8.330556481172943e-05}, "NAWADA": {"global_perc": 0.03225806451612903, "local_perc": 8.330556481172943e-05}, "NEWAIZPAR": {"global_perc": 0.25, "local_perc": 8.330556481172943e-05}, "NOHRI": {"global_perc": 0.5, "local_perc": 8.330556481172943e-05}, "OBRA": {"global_perc": 1.0, "local_perc": 8.330556481172943e-05}, "P.S. CHAKDA": {"global_perc": 1.0, "local_perc": 8.330556481172943e-05}, "PADARIYA": {"global_perc": 0.07692307692307693, "local_perc": 8.330556481172943e-05}, "PAIGAMBARPUR": {"global_perc": 1.0, "local_perc": 8.330556481172943e-05}, "PANDEPURA KALA": {"global_perc": 1.0, "local_perc": 0.00016661112962345885}, "PATIAL": {"global_perc": 0.3333333333333333, "local_perc": 8.330556481172943e-05}, "PATORA": {"global_perc": 1.0, "local_perc": 8.330556481172943e-05}, "PHULANG": {"global_perc": 1.0, "local_perc": 8.330556481172943e-05}, "PIPRA GODHAR": {"global_perc": 1.0, "local_perc": 8.330556481172943e-05}, "PIRAN WALA": {"global_perc": 1.0, "local_perc": 8.330556481172943e-05}, "PREMPUR": {"global_perc": 0.2, "local_perc": 8.330556481172943e-05}, "PUNAJUR STATE FOREST": {"global_perc": 1.0, "local_perc": 8.330556481172943e-05}, "PURAUNI BUZURG": {"global_perc": 1.0, "local_perc": 8.330556481172943e-05}, "R.S.PURA": {"global_perc": 0.5, "local_perc": 8.330556481172943e-05}, "RAGHOPUR": {"global_perc": 0.16666666666666666, "local_perc": 8.330556481172943e-05}, "RAJDERA": {"global_perc": 1.0, "local_perc": 8.330556481172943e-05}, "RAMBAG  UDAICHANDPUR": {"global_perc": 1.0, "local_perc": 8.330556481172943e-05}, "RAMGARHA": {"global_perc": 1.0, "local_perc": 8.330556481172943e-05}, "RANIPOKHRI": {"global_perc": 0.25, "local_perc": 8.330556481172943e-05}, "RANIPUR": {"global_perc": 0.029411764705882353, "local_perc": 8.330556481172943e-05}, "RASAM": {"global_perc": 1.0, "local_perc": 8.330556481172943e-05}, "RATNAG": {"global_perc": 0.3333333333333333, "local_perc": 8.330556481172943e-05}, "RAWAL BAZAR": {"global_perc": 0.16666666666666666, "local_perc": 8.330556481172943e-05}, "RIEW": {"global_perc": 1.0, "local_perc": 8.330556481172943e-05}, "RUPNAGAR": {"global_perc": 1.0, "local_perc": 8.330556481172943e-05}, "Rangchali Gaon": {"global_perc": 1.0, "local_perc": 8.330556481172943e-05}, "S.HOTOVI": {"global_perc": 1.0, "local_perc": 8.330556481172943e-05}, "SADIKPUR SEMRAHA": {"global_perc": 1.0, "local_perc": 8.330556481172943e-05}, "SANKESHWAR TOWN": {"global_perc": 1.0, "local_perc": 8.330556481172943e-05}, "SANSARIPUR": {"global_perc": 0.3333333333333333, "local_perc": 8.330556481172943e-05}, "SARAIMEVA GIRI": {"global_perc": 0.5, "local_perc": 8.330556481172943e-05}, "SARDAM": {"global_perc": 0.25, "local_perc": 8.330556481172943e-05}, "SARYALI": {"global_perc": 0.5, "local_perc": 8.330556481172943e-05}, "SEWAL": {"global_perc": 1.0, "local_perc": 8.330556481172943e-05}, "SHAHJAHANPUR": {"global_perc": 0.3333333333333333, "local_perc": 8.330556481172943e-05}, "SHER KHAN WALA": {"global_perc": 0.5, "local_perc": 8.330556481172943e-05}, "SHISHGARH": {"global_perc": 1.0, "local_perc": 8.330556481172943e-05}, "SIHORIYA": {"global_perc": 0.5, "local_perc": 8.330556481172943e-05}, "SITA PUR": {"global_perc": 1.0, "local_perc": 8.330556481172943e-05}, "SIYUM": {"global_perc": 0.03125, "local_perc": 8.330556481172943e-05}, "SOAFSHALI": {"global_perc": 1.0, "local_perc": 8.330556481172943e-05}, "SOMINAKOPPA": {"global_perc": 0.16666666666666666, "local_perc": 8.330556481172943e-05}, "SOUHDA KHURD": {"global_perc": 1.0, "local_perc": 8.330556481172943e-05}, "SUNKA": {"global_perc": 1.0, "local_perc": 8.330556481172943e-05}, "SURAPUR": {"global_perc": 0.5, "local_perc": 8.330556481172943e-05}, "SURARYOR": {"global_perc": 1.0, "local_perc": 8.330556481172943e-05}, "Sada Siva T.E. 118/14": {"global_perc": 1.0, "local_perc": 8.330556481172943e-05}, "TABAR": {"global_perc": 1.0, "local_perc": 8.330556481172943e-05}, "TAJANGI": {"global_perc": 1.0, "local_perc": 8.330556481172943e-05}, "TAMBA": {"global_perc": 0.5, "local_perc": 8.330556481172943e-05}, "TETRI": {"global_perc": 0.5, "local_perc": 8.330556481172943e-05}, "THAGACHAGERE": {"global_perc": 1.0, "local_perc": 8.330556481172943e-05}, "THANDORA": {"global_perc": 0.5, "local_perc": 8.330556481172943e-05}, "TINALI": {"global_perc": 0.16666666666666666, "local_perc": 8.330556481172943e-05}, "TORANGDIH": {"global_perc": 1.0, "local_perc": 8.330556481172943e-05}, "TRAL": {"global_perc": 0.5, "local_perc": 8.330556481172943e-05}, "UNERA": {"global_perc": 1.0, "local_perc": 8.330556481172943e-05}, "UP MUHAL BHAJYAR": {"global_perc": 1.0, "local_perc": 8.330556481172943e-05}, "URMAR": {"global_perc": 1.0, "local_perc": 8.330556481172943e-05}, "VILANDAPUR": {"global_perc": 0.25, "local_perc": 8.330556481172943e-05}, "VINAURA": {"global_perc": 1.0, "local_perc": 8.330556481172943e-05}, "WALONG H.Q": {"global_perc": 1.0, "local_perc": 8.330556481172943e-05}, "Yongnyah vill": {"global_perc": 1.0, "local_perc": 8.330556481172943e-05}}, "partition_field": "Near_Vil_Tow_Nam_hav_Prim_School", "Vil_Nam": "Puthi Saman (60)", "Stat_Nam": "HARYANA"}, {"data": [["Prim_Heal_Cen_Par_Med_Staf_In_Pos_Num", 11.0], ["Prim_Heal_Cen_Par_Med_Staf_Tot_Stren_Num", 10.0], 1.1], "data_low": {"Stat_Nam": "West Bengal", "Vil_Nam": "Gomai", "Prim_Heal_Cen_Par_Med_Staf_Tot_Stren_Num": "10", "Prim_Heal_Cen_Par_Med_Staf_In_Pos_Num": "11", "id": 316207}, "data_high": {"Stat_Nam": "UTTARAKHAND", "Vil_Nam": "Suyal Bari", "Prim_Heal_Cen_Par_Med_Staf_Tot_Stren_Num": "5", "Prim_Heal_Cen_Par_Med_Staf_In_Pos_Num": "6", "id": 54247}, "perc": 0.0006423381107230318, "metric": 99.99935756186993, "value_global_local": {}, "partition_field": null, "Vil_Nam": "Gomai", "Stat_Nam": "West Bengal"}, {"data": [["Prim_Heal_Cen_Par_Med_Staf_In_Pos_Num", 5.0], ["Prim_Heal_Cen_Par_Med_Staf_Tot_Stren_Num", 4.0], 1.25], "data_low": {"Stat_Nam": "Punjab", "Vil_Nam": "Bir Badhni (102)", "Prim_Heal_Cen_Par_Med_Staf_Tot_Stren_Num": "3", "Prim_Heal_Cen_Par_Med_Staf_In_Pos_Num": "4", "id": 33705}, "data_high": {"Stat_Nam": "UTTARAKHAND", "Vil_Nam": "Kaniya", "Prim_Heal_Cen_Par_Med_Staf_Tot_Stren_Num": "6", "Prim_Heal_Cen_Par_Med_Staf_In_Pos_Num": "8", "id": 55017}, "perc": 0.002087598859849853, "metric": 99.99791215109538, "value_global_local": {}, "partition_field": null, "Vil_Nam": "Khimlasa", "Stat_Nam": "MADHYA PRADESH"}, {"data": [["Prim_Heal_Cen_Par_Med_Staf_In_Pos_Num", 3.0], ["Prim_Heal_Cen_Par_Med_Staf_Tot_Stren_Num", 2.0], 1.5], "data_low": {"Stat_Nam": "Maharashtra", "Vil_Nam": "Kazisangvi", "Prim_Heal_Cen_Par_Med_Staf_Tot_Stren_Num": "15", "Prim_Heal_Cen_Par_Med_Staf_In_Pos_Num": "23", "id": 529294}, "data_high": {"Stat_Nam": "CHHATTISGARH", "Vil_Nam": "Badekakloor", "Prim_Heal_Cen_Par_Med_Staf_Tot_Stren_Num": "6", "Prim_Heal_Cen_Par_Med_Staf_In_Pos_Num": "9", "id": 446838}, "perc": 0.002087598859849853, "metric": 99.99791190105057, "value_global_local": {}, "partition_field": null, "Vil_Nam": "Malsi", "Stat_Nam": "UTTARAKHAND"}, {"data": [["Prim_Heal_Cen_Par_Med_Staf_In_Pos_Num", 5.0], ["Prim_Heal_Cen_Par_Med_Staf_Tot_Stren_Num", 3.0], 1.6666666666666667], "data_low": {"Stat_Nam": "UTTAR PRADESH", "Vil_Nam": "Jairampur", "Prim_Heal_Cen_Par_Med_Staf_Tot_Stren_Num": "3", "Prim_Heal_Cen_Par_Med_Staf_In_Pos_Num": "5", "id": 158953}, "data_high": {"Stat_Nam": "CHHATTISGARH", "Vil_Nam": "Gidhpuri", "Prim_Heal_Cen_Par_Med_Staf_Tot_Stren_Num": "4", "Prim_Heal_Cen_Par_Med_Staf_In_Pos_Num": "7", "id": 441498}, "perc": 0.0004817535830422739, "metric": 99.99951757962015, "value_global_local": {}, "partition_field": null, "Vil_Nam": "Jairampur", "Stat_Nam": "UTTAR PRADESH"}, {"data": [["Prim_Heal_Cen_Par_Med_Staf_In_Pos_Num", 8.0], ["Prim_Heal_Cen_Par_Med_Staf_Tot_Stren_Num", 4.0], 2.0], "data_low": {"Stat_Nam": "Punjab", "Vil_Nam": "Shahbazpur (380)", "Prim_Heal_Cen_Par_Med_Staf_Tot_Stren_Num": "1", "Prim_Heal_Cen_Par_Med_Staf_In_Pos_Num": "2", "id": 32267}, "data_high": {"Stat_Nam": "HIMACHAL PRADESH", "Vil_Nam": "Up Muhal Raison", "Prim_Heal_Cen_Par_Med_Staf_Tot_Stren_Num": "4", "Prim_Heal_Cen_Par_Med_Staf_In_Pos_Num": "8", "id": 12668}, "perc": 0.0030511060259344014, "metric": 99.99694789380455, "value_global_local": {}, "partition_field": null, "Vil_Nam": "Up Muhal Raison", "Stat_Nam": "HIMACHAL PRADESH"}, {"data": [["Prim_Heal_Cen_Par_Med_Staf_In_Pos_Num", 5.0], ["Prim_Heal_Cen_Par_Med_Staf_Tot_Stren_Num", 2.0], 2.5], "data_low": {"Stat_Nam": "CHHATTISGARH", "Vil_Nam": "Rewati", "Prim_Heal_Cen_Par_Med_Staf_Tot_Stren_Num": "2", "Prim_Heal_Cen_Par_Med_Staf_In_Pos_Num": "5", "id": 429818}, "data_high": {"Stat_Nam": "CHHATTISGARH", "Vil_Nam": "Rewati", "Prim_Heal_Cen_Par_Med_Staf_Tot_Stren_Num": "2", "Prim_Heal_Cen_Par_Med_Staf_In_Pos_Num": "5", "id": 429818}, "perc": 0.00016058452768075794, "metric": 99.9998379151747, "value_global_local": {}, "partition_field": null, "Vil_Nam": "Rewati", "Stat_Nam": "CHHATTISGARH"}, {"data": [["Prim_Heal_Cen_Par_Med_Staf_In_Pos_Num", 6.0], ["Prim_Heal_Cen_Par_Med_Staf_Tot_Stren_Num", 2.0], 3.0], "data_low": {"Stat_Nam": "MADHYA PRADESH", "Vil_Nam": "Khora", "Prim_Heal_Cen_Par_Med_Staf_Tot_Stren_Num": "1", "Prim_Heal_Cen_Par_Med_Staf_In_Pos_Num": "3", "id": 456229}, "data_high": {"Stat_Nam": "UTTAR PRADESH", "Vil_Nam": "Palipartapur", "Prim_Heal_Cen_Par_Med_Staf_Tot_Stren_Num": "2", "Prim_Heal_Cen_Par_Med_Staf_In_Pos_Num": "6", "id": 120277}, "perc": 0.0006423381107230318, "metric": 99.99935566150207, "value_global_local": {}, "partition_field": null, "Vil_Nam": "Palipartapur", "Stat_Nam": "UTTAR PRADESH"}, {"data": [["Prim_Heal_Cen_Par_Med_Staf_In_Pos_Num", 7.0], ["Prim_Heal_Cen_Par_Med_Staf_Tot_Stren_Num", 2.0], 3.5], "data_low": {"Stat_Nam": "JAMMU & KASHMIR", "Vil_Nam": "Gundna", "Prim_Heal_Cen_Par_Med_Staf_Tot_Stren_Num": "2", "Prim_Heal_Cen_Par_Med_Staf_In_Pos_Num": "7", "id": 4064}, "data_high": {"Stat_Nam": "JAMMU & KASHMIR", "Vil_Nam": "Gundna", "Prim_Heal_Cen_Par_Med_Staf_Tot_Stren_Num": "2", "Prim_Heal_Cen_Par_Med_Staf_In_Pos_Num": "7", "id": 4064}, "perc": 0.0003211690553615159, "metric": 99.99967633045259, "value_global_local": {}, "partition_field": null, "Vil_Nam": "Gundna", "Stat_Nam": "JAMMU & KASHMIR"}, {"data": [["Prim_Heal_Cen_Par_Med_Staf_In_Pos_Num", 4.0], ["Prim_Heal_Cen_Par_Med_Staf_Tot_Stren_Num", 1.0], 4.0], "data_low": {"Stat_Nam": "JAMMU & KASHMIR", "Vil_Nam": "Malanu", "Prim_Heal_Cen_Par_Med_Staf_Tot_Stren_Num": "1", "Prim_Heal_Cen_Par_Med_Staf_In_Pos_Num": "4", "id": 4237}, "data_high": {"Stat_Nam": "JAMMU & KASHMIR", "Vil_Nam": "Malanu", "Prim_Heal_Cen_Par_Med_Staf_Tot_Stren_Num": "1", "Prim_Heal_Cen_Par_Med_Staf_In_Pos_Num": "4", "id": 4237}, "perc": 0.0006423381107230318, "metric": 99.99935466130846, "value_global_local": {}, "partition_field": null, "Vil_Nam": "Malanu", "Stat_Nam": "JAMMU & KASHMIR"}, {"data": [["Prim_Heal_Cen_Par_Med_Staf_In_Pos_Num", 9.0], ["Prim_Heal_Cen_Par_Med_Staf_Tot_Stren_Num", 2.0], 4.5], "data_low": {"Stat_Nam": "Arunachal Pradesh", "Vil_Nam": "Pistana H.Q.", "Prim_Heal_Cen_Par_Med_Staf_Tot_Stren_Num": "2", "Prim_Heal_Cen_Par_Med_Staf_In_Pos_Num": "9", "id": 263973}, "data_high": {"Stat_Nam": "Arunachal Pradesh", "Vil_Nam": "Pistana H.Q.", "Prim_Heal_Cen_Par_Med_Staf_Tot_Stren_Num": "2", "Prim_Heal_Cen_Par_Med_Staf_In_Pos_Num": "9", "id": 263973}, "perc": 0.00016058452768075794, "metric": 99.99983591477783, "value_global_local": {}, "partition_field": null, "Vil_Nam": "Pistana H.Q.", "Stat_Nam": "Arunachal Pradesh"}, {"data": [["Prim_Heal_Cen_Par_Med_Staf_In_Pos_Num", 10.0], ["Prim_Heal_Cen_Par_Med_Staf_Tot_Stren_Num", 2.0], 5.0], "data_low": {"Stat_Nam": "Arunachal Pradesh", "Vil_Nam": "Yachuli H.Q.", "Prim_Heal_Cen_Par_Med_Staf_Tot_Stren_Num": "2", "Prim_Heal_Cen_Par_Med_Staf_In_Pos_Num": "10", "id": 263822}, "data_high": {"Stat_Nam": "Arunachal Pradesh", "Vil_Nam": "Yachuli H.Q.", "Prim_Heal_Cen_Par_Med_Staf_Tot_Stren_Num": "2", "Prim_Heal_Cen_Par_Med_Staf_In_Pos_Num": "10", "id": 263822}, "perc": 0.00016058452768075794, "metric": 99.99983541467863, "value_global_local": {}, "partition_field": null, "Vil_Nam": "Yachuli H.Q.", "Stat_Nam": "Arunachal Pradesh"}, {"data": [["Prim_Heal_Cen_Par_Med_Staf_In_Pos_Num", 12.0], ["Prim_Heal_Cen_Par_Med_Staf_Tot_Stren_Num", 2.0], 6.0], "data_low": {"Stat_Nam": "JHARKHAND", "Vil_Nam": "Hijukita", "Prim_Heal_Cen_Par_Med_Staf_Tot_Stren_Num": "2", "Prim_Heal_Cen_Par_Med_Staf_In_Pos_Num": "12", "id": 354265}, "data_high": {"Stat_Nam": "JHARKHAND", "Vil_Nam": "Hijukita", "Prim_Heal_Cen_Par_Med_Staf_Tot_Stren_Num": "2", "Prim_Heal_Cen_Par_Med_Staf_In_Pos_Num": "12", "id": 354265}, "perc": 0.00016058452768075794, "metric": 99.9998344144802, "value_global_local": {}, "partition_field": null, "Vil_Nam": "Hijukita", "Stat_Nam": "JHARKHAND"}, {"data": [["Prim_Heal_Cen_Par_Med_Staf_In_Pos_Num", 8.0], ["Prim_Heal_Cen_Par_Med_Staf_Tot_Stren_Num", 0.0], 9999], "data_low": {"Stat_Nam": "UTTAR PRADESH", "Vil_Nam": "Agota", "Prim_Heal_Cen_Par_Med_Staf_Tot_Stren_Num": "0", "Prim_Heal_Cen_Par_Med_Staf_In_Pos_Num": "1", "id": 119931}, "data_high": {"Stat_Nam": "HARYANA", "Vil_Nam": "Rehroda Kalan(12)", "Prim_Heal_Cen_Par_Med_Staf_Tot_Stren_Num": "0", "Prim_Heal_Cen_Par_Med_Staf_In_Pos_Num": "8", "id": 61142}, "perc": 0.011401501465333815, "metric": 99.97859963878483, "value_global_local": {"HARYANA": {"global_perc": 0.000146177459435755, "local_perc": 0.014084507042253521}, "MADHYA PRADESH": {"global_perc": 3.642788190080688e-05, "local_perc": 0.028169014084507043}, "NAGALAND": {"global_perc": 0.0021008403361344537, "local_perc": 0.04225352112676056}, "TRIPURA": {"global_perc": 0.002285714285714286, "local_perc": 0.028169014084507043}, "UTTAR PRADESH": {"global_perc": 0.0005619345533556859, "local_perc": 0.8450704225352113}, "West Bengal": {"global_perc": 7.459346561241235e-05, "local_perc": 0.04225352112676056}}, "partition_field": "Stat_Nam", "Vil_Nam": "Rehroda Kalan(12)", "Stat_Nam": "HARYANA"}, {"data": [["Prim_Heal_Cen_Par_Med_Staf_In_Pos_Num", 0], ["Prim_Heal_Cen_Par_Med_Staf_Tot_Stren_Num", 0], 99980001], "data_low": {"Stat_Nam": "JAMMU & KASHMIR", "Vil_Nam": "Bore", "Prim_Heal_Cen_Par_Med_Staf_Tot_Stren_Num": "", "Prim_Heal_Cen_Par_Med_Staf_In_Pos_Num": "", "id": 0}, "data_high": {"Stat_Nam": "JAMMU & KASHMIR", "Vil_Nam": "Palmar", "Prim_Heal_Cen_Par_Med_Staf_Tot_Stren_Num": "Phc_pst", "Prim_Heal_Cen_Par_Med_Staf_In_Pos_Num": "Phc_ppos", "id": 4582}, "perc": 96.61038178971457, "metric": 9.662970676477045e-07, "value_global_local": {"null": {"global_perc": 0.9661038178971456, "local_perc": 1.0}}, "partition_field": "Dist_Other", "Vil_Nam": "Bore", "Stat_Nam": "JAMMU & KASHMIR"}]