[{"data": [["Priv_Mid_School_Num", 0.0], ["Priv_Sec_School_Num", 1.0], 0.0], "data_low": {"Stat_Nam": "UTTAR PRADESH", "Vil_Nam": "Kosikalan(Rural)", "Priv_Mid_School_Num": "", "Priv_Sec_School_Num": "2", "id": 122875}, "data_high": {"Stat_Nam": "ANDHRA PRADESH", "Vil_Nam": "Nandigama", "Priv_Mid_School_Num": "1", "Priv_Sec_School_Num": "12", "id": 567266}, "perc": 0.9058573206471557, "metric": 99.09414367049249, "value_global_local": {"ANDHRA PRADESH": {"global_perc": 0.008669064748201439, "local_perc": 0.04272292146782485}, "ASSAM": {"global_perc": 0.03163477931426407, "local_perc": 0.1480234001063641}, "Arunachal Pradesh": {"global_perc": 0.0023259974950796207, "local_perc": 0.002304555929799681}, "BIHAR": {"global_perc": 0.011721709675981637, "local_perc": 0.09324587839035632}, "CHHATTISGARH": {"global_perc": 0.00879459405743814, "local_perc": 0.03137741535188796}, "Dadra & Nagar Haveli": {"global_perc": 0.046153846153846156, "local_perc": 0.0005318205991845417}, "GOA": {"global_perc": 0.005988023952095809, "local_perc": 0.0003545470661230278}, "HARYANA": {"global_perc": 0.00438532378307265, "local_perc": 0.005318205991845418}, "HIMACHAL PRADESH": {"global_perc": 0.0030932817786370227, "local_perc": 0.01134550611593689}, "JAMMU & KASHMIR": {"global_perc": 0.01815962154738288, "local_perc": 0.021095550434320157}, "JHARKHAND": {"global_perc": 6.173982836327716e-05, "local_perc": 0.0003545470661230278}, "KARNATAKA": {"global_perc": 0.023449216087252898, "local_perc": 0.12196419074632157}, "KERALA": {"global_perc": 0.03732809430255403, "local_perc": 0.006736394256337529}, "MADHYA PRADESH": {"global_perc": 0.0054277544032202245, "local_perc": 0.05282751285233115}, "MANIPUR": {"global_perc": 0.014335528864781092, "local_perc": 0.0065591207232760145}, "MIZORAM": {"global_perc": 0.05060240963855422, "local_perc": 0.007445488388583585}, "Maharashtra": {"global_perc": 0.022145883430665293, "local_perc": 0.17142350647048396}, "Meghalaya": {"global_perc": 0.006141248720573183, "local_perc": 0.007445488388583585}, "NAGALAND": {"global_perc": 0.0196078431372549, "local_perc": 0.0049636589257223895}, "NCT OF DELHI": {"global_perc": 0.026785714285714284, "local_perc": 0.0005318205991845417}, "ODISHA": {"global_perc": 7.795295539142128e-05, "local_perc": 0.0007090941322460556}, "Punjab": {"global_perc": 0.014307288768778317, "local_perc": 0.03190923595107251}, "TRIPURA": {"global_perc": 0.013714285714285714, "local_perc": 0.002127282396738167}, "Tamil Nadu": {"global_perc": 0.005131735402716065, "local_perc": 0.01453642971104414}, "UTTAR PRADESH": {"global_perc": 0.009852585835503025, "local_perc": 0.18649175678071264}, "UTTARAKHAND": {"global_perc": 0.003334722801167153, "local_perc": 0.009927317851444779}, "West Bengal": {"global_perc": 0.0024864488537470783, "local_perc": 0.01772735330615139}}, "partition_field": "Stat_Nam", "Vil_Nam": "Kalarooch", "Stat_Nam": "JAMMU & KASHMIR"}, {"data": [["Priv_Mid_School_Num", 1.0], ["Priv_Sec_School_Num", 8.0], 0.125], "data_low": {"Stat_Nam": "ANDHRA PRADESH", "Vil_Nam": "Gummadavalle", "Priv_Mid_School_Num": "1", "Priv_Sec_School_Num": "8", "id": 553317}, "data_high": {"Stat_Nam": "ANDHRA PRADESH", "Vil_Nam": "Gummadavalle", "Priv_Mid_School_Num": "1", "Priv_Sec_School_Num": "8", "id": 553317}, "perc": 0.0009635071660845478, "metric": 99.9990373680005, "value_global_local": {}, "partition_field": null, "Vil_Nam": "Gummadavalle", "Stat_Nam": "ANDHRA PRADESH"}, {"data": [["Priv_Mid_School_Num", 1.0], ["Priv_Sec_School_Num", 4.0], 0.25], "data_low": {"Stat_Nam": "Punjab", "Vil_Nam": "Bhangchari (58)", "Priv_Mid_School_Num": "1", "Priv_Sec_School_Num": "4", "id": 35177}, "data_high": {"Stat_Nam": "ANDHRA PRADESH", "Vil_Nam": "Kodur (East)", "Priv_Mid_School_Num": "4", "Priv_Sec_School_Num": "14", "id": 572044}, "perc": 0.012043839576056847, "metric": 99.98795691048363, "value_global_local": {"ANDHRA PRADESH": {"global_perc": 0.0006474820143884892, "local_perc": 0.24}, "ASSAM": {"global_perc": 3.7885963250615644e-05, "local_perc": 0.013333333333333334}, "BIHAR": {"global_perc": 6.685385746757588e-05, "local_perc": 0.04}, "JAMMU & KASHMIR": {"global_perc": 0.00015260186174271325, "local_perc": 0.013333333333333334}, "JHARKHAND": {"global_perc": 3.086991418163858e-05, "local_perc": 0.013333333333333334}, "KARNATAKA": {"global_perc": 0.00017041581458759374, "local_perc": 0.06666666666666667}, "KERALA": {"global_perc": 0.0019646365422396855, "local_perc": 0.02666666666666667}, "MANIPUR": {"global_perc": 0.001162340178225494, "local_perc": 0.04}, "Maharashtra": {"global_perc": 4.580327493415779e-05, "local_perc": 0.02666666666666667}, "Meghalaya": {"global_perc": 0.00014622020763269483, "local_perc": 0.013333333333333334}, "NAGALAND": {"global_perc": 0.0007002801120448179, "local_perc": 0.013333333333333334}, "Punjab": {"global_perc": 0.00015896987520864795, "local_perc": 0.02666666666666667}, "Tamil Nadu": {"global_perc": 0.00012516427811502597, "local_perc": 0.02666666666666667}, "UTTAR PRADESH": {"global_perc": 0.00028096727667784293, "local_perc": 0.4}, "UTTARAKHAND": {"global_perc": 0.0001190972428988269, "local_perc": 0.02666666666666667}, "West Bengal": {"global_perc": 2.4864488537470783e-05, "local_perc": 0.013333333333333334}}, "partition_field": "Stat_Nam", "Vil_Nam": "Bhangchari (58)", "Stat_Nam": "Punjab"}, {"data": [["Priv_Mid_School_Num", 2.0], ["Priv_Sec_School_Num", 5.0], 0.4], "data_low": {"Stat_Nam": "JAMMU & KASHMIR", "Vil_Nam": "Khusrag Pora (Amma - Buran)", "Priv_Mid_School_Num": "1", "Priv_Sec_School_Num": "2", "id": 2325}, "data_high": {"Stat_Nam": "ANDHRA PRADESH", "Vil_Nam": "Mulug", "Priv_Mid_School_Num": "5", "Priv_Sec_School_Num": "10", "id": 556503}, "perc": 0.06824842426432214, "metric": 99.93175217544612, "value_global_local": {"ANDHRA PRADESH": {"global_perc": 0.0012589928057553956, "local_perc": 0.08235294117647059}, "ASSAM": {"global_perc": 0.0004546315590073878, "local_perc": 0.02823529411764706}, "BIHAR": {"global_perc": 0.00022284619155858625, "local_perc": 0.023529411764705882}, "CHHATTISGARH": {"global_perc": 0.0004968697207592169, "local_perc": 0.023529411764705882}, "HARYANA": {"global_perc": 0.00058470983774302, "local_perc": 0.009411764705882352}, "HIMACHAL PRADESH": {"global_perc": 4.833252779120348e-05, "local_perc": 0.002352941176470588}, "JAMMU & KASHMIR": {"global_perc": 0.0010682130321989928, "local_perc": 0.01647058823529412}, "JHARKHAND": {"global_perc": 0.00018521948508983145, "local_perc": 0.01411764705882353}, "KARNATAKA": {"global_perc": 0.0020790729379686437, "local_perc": 0.14352941176470588}, "KERALA": {"global_perc": 0.0206286836935167, "local_perc": 0.04941176470588235}, "MADHYA PRADESH": {"global_perc": 0.0004189206418592791, "local_perc": 0.05411764705882353}, "MANIPUR": {"global_perc": 0.0015497869043006587, "local_perc": 0.009411764705882352}, "Maharashtra": {"global_perc": 0.0008702622237489981, "local_perc": 0.08941176470588236}, "Meghalaya": {"global_perc": 0.00029244041526538966, "local_perc": 0.004705882352941176}, "ODISHA": {"global_perc": 0.0006041354042835149, "local_perc": 0.07294117647058823}, "Punjab": {"global_perc": 0.0010333041888562118, "local_perc": 0.03058823529411765}, "Tamil Nadu": {"global_perc": 0.0007509856686901558, "local_perc": 0.02823529411764706}, "UTTAR PRADESH": {"global_perc": 0.0012081592897147245, "local_perc": 0.3035294117647059}, "UTTARAKHAND": {"global_perc": 0.0001190972428988269, "local_perc": 0.004705882352941176}, "West Bengal": {"global_perc": 9.945795414988313e-05, "local_perc": 0.009411764705882352}}, "partition_field": "Stat_Nam", "Vil_Nam": "Ramayampet", "Stat_Nam": "ANDHRA PRADESH"}, {"data": [["Priv_Mid_School_Num", 5.0], ["Priv_Sec_School_Num", 9.0], 0.5555555555555556], "data_low": {"Stat_Nam": "KARNATAKA", "Vil_Nam": "Gownipalli", "Priv_Mid_School_Num": "3", "Priv_Sec_School_Num": "5", "id": 599551}, "data_high": {"Stat_Nam": "ANDHRA PRADESH", "Vil_Nam": "Chimakurthi", "Priv_Mid_School_Num": "6", "Priv_Sec_School_Num": "10", "id": 569434}, "perc": 0.0009635071660845478, "metric": 99.99903693736297, "value_global_local": {}, "partition_field": null, "Vil_Nam": "Vempalle", "Stat_Nam": "ANDHRA PRADESH"}, {"data": [["Priv_Mid_School_Num", 2.0], ["Priv_Sec_School_Num", 3.0], 0.6666666666666666], "data_low": {"Stat_Nam": "Punjab", "Vil_Nam": "Magar Mudian (191)", "Priv_Mid_School_Num": "2", "Priv_Sec_School_Num": "3", "id": 27999}, "data_high": {"Stat_Nam": "ANDHRA PRADESH", "Vil_Nam": "Addanki (North) (U)", "Priv_Mid_School_Num": "6", "Priv_Sec_School_Num": "8", "id": 569126}, "perc": 0.010919747882291542, "metric": 99.98908058548129, "value_global_local": {"ANDHRA PRADESH": {"global_perc": 0.0003237410071942446, "local_perc": 0.1323529411764706}, "BIHAR": {"global_perc": 2.2284619155858625e-05, "local_perc": 0.014705882352941176}, "HARYANA": {"global_perc": 0.000146177459435755, "local_perc": 0.014705882352941176}, "JHARKHAND": {"global_perc": 6.173982836327716e-05, "local_perc": 0.029411764705882353}, "KARNATAKA": {"global_perc": 0.00034083162917518747, "local_perc": 0.14705882352941177}, "KERALA": {"global_perc": 0.007858546168958742, "local_perc": 0.11764705882352941}, "MADHYA PRADESH": {"global_perc": 5.464182285121031e-05, "local_perc": 0.04411764705882353}, "MANIPUR": {"global_perc": 0.0003874467260751647, "local_perc": 0.014705882352941176}, "Maharashtra": {"global_perc": 0.00027481964960494675, "local_perc": 0.17647058823529413}, "Meghalaya": {"global_perc": 0.00014622020763269483, "local_perc": 0.014705882352941176}, "Punjab": {"global_perc": 0.00015896987520864795, "local_perc": 0.029411764705882353}, "Tamil Nadu": {"global_perc": 6.258213905751299e-05, "local_perc": 0.014705882352941176}, "UTTAR PRADESH": {"global_perc": 0.00015921479011744431, "local_perc": 0.25}}, "partition_field": "Stat_Nam", "Vil_Nam": "Magar Mudian (191)", "Stat_Nam": "Punjab"}, {"data": [["Priv_Mid_School_Num", 4.0], ["Priv_Sec_School_Num", 5.0], 0.8], "data_low": {"Stat_Nam": "UTTAR PRADESH", "Vil_Nam": "Shitalmau", "Priv_Mid_School_Num": "12", "Priv_Sec_School_Num": "15", "id": 157014}, "data_high": {"Stat_Nam": "ANDHRA PRADESH", "Vil_Nam": "Atmakur", "Priv_Mid_School_Num": "8", "Priv_Sec_School_Num": "9", "id": 570173}, "perc": 0.0009635071660845478, "metric": 99.99903669287198, "value_global_local": {}, "partition_field": null, "Vil_Nam": "Baseri", "Stat_Nam": "RAJASTHAN"}, {"data": [["Priv_Mid_School_Num", 1.0], ["Priv_Sec_School_Num", 1.0], 1.0], "data_low": {"Stat_Nam": "JAMMU & KASHMIR", "Vil_Nam": "Dever Inder Bug", "Priv_Mid_School_Num": "1", "Priv_Sec_School_Num": "1", "id": 31}, "data_high": {"Stat_Nam": "ANDHRA PRADESH", "Vil_Nam": "Thirumalgiri", "Priv_Mid_School_Num": "9", "Priv_Sec_School_Num": "9", "id": 555057}, "perc": 3.6770645148339955, "metric": 96.322935485166, "value_global_local": {"": {"global_perc": 0.07445002958753032, "local_perc": 1.0}}, "partition_field": "Near_Vil_Tow_Nam_hav_Mid_School", "Vil_Nam": "Dever Inder Bug", "Stat_Nam": "JAMMU & KASHMIR"}, {"data": [["Priv_Mid_School_Num", 9.0], ["Priv_Sec_School_Num", 8.0], 1.125], "data_low": {"Stat_Nam": "HARYANA", "Vil_Nam": "Khaktor (74)", "Priv_Mid_School_Num": "6", "Priv_Sec_School_Num": "5", "id": 58983}, "data_high": {"Stat_Nam": "ANDHRA PRADESH", "Vil_Nam": "Tupran", "Priv_Mid_School_Num": "9", "Priv_Sec_School_Num": "8", "id": 552186}, "perc": 0.0036934441366574334, "metric": 99.99630643084296, "value_global_local": {"ANDHRA PRADESH": {"global_perc": 0.0002158273381294964, "local_perc": 0.2608695652173913}, "HARYANA": {"global_perc": 0.000438532378307265, "local_perc": 0.13043478260869565}, "KARNATAKA": {"global_perc": 6.81663258350375e-05, "local_perc": 0.08695652173913043}, "KERALA": {"global_perc": 0.0029469548133595285, "local_perc": 0.13043478260869565}, "MADHYA PRADESH": {"global_perc": 1.821394095040344e-05, "local_perc": 0.043478260869565216}, "RAJASTHAN": {"global_perc": 0.00013431232091690545, "local_perc": 0.2608695652173913}, "UTTAR PRADESH": {"global_perc": 1.8731151778522863e-05, "local_perc": 0.08695652173913043}}, "partition_field": "Stat_Nam", "Vil_Nam": "Tupran", "Stat_Nam": "ANDHRA PRADESH"}, {"data": [["Priv_Mid_School_Num", 5.0], ["Priv_Sec_School_Num", 4.0], 1.25], "data_low": {"Stat_Nam": "HARYANA", "Vil_Nam": "Bahora Kalan(134)", "Priv_Mid_School_Num": "12", "Priv_Sec_School_Num": "9", "id": 62446}, "data_high": {"Stat_Nam": "ANDHRA PRADESH", "Vil_Nam": "Kamalapur", "Priv_Mid_School_Num": "8", "Priv_Sec_School_Num": "6", "id": 551267}, "perc": 0.024569432735155966, "metric": 99.97543031727626, "value_global_local": {"ANDHRA PRADESH": {"global_perc": 0.0008633093525179857, "local_perc": 0.1568627450980392}, "BIHAR": {"global_perc": 2.2284619155858625e-05, "local_perc": 0.006535947712418301}, "CHHATTISGARH": {"global_perc": 9.937394415184339e-05, "local_perc": 0.013071895424836602}, "HARYANA": {"global_perc": 0.00175412951322906, "local_perc": 0.0784313725490196}, "JAMMU & KASHMIR": {"global_perc": 0.00015260186174271325, "local_perc": 0.006535947712418301}, "JHARKHAND": {"global_perc": 6.173982836327716e-05, "local_perc": 0.013071895424836602}, "KARNATAKA": {"global_perc": 0.00020449897750511248, "local_perc": 0.0392156862745098}, "KERALA": {"global_perc": 0.0137524557956778, "local_perc": 0.0915032679738562}, "MADHYA PRADESH": {"global_perc": 0.00016392546855363094, "local_perc": 0.058823529411764705}, "Maharashtra": {"global_perc": 2.2901637467078896e-05, "local_perc": 0.006535947712418301}, "PUDUCHERRY": {"global_perc": 0.011111111111111112, "local_perc": 0.006535947712418301}, "Punjab": {"global_perc": 0.0003974246880216199, "local_perc": 0.032679738562091505}, "RAJASTHAN": {"global_perc": 0.0013431232091690544, "local_perc": 0.39215686274509803}, "Tamil Nadu": {"global_perc": 0.00012516427811502597, "local_perc": 0.013071895424836602}, "UTTAR PRADESH": {"global_perc": 0.0001217524865603986, "local_perc": 0.08496732026143791}}, "partition_field": "Stat_Nam", "Vil_Nam": "Dhand (9)", "Stat_Nam": "HARYANA"}, {"data": [["Priv_Mid_School_Num", 11.0], ["Priv_Sec_School_Num", 8.0], 1.375], "data_low": {"Stat_Nam": "ANDHRA PRADESH", "Vil_Nam": "Amangal", "Priv_Mid_School_Num": "11", "Priv_Sec_School_Num": "8", "id": 553793}, "data_high": {"Stat_Nam": "Punjab", "Vil_Nam": "Boha (137)", "Priv_Mid_School_Num": "7", "Priv_Sec_School_Num": "5", "id": 35815}, "perc": 0.0016058452768075795, "metric": 99.9983937796542, "value_global_local": {}, "partition_field": null, "Vil_Nam": "Amangal", "Stat_Nam": "ANDHRA PRADESH"}, {"data": [["Priv_Mid_School_Num", 3.0], ["Priv_Sec_School_Num", 2.0], 1.5], "data_low": {"Stat_Nam": "ANDHRA PRADESH", "Vil_Nam": "Pargi", "Priv_Mid_School_Num": "12", "Priv_Sec_School_Num": "8", "id": 553145}, "data_high": {"Stat_Nam": "RAJASTHAN", "Vil_Nam": "Kasba Bansur", "Priv_Mid_School_Num": "9", "Priv_Sec_School_Num": "6", "id": 72442}, "perc": 0.06246738126781485, "metric": 99.93753211894457, "value_global_local": {"ANDHRA PRADESH": {"global_perc": 0.001223021582733813, "local_perc": 0.08740359897172237}, "ASSAM": {"global_perc": 0.00011365788975184695, "local_perc": 0.007712082262210797}, "Arunachal Pradesh": {"global_perc": 0.0001789228842368939, "local_perc": 0.002570694087403599}, "BIHAR": {"global_perc": 4.456923831171725e-05, "local_perc": 0.005141388174807198}, "CHHATTISGARH": {"global_perc": 0.00029812183245553017, "local_perc": 0.015424164524421594}, "HARYANA": {"global_perc": 0.00380061394532963, "local_perc": 0.06683804627249357}, "HIMACHAL PRADESH": {"global_perc": 0.00014499758337361044, "local_perc": 0.007712082262210797}, "JAMMU & KASHMIR": {"global_perc": 0.0007630093087135663, "local_perc": 0.012853470437017995}, "JHARKHAND": {"global_perc": 6.173982836327716e-05, "local_perc": 0.005141388174807198}, "KARNATAKA": {"global_perc": 0.0009202453987730061, "local_perc": 0.06940874035989718}, "KERALA": {"global_perc": 0.025540275049115914, "local_perc": 0.06683804627249357}, "MADHYA PRADESH": {"global_perc": 0.00034606487805766535, "local_perc": 0.04884318766066838}, "MANIPUR": {"global_perc": 0.0015497869043006587, "local_perc": 0.010282776349614395}, "MIZORAM": {"global_perc": 0.0012048192771084338, "local_perc": 0.002570694087403599}, "Maharashtra": {"global_perc": 0.00036642619947326233, "local_perc": 0.04113110539845758}, "Meghalaya": {"global_perc": 0.0013159818686942536, "local_perc": 0.02313624678663239}, "NAGALAND": {"global_perc": 0.0007002801120448179, "local_perc": 0.002570694087403599}, "PUDUCHERRY": {"global_perc": 0.011111111111111112, "local_perc": 0.002570694087403599}, "Punjab": {"global_perc": 0.0012717590016691836, "local_perc": 0.04113110539845758}, "RAJASTHAN": {"global_perc": 0.0022161532951289397, "local_perc": 0.2544987146529563}, "Tamil Nadu": {"global_perc": 0.0006258213905751299, "local_perc": 0.02570694087403599}, "UTTAR PRADESH": {"global_perc": 0.0006836870399160844, "local_perc": 0.18766066838046272}, "UTTARAKHAND": {"global_perc": 0.0002381944857976538, "local_perc": 0.010282776349614395}, "West Bengal": {"global_perc": 2.4864488537470783e-05, "local_perc": 0.002570694087403599}}, "partition_field": "Stat_Nam", "Vil_Nam": "Gund Adalkoot", "Stat_Nam": "JAMMU & KASHMIR"}, {"data": [["Priv_Mid_School_Num", 13.0], ["Priv_Sec_School_Num", 8.0], 1.625], "data_low": {"Stat_Nam": "ANDHRA PRADESH", "Vil_Nam": "Mylavaram", "Priv_Mid_School_Num": "10", "Priv_Sec_School_Num": "6", "id": 567314}, "data_high": {"Stat_Nam": "HIMACHAL PRADESH", "Vil_Nam": "Ner (222)", "Priv_Mid_School_Num": "5", "Priv_Sec_School_Num": "3", "id": 14539}, "perc": 0.008832149022441688, "metric": 99.99116722590776, "value_global_local": {"ANDHRA PRADESH": {"global_perc": 0.00017985611510791367, "local_perc": 0.09090909090909091}, "BIHAR": {"global_perc": 4.456923831171725e-05, "local_perc": 0.03636363636363636}, "HARYANA": {"global_perc": 0.000146177459435755, "local_perc": 0.01818181818181818}, "HIMACHAL PRADESH": {"global_perc": 4.833252779120348e-05, "local_perc": 0.01818181818181818}, "KERALA": {"global_perc": 0.009823182711198428, "local_perc": 0.18181818181818182}, "MADHYA PRADESH": {"global_perc": 5.464182285121031e-05, "local_perc": 0.05454545454545454}, "MANIPUR": {"global_perc": 0.0003874467260751647, "local_perc": 0.01818181818181818}, "Maharashtra": {"global_perc": 2.2901637467078896e-05, "local_perc": 0.01818181818181818}, "Punjab": {"global_perc": 7.948493760432397e-05, "local_perc": 0.01818181818181818}, "RAJASTHAN": {"global_perc": 0.0003805515759312321, "local_perc": 0.3090909090909091}, "Tamil Nadu": {"global_perc": 0.00012516427811502597, "local_perc": 0.03636363636363636}, "UTTAR PRADESH": {"global_perc": 0.00010302133478187574, "local_perc": 0.2}}, "partition_field": "Stat_Nam", "Vil_Nam": "B.Kothakota", "Stat_Nam": "ANDHRA PRADESH"}, {"data": [["Priv_Mid_School_Num", 7.0], ["Priv_Sec_School_Num", 4.0], 1.75], "data_low": {"Stat_Nam": "Punjab", "Vil_Nam": "Mamdot Uttar (305)", "Priv_Mid_School_Num": "7", "Priv_Sec_School_Num": "4", "id": 34540}, "data_high": {"Stat_Nam": "RAJASTHAN", "Vil_Nam": "Bhopalgarh", "Priv_Mid_School_Num": "9", "Priv_Sec_School_Num": "5", "id": 84214}, "perc": 0.0024087679152113694, "metric": 99.99759048195284, "value_global_local": {}, "partition_field": null, "Vil_Nam": "Mamdot Uttar (305)", "Stat_Nam": "Punjab"}, {"data": [["Priv_Mid_School_Num", 2.0], ["Priv_Sec_School_Num", 1.0], 2.0], "data_low": {"Stat_Nam": "ANDHRA PRADESH", "Vil_Nam": "Mummidivaram", "Priv_Mid_School_Num": "12", "Priv_Sec_School_Num": "6", "id": 566150}, "data_high": {"Stat_Nam": "UTTAR PRADESH", "Vil_Nam": "Dhanuha", "Priv_Mid_School_Num": "8", "Priv_Sec_School_Num": "4", "id": 161358}, "perc": 0.3381910152956763, "metric": 99.66180798788687, "value_global_local": {"ANDHRA PRADESH": {"global_perc": 0.004892086330935252, "local_perc": 0.06457739791073125}, "ASSAM": {"global_perc": 0.0017427543095283199, "local_perc": 0.02184235517568851}, "Arunachal Pradesh": {"global_perc": 0.0001789228842368939, "local_perc": 0.0004748338081671415}, "BIHAR": {"global_perc": 0.0008468155279226278, "local_perc": 0.018043684710351376}, "CHHATTISGARH": {"global_perc": 0.0019874788830368676, "local_perc": 0.01899335232668566}, "GOA": {"global_perc": 0.0029940119760479044, "local_perc": 0.0004748338081671415}, "HARYANA": {"global_perc": 0.01023242216050285, "local_perc": 0.03323836657169991}, "HIMACHAL PRADESH": {"global_perc": 0.0016916384726921219, "local_perc": 0.016619183285849954}, "JAMMU & KASHMIR": {"global_perc": 0.0036624446818251184, "local_perc": 0.011396011396011397}, "JHARKHAND": {"global_perc": 0.0004939186269062172, "local_perc": 0.007597340930674264}, "KARNATAKA": {"global_perc": 0.00408997955010225, "local_perc": 0.05698005698005698}, "KERALA": {"global_perc": 0.11100196463654224, "local_perc": 0.05365622032288699}, "MADHYA PRADESH": {"global_perc": 0.002622807496858095, "local_perc": 0.06837606837606838}, "MANIPUR": {"global_perc": 0.0030995738086013174, "local_perc": 0.003798670465337132}, "MIZORAM": {"global_perc": 0.012048192771084338, "local_perc": 0.004748338081671415}, "Maharashtra": {"global_perc": 0.0022672621092408108, "local_perc": 0.04700854700854701}, "Meghalaya": {"global_perc": 0.005848808305307793, "local_perc": 0.01899335232668566}, "NAGALAND": {"global_perc": 0.0063025210084033615, "local_perc": 0.004273504273504274}, "NCT OF DELHI": {"global_perc": 0.008928571428571428, "local_perc": 0.0004748338081671415}, "ODISHA": {"global_perc": 0.000428741254652817, "local_perc": 0.010446343779677113}, "PUDUCHERRY": {"global_perc": 0.07777777777777778, "local_perc": 0.0033238366571699905}, "Punjab": {"global_perc": 0.0049280661314680865, "local_perc": 0.029439696106362774}, "RAJASTHAN": {"global_perc": 0.011864255014326648, "local_perc": 0.251661918328585}, "SIKKIM": {"global_perc": 0.0022172949002217295, "local_perc": 0.0004748338081671415}, "Tamil Nadu": {"global_perc": 0.004318167594968396, "local_perc": 0.03276353276353276}, "UTTAR PRADESH": {"global_perc": 0.00412085339127503, "local_perc": 0.20892687559354226}, "UTTARAKHAND": {"global_perc": 0.0008336807002917883, "local_perc": 0.006647673314339981}, "West Bengal": {"global_perc": 0.00024864488537470786, "local_perc": 0.004748338081671415}}, "partition_field": "Stat_Nam", "Vil_Nam": "Lal Pora", "Stat_Nam": "JAMMU & KASHMIR"}, {"data": [["Priv_Mid_School_Num", 9.0], ["Priv_Sec_School_Num", 4.0], 2.25], "data_low": {"Stat_Nam": "RAJASTHAN", "Vil_Nam": "Samdari", "Priv_Mid_School_Num": "7", "Priv_Sec_School_Num": "3", "id": 86972}, "data_high": {"Stat_Nam": "UTTAR PRADESH", "Vil_Nam": "Ramdih Saray", "Priv_Mid_School_Num": "9", "Priv_Sec_School_Num": "4", "id": 166474}, "perc": 0.002569352442892127, "metric": 99.99742939733919, "value_global_local": {}, "partition_field": null, "Vil_Nam": "Ramdih Saray", "Stat_Nam": "UTTAR PRADESH"}, {"data": [["Priv_Mid_School_Num", 12.0], ["Priv_Sec_School_Num", 5.0], 2.4], "data_low": {"Stat_Nam": "UTTAR PRADESH", "Vil_Nam": "Baberu Dehat", "Priv_Mid_School_Num": "10", "Priv_Sec_School_Num": "4", "id": 154224}, "data_high": {"Stat_Nam": "Punjab", "Vil_Nam": "Lambra (267)", "Priv_Mid_School_Num": "5", "Priv_Sec_School_Num": "2", "id": 30234}, "perc": 0.011883255048376088, "metric": 99.98811534483798, "value_global_local": {"ANDHRA PRADESH": {"global_perc": 0.00017985611510791367, "local_perc": 0.06756756756756757}, "BIHAR": {"global_perc": 6.685385746757588e-05, "local_perc": 0.04054054054054054}, "KARNATAKA": {"global_perc": 3.408316291751875e-05, "local_perc": 0.013513513513513514}, "KERALA": {"global_perc": 0.004911591355599214, "local_perc": 0.06756756756756757}, "MADHYA PRADESH": {"global_perc": 0.00025499517330564815, "local_perc": 0.1891891891891892}, "MANIPUR": {"global_perc": 0.0003874467260751647, "local_perc": 0.013513513513513514}, "Maharashtra": {"global_perc": 2.2901637467078896e-05, "local_perc": 0.013513513513513514}, "Punjab": {"global_perc": 7.948493760432397e-05, "local_perc": 0.013513513513513514}, "RAJASTHAN": {"global_perc": 0.0004253223495702006, "local_perc": 0.25675675675675674}, "Tamil Nadu": {"global_perc": 0.00018774641717253895, "local_perc": 0.04054054054054054}, "UTTAR PRADESH": {"global_perc": 0.0001779459418959672, "local_perc": 0.25675675675675674}, "UTTARAKHAND": {"global_perc": 0.0001190972428988269, "local_perc": 0.02702702702702703}}, "partition_field": "Stat_Nam", "Vil_Nam": "Choppadandi", "Stat_Nam": "ANDHRA PRADESH"}, {"data": [["Priv_Mid_School_Num", 8.0], ["Priv_Sec_School_Num", 3.0], 2.6666666666666665], "data_low": {"Stat_Nam": "KERALA", "Vil_Nam": "Kalkoonthal", "Priv_Mid_School_Num": "11", "Priv_Sec_School_Num": "4", "id": 605729}, "data_high": {"Stat_Nam": "Punjab", "Vil_Nam": "Bilga (102)", "Priv_Mid_School_Num": "8", "Priv_Sec_School_Num": "3", "id": 29885}, "perc": 0.0014452607491268216, "metric": 99.99855307227492, "value_global_local": {}, "partition_field": null, "Vil_Nam": "Bilga (102)", "Stat_Nam": "Punjab"}, {"data": [["Priv_Mid_School_Num", 3.0], ["Priv_Sec_School_Num", 1.0], 3.0], "data_low": {"Stat_Nam": "ANDHRA PRADESH", "Vil_Nam": "Jangareddigudem", "Priv_Mid_School_Num": "15", "Priv_Sec_School_Num": "5", "id": 566568}, "data_high": {"Stat_Nam": "RAJASTHAN", "Vil_Nam": "Tiwari", "Priv_Mid_School_Num": "9", "Priv_Sec_School_Num": "3", "id": 84095}, "perc": 0.07579589706531777, "metric": 99.92420210405085, "value_global_local": {"ANDHRA PRADESH": {"global_perc": 0.000683453237410072, "local_perc": 0.04025423728813559}, "ASSAM": {"global_perc": 0.0004167455957567721, "local_perc": 0.023305084745762712}, "BIHAR": {"global_perc": 0.000178276953246869, "local_perc": 0.01694915254237288}, "CHHATTISGARH": {"global_perc": 0.00024843486037960845, "local_perc": 0.01059322033898305}, "HARYANA": {"global_perc": 0.001315597134921795, "local_perc": 0.019067796610169493}, "HIMACHAL PRADESH": {"global_perc": 4.833252779120348e-05, "local_perc": 0.00211864406779661}, "JAMMU & KASHMIR": {"global_perc": 0.0009156111704562796, "local_perc": 0.012711864406779662}, "JHARKHAND": {"global_perc": 3.086991418163858e-05, "local_perc": 0.00211864406779661}, "KARNATAKA": {"global_perc": 0.0007498295841854124, "local_perc": 0.046610169491525424}, "KERALA": {"global_perc": 0.036345776031434185, "local_perc": 0.07838983050847458}, "MADHYA PRADESH": {"global_perc": 0.0009835528113217857, "local_perc": 0.11440677966101695}, "MANIPUR": {"global_perc": 0.0007748934521503294, "local_perc": 0.00423728813559322}, "Maharashtra": {"global_perc": 0.0005038360242757357, "local_perc": 0.046610169491525424}, "Meghalaya": {"global_perc": 0.0016084222839596433, "local_perc": 0.023305084745762712}, "NAGALAND": {"global_perc": 0.0028011204481792717, "local_perc": 0.00847457627118644}, "ODISHA": {"global_perc": 1.948823884785532e-05, "local_perc": 0.00211864406779661}, "PUDUCHERRY": {"global_perc": 0.011111111111111112, "local_perc": 0.00211864406779661}, "Punjab": {"global_perc": 0.0008743343136475638, "local_perc": 0.023305084745762712}, "RAJASTHAN": {"global_perc": 0.0026638610315186245, "local_perc": 0.2521186440677966}, "Tamil Nadu": {"global_perc": 0.0008761499468051818, "local_perc": 0.029661016949152543}, "UTTAR PRADESH": {"global_perc": 0.0010302133478187574, "local_perc": 0.2330508474576271}, "UTTARAKHAND": {"global_perc": 0.0002381944857976538, "local_perc": 0.00847457627118644}}, "partition_field": "Stat_Nam", "Vil_Nam": "Wilgam", "Stat_Nam": "JAMMU & KASHMIR"}, {"data": [["Priv_Mid_School_Num", 10.0], ["Priv_Sec_School_Num", 3.0], 3.3333333333333335], "data_low": {"Stat_Nam": "KERALA", "Vil_Nam": "Palamel", "Priv_Mid_School_Num": "10", "Priv_Sec_School_Num": "3", "id": 605897}, "data_high": {"Stat_Nam": "KERALA", "Vil_Nam": "Palamel", "Priv_Mid_School_Num": "10", "Priv_Sec_School_Num": "3", "id": 605897}, "perc": 0.00016058452768075794, "metric": 99.999837081676, "value_global_local": {}, "partition_field": null, "Vil_Nam": "Palamel", "Stat_Nam": "KERALA"}, {"data": [["Priv_Mid_School_Num", 7.0], ["Priv_Sec_School_Num", 2.0], 3.5], "data_low": {"Stat_Nam": "RAJASTHAN", "Vil_Nam": "Raniwara Kalan", "Priv_Mid_School_Num": "7", "Priv_Sec_School_Num": "2", "id": 89239}, "data_high": {"Stat_Nam": "RAJASTHAN", "Vil_Nam": "Raniwara Kalan", "Priv_Mid_School_Num": "7", "Priv_Sec_School_Num": "2", "id": 89239}, "perc": 0.0014452607491268216, "metric": 99.99855223878694, "value_global_local": {}, "partition_field": null, "Vil_Nam": "Raniwara Kalan", "Stat_Nam": "RAJASTHAN"}, {"data": [["Priv_Mid_School_Num", 4.0], ["Priv_Sec_School_Num", 1.0], 4.0], "data_low": {"Stat_Nam": "JAMMU & KASHMIR", "Vil_Nam": "Ambh", "Priv_Mid_School_Num": "4", "Priv_Sec_School_Num": "1", "id": 5660}, "data_high": {"Stat_Nam": "ANDHRA PRADESH", "Vil_Nam": "Garepalle", "Priv_Mid_School_Num": "8", "Priv_Sec_School_Num": "2", "id": 550452}, "perc": 0.02649644706732506, "metric": 99.97350055312764, "value_global_local": {"ANDHRA PRADESH": {"global_perc": 0.0003956834532374101, "local_perc": 0.06666666666666667}, "ASSAM": {"global_perc": 3.7885963250615644e-05, "local_perc": 0.006060606060606061}, "BIHAR": {"global_perc": 8.91384766234345e-05, "local_perc": 0.024242424242424242}, "CHHATTISGARH": {"global_perc": 9.937394415184339e-05, "local_perc": 0.012121212121212121}, "HARYANA": {"global_perc": 0.000438532378307265, "local_perc": 0.01818181818181818}, "HIMACHAL PRADESH": {"global_perc": 4.833252779120348e-05, "local_perc": 0.006060606060606061}, "JAMMU & KASHMIR": {"global_perc": 0.00015260186174271325, "local_perc": 0.006060606060606061}, "KARNATAKA": {"global_perc": 0.00027266530334015, "local_perc": 0.048484848484848485}, "KERALA": {"global_perc": 0.014734774066797643, "local_perc": 0.09090909090909091}, "MADHYA PRADESH": {"global_perc": 0.00036427881900806877, "local_perc": 0.12121212121212122}, "MANIPUR": {"global_perc": 0.001162340178225494, "local_perc": 0.01818181818181818}, "Maharashtra": {"global_perc": 9.160654986831558e-05, "local_perc": 0.024242424242424242}, "NAGALAND": {"global_perc": 0.0007002801120448179, "local_perc": 0.006060606060606061}, "Punjab": {"global_perc": 0.0003974246880216199, "local_perc": 0.030303030303030304}, "RAJASTHAN": {"global_perc": 0.0010073424068767908, "local_perc": 0.2727272727272727}, "Tamil Nadu": {"global_perc": 0.00018774641717253895, "local_perc": 0.01818181818181818}, "UTTAR PRADESH": {"global_perc": 0.0003371607320134115, "local_perc": 0.21818181818181817}, "UTTARAKHAND": {"global_perc": 0.0001190972428988269, "local_perc": 0.012121212121212121}}, "partition_field": "Stat_Nam", "Vil_Nam": "Ambh", "Stat_Nam": "JAMMU & KASHMIR"}, {"data": [["Priv_Mid_School_Num", 9.0], ["Priv_Sec_School_Num", 2.0], 4.5], "data_low": {"Stat_Nam": "MADHYA PRADESH", "Vil_Nam": "Gunaur", "Priv_Mid_School_Num": "9", "Priv_Sec_School_Num": "2", "id": 456497}, "data_high": {"Stat_Nam": "MADHYA PRADESH", "Vil_Nam": "Gunaur", "Priv_Mid_School_Num": "9", "Priv_Sec_School_Num": "2", "id": 456497}, "perc": 0.00016058452768075794, "metric": 99.99983591477783, "value_global_local": {}, "partition_field": null, "Vil_Nam": "Gunaur", "Stat_Nam": "MADHYA PRADESH"}, {"data": [["Priv_Mid_School_Num", 5.0], ["Priv_Sec_School_Num", 1.0], 5.0], "data_low": {"Stat_Nam": "Punjab", "Vil_Nam": "Rurka Kalan (36)", "Priv_Mid_School_Num": "5", "Priv_Sec_School_Num": "1", "id": 30063}, "data_high": {"Stat_Nam": "Punjab", "Vil_Nam": "Rurka Kalan (36)", "Priv_Mid_School_Num": "5", "Priv_Sec_School_Num": "1", "id": 30063}, "perc": 0.010277409771568508, "metric": 99.98971858983948, "value_global_local": {"ANDHRA PRADESH": {"global_perc": 0.0001079136690647482, "local_perc": 0.046875}, "BIHAR": {"global_perc": 0.00011142309577929313, "local_perc": 0.078125}, "CHHATTISGARH": {"global_perc": 4.9686972075921695e-05, "local_perc": 0.015625}, "HARYANA": {"global_perc": 0.00029235491887151, "local_perc": 0.03125}, "JHARKHAND": {"global_perc": 3.086991418163858e-05, "local_perc": 0.015625}, "KARNATAKA": {"global_perc": 0.00020449897750511248, "local_perc": 0.09375}, "KERALA": {"global_perc": 0.0019646365422396855, "local_perc": 0.03125}, "MADHYA PRADESH": {"global_perc": 9.106970475201719e-05, "local_perc": 0.078125}, "Punjab": {"global_perc": 0.00023845481281297194, "local_perc": 0.046875}, "RAJASTHAN": {"global_perc": 0.00035816618911174784, "local_perc": 0.25}, "Tamil Nadu": {"global_perc": 6.258213905751299e-05, "local_perc": 0.015625}, "UTTAR PRADESH": {"global_perc": 0.0001779459418959672, "local_perc": 0.296875}}, "partition_field": "Stat_Nam", "Vil_Nam": "Rurka Kalan (36)", "Stat_Nam": "Punjab"}, {"data": [["Priv_Mid_School_Num", 6.0], ["Priv_Sec_School_Num", 1.0], 6.0], "data_low": {"Stat_Nam": "JAMMU & KASHMIR", "Vil_Nam": "Charri Sharif", "Priv_Mid_School_Num": "6", "Priv_Sec_School_Num": "1", "id": 820}, "data_high": {"Stat_Nam": "JAMMU & KASHMIR", "Vil_Nam": "Charri Sharif", "Priv_Mid_School_Num": "6", "Priv_Sec_School_Num": "1", "id": 820}, "perc": 0.0027299369705728856, "metric": 99.99726506216581, "value_global_local": {}, "partition_field": null, "Vil_Nam": "Charri Sharif", "Stat_Nam": "JAMMU & KASHMIR"}, {"data": [["Priv_Mid_School_Num", 7.0], ["Priv_Sec_School_Num", 1.0], 7.0], "data_low": {"Stat_Nam": "JAMMU & KASHMIR", "Vil_Nam": "Samote", "Priv_Mid_School_Num": "7", "Priv_Sec_School_Num": "1", "id": 1230}, "data_high": {"Stat_Nam": "JAMMU & KASHMIR", "Vil_Nam": "Samote", "Priv_Mid_School_Num": "7", "Priv_Sec_School_Num": "1", "id": 1230}, "perc": 0.0012846762214460635, "metric": 99.99870932265547, "value_global_local": {}, "partition_field": null, "Vil_Nam": "Samote", "Stat_Nam": "JAMMU & KASHMIR"}, {"data": [["Priv_Mid_School_Num", 8.0], ["Priv_Sec_School_Num", 1.0], 8.0], "data_low": {"Stat_Nam": "UTTAR PRADESH", "Vil_Nam": "Ait", "Priv_Mid_School_Num": "8", "Priv_Sec_School_Num": "1", "id": 150924}, "data_high": {"Stat_Nam": "UTTAR PRADESH", "Vil_Nam": "Ait", "Priv_Mid_School_Num": "8", "Priv_Sec_School_Num": "1", "id": 150924}, "perc": 0.0008029226384037898, "metric": 99.9991900760176, "value_global_local": {}, "partition_field": null, "Vil_Nam": "Ait", "Stat_Nam": "UTTAR PRADESH"}, {"data": [["Priv_Mid_School_Num", 12.0], ["Priv_Sec_School_Num", 1.0], 12.0], "data_low": {"Stat_Nam": "ANDHRA PRADESH", "Vil_Nam": "Chowdur", "Priv_Mid_School_Num": "12", "Priv_Sec_School_Num": "1", "id": 571457}, "data_high": {"Stat_Nam": "ANDHRA PRADESH", "Vil_Nam": "Chowdur", "Priv_Mid_School_Num": "12", "Priv_Sec_School_Num": "1", "id": 571457}, "perc": 0.00016058452768075794, "metric": 99.99982841328966, "value_global_local": {}, "partition_field": null, "Vil_Nam": "Chowdur", "Stat_Nam": "ANDHRA PRADESH"}, {"data": [["Priv_Mid_School_Num", 31.0], ["Priv_Sec_School_Num", 1.0], 31.0], "data_low": {"Stat_Nam": "UTTAR PRADESH", "Vil_Nam": "Semra", "Priv_Mid_School_Num": "31", "Priv_Sec_School_Num": "1", "id": 167131}, "data_high": {"Stat_Nam": "UTTAR PRADESH", "Vil_Nam": "Semra", "Priv_Mid_School_Num": "31", "Priv_Sec_School_Num": "1", "id": 167131}, "perc": 0.00016058452768075794, "metric": 99.99980940951961, "value_global_local": {}, "partition_field": null, "Vil_Nam": "Semra", "Stat_Nam": "UTTAR PRADESH"}, {"data": [["Priv_Mid_School_Num", 4.0], ["Priv_Sec_School_Num", 0.0], 9999], "data_low": {"Stat_Nam": "JAMMU & KASHMIR", "Vil_Nam": "Wavoora", "Priv_Mid_School_Num": "1", "Priv_Sec_School_Num": "0", "id": 42}, "data_high": {"Stat_Nam": "UTTAR PRADESH", "Vil_Nam": "Barauna Kalan", "Priv_Mid_School_Num": "9", "Priv_Sec_School_Num": "0", "id": 147315}, "perc": 4.485928780761974, "metric": 95.50451981221163, "value_global_local": {"": {"global_perc": 0.09082721532569044, "local_perc": 1.0}}, "partition_field": "Near_Vil_Tow_Nam_hav_Mid_School", "Vil_Nam": "Chrali Gund", "Stat_Nam": "JAMMU & KASHMIR"}, {"data": [["Priv_Mid_School_Num", 0.0], ["Priv_Sec_School_Num", 0.0], 99980001], "data_low": {"Stat_Nam": "JAMMU & KASHMIR", "Vil_Nam": "Bugna", "Priv_Mid_School_Num": "", "Priv_Sec_School_Num": "", "id": 2}, "data_high": {"Stat_Nam": "JAMMU & KASHMIR", "Vil_Nam": "Bore", "Priv_Mid_School_Num": "0", "Priv_Sec_School_Num": "0", "id": 0}, "perc": 90.25990605805131, "metric": 9.027796074742119e-07, "value_global_local": {"null": {"global_perc": 0.9025990605805131, "local_perc": 1.0}}, "partition_field": "Dist_Other", "Vil_Nam": "Bore", "Stat_Nam": "JAMMU & KASHMIR"}]