[{"data": [["Fam_Wel_Cen_Doc_Tot_Stren_Num", 0.0], ["Fam_Wel_Cen_Num", 1.0], 0.0], "data_low": {"Stat_Nam": "HIMACHAL PRADESH", "Vil_Nam": "Sarog   (173)", "Fam_Wel_Cen_Num": "1", "Fam_Wel_Cen_Doc_Tot_Stren_Num": "", "id": 7030}, "data_high": {"Stat_Nam": "JAMMU & KASHMIR", "Vil_Nam": "Keshwan", "Fam_Wel_Cen_Num": "1", "Fam_Wel_Cen_Doc_Tot_Stren_Num": "0", "id": 4609}, "perc": 1.6307358785980972, "metric": 98.3692651052913, "value_global_local": {"ANDAMAN & NICOBAR ISLANDS": {"global_perc": 0.025225225225225224, "local_perc": 0.00137863121614968}, "Arunachal Pradesh": {"global_perc": 0.0001789228842368939, "local_perc": 9.847365829640571e-05}, "BIHAR": {"global_perc": 0.04343272273476846, "local_perc": 0.19192516001969473}, "Dadra & Nagar Haveli": {"global_perc": 0.015384615384615385, "local_perc": 9.847365829640571e-05}, "GOA": {"global_perc": 0.23952095808383234, "local_perc": 0.007877892663712457}, "HARYANA": {"global_perc": 0.004531501242508405, "local_perc": 0.003052683407188577}, "HIMACHAL PRADESH": {"global_perc": 0.004108264862252296, "local_perc": 0.008370260955194485}, "JAMMU & KASHMIR": {"global_perc": 0.00015260186174271325, "local_perc": 9.847365829640571e-05}, "JHARKHAND": {"global_perc": 3.086991418163858e-05, "local_perc": 9.847365829640571e-05}, "KARNATAKA": {"global_perc": 0.2043967280163599, "local_perc": 0.5905465288035451}, "MANIPUR": {"global_perc": 0.0003874467260751647, "local_perc": 9.847365829640571e-05}, "MIZORAM": {"global_perc": 0.01325301204819277, "local_perc": 0.0010832102412604628}, "NAGALAND": {"global_perc": 0.004201680672268907, "local_perc": 0.0005908419497784342}, "SIKKIM": {"global_perc": 0.31263858093126384, "local_perc": 0.013884785819793206}, "TRIPURA": {"global_perc": 0.0034285714285714284, "local_perc": 0.0002954209748892171}, "UTTAR PRADESH": {"global_perc": 0.002959521981006612, "local_perc": 0.031117676021664206}, "UTTARAKHAND": {"global_perc": 0.010063717024950873, "local_perc": 0.016642048252092565}, "West Bengal": {"global_perc": 0.03351733054851062, "local_perc": 0.1327424913835549}}, "partition_field": "Stat_Nam", "Vil_Nam": "Keshwan", "Stat_Nam": "JAMMU & KASHMIR"}, {"data": [["Fam_Wel_Cen_Doc_Tot_Stren_Num", 1.0], ["Fam_Wel_Cen_Num", 5.0], 0.2], "data_low": {"Stat_Nam": "West Bengal", "Vil_Nam": "Gokulchanda", "Fam_Wel_Cen_Num": "5", "Fam_Wel_Cen_Doc_Tot_Stren_Num": "1", "id": 307279}, "data_high": {"Stat_Nam": "West Bengal", "Vil_Nam": "Gokulchanda", "Fam_Wel_Cen_Num": "5", "Fam_Wel_Cen_Doc_Tot_Stren_Num": "1", "id": 307279}, "perc": 0.00016058452768075794, "metric": 99.99984021563107, "value_global_local": {}, "partition_field": null, "Vil_Nam": "Gokulchanda", "Stat_Nam": "West Bengal"}, {"data": [["Fam_Wel_Cen_Doc_Tot_Stren_Num", 1.0], ["Fam_Wel_Cen_Num", 3.0], 0.3333333333333333], "data_low": {"Stat_Nam": "West Bengal", "Vil_Nam": "Derya Chak", "Fam_Wel_Cen_Num": "3", "Fam_Wel_Cen_Doc_Tot_Stren_Num": "1", "id": 342441}, "data_high": {"Stat_Nam": "West Bengal", "Vil_Nam": "Derya Chak", "Fam_Wel_Cen_Num": "3", "Fam_Wel_Cen_Doc_Tot_Stren_Num": "1", "id": 342441}, "perc": 0.0011240916937653056, "metric": 99.99887657509875, "value_global_local": {}, "partition_field": null, "Vil_Nam": "Derya Chak", "Stat_Nam": "West Bengal"}, {"data": [["Fam_Wel_Cen_Doc_Tot_Stren_Num", 4.0], ["Fam_Wel_Cen_Num", 9.0], 0.4444444444444444], "data_low": {"Stat_Nam": "HIMACHAL PRADESH", "Vil_Nam": "Galu (64)", "Fam_Wel_Cen_Num": "2", "Fam_Wel_Cen_Doc_Tot_Stren_Num": "1", "id": 13098}, "data_high": {"Stat_Nam": "TRIPURA", "Vil_Nam": "Purba Nalichhara", "Fam_Wel_Cen_Num": "9", "Fam_Wel_Cen_Doc_Tot_Stren_Num": "4", "id": 271399}, "perc": 0.012204424103737605, "metric": 99.98779613149513, "value_global_local": {"ASSAM": {"global_perc": 0.0005682894487592347, "local_perc": 0.19736842105263158}, "HARYANA": {"global_perc": 0.00029235491887151, "local_perc": 0.02631578947368421}, "HIMACHAL PRADESH": {"global_perc": 4.833252779120348e-05, "local_perc": 0.013157894736842105}, "KARNATAKA": {"global_perc": 0.0011247443762781187, "local_perc": 0.4342105263157895}, "MADHYA PRADESH": {"global_perc": 5.464182285121031e-05, "local_perc": 0.039473684210526314}, "Punjab": {"global_perc": 0.00023845481281297194, "local_perc": 0.039473684210526314}, "TRIPURA": {"global_perc": 0.001142857142857143, "local_perc": 0.013157894736842105}, "UTTAR PRADESH": {"global_perc": 0.00013111806244966003, "local_perc": 0.18421052631578946}, "UTTARAKHAND": {"global_perc": 5.954862144941345e-05, "local_perc": 0.013157894736842105}, "West Bengal": {"global_perc": 7.459346561241235e-05, "local_perc": 0.039473684210526314}}, "partition_field": "Stat_Nam", "Vil_Nam": "Purba Nalichhara", "Stat_Nam": "TRIPURA"}, {"data": [["Fam_Wel_Cen_Doc_Tot_Stren_Num", 2.0], ["Fam_Wel_Cen_Num", 3.0], 0.6666666666666666], "data_low": {"Stat_Nam": "MADHYA PRADESH", "Vil_Nam": "Khedli Bazar", "Fam_Wel_Cen_Num": "3", "Fam_Wel_Cen_Doc_Tot_Stren_Num": "2", "id": 483971}, "data_high": {"Stat_Nam": "MADHYA PRADESH", "Vil_Nam": "Khedli Bazar", "Fam_Wel_Cen_Num": "3", "Fam_Wel_Cen_Doc_Tot_Stren_Num": "2", "id": 483971}, "perc": 0.00016058452768075794, "metric": 99.99983974887178, "value_global_local": {}, "partition_field": null, "Vil_Nam": "Khedli Bazar", "Stat_Nam": "MADHYA PRADESH"}, {"data": [["Fam_Wel_Cen_Doc_Tot_Stren_Num", 1.0], ["Fam_Wel_Cen_Num", 1.0], 1.0], "data_low": {"Stat_Nam": "JAMMU & KASHMIR", "Vil_Nam": "Sogam", "Fam_Wel_Cen_Num": "1", "Fam_Wel_Cen_Doc_Tot_Stren_Num": "1", "id": 36}, "data_high": {"Stat_Nam": "West Bengal", "Vil_Nam": "Balupur", "Fam_Wel_Cen_Num": "7", "Fam_Wel_Cen_Doc_Tot_Stren_Num": "7", "id": 311006}, "perc": 2.7484041912561725, "metric": 97.25159580874383, "value_global_local": {"": {"global_perc": 0.029678734751707694, "local_perc": 0.9032427695004382}, "1": {"global_perc": 0.3333333333333333, "local_perc": 5.8428279287174995e-05}, "AAMILLAHVA": {"global_perc": 1.0, "local_perc": 5.8428279287174995e-05}, "ABBASPUR": {"global_perc": 1.0, "local_perc": 5.8428279287174995e-05}, "AHIRAULI": {"global_perc": 0.058823529411764705, "local_perc": 5.8428279287174995e-05}, "AJORPUR": {"global_perc": 1.0, "local_perc": 5.8428279287174995e-05}, "AKANII": {"global_perc": 1.0, "local_perc": 5.8428279287174995e-05}, "AKHTIYARPUR": {"global_perc": 0.3333333333333333, "local_perc": 5.8428279287174995e-05}, "ALABALPUR": {"global_perc": 0.5, "local_perc": 5.8428279287174995e-05}, "ALAMGARH": {"global_perc": 1.0, "local_perc": 5.8428279287174995e-05}, "ALBAL": {"global_perc": 1.0, "local_perc": 5.8428279287174995e-05}, "ALIPUR BIHTA": {"global_perc": 1.0, "local_perc": 5.8428279287174995e-05}, "ALIYA": {"global_perc": 0.5, "local_perc": 5.8428279287174995e-05}, "AMANPUR": {"global_perc": 0.3333333333333333, "local_perc": 5.8428279287174995e-05}, "AMARDOMA": {"global_perc": 0.25, "local_perc": 5.8428279287174995e-05}, "AMAUNA": {"global_perc": 0.2, "local_perc": 5.8428279287174995e-05}, "AMAV": {"global_perc": 1.0, "local_perc": 5.8428279287174995e-05}, "AMBATIKA": {"global_perc": 0.5, "local_perc": 5.8428279287174995e-05}, "AMDARI": {"global_perc": 0.6666666666666666, "local_perc": 0.00011685655857434999}, "AMRDHAHA CHARAN": {"global_perc": 1.0, "local_perc": 5.8428279287174995e-05}, "ANAI": {"global_perc": 0.5, "local_perc": 5.8428279287174995e-05}, "ANDAOUR": {"global_perc": 1.0, "local_perc": 0.00011685655857434999}, "ANDIPATTI": {"global_perc": 0.25, "local_perc": 5.8428279287174995e-05}, "ANEAI": {"global_perc": 1.0, "local_perc": 5.8428279287174995e-05}, "APAYAL": {"global_perc": 1.0, "local_perc": 5.8428279287174995e-05}, "APPAL": {"global_perc": 1.0, "local_perc": 5.8428279287174995e-05}, "ARIHAULI": {"global_perc": 1.0, "local_perc": 5.8428279287174995e-05}, "ASHARAM PAR": {"global_perc": 0.5, "local_perc": 5.8428279287174995e-05}, "ATAR MUNAN KAR": {"global_perc": 1.0, "local_perc": 5.8428279287174995e-05}, "ATARDEEH": {"global_perc": 1.0, "local_perc": 5.8428279287174995e-05}, "ATHILA": {"global_perc": 1.0, "local_perc": 5.8428279287174995e-05}, "AURANGABAD": {"global_perc": 0.058823529411764705, "local_perc": 5.8428279287174995e-05}, "AURANGABAD HEERAMANSHA": {"global_perc": 1.0, "local_perc": 5.8428279287174995e-05}, "AWAYA": {"global_perc": 1.0, "local_perc": 5.8428279287174995e-05}, "AYAR": {"global_perc": 0.5, "local_perc": 5.8428279287174995e-05}, "AYODHYAPUR": {"global_perc": 1.0, "local_perc": 5.8428279287174995e-05}, "AZAMPUR": {"global_perc": 0.5, "local_perc": 5.8428279287174995e-05}, "Amonggre": {"global_perc": 0.25, "local_perc": 5.8428279287174995e-05}, "B.B.NAGAR": {"global_perc": 0.5, "local_perc": 5.8428279287174995e-05}, "BABHANI": {"global_perc": 0.015625, "local_perc": 0.00017528483786152498}, "BABHNAULI": {"global_perc": 0.16666666666666666, "local_perc": 5.8428279287174995e-05}, "BADAGAON": {"global_perc": 0.16666666666666666, "local_perc": 5.8428279287174995e-05}, "BADAL": {"global_perc": 1.0, "local_perc": 5.8428279287174995e-05}, "BADDAMAFI": {"global_perc": 1.0, "local_perc": 5.8428279287174995e-05}, "BADGIRI": {"global_perc": 1.0, "local_perc": 5.8428279287174995e-05}, "BADHAINI KHURD": {"global_perc": 1.0, "local_perc": 0.00011685655857434999}, "BADHAN": {"global_perc": 0.5, "local_perc": 5.8428279287174995e-05}, "BADLA": {"global_perc": 0.2, "local_perc": 5.8428279287174995e-05}, "BADLOLPUR": {"global_perc": 1.0, "local_perc": 5.8428279287174995e-05}, "BADSARI": {"global_perc": 1.0, "local_perc": 0.00017528483786152498}, "BAG": {"global_perc": 0.1111111111111111, "local_perc": 5.8428279287174995e-05}, "BAGHAULI": {"global_perc": 0.6666666666666666, "local_perc": 0.00011685655857434999}, "BAGHAW": {"global_perc": 1.0, "local_perc": 5.8428279287174995e-05}, "BAGHIYA": {"global_perc": 1.0, "local_perc": 5.8428279287174995e-05}, "BAGHUAL": {"global_perc": 1.0, "local_perc": 5.8428279287174995e-05}, "BAHADURPUR": {"global_perc": 0.023809523809523808, "local_perc": 5.8428279287174995e-05}, "BAHARAGORA": {"global_perc": 0.125, "local_perc": 5.8428279287174995e-05}, "BAHARAICH": {"global_perc": 1.0, "local_perc": 5.8428279287174995e-05}, "BAHARPUR": {"global_perc": 0.2, "local_perc": 5.8428279287174995e-05}, "BAHDURA": {"global_perc": 1.0, "local_perc": 5.8428279287174995e-05}, "BAHERA": {"global_perc": 0.07692307692307693, "local_perc": 5.8428279287174995e-05}, "BAHORANPUR": {"global_perc": 0.5, "local_perc": 5.8428279287174995e-05}, "BAHUARA": {"global_perc": 0.14285714285714285, "local_perc": 5.8428279287174995e-05}, "BAHUTACHAK UPADHYAY": {"global_perc": 1.0, "local_perc": 5.8428279287174995e-05}, "BAIJALPUR": {"global_perc": 0.5, "local_perc": 5.8428279287174995e-05}, "BAIJPUR": {"global_perc": 0.3333333333333333, "local_perc": 5.8428279287174995e-05}, "BAIJUWAPUR": {"global_perc": 1.0, "local_perc": 5.8428279287174995e-05}, "BAIKUNTH PUR": {"global_perc": 0.25, "local_perc": 5.8428279287174995e-05}, "BAKAMI": {"global_perc": 1.0, "local_perc": 5.8428279287174995e-05}, "BAKAR PUR": {"global_perc": 1.0, "local_perc": 5.8428279287174995e-05}, "BAKARKUNDA": {"global_perc": 1.0, "local_perc": 5.8428279287174995e-05}, "BAKWA": {"global_perc": 1.0, "local_perc": 0.00011685655857434999}, "BALEJI": {"global_perc": 1.0, "local_perc": 5.8428279287174995e-05}, "BALEUR": {"global_perc": 1.0, "local_perc": 5.8428279287174995e-05}, "BALIPUR": {"global_perc": 0.14285714285714285, "local_perc": 5.8428279287174995e-05}, "BALKPDI": {"global_perc": 1.0, "local_perc": 5.8428279287174995e-05}, "BALLIA": {"global_perc": 0.5, "local_perc": 5.8428279287174995e-05}, "BALUA": {"global_perc": 0.07142857142857142, "local_perc": 5.8428279287174995e-05}, "BANDLA": {"global_perc": 0.3333333333333333, "local_perc": 5.8428279287174995e-05}, "BANE DI HATTI": {"global_perc": 0.14285714285714285, "local_perc": 5.8428279287174995e-05}, "BANGRA": {"global_perc": 0.5, "local_perc": 0.00017528483786152498}, "BANHARA": {"global_perc": 0.5, "local_perc": 5.8428279287174995e-05}, "BANIA CHHAPAR": {"global_perc": 0.4, "local_perc": 0.00011685655857434999}, "BANKAT": {"global_perc": 0.4, "local_perc": 0.00011685655857434999}, "BANKI": {"global_perc": 0.1, "local_perc": 5.8428279287174995e-05}, "BANSDIH": {"global_perc": 0.9, "local_perc": 0.0005258545135845749}, "BAR": {"global_perc": 0.16666666666666666, "local_perc": 5.8428279287174995e-05}, "BARAILA": {"global_perc": 0.4, "local_perc": 0.00011685655857434999}, "BARAMPUR": {"global_perc": 0.5, "local_perc": 5.8428279287174995e-05}, "BARDIYA": {"global_perc": 0.3333333333333333, "local_perc": 5.8428279287174995e-05}, "BARHUCHA": {"global_perc": 1.0, "local_perc": 5.8428279287174995e-05}, "BARIYAPUR": {"global_perc": 1.0, "local_perc": 5.8428279287174995e-05}, "BARIYARPUR": {"global_perc": 0.3333333333333333, "local_perc": 5.8428279287174995e-05}, "BARNAG BASANTPUR": {"global_perc": 1.0, "local_perc": 5.8428279287174995e-05}, "BARTHRAKALA": {"global_perc": 1.0, "local_perc": 5.8428279287174995e-05}, "BARYADI KHUDAI": {"global_perc": 1.0, "local_perc": 5.8428279287174995e-05}, "BASANT PUR": {"global_perc": 0.75, "local_perc": 0.00017528483786152498}, "BASANTPUR": {"global_perc": 0.05128205128205128, "local_perc": 0.00011685655857434999}, "BASANTPURA": {"global_perc": 1.0, "local_perc": 5.8428279287174995e-05}, "BASAULI": {"global_perc": 0.3333333333333333, "local_perc": 5.8428279287174995e-05}, "BASBARIYA": {"global_perc": 1.0, "local_perc": 5.8428279287174995e-05}, "BASDIH": {"global_perc": 0.08333333333333333, "local_perc": 5.8428279287174995e-05}, "BASDIHAGOPAL": {"global_perc": 0.5, "local_perc": 5.8428279287174995e-05}, "BASINI": {"global_perc": 1.0, "local_perc": 5.8428279287174995e-05}, "BASOLI MALLI": {"global_perc": 0.5, "local_perc": 5.8428279287174995e-05}, "BASRIK": {"global_perc": 1.0, "local_perc": 5.8428279287174995e-05}, "BASUDEVA": {"global_perc": 1.0, "local_perc": 5.8428279287174995e-05}, "BASVAN": {"global_perc": 1.0, "local_perc": 5.8428279287174995e-05}, "BATAULI": {"global_perc": 0.3333333333333333, "local_perc": 5.8428279287174995e-05}, "BATINGOO": {"global_perc": 0.5, "local_perc": 5.8428279287174995e-05}, "BAUMIH": {"global_perc": 1.0, "local_perc": 5.8428279287174995e-05}, "BAUSI": {"global_perc": 0.5, "local_perc": 5.8428279287174995e-05}, "BELASI PAH": {"global_perc": 1.0, "local_perc": 5.8428279287174995e-05}, "BELHAN": {"global_perc": 0.3333333333333333, "local_perc": 5.8428279287174995e-05}, "BELSARI": {"global_perc": 0.5, "local_perc": 5.8428279287174995e-05}, "BELSRA": {"global_perc": 1.0, "local_perc": 5.8428279287174995e-05}, "BELTHARA ROAD": {"global_perc": 0.3333333333333333, "local_perc": 5.8428279287174995e-05}, "BELTHRA ROAD": {"global_perc": 1.0, "local_perc": 0.00035056967572304995}, "BELWARIA": {"global_perc": 1.0, "local_perc": 5.8428279287174995e-05}, "BELWARIYA": {"global_perc": 1.0, "local_perc": 5.8428279287174995e-05}, "BERIYA": {"global_perc": 0.5, "local_perc": 0.00011685655857434999}, "BERU AKHARI": {"global_perc": 1.0, "local_perc": 5.8428279287174995e-05}, "BHADAURA": {"global_perc": 0.14285714285714285, "local_perc": 5.8428279287174995e-05}, "BHAGIPUR": {"global_perc": 0.5, "local_perc": 5.8428279287174995e-05}, "BHAGWANPUR": {"global_perc": 0.034482758620689655, "local_perc": 5.8428279287174995e-05}, "BHAIRITAR": {"global_perc": 1.0, "local_perc": 5.8428279287174995e-05}, "BHAIYADIH": {"global_perc": 1.0, "local_perc": 5.8428279287174995e-05}, "BHAKHRA": {"global_perc": 1.0, "local_perc": 5.8428279287174995e-05}, "BHALUHA": {"global_perc": 0.3333333333333333, "local_perc": 5.8428279287174995e-05}, "BHANDRA": {"global_perc": 0.3333333333333333, "local_perc": 5.8428279287174995e-05}, "BHANPURKHA": {"global_perc": 1.0, "local_perc": 5.8428279287174995e-05}, "BHARAHATHA": {"global_perc": 1.0, "local_perc": 5.8428279287174995e-05}, "BHARAT PUR": {"global_perc": 0.5, "local_perc": 5.8428279287174995e-05}, "BHARATPUR": {"global_perc": 0.05263157894736842, "local_perc": 5.8428279287174995e-05}, "BHARAULI": {"global_perc": 0.23076923076923078, "local_perc": 0.00017528483786152498}, "BHARBHAWAN": {"global_perc": 1.0, "local_perc": 5.8428279287174995e-05}, "BHARUI": {"global_perc": 1.0, "local_perc": 5.8428279287174995e-05}, "BHARWAIN": {"global_perc": 0.2, "local_perc": 5.8428279287174995e-05}, "BHATAULI": {"global_perc": 0.1111111111111111, "local_perc": 5.8428279287174995e-05}, "BHATOLI": {"global_perc": 0.1111111111111111, "local_perc": 5.8428279287174995e-05}, "BHATWACHAK": {"global_perc": 1.0, "local_perc": 5.8428279287174995e-05}, "BHAUPUR": {"global_perc": 0.2, "local_perc": 5.8428279287174995e-05}, "BHAVANIPUR": {"global_perc": 0.3333333333333333, "local_perc": 5.8428279287174995e-05}, "BHAWANIPUR": {"global_perc": 0.13333333333333333, "local_perc": 0.00011685655857434999}, "BHAWARNA": {"global_perc": 0.25, "local_perc": 5.8428279287174995e-05}, "BHEJRIYA": {"global_perc": 1.0, "local_perc": 5.8428279287174995e-05}, "BHELKHA": {"global_perc": 0.5, "local_perc": 5.8428279287174995e-05}, "BHELWA": {"global_perc": 0.25, "local_perc": 5.8428279287174995e-05}, "BHIKHAMPUR": {"global_perc": 0.16666666666666666, "local_perc": 5.8428279287174995e-05}, "BHIKHARIPUR": {"global_perc": 0.2, "local_perc": 5.8428279287174995e-05}, "BHIKHPUR": {"global_perc": 0.5, "local_perc": 5.8428279287174995e-05}, "BHIMPUR": {"global_perc": 0.3076923076923077, "local_perc": 0.00023371311714869998}, "BHIMPURA": {"global_perc": 1.0, "local_perc": 5.8428279287174995e-05}, "BHIND LAKHAN": {"global_perc": 1.0, "local_perc": 5.8428279287174995e-05}, "BHIPAIRA": {"global_perc": 1.0, "local_perc": 5.8428279287174995e-05}, "BHITI": {"global_perc": 0.2857142857142857, "local_perc": 0.00011685655857434999}, "BHOJPUR": {"global_perc": 0.07142857142857142, "local_perc": 5.8428279287174995e-05}, "BHOJPURWA": {"global_perc": 1.0, "local_perc": 5.8428279287174995e-05}, "BHOPATPUR": {"global_perc": 0.125, "local_perc": 5.8428279287174995e-05}, "BHULE KHURD": {"global_perc": 1.0, "local_perc": 5.8428279287174995e-05}, "BHUTAHAVA": {"global_perc": 1.0, "local_perc": 5.8428279287174995e-05}, "BHUTI": {"global_perc": 1.0, "local_perc": 5.8428279287174995e-05}, "BHUWANCHAPRA": {"global_perc": 1.0, "local_perc": 5.8428279287174995e-05}, "BIBIPUR": {"global_perc": 0.17391304347826086, "local_perc": 0.00023371311714869998}, "BICHIYA": {"global_perc": 0.5, "local_perc": 5.8428279287174995e-05}, "BIJULIPUR": {"global_perc": 1.0, "local_perc": 5.8428279287174995e-05}, "BIKAPUR": {"global_perc": 0.25, "local_perc": 5.8428279287174995e-05}, "BIKHARA": {"global_perc": 1.0, "local_perc": 5.8428279287174995e-05}, "BIKRAMGANJ": {"global_perc": 0.012345679012345678, "local_perc": 5.8428279287174995e-05}, "BIRAMPUR": {"global_perc": 0.25, "local_perc": 5.8428279287174995e-05}, "BISHASHARPUR": {"global_perc": 1.0, "local_perc": 5.8428279287174995e-05}, "BISHUNPURA": {"global_perc": 0.1111111111111111, "local_perc": 5.8428279287174995e-05}, "BJPKCHAPARA": {"global_perc": 1.0, "local_perc": 5.8428279287174995e-05}, "BORAGAONWADI": {"global_perc": 1.0, "local_perc": 5.8428279287174995e-05}, "BOSWAN": {"global_perc": 1.0, "local_perc": 5.8428279287174995e-05}, "BRAHMDEWTA": {"global_perc": 1.0, "local_perc": 5.8428279287174995e-05}, "BRAMH DEVTA": {"global_perc": 1.0, "local_perc": 5.8428279287174995e-05}, "BRAUGHI": {"global_perc": 0.3333333333333333, "local_perc": 5.8428279287174995e-05}, "CAHNAR": {"global_perc": 1.0, "local_perc": 5.8428279287174995e-05}, "CHAI CHAPRA": {"global_perc": 1.0, "local_perc": 5.8428279287174995e-05}, "CHAIBASA": {"global_perc": 0.5, "local_perc": 5.8428279287174995e-05}, "CHAK BAHAUDDIN": {"global_perc": 1.0, "local_perc": 5.8428279287174995e-05}, "CHAK BAMUN": {"global_perc": 0.3333333333333333, "local_perc": 5.8428279287174995e-05}, "CHAK HAZI": {"global_perc": 1.0, "local_perc": 5.8428279287174995e-05}, "CHAK KHAN": {"global_perc": 1.0, "local_perc": 5.8428279287174995e-05}, "CHAMPAPUR": {"global_perc": 0.3333333333333333, "local_perc": 5.8428279287174995e-05}, "CHAMRMA": {"global_perc": 1.0, "local_perc": 5.8428279287174995e-05}, "CHANAR BIGHA": {"global_perc": 0.2, "local_perc": 5.8428279287174995e-05}, "CHAND": {"global_perc": 0.2, "local_perc": 5.8428279287174995e-05}, "CHANDI": {"global_perc": 0.04, "local_perc": 5.8428279287174995e-05}, "CHANDIGARH": {"global_perc": 0.3333333333333333, "local_perc": 5.8428279287174995e-05}, "CHANDPUR": {"global_perc": 0.05128205128205128, "local_perc": 0.00011685655857434999}, "CHANDRI": {"global_perc": 0.1111111111111111, "local_perc": 5.8428279287174995e-05}, "CHAPAR": {"global_perc": 0.3333333333333333, "local_perc": 5.8428279287174995e-05}, "CHAPRI": {"global_perc": 0.25, "local_perc": 5.8428279287174995e-05}, "CHARAUON": {"global_perc": 1.0, "local_perc": 0.00011685655857434999}, "CHARAUVA": {"global_perc": 1.0, "local_perc": 5.8428279287174995e-05}, "CHATRO": {"global_perc": 0.5, "local_perc": 5.8428279287174995e-05}, "CHAUBEY PUR": {"global_perc": 1.0, "local_perc": 5.8428279287174995e-05}, "CHEMAIA": {"global_perc": 1.0, "local_perc": 5.8428279287174995e-05}, "CHHANGLA": {"global_perc": 0.2, "local_perc": 5.8428279287174995e-05}, "CHHAP": {"global_perc": 1.0, "local_perc": 5.8428279287174995e-05}, "CHHAPRA SARIW": {"global_perc": 1.0, "local_perc": 5.8428279287174995e-05}, "CHHAPRASARIW": {"global_perc": 1.0, "local_perc": 0.00011685655857434999}, "CHHATA": {"global_perc": 1.0, "local_perc": 5.8428279287174995e-05}, "CHHATAK": {"global_perc": 1.0, "local_perc": 5.8428279287174995e-05}, "CHHITONI": {"global_perc": 1.0, "local_perc": 5.8428279287174995e-05}, "CHHITRAULI": {"global_perc": 1.0, "local_perc": 0.00011685655857434999}, "CHHTARSAR": {"global_perc": 1.0, "local_perc": 5.8428279287174995e-05}, "CHILAKHAR": {"global_perc": 1.0, "local_perc": 5.8428279287174995e-05}, "CHILAKHAR1": {"global_perc": 1.0, "local_perc": 5.8428279287174995e-05}, "CHILDAG": {"global_perc": 0.5, "local_perc": 5.8428279287174995e-05}, "CHINDA": {"global_perc": 1.0, "local_perc": 5.8428279287174995e-05}, "CHIPRA": {"global_perc": 0.6666666666666666, "local_perc": 0.00011685655857434999}, "CHIRLAKOPPA": {"global_perc": 1.0, "local_perc": 5.8428279287174995e-05}, "CHITAM PUR": {"global_perc": 1.0, "local_perc": 5.8428279287174995e-05}, "CHITAONI": {"global_perc": 1.0, "local_perc": 5.8428279287174995e-05}, "CHITAUNI": {"global_perc": 0.5, "local_perc": 5.8428279287174995e-05}, "CHITBARGAON": {"global_perc": 1.0, "local_perc": 0.00011685655857434999}, "CHOLAPUR": {"global_perc": 1.0, "local_perc": 5.8428279287174995e-05}, "CHTTURPUR": {"global_perc": 1.0, "local_perc": 5.8428279287174995e-05}, "CHUKHA": {"global_perc": 1.0, "local_perc": 5.8428279287174995e-05}, "CHUPPEPUR": {"global_perc": 0.3333333333333333, "local_perc": 0.00011685655857434999}, "DABARI": {"global_perc": 1.0, "local_perc": 5.8428279287174995e-05}, "DADHORPUR": {"global_perc": 1.0, "local_perc": 5.8428279287174995e-05}, "DAGHARIYA": {"global_perc": 1.0, "local_perc": 0.00011685655857434999}, "DAHAHA": {"global_perc": 1.0, "local_perc": 5.8428279287174995e-05}, "DAIRA": {"global_perc": 1.0, "local_perc": 5.8428279287174995e-05}, "DAK": {"global_perc": 0.5, "local_perc": 5.8428279287174995e-05}, "DALU": {"global_perc": 0.07692307692307693, "local_perc": 5.8428279287174995e-05}, "DAMADIH": {"global_perc": 0.5, "local_perc": 5.8428279287174995e-05}, "DANIYALPUR": {"global_perc": 0.5, "local_perc": 5.8428279287174995e-05}, "DARA": {"global_perc": 1.0, "local_perc": 5.8428279287174995e-05}, "DARIYA": {"global_perc": 0.5, "local_perc": 5.8428279287174995e-05}, "DARO": {"global_perc": 0.5, "local_perc": 5.8428279287174995e-05}, "DARVA": {"global_perc": 0.3333333333333333, "local_perc": 5.8428279287174995e-05}, "DATHA": {"global_perc": 1.0, "local_perc": 5.8428279287174995e-05}, "DATHATPUR": {"global_perc": 1.0, "local_perc": 5.8428279287174995e-05}, "DAULARIYA": {"global_perc": 1.0, "local_perc": 5.8428279287174995e-05}, "DAWAL GARH": {"global_perc": 0.25, "local_perc": 5.8428279287174995e-05}, "DAYALPUR": {"global_perc": 0.07142857142857142, "local_perc": 5.8428279287174995e-05}, "DAYALPUR KALA": {"global_perc": 1.0, "local_perc": 0.00011685655857434999}, "DEDUWA": {"global_perc": 1.0, "local_perc": 5.8428279287174995e-05}, "DEVALVIR": {"global_perc": 1.0, "local_perc": 5.8428279287174995e-05}, "DEVANANDPUR": {"global_perc": 1.0, "local_perc": 5.8428279287174995e-05}, "DEVARIA KALA": {"global_perc": 1.0, "local_perc": 5.8428279287174995e-05}, "DEVARIYA": {"global_perc": 0.25, "local_perc": 0.00011685655857434999}, "DEVDIH": {"global_perc": 1.0, "local_perc": 5.8428279287174995e-05}, "DEVDIYA": {"global_perc": 0.5, "local_perc": 5.8428279287174995e-05}, "DHADHORPUR": {"global_perc": 1.0, "local_perc": 0.00011685655857434999}, "DHAJNAJPUR": {"global_perc": 1.0, "local_perc": 5.8428279287174995e-05}, "DHAMAPUR": {"global_perc": 1.0, "local_perc": 5.8428279287174995e-05}, "DHAMIPUR": {"global_perc": 1.0, "local_perc": 5.8428279287174995e-05}, "DHANAURA": {"global_perc": 0.2, "local_perc": 5.8428279287174995e-05}, "DHANAUTI DHURA": {"global_perc": 1.0, "local_perc": 5.8428279287174995e-05}, "DHANAUTI KHURD": {"global_perc": 0.5, "local_perc": 5.8428279287174995e-05}, "DHANPURA": {"global_perc": 0.125, "local_perc": 5.8428279287174995e-05}, "DHANPURWA": {"global_perc": 0.5, "local_perc": 5.8428279287174995e-05}, "DHARAMPUR": {"global_perc": 0.03125, "local_perc": 5.8428279287174995e-05}, "DHARHAR": {"global_perc": 1.0, "local_perc": 5.8428279287174995e-05}, "DHARHARA": {"global_perc": 0.14285714285714285, "local_perc": 5.8428279287174995e-05}, "DHARKANHA KHURD": {"global_perc": 0.09090909090909091, "local_perc": 5.8428279287174995e-05}, "DHNGULI": {"global_perc": 1.0, "local_perc": 5.8428279287174995e-05}, "DHOLAPUIR": {"global_perc": 1.0, "local_perc": 5.8428279287174995e-05}, "DIFFERPAT": {"global_perc": 1.0, "local_perc": 5.8428279287174995e-05}, "DIGCHRA": {"global_perc": 1.0, "local_perc": 0.00011685655857434999}, "DIWAKARPUR": {"global_perc": 1.0, "local_perc": 5.8428279287174995e-05}, "DIYABHAGAR": {"global_perc": 1.0, "local_perc": 5.8428279287174995e-05}, "DIYARABHAGAR": {"global_perc": 1.0, "local_perc": 5.8428279287174995e-05}, "DORHWA": {"global_perc": 1.0, "local_perc": 5.8428279287174995e-05}, "DORIHAR": {"global_perc": 0.5, "local_perc": 5.8428279287174995e-05}, "DUBAKIYA": {"global_perc": 1.0, "local_perc": 0.00011685655857434999}, "DUBAULI INDRACHAK": {"global_perc": 1.0, "local_perc": 5.8428279287174995e-05}, "DUBHAD": {"global_perc": 1.0, "local_perc": 0.00011685655857434999}, "DUHIBHUSI": {"global_perc": 1.0, "local_perc": 5.8428279287174995e-05}, "DUIKASAI": {"global_perc": 1.0, "local_perc": 5.8428279287174995e-05}, "DULARPUR": {"global_perc": 0.6666666666666666, "local_perc": 0.00011685655857434999}, "DUMDUA": {"global_perc": 1.0, "local_perc": 5.8428279287174995e-05}, "DUNGRI MALLI": {"global_perc": 1.0, "local_perc": 0.00011685655857434999}, "Dhaliwal Bet": {"global_perc": 0.5, "local_perc": 5.8428279287174995e-05}, "EAKHARA": {"global_perc": 1.0, "local_perc": 5.8428279287174995e-05}, "EKAUNI": {"global_perc": 0.5, "local_perc": 5.8428279287174995e-05}, "EKAWARI": {"global_perc": 1.0, "local_perc": 5.8428279287174995e-05}, "EKWARI": {"global_perc": 1.0, "local_perc": 5.8428279287174995e-05}, "ENDARPUR": {"global_perc": 1.0, "local_perc": 5.8428279287174995e-05}, "ETAHI": {"global_perc": 1.0, "local_perc": 5.8428279287174995e-05}, "F 1 P 2": {"global_perc": 1.0, "local_perc": 5.8428279287174995e-05}, "FARIDPUR": {"global_perc": 0.058823529411764705, "local_perc": 5.8428279287174995e-05}, "FATEHPUR": {"global_perc": 0.031746031746031744, "local_perc": 0.00011685655857434999}, "FATEHPUR CHADRAI": {"global_perc": 1.0, "local_perc": 5.8428279287174995e-05}, "FATHAPUR": {"global_perc": 1.0, "local_perc": 5.8428279287174995e-05}, "FEKANA": {"global_perc": 1.0, "local_perc": 5.8428279287174995e-05}, "FULWARIA": {"global_perc": 1.0, "local_perc": 5.8428279287174995e-05}, "GADHMAL": {"global_perc": 1.0, "local_perc": 5.8428279287174995e-05}, "GADIARA": {"global_perc": 0.08333333333333333, "local_perc": 5.8428279287174995e-05}, "GAGAL": {"global_perc": 0.2, "local_perc": 5.8428279287174995e-05}, "GAGELISAUR": {"global_perc": 1.0, "local_perc": 5.8428279287174995e-05}, "GAHARPUR": {"global_perc": 0.3333333333333333, "local_perc": 5.8428279287174995e-05}, "GAHURA": {"global_perc": 1.0, "local_perc": 5.8428279287174995e-05}, "GAIGHAT": {"global_perc": 0.375, "local_perc": 0.00017528483786152498}, "GAJADHARPUR": {"global_perc": 0.125, "local_perc": 5.8428279287174995e-05}, "GAJENDRA": {"global_perc": 1.0, "local_perc": 5.8428279287174995e-05}, "GAJODIH": {"global_perc": 1.0, "local_perc": 5.8428279287174995e-05}, "GANGAPUR": {"global_perc": 0.15151515151515152, "local_perc": 0.00029214139643587495}, "GANGDIH": {"global_perc": 1.0, "local_perc": 5.8428279287174995e-05}, "GANGHARA": {"global_perc": 0.5, "local_perc": 5.8428279287174995e-05}, "GANGOH": {"global_perc": 0.125, "local_perc": 5.8428279287174995e-05}, "GAON": {"global_perc": 0.06666666666666667, "local_perc": 5.8428279287174995e-05}, "GAORPURA": {"global_perc": 1.0, "local_perc": 5.8428279287174995e-05}, "GARHWA": {"global_perc": 0.42857142857142855, "local_perc": 0.00017528483786152498}, "GARHWAR": {"global_perc": 1.0, "local_perc": 0.00011685655857434999}, "GARUD": {"global_perc": 0.25, "local_perc": 5.8428279287174995e-05}, "GARWA": {"global_perc": 0.5, "local_perc": 5.8428279287174995e-05}, "GAUHARPUR": {"global_perc": 0.3333333333333333, "local_perc": 5.8428279287174995e-05}, "GAURAKALA": {"global_perc": 1.0, "local_perc": 5.8428279287174995e-05}, "GAURAUPWAR": {"global_perc": 1.0, "local_perc": 5.8428279287174995e-05}, "GAYGHAR": {"global_perc": 1.0, "local_perc": 5.8428279287174995e-05}, "GAZAPUR": {"global_perc": 1.0, "local_perc": 0.00011685655857434999}, "GAZIABAD": {"global_perc": 1.0, "local_perc": 5.8428279287174995e-05}, "GAZIYAPUR": {"global_perc": 1.0, "local_perc": 5.8428279287174995e-05}, "GHAIGHAT": {"global_perc": 1.0, "local_perc": 5.8428279287174995e-05}, "GHATAMPUR": {"global_perc": 0.25, "local_perc": 5.8428279287174995e-05}, "GHINDWARA": {"global_perc": 0.14285714285714285, "local_perc": 5.8428279287174995e-05}, "GHOSILA": {"global_perc": 0.5, "local_perc": 5.8428279287174995e-05}, "GHUMACHI": {"global_perc": 1.0, "local_perc": 5.8428279287174995e-05}, "GHURET": {"global_perc": 1.0, "local_perc": 5.8428279287174995e-05}, "GHURIPUR": {"global_perc": 1.0, "local_perc": 5.8428279287174995e-05}, "GOBIND": {"global_perc": 1.0, "local_perc": 5.8428279287174995e-05}, "GOBINDPUR": {"global_perc": 0.043478260869565216, "local_perc": 5.8428279287174995e-05}, "GODIWALI KHAS": {"global_perc": 1.0, "local_perc": 5.8428279287174995e-05}, "GOGLO": {"global_perc": 1.0, "local_perc": 5.8428279287174995e-05}, "GOH": {"global_perc": 0.2, "local_perc": 5.8428279287174995e-05}, "GOIDHAPPA": {"global_perc": 1.0, "local_perc": 5.8428279287174995e-05}, "GONHA TAL": {"global_perc": 1.0, "local_perc": 5.8428279287174995e-05}, "GOPICHAK": {"global_perc": 1.0, "local_perc": 5.8428279287174995e-05}, "GORA": {"global_perc": 0.25, "local_perc": 5.8428279287174995e-05}, "GORDHAPPA": {"global_perc": 1.0, "local_perc": 5.8428279287174995e-05}, "GORHRA": {"global_perc": 1.0, "local_perc": 5.8428279287174995e-05}, "GOSAIPUR": {"global_perc": 0.3, "local_perc": 0.00017528483786152498}, "GOTHHULI": {"global_perc": 1.0, "local_perc": 5.8428279287174995e-05}, "GOVARDHANPUR": {"global_perc": 1.0, "local_perc": 0.00023371311714869998}, "GOVINDAMPALAYAM": {"global_perc": 0.5, "local_perc": 5.8428279287174995e-05}, "GOVINDPUR": {"global_perc": 0.037037037037037035, "local_perc": 5.8428279287174995e-05}, "GRASTANGANJ": {"global_perc": 1.0, "local_perc": 5.8428279287174995e-05}, "GUDARI": {"global_perc": 0.16666666666666666, "local_perc": 5.8428279287174995e-05}, "GUDRI": {"global_perc": 0.25, "local_perc": 5.8428279287174995e-05}, "GUJARAN PURVA": {"global_perc": 1.0, "local_perc": 5.8428279287174995e-05}, "GULAULA KHERA": {"global_perc": 1.0, "local_perc": 5.8428279287174995e-05}, "GUMANPUR": {"global_perc": 1.0, "local_perc": 5.8428279287174995e-05}, "GUMMIDIPOONDI": {"global_perc": 0.5, "local_perc": 5.8428279287174995e-05}, "GUMRU": {"global_perc": 0.3333333333333333, "local_perc": 5.8428279287174995e-05}, "GURI": {"global_perc": 0.1111111111111111, "local_perc": 5.8428279287174995e-05}, "GURPHALI": {"global_perc": 1.0, "local_perc": 5.8428279287174995e-05}, "GURUDASPUR": {"global_perc": 0.4, "local_perc": 0.00011685655857434999}, "GUTAKBARA": {"global_perc": 1.0, "local_perc": 5.8428279287174995e-05}, "GYANPUR": {"global_perc": 0.034482758620689655, "local_perc": 5.8428279287174995e-05}, "HADIHAKALA": {"global_perc": 1.0, "local_perc": 5.8428279287174995e-05}, "HADIPORA": {"global_perc": 0.2, "local_perc": 5.8428279287174995e-05}, "HADIYA KALA": {"global_perc": 1.0, "local_perc": 5.8428279287174995e-05}, "HAFIZPUR": {"global_perc": 0.25, "local_perc": 5.8428279287174995e-05}, "HAJI PUR": {"global_perc": 1.0, "local_perc": 5.8428279287174995e-05}, "HALLIDAYGANJ": {"global_perc": 0.2, "local_perc": 5.8428279287174995e-05}, "HAMILAPUR": {"global_perc": 1.0, "local_perc": 5.8428279287174995e-05}, "HARDIYA JAMIN": {"global_perc": 1.0, "local_perc": 5.8428279287174995e-05}, "HARDUA": {"global_perc": 0.25, "local_perc": 5.8428279287174995e-05}, "HARHUA": {"global_perc": 0.3333333333333333, "local_perc": 5.8428279287174995e-05}, "HARIHA KALA": {"global_perc": 1.0, "local_perc": 5.8428279287174995e-05}, "HARIHARPUR": {"global_perc": 0.0967741935483871, "local_perc": 0.00017528483786152498}, "HARIRAMPUR": {"global_perc": 0.14285714285714285, "local_perc": 5.8428279287174995e-05}, "HARPUR": {"global_perc": 0.125, "local_perc": 0.00011685655857434999}, "HARVADIH": {"global_perc": 1.0, "local_perc": 5.8428279287174995e-05}, "HASANPUR": {"global_perc": 0.03333333333333333, "local_perc": 5.8428279287174995e-05}, "HATHIVAR": {"global_perc": 1.0, "local_perc": 5.8428279287174995e-05}, "HATHIYA": {"global_perc": 1.0, "local_perc": 5.8428279287174995e-05}, "HATHIYAR": {"global_perc": 1.0, "local_perc": 5.8428279287174995e-05}, "HAUCAK": {"global_perc": 0.16666666666666666, "local_perc": 5.8428279287174995e-05}, "HAZARA SINGHWALA": {"global_perc": 1.0, "local_perc": 5.8428279287174995e-05}, "HEERAPUR": {"global_perc": 0.2857142857142857, "local_perc": 0.00011685655857434999}, "HIGUTAR JAGDISHPUR": {"global_perc": 1.0, "local_perc": 5.8428279287174995e-05}, "HRIYA CHAK": {"global_perc": 1.0, "local_perc": 5.8428279287174995e-05}, "HUDOLI": {"global_perc": 0.5, "local_perc": 5.8428279287174995e-05}, "HUSENABAD": {"global_perc": 0.3333333333333333, "local_perc": 5.8428279287174995e-05}, "IBRAHIM PATTI": {"global_perc": 1.0, "local_perc": 5.8428279287174995e-05}, "IBRAHIMPATTI": {"global_perc": 1.0, "local_perc": 5.8428279287174995e-05}, "IBRAHIMPUR": {"global_perc": 0.2, "local_perc": 0.00011685655857434999}, "ILKAL": {"global_perc": 0.5, "local_perc": 5.8428279287174995e-05}, "INDAR": {"global_perc": 0.6666666666666666, "local_perc": 0.00011685655857434999}, "INDAUR": {"global_perc": 1.0, "local_perc": 0.00011685655857434999}, "INDERPUR": {"global_perc": 1.0, "local_perc": 5.8428279287174995e-05}, "ISHAPUR": {"global_perc": 0.3333333333333333, "local_perc": 5.8428279287174995e-05}, "ISMAILPUR": {"global_perc": 0.08333333333333333, "local_perc": 5.8428279287174995e-05}, "ITWA": {"global_perc": 0.1, "local_perc": 5.8428279287174995e-05}, "JAGDISHPUR": {"global_perc": 0.024390243902439025, "local_perc": 5.8428279287174995e-05}, "JAGDISPUR": {"global_perc": 1.0, "local_perc": 5.8428279287174995e-05}, "JAGGHARWA": {"global_perc": 1.0, "local_perc": 5.8428279287174995e-05}, "JAGJIVANPUR": {"global_perc": 1.0, "local_perc": 5.8428279287174995e-05}, "JAGRITH": {"global_perc": 1.0, "local_perc": 5.8428279287174995e-05}, "JAIDOPUR": {"global_perc": 1.0, "local_perc": 5.8428279287174995e-05}, "JAIDPUR": {"global_perc": 1.0, "local_perc": 5.8428279287174995e-05}, "JALALPUR": {"global_perc": 0.037037037037037035, "local_perc": 5.8428279287174995e-05}, "JALALPUR NAURANGA": {"global_perc": 0.5, "local_perc": 5.8428279287174995e-05}, "JAM": {"global_perc": 0.6666666666666666, "local_perc": 0.00011685655857434999}, "JAMALPUR": {"global_perc": 0.06666666666666667, "local_perc": 0.00011685655857434999}, "JAMAPATTI": {"global_perc": 1.0, "local_perc": 5.8428279287174995e-05}, "JAMAWAHI": {"global_perc": 1.0, "local_perc": 5.8428279287174995e-05}, "JAMBGI(K.D)": {"global_perc": 1.0, "local_perc": 5.8428279287174995e-05}, "JAMINBIL KUNDA": {"global_perc": 1.0, "local_perc": 5.8428279287174995e-05}, "JAMUAA": {"global_perc": 1.0, "local_perc": 5.8428279287174995e-05}, "JAMUAMWAN": {"global_perc": 1.0, "local_perc": 5.8428279287174995e-05}, "JAMUI": {"global_perc": 0.08333333333333333, "local_perc": 5.8428279287174995e-05}, "JAMUWA": {"global_perc": 1.0, "local_perc": 5.8428279287174995e-05}, "JANADI": {"global_perc": 1.0, "local_perc": 5.8428279287174995e-05}, "JANGLA": {"global_perc": 0.5, "local_perc": 5.8428279287174995e-05}, "JANHUPUR": {"global_perc": 1.0, "local_perc": 5.8428279287174995e-05}, "JANIPUR": {"global_perc": 0.5, "local_perc": 5.8428279287174995e-05}, "JANPUR": {"global_perc": 1.0, "local_perc": 5.8428279287174995e-05}, "JANSA": {"global_perc": 1.0, "local_perc": 5.8428279287174995e-05}, "JASKOT": {"global_perc": 0.3333333333333333, "local_perc": 5.8428279287174995e-05}, "JAYAPUR": {"global_perc": 0.25, "local_perc": 5.8428279287174995e-05}, "JHANJHAUR": {"global_perc": 1.0, "local_perc": 5.8428279287174995e-05}, "JHANJIDIH": {"global_perc": 1.0, "local_perc": 5.8428279287174995e-05}, "JHN": {"global_perc": 1.0, "local_perc": 5.8428279287174995e-05}, "JIGANI KHAS": {"global_perc": 1.0, "local_perc": 5.8428279287174995e-05}, "JIGIRSAR": {"global_perc": 1.0, "local_perc": 5.8428279287174995e-05}, "JIRA BASTI": {"global_perc": 1.0, "local_perc": 5.8428279287174995e-05}, "JOPA": {"global_perc": 1.0, "local_perc": 5.8428279287174995e-05}, "JUGUL": {"global_perc": 1.0, "local_perc": 5.8428279287174995e-05}, "KACHACHIYA KALA": {"global_perc": 1.0, "local_perc": 5.8428279287174995e-05}, "KACHHUWAKHAS": {"global_perc": 1.0, "local_perc": 5.8428279287174995e-05}, "KACHVACHIYA KALA": {"global_perc": 1.0, "local_perc": 0.00011685655857434999}, "KACHVCHIYA KALA": {"global_perc": 1.0, "local_perc": 5.8428279287174995e-05}, "KACHVCHIYA PUR": {"global_perc": 1.0, "local_perc": 5.8428279287174995e-05}, "KADIPUR": {"global_perc": 0.125, "local_perc": 5.8428279287174995e-05}, "KAFOL GAON TALLA": {"global_perc": 0.5, "local_perc": 5.8428279287174995e-05}, "KAHNPUR": {"global_perc": 1.0, "local_perc": 5.8428279287174995e-05}, "KAITHAVALI": {"global_perc": 1.0, "local_perc": 5.8428279287174995e-05}, "KAITHWALI": {"global_perc": 1.0, "local_perc": 5.8428279287174995e-05}, "KAJI PUR": {"global_perc": 1.0, "local_perc": 5.8428279287174995e-05}, "KAJIPUR": {"global_perc": 0.25, "local_perc": 0.00011685655857434999}, "KAJIYAON": {"global_perc": 1.0, "local_perc": 5.8428279287174995e-05}, "KAKARKUNDA": {"global_perc": 1.0, "local_perc": 0.00011685655857434999}, "KAKARPATTI": {"global_perc": 1.0, "local_perc": 5.8428279287174995e-05}, "KAKRAHIYA": {"global_perc": 1.0, "local_perc": 5.8428279287174995e-05}, "KAKRALA": {"global_perc": 0.5, "local_perc": 5.8428279287174995e-05}, "KAMRAULI": {"global_perc": 0.5, "local_perc": 5.8428279287174995e-05}, "KAMSIPUR": {"global_perc": 1.0, "local_perc": 5.8428279287174995e-05}, "KANA SUAN": {"global_perc": 0.5, "local_perc": 5.8428279287174995e-05}, "KANAI": {"global_perc": 1.0, "local_perc": 5.8428279287174995e-05}, "KANAKPUR": {"global_perc": 0.1111111111111111, "local_perc": 5.8428279287174995e-05}, "KANAKPURA": {"global_perc": 1.0, "local_perc": 5.8428279287174995e-05}, "KANATY": {"global_perc": 1.0, "local_perc": 5.8428279287174995e-05}, "KANDHALA SHEIKAN": {"global_perc": 1.0, "local_perc": 5.8428279287174995e-05}, "KANDI": {"global_perc": 0.08333333333333333, "local_perc": 5.8428279287174995e-05}, "KANERI": {"global_perc": 0.5, "local_perc": 5.8428279287174995e-05}, "KANHAULI KHAS": {"global_perc": 1.0, "local_perc": 5.8428279287174995e-05}, "KANTAILA": {"global_perc": 1.0, "local_perc": 5.8428279287174995e-05}, "KAPURI": {"global_perc": 0.16666666666666666, "local_perc": 5.8428279287174995e-05}, "KAPWA": {"global_perc": 1.0, "local_perc": 5.8428279287174995e-05}, "KARAKAT": {"global_perc": 0.125, "local_perc": 5.8428279287174995e-05}, "KARKAR": {"global_perc": 1.0, "local_perc": 0.00011685655857434999}, "KARKHIYAWAN": {"global_perc": 1.0, "local_perc": 5.8428279287174995e-05}, "KARLI KALH": {"global_perc": 0.2, "local_perc": 5.8428279287174995e-05}, "KARMA": {"global_perc": 0.058823529411764705, "local_perc": 5.8428279287174995e-05}, "KARMAUTA": {"global_perc": 1.0, "local_perc": 5.8428279287174995e-05}, "KARMCHATA": {"global_perc": 0.2, "local_perc": 5.8428279287174995e-05}, "KARMI": {"global_perc": 0.2222222222222222, "local_perc": 0.00011685655857434999}, "KARO": {"global_perc": 1.0, "local_perc": 5.8428279287174995e-05}, "KASHIPUR": {"global_perc": 0.1, "local_perc": 5.8428279287174995e-05}, "KASUVA": {"global_perc": 0.3333333333333333, "local_perc": 5.8428279287174995e-05}, "KATAHANA": {"global_perc": 0.5, "local_perc": 5.8428279287174995e-05}, "KATARI": {"global_perc": 0.25, "local_perc": 5.8428279287174995e-05}, "KATGHARA KALAN": {"global_perc": 1.0, "local_perc": 5.8428279287174995e-05}, "KATHIPR": {"global_perc": 1.0, "local_perc": 5.8428279287174995e-05}, "KAULI": {"global_perc": 0.14285714285714285, "local_perc": 5.8428279287174995e-05}, "KAUMI": {"global_perc": 1.0, "local_perc": 5.8428279287174995e-05}, "KEGHPUR": {"global_perc": 1.0, "local_perc": 5.8428279287174995e-05}, "KESHRUA": {"global_perc": 1.0, "local_perc": 5.8428279287174995e-05}, "KESHRUWA": {"global_perc": 1.0, "local_perc": 5.8428279287174995e-05}, "KEVATLIYA": {"global_perc": 0.5, "local_perc": 5.8428279287174995e-05}, "KEVATLIYA KALA": {"global_perc": 1.0, "local_perc": 5.8428279287174995e-05}, "KEVATNIYA": {"global_perc": 1.0, "local_perc": 5.8428279287174995e-05}, "KEWARA": {"global_perc": 1.0, "local_perc": 5.8428279287174995e-05}, "KHACHAR": {"global_perc": 1.0, "local_perc": 5.8428279287174995e-05}, "KHAIDLI KHURD": {"global_perc": 1.0, "local_perc": 5.8428279287174995e-05}, "KHAIRA": {"global_perc": 0.058823529411764705, "local_perc": 5.8428279287174995e-05}, "KHAIRHI": {"global_perc": 0.16666666666666666, "local_perc": 5.8428279287174995e-05}, "KHAKIRKA": {"global_perc": 1.0, "local_perc": 5.8428279287174995e-05}, "KHALISPUR": {"global_perc": 0.14285714285714285, "local_perc": 5.8428279287174995e-05}, "KHAMIRIYA": {"global_perc": 1.0, "local_perc": 5.8428279287174995e-05}, "KHANAVA": {"global_perc": 1.0, "local_perc": 5.8428279287174995e-05}, "KHANPATTI": {"global_perc": 1.0, "local_perc": 5.8428279287174995e-05}, "KHANPUR": {"global_perc": 0.02564102564102564, "local_perc": 5.8428279287174995e-05}, "KHANVARAN VADA": {"global_perc": 1.0, "local_perc": 5.8428279287174995e-05}, "KHARAGPUR": {"global_perc": 0.18181818181818182, "local_perc": 0.00011685655857434999}, "KHARAICH": {"global_perc": 1.0, "local_perc": 5.8428279287174995e-05}, "KHARAR": {"global_perc": 0.2222222222222222, "local_perc": 0.00011685655857434999}, "KHARAUNI": {"global_perc": 1.0, "local_perc": 5.8428279287174995e-05}, "KHARAURA": {"global_perc": 1.0, "local_perc": 5.8428279287174995e-05}, "KHARGIPUR": {"global_perc": 0.5, "local_perc": 0.00011685655857434999}, "KHARI": {"global_perc": 0.42857142857142855, "local_perc": 0.00017528483786152498}, "KHARICHA": {"global_perc": 0.3333333333333333, "local_perc": 5.8428279287174995e-05}, "KHARID": {"global_perc": 1.0, "local_perc": 5.8428279287174995e-05}, "KHARIKA": {"global_perc": 0.6666666666666666, "local_perc": 0.00011685655857434999}, "KHARUHL": {"global_perc": 0.25, "local_perc": 5.8428279287174995e-05}, "KHDAIL": {"global_perc": 1.0, "local_perc": 5.8428279287174995e-05}, "KHDIKA": {"global_perc": 1.0, "local_perc": 5.8428279287174995e-05}, "KHEMAPUR": {"global_perc": 0.25, "local_perc": 0.00011685655857434999}, "KHETA SARAI": {"global_perc": 1.0, "local_perc": 5.8428279287174995e-05}, "KHOKHKHAR": {"global_perc": 0.25, "local_perc": 5.8428279287174995e-05}, "KHORI PAKAD": {"global_perc": 1.0, "local_perc": 0.00011685655857434999}, "KHUKHRAIN": {"global_perc": 0.3333333333333333, "local_perc": 5.8428279287174995e-05}, "KHULASPUR": {"global_perc": 1.0, "local_perc": 5.8428279287174995e-05}, "KHURDA SEER": {"global_perc": 1.0, "local_perc": 5.8428279287174995e-05}, "KIDIHARAPUR": {"global_perc": 1.0, "local_perc": 5.8428279287174995e-05}, "KIRATPUR": {"global_perc": 0.16666666666666666, "local_perc": 5.8428279287174995e-05}, "KISHANPUR": {"global_perc": 0.2222222222222222, "local_perc": 0.00011685655857434999}, "KISHOR CHETAN": {"global_perc": 1.0, "local_perc": 5.8428279287174995e-05}, "KODAI": {"global_perc": 0.5, "local_perc": 5.8428279287174995e-05}, "KOHLADI": {"global_perc": 1.0, "local_perc": 5.8428279287174995e-05}, "KOIRAJPUR": {"global_perc": 1.0, "local_perc": 5.8428279287174995e-05}, "KOKADIH": {"global_perc": 1.0, "local_perc": 5.8428279287174995e-05}, "KOLARI": {"global_perc": 1.0, "local_perc": 5.8428279287174995e-05}, "KONE": {"global_perc": 1.0, "local_perc": 5.8428279287174995e-05}, "KONI": {"global_perc": 0.16666666666666666, "local_perc": 5.8428279287174995e-05}, "KOSDA": {"global_perc": 0.14285714285714285, "local_perc": 5.8428279287174995e-05}, "KOT GANGURAI": {"global_perc": 1.0, "local_perc": 5.8428279287174995e-05}, "KOTHI": {"global_perc": 0.05405405405405406, "local_perc": 0.00011685655857434999}, "KOTWA": {"global_perc": 0.2222222222222222, "local_perc": 0.00011685655857434999}, "KOTWAR": {"global_perc": 1.0, "local_perc": 5.8428279287174995e-05}, "KRTHWALIYA": {"global_perc": 1.0, "local_perc": 5.8428279287174995e-05}, "KUCHAHARA": {"global_perc": 1.0, "local_perc": 5.8428279287174995e-05}, "KUCHHARA": {"global_perc": 1.0, "local_perc": 5.8428279287174995e-05}, "KUDI": {"global_perc": 0.2, "local_perc": 5.8428279287174995e-05}, "KUKURBAGHI": {"global_perc": 0.0625, "local_perc": 5.8428279287174995e-05}, "KULLAR": {"global_perc": 0.3333333333333333, "local_perc": 5.8428279287174995e-05}, "KULLATHILVAI": {"global_perc": 0.3333333333333333, "local_perc": 5.8428279287174995e-05}, "KUMHAILA": {"global_perc": 0.5, "local_perc": 5.8428279287174995e-05}, "KURAHAR": {"global_perc": 1.0, "local_perc": 5.8428279287174995e-05}, "KURAIJI": {"global_perc": 1.0, "local_perc": 5.8428279287174995e-05}, "KURAVEDIYA": {"global_perc": 1.0, "local_perc": 5.8428279287174995e-05}, "KURMADIH": {"global_perc": 1.0, "local_perc": 5.8428279287174995e-05}, "KURSIN": {"global_perc": 1.0, "local_perc": 5.8428279287174995e-05}, "KUSHHAR": {"global_perc": 1.0, "local_perc": 0.00017528483786152498}, "LACHHIPUR": {"global_perc": 0.3333333333333333, "local_perc": 5.8428279287174995e-05}, "LAHR THAKRAN": {"global_perc": 1.0, "local_perc": 0.00011685655857434999}, "LAKHAN PUE": {"global_perc": 1.0, "local_perc": 5.8428279287174995e-05}, "LAKHI RAMPUR": {"global_perc": 1.0, "local_perc": 5.8428279287174995e-05}, "LAKHNA PAR": {"global_perc": 1.0, "local_perc": 5.8428279287174995e-05}, "LAKHNAPAR": {"global_perc": 0.3333333333333333, "local_perc": 5.8428279287174995e-05}, "LALGANJ": {"global_perc": 0.08, "local_perc": 0.00011685655857434999}, "LALPUR": {"global_perc": 0.046511627906976744, "local_perc": 0.00011685655857434999}, "LANJ": {"global_perc": 0.3333333333333333, "local_perc": 5.8428279287174995e-05}, "LAUHAR": {"global_perc": 0.6666666666666666, "local_perc": 0.00011685655857434999}, "LAXAYNAGAR": {"global_perc": 1.0, "local_perc": 5.8428279287174995e-05}, "LEKHAMPUR": {"global_perc": 1.0, "local_perc": 5.8428279287174995e-05}, "LODHBHARWARI": {"global_perc": 1.0, "local_perc": 5.8428279287174995e-05}, "LODHIMANJRA": {"global_perc": 0.5, "local_perc": 5.8428279287174995e-05}, "LOKAPUR": {"global_perc": 0.2, "local_perc": 5.8428279287174995e-05}, "LRIYAR": {"global_perc": 1.0, "local_perc": 5.8428279287174995e-05}, "LUXMANPUR": {"global_perc": 1.0, "local_perc": 5.8428279287174995e-05}, "MACHONG": {"global_perc": 1.0, "local_perc": 5.8428279287174995e-05}, "MADARHANA": {"global_perc": 0.5, "local_perc": 5.8428279287174995e-05}, "MADHOPUR": {"global_perc": 0.16129032258064516, "local_perc": 0.00029214139643587495}, "MAGALI": {"global_perc": 1.0, "local_perc": 5.8428279287174995e-05}, "MAGHGAVA": {"global_perc": 1.0, "local_perc": 5.8428279287174995e-05}, "MAGIRCHAP": {"global_perc": 1.0, "local_perc": 5.8428279287174995e-05}, "MAGRAULI": {"global_perc": 1.0, "local_perc": 0.00011685655857434999}, "MAHARAJPUR": {"global_perc": 0.14285714285714285, "local_perc": 5.8428279287174995e-05}, "MAHDIPUR": {"global_perc": 0.5, "local_perc": 5.8428279287174995e-05}, "MAHURI": {"global_perc": 0.25, "local_perc": 5.8428279287174995e-05}, "MAJHGAWAN": {"global_perc": 0.16666666666666666, "local_perc": 5.8428279287174995e-05}, "MAJHIGAWA": {"global_perc": 0.25, "local_perc": 5.8428279287174995e-05}, "MAJHOLA": {"global_perc": 0.5, "local_perc": 5.8428279287174995e-05}, "MAJHWALIYA": {"global_perc": 1.0, "local_perc": 5.8428279287174995e-05}, "MAKSUDAN PATTI": {"global_perc": 0.5, "local_perc": 5.8428279287174995e-05}, "MALAI HAR SENPUR": {"global_perc": 1.0, "local_perc": 5.8428279287174995e-05}, "MALAU": {"global_perc": 1.0, "local_perc": 5.8428279287174995e-05}, "MALAUHA": {"global_perc": 1.0, "local_perc": 5.8428279287174995e-05}, "MALERA": {"global_perc": 1.0, "local_perc": 5.8428279287174995e-05}, "MALHA": {"global_perc": 1.0, "local_perc": 5.8428279287174995e-05}, "MALHUWA": {"global_perc": 1.0, "local_perc": 5.8428279287174995e-05}, "MALIKPACHAI": {"global_perc": 1.0, "local_perc": 5.8428279287174995e-05}, "MALIPUR": {"global_perc": 0.6666666666666666, "local_perc": 0.00011685655857434999}, "MAMKHIR": {"global_perc": 1.0, "local_perc": 5.8428279287174995e-05}, "MANDRE PUR": {"global_perc": 1.0, "local_perc": 5.8428279287174995e-05}, "MANEI": {"global_perc": 1.0, "local_perc": 5.8428279287174995e-05}, "MANGAT KHERA": {"global_perc": 1.0, "local_perc": 5.8428279287174995e-05}, "MANGRAULI": {"global_perc": 0.5, "local_perc": 5.8428279287174995e-05}, "MANIKPUR": {"global_perc": 0.02631578947368421, "local_perc": 5.8428279287174995e-05}, "MANIYAR": {"global_perc": 1.0, "local_perc": 0.00046742623429739996}, "MANJANPUR": {"global_perc": 1.0, "local_perc": 5.8428279287174995e-05}, "MANJHARIA": {"global_perc": 0.5, "local_perc": 5.8428279287174995e-05}, "MANPUR": {"global_perc": 0.043478260869565216, "local_perc": 5.8428279287174995e-05}, "MARARI KALA": {"global_perc": 1.0, "local_perc": 0.00011685655857434999}, "MARCHI KHURD": {"global_perc": 1.0, "local_perc": 5.8428279287174995e-05}, "MARIPAR": {"global_perc": 1.0, "local_perc": 5.8428279287174995e-05}, "MAROODIH": {"global_perc": 1.0, "local_perc": 5.8428279287174995e-05}, "MARORA": {"global_perc": 0.14285714285714285, "local_perc": 5.8428279287174995e-05}, "MARUDIH": {"global_perc": 1.0, "local_perc": 5.8428279287174995e-05}, "MASDAMOHANPUR": {"global_perc": 1.0, "local_perc": 5.8428279287174995e-05}, "MASOS": {"global_perc": 1.0, "local_perc": 5.8428279287174995e-05}, "MASOS KHURD": {"global_perc": 1.0, "local_perc": 5.8428279287174995e-05}, "MASTI PALKOT": {"global_perc": 1.0, "local_perc": 5.8428279287174995e-05}, "MASUM PUR": {"global_perc": 1.0, "local_perc": 5.8428279287174995e-05}, "MATAULI BAZAR": {"global_perc": 1.0, "local_perc": 5.8428279287174995e-05}, "MATAURA": {"global_perc": 1.0, "local_perc": 5.8428279287174995e-05}, "MATHIA": {"global_perc": 0.25, "local_perc": 5.8428279287174995e-05}, "MATIHI": {"global_perc": 1.0, "local_perc": 5.8428279287174995e-05}, "MAULAKHOR": {"global_perc": 1.0, "local_perc": 5.8428279287174995e-05}, "MEEHA SOTI": {"global_perc": 1.0, "local_perc": 5.8428279287174995e-05}, "MEERGANJ": {"global_perc": 0.5, "local_perc": 5.8428279287174995e-05}, "MERLE": {"global_perc": 1.0, "local_perc": 5.8428279287174995e-05}, "MILKIPUR": {"global_perc": 1.0, "local_perc": 5.8428279287174995e-05}, "MILKY PACHAI": {"global_perc": 1.0, "local_perc": 5.8428279287174995e-05}, "MIRZAPUR": {"global_perc": 0.07547169811320754, "local_perc": 0.00023371311714869998}, "MISHRAULI": {"global_perc": 0.14285714285714285, "local_perc": 5.8428279287174995e-05}, "MITAURA": {"global_perc": 1.0, "local_perc": 5.8428279287174995e-05}, "MOAHAMMDI": {"global_perc": 1.0, "local_perc": 5.8428279287174995e-05}, "MOHANPUR": {"global_perc": 0.02666666666666667, "local_perc": 0.00011685655857434999}, "MUDASAN": {"global_perc": 1.0, "local_perc": 5.8428279287174995e-05}, "MUDHOL": {"global_perc": 0.3333333333333333, "local_perc": 5.8428279287174995e-05}, "MUGALALLI": {"global_perc": 1.0, "local_perc": 5.8428279287174995e-05}, "MUHAPAHI": {"global_perc": 1.0, "local_perc": 5.8428279287174995e-05}, "MUKIMPUR": {"global_perc": 1.0, "local_perc": 5.8428279287174995e-05}, "MUNAN": {"global_perc": 1.0, "local_perc": 5.8428279287174995e-05}, "MUNDERA": {"global_perc": 0.09090909090909091, "local_perc": 5.8428279287174995e-05}, "MUNDERI": {"global_perc": 0.5, "local_perc": 5.8428279287174995e-05}, "MUNDIYA": {"global_perc": 0.25, "local_perc": 5.8428279287174995e-05}, "MURDAHA": {"global_perc": 1.0, "local_perc": 5.8428279287174995e-05}, "MURDI": {"global_perc": 1.0, "local_perc": 5.8428279287174995e-05}, "MURIYARI": {"global_perc": 1.0, "local_perc": 0.00011685655857434999}, "MUSRFABAD": {"global_perc": 1.0, "local_perc": 5.8428279287174995e-05}, "MUSTFA BAD": {"global_perc": 1.0, "local_perc": 5.8428279287174995e-05}, "MUSTFABAD": {"global_perc": 0.2, "local_perc": 5.8428279287174995e-05}, "N.A.": {"global_perc": 0.04925175222580034, "local_perc": 0.030382705229330995}, "NABINAGAR": {"global_perc": 0.25, "local_perc": 5.8428279287174995e-05}, "NADICHAINE": {"global_perc": 1.0, "local_perc": 5.8428279287174995e-05}, "NAGAR": {"global_perc": 0.17391304347826086, "local_perc": 0.00023371311714869998}, "NAGAWA GANYEE": {"global_perc": 1.0, "local_perc": 5.8428279287174995e-05}, "NAGPURA": {"global_perc": 1.0, "local_perc": 5.8428279287174995e-05}, "NAGWA": {"global_perc": 0.5, "local_perc": 5.8428279287174995e-05}, "NAHIYA": {"global_perc": 1.0, "local_perc": 5.8428279287174995e-05}, "NAINA": {"global_perc": 1.0, "local_perc": 0.00011685655857434999}, "NAKRIA": {"global_perc": 1.0, "local_perc": 5.8428279287174995e-05}, "NAMAPUR": {"global_perc": 1.0, "local_perc": 5.8428279287174995e-05}, "NANAURA": {"global_perc": 1.0, "local_perc": 5.8428279287174995e-05}, "NANDAPUR": {"global_perc": 0.125, "local_perc": 5.8428279287174995e-05}, "NANDAULI": {"global_perc": 0.5, "local_perc": 5.8428279287174995e-05}, "NARACHH": {"global_perc": 1.0, "local_perc": 5.8428279287174995e-05}, "NARANI": {"global_perc": 0.3333333333333333, "local_perc": 5.8428279287174995e-05}, "NARAPATPUR": {"global_perc": 1.0, "local_perc": 5.8428279287174995e-05}, "NARAV": {"global_perc": 1.0, "local_perc": 0.00017528483786152498}, "NARAYANPUR": {"global_perc": 0.0449438202247191, "local_perc": 0.00023371311714869998}, "NARHI": {"global_perc": 0.5, "local_perc": 5.8428279287174995e-05}, "NAROTTAMPUR": {"global_perc": 0.5, "local_perc": 5.8428279287174995e-05}, "NARSADA": {"global_perc": 1.0, "local_perc": 5.8428279287174995e-05}, "NASIR": {"global_perc": 0.5, "local_perc": 5.8428279287174995e-05}, "NASIRPUR": {"global_perc": 0.25, "local_perc": 0.00023371311714869998}, "NATHAIPUR": {"global_perc": 1.0, "local_perc": 5.8428279287174995e-05}, "NAUKAGAON": {"global_perc": 1.0, "local_perc": 5.8428279287174995e-05}, "NAVABPUR": {"global_perc": 1.0, "local_perc": 5.8428279287174995e-05}, "NAVRIA": {"global_perc": 1.0, "local_perc": 5.8428279287174995e-05}, "NAWADA": {"global_perc": 0.06451612903225806, "local_perc": 0.00011685655857434999}, "NAWALPUR": {"global_perc": 0.5, "local_perc": 5.8428279287174995e-05}, "NEWAIZPAR": {"global_perc": 0.25, "local_perc": 5.8428279287174995e-05}, "NIBU KABIR PUR": {"global_perc": 1.0, "local_perc": 0.00011685655857434999}, "NIGHARIK": {"global_perc": 1.0, "local_perc": 5.8428279287174995e-05}, "NIHARIK": {"global_perc": 1.0, "local_perc": 5.8428279287174995e-05}, "NIMAICH": {"global_perc": 1.0, "local_perc": 5.8428279287174995e-05}, "NIRDHAVALPUR": {"global_perc": 1.0, "local_perc": 5.8428279287174995e-05}, "NIYASI": {"global_perc": 1.0, "local_perc": 5.8428279287174995e-05}, "NRWARI": {"global_perc": 1.0, "local_perc": 5.8428279287174995e-05}, "OBRA": {"global_perc": 1.0, "local_perc": 5.8428279287174995e-05}, "ODARHAN": {"global_perc": 1.0, "local_perc": 5.8428279287174995e-05}, "OJHA": {"global_perc": 1.0, "local_perc": 5.8428279287174995e-05}, "OLAMPUR CHHAPARA": {"global_perc": 1.0, "local_perc": 5.8428279287174995e-05}, "OR": {"global_perc": 0.3333333333333333, "local_perc": 5.8428279287174995e-05}, "PACHIMPUR": {"global_perc": 1.0, "local_perc": 0.00017528483786152498}, "PACHPEDAWA": {"global_perc": 0.25, "local_perc": 5.8428279287174995e-05}, "PADARIYA": {"global_perc": 0.07692307692307693, "local_perc": 5.8428279287174995e-05}, "PADAULI": {"global_perc": 1.0, "local_perc": 5.8428279287174995e-05}, "PADROUNA BUJURG": {"global_perc": 1.0, "local_perc": 5.8428279287174995e-05}, "PAHARI": {"global_perc": 0.1111111111111111, "local_perc": 5.8428279287174995e-05}, "PAHARIDIH": {"global_perc": 0.14285714285714285, "local_perc": 5.8428279287174995e-05}, "PAHRAJPUR": {"global_perc": 1.0, "local_perc": 5.8428279287174995e-05}, "PAKAKOT": {"global_perc": 1.0, "local_perc": 5.8428279287174995e-05}, "PAKKA KOT": {"global_perc": 1.0, "local_perc": 5.8428279287174995e-05}, "PAKKAKIT": {"global_perc": 1.0, "local_perc": 5.8428279287174995e-05}, "PAKVAENAR": {"global_perc": 1.0, "local_perc": 0.00011685655857434999}, "PALIYA": {"global_perc": 0.125, "local_perc": 5.8428279287174995e-05}, "PALIYA KHAS": {"global_perc": 1.0, "local_perc": 5.8428279287174995e-05}, "PALIYASHAMBHUPUR": {"global_perc": 1.0, "local_perc": 5.8428279287174995e-05}, "PALLIKKADU": {"global_perc": 1.0, "local_perc": 5.8428279287174995e-05}, "PANDAULI": {"global_perc": 1.0, "local_perc": 5.8428279287174995e-05}, "PANDAY": {"global_perc": 1.0, "local_perc": 5.8428279287174995e-05}, "PANDEPURA KALA": {"global_perc": 1.0, "local_perc": 0.00011685655857434999}, "PANDEYA PUR": {"global_perc": 1.0, "local_perc": 5.8428279287174995e-05}, "PANDEYPUR": {"global_perc": 0.2, "local_perc": 5.8428279287174995e-05}, "PANG": {"global_perc": 0.3333333333333333, "local_perc": 5.8428279287174995e-05}, "PANIHARI": {"global_perc": 0.3333333333333333, "local_perc": 5.8428279287174995e-05}, "PARAG SAHA": {"global_perc": 1.0, "local_perc": 5.8428279287174995e-05}, "PARAGSAHA": {"global_perc": 1.0, "local_perc": 5.8428279287174995e-05}, "PARASHURAM PUR": {"global_perc": 1.0, "local_perc": 5.8428279287174995e-05}, "PARBATPUR": {"global_perc": 0.25, "local_perc": 5.8428279287174995e-05}, "PAREWA T. KISHANI": {"global_perc": 1.0, "local_perc": 5.8428279287174995e-05}, "PARRIA PARASSAWAN": {"global_perc": 0.4, "local_perc": 0.00011685655857434999}, "PARSHURAMPUR": {"global_perc": 0.5, "local_perc": 5.8428279287174995e-05}, "PARSIYA": {"global_perc": 0.15384615384615385, "local_perc": 0.00011685655857434999}, "PARSIYARUP PUR": {"global_perc": 1.0, "local_perc": 5.8428279287174995e-05}, "PARTAWAL": {"global_perc": 1.0, "local_perc": 5.8428279287174995e-05}, "PASCHIMPUR": {"global_perc": 1.0, "local_perc": 5.8428279287174995e-05}, "PASHUHARI": {"global_perc": 1.0, "local_perc": 5.8428279287174995e-05}, "PATARA": {"global_perc": 0.3333333333333333, "local_perc": 5.8428279287174995e-05}, "PATERAWA": {"global_perc": 1.0, "local_perc": 5.8428279287174995e-05}, "PATH KUALI": {"global_perc": 1.0, "local_perc": 5.8428279287174995e-05}, "PATHAULI": {"global_perc": 1.0, "local_perc": 5.8428279287174995e-05}, "PATHKAULI": {"global_perc": 0.5, "local_perc": 5.8428279287174995e-05}, "PATHKHAULI": {"global_perc": 0.1111111111111111, "local_perc": 5.8428279287174995e-05}, "PATHOLI": {"global_perc": 1.0, "local_perc": 5.8428279287174995e-05}, "PATTA NAYAJSHOL": {"global_perc": 1.0, "local_perc": 5.8428279287174995e-05}, "PATTADKAL": {"global_perc": 1.0, "local_perc": 5.8428279287174995e-05}, "PATTI JAMANPYAGPUR": {"global_perc": 1.0, "local_perc": 5.8428279287174995e-05}, "PERAGURI": {"global_perc": 1.0, "local_perc": 5.8428279287174995e-05}, "PIDAICH": {"global_perc": 1.0, "local_perc": 5.8428279287174995e-05}, "PILUI": {"global_perc": 1.0, "local_perc": 5.8428279287174995e-05}, "PINDHARA": {"global_perc": 1.0, "local_perc": 5.8428279287174995e-05}, "PIPARAHI": {"global_perc": 1.0, "local_perc": 5.8428279287174995e-05}, "PIPARIYA": {"global_perc": 0.08333333333333333, "local_perc": 5.8428279287174995e-05}, "PIPRA": {"global_perc": 0.10526315789473684, "local_perc": 0.00011685655857434999}, "PIPRA GODHAR": {"global_perc": 1.0, "local_perc": 5.8428279287174995e-05}, "PIPRULI": {"global_perc": 1.0, "local_perc": 5.8428279287174995e-05}, "POHRI": {"global_perc": 1.0, "local_perc": 5.8428279287174995e-05}, "PRADIYA KHURD": {"global_perc": 1.0, "local_perc": 5.8428279287174995e-05}, "PRANPUR": {"global_perc": 0.45454545454545453, "local_perc": 0.00029214139643587495}, "PRASADPUR": {"global_perc": 0.75, "local_perc": 0.00017528483786152498}, "PRATAPPAHI": {"global_perc": 1.0, "local_perc": 5.8428279287174995e-05}, "PURA": {"global_perc": 0.09090909090909091, "local_perc": 5.8428279287174995e-05}, "PURALAL": {"global_perc": 1.0, "local_perc": 5.8428279287174995e-05}, "PURE HAVAN": {"global_perc": 1.0, "local_perc": 5.8428279287174995e-05}, "PUREBARIYAR": {"global_perc": 1.0, "local_perc": 5.8428279287174995e-05}, "PUREMANSARAM": {"global_perc": 1.0, "local_perc": 5.8428279287174995e-05}, "PURUSOTAM PATTI": {"global_perc": 1.0, "local_perc": 5.8428279287174995e-05}, "Push wari": {"global_perc": 1.0, "local_perc": 5.8428279287174995e-05}, "RADDIPUR": {"global_perc": 1.0, "local_perc": 5.8428279287174995e-05}, "RADHOPUR": {"global_perc": 0.25, "local_perc": 5.8428279287174995e-05}, "RADIPUR": {"global_perc": 0.3333333333333333, "local_perc": 5.8428279287174995e-05}, "RAGHUNATHPUR": {"global_perc": 0.019230769230769232, "local_perc": 5.8428279287174995e-05}, "RAGHUPUR": {"global_perc": 0.2, "local_perc": 5.8428279287174995e-05}, "RAIPUR KHAS": {"global_perc": 0.5, "local_perc": 5.8428279287174995e-05}, "RAJAPUR": {"global_perc": 0.038461538461538464, "local_perc": 5.8428279287174995e-05}, "RAJPUR": {"global_perc": 0.04, "local_perc": 5.8428279287174995e-05}, "RAM LACHHAN": {"global_perc": 1.0, "local_perc": 5.8428279287174995e-05}, "RAMGARH": {"global_perc": 0.01694915254237288, "local_perc": 5.8428279287174995e-05}, "RAMGARHA": {"global_perc": 1.0, "local_perc": 5.8428279287174995e-05}, "RAMGARWA": {"global_perc": 1.0, "local_perc": 0.00011685655857434999}, "RAMNA": {"global_perc": 1.0, "local_perc": 5.8428279287174995e-05}, "RAMNAGAR": {"global_perc": 0.019230769230769232, "local_perc": 5.8428279287174995e-05}, "RAMPUR": {"global_perc": 0.04316546762589928, "local_perc": 0.00035056967572304995}, "RAMPUR KALA": {"global_perc": 0.5, "local_perc": 5.8428279287174995e-05}, "RAMSINGHPUR": {"global_perc": 0.16666666666666666, "local_perc": 5.8428279287174995e-05}, "RANIPATTI": {"global_perc": 0.3333333333333333, "local_perc": 5.8428279287174995e-05}, "RANIPOKHRI": {"global_perc": 0.25, "local_perc": 5.8428279287174995e-05}, "RASARA": {"global_perc": 0.5, "local_perc": 5.8428279287174995e-05}, "RASRA": {"global_perc": 1.0, "local_perc": 0.00029214139643587495}, "RASUBARA": {"global_perc": 1.0, "local_perc": 5.8428279287174995e-05}, "RASULA": {"global_perc": 1.0, "local_perc": 5.8428279287174995e-05}, "RASULPUR": {"global_perc": 0.043478260869565216, "local_perc": 5.8428279287174995e-05}, "RATNAULI": {"global_perc": 1.0, "local_perc": 0.00011685655857434999}, "RATSAR": {"global_perc": 1.0, "local_perc": 0.00011685655857434999}, "RATSHAR KALA": {"global_perc": 1.0, "local_perc": 5.8428279287174995e-05}, "REASI": {"global_perc": 0.09090909090909091, "local_perc": 5.8428279287174995e-05}, "REPEDA": {"global_perc": 1.0, "local_perc": 5.8428279287174995e-05}, "REWATI": {"global_perc": 1.0, "local_perc": 0.00011685655857434999}, "RIGVAN": {"global_perc": 1.0, "local_perc": 5.8428279287174995e-05}, "RIGWAN": {"global_perc": 1.0, "local_perc": 0.00011685655857434999}, "ROHELA HAJI UTTAR": {"global_perc": 0.5, "local_perc": 5.8428279287174995e-05}, "ROHUA": {"global_perc": 1.0, "local_perc": 5.8428279287174995e-05}, "ROHUWA": {"global_perc": 1.0, "local_perc": 5.8428279287174995e-05}, "ROORKEE": {"global_perc": 0.3333333333333333, "local_perc": 5.8428279287174995e-05}, "RUDRAWAR": {"global_perc": 1.0, "local_perc": 5.8428279287174995e-05}, "RUKUNPURA": {"global_perc": 0.75, "local_perc": 0.00017528483786152498}, "RUPAS MAHAJI": {"global_perc": 0.5, "local_perc": 5.8428279287174995e-05}, "Rahmatpur": {"global_perc": 0.5, "local_perc": 5.8428279287174995e-05}, "SADAT MALAUT": {"global_perc": 1.0, "local_perc": 5.8428279287174995e-05}, "SADURI": {"global_perc": 0.6666666666666666, "local_perc": 0.00011685655857434999}, "SAGAR PALI": {"global_perc": 1.0, "local_perc": 5.8428279287174995e-05}, "SAHANSHAHPUR": {"global_perc": 1.0, "local_perc": 5.8428279287174995e-05}, "SAHATWAR": {"global_perc": 1.0, "local_perc": 5.8428279287174995e-05}, "SAHIBGANJ": {"global_perc": 0.05263157894736842, "local_perc": 5.8428279287174995e-05}, "SAIDAPUR": {"global_perc": 0.1111111111111111, "local_perc": 5.8428279287174995e-05}, "SAIFPUR KARAMCHANDPUR": {"global_perc": 1.0, "local_perc": 5.8428279287174995e-05}, "SAJAI": {"global_perc": 0.5, "local_perc": 5.8428279287174995e-05}, "SAJIVAN": {"global_perc": 0.5, "local_perc": 5.8428279287174995e-05}, "SAKALDEEHA": {"global_perc": 0.3333333333333333, "local_perc": 5.8428279287174995e-05}, "SAKARPURA": {"global_perc": 0.5, "local_perc": 5.8428279287174995e-05}, "SAKHRUA BUJURG": {"global_perc": 1.0, "local_perc": 5.8428279287174995e-05}, "SALEMPUR": {"global_perc": 0.11538461538461539, "local_perc": 0.00017528483786152498}, "SALVAHANPUR": {"global_perc": 1.0, "local_perc": 5.8428279287174995e-05}, "SAMDAWAR": {"global_perc": 1.0, "local_perc": 5.8428279287174995e-05}, "SAMSEK PUR": {"global_perc": 1.0, "local_perc": 5.8428279287174995e-05}, "SAMTHA": {"global_perc": 1.0, "local_perc": 5.8428279287174995e-05}, "SANKESHWAR TOWN": {"global_perc": 1.0, "local_perc": 5.8428279287174995e-05}, "SANTANPUR": {"global_perc": 1.0, "local_perc": 5.8428279287174995e-05}, "SAPERU": {"global_perc": 0.5, "local_perc": 5.8428279287174995e-05}, "SARAIA": {"global_perc": 0.25, "local_perc": 5.8428279287174995e-05}, "SARAIYA": {"global_perc": 0.0625, "local_perc": 5.8428279287174995e-05}, "SARAIYAMAFI": {"global_perc": 0.5, "local_perc": 5.8428279287174995e-05}, "SARAKPUR": {"global_perc": 0.6666666666666666, "local_perc": 0.00011685655857434999}, "SARANG PUR": {"global_perc": 1.0, "local_perc": 5.8428279287174995e-05}, "SARANGPUR": {"global_perc": 0.3333333333333333, "local_perc": 0.00011685655857434999}, "SARANK": {"global_perc": 1.0, "local_perc": 5.8428279287174995e-05}, "SARWAR KAKAR GHATTI": {"global_perc": 1.0, "local_perc": 0.00023371311714869998}, "SARYA": {"global_perc": 0.3333333333333333, "local_perc": 5.8428279287174995e-05}, "SAVAN": {"global_perc": 1.0, "local_perc": 5.8428279287174995e-05}, "SAWATWAR": {"global_perc": 1.0, "local_perc": 5.8428279287174995e-05}, "SEDMAKPUR": {"global_perc": 1.0, "local_perc": 5.8428279287174995e-05}, "SELRAPUR": {"global_perc": 1.0, "local_perc": 5.8428279287174995e-05}, "SEMARI": {"global_perc": 0.07692307692307693, "local_perc": 5.8428279287174995e-05}, "SEMRI TIWARI": {"global_perc": 1.0, "local_perc": 0.00017528483786152498}, "SEMRIYA": {"global_perc": 0.5, "local_perc": 5.8428279287174995e-05}, "SERIYA": {"global_perc": 0.5, "local_perc": 5.8428279287174995e-05}, "SHAHGARH": {"global_perc": 0.25, "local_perc": 5.8428279287174995e-05}, "SHAHJAHANPUR": {"global_perc": 0.3333333333333333, "local_perc": 5.8428279287174995e-05}, "SHAHPAR TITIHA": {"global_perc": 1.0, "local_perc": 5.8428279287174995e-05}, "SHAHPUR": {"global_perc": 0.08928571428571429, "local_perc": 0.00029214139643587495}, "SHAHPUR AFGA": {"global_perc": 1.0, "local_perc": 5.8428279287174995e-05}, "SHANKARPUR": {"global_perc": 0.03225806451612903, "local_perc": 5.8428279287174995e-05}, "SHEETAL CHAWNI": {"global_perc": 1.0, "local_perc": 5.8428279287174995e-05}, "SHEKHA KALA": {"global_perc": 1.0, "local_perc": 5.8428279287174995e-05}, "SHEKHPURA": {"global_perc": 0.1, "local_perc": 5.8428279287174995e-05}, "SHEKPUR": {"global_perc": 1.0, "local_perc": 5.8428279287174995e-05}, "SHISHGARH": {"global_perc": 1.0, "local_perc": 5.8428279287174995e-05}, "SHIVPUR": {"global_perc": 0.09090909090909091, "local_perc": 0.00011685655857434999}, "SHIVRAM PATTI": {"global_perc": 1.0, "local_perc": 5.8428279287174995e-05}, "SHIVRAMPUR": {"global_perc": 0.4, "local_perc": 0.00011685655857434999}, "SHONAKHUN": {"global_perc": 1.0, "local_perc": 5.8428279287174995e-05}, "SIHANCHAOUR KALAN": {"global_perc": 1.0, "local_perc": 5.8428279287174995e-05}, "SIHANCHOUR KALAN": {"global_perc": 1.0, "local_perc": 5.8428279287174995e-05}, "SIHANPUR": {"global_perc": 1.0, "local_perc": 5.8428279287174995e-05}, "SIHORIYA": {"global_perc": 0.5, "local_perc": 5.8428279287174995e-05}, "SIKANDARPUR": {"global_perc": 0.10526315789473684, "local_perc": 0.00011685655857434999}, "SIKRIA": {"global_perc": 0.5, "local_perc": 5.8428279287174995e-05}, "SILGHAT": {"global_perc": 0.14285714285714285, "local_perc": 5.8428279287174995e-05}, "SIMARIA": {"global_perc": 1.0, "local_perc": 5.8428279287174995e-05}, "SINAWALKALA": {"global_perc": 1.0, "local_perc": 5.8428279287174995e-05}, "SINGAHI": {"global_perc": 0.5, "local_perc": 5.8428279287174995e-05}, "SINGHAPUR": {"global_perc": 0.6666666666666666, "local_perc": 0.00011685655857434999}, "SINGO KATRALA": {"global_perc": 1.0, "local_perc": 5.8428279287174995e-05}, "SIPAR": {"global_perc": 1.0, "local_perc": 5.8428279287174995e-05}, "SIRAGUPPI": {"global_perc": 0.25, "local_perc": 5.8428279287174995e-05}, "SIRFIFA PAVAR": {"global_perc": 1.0, "local_perc": 5.8428279287174995e-05}, "SIRUVADI": {"global_perc": 1.0, "local_perc": 5.8428279287174995e-05}, "SITA PUR": {"global_perc": 1.0, "local_perc": 5.8428279287174995e-05}, "SIVAN KALA": {"global_perc": 1.0, "local_perc": 0.00011685655857434999}, "SIVAN KALAN": {"global_perc": 1.0, "local_perc": 5.8428279287174995e-05}, "SIYORI": {"global_perc": 1.0, "local_perc": 5.8428279287174995e-05}, "SIYORI PREM RAZA": {"global_perc": 1.0, "local_perc": 0.00011685655857434999}, "SODHI": {"global_perc": 1.0, "local_perc": 5.8428279287174995e-05}, "SOMAPALI": {"global_perc": 1.0, "local_perc": 5.8428279287174995e-05}, "SONAPALI": {"global_perc": 1.0, "local_perc": 5.8428279287174995e-05}, "SONBARSA": {"global_perc": 0.06666666666666667, "local_perc": 5.8428279287174995e-05}, "SONWARSA": {"global_perc": 0.3333333333333333, "local_perc": 5.8428279287174995e-05}, "SUGAPUR": {"global_perc": 1.0, "local_perc": 5.8428279287174995e-05}, "SUJAYAT": {"global_perc": 1.0, "local_perc": 0.00011685655857434999}, "SUKHPURA": {"global_perc": 0.3333333333333333, "local_perc": 5.8428279287174995e-05}, "SULTANPUR": {"global_perc": 0.017857142857142856, "local_perc": 5.8428279287174995e-05}, "SUNDIA": {"global_perc": 1.0, "local_perc": 5.8428279287174995e-05}, "SUNNAM JOTE": {"global_perc": 1.0, "local_perc": 5.8428279287174995e-05}, "SUPAPALI": {"global_perc": 1.0, "local_perc": 5.8428279287174995e-05}, "SUPASI": {"global_perc": 1.0, "local_perc": 5.8428279287174995e-05}, "SURAHI": {"global_perc": 1.0, "local_perc": 0.00011685655857434999}, "SURATIYA": {"global_perc": 1.0, "local_perc": 5.8428279287174995e-05}, "SURHIYA": {"global_perc": 0.3333333333333333, "local_perc": 5.8428279287174995e-05}, "SURIYA": {"global_perc": 0.5, "local_perc": 5.8428279287174995e-05}, "SUTKAR": {"global_perc": 0.25, "local_perc": 5.8428279287174995e-05}, "SYAHI DEVI GUNTH": {"global_perc": 1.0, "local_perc": 5.8428279287174995e-05}, "SYALDE": {"global_perc": 0.3333333333333333, "local_perc": 5.8428279287174995e-05}, "TADARWA": {"global_perc": 1.0, "local_perc": 5.8428279287174995e-05}, "TAGHRAULI": {"global_perc": 1.0, "local_perc": 5.8428279287174995e-05}, "TAHIRPUR": {"global_perc": 0.6666666666666666, "local_perc": 0.00011685655857434999}, "TAHTHRA": {"global_perc": 1.0, "local_perc": 5.8428279287174995e-05}, "TAKARASAN": {"global_perc": 1.0, "local_perc": 5.8428279287174995e-05}, "TANDWA": {"global_perc": 0.25, "local_perc": 0.00011685655857434999}, "TARAPUR": {"global_perc": 0.05, "local_perc": 5.8428279287174995e-05}, "TARDIHA": {"global_perc": 0.2, "local_perc": 5.8428279287174995e-05}, "TARDILA": {"global_perc": 1.0, "local_perc": 5.8428279287174995e-05}, "TARKOT": {"global_perc": 1.0, "local_perc": 5.8428279287174995e-05}, "TARNA": {"global_perc": 0.5, "local_perc": 5.8428279287174995e-05}, "TARTO": {"global_perc": 1.0, "local_perc": 5.8428279287174995e-05}, "TEGRAHI": {"global_perc": 1.0, "local_perc": 5.8428279287174995e-05}, "TEKURI": {"global_perc": 1.0, "local_perc": 5.8428279287174995e-05}, "TETARIYA": {"global_perc": 0.07692307692307693, "local_perc": 5.8428279287174995e-05}, "THILL": {"global_perc": 0.14285714285714285, "local_perc": 5.8428279287174995e-05}, "TIBBI KALAN": {"global_perc": 0.25, "local_perc": 5.8428279287174995e-05}, "TIGHARA": {"global_perc": 0.1111111111111111, "local_perc": 5.8428279287174995e-05}, "TIKARI": {"global_perc": 0.125, "local_perc": 5.8428279287174995e-05}, "TIKRI": {"global_perc": 0.0625, "local_perc": 5.8428279287174995e-05}, "TIKRI KHURD": {"global_perc": 1.0, "local_perc": 5.8428279287174995e-05}, "TILAW KASDHAN": {"global_perc": 1.0, "local_perc": 5.8428279287174995e-05}, "TIPIJHARI": {"global_perc": 1.0, "local_perc": 5.8428279287174995e-05}, "TIUYRAK": {"global_perc": 1.0, "local_perc": 5.8428279287174995e-05}, "TIWARIPUR": {"global_perc": 0.06666666666666667, "local_perc": 5.8428279287174995e-05}, "TIYRAKALA": {"global_perc": 1.0, "local_perc": 0.00011685655857434999}, "TODAVA": {"global_perc": 1.0, "local_perc": 5.8428279287174995e-05}, "TOKRI KALA": {"global_perc": 1.0, "local_perc": 5.8428279287174995e-05}, "TOLA SIPAHIYA": {"global_perc": 0.5, "local_perc": 5.8428279287174995e-05}, "TRILOK MANDA": {"global_perc": 1.0, "local_perc": 5.8428279287174995e-05}, "TURKI DAULATPUR": {"global_perc": 1.0, "local_perc": 5.8428279287174995e-05}, "Tengkigittim": {"global_perc": 0.16666666666666666, "local_perc": 5.8428279287174995e-05}, "Tibbi Kalan": {"global_perc": 1.0, "local_perc": 5.8428279287174995e-05}, "UCHERA": {"global_perc": 1.0, "local_perc": 5.8428279287174995e-05}, "UDAYPUR": {"global_perc": 0.16666666666666666, "local_perc": 0.00011685655857434999}, "UDHARAN": {"global_perc": 1.0, "local_perc": 5.8428279287174995e-05}, "UDHRAN": {"global_perc": 1.0, "local_perc": 5.8428279287174995e-05}, "UGAR KHURD": {"global_perc": 1.0, "local_perc": 5.8428279287174995e-05}, "UKACHHI": {"global_perc": 1.0, "local_perc": 5.8428279287174995e-05}, "UKTHI": {"global_perc": 1.0, "local_perc": 5.8428279287174995e-05}, "UMAR PUR": {"global_perc": 1.0, "local_perc": 5.8428279287174995e-05}, "UNERA": {"global_perc": 1.0, "local_perc": 5.8428279287174995e-05}, "URMAR": {"global_perc": 1.0, "local_perc": 5.8428279287174995e-05}, "USRAULI": {"global_perc": 1.0, "local_perc": 5.8428279287174995e-05}, "VAAR": {"global_perc": 0.3333333333333333, "local_perc": 5.8428279287174995e-05}, "VADAKATTUPATTI": {"global_perc": 1.0, "local_perc": 5.8428279287174995e-05}, "VAKARPUR": {"global_perc": 1.0, "local_perc": 5.8428279287174995e-05}, "VAMNIYAB": {"global_perc": 1.0, "local_perc": 5.8428279287174995e-05}, "VAMTARI": {"global_perc": 1.0, "local_perc": 5.8428279287174995e-05}, "VANSIPUR": {"global_perc": 1.0, "local_perc": 0.00011685655857434999}, "VARESAR KHAS": {"global_perc": 1.0, "local_perc": 5.8428279287174995e-05}, "VEERAPATTI": {"global_perc": 1.0, "local_perc": 0.00011685655857434999}, "VEERPUR": {"global_perc": 0.058823529411764705, "local_perc": 5.8428279287174995e-05}, "VEERSINGHPUR": {"global_perc": 0.3333333333333333, "local_perc": 5.8428279287174995e-05}, "VERSARA KALA": {"global_perc": 1.0, "local_perc": 5.8428279287174995e-05}, "VERUAWARI": {"global_perc": 1.0, "local_perc": 5.8428279287174995e-05}, "VILANDAPUR": {"global_perc": 0.25, "local_perc": 5.8428279287174995e-05}, "VINAURA": {"global_perc": 1.0, "local_perc": 5.8428279287174995e-05}, "VIRAMPUR": {"global_perc": 1.0, "local_perc": 5.8428279287174995e-05}, "VIRPUR": {"global_perc": 0.2, "local_perc": 5.8428279287174995e-05}, "VISHANUPUR": {"global_perc": 1.0, "local_perc": 0.00011685655857434999}, "VISHUNPUR": {"global_perc": 0.09090909090909091, "local_perc": 5.8428279287174995e-05}, "VISHUNPURA": {"global_perc": 0.16666666666666666, "local_perc": 5.8428279287174995e-05}, "WAHWALPUR": {"global_perc": 1.0, "local_perc": 5.8428279287174995e-05}, "YADVA": {"global_perc": 1.0, "local_perc": 5.8428279287174995e-05}}, "partition_field": "Near_Vil_Tow_Nam_hav_Prim_School", "Vil_Nam": "Sogam", "Stat_Nam": "JAMMU & KASHMIR"}, {"data": [["Fam_Wel_Cen_Doc_Tot_Stren_Num", 4.0], ["Fam_Wel_Cen_Num", 3.0], 1.3333333333333333], "data_low": {"Stat_Nam": "TRIPURA", "Vil_Nam": "Dakshin Dhumachhara", "Fam_Wel_Cen_Num": "3", "Fam_Wel_Cen_Doc_Tot_Stren_Num": "4", "id": 271387}, "data_high": {"Stat_Nam": "TRIPURA", "Vil_Nam": "Dakshin Dhumachhara", "Fam_Wel_Cen_Num": "3", "Fam_Wel_Cen_Doc_Tot_Stren_Num": "4", "id": 271387}, "perc": 0.00016058452768075794, "metric": 99.99983908207285, "value_global_local": {}, "partition_field": null, "Vil_Nam": "Dakshin Dhumachhara", "Stat_Nam": "TRIPURA"}, {"data": [["Fam_Wel_Cen_Doc_Tot_Stren_Num", 3.0], ["Fam_Wel_Cen_Num", 2.0], 1.5], "data_low": {"Stat_Nam": "UTTAR PRADESH", "Vil_Nam": "Man Pur", "Fam_Wel_Cen_Num": "2", "Fam_Wel_Cen_Doc_Tot_Stren_Num": "3", "id": 132166}, "data_high": {"Stat_Nam": "UTTAR PRADESH", "Vil_Nam": "Man Pur", "Fam_Wel_Cen_Num": "2", "Fam_Wel_Cen_Doc_Tot_Stren_Num": "3", "id": 132166}, "perc": 0.0009635071660845478, "metric": 99.99903599273871, "value_global_local": {}, "partition_field": null, "Vil_Nam": "Man Pur", "Stat_Nam": "UTTAR PRADESH"}, {"data": [["Fam_Wel_Cen_Doc_Tot_Stren_Num", 2.0], ["Fam_Wel_Cen_Num", 1.0], 2.0], "data_low": {"Stat_Nam": "JAMMU & KASHMIR", "Vil_Nam": "Gushi", "Fam_Wel_Cen_Num": "1", "Fam_Wel_Cen_Doc_Tot_Stren_Num": "2", "id": 59}, "data_high": {"Stat_Nam": "West Bengal", "Vil_Nam": "Beraberi", "Fam_Wel_Cen_Num": "3", "Fam_Wel_Cen_Doc_Tot_Stren_Num": "6", "id": 323771}, "perc": 0.34670199526275647, "metric": 99.65329700800491, "value_global_local": {"ANDAMAN & NICOBAR ISLANDS": {"global_perc": 0.0018018018018018018, "local_perc": 0.0004631773969430292}, "ANDHRA PRADESH": {"global_perc": 0.0011151079136690648, "local_perc": 0.014358499305233904}, "ASSAM": {"global_perc": 0.004205341920818337, "local_perc": 0.05141269106067624}, "Arunachal Pradesh": {"global_perc": 0.0001789228842368939, "local_perc": 0.0004631773969430292}, "BIHAR": {"global_perc": 0.006551678031822436, "local_perc": 0.13617415470125058}, "Dadra & Nagar Haveli": {"global_perc": 0.015384615384615385, "local_perc": 0.0004631773969430292}, "HARYANA": {"global_perc": 0.001023242216050285, "local_perc": 0.003242241778601204}, "HIMACHAL PRADESH": {"global_perc": 0.0007733204446592557, "local_perc": 0.007410838351088467}, "JAMMU & KASHMIR": {"global_perc": 0.006409278193193957, "local_perc": 0.019453450671607225}, "JHARKHAND": {"global_perc": 0.0011730567389022658, "local_perc": 0.01760074108383511}, "MADHYA PRADESH": {"global_perc": 0.0028960166111141467, "local_perc": 0.07364520611394164}, "ODISHA": {"global_perc": 0.008652778048447761, "local_perc": 0.20565076424270495}, "PUDUCHERRY": {"global_perc": 0.14444444444444443, "local_perc": 0.006021306160259379}, "Punjab": {"global_perc": 0.0016691836896908037, "local_perc": 0.009726725335803613}, "RAJASTHAN": {"global_perc": 0.0011864255014326648, "local_perc": 0.024548402037980546}, "SIKKIM": {"global_perc": 0.017738359201773836, "local_perc": 0.0037054191755442334}, "TRIPURA": {"global_perc": 0.013714285714285714, "local_perc": 0.00555812876331635}, "Tamil Nadu": {"global_perc": 0.03898867263283059, "local_perc": 0.2885595182955072}, "UTTAR PRADESH": {"global_perc": 0.0018169217225167174, "local_perc": 0.08985641500694766}, "UTTARAKHAND": {"global_perc": 0.0024414934794259515, "local_perc": 0.018990273274664196}, "West Bengal": {"global_perc": 0.0012183599383360684, "local_perc": 0.02269569245020843}}, "partition_field": "Stat_Nam", "Vil_Nam": "Gushi", "Stat_Nam": "JAMMU & KASHMIR"}, {"data": [["Fam_Wel_Cen_Doc_Tot_Stren_Num", 5.0], ["Fam_Wel_Cen_Num", 2.0], 2.5], "data_low": {"Stat_Nam": "UTTAR PRADESH", "Vil_Nam": "Lakhawati", "Fam_Wel_Cen_Num": "2", "Fam_Wel_Cen_Doc_Tot_Stren_Num": "5", "id": 151564}, "data_high": {"Stat_Nam": "UTTAR PRADESH", "Vil_Nam": "Lakhawati", "Fam_Wel_Cen_Num": "2", "Fam_Wel_Cen_Doc_Tot_Stren_Num": "5", "id": 151564}, "perc": 0.00016058452768075794, "metric": 99.9998379151747, "value_global_local": {}, "partition_field": null, "Vil_Nam": "Lakhawati", "Stat_Nam": "UTTAR PRADESH"}, {"data": [["Fam_Wel_Cen_Doc_Tot_Stren_Num", 8.0], ["Fam_Wel_Cen_Num", 3.0], 2.6666666666666665], "data_low": {"Stat_Nam": "UTTAR PRADESH", "Vil_Nam": "Mathura Bangar", "Fam_Wel_Cen_Num": "3", "Fam_Wel_Cen_Doc_Tot_Stren_Num": "8", "id": 123611}, "data_high": {"Stat_Nam": "UTTAR PRADESH", "Vil_Nam": "Mathura Bangar", "Fam_Wel_Cen_Num": "3", "Fam_Wel_Cen_Doc_Tot_Stren_Num": "8", "id": 123611}, "perc": 0.00016058452768075794, "metric": 99.99983774847495, "value_global_local": {}, "partition_field": null, "Vil_Nam": "Mathura Bangar", "Stat_Nam": "UTTAR PRADESH"}, {"data": [["Fam_Wel_Cen_Doc_Tot_Stren_Num", 3.0], ["Fam_Wel_Cen_Num", 1.0], 3.0], "data_low": {"Stat_Nam": "JAMMU & KASHMIR", "Vil_Nam": "Baki Aker", "Fam_Wel_Cen_Num": "1", "Fam_Wel_Cen_Doc_Tot_Stren_Num": "3", "id": 152}, "data_high": {"Stat_Nam": "Tamil Nadu", "Vil_Nam": "Desavilakku", "Fam_Wel_Cen_Num": "3", "Fam_Wel_Cen_Doc_Tot_Stren_Num": "9", "id": 611290}, "perc": 0.03291982817455538, "metric": 99.96707817208392, "value_global_local": {"": {"global_perc": 0.000349910772752948, "local_perc": 0.6829268292682927}, "0": {"global_perc": 0.00303951367781155, "local_perc": 0.05853658536585366}, "a": {"global_perc": 0.00010922595208621568, "local_perc": 0.02926829268292683}, "b": {"global_perc": 0.0002914633619759057, "local_perc": 0.13170731707317074}, "c": {"global_perc": 0.00028126626070569706, "local_perc": 0.0975609756097561}}, "partition_field": "Dist_Nut_Cen_Other", "Vil_Nam": "Baki Aker", "Stat_Nam": "JAMMU & KASHMIR"}, {"data": [["Fam_Wel_Cen_Doc_Tot_Stren_Num", 10.0], ["Fam_Wel_Cen_Num", 3.0], 3.3333333333333335], "data_low": {"Stat_Nam": "Tamil Nadu", "Vil_Nam": "Kavandapadi", "Fam_Wel_Cen_Num": "3", "Fam_Wel_Cen_Doc_Tot_Stren_Num": "10", "id": 612267}, "data_high": {"Stat_Nam": "Tamil Nadu", "Vil_Nam": "Kavandapadi", "Fam_Wel_Cen_Num": "3", "Fam_Wel_Cen_Doc_Tot_Stren_Num": "10", "id": 612267}, "perc": 0.0004817535830422739, "metric": 99.99951591262813, "value_global_local": {}, "partition_field": null, "Vil_Nam": "Kavandapadi", "Stat_Nam": "Tamil Nadu"}, {"data": [["Fam_Wel_Cen_Doc_Tot_Stren_Num", 4.0], ["Fam_Wel_Cen_Num", 1.0], 4.0], "data_low": {"Stat_Nam": "JAMMU & KASHMIR", "Vil_Nam": "Danger Pora", "Fam_Wel_Cen_Num": "1", "Fam_Wel_Cen_Doc_Tot_Stren_Num": "4", "id": 2985}, "data_high": {"Stat_Nam": "UTTAR PRADESH", "Vil_Nam": "Jagatpur", "Fam_Wel_Cen_Num": "2", "Fam_Wel_Cen_Doc_Tot_Stren_Num": "8", "id": 147286}, "perc": 0.016700790878798825, "metric": 99.98329620902223, "value_global_local": {"ASSAM": {"global_perc": 0.0004925175222580034, "local_perc": 0.125}, "HIMACHAL PRADESH": {"global_perc": 9.666505558240696e-05, "local_perc": 0.019230769230769232}, "JAMMU & KASHMIR": {"global_perc": 0.0004578055852281398, "local_perc": 0.028846153846153848}, "JHARKHAND": {"global_perc": 0.0005556584552694943, "local_perc": 0.17307692307692307}, "MADHYA PRADESH": {"global_perc": 5.464182285121031e-05, "local_perc": 0.028846153846153848}, "MANIPUR": {"global_perc": 0.0007748934521503294, "local_perc": 0.019230769230769232}, "Punjab": {"global_perc": 7.948493760432397e-05, "local_perc": 0.009615384615384616}, "RAJASTHAN": {"global_perc": 0.00047009312320916904, "local_perc": 0.20192307692307693}, "Tamil Nadu": {"global_perc": 0.00012516427811502597, "local_perc": 0.019230769230769232}, "UTTAR PRADESH": {"global_perc": 0.0003277951561241501, "local_perc": 0.33653846153846156}, "UTTARAKHAND": {"global_perc": 5.954862144941345e-05, "local_perc": 0.009615384615384616}, "West Bengal": {"global_perc": 7.459346561241235e-05, "local_perc": 0.028846153846153848}}, "partition_field": "Stat_Nam", "Vil_Nam": "Danger Pora", "Stat_Nam": "JAMMU & KASHMIR"}, {"data": [["Fam_Wel_Cen_Doc_Tot_Stren_Num", 5.0], ["Fam_Wel_Cen_Num", 1.0], 5.0], "data_low": {"Stat_Nam": "Tamil Nadu", "Vil_Nam": "Cherangode", "Fam_Wel_Cen_Num": "2", "Fam_Wel_Cen_Doc_Tot_Stren_Num": "10", "id": 612459}, "data_high": {"Stat_Nam": "UTTARAKHAND", "Vil_Nam": "Sirodi", "Fam_Wel_Cen_Num": "1", "Fam_Wel_Cen_Doc_Tot_Stren_Num": "5", "id": 54239}, "perc": 0.004817535830422739, "metric": 99.99517846356218, "value_global_local": {"JHARKHAND": {"global_perc": 6.173982836327716e-05, "local_perc": 0.06666666666666667}, "Tamil Nadu": {"global_perc": 6.258213905751299e-05, "local_perc": 0.03333333333333333}, "UTTAR PRADESH": {"global_perc": 0.00019667709367449004, "local_perc": 0.7}, "UTTARAKHAND": {"global_perc": 0.0001190972428988269, "local_perc": 0.06666666666666667}, "West Bengal": {"global_perc": 9.945795414988313e-05, "local_perc": 0.13333333333333333}}, "partition_field": "Stat_Nam", "Vil_Nam": "Sirodi", "Stat_Nam": "UTTARAKHAND"}, {"data": [["Fam_Wel_Cen_Doc_Tot_Stren_Num", 6.0], ["Fam_Wel_Cen_Num", 1.0], 6.0], "data_low": {"Stat_Nam": "Tamil Nadu", "Vil_Nam": "Pamban", "Fam_Wel_Cen_Num": "2", "Fam_Wel_Cen_Doc_Tot_Stren_Num": "12", "id": 619437}, "data_high": {"Stat_Nam": "HIMACHAL PRADESH", "Vil_Nam": "Bathri Jarai  (82)", "Fam_Wel_Cen_Num": "1", "Fam_Wel_Cen_Doc_Tot_Stren_Num": "6", "id": 7324}, "perc": 0.004817535830422739, "metric": 99.99517746341036, "value_global_local": {"HIMACHAL PRADESH": {"global_perc": 4.833252779120348e-05, "local_perc": 0.03333333333333333}, "JHARKHAND": {"global_perc": 6.173982836327716e-05, "local_perc": 0.06666666666666667}, "PUDUCHERRY": {"global_perc": 0.03333333333333333, "local_perc": 0.1}, "TRIPURA": {"global_perc": 0.001142857142857143, "local_perc": 0.03333333333333333}, "Tamil Nadu": {"global_perc": 6.258213905751299e-05, "local_perc": 0.03333333333333333}, "UTTAR PRADESH": {"global_perc": 0.00016858036600670575, "local_perc": 0.6}, "West Bengal": {"global_perc": 9.945795414988313e-05, "local_perc": 0.13333333333333333}}, "partition_field": "Stat_Nam", "Vil_Nam": "Bathri Jarai  (82)", "Stat_Nam": "HIMACHAL PRADESH"}, {"data": [["Fam_Wel_Cen_Doc_Tot_Stren_Num", 7.0], ["Fam_Wel_Cen_Num", 1.0], 7.0], "data_low": {"Stat_Nam": "UTTAR PRADESH", "Vil_Nam": "Sakin", "Fam_Wel_Cen_Num": "1", "Fam_Wel_Cen_Doc_Tot_Stren_Num": "7", "id": 151253}, "data_high": {"Stat_Nam": "UTTAR PRADESH", "Vil_Nam": "Sakin", "Fam_Wel_Cen_Num": "1", "Fam_Wel_Cen_Doc_Tot_Stren_Num": "7", "id": 151253}, "perc": 0.0014452607491268216, "metric": 99.99854873813743, "value_global_local": {}, "partition_field": null, "Vil_Nam": "Sakin", "Stat_Nam": "UTTAR PRADESH"}, {"data": [["Fam_Wel_Cen_Doc_Tot_Stren_Num", 8.0], ["Fam_Wel_Cen_Num", 1.0], 8.0], "data_low": {"Stat_Nam": "UTTAR PRADESH", "Vil_Nam": "Sindhi Seora", "Fam_Wel_Cen_Num": "1", "Fam_Wel_Cen_Doc_Tot_Stren_Num": "8", "id": 147312}, "data_high": {"Stat_Nam": "UTTAR PRADESH", "Vil_Nam": "Sindhi Seora", "Fam_Wel_Cen_Num": "1", "Fam_Wel_Cen_Doc_Tot_Stren_Num": "8", "id": 147312}, "perc": 0.0006423381107230318, "metric": 99.99935066053403, "value_global_local": {}, "partition_field": null, "Vil_Nam": "Sindhi Seora", "Stat_Nam": "UTTAR PRADESH"}, {"data": [["Fam_Wel_Cen_Doc_Tot_Stren_Num", 9.0], ["Fam_Wel_Cen_Num", 1.0], 9.0], "data_low": {"Stat_Nam": "UTTAR PRADESH", "Vil_Nam": "Bhinga Dehati", "Fam_Wel_Cen_Num": "1", "Fam_Wel_Cen_Doc_Tot_Stren_Num": "9", "id": 171911}, "data_high": {"Stat_Nam": "UTTAR PRADESH", "Vil_Nam": "Bhinga Dehati", "Fam_Wel_Cen_Num": "1", "Fam_Wel_Cen_Doc_Tot_Stren_Num": "9", "id": 171911}, "perc": 0.0004817535830422739, "metric": 99.99951024485526, "value_global_local": {}, "partition_field": null, "Vil_Nam": "Bhinga Dehati", "Stat_Nam": "UTTAR PRADESH"}, {"data": [["Fam_Wel_Cen_Doc_Tot_Stren_Num", 10.0], ["Fam_Wel_Cen_Num", 1.0], 10.0], "data_low": {"Stat_Nam": "HIMACHAL PRADESH", "Vil_Nam": "Samot  (276A)", "Fam_Wel_Cen_Num": "1", "Fam_Wel_Cen_Doc_Tot_Stren_Num": "10", "id": 7511}, "data_high": {"Stat_Nam": "HIMACHAL PRADESH", "Vil_Nam": "Samot  (276A)", "Fam_Wel_Cen_Num": "1", "Fam_Wel_Cen_Doc_Tot_Stren_Num": "10", "id": 7511}, "perc": 0.0003211690553615159, "metric": 99.99966982917327, "value_global_local": {}, "partition_field": null, "Vil_Nam": "Samot  (276A)", "Stat_Nam": "HIMACHAL PRADESH"}, {"data": [["Fam_Wel_Cen_Doc_Tot_Stren_Num", 18.0], ["Fam_Wel_Cen_Num", 1.0], 18.0], "data_low": {"Stat_Nam": "UTTAR PRADESH", "Vil_Nam": "Ramnagar Sikari", "Fam_Wel_Cen_Num": "1", "Fam_Wel_Cen_Doc_Tot_Stren_Num": "18", "id": 210648}, "data_high": {"Stat_Nam": "UTTAR PRADESH", "Vil_Nam": "Ramnagar Sikari", "Fam_Wel_Cen_Num": "1", "Fam_Wel_Cen_Doc_Tot_Stren_Num": "18", "id": 210648}, "perc": 0.00016058452768075794, "metric": 99.99982241209912, "value_global_local": {}, "partition_field": null, "Vil_Nam": "Ramnagar Sikari", "Stat_Nam": "UTTAR PRADESH"}, {"data": [["Fam_Wel_Cen_Doc_Tot_Stren_Num", 25.0], ["Fam_Wel_Cen_Num", 1.0], 25.0], "data_low": {"Stat_Nam": "UTTAR PRADESH", "Vil_Nam": "Salon", "Fam_Wel_Cen_Num": "1", "Fam_Wel_Cen_Doc_Tot_Stren_Num": "25", "id": 144674}, "data_high": {"Stat_Nam": "UTTAR PRADESH", "Vil_Nam": "Salon", "Fam_Wel_Cen_Num": "1", "Fam_Wel_Cen_Doc_Tot_Stren_Num": "25", "id": 144674}, "perc": 0.00016058452768075794, "metric": 99.99981541071014, "value_global_local": {}, "partition_field": null, "Vil_Nam": "Salon", "Stat_Nam": "UTTAR PRADESH"}, {"data": [["Fam_Wel_Cen_Doc_Tot_Stren_Num", 150.0], ["Fam_Wel_Cen_Num", 1.0], 150.0], "data_low": {"Stat_Nam": "West Bengal", "Vil_Nam": "Deulbere", "Fam_Wel_Cen_Num": "1", "Fam_Wel_Cen_Doc_Tot_Stren_Num": "150", "id": 335508}, "data_high": {"Stat_Nam": "West Bengal", "Vil_Nam": "Deulbere", "Fam_Wel_Cen_Num": "1", "Fam_Wel_Cen_Doc_Tot_Stren_Num": "150", "id": 335508}, "perc": 0.00016058452768075794, "metric": 99.99969038590717, "value_global_local": {}, "partition_field": null, "Vil_Nam": "Deulbere", "Stat_Nam": "West Bengal"}, {"data": [["Fam_Wel_Cen_Doc_Tot_Stren_Num", 1.0], ["Fam_Wel_Cen_Num", 0.0], 9999], "data_low": {"Stat_Nam": "HARYANA", "Vil_Nam": "Randhawa(31)", "Fam_Wel_Cen_Num": "0", "Fam_Wel_Cen_Doc_Tot_Stren_Num": "1", "id": 60338}, "data_high": {"Stat_Nam": "UTTAR PRADESH", "Vil_Nam": "Kupara", "Fam_Wel_Cen_Num": "", "Fam_Wel_Cen_Doc_Tot_Stren_Num": "3", "id": 153213}, "perc": 0.0004817535830422739, "metric": 99.98951829469233, "value_global_local": {}, "partition_field": null, "Vil_Nam": "Randhawa(31)", "Stat_Nam": "HARYANA"}, {"data": [["Fam_Wel_Cen_Doc_Tot_Stren_Num", 0], ["Fam_Wel_Cen_Num", 0], 99980001], "data_low": {"Stat_Nam": "JAMMU & KASHMIR", "Vil_Nam": "Bore", "Fam_Wel_Cen_Num": "", "Fam_Wel_Cen_Doc_Tot_Stren_Num": "", "id": 0}, "data_high": {"Stat_Nam": "JAMMU & KASHMIR", "Vil_Nam": "Palmar", "Fam_Wel_Cen_Num": "Fam_Num", "Fam_Wel_Cen_Doc_Tot_Stren_Num": "Fam_st", "id": 4582}, "perc": 95.1954715163194, "metric": 9.521451346686764e-07, "value_global_local": {"null": {"global_perc": 0.9519547151631941, "local_perc": 1.0}}, "partition_field": "Dist_Other", "Vil_Nam": "Bore", "Stat_Nam": "JAMMU & KASHMIR"}]