[{"data": [["Mat_An_Chil_Wel_Cen_Par_Med_Staf_In_Pos_Num", 0.0], ["TB_Clin_Par_Med_Par_Med_Staf_Tot_Stren_Num", 2.0], 0.0], "data_low": {"Stat_Nam": "JAMMU & KASHMIR", "Vil_Nam": "Khag", "Mat_An_Chil_Wel_Cen_Par_Med_Staf_In_Pos_Num": "", "TB_Clin_Par_Med_Par_Med_Staf_Tot_Stren_Num": "2", "id": 383}, "data_high": {"Stat_Nam": "BIHAR", "Vil_Nam": "Itarhi", "Mat_An_Chil_Wel_Cen_Par_Med_Staf_In_Pos_Num": "1", "TB_Clin_Par_Med_Par_Med_Staf_Tot_Stren_Num": "10", "id": 247705}, "perc": 0.15335822393512386, "metric": 99.84664277473101, "value_global_local": {"ANDAMAN & NICOBAR ISLANDS": {"global_perc": 0.0018018018018018018, "local_perc": 0.0010471204188481676}, "ANDHRA PRADESH": {"global_perc": 0.0001079136690647482, "local_perc": 0.0031413612565445027}, "ASSAM": {"global_perc": 0.0017427543095283199, "local_perc": 0.048167539267015703}, "Arunachal Pradesh": {"global_perc": 0.0008946144211844695, "local_perc": 0.005235602094240838}, "BIHAR": {"global_perc": 0.0010473771003253554, "local_perc": 0.049214659685863874}, "CHHATTISGARH": {"global_perc": 0.0009937394415184338, "local_perc": 0.020942408376963352}, "GOA": {"global_perc": 0.005988023952095809, "local_perc": 0.0020942408376963353}, "HARYANA": {"global_perc": 0.000146177459435755, "local_perc": 0.0010471204188481676}, "HIMACHAL PRADESH": {"global_perc": 0.00033832769453842436, "local_perc": 0.007329842931937173}, "JAMMU & KASHMIR": {"global_perc": 0.004120250267053258, "local_perc": 0.028272251308900525}, "JHARKHAND": {"global_perc": 0.0033030808174353277, "local_perc": 0.11204188481675392}, "KERALA": {"global_perc": 0.010805500982318271, "local_perc": 0.011518324607329843}, "MADHYA PRADESH": {"global_perc": 0.00027320911425605157, "local_perc": 0.015706806282722512}, "MANIPUR": {"global_perc": 0.0003874467260751647, "local_perc": 0.0010471204188481676}, "MIZORAM": {"global_perc": 0.0012048192771084338, "local_perc": 0.0010471204188481676}, "NAGALAND": {"global_perc": 0.0021008403361344537, "local_perc": 0.0031413612565445027}, "ODISHA": {"global_perc": 0.003585835948005379, "local_perc": 0.19267015706806281}, "Punjab": {"global_perc": 0.005246005881885383, "local_perc": 0.06910994764397906}, "RAJASTHAN": {"global_perc": 0.0006715616045845272, "local_perc": 0.031413612565445025}, "SIKKIM": {"global_perc": 0.0066518847006651885, "local_perc": 0.0031413612565445027}, "TRIPURA": {"global_perc": 0.012571428571428572, "local_perc": 0.011518324607329843}, "Tamil Nadu": {"global_perc": 0.00025032855623005195, "local_perc": 0.004188481675392671}, "UTTAR PRADESH": {"global_perc": 0.0014610298387247832, "local_perc": 0.16335078534031414}, "UTTARAKHAND": {"global_perc": 0.0005954862144941345, "local_perc": 0.010471204188481676}, "West Bengal": {"global_perc": 0.004823710776269332, "local_perc": 0.2031413612565445}}, "partition_field": "Stat_Nam", "Vil_Nam": "Halmat Pora", "Stat_Nam": "JAMMU & KASHMIR"}, {"data": [["Mat_An_Chil_Wel_Cen_Par_Med_Staf_In_Pos_Num", 1.0], ["TB_Clin_Par_Med_Par_Med_Staf_Tot_Stren_Num", 9.0], 0.1111111111111111], "data_low": {"Stat_Nam": "Punjab", "Vil_Nam": "Ayali Khurd (153)", "Mat_An_Chil_Wel_Cen_Par_Med_Staf_In_Pos_Num": "1", "TB_Clin_Par_Med_Par_Med_Staf_Tot_Stren_Num": "9", "id": 33424}, "data_high": {"Stat_Nam": "West Bengal", "Vil_Nam": "Chhota Salunchi", "Mat_An_Chil_Wel_Cen_Par_Med_Staf_In_Pos_Num": "2", "TB_Clin_Par_Med_Par_Med_Staf_Tot_Stren_Num": "15", "id": 316816}, "perc": 0.004335782247380465, "metric": 99.99566510678078, "value_global_local": {"BIHAR": {"global_perc": 8.91384766234345e-05, "local_perc": 0.14814814814814814}, "JHARKHAND": {"global_perc": 0.00015434957090819287, "local_perc": 0.18518518518518517}, "KARNATAKA": {"global_perc": 0.00030674846625766873, "local_perc": 0.3333333333333333}, "KERALA": {"global_perc": 0.0019646365422396855, "local_perc": 0.07407407407407407}, "ODISHA": {"global_perc": 1.948823884785532e-05, "local_perc": 0.037037037037037035}, "Punjab": {"global_perc": 0.00015896987520864795, "local_perc": 0.07407407407407407}, "SIKKIM": {"global_perc": 0.0022172949002217295, "local_perc": 0.037037037037037035}, "West Bengal": {"global_perc": 7.459346561241235e-05, "local_perc": 0.1111111111111111}}, "partition_field": "Stat_Nam", "Vil_Nam": "Ayali Khurd (153)", "Stat_Nam": "Punjab"}, {"data": [["Mat_An_Chil_Wel_Cen_Par_Med_Staf_In_Pos_Num", 2.0], ["TB_Clin_Par_Med_Par_Med_Staf_Tot_Stren_Num", 9.0], 0.2222222222222222], "data_low": {"Stat_Nam": "UTTARAKHAND", "Vil_Nam": "Dewarchaur Kham", "Mat_An_Chil_Wel_Cen_Par_Med_Staf_In_Pos_Num": "1", "TB_Clin_Par_Med_Par_Med_Staf_Tot_Stren_Num": "4", "id": 54882}, "data_high": {"Stat_Nam": "TRIPURA", "Vil_Nam": "Debendrachandranagar (Part)", "Mat_An_Chil_Wel_Cen_Par_Med_Staf_In_Pos_Num": "3", "TB_Clin_Par_Med_Par_Med_Staf_Tot_Stren_Num": "12", "id": 270790}, "perc": 0.004335782247380465, "metric": 99.99566499565225, "value_global_local": {"BIHAR": {"global_perc": 0.00011142309577929313, "local_perc": 0.18518518518518517}, "JHARKHAND": {"global_perc": 3.086991418163858e-05, "local_perc": 0.037037037037037035}, "KARNATAKA": {"global_perc": 0.00040899795501022495, "local_perc": 0.4444444444444444}, "KERALA": {"global_perc": 0.0019646365422396855, "local_perc": 0.07407407407407407}, "SIKKIM": {"global_perc": 0.0022172949002217295, "local_perc": 0.037037037037037035}, "TRIPURA": {"global_perc": 0.002285714285714286, "local_perc": 0.07407407407407407}, "UTTAR PRADESH": {"global_perc": 9.365575889261431e-06, "local_perc": 0.037037037037037035}, "UTTARAKHAND": {"global_perc": 5.954862144941345e-05, "local_perc": 0.037037037037037035}, "West Bengal": {"global_perc": 4.972897707494157e-05, "local_perc": 0.07407407407407407}}, "partition_field": "Stat_Nam", "Vil_Nam": "Kuzhimanna", "Stat_Nam": "KERALA"}, {"data": [["Mat_An_Chil_Wel_Cen_Par_Med_Staf_In_Pos_Num", 1.0], ["TB_Clin_Par_Med_Par_Med_Staf_Tot_Stren_Num", 3.0], 0.3333333333333333], "data_low": {"Stat_Nam": "Punjab", "Vil_Nam": "Vanieyke  (345)", "Mat_An_Chil_Wel_Cen_Par_Med_Staf_In_Pos_Num": "1", "TB_Clin_Par_Med_Par_Med_Staf_Tot_Stren_Num": "3", "id": 37093}, "data_high": {"Stat_Nam": "Tamil Nadu", "Vil_Nam": "Koduvilarpatty", "Mat_An_Chil_Wel_Cen_Par_Med_Staf_In_Pos_Num": "4", "TB_Clin_Par_Med_Par_Med_Staf_Tot_Stren_Num": "12", "id": 618406}, "perc": 0.030511060259344015, "metric": 99.96948960633722, "value_global_local": {"BIHAR": {"global_perc": 0.000356553906493738, "local_perc": 0.08421052631578947}, "JHARKHAND": {"global_perc": 0.0004939186269062172, "local_perc": 0.08421052631578947}, "KARNATAKA": {"global_perc": 0.0011929107021131562, "local_perc": 0.18421052631578946}, "KERALA": {"global_perc": 0.0009823182711198428, "local_perc": 0.005263157894736842}, "ODISHA": {"global_perc": 9.744119423927659e-05, "local_perc": 0.02631578947368421}, "Punjab": {"global_perc": 7.948493760432397e-05, "local_perc": 0.005263157894736842}, "SIKKIM": {"global_perc": 0.0022172949002217295, "local_perc": 0.005263157894736842}, "TRIPURA": {"global_perc": 0.001142857142857143, "local_perc": 0.005263157894736842}, "Tamil Nadu": {"global_perc": 0.0060704674885787594, "local_perc": 0.5105263157894737}, "UTTAR PRADESH": {"global_perc": 7.492460711409145e-05, "local_perc": 0.042105263157894736}, "West Bengal": {"global_perc": 0.00022378039683723706, "local_perc": 0.04736842105263158}}, "partition_field": "Stat_Nam", "Vil_Nam": "Vanieyke  (345)", "Stat_Nam": "Punjab"}, {"data": [["Mat_An_Chil_Wel_Cen_Par_Med_Staf_In_Pos_Num", 4.0], ["TB_Clin_Par_Med_Par_Med_Staf_Tot_Stren_Num", 9.0], 0.4444444444444444], "data_low": {"Stat_Nam": "Punjab", "Vil_Nam": "Pandori (39)", "Mat_An_Chil_Wel_Cen_Par_Med_Staf_In_Pos_Num": "1", "TB_Clin_Par_Med_Par_Med_Staf_Tot_Stren_Num": "2", "id": 30509}, "data_high": {"Stat_Nam": "UTTARAKHAND", "Vil_Nam": "Jauligrant", "Mat_An_Chil_Wel_Cen_Par_Med_Staf_In_Pos_Num": "5", "TB_Clin_Par_Med_Par_Med_Staf_Tot_Stren_Num": "10", "id": 45051}, "perc": 0.050262957164077235, "metric": 99.94973759822332, "value_global_local": {"ASSAM": {"global_perc": 0.00015154385300246258, "local_perc": 0.012779552715654952}, "BIHAR": {"global_perc": 0.003208985158443642, "local_perc": 0.46006389776357826}, "CHHATTISGARH": {"global_perc": 9.937394415184339e-05, "local_perc": 0.006389776357827476}, "JHARKHAND": {"global_perc": 0.00015434957090819287, "local_perc": 0.01597444089456869}, "KARNATAKA": {"global_perc": 0.001738241308793456, "local_perc": 0.16293929712460065}, "KERALA": {"global_perc": 0.003929273084479371, "local_perc": 0.012779552715654952}, "ODISHA": {"global_perc": 0.00017539414963069788, "local_perc": 0.02875399361022364}, "Punjab": {"global_perc": 0.00023845481281297194, "local_perc": 0.009584664536741214}, "RAJASTHAN": {"global_perc": 0.0002686246418338109, "local_perc": 0.038338658146964855}, "TRIPURA": {"global_perc": 0.002285714285714286, "local_perc": 0.006389776357827476}, "Tamil Nadu": {"global_perc": 0.0018774641717253897, "local_perc": 0.09584664536741214}, "UTTAR PRADESH": {"global_perc": 0.00025287054901005864, "local_perc": 0.08626198083067092}, "UTTARAKHAND": {"global_perc": 0.00029774310724706724, "local_perc": 0.01597444089456869}, "West Bengal": {"global_perc": 0.00037296732806206176, "local_perc": 0.04792332268370607}}, "partition_field": "Stat_Nam", "Vil_Nam": "Toran Dinni", "Stat_Nam": "KARNATAKA"}, {"data": [["Mat_An_Chil_Wel_Cen_Par_Med_Staf_In_Pos_Num", 5.0], ["TB_Clin_Par_Med_Par_Med_Staf_Tot_Stren_Num", 9.0], 0.5555555555555556], "data_low": {"Stat_Nam": "UTTARAKHAND", "Vil_Nam": "Tanakpur", "Mat_An_Chil_Wel_Cen_Par_Med_Staf_In_Pos_Num": "3", "TB_Clin_Par_Med_Par_Med_Staf_Tot_Stren_Num": "5", "id": 54151}, "data_high": {"Stat_Nam": "PUDUCHERRY", "Vil_Nam": "Vizhidiur", "Mat_An_Chil_Wel_Cen_Par_Med_Staf_In_Pos_Num": "9", "TB_Clin_Par_Med_Par_Med_Staf_Tot_Stren_Num": "14", "id": 622147}, "perc": 0.00947448713316472, "metric": 99.99052595735806, "value_global_local": {"BIHAR": {"global_perc": 0.00013370771493515177, "local_perc": 0.1016949152542373}, "KARNATAKA": {"global_perc": 0.0014655760054533061, "local_perc": 0.7288135593220338}, "PUDUCHERRY": {"global_perc": 0.03333333333333333, "local_perc": 0.05084745762711865}, "Punjab": {"global_perc": 7.948493760432397e-05, "local_perc": 0.01694915254237288}, "SIKKIM": {"global_perc": 0.0066518847006651885, "local_perc": 0.05084745762711865}, "UTTARAKHAND": {"global_perc": 0.0001190972428988269, "local_perc": 0.03389830508474576}, "West Bengal": {"global_perc": 2.4864488537470783e-05, "local_perc": 0.01694915254237288}}, "partition_field": "Stat_Nam", "Vil_Nam": "Katani Kalan (212)", "Stat_Nam": "Punjab"}, {"data": [["Mat_An_Chil_Wel_Cen_Par_Med_Staf_In_Pos_Num", 2.0], ["TB_Clin_Par_Med_Par_Med_Staf_Tot_Stren_Num", 3.0], 0.6666666666666666], "data_low": {"Stat_Nam": "TRIPURA", "Vil_Nam": "Chailengta", "Mat_An_Chil_Wel_Cen_Par_Med_Staf_In_Pos_Num": "12", "TB_Clin_Par_Med_Par_Med_Staf_Tot_Stren_Num": "18", "id": 271394}, "data_high": {"Stat_Nam": "BIHAR", "Vil_Nam": "Murauli Khurd", "Mat_An_Chil_Wel_Cen_Par_Med_Staf_In_Pos_Num": "7", "TB_Clin_Par_Med_Par_Med_Staf_Tot_Stren_Num": "10", "id": 253050}, "perc": 0.12654060781243728, "metric": 99.87345972516566, "value_global_local": {"": {"global_perc": 0.0014859525647080507, "local_perc": 0.9822335025380711}, "ANDIPATTI": {"global_perc": 0.25, "local_perc": 0.0012690355329949238}, "BALIA": {"global_perc": 0.08333333333333333, "local_perc": 0.0012690355329949238}, "FULANG": {"global_perc": 0.3333333333333333, "local_perc": 0.0012690355329949238}, "GUMMIDIPOONDI": {"global_perc": 0.5, "local_perc": 0.0012690355329949238}, "KAKWARA": {"global_perc": 1.0, "local_perc": 0.0012690355329949238}, "MAHUWAI": {"global_perc": 1.0, "local_perc": 0.0012690355329949238}, "MELPAKKAM": {"global_perc": 0.5, "local_perc": 0.0012690355329949238}, "NAGENAHALLI": {"global_perc": 0.16666666666666666, "local_perc": 0.0012690355329949238}, "PHULANG": {"global_perc": 1.0, "local_perc": 0.0012690355329949238}, "RAINAGAR": {"global_perc": 1.0, "local_perc": 0.0012690355329949238}, "SADAKAR": {"global_perc": 1.0, "local_perc": 0.0012690355329949238}, "SIRUVADI": {"global_perc": 1.0, "local_perc": 0.0012690355329949238}, "VADAKATTUPATTI": {"global_perc": 1.0, "local_perc": 0.0012690355329949238}, "VELLALAPATTI": {"global_perc": 0.5, "local_perc": 0.0012690355329949238}}, "partition_field": "Near_Vil_Tow_Nam_hav_Prim_School", "Vil_Nam": "Khanan", "Stat_Nam": "JAMMU & KASHMIR"}, {"data": [["Mat_An_Chil_Wel_Cen_Par_Med_Staf_In_Pos_Num", 7.0], ["TB_Clin_Par_Med_Par_Med_Staf_Tot_Stren_Num", 9.0], 0.7777777777777778], "data_low": {"Stat_Nam": "PUDUCHERRY", "Vil_Nam": "Neravy", "Mat_An_Chil_Wel_Cen_Par_Med_Staf_In_Pos_Num": "18", "TB_Clin_Par_Med_Par_Med_Staf_Tot_Stren_Num": "22", "id": 622149}, "data_high": {"Stat_Nam": "JAMMU & KASHMIR", "Vil_Nam": "Danger Pora", "Mat_An_Chil_Wel_Cen_Par_Med_Staf_In_Pos_Num": "8", "TB_Clin_Par_Med_Par_Med_Staf_Tot_Stren_Num": "10", "id": 2985}, "perc": 0.03243807459151311, "metric": 99.96756214760306, "value_global_local": {"BIHAR": {"global_perc": 0.0001559923340910104, "local_perc": 0.034653465346534656}, "JAMMU & KASHMIR": {"global_perc": 0.00015260186174271325, "local_perc": 0.0049504950495049506}, "KARNATAKA": {"global_perc": 0.006373551465576006, "local_perc": 0.9257425742574258}, "PUDUCHERRY": {"global_perc": 0.022222222222222223, "local_perc": 0.009900990099009901}, "UTTAR PRADESH": {"global_perc": 1.8731151778522863e-05, "local_perc": 0.009900990099009901}, "UTTARAKHAND": {"global_perc": 5.954862144941345e-05, "local_perc": 0.0049504950495049506}, "West Bengal": {"global_perc": 4.972897707494157e-05, "local_perc": 0.009900990099009901}}, "partition_field": "Stat_Nam", "Vil_Nam": "Mulawad", "Stat_Nam": "KARNATAKA"}, {"data": [["Mat_An_Chil_Wel_Cen_Par_Med_Staf_In_Pos_Num", 8.0], ["TB_Clin_Par_Med_Par_Med_Staf_Tot_Stren_Num", 9.0], 0.8888888888888888], "data_low": {"Stat_Nam": "PUDUCHERRY", "Vil_Nam": "Sedarapet", "Mat_An_Chil_Wel_Cen_Par_Med_Staf_In_Pos_Num": "10", "TB_Clin_Par_Med_Par_Med_Staf_Tot_Stren_Num": "11", "id": 622103}, "data_high": {"Stat_Nam": "KARNATAKA", "Vil_Nam": "Telsang", "Mat_An_Chil_Wel_Cen_Par_Med_Staf_In_Pos_Num": "8", "TB_Clin_Par_Med_Par_Med_Staf_Tot_Stren_Num": "9", "id": 575601}, "perc": 0.0033722750812959167, "metric": 99.99662783604829, "value_global_local": {"KARNATAKA": {"global_perc": 0.0006475800954328562, "local_perc": 0.9047619047619048}, "PUDUCHERRY": {"global_perc": 0.022222222222222223, "local_perc": 0.09523809523809523}}, "partition_field": "Stat_Nam", "Vil_Nam": "Telsang", "Stat_Nam": "KARNATAKA"}, {"data": [["Mat_An_Chil_Wel_Cen_Par_Med_Staf_In_Pos_Num", 2.0], ["TB_Clin_Par_Med_Par_Med_Staf_Tot_Stren_Num", 2.0], 1.0], "data_low": {"Stat_Nam": "JAMMU & KASHMIR", "Vil_Nam": "Tantna", "Mat_An_Chil_Wel_Cen_Par_Med_Staf_In_Pos_Num": "1", "TB_Clin_Par_Med_Par_Med_Staf_Tot_Stren_Num": "1", "id": 4093}, "data_high": {"Stat_Nam": "TRIPURA", "Vil_Nam": "Paschim Kanchanbari", "Mat_An_Chil_Wel_Cen_Par_Med_Staf_In_Pos_Num": "9", "TB_Clin_Par_Med_Par_Med_Staf_Tot_Stren_Num": "9", "id": 271607}, "perc": 0.922236942470593, "metric": 99.07776305752941, "value_global_local": {"": {"global_perc": 0.010847069755297785, "local_perc": 0.9838063729757967}, "ALIPUR BIHTA": {"global_perc": 1.0, "local_perc": 0.00017412502176562773}, "ASOUTA": {"global_perc": 0.5, "local_perc": 0.00017412502176562773}, "BABHANI": {"global_perc": 0.010416666666666666, "local_perc": 0.00034825004353125546}, "BACHAHALLI": {"global_perc": 1.0, "local_perc": 0.00017412502176562773}, "BALIA": {"global_perc": 0.08333333333333333, "local_perc": 0.00017412502176562773}, "BALLAGAN": {"global_perc": 1.0, "local_perc": 0.00017412502176562773}, "BANDULAHAR": {"global_perc": 1.0, "local_perc": 0.00017412502176562773}, "BASAVANAHALLI": {"global_perc": 0.2, "local_perc": 0.00017412502176562773}, "BASINI": {"global_perc": 1.0, "local_perc": 0.00017412502176562773}, "BASUDEWPUR": {"global_perc": 1.0, "local_perc": 0.00017412502176562773}, "BELHAN": {"global_perc": 0.3333333333333333, "local_perc": 0.00017412502176562773}, "BILISIRI": {"global_perc": 0.5, "local_perc": 0.00017412502176562773}, "BUDGADDA": {"global_perc": 0.5, "local_perc": 0.00034825004353125546}, "CHAK BAMUN": {"global_perc": 0.3333333333333333, "local_perc": 0.00017412502176562773}, "CHANDRI": {"global_perc": 0.1111111111111111, "local_perc": 0.00017412502176562773}, "CHHANGLA": {"global_perc": 0.2, "local_perc": 0.00017412502176562773}, "CHILOI": {"global_perc": 0.3333333333333333, "local_perc": 0.00017412502176562773}, "CHIRKUWEDA": {"global_perc": 1.0, "local_perc": 0.00017412502176562773}, "DUIKASAI": {"global_perc": 1.0, "local_perc": 0.00017412502176562773}, "ERKI": {"global_perc": 1.0, "local_perc": 0.00017412502176562773}, "FATEHPUR": {"global_perc": 0.015873015873015872, "local_perc": 0.00017412502176562773}, "FRANGAMATIA": {"global_perc": 1.0, "local_perc": 0.00017412502176562773}, "GANGHARA": {"global_perc": 0.5, "local_perc": 0.00017412502176562773}, "GARHWA": {"global_perc": 0.14285714285714285, "local_perc": 0.00017412502176562773}, "GAUHARPUR": {"global_perc": 0.3333333333333333, "local_perc": 0.00017412502176562773}, "GOPICHAK": {"global_perc": 1.0, "local_perc": 0.00017412502176562773}, "GOVINDAMPALAYAM": {"global_perc": 0.5, "local_perc": 0.00017412502176562773}, "GUMRU": {"global_perc": 0.3333333333333333, "local_perc": 0.00017412502176562773}, "GURI": {"global_perc": 0.1111111111111111, "local_perc": 0.00017412502176562773}, "HARHUA": {"global_perc": 0.3333333333333333, "local_perc": 0.00017412502176562773}, "HARIRAMPUR": {"global_perc": 0.14285714285714285, "local_perc": 0.00017412502176562773}, "HARNA": {"global_perc": 0.5, "local_perc": 0.00017412502176562773}, "HULIYAR": {"global_perc": 0.5, "local_perc": 0.00017412502176562773}, "HUNASANAKODIHALLI": {"global_perc": 1.0, "local_perc": 0.00017412502176562773}, "IBRAHIMPUR": {"global_perc": 0.1, "local_perc": 0.00017412502176562773}, "IDAR": {"global_perc": 0.5, "local_perc": 0.00017412502176562773}, "ISHAPUR": {"global_perc": 0.3333333333333333, "local_perc": 0.00017412502176562773}, "JAIDPUR": {"global_perc": 1.0, "local_perc": 0.00017412502176562773}, "JALALPUR NAURANGA": {"global_perc": 0.5, "local_perc": 0.00017412502176562773}, "JAMBANI": {"global_perc": 0.2, "local_perc": 0.00017412502176562773}, "JAMBGI(K.D)": {"global_perc": 1.0, "local_perc": 0.00017412502176562773}, "JHAMKE": {"global_perc": 1.0, "local_perc": 0.00017412502176562773}, "KANAUDI": {"global_perc": 0.5, "local_perc": 0.00017412502176562773}, "KANDHALA SHEIKAN": {"global_perc": 1.0, "local_perc": 0.00017412502176562773}, "KANNAPUR HATTI": {"global_perc": 1.0, "local_perc": 0.00017412502176562773}, "KAULI": {"global_perc": 0.14285714285714285, "local_perc": 0.00017412502176562773}, "KESARE": {"global_perc": 1.0, "local_perc": 0.00017412502176562773}, "KHARAJ": {"global_perc": 0.3333333333333333, "local_perc": 0.00017412502176562773}, "KHUN KHUN SARKI": {"global_perc": 0.5, "local_perc": 0.00017412502176562773}, "KONE": {"global_perc": 1.0, "local_perc": 0.00017412502176562773}, "KONI": {"global_perc": 0.16666666666666666, "local_perc": 0.00017412502176562773}, "KOSDA": {"global_perc": 0.14285714285714285, "local_perc": 0.00017412502176562773}, "KOTTARAM": {"global_perc": 1.0, "local_perc": 0.00017412502176562773}, "KULLATHILVAI": {"global_perc": 0.3333333333333333, "local_perc": 0.00017412502176562773}, "KUMIZHI": {"global_perc": 1.0, "local_perc": 0.00017412502176562773}, "KURMADIH": {"global_perc": 1.0, "local_perc": 0.00017412502176562773}, "KUTTI": {"global_perc": 1.0, "local_perc": 0.00017412502176562773}, "MACHONG": {"global_perc": 1.0, "local_perc": 0.00017412502176562773}, "MAYURHAND": {"global_perc": 0.25, "local_perc": 0.00017412502176562773}, "MERLE": {"global_perc": 1.0, "local_perc": 0.00017412502176562773}, "MISRAULI": {"global_perc": 1.0, "local_perc": 0.00017412502176562773}, "MUNAN": {"global_perc": 1.0, "local_perc": 0.00017412502176562773}, "N.A.": {"global_perc": 0.00018942981625307822, "local_perc": 0.00034825004353125546}, "NALATHWAD": {"global_perc": 0.25, "local_perc": 0.00017412502176562773}, "NAWADA": {"global_perc": 0.03225806451612903, "local_perc": 0.00017412502176562773}, "NOTAR": {"global_perc": 1.0, "local_perc": 0.00017412502176562773}, "OBRA": {"global_perc": 1.0, "local_perc": 0.00017412502176562773}, "PUHO": {"global_perc": 1.0, "local_perc": 0.00017412502176562773}, "PUNAJUR STATE FOREST": {"global_perc": 1.0, "local_perc": 0.00017412502176562773}, "RAMGARHA": {"global_perc": 1.0, "local_perc": 0.00017412502176562773}, "RANIPOKHRI": {"global_perc": 0.5, "local_perc": 0.00034825004353125546}, "RATNAG": {"global_perc": 0.3333333333333333, "local_perc": 0.00017412502176562773}, "RUPAS MAHAJI": {"global_perc": 0.5, "local_perc": 0.00017412502176562773}, "Rahmatpur": {"global_perc": 0.5, "local_perc": 0.00017412502176562773}, "SALIAGOCHHA": {"global_perc": 1.0, "local_perc": 0.00017412502176562773}, "SANKESHWAR TOWN": {"global_perc": 1.0, "local_perc": 0.00017412502176562773}, "SARAIA": {"global_perc": 0.25, "local_perc": 0.00017412502176562773}, "SARDAM": {"global_perc": 0.25, "local_perc": 0.00017412502176562773}, "SARUA": {"global_perc": 0.3333333333333333, "local_perc": 0.00017412502176562773}, "SEWAL": {"global_perc": 1.0, "local_perc": 0.00017412502176562773}, "SHIVPUR": {"global_perc": 0.13636363636363635, "local_perc": 0.0005223750652968832}, "SOMINAKOPPA": {"global_perc": 0.16666666666666666, "local_perc": 0.00017412502176562773}, "SUNKA": {"global_perc": 1.0, "local_perc": 0.00017412502176562773}, "TAMBA": {"global_perc": 0.5, "local_perc": 0.00017412502176562773}, "TARNA": {"global_perc": 0.5, "local_perc": 0.00017412502176562773}, "THAGACHAGERE": {"global_perc": 1.0, "local_perc": 0.00017412502176562773}, "URMAR": {"global_perc": 1.0, "local_perc": 0.00017412502176562773}}, "partition_field": "Near_Vil_Tow_Nam_hav_Prim_School", "Vil_Nam": "Dadom Pora", "Stat_Nam": "JAMMU & KASHMIR"}, {"data": [["Mat_An_Chil_Wel_Cen_Par_Med_Staf_In_Pos_Num", 10.0], ["TB_Clin_Par_Med_Par_Med_Staf_Tot_Stren_Num", 9.0], 1.1111111111111112], "data_low": {"Stat_Nam": "KARNATAKA", "Vil_Nam": "Mavalli", "Mat_An_Chil_Wel_Cen_Par_Med_Staf_In_Pos_Num": "10", "TB_Clin_Par_Med_Par_Med_Staf_Tot_Stren_Num": "9", "id": 582059}, "data_high": {"Stat_Nam": "KARNATAKA", "Vil_Nam": "Akkol", "Mat_An_Chil_Wel_Cen_Par_Med_Staf_In_Pos_Num": "8", "TB_Clin_Par_Med_Par_Med_Staf_Tot_Stren_Num": "7", "id": 575399}, "perc": 0.010116825243887751, "metric": 99.98988306363404, "value_global_local": {"KARNATAKA": {"global_perc": 0.002147239263803681, "local_perc": 1.0}}, "partition_field": "Stat_Nam", "Vil_Nam": "Mavalli", "Stat_Nam": "KARNATAKA"}, {"data": [["Mat_An_Chil_Wel_Cen_Par_Med_Staf_In_Pos_Num", 5.0], ["TB_Clin_Par_Med_Par_Med_Staf_Tot_Stren_Num", 4.0], 1.25], "data_low": {"Stat_Nam": "BIHAR", "Vil_Nam": "Chhapra Gobindpur", "Mat_An_Chil_Wel_Cen_Par_Med_Staf_In_Pos_Num": "4", "TB_Clin_Par_Med_Par_Med_Staf_Tot_Stren_Num": "3", "id": 228304}, "data_high": {"Stat_Nam": "KARNATAKA", "Vil_Nam": "Holalu", "Mat_An_Chil_Wel_Cen_Par_Med_Staf_In_Pos_Num": "9", "TB_Clin_Par_Med_Par_Med_Staf_Tot_Stren_Num": "7", "id": 582829}, "perc": 0.014452607491268216, "metric": 99.98554714249487, "value_global_local": {"": {"global_perc": 0.00014996175975126342, "local_perc": 0.6666666666666666}, "0": {"global_perc": 0.0035460992907801418, "local_perc": 0.15555555555555556}, "a": {"global_perc": 5.461297604310784e-05, "local_perc": 0.03333333333333333}, "b": {"global_perc": 9.715445399196857e-05, "local_perc": 0.1}, "c": {"global_perc": 5.625325214113941e-05, "local_perc": 0.044444444444444446}}, "partition_field": "Dist_Nut_Cen_Other", "Vil_Nam": "Kasba Thana", "Stat_Nam": "RAJASTHAN"}, {"data": [["Mat_An_Chil_Wel_Cen_Par_Med_Staf_In_Pos_Num", 7.0], ["TB_Clin_Par_Med_Par_Med_Staf_Tot_Stren_Num", 5.0], 1.4], "data_low": {"Stat_Nam": "KARNATAKA", "Vil_Nam": "Emmiganur", "Mat_An_Chil_Wel_Cen_Par_Med_Staf_In_Pos_Num": "10", "TB_Clin_Par_Med_Par_Med_Staf_Tot_Stren_Num": "7", "id": 583093}, "data_high": {"Stat_Nam": "KARNATAKA", "Vil_Nam": "Chinchali", "Mat_An_Chil_Wel_Cen_Par_Med_Staf_In_Pos_Num": "9", "TB_Clin_Par_Med_Par_Med_Staf_Tot_Stren_Num": "6", "id": 575633}, "perc": 0.010437994299249267, "metric": 99.98956160566249, "value_global_local": {"BIHAR": {"global_perc": 0.00037883852564959665, "local_perc": 0.26153846153846155}, "KARNATAKA": {"global_perc": 0.0008179959100204499, "local_perc": 0.36923076923076925}, "KERALA": {"global_perc": 0.0009823182711198428, "local_perc": 0.015384615384615385}, "ODISHA": {"global_perc": 1.948823884785532e-05, "local_perc": 0.015384615384615385}, "Punjab": {"global_perc": 7.948493760432397e-05, "local_perc": 0.015384615384615385}, "RAJASTHAN": {"global_perc": 6.715616045845272e-05, "local_perc": 0.046153846153846156}, "Tamil Nadu": {"global_perc": 0.0003754928343450779, "local_perc": 0.09230769230769231}, "UTTAR PRADESH": {"global_perc": 0.00010302133478187574, "local_perc": 0.16923076923076924}, "UTTARAKHAND": {"global_perc": 5.954862144941345e-05, "local_perc": 0.015384615384615385}}, "partition_field": "Stat_Nam", "Vil_Nam": "Kakkeri", "Stat_Nam": "KARNATAKA"}, {"data": [["Mat_An_Chil_Wel_Cen_Par_Med_Staf_In_Pos_Num", 8.0], ["TB_Clin_Par_Med_Par_Med_Staf_Tot_Stren_Num", 5.0], 1.6], "data_low": {"Stat_Nam": "KARNATAKA", "Vil_Nam": "Kekkera", "Mat_An_Chil_Wel_Cen_Par_Med_Staf_In_Pos_Num": "10", "TB_Clin_Par_Med_Par_Med_Staf_Tot_Stren_Num": "6", "id": 599133}, "data_high": {"Stat_Nam": "BIHAR", "Vil_Nam": "Kesath", "Mat_An_Chil_Wel_Cen_Par_Med_Staf_In_Pos_Num": "8", "TB_Clin_Par_Med_Par_Med_Staf_Tot_Stren_Num": "5", "id": 247086}, "perc": 0.0049781203581034964, "metric": 99.99502127955176, "value_global_local": {"BIHAR": {"global_perc": 8.91384766234345e-05, "local_perc": 0.12903225806451613}, "KARNATAKA": {"global_perc": 0.0006816632583503749, "local_perc": 0.6451612903225806}, "MANIPUR": {"global_perc": 0.0003874467260751647, "local_perc": 0.03225806451612903}, "Tamil Nadu": {"global_perc": 0.00031291069528756495, "local_perc": 0.16129032258064516}, "West Bengal": {"global_perc": 2.4864488537470783e-05, "local_perc": 0.03225806451612903}}, "partition_field": "Stat_Nam", "Vil_Nam": "Kesath", "Stat_Nam": "BIHAR"}, {"data": [["Mat_An_Chil_Wel_Cen_Par_Med_Staf_In_Pos_Num", 7.0], ["TB_Clin_Par_Med_Par_Med_Staf_Tot_Stren_Num", 4.0], 1.75], "data_low": {"Stat_Nam": "RAJASTHAN", "Vil_Nam": "Kalwar", "Mat_An_Chil_Wel_Cen_Par_Med_Staf_In_Pos_Num": "7", "TB_Clin_Par_Med_Par_Med_Staf_Tot_Stren_Num": "4", "id": 79631}, "data_high": {"Stat_Nam": "KARNATAKA", "Vil_Nam": "Haldipur", "Mat_An_Chil_Wel_Cen_Par_Med_Staf_In_Pos_Num": "9", "TB_Clin_Par_Med_Par_Med_Staf_Tot_Stren_Num": "5", "id": 581976}, "perc": 0.0009635071660845478, "metric": 99.99903574269112, "value_global_local": {}, "partition_field": null, "Vil_Nam": "Kalwar", "Stat_Nam": "RAJASTHAN"}, {"data": [["Mat_An_Chil_Wel_Cen_Par_Med_Staf_In_Pos_Num", 2.0], ["TB_Clin_Par_Med_Par_Med_Staf_Tot_Stren_Num", 1.0], 2.0], "data_low": {"Stat_Nam": "HIMACHAL PRADESH", "Vil_Nam": "Karsog (416)", "Mat_An_Chil_Wel_Cen_Par_Med_Staf_In_Pos_Num": "2", "TB_Clin_Par_Med_Par_Med_Staf_Tot_Stren_Num": "1", "id": 16013}, "data_high": {"Stat_Nam": "BIHAR", "Vil_Nam": "Charkhi", "Mat_An_Chil_Wel_Cen_Par_Med_Staf_In_Pos_Num": "8", "TB_Clin_Par_Med_Par_Med_Staf_Tot_Stren_Num": "4", "id": 246931}, "perc": 0.12670119234011804, "metric": 99.87329780872712, "value_global_local": {"ASSAM": {"global_perc": 3.7885963250615644e-05, "local_perc": 0.0012674271229404308}, "Arunachal Pradesh": {"global_perc": 0.0001789228842368939, "local_perc": 0.0012674271229404308}, "BIHAR": {"global_perc": 0.014150733163970228, "local_perc": 0.8048162230671736}, "CHHATTISGARH": {"global_perc": 0.00024843486037960845, "local_perc": 0.0063371356147021544}, "GOA": {"global_perc": 0.0029940119760479044, "local_perc": 0.0012674271229404308}, "HARYANA": {"global_perc": 0.00029235491887151, "local_perc": 0.0025348542458808617}, "HIMACHAL PRADESH": {"global_perc": 9.666505558240696e-05, "local_perc": 0.0025348542458808617}, "JHARKHAND": {"global_perc": 0.0004939186269062172, "local_perc": 0.020278833967046894}, "KARNATAKA": {"global_perc": 0.0005112474437627812, "local_perc": 0.019011406844106463}, "KERALA": {"global_perc": 0.03536345776031434, "local_perc": 0.045627376425855515}, "MADHYA PRADESH": {"global_perc": 0.00010928364570242063, "local_perc": 0.0076045627376425855}, "MANIPUR": {"global_perc": 0.0003874467260751647, "local_perc": 0.0012674271229404308}, "ODISHA": {"global_perc": 9.744119423927659e-05, "local_perc": 0.0063371356147021544}, "Punjab": {"global_perc": 0.0005563945632302679, "local_perc": 0.008871989860583017}, "RAJASTHAN": {"global_perc": 2.238538681948424e-05, "local_perc": 0.0012674271229404308}, "TRIPURA": {"global_perc": 0.002285714285714286, "local_perc": 0.0025348542458808617}, "Tamil Nadu": {"global_perc": 0.00031291069528756495, "local_perc": 0.0063371356147021544}, "UTTAR PRADESH": {"global_perc": 0.0003090640043456272, "local_perc": 0.04182509505703422}, "UTTARAKHAND": {"global_perc": 0.0002381944857976538, "local_perc": 0.005069708491761723}, "West Bengal": {"global_perc": 0.00027350937391217863, "local_perc": 0.01394169835234474}}, "partition_field": "Stat_Nam", "Vil_Nam": "Karsog (416)", "Stat_Nam": "HIMACHAL PRADESH"}, {"data": [["Mat_An_Chil_Wel_Cen_Par_Med_Staf_In_Pos_Num", 12.0], ["TB_Clin_Par_Med_Par_Med_Staf_Tot_Stren_Num", 5.0], 2.4], "data_low": {"Stat_Nam": "JAMMU & KASHMIR", "Vil_Nam": "Gund -I-Hado", "Mat_An_Chil_Wel_Cen_Par_Med_Staf_In_Pos_Num": "10", "TB_Clin_Par_Med_Par_Med_Staf_Tot_Stren_Num": "4", "id": 3450}, "data_high": {"Stat_Nam": "UTTAR PRADESH", "Vil_Nam": "Siwal Khas", "Mat_An_Chil_Wel_Cen_Par_Med_Staf_In_Pos_Num": "5", "TB_Clin_Par_Med_Par_Med_Staf_Tot_Stren_Num": "2", "id": 118433}, "perc": 0.0011240916937653056, "metric": 99.99887450804192, "value_global_local": {}, "partition_field": null, "Vil_Nam": "Mauan", "Stat_Nam": "BIHAR"}, {"data": [["Mat_An_Chil_Wel_Cen_Par_Med_Staf_In_Pos_Num", 8.0], ["TB_Clin_Par_Med_Par_Med_Staf_Tot_Stren_Num", 3.0], 2.6666666666666665], "data_low": {"Stat_Nam": "UTTARAKHAND", "Vil_Nam": "Jakholi", "Mat_An_Chil_Wel_Cen_Par_Med_Staf_In_Pos_Num": "8", "TB_Clin_Par_Med_Par_Med_Staf_Tot_Stren_Num": "3", "id": 42343}, "data_high": {"Stat_Nam": "UTTARAKHAND", "Vil_Nam": "Jakholi", "Mat_An_Chil_Wel_Cen_Par_Med_Staf_In_Pos_Num": "8", "TB_Clin_Par_Med_Par_Med_Staf_Tot_Stren_Num": "3", "id": 42343}, "perc": 0.00016058452768075794, "metric": 99.99983774847495, "value_global_local": {}, "partition_field": null, "Vil_Nam": "Jakholi", "Stat_Nam": "UTTARAKHAND"}, {"data": [["Mat_An_Chil_Wel_Cen_Par_Med_Staf_In_Pos_Num", 3.0], ["TB_Clin_Par_Med_Par_Med_Staf_Tot_Stren_Num", 1.0], 3.0], "data_low": {"Stat_Nam": "Arunachal Pradesh", "Vil_Nam": "Upper Seijosa", "Mat_An_Chil_Wel_Cen_Par_Med_Staf_In_Pos_Num": "12", "TB_Clin_Par_Med_Par_Med_Staf_Tot_Stren_Num": "4", "id": 260881}, "data_high": {"Stat_Nam": "UTTAR PRADESH", "Vil_Nam": "Daula", "Mat_An_Chil_Wel_Cen_Par_Med_Staf_In_Pos_Num": "6", "TB_Clin_Par_Med_Par_Med_Staf_Tot_Stren_Num": "2", "id": 118772}, "perc": 0.009956240716206993, "metric": 99.9900417590829, "value_global_local": {"ASSAM": {"global_perc": 0.0010229210077666224, "local_perc": 0.43548387096774194}, "Arunachal Pradesh": {"global_perc": 0.0001789228842368939, "local_perc": 0.016129032258064516}, "BIHAR": {"global_perc": 0.00028970004902616214, "local_perc": 0.20967741935483872}, "GOA": {"global_perc": 0.005988023952095809, "local_perc": 0.03225806451612903}, "HIMACHAL PRADESH": {"global_perc": 4.833252779120348e-05, "local_perc": 0.016129032258064516}, "JHARKHAND": {"global_perc": 9.260974254491573e-05, "local_perc": 0.04838709677419355}, "MADHYA PRADESH": {"global_perc": 5.464182285121031e-05, "local_perc": 0.04838709677419355}, "MIZORAM": {"global_perc": 0.0012048192771084338, "local_perc": 0.016129032258064516}, "Punjab": {"global_perc": 0.00015896987520864795, "local_perc": 0.03225806451612903}, "UTTAR PRADESH": {"global_perc": 5.619345533556858e-05, "local_perc": 0.0967741935483871}, "West Bengal": {"global_perc": 7.459346561241235e-05, "local_perc": 0.04838709677419355}}, "partition_field": "Stat_Nam", "Vil_Nam": "Keylong (7/2)", "Stat_Nam": "HIMACHAL PRADESH"}, {"data": [["Mat_An_Chil_Wel_Cen_Par_Med_Staf_In_Pos_Num", 7.0], ["TB_Clin_Par_Med_Par_Med_Staf_Tot_Stren_Num", 2.0], 3.5], "data_low": {"Stat_Nam": "JAMMU & KASHMIR", "Vil_Nam": "Ram Garh", "Mat_An_Chil_Wel_Cen_Par_Med_Staf_In_Pos_Num": "7", "TB_Clin_Par_Med_Par_Med_Staf_Tot_Stren_Num": "2", "id": 6388}, "data_high": {"Stat_Nam": "JAMMU & KASHMIR", "Vil_Nam": "Ram Garh", "Mat_An_Chil_Wel_Cen_Par_Med_Staf_In_Pos_Num": "7", "TB_Clin_Par_Med_Par_Med_Staf_Tot_Stren_Num": "2", "id": 6388}, "perc": 0.0003211690553615159, "metric": 99.99967633045259, "value_global_local": {}, "partition_field": null, "Vil_Nam": "Ram Garh", "Stat_Nam": "JAMMU & KASHMIR"}, {"data": [["Mat_An_Chil_Wel_Cen_Par_Med_Staf_In_Pos_Num", 4.0], ["TB_Clin_Par_Med_Par_Med_Staf_Tot_Stren_Num", 1.0], 4.0], "data_low": {"Stat_Nam": "West Bengal", "Vil_Nam": "Kurkutia", "Mat_An_Chil_Wel_Cen_Par_Med_Staf_In_Pos_Num": "12", "TB_Clin_Par_Med_Par_Med_Staf_Tot_Stren_Num": "3", "id": 327291}, "data_high": {"Stat_Nam": "UTTAR PRADESH", "Vil_Nam": "Sirsiya", "Mat_An_Chil_Wel_Cen_Par_Med_Staf_In_Pos_Num": "8", "TB_Clin_Par_Med_Par_Med_Staf_Tot_Stren_Num": "2", "id": 171987}, "perc": 0.0033722750812959167, "metric": 99.9966247244198, "value_global_local": {"ASSAM": {"global_perc": 7.577192650123129e-05, "local_perc": 0.09523809523809523}, "BIHAR": {"global_perc": 8.91384766234345e-05, "local_perc": 0.19047619047619047}, "JHARKHAND": {"global_perc": 3.086991418163858e-05, "local_perc": 0.047619047619047616}, "MADHYA PRADESH": {"global_perc": 5.464182285121031e-05, "local_perc": 0.14285714285714285}, "Punjab": {"global_perc": 0.00015896987520864795, "local_perc": 0.09523809523809523}, "UTTAR PRADESH": {"global_perc": 5.619345533556858e-05, "local_perc": 0.2857142857142857}, "West Bengal": {"global_perc": 7.459346561241235e-05, "local_perc": 0.14285714285714285}}, "partition_field": "Stat_Nam", "Vil_Nam": "Kariha (120)", "Stat_Nam": "Punjab"}, {"data": [["Mat_An_Chil_Wel_Cen_Par_Med_Staf_In_Pos_Num", 5.0], ["TB_Clin_Par_Med_Par_Med_Staf_Tot_Stren_Num", 1.0], 5.0], "data_low": {"Stat_Nam": "BIHAR", "Vil_Nam": "Goh", "Mat_An_Chil_Wel_Cen_Par_Med_Staf_In_Pos_Num": "10", "TB_Clin_Par_Med_Par_Med_Staf_Tot_Stren_Num": "2", "id": 251872}, "data_high": {"Stat_Nam": "UTTAR PRADESH", "Vil_Nam": "Inayat Nagar", "Mat_An_Chil_Wel_Cen_Par_Med_Staf_In_Pos_Num": "5", "TB_Clin_Par_Med_Par_Med_Staf_Tot_Stren_Num": "1", "id": 165219}, "perc": 0.0014452607491268216, "metric": 99.99855073850857, "value_global_local": {}, "partition_field": null, "Vil_Nam": "Inayat Nagar", "Stat_Nam": "UTTAR PRADESH"}, {"data": [["Mat_An_Chil_Wel_Cen_Par_Med_Staf_In_Pos_Num", 11.0], ["TB_Clin_Par_Med_Par_Med_Staf_Tot_Stren_Num", 2.0], 5.5], "data_low": {"Stat_Nam": "West Bengal", "Vil_Nam": "Sumuria", "Mat_An_Chil_Wel_Cen_Par_Med_Staf_In_Pos_Num": "11", "TB_Clin_Par_Med_Par_Med_Staf_Tot_Stren_Num": "2", "id": 318065}, "data_high": {"Stat_Nam": "West Bengal", "Vil_Nam": "Sumuria", "Mat_An_Chil_Wel_Cen_Par_Med_Staf_In_Pos_Num": "11", "TB_Clin_Par_Med_Par_Med_Staf_Tot_Stren_Num": "2", "id": 318065}, "perc": 0.00016058452768075794, "metric": 99.99983491457942, "value_global_local": {}, "partition_field": null, "Vil_Nam": "Sumuria", "Stat_Nam": "West Bengal"}, {"data": [["Mat_An_Chil_Wel_Cen_Par_Med_Staf_In_Pos_Num", 6.0], ["TB_Clin_Par_Med_Par_Med_Staf_Tot_Stren_Num", 1.0], 6.0], "data_low": {"Stat_Nam": "Punjab", "Vil_Nam": "Sadiqpur (75)", "Mat_An_Chil_Wel_Cen_Par_Med_Staf_In_Pos_Num": "6", "TB_Clin_Par_Med_Par_Med_Staf_Tot_Stren_Num": "1", "id": 29664}, "data_high": {"Stat_Nam": "Punjab", "Vil_Nam": "Sadiqpur (75)", "Mat_An_Chil_Wel_Cen_Par_Med_Staf_In_Pos_Num": "6", "TB_Clin_Par_Med_Par_Med_Staf_Tot_Stren_Num": "1", "id": 29664}, "perc": 0.002087598859849853, "metric": 99.99790740024442, "value_global_local": {}, "partition_field": null, "Vil_Nam": "Sadiqpur (75)", "Stat_Nam": "Punjab"}, {"data": [["Mat_An_Chil_Wel_Cen_Par_Med_Staf_In_Pos_Num", 8.0], ["TB_Clin_Par_Med_Par_Med_Staf_Tot_Stren_Num", 1.0], 8.0], "data_low": {"Stat_Nam": "BIHAR", "Vil_Nam": "Sirihra", "Mat_An_Chil_Wel_Cen_Par_Med_Staf_In_Pos_Num": "8", "TB_Clin_Par_Med_Par_Med_Staf_Tot_Stren_Num": "1", "id": 248659}, "data_high": {"Stat_Nam": "BIHAR", "Vil_Nam": "Sirihra", "Mat_An_Chil_Wel_Cen_Par_Med_Staf_In_Pos_Num": "8", "TB_Clin_Par_Med_Par_Med_Staf_Tot_Stren_Num": "1", "id": 248659}, "perc": 0.0006423381107230318, "metric": 99.99935066053403, "value_global_local": {}, "partition_field": null, "Vil_Nam": "Sirihra", "Stat_Nam": "BIHAR"}, {"data": [["Mat_An_Chil_Wel_Cen_Par_Med_Staf_In_Pos_Num", 12.0], ["TB_Clin_Par_Med_Par_Med_Staf_Tot_Stren_Num", 1.0], 12.0], "data_low": {"Stat_Nam": "UTTAR PRADESH", "Vil_Nam": "Katka", "Mat_An_Chil_Wel_Cen_Par_Med_Staf_In_Pos_Num": "12", "TB_Clin_Par_Med_Par_Med_Staf_Tot_Stren_Num": "1", "id": 182012}, "data_high": {"Stat_Nam": "UTTAR PRADESH", "Vil_Nam": "Katka", "Mat_An_Chil_Wel_Cen_Par_Med_Staf_In_Pos_Num": "12", "TB_Clin_Par_Med_Par_Med_Staf_Tot_Stren_Num": "1", "id": 182012}, "perc": 0.0004817535830422739, "metric": 99.99950724426962, "value_global_local": {}, "partition_field": null, "Vil_Nam": "Katka", "Stat_Nam": "UTTAR PRADESH"}, {"data": [["Mat_An_Chil_Wel_Cen_Par_Med_Staf_In_Pos_Num", 7.0], ["TB_Clin_Par_Med_Par_Med_Staf_Tot_Stren_Num", 0.0], 9999], "data_low": {"Stat_Nam": "JAMMU & KASHMIR", "Vil_Nam": "Solina", "Mat_An_Chil_Wel_Cen_Par_Med_Staf_In_Pos_Num": "1", "TB_Clin_Par_Med_Par_Med_Staf_Tot_Stren_Num": "0", "id": 73}, "data_high": {"Stat_Nam": "Punjab", "Vil_Nam": "Rasulpur Kalan (169)", "Mat_An_Chil_Wel_Cen_Par_Med_Staf_In_Pos_Num": "9", "TB_Clin_Par_Med_Par_Med_Staf_Tot_Stren_Num": "0", "id": 37309}, "perc": 2.9333975671444055, "metric": 97.0568957727094, "value_global_local": {"": {"global_perc": 0.034146191622606445, "local_perc": 0.9736683637159906}, "0": {"global_perc": 0.04, "local_perc": 5.4743526577982154e-05}, "ADHAKARI": {"global_perc": 1.0, "local_perc": 5.4743526577982154e-05}, "AHMEDPUR": {"global_perc": 0.3333333333333333, "local_perc": 5.4743526577982154e-05}, "AKBARNAGAR": {"global_perc": 0.1111111111111111, "local_perc": 5.4743526577982154e-05}, "AKDONI KALAN": {"global_perc": 1.0, "local_perc": 5.4743526577982154e-05}, "ALABALPUR": {"global_perc": 0.5, "local_perc": 5.4743526577982154e-05}, "AMARPUR": {"global_perc": 0.06666666666666667, "local_perc": 5.4743526577982154e-05}, "AMAUNA": {"global_perc": 0.2, "local_perc": 5.4743526577982154e-05}, "AMROH": {"global_perc": 0.1, "local_perc": 5.4743526577982154e-05}, "ANANDPUR": {"global_perc": 0.2, "local_perc": 5.4743526577982154e-05}, "ANANTNAG": {"global_perc": 0.5, "local_perc": 5.4743526577982154e-05}, "ANDRANA": {"global_perc": 0.5, "local_perc": 5.4743526577982154e-05}, "ARASUR": {"global_perc": 0.25, "local_perc": 5.4743526577982154e-05}, "ARAZI KANCHANPUR": {"global_perc": 1.0, "local_perc": 5.4743526577982154e-05}, "ATHAN": {"global_perc": 1.0, "local_perc": 5.4743526577982154e-05}, "Amonggre": {"global_perc": 0.25, "local_perc": 5.4743526577982154e-05}, "B.B.NAGAR": {"global_perc": 0.5, "local_perc": 5.4743526577982154e-05}, "BADETH MALLA": {"global_perc": 1.0, "local_perc": 5.4743526577982154e-05}, "BADGAON": {"global_perc": 0.16666666666666666, "local_perc": 5.4743526577982154e-05}, "BADIWALA": {"global_perc": 1.0, "local_perc": 5.4743526577982154e-05}, "BADKI CHILMI": {"global_perc": 0.25, "local_perc": 5.4743526577982154e-05}, "BADOLI": {"global_perc": 0.09090909090909091, "local_perc": 5.4743526577982154e-05}, "BAGA": {"global_perc": 0.2, "local_perc": 5.4743526577982154e-05}, "BAGDA": {"global_perc": 0.5, "local_perc": 5.4743526577982154e-05}, "BAGNAGAR": {"global_perc": 1.0, "local_perc": 5.4743526577982154e-05}, "BAHARAGORA": {"global_perc": 0.125, "local_perc": 5.4743526577982154e-05}, "BAHERAKHAL": {"global_perc": 0.5, "local_perc": 5.4743526577982154e-05}, "BAHUARA": {"global_perc": 0.14285714285714285, "local_perc": 5.4743526577982154e-05}, "BAIJUWAPUR": {"global_perc": 1.0, "local_perc": 5.4743526577982154e-05}, "BAIKUNTH PUR": {"global_perc": 0.25, "local_perc": 5.4743526577982154e-05}, "BAITIKALA": {"global_perc": 0.3333333333333333, "local_perc": 5.4743526577982154e-05}, "BAJIPUR": {"global_perc": 1.0, "local_perc": 5.4743526577982154e-05}, "BAKAMI": {"global_perc": 1.0, "local_perc": 5.4743526577982154e-05}, "BAKHRI": {"global_perc": 0.2, "local_perc": 5.4743526577982154e-05}, "BALDIHA": {"global_perc": 0.5, "local_perc": 5.4743526577982154e-05}, "BALRAMPUR": {"global_perc": 0.1, "local_perc": 5.4743526577982154e-05}, "BALUA": {"global_perc": 0.07142857142857142, "local_perc": 5.4743526577982154e-05}, "BAMBOOFLAT": {"global_perc": 1.0, "local_perc": 5.4743526577982154e-05}, "BAMHOR PANDEY": {"global_perc": 0.5, "local_perc": 5.4743526577982154e-05}, "BANDHERSHOL": {"global_perc": 1.0, "local_perc": 5.4743526577982154e-05}, "BANE DI HATTI": {"global_perc": 0.14285714285714285, "local_perc": 5.4743526577982154e-05}, "BANGA": {"global_perc": 0.5, "local_perc": 5.4743526577982154e-05}, "BANGANA": {"global_perc": 0.0625, "local_perc": 5.4743526577982154e-05}, "BANGRA": {"global_perc": 0.3333333333333333, "local_perc": 0.00010948705315596431}, "BANIA CHHAPAR": {"global_perc": 0.4, "local_perc": 0.00010948705315596431}, "BANKATI": {"global_perc": 0.1, "local_perc": 5.4743526577982154e-05}, "BARA BOARIJOR": {"global_perc": 1.0, "local_perc": 0.00010948705315596431}, "BARABARU": {"global_perc": 1.0, "local_perc": 0.00016423057973394647}, "BARDIH": {"global_perc": 0.16666666666666666, "local_perc": 5.4743526577982154e-05}, "BARDIKANPUR": {"global_perc": 1.0, "local_perc": 5.4743526577982154e-05}, "BARGADAHA": {"global_perc": 1.0, "local_perc": 5.4743526577982154e-05}, "BARKA NIMDIHRA": {"global_perc": 0.5, "local_perc": 0.00010948705315596431}, "BARKABARAN": {"global_perc": 1.0, "local_perc": 5.4743526577982154e-05}, "BARKABARU": {"global_perc": 1.0, "local_perc": 5.4743526577982154e-05}, "BARMANDA": {"global_perc": 0.3333333333333333, "local_perc": 5.4743526577982154e-05}, "BARUDI": {"global_perc": 1.0, "local_perc": 5.4743526577982154e-05}, "BASEDOUR": {"global_perc": 0.3333333333333333, "local_perc": 5.4743526577982154e-05}, "BATIJODA": {"global_perc": 0.25, "local_perc": 5.4743526577982154e-05}, "BAUSI": {"global_perc": 0.5, "local_perc": 5.4743526577982154e-05}, "BEGUNIA": {"global_perc": 0.5, "local_perc": 5.4743526577982154e-05}, "BELBARI": {"global_perc": 0.5, "local_perc": 5.4743526577982154e-05}, "BELPAHARI": {"global_perc": 0.2, "local_perc": 5.4743526577982154e-05}, "BETU QUADIM": {"global_perc": 1.0, "local_perc": 5.4743526577982154e-05}, "BHAGATPUR": {"global_perc": 0.2, "local_perc": 5.4743526577982154e-05}, "BHAGWANPUR": {"global_perc": 0.034482758620689655, "local_perc": 5.4743526577982154e-05}, "BHAISLOT": {"global_perc": 1.0, "local_perc": 5.4743526577982154e-05}, "BHAIYADIH": {"global_perc": 1.0, "local_perc": 5.4743526577982154e-05}, "BHAKHRA": {"global_perc": 1.0, "local_perc": 5.4743526577982154e-05}, "BHALT": {"global_perc": 1.0, "local_perc": 5.4743526577982154e-05}, "BHALUKAGURI": {"global_perc": 1.0, "local_perc": 5.4743526577982154e-05}, "BHARIGADA": {"global_perc": 1.0, "local_perc": 5.4743526577982154e-05}, "BHATAULI": {"global_perc": 0.1111111111111111, "local_perc": 5.4743526577982154e-05}, "BHAWARNA": {"global_perc": 0.5, "local_perc": 0.00010948705315596431}, "BHITLU": {"global_perc": 0.3333333333333333, "local_perc": 5.4743526577982154e-05}, "BHUMAL GADI": {"global_perc": 1.0, "local_perc": 5.4743526577982154e-05}, "BICHIYA": {"global_perc": 0.5, "local_perc": 5.4743526577982154e-05}, "BIKRAMGANJ": {"global_perc": 0.012345679012345678, "local_perc": 5.4743526577982154e-05}, "BIRIYA": {"global_perc": 1.0, "local_perc": 5.4743526577982154e-05}, "BISHASHARPUR": {"global_perc": 1.0, "local_perc": 5.4743526577982154e-05}, "BISHUNPURA": {"global_perc": 0.1111111111111111, "local_perc": 5.4743526577982154e-05}, "BODASA": {"global_perc": 0.6666666666666666, "local_perc": 0.00010948705315596431}, "BORA GAON": {"global_perc": 0.6666666666666666, "local_perc": 0.00010948705315596431}, "BOSWAN": {"global_perc": 1.0, "local_perc": 5.4743526577982154e-05}, "BRAKHARI": {"global_perc": 1.0, "local_perc": 5.4743526577982154e-05}, "BRUNDADEIPUR": {"global_perc": 1.0, "local_perc": 5.4743526577982154e-05}, "BUDGAM": {"global_perc": 1.0, "local_perc": 5.4743526577982154e-05}, "CHAINPUR": {"global_perc": 0.043478260869565216, "local_perc": 5.4743526577982154e-05}, "CHAK BAMUN": {"global_perc": 0.3333333333333333, "local_perc": 5.4743526577982154e-05}, "CHAK BHIKHI": {"global_perc": 0.5, "local_perc": 5.4743526577982154e-05}, "CHAK DAMODAR": {"global_perc": 1.0, "local_perc": 5.4743526577982154e-05}, "CHAKAPADA": {"global_perc": 0.3333333333333333, "local_perc": 5.4743526577982154e-05}, "CHALANGI": {"global_perc": 1.0, "local_perc": 5.4743526577982154e-05}, "CHAND": {"global_perc": 0.4, "local_perc": 0.00010948705315596431}, "CHAUNTRA": {"global_perc": 0.2, "local_perc": 5.4743526577982154e-05}, "CHELA": {"global_perc": 0.25, "local_perc": 5.4743526577982154e-05}, "CHINDALU": {"global_perc": 1.0, "local_perc": 5.4743526577982154e-05}, "CHIPRA": {"global_perc": 0.6666666666666666, "local_perc": 0.00010948705315596431}, "CHITAUNI": {"global_perc": 0.5, "local_perc": 5.4743526577982154e-05}, "CHNDRA": {"global_perc": 0.5, "local_perc": 5.4743526577982154e-05}, "CHOPARA": {"global_perc": 0.25, "local_perc": 5.4743526577982154e-05}, "CHORDEHRA": {"global_perc": 1.0, "local_perc": 5.4743526577982154e-05}, "CHOURASIA": {"global_perc": 0.5, "local_perc": 5.4743526577982154e-05}, "DABARI": {"global_perc": 1.0, "local_perc": 5.4743526577982154e-05}, "DAIRA": {"global_perc": 1.0, "local_perc": 5.4743526577982154e-05}, "DALU": {"global_perc": 0.07692307692307693, "local_perc": 5.4743526577982154e-05}, "DARKOHLI": {"global_perc": 0.2, "local_perc": 5.4743526577982154e-05}, "DARMIGAD": {"global_perc": 1.0, "local_perc": 5.4743526577982154e-05}, "DASOTI": {"global_perc": 1.0, "local_perc": 5.4743526577982154e-05}, "DAULAT PUR": {"global_perc": 0.5, "local_perc": 5.4743526577982154e-05}, "DEOKALI": {"global_perc": 0.5, "local_perc": 0.00010948705315596431}, "DEULBAR": {"global_perc": 1.0, "local_perc": 5.4743526577982154e-05}, "DEVIDALI": {"global_perc": 1.0, "local_perc": 5.4743526577982154e-05}, "DEWAR": {"global_perc": 0.2, "local_perc": 5.4743526577982154e-05}, "DHANPURA": {"global_perc": 0.125, "local_perc": 5.4743526577982154e-05}, "DHANPURWA": {"global_perc": 0.5, "local_perc": 5.4743526577982154e-05}, "DHANSERI": {"global_perc": 0.5, "local_perc": 5.4743526577982154e-05}, "DHARAPURAM": {"global_perc": 1.0, "local_perc": 5.4743526577982154e-05}, "DHNGULI": {"global_perc": 1.0, "local_perc": 5.4743526577982154e-05}, "DHUNA": {"global_perc": 0.3333333333333333, "local_perc": 5.4743526577982154e-05}, "DIFFERPAT": {"global_perc": 1.0, "local_perc": 5.4743526577982154e-05}, "DIWANE": {"global_perc": 1.0, "local_perc": 5.4743526577982154e-05}, "DODIYAL": {"global_perc": 0.5, "local_perc": 5.4743526577982154e-05}, "DORIHAR": {"global_perc": 0.5, "local_perc": 5.4743526577982154e-05}, "DUNGRI MALLI": {"global_perc": 0.5, "local_perc": 5.4743526577982154e-05}, "Dhaliwal Bet": {"global_perc": 1.0, "local_perc": 0.00010948705315596431}, "EKDERBA": {"global_perc": 0.5, "local_perc": 5.4743526577982154e-05}, "FAKRA": {"global_perc": 1.0, "local_perc": 5.4743526577982154e-05}, "FATEHPUR CHADRAI": {"global_perc": 1.0, "local_perc": 5.4743526577982154e-05}, "FULBARI": {"global_perc": 1.0, "local_perc": 5.4743526577982154e-05}, "G. NANDIPUR": {"global_perc": 1.0, "local_perc": 5.4743526577982154e-05}, "GAJODIH": {"global_perc": 1.0, "local_perc": 5.4743526577982154e-05}, "GAMHARIA": {"global_perc": 0.058823529411764705, "local_perc": 5.4743526577982154e-05}, "GANDHA": {"global_perc": 0.5, "local_perc": 5.4743526577982154e-05}, "GANEOR": {"global_perc": 1.0, "local_perc": 5.4743526577982154e-05}, "GANGAIKONDAN": {"global_perc": 1.0, "local_perc": 5.4743526577982154e-05}, "GANGDIH": {"global_perc": 1.0, "local_perc": 5.4743526577982154e-05}, "GANGOH": {"global_perc": 0.125, "local_perc": 5.4743526577982154e-05}, "GARUD": {"global_perc": 0.25, "local_perc": 5.4743526577982154e-05}, "GHES": {"global_perc": 1.0, "local_perc": 5.4743526577982154e-05}, "GHUMARI": {"global_perc": 1.0, "local_perc": 5.4743526577982154e-05}, "GHURET": {"global_perc": 1.0, "local_perc": 5.4743526577982154e-05}, "GIDAM": {"global_perc": 1.0, "local_perc": 5.4743526577982154e-05}, "GIPU": {"global_perc": 0.5, "local_perc": 5.4743526577982154e-05}, "GOKHLAPUR": {"global_perc": 1.0, "local_perc": 5.4743526577982154e-05}, "GORAIPUR": {"global_perc": 0.5, "local_perc": 0.00010948705315596431}, "GORIARI": {"global_perc": 1.0, "local_perc": 5.4743526577982154e-05}, "GORIYADIH": {"global_perc": 1.0, "local_perc": 5.4743526577982154e-05}, "GOSAIPUR": {"global_perc": 0.1, "local_perc": 5.4743526577982154e-05}, "GOVARDHANPUR": {"global_perc": 1.0, "local_perc": 0.00021897410631192862}, "GOVINDPUR": {"global_perc": 0.037037037037037035, "local_perc": 5.4743526577982154e-05}, "GUDDALUR": {"global_perc": 1.0, "local_perc": 5.4743526577982154e-05}, "GULAULA KHERA": {"global_perc": 1.0, "local_perc": 5.4743526577982154e-05}, "GUSHAL": {"global_perc": 1.0, "local_perc": 5.4743526577982154e-05}, "GUTAKBARA": {"global_perc": 1.0, "local_perc": 5.4743526577982154e-05}, "GUTJORA": {"global_perc": 1.0, "local_perc": 5.4743526577982154e-05}, "HAJIPUR": {"global_perc": 0.05555555555555555, "local_perc": 5.4743526577982154e-05}, "HALLIDAYGANJ": {"global_perc": 0.2, "local_perc": 5.4743526577982154e-05}, "HARDASPUR": {"global_perc": 0.25, "local_perc": 5.4743526577982154e-05}, "HARIHARPUR": {"global_perc": 0.03225806451612903, "local_perc": 5.4743526577982154e-05}, "HARITANGANJ": {"global_perc": 1.0, "local_perc": 5.4743526577982154e-05}, "HATGAON": {"global_perc": 0.5, "local_perc": 5.4743526577982154e-05}, "HATIMODA": {"global_perc": 1.0, "local_perc": 5.4743526577982154e-05}, "HATINA": {"global_perc": 0.3333333333333333, "local_perc": 5.4743526577982154e-05}, "HAZARA SINGHWALA": {"global_perc": 1.0, "local_perc": 5.4743526577982154e-05}, "HERMA": {"global_perc": 1.0, "local_perc": 5.4743526577982154e-05}, "HIDAYATPUR": {"global_perc": 0.3333333333333333, "local_perc": 5.4743526577982154e-05}, "HITUTOLI": {"global_perc": 1.0, "local_perc": 5.4743526577982154e-05}, "HONOKO": {"global_perc": 1.0, "local_perc": 5.4743526577982154e-05}, "HUDOLI": {"global_perc": 0.5, "local_perc": 5.4743526577982154e-05}, "ICHA": {"global_perc": 0.5, "local_perc": 5.4743526577982154e-05}, "ICHAWA": {"global_perc": 1.0, "local_perc": 5.4743526577982154e-05}, "IMLIGAON": {"global_perc": 1.0, "local_perc": 5.4743526577982154e-05}, "INDRAGADA": {"global_perc": 0.3333333333333333, "local_perc": 5.4743526577982154e-05}, "ISMAILPUR": {"global_perc": 0.08333333333333333, "local_perc": 5.4743526577982154e-05}, "ISMILPUR": {"global_perc": 1.0, "local_perc": 5.4743526577982154e-05}, "ITKHORI": {"global_perc": 0.5, "local_perc": 5.4743526577982154e-05}, "JAGDISPUR": {"global_perc": 1.0, "local_perc": 5.4743526577982154e-05}, "JAHARPUR": {"global_perc": 1.0, "local_perc": 5.4743526577982154e-05}, "JAIND": {"global_perc": 0.5, "local_perc": 5.4743526577982154e-05}, "JALIKHAN": {"global_perc": 0.3333333333333333, "local_perc": 5.4743526577982154e-05}, "JAMRI": {"global_perc": 0.25, "local_perc": 5.4743526577982154e-05}, "JANKI DHAR": {"global_perc": 1.0, "local_perc": 5.4743526577982154e-05}, "JHANJIDIH": {"global_perc": 1.0, "local_perc": 5.4743526577982154e-05}, "JHUNGIAN": {"global_perc": 1.0, "local_perc": 5.4743526577982154e-05}, "JKARIYA": {"global_perc": 1.0, "local_perc": 5.4743526577982154e-05}, "JOGAPATTI": {"global_perc": 1.0, "local_perc": 5.4743526577982154e-05}, "JOSYANA": {"global_perc": 0.2, "local_perc": 5.4743526577982154e-05}, "Jansua": {"global_perc": 0.5, "local_perc": 5.4743526577982154e-05}, "KACHNAL": {"global_perc": 1.0, "local_perc": 5.4743526577982154e-05}, "KADGIDOHI": {"global_perc": 1.0, "local_perc": 5.4743526577982154e-05}, "KAKRAD": {"global_perc": 1.0, "local_perc": 5.4743526577982154e-05}, "KAKRALA": {"global_perc": 0.5, "local_perc": 5.4743526577982154e-05}, "KAMARPUKUR": {"global_perc": 1.0, "local_perc": 5.4743526577982154e-05}, "KANA SUAN": {"global_perc": 0.5, "local_perc": 5.4743526577982154e-05}, "KANDA MALLA": {"global_perc": 0.3333333333333333, "local_perc": 5.4743526577982154e-05}, "KANDARWALKALA": {"global_perc": 1.0, "local_perc": 5.4743526577982154e-05}, "KANDI": {"global_perc": 0.08333333333333333, "local_perc": 5.4743526577982154e-05}, "KANKABATI": {"global_perc": 0.3333333333333333, "local_perc": 5.4743526577982154e-05}, "KARAKAT": {"global_perc": 0.125, "local_perc": 5.4743526577982154e-05}, "KARJANIA": {"global_perc": 1.0, "local_perc": 5.4743526577982154e-05}, "KARMCHATA": {"global_perc": 0.2, "local_perc": 5.4743526577982154e-05}, "KARNU": {"global_perc": 0.125, "local_perc": 5.4743526577982154e-05}, "KARSANDA": {"global_perc": 1.0, "local_perc": 5.4743526577982154e-05}, "KATGHARA KALAN": {"global_perc": 1.0, "local_perc": 5.4743526577982154e-05}, "KAZAURA": {"global_perc": 1.0, "local_perc": 5.4743526577982154e-05}, "KESARI": {"global_perc": 0.25, "local_perc": 5.4743526577982154e-05}, "KHAIRA BUHLA": {"global_perc": 0.3333333333333333, "local_perc": 5.4743526577982154e-05}, "KHAJURI": {"global_perc": 0.07142857142857142, "local_perc": 5.4743526577982154e-05}, "KHALSIBERIA": {"global_perc": 0.5, "local_perc": 5.4743526577982154e-05}, "KHARAICH": {"global_perc": 1.0, "local_perc": 5.4743526577982154e-05}, "KHARIKURD": {"global_perc": 1.0, "local_perc": 5.4743526577982154e-05}, "KHARUHL": {"global_perc": 0.25, "local_perc": 5.4743526577982154e-05}, "KHEKADA": {"global_perc": 0.5, "local_perc": 5.4743526577982154e-05}, "KHIRAIRIKHAL": {"global_perc": 0.2, "local_perc": 5.4743526577982154e-05}, "KHIRANWALI": {"global_perc": 0.5, "local_perc": 5.4743526577982154e-05}, "KHUNTI": {"global_perc": 0.3333333333333333, "local_perc": 0.00010948705315596431}, "KHURAMPUR DALLU": {"global_perc": 0.5, "local_perc": 5.4743526577982154e-05}, "KHUTADIH": {"global_perc": 1.0, "local_perc": 5.4743526577982154e-05}, "KIRIBURU": {"global_perc": 1.0, "local_perc": 5.4743526577982154e-05}, "KISHANPUR": {"global_perc": 0.3333333333333333, "local_perc": 0.00016423057973394647}, "KOKADIH": {"global_perc": 1.0, "local_perc": 5.4743526577982154e-05}, "KOLAMBI": {"global_perc": 0.5, "local_perc": 5.4743526577982154e-05}, "KONCH": {"global_perc": 0.3333333333333333, "local_perc": 5.4743526577982154e-05}, "KOTHI": {"global_perc": 0.05405405405405406, "local_perc": 0.00010948705315596431}, "KRISHAN GARH": {"global_perc": 0.1111111111111111, "local_perc": 5.4743526577982154e-05}, "KUMKUMA": {"global_perc": 0.6666666666666666, "local_perc": 0.00010948705315596431}, "KUPWARA": {"global_perc": 0.3333333333333333, "local_perc": 5.4743526577982154e-05}, "KURALI": {"global_perc": 0.5, "local_perc": 5.4743526577982154e-05}, "KURKNALA": {"global_perc": 0.5, "local_perc": 5.4743526577982154e-05}, "KURKUTIYA": {"global_perc": 1.0, "local_perc": 5.4743526577982154e-05}, "KUTU PUR": {"global_perc": 1.0, "local_perc": 5.4743526577982154e-05}, "KUTUMBA": {"global_perc": 0.25, "local_perc": 5.4743526577982154e-05}, "Khagraun": {"global_perc": 0.3333333333333333, "local_perc": 5.4743526577982154e-05}, "LACCHHAA": {"global_perc": 1.0, "local_perc": 5.4743526577982154e-05}, "LAKHAMIPUR": {"global_perc": 1.0, "local_perc": 5.4743526577982154e-05}, "LALPURA": {"global_perc": 0.07692307692307693, "local_perc": 5.4743526577982154e-05}, "LASRANA": {"global_perc": 0.3333333333333333, "local_perc": 5.4743526577982154e-05}, "LODHBHARWARI": {"global_perc": 1.0, "local_perc": 5.4743526577982154e-05}, "LODIP[UR": {"global_perc": 0.5, "local_perc": 5.4743526577982154e-05}, "LOHNA": {"global_perc": 0.3333333333333333, "local_perc": 5.4743526577982154e-05}, "LOTOR": {"global_perc": 1.0, "local_perc": 5.4743526577982154e-05}, "MADHOPUR": {"global_perc": 0.03225806451612903, "local_perc": 5.4743526577982154e-05}, "MAHRIPUR": {"global_perc": 1.0, "local_perc": 5.4743526577982154e-05}, "MAHUADANR": {"global_perc": 0.16666666666666666, "local_perc": 5.4743526577982154e-05}, "MAHUAKOL": {"global_perc": 1.0, "local_perc": 5.4743526577982154e-05}, "MAJHIGAWA": {"global_perc": 0.25, "local_perc": 5.4743526577982154e-05}, "MAJHOLA": {"global_perc": 0.5, "local_perc": 5.4743526577982154e-05}, "MAJIRABAD": {"global_perc": 1.0, "local_perc": 5.4743526577982154e-05}, "MAJORHI": {"global_perc": 1.0, "local_perc": 5.4743526577982154e-05}, "MAKUNDAPUR": {"global_perc": 0.1111111111111111, "local_perc": 5.4743526577982154e-05}, "MALAU": {"global_perc": 1.0, "local_perc": 5.4743526577982154e-05}, "MALHA": {"global_perc": 1.0, "local_perc": 5.4743526577982154e-05}, "MAMBATTU": {"global_perc": 1.0, "local_perc": 5.4743526577982154e-05}, "MAMKHIR": {"global_perc": 1.0, "local_perc": 5.4743526577982154e-05}, "MANDRE PUR": {"global_perc": 1.0, "local_perc": 5.4743526577982154e-05}, "MANGAT KHERA": {"global_perc": 1.0, "local_perc": 5.4743526577982154e-05}, "MANGLORE": {"global_perc": 0.2, "local_perc": 5.4743526577982154e-05}, "MANHE": {"global_perc": 1.0, "local_perc": 5.4743526577982154e-05}, "MARANGHADA": {"global_perc": 0.3333333333333333, "local_perc": 5.4743526577982154e-05}, "MARARI KALA": {"global_perc": 0.5, "local_perc": 5.4743526577982154e-05}, "MASAURI": {"global_perc": 0.25, "local_perc": 5.4743526577982154e-05}, "MASTI PALKOT": {"global_perc": 1.0, "local_perc": 5.4743526577982154e-05}, "MATHIA": {"global_perc": 0.25, "local_perc": 5.4743526577982154e-05}, "MATHURAPUR": {"global_perc": 0.1, "local_perc": 5.4743526577982154e-05}, "MEEHA SOTI": {"global_perc": 1.0, "local_perc": 5.4743526577982154e-05}, "MENDALI": {"global_perc": 1.0, "local_perc": 5.4743526577982154e-05}, "MERKHARA": {"global_perc": 1.0, "local_perc": 5.4743526577982154e-05}, "MIRPUR RATANPUR": {"global_perc": 1.0, "local_perc": 5.4743526577982154e-05}, "MO. SARAI ALI": {"global_perc": 1.0, "local_perc": 5.4743526577982154e-05}, "MOHANCAMP": {"global_perc": 0.3333333333333333, "local_perc": 5.4743526577982154e-05}, "MOKRAM": {"global_perc": 1.0, "local_perc": 5.4743526577982154e-05}, "MOTALAGUDA": {"global_perc": 1.0, "local_perc": 5.4743526577982154e-05}, "MUBARAKPUR": {"global_perc": 0.08333333333333333, "local_perc": 5.4743526577982154e-05}, "MUKIMPUR": {"global_perc": 1.0, "local_perc": 5.4743526577982154e-05}, "MUNIMPUR": {"global_perc": 0.3333333333333333, "local_perc": 5.4743526577982154e-05}, "MUQAM": {"global_perc": 1.0, "local_perc": 5.4743526577982154e-05}, "Mianpur": {"global_perc": 0.3333333333333333, "local_perc": 5.4743526577982154e-05}, "N.A.": {"global_perc": 0.0053987497632127296, "local_perc": 0.003120381014944983}, "NAGLA BANWARI": {"global_perc": 1.0, "local_perc": 5.4743526577982154e-05}, "NAGWA": {"global_perc": 0.5, "local_perc": 5.4743526577982154e-05}, "NAIDUMANGALAM": {"global_perc": 1.0, "local_perc": 5.4743526577982154e-05}, "NAINA BAGICHA": {"global_perc": 1.0, "local_perc": 5.4743526577982154e-05}, "NARAPAKKAM": {"global_perc": 1.0, "local_perc": 5.4743526577982154e-05}, "NARAYANPUR": {"global_perc": 0.011235955056179775, "local_perc": 5.4743526577982154e-05}, "NAUGAON": {"global_perc": 0.125, "local_perc": 5.4743526577982154e-05}, "NAWADA": {"global_perc": 0.03225806451612903, "local_perc": 5.4743526577982154e-05}, "NERIGAM": {"global_perc": 1.0, "local_perc": 5.4743526577982154e-05}, "NERKUNDRAM": {"global_perc": 1.0, "local_perc": 5.4743526577982154e-05}, "NEURA": {"global_perc": 1.0, "local_perc": 5.4743526577982154e-05}, "NILAMBUR": {"global_perc": 1.0, "local_perc": 5.4743526577982154e-05}, "NIWADA": {"global_perc": 1.0, "local_perc": 5.4743526577982154e-05}, "OJONTOR": {"global_perc": 1.0, "local_perc": 5.4743526577982154e-05}, "PABAPUR": {"global_perc": 1.0, "local_perc": 5.4743526577982154e-05}, "PACHAI JAGDISH": {"global_perc": 0.5, "local_perc": 5.4743526577982154e-05}, "PAIGAMBARPUR": {"global_perc": 1.0, "local_perc": 5.4743526577982154e-05}, "PALRI CHHINA": {"global_perc": 1.0, "local_perc": 5.4743526577982154e-05}, "PANAPUR": {"global_perc": 0.3333333333333333, "local_perc": 0.00010948705315596431}, "PANDRA": {"global_perc": 0.3333333333333333, "local_perc": 5.4743526577982154e-05}, "PANIHARI": {"global_perc": 0.3333333333333333, "local_perc": 5.4743526577982154e-05}, "PARAG SAHA": {"global_perc": 1.0, "local_perc": 5.4743526577982154e-05}, "PARAGSAHA": {"global_perc": 1.0, "local_perc": 5.4743526577982154e-05}, "PARSHURAMPUR": {"global_perc": 0.5, "local_perc": 5.4743526577982154e-05}, "PATAHATU": {"global_perc": 1.0, "local_perc": 5.4743526577982154e-05}, "PATHOLI": {"global_perc": 1.0, "local_perc": 5.4743526577982154e-05}, "PATLOT": {"global_perc": 1.0, "local_perc": 5.4743526577982154e-05}, "PERIYAKULAM": {"global_perc": 1.0, "local_perc": 5.4743526577982154e-05}, "PHULBARI": {"global_perc": 0.2, "local_perc": 5.4743526577982154e-05}, "PIPARAHI": {"global_perc": 1.0, "local_perc": 5.4743526577982154e-05}, "PISTA": {"global_perc": 0.5, "local_perc": 5.4743526577982154e-05}, "PRANPUR": {"global_perc": 0.09090909090909091, "local_perc": 5.4743526577982154e-05}, "PREMNAGAR": {"global_perc": 0.25, "local_perc": 5.4743526577982154e-05}, "PULSIYA": {"global_perc": 1.0, "local_perc": 5.4743526577982154e-05}, "PURANDHA": {"global_perc": 0.5, "local_perc": 0.00010948705315596431}, "PUREMANSARAM": {"global_perc": 1.0, "local_perc": 5.4743526577982154e-05}, "PURSHOTUMPUR": {"global_perc": 0.5, "local_perc": 5.4743526577982154e-05}, "PURUNABALICHUA": {"global_perc": 1.0, "local_perc": 5.4743526577982154e-05}, "RAGHOPUR": {"global_perc": 0.16666666666666666, "local_perc": 5.4743526577982154e-05}, "RAGHUPUR": {"global_perc": 0.2, "local_perc": 5.4743526577982154e-05}, "RAMDIRI": {"global_perc": 1.0, "local_perc": 5.4743526577982154e-05}, "RAMGARH": {"global_perc": 0.01694915254237288, "local_perc": 5.4743526577982154e-05}, "RANGAPATTI": {"global_perc": 0.5, "local_perc": 5.4743526577982154e-05}, "RANIPOKHRI": {"global_perc": 0.25, "local_perc": 5.4743526577982154e-05}, "RASANPUR": {"global_perc": 1.0, "local_perc": 5.4743526577982154e-05}, "RATANARI": {"global_perc": 1.0, "local_perc": 5.4743526577982154e-05}, "RIKHIYA": {"global_perc": 0.14285714285714285, "local_perc": 5.4743526577982154e-05}, "RINGWARI": {"global_perc": 0.3333333333333333, "local_perc": 5.4743526577982154e-05}, "ROHELA HAJI UTTAR": {"global_perc": 0.5, "local_perc": 5.4743526577982154e-05}, "ROORKEE": {"global_perc": 0.6666666666666666, "local_perc": 0.00010948705315596431}, "ROWAHALI": {"global_perc": 1.0, "local_perc": 5.4743526577982154e-05}, "ROWAHLI": {"global_perc": 0.5, "local_perc": 5.4743526577982154e-05}, "Rangchali Gaon": {"global_perc": 1.0, "local_perc": 5.4743526577982154e-05}, "SADAT MALAUT": {"global_perc": 1.0, "local_perc": 5.4743526577982154e-05}, "SAGAHRIYA": {"global_perc": 1.0, "local_perc": 5.4743526577982154e-05}, "SAHMALPUR": {"global_perc": 1.0, "local_perc": 5.4743526577982154e-05}, "SAIDPUR": {"global_perc": 0.0625, "local_perc": 5.4743526577982154e-05}, "SAIFPUR KARAMCHANDPUR": {"global_perc": 1.0, "local_perc": 5.4743526577982154e-05}, "SAKHRUA BUJURG": {"global_perc": 1.0, "local_perc": 5.4743526577982154e-05}, "SALEM PUR": {"global_perc": 0.5, "local_perc": 5.4743526577982154e-05}, "SAMASA": {"global_perc": 1.0, "local_perc": 5.4743526577982154e-05}, "SAMHO AKHA KURHA": {"global_perc": 1.0, "local_perc": 5.4743526577982154e-05}, "SAMRER": {"global_perc": 0.3333333333333333, "local_perc": 5.4743526577982154e-05}, "SANGHANATH": {"global_perc": 1.0, "local_perc": 5.4743526577982154e-05}, "SANSARIPUR": {"global_perc": 0.3333333333333333, "local_perc": 5.4743526577982154e-05}, "SAPARUM": {"global_perc": 1.0, "local_perc": 0.00010948705315596431}, "SAPERU": {"global_perc": 0.5, "local_perc": 5.4743526577982154e-05}, "SAR": {"global_perc": 1.0, "local_perc": 5.4743526577982154e-05}, "SARAI": {"global_perc": 0.18181818181818182, "local_perc": 0.00010948705315596431}, "SARAIYAMAFI": {"global_perc": 0.5, "local_perc": 5.4743526577982154e-05}, "SARKAMI": {"global_perc": 0.5, "local_perc": 5.4743526577982154e-05}, "SAWAYA RAI HITHER": {"global_perc": 1.0, "local_perc": 5.4743526577982154e-05}, "SEMRIYA": {"global_perc": 0.5, "local_perc": 5.4743526577982154e-05}, "SEMUAR KHANPUR": {"global_perc": 1.0, "local_perc": 5.4743526577982154e-05}, "SERIYA DHAR": {"global_perc": 0.5, "local_perc": 5.4743526577982154e-05}, "SHAHJAHANPUR": {"global_perc": 0.3333333333333333, "local_perc": 5.4743526577982154e-05}, "SHASHIN": {"global_perc": 1.0, "local_perc": 5.4743526577982154e-05}, "SHISHGARH": {"global_perc": 1.0, "local_perc": 5.4743526577982154e-05}, "SHIV PUR": {"global_perc": 1.0, "local_perc": 5.4743526577982154e-05}, "SHIWRAMPUR": {"global_perc": 1.0, "local_perc": 5.4743526577982154e-05}, "SHONDHI": {"global_perc": 0.5, "local_perc": 5.4743526577982154e-05}, "SIHMAN": {"global_perc": 1.0, "local_perc": 5.4743526577982154e-05}, "SILADON": {"global_perc": 0.3333333333333333, "local_perc": 5.4743526577982154e-05}, "SIMARIA": {"global_perc": 1.0, "local_perc": 5.4743526577982154e-05}, "SIRFIFA PAVAR": {"global_perc": 1.0, "local_perc": 5.4743526577982154e-05}, "SISIA": {"global_perc": 0.3333333333333333, "local_perc": 5.4743526577982154e-05}, "SITA PUR": {"global_perc": 1.0, "local_perc": 5.4743526577982154e-05}, "SIYUM": {"global_perc": 0.03125, "local_perc": 5.4743526577982154e-05}, "SODAG": {"global_perc": 1.0, "local_perc": 5.4743526577982154e-05}, "SUKHASAN": {"global_perc": 0.14285714285714285, "local_perc": 5.4743526577982154e-05}, "SURAPUR": {"global_perc": 0.5, "local_perc": 5.4743526577982154e-05}, "SYAHI DEVI GUNTH": {"global_perc": 1.0, "local_perc": 5.4743526577982154e-05}, "TABADS": {"global_perc": 1.0, "local_perc": 5.4743526577982154e-05}, "TAJANG": {"global_perc": 0.1, "local_perc": 5.4743526577982154e-05}, "TAJPUR": {"global_perc": 0.08333333333333333, "local_perc": 5.4743526577982154e-05}, "TALBONA": {"global_perc": 1.0, "local_perc": 5.4743526577982154e-05}, "TAPPU RAGUNATHPUR": {"global_perc": 0.5, "local_perc": 5.4743526577982154e-05}, "TARDIHA": {"global_perc": 0.2, "local_perc": 5.4743526577982154e-05}, "TARUN": {"global_perc": 0.5, "local_perc": 5.4743526577982154e-05}, "THIRUMANAVAYAL": {"global_perc": 0.5, "local_perc": 5.4743526577982154e-05}, "TIBBI KALAN": {"global_perc": 0.25, "local_perc": 5.4743526577982154e-05}, "TILAKPUR": {"global_perc": 0.1111111111111111, "local_perc": 5.4743526577982154e-05}, "TINSUKIA": {"global_perc": 0.5, "local_perc": 5.4743526577982154e-05}, "TIPIJHARI": {"global_perc": 1.0, "local_perc": 5.4743526577982154e-05}, "TIRUKOSTIYUR": {"global_perc": 1.0, "local_perc": 5.4743526577982154e-05}, "TIUYRAK": {"global_perc": 1.0, "local_perc": 5.4743526577982154e-05}, "TIYRAKALA": {"global_perc": 1.0, "local_perc": 0.00010948705315596431}, "TOE MAKHOWAL": {"global_perc": 0.5, "local_perc": 5.4743526577982154e-05}, "TOLA SIPAHIYA": {"global_perc": 0.5, "local_perc": 5.4743526577982154e-05}, "TUKBERA": {"global_perc": 0.5, "local_perc": 5.4743526577982154e-05}, "TUSMU": {"global_perc": 1.0, "local_perc": 5.4743526577982154e-05}, "Tengkigittim": {"global_perc": 0.16666666666666666, "local_perc": 5.4743526577982154e-05}, "Tibbi Kalan": {"global_perc": 1.0, "local_perc": 5.4743526577982154e-05}, "UDAMANDA": {"global_perc": 1.0, "local_perc": 0.00010948705315596431}, "UMAIDPUR": {"global_perc": 1.0, "local_perc": 5.4743526577982154e-05}, "UNERA": {"global_perc": 1.0, "local_perc": 5.4743526577982154e-05}, "VILANDAPUR": {"global_perc": 0.25, "local_perc": 5.4743526577982154e-05}, "VINAURA": {"global_perc": 1.0, "local_perc": 5.4743526577982154e-05}}, "partition_field": "Near_Vil_Tow_Nam_hav_Prim_School", "Vil_Nam": "Push Wari", "Stat_Nam": "JAMMU & KASHMIR"}, {"data": [["Mat_An_Chil_Wel_Cen_Par_Med_Staf_In_Pos_Num", 0], ["TB_Clin_Par_Med_Par_Med_Staf_Tot_Stren_Num", 0], 99980001], "data_low": {"Stat_Nam": "JAMMU & KASHMIR", "Vil_Nam": "Bore", "Mat_An_Chil_Wel_Cen_Par_Med_Staf_In_Pos_Num": "", "TB_Clin_Par_Med_Par_Med_Staf_Tot_Stren_Num": "", "id": 0}, "data_high": {"Stat_Nam": "UTTAR PRADESH", "Vil_Nam": "Khairhan", "Mat_An_Chil_Wel_Cen_Par_Med_Staf_In_Pos_Num": "k", "TB_Clin_Par_Med_Par_Med_Staf_Tot_Stren_Num": "0", "id": 140407}, "perc": 95.54233409610984, "metric": 9.55614454295813e-07, "value_global_local": {"null": {"global_perc": 0.9554233409610984, "local_perc": 1.0}}, "partition_field": "Dist_Other", "Vil_Nam": "Bore", "Stat_Nam": "JAMMU & KASHMIR"}]