[{"data": [["Hos_Allop_Doc_Tot_Stren_Num", 0], ["Hos_Allop_Par_Med_Staf_Tot_Stren_Num", 1.0], 0.0], "data_low": {"Stat_Nam": "JAMMU & KASHMIR", "Vil_Nam": "Desa", "Hos_Allop_Doc_Tot_Stren_Num": "", "Hos_Allop_Par_Med_Staf_Tot_Stren_Num": "1", "id": 4047}, "data_high": {"Stat_Nam": "West Bengal", "Vil_Nam": "Padmerhat", "Hos_Allop_Doc_Tot_Stren_Num": "8", "Hos_Allop_Par_Med_Staf_Tot_Stren_Num": "104", "id": 332893}, "perc": 0.004817535830422739, "metric": 99.99518346432143, "value_global_local": {"ASSAM": {"global_perc": 3.7885963250615644e-05, "local_perc": 0.03333333333333333}, "JAMMU & KASHMIR": {"global_perc": 0.00015260186174271325, "local_perc": 0.03333333333333333}, "KERALA": {"global_perc": 0.0009823182711198428, "local_perc": 0.03333333333333333}, "MADHYA PRADESH": {"global_perc": 0.00012749758665282407, "local_perc": 0.23333333333333334}, "MIZORAM": {"global_perc": 0.0024096385542168677, "local_perc": 0.06666666666666667}, "TRIPURA": {"global_perc": 0.0034285714285714284, "local_perc": 0.1}, "UTTAR PRADESH": {"global_perc": 8.429018300335288e-05, "local_perc": 0.3}, "West Bengal": {"global_perc": 0.0001491869312248247, "local_perc": 0.2}}, "partition_field": "Stat_Nam", "Vil_Nam": "Desa", "Stat_Nam": "JAMMU & KASHMIR"}, {"data": [["Hos_Allop_Doc_Tot_Stren_Num", 1.0], ["Hos_Allop_Par_Med_Staf_Tot_Stren_Num", 9.0], 0.1111111111111111], "data_low": {"Stat_Nam": "Punjab", "Vil_Nam": "Hamidi (20)", "Hos_Allop_Doc_Tot_Stren_Num": "1", "Hos_Allop_Par_Med_Staf_Tot_Stren_Num": "9", "id": 39752}, "data_high": {"Stat_Nam": "UTTAR PRADESH", "Vil_Nam": "Rampur", "Hos_Allop_Doc_Tot_Stren_Num": "9", "Hos_Allop_Par_Med_Staf_Tot_Stren_Num": "45", "id": 202188}, "perc": 0.03308041270223614, "metric": 99.96692047607037, "value_global_local": {"ANDHRA PRADESH": {"global_perc": 0.0006115107913669065, "local_perc": 0.0825242718446602}, "ASSAM": {"global_perc": 0.001174464860769085, "local_perc": 0.15048543689320387}, "Arunachal Pradesh": {"global_perc": 0.0001789228842368939, "local_perc": 0.0048543689320388345}, "GOA": {"global_perc": 0.0029940119760479044, "local_perc": 0.0048543689320388345}, "HIMACHAL PRADESH": {"global_perc": 9.666505558240696e-05, "local_perc": 0.009708737864077669}, "JAMMU & KASHMIR": {"global_perc": 0.0015260186174271325, "local_perc": 0.04854368932038835}, "JHARKHAND": {"global_perc": 9.260974254491573e-05, "local_perc": 0.014563106796116505}, "KERALA": {"global_perc": 0.008840864440078585, "local_perc": 0.043689320388349516}, "MADHYA PRADESH": {"global_perc": 7.285576380161376e-05, "local_perc": 0.019417475728155338}, "Punjab": {"global_perc": 0.0007153644384389158, "local_perc": 0.043689320388349516}, "SIKKIM": {"global_perc": 0.0022172949002217295, "local_perc": 0.0048543689320388345}, "TRIPURA": {"global_perc": 0.002285714285714286, "local_perc": 0.009708737864077669}, "UTTAR PRADESH": {"global_perc": 0.0002996984284563658, "local_perc": 0.1553398058252427}, "UTTARAKHAND": {"global_perc": 0.0036324659084142202, "local_perc": 0.2961165048543689}, "West Bengal": {"global_perc": 0.000571883236361828, "local_perc": 0.11165048543689321}}, "partition_field": "Stat_Nam", "Vil_Nam": "Hamidi (20)", "Stat_Nam": "Punjab"}, {"data": [["Hos_Allop_Doc_Tot_Stren_Num", 2.0], ["Hos_Allop_Par_Med_Staf_Tot_Stren_Num", 9.0], 0.2222222222222222], "data_low": {"Stat_Nam": "JAMMU & KASHMIR", "Vil_Nam": "Mandi", "Hos_Allop_Doc_Tot_Stren_Num": "1", "Hos_Allop_Par_Med_Staf_Tot_Stren_Num": "4", "id": 1149}, "data_high": {"Stat_Nam": "UTTAR PRADESH", "Vil_Nam": "Asopur(Ansik)", "Hos_Allop_Doc_Tot_Stren_Num": "8", "Hos_Allop_Par_Med_Staf_Tot_Stren_Num": "34", "id": 166130}, "perc": 0.02665703159500582, "metric": 99.97334374613098, "value_global_local": {"ANDHRA PRADESH": {"global_perc": 0.00014388489208633093, "local_perc": 0.024096385542168676}, "ASSAM": {"global_perc": 0.00030308770600492516, "local_perc": 0.04819277108433735}, "HARYANA": {"global_perc": 0.000146177459435755, "local_perc": 0.006024096385542169}, "JAMMU & KASHMIR": {"global_perc": 0.0013734167556844193, "local_perc": 0.05421686746987952}, "JHARKHAND": {"global_perc": 6.173982836327716e-05, "local_perc": 0.012048192771084338}, "KERALA": {"global_perc": 0.008840864440078585, "local_perc": 0.05421686746987952}, "MADHYA PRADESH": {"global_perc": 5.464182285121031e-05, "local_perc": 0.018072289156626505}, "Punjab": {"global_perc": 0.00015896987520864795, "local_perc": 0.012048192771084338}, "RAJASTHAN": {"global_perc": 0.0007611031518624642, "local_perc": 0.20481927710843373}, "TRIPURA": {"global_perc": 0.004571428571428572, "local_perc": 0.024096385542168676}, "UTTAR PRADESH": {"global_perc": 0.00025287054901005864, "local_perc": 0.16265060240963855}, "UTTARAKHAND": {"global_perc": 0.0026201393437741915, "local_perc": 0.26506024096385544}, "West Bengal": {"global_perc": 0.0004724252822119449, "local_perc": 0.1144578313253012}}, "partition_field": "Stat_Nam", "Vil_Nam": "Mean Sarkar", "Stat_Nam": "JAMMU & KASHMIR"}, {"data": [["Hos_Allop_Doc_Tot_Stren_Num", 1.0], ["Hos_Allop_Par_Med_Staf_Tot_Stren_Num", 3.0], 0.3333333333333333], "data_low": {"Stat_Nam": "JAMMU & KASHMIR", "Vil_Nam": "Jawal Pora", "Hos_Allop_Doc_Tot_Stren_Num": "1", "Hos_Allop_Par_Med_Staf_Tot_Stren_Num": "3", "id": 704}, "data_high": {"Stat_Nam": "West Bengal", "Vil_Nam": "Singat", "Hos_Allop_Doc_Tot_Stren_Num": "9", "Hos_Allop_Par_Med_Staf_Tot_Stren_Num": "27", "id": 317615}, "perc": 0.04801477377654663, "metric": 99.9519858927033, "value_global_local": {"ANDAMAN & NICOBAR ISLANDS": {"global_perc": 0.0036036036036036037, "local_perc": 0.006688963210702341}, "ANDHRA PRADESH": {"global_perc": 0.0004316546762589928, "local_perc": 0.04013377926421405}, "ASSAM": {"global_perc": 0.0018942981625307824, "local_perc": 0.16722408026755853}, "GOA": {"global_perc": 0.0029940119760479044, "local_perc": 0.0033444816053511705}, "HIMACHAL PRADESH": {"global_perc": 0.0005316578057032382, "local_perc": 0.03678929765886288}, "JAMMU & KASHMIR": {"global_perc": 0.0018312223409125592, "local_perc": 0.04013377926421405}, "JHARKHAND": {"global_perc": 9.260974254491573e-05, "local_perc": 0.010033444816053512}, "KERALA": {"global_perc": 0.0019646365422396855, "local_perc": 0.006688963210702341}, "MADHYA PRADESH": {"global_perc": 0.00010928364570242063, "local_perc": 0.020066889632107024}, "MIZORAM": {"global_perc": 0.0012048192771084338, "local_perc": 0.0033444816053511705}, "Punjab": {"global_perc": 0.0007948493760432398, "local_perc": 0.033444816053511704}, "TRIPURA": {"global_perc": 0.0034285714285714284, "local_perc": 0.010033444816053512}, "Tamil Nadu": {"global_perc": 0.00018774641717253895, "local_perc": 0.010033444816053512}, "UTTAR PRADESH": {"global_perc": 0.00047764437035233294, "local_perc": 0.1705685618729097}, "UTTARAKHAND": {"global_perc": 0.005657119037694278, "local_perc": 0.3177257525083612}, "West Bengal": {"global_perc": 0.000919986075886419, "local_perc": 0.12374581939799331}}, "partition_field": "Stat_Nam", "Vil_Nam": "Jawal Pora", "Stat_Nam": "JAMMU & KASHMIR"}, {"data": [["Hos_Allop_Doc_Tot_Stren_Num", 8.0], ["Hos_Allop_Par_Med_Staf_Tot_Stren_Num", 18.0], 0.4444444444444444], "data_low": {"Stat_Nam": "JAMMU & KASHMIR", "Vil_Nam": "Sogam", "Hos_Allop_Doc_Tot_Stren_Num": "1", "Hos_Allop_Par_Med_Staf_Tot_Stren_Num": "2", "id": 36}, "data_high": {"Stat_Nam": "HIMACHAL PRADESH", "Vil_Nam": "Kaza Soma (70/2)", "Hos_Allop_Doc_Tot_Stren_Num": "8", "Hos_Allop_Par_Med_Staf_Tot_Stren_Num": "18", "id": 12379}, "perc": 0.353607129953029, "metric": 99.64639342374878, "value_global_local": {"ANDHRA PRADESH": {"global_perc": 0.0011870503597122303, "local_perc": 0.014986376021798364}, "ASSAM": {"global_perc": 7.577192650123129e-05, "local_perc": 0.0009082652134423251}, "Arunachal Pradesh": {"global_perc": 0.0001789228842368939, "local_perc": 0.00045413260672116256}, "HIMACHAL PRADESH": {"global_perc": 0.0009183180280328661, "local_perc": 0.00862851952770209}, "JAMMU & KASHMIR": {"global_perc": 0.0045780558522813975, "local_perc": 0.013623978201634877}, "JHARKHAND": {"global_perc": 0.0004013088843613015, "local_perc": 0.005903723887375113}, "KERALA": {"global_perc": 0.0019646365422396855, "local_perc": 0.0009082652134423251}, "MADHYA PRADESH": {"global_perc": 0.0006921297561153307, "local_perc": 0.01725703905540418}, "MANIPUR": {"global_perc": 0.0003874467260751647, "local_perc": 0.00045413260672116256}, "Maharashtra": {"global_perc": 0.0415664720027482, "local_perc": 0.8242506811989101}, "Punjab": {"global_perc": 0.0015102138144821556, "local_perc": 0.00862851952770209}, "TRIPURA": {"global_perc": 0.002285714285714286, "local_perc": 0.0009082652134423251}, "Tamil Nadu": {"global_perc": 0.00018774641717253895, "local_perc": 0.0013623978201634877}, "UTTAR PRADESH": {"global_perc": 0.0013392773521643845, "local_perc": 0.06494096276112625}, "UTTARAKHAND": {"global_perc": 0.0033942714226165662, "local_perc": 0.025885558583106268}, "West Bengal": {"global_perc": 0.0005967477248992988, "local_perc": 0.010899182561307902}}, "partition_field": "Stat_Nam", "Vil_Nam": "Kaza Soma (70/2)", "Stat_Nam": "HIMACHAL PRADESH"}, {"data": [["Hos_Allop_Doc_Tot_Stren_Num", 6.0], ["Hos_Allop_Par_Med_Staf_Tot_Stren_Num", 11.0], 0.5454545454545454], "data_low": {"Stat_Nam": "West Bengal", "Vil_Nam": "Sumuria", "Hos_Allop_Doc_Tot_Stren_Num": "10", "Hos_Allop_Par_Med_Staf_Tot_Stren_Num": "18", "id": 318065}, "data_high": {"Stat_Nam": "UTTAR PRADESH", "Vil_Nam": "Bhinga Dehati", "Hos_Allop_Doc_Tot_Stren_Num": "9", "Hos_Allop_Par_Med_Staf_Tot_Stren_Num": "15", "id": 171911}, "perc": 0.004496366775061223, "metric": 99.99550408784087, "value_global_local": {"ASSAM": {"global_perc": 0.00011365788975184695, "local_perc": 0.10714285714285714}, "Arunachal Pradesh": {"global_perc": 0.0003578457684737878, "local_perc": 0.07142857142857142}, "HIMACHAL PRADESH": {"global_perc": 0.00014499758337361044, "local_perc": 0.10714285714285714}, "JHARKHAND": {"global_perc": 3.086991418163858e-05, "local_perc": 0.03571428571428571}, "MADHYA PRADESH": {"global_perc": 1.821394095040344e-05, "local_perc": 0.03571428571428571}, "TRIPURA": {"global_perc": 0.0034285714285714284, "local_perc": 0.10714285714285714}, "Tamil Nadu": {"global_perc": 6.258213905751299e-05, "local_perc": 0.03571428571428571}, "UTTAR PRADESH": {"global_perc": 5.619345533556858e-05, "local_perc": 0.21428571428571427}, "UTTARAKHAND": {"global_perc": 0.00029774310724706724, "local_perc": 0.17857142857142858}, "West Bengal": {"global_perc": 7.459346561241235e-05, "local_perc": 0.10714285714285714}}, "partition_field": "Stat_Nam", "Vil_Nam": "Ahamadpur", "Stat_Nam": "UTTAR PRADESH"}, {"data": [["Hos_Allop_Doc_Tot_Stren_Num", 38.0], ["Hos_Allop_Par_Med_Staf_Tot_Stren_Num", 58.0], 0.6551724137931034], "data_low": {"Stat_Nam": "UTTAR PRADESH", "Vil_Nam": "Chak Murad", "Hos_Allop_Doc_Tot_Stren_Num": "10", "Hos_Allop_Par_Med_Staf_Tot_Stren_Num": "15", "id": 203466}, "data_high": {"Stat_Nam": "ODISHA", "Vil_Nam": "Sankamar", "Hos_Allop_Doc_Tot_Stren_Num": "9", "Hos_Allop_Par_Med_Staf_Tot_Stren_Num": "12", "id": 400002}, "perc": 0.025854108956602034, "metric": 99.9741462358508, "value_global_local": {"ANDHRA PRADESH": {"global_perc": 0.0002158273381294964, "local_perc": 0.037267080745341616}, "ASSAM": {"global_perc": 3.7885963250615644e-05, "local_perc": 0.006211180124223602}, "Arunachal Pradesh": {"global_perc": 0.0001789228842368939, "local_perc": 0.006211180124223602}, "GOA": {"global_perc": 0.0029940119760479044, "local_perc": 0.006211180124223602}, "HIMACHAL PRADESH": {"global_perc": 0.00019333011116481392, "local_perc": 0.024844720496894408}, "JAMMU & KASHMIR": {"global_perc": 0.0010682130321989928, "local_perc": 0.043478260869565216}, "JHARKHAND": {"global_perc": 0.0001234796567265543, "local_perc": 0.024844720496894408}, "KERALA": {"global_perc": 0.0009823182711198428, "local_perc": 0.006211180124223602}, "MADHYA PRADESH": {"global_perc": 0.0002367812323552447, "local_perc": 0.08074534161490683}, "ODISHA": {"global_perc": 0.0006820883596749362, "local_perc": 0.21739130434782608}, "Punjab": {"global_perc": 0.00015896987520864795, "local_perc": 0.012422360248447204}, "TRIPURA": {"global_perc": 0.004571428571428572, "local_perc": 0.024844720496894408}, "UTTAR PRADESH": {"global_perc": 0.00020604266956375148, "local_perc": 0.13664596273291926}, "UTTARAKHAND": {"global_perc": 0.0031560769368189127, "local_perc": 0.32919254658385094}, "West Bengal": {"global_perc": 0.0001740514197622955, "local_perc": 0.043478260869565216}}, "partition_field": "Stat_Nam", "Vil_Nam": "Saddar Pur", "Stat_Nam": "UTTAR PRADESH"}, {"data": [["Hos_Allop_Doc_Tot_Stren_Num", 4.0], ["Hos_Allop_Par_Med_Staf_Tot_Stren_Num", 5.0], 0.8], "data_low": {"Stat_Nam": "KERALA", "Vil_Nam": "Agali", "Hos_Allop_Doc_Tot_Stren_Num": "12", "Hos_Allop_Par_Med_Staf_Tot_Stren_Num": "14", "id": 605452}, "data_high": {"Stat_Nam": "ODISHA", "Vil_Nam": "Sarangagada", "Hos_Allop_Doc_Tot_Stren_Num": "9", "Hos_Allop_Par_Med_Staf_Tot_Stren_Num": "10", "id": 413752}, "perc": 0.015897868240395036, "metric": 99.9841023317678, "value_global_local": {"HIMACHAL PRADESH": {"global_perc": 4.833252779120348e-05, "local_perc": 0.010101010101010102}, "JHARKHAND": {"global_perc": 0.00027782922763474715, "local_perc": 0.09090909090909091}, "KERALA": {"global_perc": 0.0009823182711198428, "local_perc": 0.010101010101010102}, "ODISHA": {"global_perc": 0.0014421296747412935, "local_perc": 0.7474747474747475}, "Punjab": {"global_perc": 7.948493760432397e-05, "local_perc": 0.010101010101010102}, "TRIPURA": {"global_perc": 0.002285714285714286, "local_perc": 0.020202020202020204}, "UTTAR PRADESH": {"global_perc": 5.619345533556858e-05, "local_perc": 0.06060606060606061}, "UTTARAKHAND": {"global_perc": 0.0002381944857976538, "local_perc": 0.04040404040404041}, "West Bengal": {"global_perc": 2.4864488537470783e-05, "local_perc": 0.010101010101010102}}, "partition_field": "Stat_Nam", "Vil_Nam": "Panjawar (179)", "Stat_Nam": "HIMACHAL PRADESH"}, {"data": [["Hos_Allop_Doc_Tot_Stren_Num", 45.0], ["Hos_Allop_Par_Med_Staf_Tot_Stren_Num", 47.0], 0.9574468085106383], "data_low": {"Stat_Nam": "JAMMU & KASHMIR", "Vil_Nam": "Dudi", "Hos_Allop_Doc_Tot_Stren_Num": "1", "Hos_Allop_Par_Med_Staf_Tot_Stren_Num": "1", "id": 10}, "data_high": {"Stat_Nam": "West Bengal", "Vil_Nam": "Basulya", "Hos_Allop_Doc_Tot_Stren_Num": "8", "Hos_Allop_Par_Med_Staf_Tot_Stren_Num": "8", "id": 342741}, "perc": 0.20940222409570838, "metric": 99.79059781837685, "value_global_local": {"ASSAM": {"global_perc": 3.7885963250615644e-05, "local_perc": 0.0007668711656441718}, "HARYANA": {"global_perc": 0.000146177459435755, "local_perc": 0.0007668711656441718}, "HIMACHAL PRADESH": {"global_perc": 0.001498308361527308, "local_perc": 0.023773006134969327}, "JAMMU & KASHMIR": {"global_perc": 0.0025942316496261253, "local_perc": 0.01303680981595092}, "JHARKHAND": {"global_perc": 0.018768907822436252, "local_perc": 0.4662576687116564}, "KERALA": {"global_perc": 0.0029469548133595285, "local_perc": 0.0023006134969325155}, "MADHYA PRADESH": {"global_perc": 0.0008924831065697685, "local_perc": 0.037576687116564415}, "MANIPUR": {"global_perc": 0.0003874467260751647, "local_perc": 0.0007668711656441718}, "NCT OF DELHI": {"global_perc": 0.008928571428571428, "local_perc": 0.0007668711656441718}, "Punjab": {"global_perc": 0.022414752404419362, "local_perc": 0.21625766871165644}, "TRIPURA": {"global_perc": 0.017142857142857144, "local_perc": 0.011503067484662576}, "UTTAR PRADESH": {"global_perc": 0.0019948676644126846, "local_perc": 0.1633435582822086}, "UTTARAKHAND": {"global_perc": 0.003334722801167153, "local_perc": 0.04294478527607362}, "West Bengal": {"global_perc": 0.0006464767019742403, "local_perc": 0.019938650306748466}}, "partition_field": "Stat_Nam", "Vil_Nam": "Mandikhera(53)", "Stat_Nam": "HARYANA"}, {"data": [["Hos_Allop_Doc_Tot_Stren_Num", 5.0], ["Hos_Allop_Par_Med_Staf_Tot_Stren_Num", 4.0], 1.25], "data_low": {"Stat_Nam": "Punjab", "Vil_Nam": "Badal (3)", "Hos_Allop_Doc_Tot_Stren_Num": "4", "Hos_Allop_Par_Med_Staf_Tot_Stren_Num": "3", "id": 35114}, "data_high": {"Stat_Nam": "Punjab", "Vil_Nam": "Khui Khera (241)", "Hos_Allop_Doc_Tot_Stren_Num": "5", "Hos_Allop_Par_Med_Staf_Tot_Stren_Num": "4", "id": 34883}, "perc": 0.0008029226384037898, "metric": 99.99919682731361, "value_global_local": {}, "partition_field": null, "Vil_Nam": "Khui Khera (241)", "Stat_Nam": "Punjab"}, {"data": [["Hos_Allop_Doc_Tot_Stren_Num", 3.0], ["Hos_Allop_Par_Med_Staf_Tot_Stren_Num", 2.0], 1.5], "data_low": {"Stat_Nam": "West Bengal", "Vil_Nam": "Chanditala", "Hos_Allop_Doc_Tot_Stren_Num": "12", "Hos_Allop_Par_Med_Staf_Tot_Stren_Num": "8", "id": 323944}, "data_high": {"Stat_Nam": "HIMACHAL PRADESH", "Vil_Nam": "Up Mohal Thotho", "Hos_Allop_Doc_Tot_Stren_Num": "3", "Hos_Allop_Par_Med_Staf_Tot_Stren_Num": "2", "id": 20134}, "perc": 0.0027299369705728856, "metric": 99.99726956294307, "value_global_local": {}, "partition_field": null, "Vil_Nam": "Up Mohal Thotho", "Stat_Nam": "HIMACHAL PRADESH"}, {"data": [["Hos_Allop_Doc_Tot_Stren_Num", 5.0], ["Hos_Allop_Par_Med_Staf_Tot_Stren_Num", 3.0], 1.6666666666666667], "data_low": {"Stat_Nam": "Punjab", "Vil_Nam": "Wadala Kalan (41)", "Hos_Allop_Doc_Tot_Stren_Num": "5", "Hos_Allop_Par_Med_Staf_Tot_Stren_Num": "3", "id": 37565}, "data_high": {"Stat_Nam": "UTTAR PRADESH", "Vil_Nam": "Koiran", "Hos_Allop_Doc_Tot_Stren_Num": "7", "Hos_Allop_Par_Med_Staf_Tot_Stren_Num": "4", "id": 201662}, "perc": 0.0006423381107230318, "metric": 99.99935699509354, "value_global_local": {}, "partition_field": null, "Vil_Nam": "Wadala Kalan (41)", "Stat_Nam": "Punjab"}, {"data": [["Hos_Allop_Doc_Tot_Stren_Num", 2.0], ["Hos_Allop_Par_Med_Staf_Tot_Stren_Num", 1.0], 2.0], "data_low": {"Stat_Nam": "HIMACHAL PRADESH", "Vil_Nam": "Banaota  (452)", "Hos_Allop_Doc_Tot_Stren_Num": "2", "Hos_Allop_Par_Med_Staf_Tot_Stren_Num": "1", "id": 6854}, "data_high": {"Stat_Nam": "West Bengal", "Vil_Nam": "Matipur", "Hos_Allop_Doc_Tot_Stren_Num": "8", "Hos_Allop_Par_Med_Staf_Tot_Stren_Num": "4", "id": 329137}, "perc": 0.010598578826930025, "metric": 99.98940042107904, "value_global_local": {"HARYANA": {"global_perc": 0.000146177459435755, "local_perc": 0.015151515151515152}, "HIMACHAL PRADESH": {"global_perc": 0.00019333011116481392, "local_perc": 0.06060606060606061}, "JHARKHAND": {"global_perc": 0.0003704389701796629, "local_perc": 0.18181818181818182}, "MADHYA PRADESH": {"global_perc": 7.285576380161376e-05, "local_perc": 0.06060606060606061}, "Punjab": {"global_perc": 0.0003974246880216199, "local_perc": 0.07575757575757576}, "TRIPURA": {"global_perc": 0.005714285714285714, "local_perc": 0.07575757575757576}, "UTTAR PRADESH": {"global_perc": 0.00019667709367449004, "local_perc": 0.3181818181818182}, "UTTARAKHAND": {"global_perc": 0.0002381944857976538, "local_perc": 0.06060606060606061}, "West Bengal": {"global_perc": 0.00024864488537470786, "local_perc": 0.15151515151515152}}, "partition_field": "Stat_Nam", "Vil_Nam": "Banaota  (452)", "Stat_Nam": "HIMACHAL PRADESH"}, {"data": [["Hos_Allop_Doc_Tot_Stren_Num", 330.0], ["Hos_Allop_Par_Med_Staf_Tot_Stren_Num", 149.0], 2.214765100671141], "data_low": {"Stat_Nam": "KERALA", "Vil_Nam": "Velappaya", "Hos_Allop_Doc_Tot_Stren_Num": "330", "Hos_Allop_Par_Med_Staf_Tot_Stren_Num": "149", "id": 605594}, "data_high": {"Stat_Nam": "West Bengal", "Vil_Nam": "Bujruk Bandhail", "Hos_Allop_Doc_Tot_Stren_Num": "9", "Hos_Allop_Par_Med_Staf_Tot_Stren_Num": "4", "id": 311224}, "perc": 0.0003211690553615159, "metric": 99.99967761594044, "value_global_local": {}, "partition_field": null, "Vil_Nam": "Velappaya", "Stat_Nam": "KERALA"}, {"data": [["Hos_Allop_Doc_Tot_Stren_Num", 5.0], ["Hos_Allop_Par_Med_Staf_Tot_Stren_Num", 2.0], 2.5], "data_low": {"Stat_Nam": "HIMACHAL PRADESH", "Vil_Nam": "Baldwara (478)", "Hos_Allop_Doc_Tot_Stren_Num": "5", "Hos_Allop_Par_Med_Staf_Tot_Stren_Num": "2", "id": 14030}, "data_high": {"Stat_Nam": "HIMACHAL PRADESH", "Vil_Nam": "Baldwara (478)", "Hos_Allop_Doc_Tot_Stren_Num": "5", "Hos_Allop_Par_Med_Staf_Tot_Stren_Num": "2", "id": 14030}, "perc": 0.0011240916937653056, "metric": 99.99887440802306, "value_global_local": {}, "partition_field": null, "Vil_Nam": "Baldwara (478)", "Stat_Nam": "HIMACHAL PRADESH"}, {"data": [["Hos_Allop_Doc_Tot_Stren_Num", 3.0], ["Hos_Allop_Par_Med_Staf_Tot_Stren_Num", 1.0], 3.0], "data_low": {"Stat_Nam": "HIMACHAL PRADESH", "Vil_Nam": "Sadarpur  (544)", "Hos_Allop_Doc_Tot_Stren_Num": "3", "Hos_Allop_Par_Med_Staf_Tot_Stren_Num": "1", "id": 9795}, "data_high": {"Stat_Nam": "UTTAR PRADESH", "Vil_Nam": "Daulatpur Lonhat", "Hos_Allop_Doc_Tot_Stren_Num": "6", "Hos_Allop_Par_Med_Staf_Tot_Stren_Num": "2", "id": 167931}, "perc": 0.0019270143321690955, "metric": 99.99807098530633, "value_global_local": {}, "partition_field": null, "Vil_Nam": "Sadarpur  (544)", "Stat_Nam": "HIMACHAL PRADESH"}, {"data": [["Hos_Allop_Doc_Tot_Stren_Num", 10.0], ["Hos_Allop_Par_Med_Staf_Tot_Stren_Num", 3.0], 3.3333333333333335], "data_low": {"Stat_Nam": "West Bengal", "Vil_Nam": "Pandua", "Hos_Allop_Doc_Tot_Stren_Num": "10", "Hos_Allop_Par_Med_Staf_Tot_Stren_Num": "3", "id": 325972}, "data_high": {"Stat_Nam": "West Bengal", "Vil_Nam": "Pandua", "Hos_Allop_Doc_Tot_Stren_Num": "10", "Hos_Allop_Par_Med_Staf_Tot_Stren_Num": "3", "id": 325972}, "perc": 0.00016058452768075794, "metric": 99.999837081676, "value_global_local": {}, "partition_field": null, "Vil_Nam": "Pandua", "Stat_Nam": "West Bengal"}, {"data": [["Hos_Allop_Doc_Tot_Stren_Num", 7.0], ["Hos_Allop_Par_Med_Staf_Tot_Stren_Num", 2.0], 3.5], "data_low": {"Stat_Nam": "JHARKHAND", "Vil_Nam": "Tundag", "Hos_Allop_Doc_Tot_Stren_Num": "7", "Hos_Allop_Par_Med_Staf_Tot_Stren_Num": "2", "id": 347273}, "data_high": {"Stat_Nam": "JHARKHAND", "Vil_Nam": "Tundag", "Hos_Allop_Doc_Tot_Stren_Num": "7", "Hos_Allop_Par_Med_Staf_Tot_Stren_Num": "2", "id": 347273}, "perc": 0.00016058452768075794, "metric": 99.99983691497627, "value_global_local": {}, "partition_field": null, "Vil_Nam": "Tundag", "Stat_Nam": "JHARKHAND"}, {"data": [["Hos_Allop_Doc_Tot_Stren_Num", 4.0], ["Hos_Allop_Par_Med_Staf_Tot_Stren_Num", 1.0], 4.0], "data_low": {"Stat_Nam": "UTTAR PRADESH", "Vil_Nam": "Gaura Purey Badal", "Hos_Allop_Doc_Tot_Stren_Num": "4", "Hos_Allop_Par_Med_Staf_Tot_Stren_Num": "1", "id": 158990}, "data_high": {"Stat_Nam": "West Bengal", "Vil_Nam": "Banka Sultanpur", "Hos_Allop_Doc_Tot_Stren_Num": "8", "Hos_Allop_Par_Med_Staf_Tot_Stren_Num": "2", "id": 335401}, "perc": 0.0011240916937653056, "metric": 99.99887290773987, "value_global_local": {}, "partition_field": null, "Vil_Nam": "Gaura Purey Badal", "Stat_Nam": "UTTAR PRADESH"}, {"data": [["Hos_Allop_Doc_Tot_Stren_Num", 5.0], ["Hos_Allop_Par_Med_Staf_Tot_Stren_Num", 1.0], 5.0], "data_low": {"Stat_Nam": "West Bengal", "Vil_Nam": "Bakbari", "Hos_Allop_Doc_Tot_Stren_Num": "10", "Hos_Allop_Par_Med_Staf_Tot_Stren_Num": "2", "id": 328645}, "data_high": {"Stat_Nam": "HIMACHAL PRADESH", "Vil_Nam": "Motla  (316)", "Hos_Allop_Doc_Tot_Stren_Num": "5", "Hos_Allop_Par_Med_Staf_Tot_Stren_Num": "1", "id": 7549}, "perc": 0.0006423381107230318, "metric": 99.99935366111485, "value_global_local": {}, "partition_field": null, "Vil_Nam": "Motla  (316)", "Stat_Nam": "HIMACHAL PRADESH"}, {"data": [["Hos_Allop_Doc_Tot_Stren_Num", 7.0], ["Hos_Allop_Par_Med_Staf_Tot_Stren_Num", 1.0], 7.0], "data_low": {"Stat_Nam": "UTTAR PRADESH", "Vil_Nam": "Safdarganj", "Hos_Allop_Doc_Tot_Stren_Num": "7", "Hos_Allop_Par_Med_Staf_Tot_Stren_Num": "1", "id": 163983}, "data_high": {"Stat_Nam": "UTTAR PRADESH", "Vil_Nam": "Safdarganj", "Hos_Allop_Doc_Tot_Stren_Num": "7", "Hos_Allop_Par_Med_Staf_Tot_Stren_Num": "1", "id": 163983}, "perc": 0.0003211690553615159, "metric": 99.99967282976372, "value_global_local": {}, "partition_field": null, "Vil_Nam": "Safdarganj", "Stat_Nam": "UTTAR PRADESH"}, {"data": [["Hos_Allop_Doc_Tot_Stren_Num", 10.0], ["Hos_Allop_Par_Med_Staf_Tot_Stren_Num", 1.0], 10.0], "data_low": {"Stat_Nam": "UTTAR PRADESH", "Vil_Nam": "Dadra", "Hos_Allop_Doc_Tot_Stren_Num": "10", "Hos_Allop_Par_Med_Staf_Tot_Stren_Num": "1", "id": 163980}, "data_high": {"Stat_Nam": "UTTAR PRADESH", "Vil_Nam": "Dadra", "Hos_Allop_Doc_Tot_Stren_Num": "10", "Hos_Allop_Par_Med_Staf_Tot_Stren_Num": "1", "id": 163980}, "perc": 0.00016058452768075794, "metric": 99.99983041368651, "value_global_local": {}, "partition_field": null, "Vil_Nam": "Dadra", "Stat_Nam": "UTTAR PRADESH"}, {"data": [["Hos_Allop_Doc_Tot_Stren_Num", 1.0], ["Hos_Allop_Par_Med_Staf_Tot_Stren_Num", 0.0], 9999], "data_low": {"Stat_Nam": "JAMMU & KASHMIR", "Vil_Nam": "Smail Pur", "Hos_Allop_Doc_Tot_Stren_Num": "1", "Hos_Allop_Par_Med_Staf_Tot_Stren_Num": "0", "id": 6544}, "data_high": {"Stat_Nam": "UTTAR PRADESH", "Vil_Nam": "Pilkhana", "Hos_Allop_Doc_Tot_Stren_Num": "9", "Hos_Allop_Par_Med_Staf_Tot_Stren_Num": "0", "id": 147309}, "perc": 0.03950379380946646, "metric": 99.95050015666989, "value_global_local": {"Arunachal Pradesh": {"global_perc": 0.0003578457684737878, "local_perc": 0.008130081300813009}, "HIMACHAL PRADESH": {"global_perc": 0.00038666022232962784, "local_perc": 0.032520325203252036}, "JAMMU & KASHMIR": {"global_perc": 0.00015260186174271325, "local_perc": 0.0040650406504065045}, "MADHYA PRADESH": {"global_perc": 0.0006010600513633135, "local_perc": 0.13414634146341464}, "MIZORAM": {"global_perc": 0.0012048192771084338, "local_perc": 0.0040650406504065045}, "UTTAR PRADESH": {"global_perc": 0.0008709985577013131, "local_perc": 0.3780487804878049}, "West Bengal": {"global_perc": 0.002685364762046845, "local_perc": 0.43902439024390244}}, "partition_field": "Stat_Nam", "Vil_Nam": "Smail Pur", "Stat_Nam": "JAMMU & KASHMIR"}, {"data": [["Hos_Allop_Doc_Tot_Stren_Num", 0], ["Hos_Allop_Par_Med_Staf_Tot_Stren_Num", 0], 99980001], "data_low": {"Stat_Nam": "JAMMU & KASHMIR", "Vil_Nam": "Bore", "Hos_Allop_Doc_Tot_Stren_Num": "", "Hos_Allop_Par_Med_Staf_Tot_Stren_Num": "", "id": 0}, "data_high": {"Stat_Nam": "JAMMU & KASHMIR", "Vil_Nam": "Palmar", "Hos_Allop_Doc_Tot_Stren_Num": "HAll_st", "Hos_Allop_Par_Med_Staf_Tot_Stren_Num": "HAll_pst", "id": 4582}, "perc": 99.2179533501947, "metric": 9.923779991780026e-07, "value_global_local": {"null": {"global_perc": 0.9921795335019471, "local_perc": 1.0}}, "partition_field": "Dist_Other", "Vil_Nam": "Bore", "Stat_Nam": "JAMMU & KASHMIR"}]