[{"data": [["Prim_Heal_Cen_Doc_In_Pos_Num", 0], ["Prim_Heal_Cen_Par_Med_Staf_In_Pos_Num", 3.0], 0.0], "data_low": {"Stat_Nam": "JAMMU & KASHMIR", "Vil_Nam": "Charri Sharif", "Prim_Heal_Cen_Doc_In_Pos_Num": "", "Prim_Heal_Cen_Par_Med_Staf_In_Pos_Num": "3", "id": 820}, "data_high": {"Stat_Nam": "West Bengal", "Vil_Nam": "Kurkutia", "Prim_Heal_Cen_Doc_In_Pos_Num": "6", "Prim_Heal_Cen_Par_Med_Staf_In_Pos_Num": "74", "id": 327291}, "perc": 0.20602994901441246, "metric": 99.79397104912492, "value_global_local": {"ANDAMAN & NICOBAR ISLANDS": {"global_perc": 0.0036036036036036037, "local_perc": 0.001558846453624318}, "ANDHRA PRADESH": {"global_perc": 0.0003956834532374101, "local_perc": 0.00857365549493375}, "ASSAM": {"global_perc": 0.00037885963250615644, "local_perc": 0.00779423226812159}, "BIHAR": {"global_perc": 2.2284619155858625e-05, "local_perc": 0.000779423226812159}, "CHHATTISGARH": {"global_perc": 0.002086852827188711, "local_perc": 0.03273577552611068}, "GOA": {"global_perc": 0.0029940119760479044, "local_perc": 0.000779423226812159}, "HARYANA": {"global_perc": 0.003654436485893875, "local_perc": 0.019485580670303974}, "HIMACHAL PRADESH": {"global_perc": 0.00038666022232962784, "local_perc": 0.006235385814497272}, "JAMMU & KASHMIR": {"global_perc": 0.005341065160994964, "local_perc": 0.027279812938425563}, "JHARKHAND": {"global_perc": 0.001883064765079953, "local_perc": 0.0475448168355417}, "KARNATAKA": {"global_perc": 0.0004430811179277437, "local_perc": 0.010132501948558068}, "KERALA": {"global_perc": 0.12573673870333987, "local_perc": 0.09976617303195635}, "MADHYA PRADESH": {"global_perc": 9.106970475201719e-05, "local_perc": 0.003897116134060795}, "MANIPUR": {"global_perc": 0.001162340178225494, "local_perc": 0.002338269680436477}, "MIZORAM": {"global_perc": 0.00963855421686747, "local_perc": 0.006235385814497272}, "Maharashtra": {"global_perc": 0.0021756555593724952, "local_perc": 0.0740452065471551}, "NAGALAND": {"global_perc": 0.03081232492997199, "local_perc": 0.034294621979735}, "PUDUCHERRY": {"global_perc": 0.03333333333333333, "local_perc": 0.002338269680436477}, "Punjab": {"global_perc": 0.00023845481281297194, "local_perc": 0.002338269680436477}, "RAJASTHAN": {"global_perc": 0.01472958452722063, "local_perc": 0.5128604832424006}, "SIKKIM": {"global_perc": 0.0022172949002217295, "local_perc": 0.000779423226812159}, "TRIPURA": {"global_perc": 0.005714285714285714, "local_perc": 0.003897116134060795}, "Tamil Nadu": {"global_perc": 0.0010638963639777207, "local_perc": 0.013250194855806703}, "UTTAR PRADESH": {"global_perc": 0.00025287054901005864, "local_perc": 0.021044427123928292}, "West Bengal": {"global_perc": 0.0019145656173852504, "local_perc": 0.060015588464536244}}, "partition_field": "Stat_Nam", "Vil_Nam": "Charri Sharif", "Stat_Nam": "JAMMU & KASHMIR"}, {"data": [["Prim_Heal_Cen_Doc_In_Pos_Num", 2.0], ["Prim_Heal_Cen_Par_Med_Staf_In_Pos_Num", 19.0], 0.10526315789473684], "data_low": {"Stat_Nam": "JAMMU & KASHMIR", "Vil_Nam": "Sobar", "Prim_Heal_Cen_Doc_In_Pos_Num": "1", "Prim_Heal_Cen_Par_Med_Staf_In_Pos_Num": "9", "id": 1738}, "data_high": {"Stat_Nam": "West Bengal", "Vil_Nam": "Dulalpur (K)", "Prim_Heal_Cen_Doc_In_Pos_Num": "6", "Prim_Heal_Cen_Par_Med_Staf_In_Pos_Num": "50", "id": 332723}, "perc": 0.38283351399092697, "metric": 99.61716737749884, "value_global_local": {"": {"global_perc": 0.00456728830935459, "local_perc": 0.9979026845637584}, "ANACHI": {"global_perc": 0.5, "local_perc": 0.00041946308724832214}, "BOLLA": {"global_perc": 1.0, "local_perc": 0.0008389261744966443}, "JANUBAZAR": {"global_perc": 1.0, "local_perc": 0.00041946308724832214}, "MELTHA": {"global_perc": 0.5, "local_perc": 0.00041946308724832214}}, "partition_field": "Near_Vil_Tow_Nam_hav_Prim_School", "Vil_Nam": "Tagste", "Stat_Nam": "JAMMU & KASHMIR"}, {"data": [["Prim_Heal_Cen_Doc_In_Pos_Num", 4.0], ["Prim_Heal_Cen_Par_Med_Staf_In_Pos_Num", 19.0], 0.21052631578947367], "data_low": {"Stat_Nam": "JAMMU & KASHMIR", "Vil_Nam": "Halmat Pora", "Prim_Heal_Cen_Doc_In_Pos_Num": "1", "Prim_Heal_Cen_Par_Med_Staf_In_Pos_Num": "4", "id": 55}, "data_high": {"Stat_Nam": "PUDUCHERRY", "Vil_Nam": "Nedungadu", "Prim_Heal_Cen_Doc_In_Pos_Num": "6", "Prim_Heal_Cen_Par_Med_Staf_In_Pos_Num": "26", "id": 622157}, "perc": 0.4430527118712112, "metric": 99.5569480742619, "value_global_local": {"": {"global_perc": 0.005214272823962617, "local_perc": 0.9844146429865893}, "ANDIPATTI": {"global_perc": 0.25, "local_perc": 0.0003624501631025734}, "AREKALHOSAHALLI": {"global_perc": 0.5, "local_perc": 0.0003624501631025734}, "B.BAGEWADI": {"global_perc": 0.5, "local_perc": 0.0003624501631025734}, "BHANPURKHA": {"global_perc": 1.0, "local_perc": 0.0003624501631025734}, "BHATKOT": {"global_perc": 0.16666666666666666, "local_perc": 0.0003624501631025734}, "BILISIRI": {"global_perc": 0.5, "local_perc": 0.0003624501631025734}, "BISNAH": {"global_perc": 0.2, "local_perc": 0.0003624501631025734}, "DADADAHALLI": {"global_perc": 1.0, "local_perc": 0.0003624501631025734}, "DHANNYACHARA": {"global_perc": 1.0, "local_perc": 0.0003624501631025734}, "GANGATI": {"global_perc": 1.0, "local_perc": 0.0007249003262051468}, "GAON": {"global_perc": 0.06666666666666667, "local_perc": 0.0003624501631025734}, "JAMINBIL KUNDA": {"global_perc": 1.0, "local_perc": 0.0003624501631025734}, "KANHAULI KHAS": {"global_perc": 1.0, "local_perc": 0.0003624501631025734}, "KANKRADNAG": {"global_perc": 1.0, "local_perc": 0.0003624501631025734}, "KESARE": {"global_perc": 1.0, "local_perc": 0.0003624501631025734}, "KUMIZHI": {"global_perc": 1.0, "local_perc": 0.0003624501631025734}, "MACHAGOWDANAHALLI": {"global_perc": 0.1111111111111111, "local_perc": 0.0003624501631025734}, "MAJHWALIYA": {"global_perc": 1.0, "local_perc": 0.0003624501631025734}, "MARHEEN": {"global_perc": 0.3333333333333333, "local_perc": 0.0003624501631025734}, "MARIPAR": {"global_perc": 1.0, "local_perc": 0.0003624501631025734}, "MIRPUR RATANPUR": {"global_perc": 1.0, "local_perc": 0.0003624501631025734}, "MULEKALENAHALLI": {"global_perc": 0.1111111111111111, "local_perc": 0.0003624501631025734}, "N.A.": {"global_perc": 0.0008524341731388521, "local_perc": 0.0032620514679231605}, "OLAMPUR CHHAPARA": {"global_perc": 1.0, "local_perc": 0.0003624501631025734}, "P.S. CHAKDA": {"global_perc": 1.0, "local_perc": 0.0003624501631025734}, "PANIPAT": {"global_perc": 0.2, "local_perc": 0.0003624501631025734}, "RAM LACHHAN": {"global_perc": 1.0, "local_perc": 0.0003624501631025734}, "SHAIKHPUR": {"global_perc": 0.5, "local_perc": 0.0003624501631025734}, "SOMINAKOPPA": {"global_perc": 0.16666666666666666, "local_perc": 0.0003624501631025734}, "SOVERGHAT": {"global_perc": 1.0, "local_perc": 0.0003624501631025734}, "THALAGHATTAPURA": {"global_perc": 0.2, "local_perc": 0.0003624501631025734}, "UDAYA RAMPUR": {"global_perc": 1.0, "local_perc": 0.0003624501631025734}, "USODU": {"global_perc": 0.125, "local_perc": 0.0003624501631025734}, "VADAKATTUPATTI": {"global_perc": 1.0, "local_perc": 0.0003624501631025734}}, "partition_field": "Near_Vil_Tow_Nam_hav_Prim_School", "Vil_Nam": "Pookkottur", "Stat_Nam": "KERALA"}, {"data": [["Prim_Heal_Cen_Doc_In_Pos_Num", 5.0], ["Prim_Heal_Cen_Par_Med_Staf_In_Pos_Num", 16.0], 0.3125], "data_low": {"Stat_Nam": "JAMMU & KASHMIR", "Vil_Nam": "Negrimal Pora", "Prim_Heal_Cen_Doc_In_Pos_Num": "1", "Prim_Heal_Cen_Par_Med_Staf_In_Pos_Num": "3", "id": 114}, "data_high": {"Stat_Nam": "Tamil Nadu", "Vil_Nam": "Vadakuthu", "Prim_Heal_Cen_Doc_In_Pos_Num": "9", "Prim_Heal_Cen_Par_Med_Staf_In_Pos_Num": "25", "id": 614041}, "perc": 0.7714480709783612, "metric": 99.22855261135439, "value_global_local": {"ANDAMAN & NICOBAR ISLANDS": {"global_perc": 0.0018018018018018018, "local_perc": 0.00020815986677768527}, "ANDHRA PRADESH": {"global_perc": 0.015863309352517986, "local_perc": 0.0917985012489592}, "ASSAM": {"global_perc": 0.017844288691039968, "local_perc": 0.09804329725228976}, "Arunachal Pradesh": {"global_perc": 0.004473072105922347, "local_perc": 0.005203996669442132}, "BIHAR": {"global_perc": 0.0018941926282479832, "local_perc": 0.017693588676103246}, "CHHATTISGARH": {"global_perc": 0.003577461989466362, "local_perc": 0.01498751040799334}, "Dadra & Nagar Haveli": {"global_perc": 0.015384615384615385, "local_perc": 0.00020815986677768527}, "GOA": {"global_perc": 0.0029940119760479044, "local_perc": 0.00020815986677768527}, "HARYANA": {"global_perc": 0.00935535740388832, "local_perc": 0.013322231473771857}, "HIMACHAL PRADESH": {"global_perc": 0.0025616239729337846, "local_perc": 0.011032472939217318}, "JAMMU & KASHMIR": {"global_perc": 0.011597741492446207, "local_perc": 0.01582014987510408}, "JHARKHAND": {"global_perc": 0.0021917639068963386, "local_perc": 0.014779350541215654}, "KARNATAKA": {"global_perc": 0.010020449897750512, "local_perc": 0.06119900083263947}, "KERALA": {"global_perc": 0.060903732809430254, "local_perc": 0.012905911740216486}, "MADHYA PRADESH": {"global_perc": 0.0017121104493379232, "local_perc": 0.019567027477102414}, "MANIPUR": {"global_perc": 0.00581170089112747, "local_perc": 0.0031223980016652788}, "MIZORAM": {"global_perc": 0.004819277108433735, "local_perc": 0.0008326394671107411}, "Maharashtra": {"global_perc": 0.017359441200045803, "local_perc": 0.15778517901748543}, "Meghalaya": {"global_perc": 0.000877321245796169, "local_perc": 0.0012489592006661116}, "NAGALAND": {"global_perc": 0.0070028011204481795, "local_perc": 0.0020815986677768525}, "ODISHA": {"global_perc": 1.948823884785532e-05, "local_perc": 0.00020815986677768527}, "PUDUCHERRY": {"global_perc": 0.044444444444444446, "local_perc": 0.0008326394671107411}, "Punjab": {"global_perc": 0.0014307288768778317, "local_perc": 0.003746877601998335}, "RAJASTHAN": {"global_perc": 0.029794949856733526, "local_perc": 0.27706078268109907}, "SIKKIM": {"global_perc": 0.004434589800443459, "local_perc": 0.00041631973355537054}, "TRIPURA": {"global_perc": 0.0034285714285714284, "local_perc": 0.0006244796003330558}, "Tamil Nadu": {"global_perc": 0.026785155516615557, "local_perc": 0.0890924229808493}, "UTTAR PRADESH": {"global_perc": 0.0025380710659898475, "local_perc": 0.056411323896752706}, "UTTARAKHAND": {"global_perc": 0.004585243851604835, "local_perc": 0.016028309741881765}, "West Bengal": {"global_perc": 0.001616191754935601, "local_perc": 0.013530391340549543}}, "partition_field": "Stat_Nam", "Vil_Nam": "Mangalkot", "Stat_Nam": "West Bengal"}, {"data": [["Prim_Heal_Cen_Doc_In_Pos_Num", 5.0], ["Prim_Heal_Cen_Par_Med_Staf_In_Pos_Num", 12.0], 0.4166666666666667], "data_low": {"Stat_Nam": "JAMMU & KASHMIR", "Vil_Nam": "Kuligam", "Prim_Heal_Cen_Doc_In_Pos_Num": "1", "Prim_Heal_Cen_Par_Med_Staf_In_Pos_Num": "2", "id": 19}, "data_high": {"Stat_Nam": "Tamil Nadu", "Vil_Nam": "Chickadasampalayam", "Prim_Heal_Cen_Doc_In_Pos_Num": "8", "Prim_Heal_Cen_Par_Med_Staf_In_Pos_Num": "18", "id": 621552}, "perc": 0.6598418242402345, "metric": 99.34015875535994, "value_global_local": {"ANDAMAN & NICOBAR ISLANDS": {"global_perc": 0.0018018018018018018, "local_perc": 0.0002433682161109759}, "ANDHRA PRADESH": {"global_perc": 0.024172661870503598, "local_perc": 0.1635434412265758}, "ASSAM": {"global_perc": 0.00496306118583065, "local_perc": 0.031881236310537846}, "Arunachal Pradesh": {"global_perc": 0.0087672213276078, "local_perc": 0.01192504258943782}, "BIHAR": {"global_perc": 0.010295494050006685, "local_perc": 0.11243611584327087}, "CHANDIGARH": {"global_perc": 0.2, "local_perc": 0.0002433682161109759}, "CHHATTISGARH": {"global_perc": 0.0034780880453145185, "local_perc": 0.017035775127768313}, "GOA": {"global_perc": 0.0029940119760479044, "local_perc": 0.0002433682161109759}, "HARYANA": {"global_perc": 0.00906300248501681, "local_perc": 0.015088829398880507}, "HIMACHAL PRADESH": {"global_perc": 0.0043499275012083135, "local_perc": 0.02190313944998783}, "JAMMU & KASHMIR": {"global_perc": 0.02609491835800397, "local_perc": 0.04161596495497688}, "JHARKHAND": {"global_perc": 0.001883064765079953, "local_perc": 0.01484546118276953}, "KARNATAKA": {"global_perc": 0.01438309475119291, "local_perc": 0.10270138719883183}, "KERALA": {"global_perc": 0.06777996070726916, "local_perc": 0.01679240691165734}, "MADHYA PRADESH": {"global_perc": 0.0038431415405351258, "local_perc": 0.051350693599415916}, "MANIPUR": {"global_perc": 0.009298721425803952, "local_perc": 0.0058408371866634215}, "MIZORAM": {"global_perc": 0.0012048192771084338, "local_perc": 0.0002433682161109759}, "Maharashtra": {"global_perc": 0.0010305736860185502, "local_perc": 0.010951569724993915}, "Meghalaya": {"global_perc": 0.002778183945021202, "local_perc": 0.004623996106108542}, "NAGALAND": {"global_perc": 0.004901960784313725, "local_perc": 0.0017035775127768314}, "NCT OF DELHI": {"global_perc": 0.026785714285714284, "local_perc": 0.0007301046483329277}, "ODISHA": {"global_perc": 0.0012082708085670297, "local_perc": 0.015088829398880507}, "PUDUCHERRY": {"global_perc": 0.011111111111111112, "local_perc": 0.0002433682161109759}, "Punjab": {"global_perc": 0.003576822192194579, "local_perc": 0.010951569724993915}, "RAJASTHAN": {"global_perc": 4.477077363896848e-05, "local_perc": 0.0004867364322219518}, "SIKKIM": {"global_perc": 0.015521064301552107, "local_perc": 0.0017035775127768314}, "TRIPURA": {"global_perc": 0.025142857142857144, "local_perc": 0.00535410075444147}, "Tamil Nadu": {"global_perc": 0.02115276300143939, "local_perc": 0.08225845704550985}, "UTTAR PRADESH": {"global_perc": 0.007820255867533295, "local_perc": 0.2032124604526649}, "UTTARAKHAND": {"global_perc": 0.0064312511165366525, "local_perc": 0.026283767339985397}, "West Bengal": {"global_perc": 0.002909145158884082, "local_perc": 0.02847408128498418}}, "partition_field": "Stat_Nam", "Vil_Nam": "Popra (58)", "Stat_Nam": "HARYANA"}, {"data": [["Prim_Heal_Cen_Doc_In_Pos_Num", 6.0], ["Prim_Heal_Cen_Par_Med_Staf_In_Pos_Num", 11.0], 0.5454545454545454], "data_low": {"Stat_Nam": "West Bengal", "Vil_Nam": "Chanditala", "Prim_Heal_Cen_Doc_In_Pos_Num": "12", "Prim_Heal_Cen_Par_Med_Staf_In_Pos_Num": "20", "id": 323944}, "data_high": {"Stat_Nam": "UTTAR PRADESH", "Vil_Nam": "Bhawanpur", "Prim_Heal_Cen_Doc_In_Pos_Num": "7", "Prim_Heal_Cen_Par_Med_Staf_In_Pos_Num": "12", "id": 118496}, "perc": 0.024730017262836728, "metric": 99.9752704372611, "value_global_local": {"ANDHRA PRADESH": {"global_perc": 0.0002158273381294964, "local_perc": 0.03896103896103896}, "ASSAM": {"global_perc": 0.0005682894487592347, "local_perc": 0.09740259740259741}, "BIHAR": {"global_perc": 0.0006239693363640416, "local_perc": 0.18181818181818182}, "CHHATTISGARH": {"global_perc": 0.0004471827486832952, "local_perc": 0.05844155844155844}, "HARYANA": {"global_perc": 0.00204648443210057, "local_perc": 0.09090909090909091}, "HIMACHAL PRADESH": {"global_perc": 0.00033832769453842436, "local_perc": 0.045454545454545456}, "JAMMU & KASHMIR": {"global_perc": 0.0010682130321989928, "local_perc": 0.045454545454545456}, "JHARKHAND": {"global_perc": 0.00015434957090819287, "local_perc": 0.032467532467532464}, "KARNATAKA": {"global_perc": 0.00010224948875255624, "local_perc": 0.01948051948051948}, "KERALA": {"global_perc": 0.0009823182711198428, "local_perc": 0.006493506493506494}, "MADHYA PRADESH": {"global_perc": 0.00027320911425605157, "local_perc": 0.09740259740259741}, "MANIPUR": {"global_perc": 0.0019372336303758234, "local_perc": 0.032467532467532464}, "ODISHA": {"global_perc": 1.948823884785532e-05, "local_perc": 0.006493506493506494}, "Punjab": {"global_perc": 0.00023845481281297194, "local_perc": 0.01948051948051948}, "TRIPURA": {"global_perc": 0.011428571428571429, "local_perc": 0.06493506493506493}, "Tamil Nadu": {"global_perc": 0.00012516427811502597, "local_perc": 0.012987012987012988}, "UTTAR PRADESH": {"global_perc": 4.682787944630715e-05, "local_perc": 0.032467532467532464}, "UTTARAKHAND": {"global_perc": 0.0007145834573929614, "local_perc": 0.07792207792207792}, "West Bengal": {"global_perc": 0.0001491869312248247, "local_perc": 0.03896103896103896}}, "partition_field": "Stat_Nam", "Vil_Nam": "Shajroo", "Stat_Nam": "JAMMU & KASHMIR"}, {"data": [["Prim_Heal_Cen_Doc_In_Pos_Num", 2.0], ["Prim_Heal_Cen_Par_Med_Staf_In_Pos_Num", 3.0], 0.6666666666666666], "data_low": {"Stat_Nam": "JAMMU & KASHMIR", "Vil_Nam": "Cheeri Koot", "Prim_Heal_Cen_Doc_In_Pos_Num": "2", "Prim_Heal_Cen_Par_Med_Staf_In_Pos_Num": "3", "id": 46}, "data_high": {"Stat_Nam": "West Bengal", "Vil_Nam": "Alfa", "Prim_Heal_Cen_Doc_In_Pos_Num": "9", "Prim_Heal_Cen_Par_Med_Staf_In_Pos_Num": "13", "id": 320003}, "perc": 0.12332891725882211, "metric": 99.87667141573, "value_global_local": {"ANDAMAN & NICOBAR ISLANDS": {"global_perc": 0.005405405405405406, "local_perc": 0.00390625}, "ANDHRA PRADESH": {"global_perc": 0.002446043165467626, "local_perc": 0.08854166666666667}, "ASSAM": {"global_perc": 0.0015154385300246258, "local_perc": 0.052083333333333336}, "Arunachal Pradesh": {"global_perc": 0.0005367686527106817, "local_perc": 0.00390625}, "BIHAR": {"global_perc": 0.001559923340910104, "local_perc": 0.09114583333333333}, "CHHATTISGARH": {"global_perc": 0.0013415482460498857, "local_perc": 0.03515625}, "HARYANA": {"global_perc": 0.002777371729279345, "local_perc": 0.024739583333333332}, "HIMACHAL PRADESH": {"global_perc": 0.0018366360560657321, "local_perc": 0.049479166666666664}, "JAMMU & KASHMIR": {"global_perc": 0.004883259575766824, "local_perc": 0.041666666666666664}, "JHARKHAND": {"global_perc": 0.0011421868247206272, "local_perc": 0.048177083333333336}, "KARNATAKA": {"global_perc": 0.0012610770279481937, "local_perc": 0.048177083333333336}, "KERALA": {"global_perc": 0.005893909626719057, "local_perc": 0.0078125}, "MADHYA PRADESH": {"global_perc": 0.0012749758665282407, "local_perc": 0.09114583333333333}, "MANIPUR": {"global_perc": 0.0065865943432778, "local_perc": 0.022135416666666668}, "Maharashtra": {"global_perc": 0.00027481964960494675, "local_perc": 0.015625}, "Meghalaya": {"global_perc": 0.0019008626992250328, "local_perc": 0.016927083333333332}, "ODISHA": {"global_perc": 0.0012667355251105958, "local_perc": 0.08463541666666667}, "Punjab": {"global_perc": 0.00015896987520864795, "local_perc": 0.0026041666666666665}, "RAJASTHAN": {"global_perc": 0.00035816618911174784, "local_perc": 0.020833333333333332}, "SIKKIM": {"global_perc": 0.0066518847006651885, "local_perc": 0.00390625}, "TRIPURA": {"global_perc": 0.025142857142857144, "local_perc": 0.028645833333333332}, "Tamil Nadu": {"global_perc": 6.258213905751299e-05, "local_perc": 0.0013020833333333333}, "UTTAR PRADESH": {"global_perc": 0.0010208477719294959, "local_perc": 0.14192708333333334}, "UTTARAKHAND": {"global_perc": 0.002262847615077711, "local_perc": 0.049479166666666664}, "West Bengal": {"global_perc": 0.0004972897707494157, "local_perc": 0.026041666666666668}}, "partition_field": "Stat_Nam", "Vil_Nam": "Cheeri Koot", "Stat_Nam": "JAMMU & KASHMIR"}, {"data": [["Prim_Heal_Cen_Doc_In_Pos_Num", 7.0], ["Prim_Heal_Cen_Par_Med_Staf_In_Pos_Num", 9.0], 0.7777777777777778], "data_low": {"Stat_Nam": "JAMMU & KASHMIR", "Vil_Nam": "Dadh Sara", "Prim_Heal_Cen_Doc_In_Pos_Num": "4", "Prim_Heal_Cen_Par_Med_Staf_In_Pos_Num": "5", "id": 3045}, "data_high": {"Stat_Nam": "CHHATTISGARH", "Vil_Nam": "Chhal", "Prim_Heal_Cen_Doc_In_Pos_Num": "8", "Prim_Heal_Cen_Par_Med_Staf_In_Pos_Num": "10", "id": 432115}, "perc": 0.0070657192179533505, "metric": 99.99293450303301, "value_global_local": {"BIHAR": {"global_perc": 0.00011142309577929313, "local_perc": 0.11363636363636363}, "CHHATTISGARH": {"global_perc": 0.0004471827486832952, "local_perc": 0.20454545454545456}, "GOA": {"global_perc": 0.005988023952095809, "local_perc": 0.045454545454545456}, "HARYANA": {"global_perc": 0.000438532378307265, "local_perc": 0.06818181818181818}, "JAMMU & KASHMIR": {"global_perc": 0.0003052037234854265, "local_perc": 0.045454545454545456}, "JHARKHAND": {"global_perc": 3.086991418163858e-05, "local_perc": 0.022727272727272728}, "MADHYA PRADESH": {"global_perc": 3.642788190080688e-05, "local_perc": 0.045454545454545456}, "MANIPUR": {"global_perc": 0.002324680356450988, "local_perc": 0.13636363636363635}, "TRIPURA": {"global_perc": 0.002285714285714286, "local_perc": 0.045454545454545456}, "UTTAR PRADESH": {"global_perc": 3.7462303557045726e-05, "local_perc": 0.09090909090909091}, "UTTARAKHAND": {"global_perc": 5.954862144941345e-05, "local_perc": 0.022727272727272728}, "West Bengal": {"global_perc": 0.0001740514197622955, "local_perc": 0.1590909090909091}}, "partition_field": "Stat_Nam", "Vil_Nam": "Biran (27)", "Stat_Nam": "HARYANA"}, {"data": [["Prim_Heal_Cen_Doc_In_Pos_Num", 2.0], ["Prim_Heal_Cen_Par_Med_Staf_In_Pos_Num", 2.0], 1.0], "data_low": {"Stat_Nam": "JAMMU & KASHMIR", "Vil_Nam": "Kalarooch", "Prim_Heal_Cen_Doc_In_Pos_Num": "1", "Prim_Heal_Cen_Par_Med_Staf_In_Pos_Num": "1", "id": 50}, "data_high": {"Stat_Nam": "BIHAR", "Vil_Nam": "Faridpur urf Shakra", "Prim_Heal_Cen_Doc_In_Pos_Num": "8", "Prim_Heal_Cen_Par_Med_Staf_In_Pos_Num": "8", "id": 228704}, "perc": 0.604440162190373, "metric": 99.39555983780963, "value_global_local": {"ANDAMAN & NICOBAR ISLANDS": {"global_perc": 0.0018018018018018018, "local_perc": 0.00026567481402763017}, "ANDHRA PRADESH": {"global_perc": 0.0019784172661870504, "local_perc": 0.01461211477151966}, "ASSAM": {"global_perc": 0.005000947149081265, "local_perc": 0.03506907545164718}, "Arunachal Pradesh": {"global_perc": 0.0021470746108427268, "local_perc": 0.003188097768331562}, "BIHAR": {"global_perc": 0.01167714043766992, "local_perc": 0.1392136025504782}, "CHANDIGARH": {"global_perc": 0.2, "local_perc": 0.00026567481402763017}, "CHHATTISGARH": {"global_perc": 0.0034780880453145185, "local_perc": 0.018597236981934114}, "DAMAN & DIU": {"global_perc": 0.05263157894736842, "local_perc": 0.00026567481402763017}, "HARYANA": {"global_perc": 0.00321590410758661, "local_perc": 0.005844845908607864}, "HIMACHAL PRADESH": {"global_perc": 0.008264862252295795, "local_perc": 0.04543039319872476}, "JAMMU & KASHMIR": {"global_perc": 0.01678620479169846, "local_perc": 0.02922422954303932}, "JHARKHAND": {"global_perc": 0.014231030437735383, "local_perc": 0.12247608926673752}, "KARNATAKA": {"global_perc": 0.020688479890933878, "local_perc": 0.16126461211477153}, "KERALA": {"global_perc": 0.09430255402750491, "local_perc": 0.025504782146652496}, "MADHYA PRADESH": {"global_perc": 0.0032602954301222155, "local_perc": 0.0475557917109458}, "MANIPUR": {"global_perc": 0.005036807438977141, "local_perc": 0.0034537725823591925}, "MIZORAM": {"global_perc": 0.0012048192771084338, "local_perc": 0.00026567481402763017}, "Maharashtra": {"global_perc": 0.0005496392992098935, "local_perc": 0.006376195536663124}, "Meghalaya": {"global_perc": 0.008334551835063606, "local_perc": 0.01514346439957492}, "NAGALAND": {"global_perc": 0.0014005602240896359, "local_perc": 0.0005313496280552603}, "ODISHA": {"global_perc": 9.744119423927659e-05, "local_perc": 0.001328374070138151}, "Punjab": {"global_perc": 0.061203401955329466, "local_perc": 0.20456960680127523}, "SIKKIM": {"global_perc": 0.0066518847006651885, "local_perc": 0.0007970244420828905}, "TRIPURA": {"global_perc": 0.019428571428571427, "local_perc": 0.004516471838469713}, "UTTAR PRADESH": {"global_perc": 0.0030531777398992263, "local_perc": 0.08660998937300744}, "UTTARAKHAND": {"global_perc": 0.0008932293217412017, "local_perc": 0.003985122210414453}, "West Bengal": {"global_perc": 0.0022129394798349, "local_perc": 0.023645058448459086}}, "partition_field": "Stat_Nam", "Vil_Nam": "Keran", "Stat_Nam": "JAMMU & KASHMIR"}, {"data": [["Prim_Heal_Cen_Doc_In_Pos_Num", 5.0], ["Prim_Heal_Cen_Par_Med_Staf_In_Pos_Num", 4.0], 1.25], "data_low": {"Stat_Nam": "BIHAR", "Vil_Nam": "Sonbhadar", "Prim_Heal_Cen_Doc_In_Pos_Num": "10", "Prim_Heal_Cen_Par_Med_Staf_In_Pos_Num": "8", "id": 259817}, "data_high": {"Stat_Nam": "BIHAR", "Vil_Nam": "karmegh", "Prim_Heal_Cen_Doc_In_Pos_Num": "8", "Prim_Heal_Cen_Par_Med_Staf_In_Pos_Num": "6", "id": 219012}, "perc": 0.006905134690272592, "metric": 99.99309461527699, "value_global_local": {"Arunachal Pradesh": {"global_perc": 0.0003578457684737878, "local_perc": 0.046511627906976744}, "BIHAR": {"global_perc": 0.00022284619155858625, "local_perc": 0.23255813953488372}, "CHHATTISGARH": {"global_perc": 0.00014906091622776508, "local_perc": 0.06976744186046512}, "GOA": {"global_perc": 0.0029940119760479044, "local_perc": 0.023255813953488372}, "JAMMU & KASHMIR": {"global_perc": 0.0003052037234854265, "local_perc": 0.046511627906976744}, "JHARKHAND": {"global_perc": 0.00018521948508983145, "local_perc": 0.13953488372093023}, "MADHYA PRADESH": {"global_perc": 0.0002367812323552447, "local_perc": 0.3023255813953488}, "MANIPUR": {"global_perc": 0.0003874467260751647, "local_perc": 0.023255813953488372}, "Punjab": {"global_perc": 0.00023845481281297194, "local_perc": 0.06976744186046512}, "West Bengal": {"global_perc": 4.972897707494157e-05, "local_perc": 0.046511627906976744}}, "partition_field": "Stat_Nam", "Vil_Nam": "Isuwapur", "Stat_Nam": "BIHAR"}, {"data": [["Prim_Heal_Cen_Doc_In_Pos_Num", 7.0], ["Prim_Heal_Cen_Par_Med_Staf_In_Pos_Num", 5.0], 1.4], "data_low": {"Stat_Nam": "JAMMU & KASHMIR", "Vil_Nam": "Soiteng", "Prim_Heal_Cen_Doc_In_Pos_Num": "3", "Prim_Heal_Cen_Par_Med_Staf_In_Pos_Num": "2", "id": 2799}, "data_high": {"Stat_Nam": "BIHAR", "Vil_Nam": "Ginjas", "Prim_Heal_Cen_Doc_In_Pos_Num": "7", "Prim_Heal_Cen_Par_Med_Staf_In_Pos_Num": "5", "id": 227399}, "perc": 0.009956240716206993, "metric": 99.99004335924361, "value_global_local": {"BIHAR": {"global_perc": 0.00037883852564959665, "local_perc": 0.27419354838709675}, "HARYANA": {"global_perc": 0.00029235491887151, "local_perc": 0.03225806451612903}, "HIMACHAL PRADESH": {"global_perc": 0.00014499758337361044, "local_perc": 0.04838709677419355}, "JAMMU & KASHMIR": {"global_perc": 0.0004578055852281398, "local_perc": 0.04838709677419355}, "JHARKHAND": {"global_perc": 6.173982836327716e-05, "local_perc": 0.03225806451612903}, "KERALA": {"global_perc": 0.0009823182711198428, "local_perc": 0.016129032258064516}, "MADHYA PRADESH": {"global_perc": 0.00012749758665282407, "local_perc": 0.11290322580645161}, "Meghalaya": {"global_perc": 0.001754642491592338, "local_perc": 0.1935483870967742}, "Punjab": {"global_perc": 7.948493760432397e-05, "local_perc": 0.016129032258064516}, "TRIPURA": {"global_perc": 0.001142857142857143, "local_perc": 0.016129032258064516}, "UTTAR PRADESH": {"global_perc": 2.809672766778429e-05, "local_perc": 0.04838709677419355}, "UTTARAKHAND": {"global_perc": 0.00017864586434824034, "local_perc": 0.04838709677419355}, "West Bengal": {"global_perc": 0.0001740514197622955, "local_perc": 0.11290322580645161}}, "partition_field": "Stat_Nam", "Vil_Nam": "Ginjas", "Stat_Nam": "BIHAR"}, {"data": [["Prim_Heal_Cen_Doc_In_Pos_Num", 5.0], ["Prim_Heal_Cen_Par_Med_Staf_In_Pos_Num", 3.0], 1.6666666666666667], "data_low": {"Stat_Nam": "HARYANA", "Vil_Nam": "Budhwal(237)", "Prim_Heal_Cen_Doc_In_Pos_Num": "10", "Prim_Heal_Cen_Par_Med_Staf_In_Pos_Num": "6", "id": 61949}, "data_high": {"Stat_Nam": "JAMMU & KASHMIR", "Vil_Nam": "Tikri", "Prim_Heal_Cen_Doc_In_Pos_Num": "5", "Prim_Heal_Cen_Par_Med_Staf_In_Pos_Num": "3", "id": 4829}, "perc": 0.0012846762214460635, "metric": 99.99871465698709, "value_global_local": {}, "partition_field": null, "Vil_Nam": "Tikri", "Stat_Nam": "JAMMU & KASHMIR"}, {"data": [["Prim_Heal_Cen_Doc_In_Pos_Num", 9.0], ["Prim_Heal_Cen_Par_Med_Staf_In_Pos_Num", 5.0], 1.8], "data_low": {"Stat_Nam": "CHHATTISGARH", "Vil_Nam": "Kopra", "Prim_Heal_Cen_Doc_In_Pos_Num": "9", "Prim_Heal_Cen_Par_Med_Staf_In_Pos_Num": "5", "id": 442433}, "data_high": {"Stat_Nam": "CHHATTISGARH", "Vil_Nam": "Kopra", "Prim_Heal_Cen_Doc_In_Pos_Num": "9", "Prim_Heal_Cen_Par_Med_Staf_In_Pos_Num": "5", "id": 442433}, "perc": 0.00016058452768075794, "metric": 99.99983861531359, "value_global_local": {}, "partition_field": null, "Vil_Nam": "Kopra", "Stat_Nam": "CHHATTISGARH"}, {"data": [["Prim_Heal_Cen_Doc_In_Pos_Num", 2.0], ["Prim_Heal_Cen_Par_Med_Staf_In_Pos_Num", 1.0], 2.0], "data_low": {"Stat_Nam": "JAMMU & KASHMIR", "Vil_Nam": "Khurhama", "Prim_Heal_Cen_Doc_In_Pos_Num": "2", "Prim_Heal_Cen_Par_Med_Staf_In_Pos_Num": "1", "id": 15}, "data_high": {"Stat_Nam": "West Bengal", "Vil_Nam": "Bujruk Bandhail", "Prim_Heal_Cen_Doc_In_Pos_Num": "8", "Prim_Heal_Cen_Par_Med_Staf_In_Pos_Num": "4", "id": 311224}, "perc": 0.03227749006383235, "metric": 99.96772151005896, "value_global_local": {"ANDHRA PRADESH": {"global_perc": 0.0002158273381294964, "local_perc": 0.029850746268656716}, "Arunachal Pradesh": {"global_perc": 0.0001789228842368939, "local_perc": 0.004975124378109453}, "BIHAR": {"global_perc": 0.0005571154788964656, "local_perc": 0.12437810945273632}, "CHHATTISGARH": {"global_perc": 0.0004471827486832952, "local_perc": 0.04477611940298507}, "HARYANA": {"global_perc": 0.000730887297178775, "local_perc": 0.024875621890547265}, "HIMACHAL PRADESH": {"global_perc": 0.0007733204446592557, "local_perc": 0.07960199004975124}, "JAMMU & KASHMIR": {"global_perc": 0.0021364260643979855, "local_perc": 0.06965174129353234}, "JHARKHAND": {"global_perc": 0.0009260974254491572, "local_perc": 0.14925373134328357}, "KERALA": {"global_perc": 0.0019646365422396855, "local_perc": 0.009950248756218905}, "MADHYA PRADESH": {"global_perc": 0.00021856729140484125, "local_perc": 0.05970149253731343}, "MANIPUR": {"global_perc": 0.0007748934521503294, "local_perc": 0.009950248756218905}, "Maharashtra": {"global_perc": 9.160654986831558e-05, "local_perc": 0.01990049751243781}, "Punjab": {"global_perc": 0.0015102138144821556, "local_perc": 0.0945273631840796}, "TRIPURA": {"global_perc": 0.001142857142857143, "local_perc": 0.004975124378109453}, "UTTAR PRADESH": {"global_perc": 0.00028096727667784293, "local_perc": 0.14925373134328357}, "UTTARAKHAND": {"global_perc": 0.0001190972428988269, "local_perc": 0.009950248756218905}, "West Bengal": {"global_perc": 0.000571883236361828, "local_perc": 0.11442786069651742}}, "partition_field": "Stat_Nam", "Vil_Nam": "Khurhama", "Stat_Nam": "JAMMU & KASHMIR"}, {"data": [["Prim_Heal_Cen_Doc_In_Pos_Num", 7.0], ["Prim_Heal_Cen_Par_Med_Staf_In_Pos_Num", 3.0], 2.3333333333333335], "data_low": {"Stat_Nam": "HARYANA", "Vil_Nam": "Bhoj Jabial (324)", "Prim_Heal_Cen_Doc_In_Pos_Num": "7", "Prim_Heal_Cen_Par_Med_Staf_In_Pos_Num": "3", "id": 56793}, "data_high": {"Stat_Nam": "HARYANA", "Vil_Nam": "Bhoj Jabial (324)", "Prim_Heal_Cen_Doc_In_Pos_Num": "7", "Prim_Heal_Cen_Par_Med_Staf_In_Pos_Num": "3", "id": 56793}, "perc": 0.00016058452768075794, "metric": 99.99983808187443, "value_global_local": {}, "partition_field": null, "Vil_Nam": "Bhoj Jabial (324)", "Stat_Nam": "HARYANA"}, {"data": [["Prim_Heal_Cen_Doc_In_Pos_Num", 5.0], ["Prim_Heal_Cen_Par_Med_Staf_In_Pos_Num", 2.0], 2.5], "data_low": {"Stat_Nam": "West Bengal", "Vil_Nam": "Chaktarini", "Prim_Heal_Cen_Doc_In_Pos_Num": "10", "Prim_Heal_Cen_Par_Med_Staf_In_Pos_Num": "4", "id": 337054}, "data_high": {"Stat_Nam": "JAMMU & KASHMIR", "Vil_Nam": "Kheri", "Prim_Heal_Cen_Doc_In_Pos_Num": "5", "Prim_Heal_Cen_Par_Med_Staf_In_Pos_Num": "2", "id": 6080}, "perc": 0.0014452607491268216, "metric": 99.99855323897252, "value_global_local": {}, "partition_field": null, "Vil_Nam": "Kheri", "Stat_Nam": "JAMMU & KASHMIR"}, {"data": [["Prim_Heal_Cen_Doc_In_Pos_Num", 3.0], ["Prim_Heal_Cen_Par_Med_Staf_In_Pos_Num", 1.0], 3.0], "data_low": {"Stat_Nam": "JAMMU & KASHMIR", "Vil_Nam": "Kahal Jagesar", "Prim_Heal_Cen_Doc_In_Pos_Num": "3", "Prim_Heal_Cen_Par_Med_Staf_In_Pos_Num": "1", "id": 4330}, "data_high": {"Stat_Nam": "BIHAR", "Vil_Nam": "Hasanpura", "Prim_Heal_Cen_Doc_In_Pos_Num": "6", "Prim_Heal_Cen_Par_Med_Staf_In_Pos_Num": "2", "id": 231613}, "perc": 0.0075474728009956235, "metric": 99.99245052694992, "value_global_local": {"BIHAR": {"global_perc": 0.00011142309577929313, "local_perc": 0.10638297872340426}, "CHHATTISGARH": {"global_perc": 9.937394415184339e-05, "local_perc": 0.0425531914893617}, "HARYANA": {"global_perc": 0.000146177459435755, "local_perc": 0.02127659574468085}, "HIMACHAL PRADESH": {"global_perc": 9.666505558240696e-05, "local_perc": 0.0425531914893617}, "JAMMU & KASHMIR": {"global_perc": 0.0003052037234854265, "local_perc": 0.0425531914893617}, "JHARKHAND": {"global_perc": 0.00030869914181638574, "local_perc": 0.2127659574468085}, "MADHYA PRADESH": {"global_perc": 0.00012749758665282407, "local_perc": 0.14893617021276595}, "Punjab": {"global_perc": 0.0007153644384389158, "local_perc": 0.19148936170212766}, "UTTAR PRADESH": {"global_perc": 5.619345533556858e-05, "local_perc": 0.1276595744680851}, "West Bengal": {"global_perc": 7.459346561241235e-05, "local_perc": 0.06382978723404255}}, "partition_field": "Stat_Nam", "Vil_Nam": "Kahal Jagesar", "Stat_Nam": "JAMMU & KASHMIR"}, {"data": [["Prim_Heal_Cen_Doc_In_Pos_Num", 7.0], ["Prim_Heal_Cen_Par_Med_Staf_In_Pos_Num", 2.0], 3.5], "data_low": {"Stat_Nam": "Punjab", "Vil_Nam": "Kahnuwan (606)", "Prim_Heal_Cen_Doc_In_Pos_Num": "7", "Prim_Heal_Cen_Par_Med_Staf_In_Pos_Num": "2", "id": 28232}, "data_high": {"Stat_Nam": "Punjab", "Vil_Nam": "Kahnuwan (606)", "Prim_Heal_Cen_Doc_In_Pos_Num": "7", "Prim_Heal_Cen_Par_Med_Staf_In_Pos_Num": "2", "id": 28232}, "perc": 0.0003211690553615159, "metric": 99.99967633045259, "value_global_local": {}, "partition_field": null, "Vil_Nam": "Kahnuwan (606)", "Stat_Nam": "Punjab"}, {"data": [["Prim_Heal_Cen_Doc_In_Pos_Num", 4.0], ["Prim_Heal_Cen_Par_Med_Staf_In_Pos_Num", 1.0], 4.0], "data_low": {"Stat_Nam": "JAMMU & KASHMIR", "Vil_Nam": "Bagla", "Prim_Heal_Cen_Doc_In_Pos_Num": "4", "Prim_Heal_Cen_Par_Med_Staf_In_Pos_Num": "1", "id": 4060}, "data_high": {"Stat_Nam": "JHARKHAND", "Vil_Nam": "Kamdara", "Prim_Heal_Cen_Doc_In_Pos_Num": "8", "Prim_Heal_Cen_Par_Med_Staf_In_Pos_Num": "2", "id": 373621}, "perc": 0.0036934441366574334, "metric": 99.99630355537407, "value_global_local": {"ANDAMAN & NICOBAR ISLANDS": {"global_perc": 0.0018018018018018018, "local_perc": 0.043478260869565216}, "CHHATTISGARH": {"global_perc": 9.937394415184339e-05, "local_perc": 0.08695652173913043}, "JAMMU & KASHMIR": {"global_perc": 0.00015260186174271325, "local_perc": 0.043478260869565216}, "JHARKHAND": {"global_perc": 0.00030869914181638574, "local_perc": 0.43478260869565216}, "MADHYA PRADESH": {"global_perc": 1.821394095040344e-05, "local_perc": 0.043478260869565216}, "Punjab": {"global_perc": 7.948493760432397e-05, "local_perc": 0.043478260869565216}, "UTTAR PRADESH": {"global_perc": 9.365575889261431e-06, "local_perc": 0.043478260869565216}, "West Bengal": {"global_perc": 0.0001491869312248247, "local_perc": 0.2608695652173913}}, "partition_field": "Stat_Nam", "Vil_Nam": "Bagla", "Stat_Nam": "JAMMU & KASHMIR"}, {"data": [["Prim_Heal_Cen_Doc_In_Pos_Num", 5.0], ["Prim_Heal_Cen_Par_Med_Staf_In_Pos_Num", 1.0], 5.0], "data_low": {"Stat_Nam": "Punjab", "Vil_Nam": "Wadala Bangar (117)", "Prim_Heal_Cen_Doc_In_Pos_Num": "5", "Prim_Heal_Cen_Par_Med_Staf_In_Pos_Num": "1", "id": 27863}, "data_high": {"Stat_Nam": "Punjab", "Vil_Nam": "Wadala Bangar (117)", "Prim_Heal_Cen_Doc_In_Pos_Num": "5", "Prim_Heal_Cen_Par_Med_Staf_In_Pos_Num": "1", "id": 27863}, "perc": 0.0012846762214460635, "metric": 99.99871132302982, "value_global_local": {}, "partition_field": null, "Vil_Nam": "Wadala Bangar (117)", "Stat_Nam": "Punjab"}, {"data": [["Prim_Heal_Cen_Doc_In_Pos_Num", 6.0], ["Prim_Heal_Cen_Par_Med_Staf_In_Pos_Num", 1.0], 6.0], "data_low": {"Stat_Nam": "West Bengal", "Vil_Nam": "Lodhan", "Prim_Heal_Cen_Doc_In_Pos_Num": "6", "Prim_Heal_Cen_Par_Med_Staf_In_Pos_Num": "1", "id": 307777}, "data_high": {"Stat_Nam": "West Bengal", "Vil_Nam": "Lodhan", "Prim_Heal_Cen_Doc_In_Pos_Num": "6", "Prim_Heal_Cen_Par_Med_Staf_In_Pos_Num": "1", "id": 307777}, "perc": 0.0004817535830422739, "metric": 99.9995132454409, "value_global_local": {}, "partition_field": null, "Vil_Nam": "Lodhan", "Stat_Nam": "West Bengal"}, {"data": [["Prim_Heal_Cen_Doc_In_Pos_Num", 7.0], ["Prim_Heal_Cen_Par_Med_Staf_In_Pos_Num", 1.0], 7.0], "data_low": {"Stat_Nam": "West Bengal", "Vil_Nam": "Khamar Chandi", "Prim_Heal_Cen_Doc_In_Pos_Num": "7", "Prim_Heal_Cen_Par_Med_Staf_In_Pos_Num": "1", "id": 323685}, "data_high": {"Stat_Nam": "West Bengal", "Vil_Nam": "Khamar Chandi", "Prim_Heal_Cen_Doc_In_Pos_Num": "7", "Prim_Heal_Cen_Par_Med_Staf_In_Pos_Num": "1", "id": 323685}, "perc": 0.00016058452768075794, "metric": 99.99983341428178, "value_global_local": {}, "partition_field": null, "Vil_Nam": "Khamar Chandi", "Stat_Nam": "West Bengal"}, {"data": [["Prim_Heal_Cen_Doc_In_Pos_Num", 8.0], ["Prim_Heal_Cen_Par_Med_Staf_In_Pos_Num", 1.0], 8.0], "data_low": {"Stat_Nam": "West Bengal", "Vil_Nam": "Bandar Gachh", "Prim_Heal_Cen_Doc_In_Pos_Num": "8", "Prim_Heal_Cen_Par_Med_Staf_In_Pos_Num": "1", "id": 305477}, "data_high": {"Stat_Nam": "West Bengal", "Vil_Nam": "Bandar Gachh", "Prim_Heal_Cen_Doc_In_Pos_Num": "8", "Prim_Heal_Cen_Par_Med_Staf_In_Pos_Num": "1", "id": 305477}, "perc": 0.0004817535830422739, "metric": 99.99951124505047, "value_global_local": {}, "partition_field": null, "Vil_Nam": "Bandar Gachh", "Stat_Nam": "West Bengal"}, {"data": [["Prim_Heal_Cen_Doc_In_Pos_Num", 2.0], ["Prim_Heal_Cen_Par_Med_Staf_In_Pos_Num", 0.0], 9999], "data_low": {"Stat_Nam": "JAMMU & KASHMIR", "Vil_Nam": "Panikhar", "Prim_Heal_Cen_Doc_In_Pos_Num": "1", "Prim_Heal_Cen_Par_Med_Staf_In_Pos_Num": "0", "id": 1041}, "data_high": {"Stat_Nam": "UTTAR PRADESH", "Vil_Nam": "Malhanpar", "Prim_Heal_Cen_Doc_In_Pos_Num": "8", "Prim_Heal_Cen_Par_Med_Staf_In_Pos_Num": "0", "id": 186232}, "perc": 0.08543096872616324, "metric": 99.90457757447065, "value_global_local": {"ANDAMAN & NICOBAR ISLANDS": {"global_perc": 0.0018018018018018018, "local_perc": 0.0018796992481203006}, "ANDHRA PRADESH": {"global_perc": 3.597122302158273e-05, "local_perc": 0.0018796992481203006}, "Arunachal Pradesh": {"global_perc": 0.0003578457684737878, "local_perc": 0.0037593984962406013}, "CHHATTISGARH": {"global_perc": 9.937394415184339e-05, "local_perc": 0.0037593984962406013}, "GOA": {"global_perc": 0.0029940119760479044, "local_perc": 0.0018796992481203006}, "HARYANA": {"global_perc": 0.000146177459435755, "local_perc": 0.0018796992481203006}, "HIMACHAL PRADESH": {"global_perc": 0.001304978250362494, "local_perc": 0.05075187969924812}, "JAMMU & KASHMIR": {"global_perc": 0.0032046390965969787, "local_perc": 0.039473684210526314}, "JHARKHAND": {"global_perc": 0.0009878372538124345, "local_perc": 0.06015037593984962}, "MADHYA PRADESH": {"global_perc": 0.0005828461104129101, "local_perc": 0.06015037593984962}, "MANIPUR": {"global_perc": 0.0027121270825261525, "local_perc": 0.013157894736842105}, "MIZORAM": {"global_perc": 0.012048192771084338, "local_perc": 0.018796992481203006}, "NAGALAND": {"global_perc": 0.0035014005602240898, "local_perc": 0.009398496240601503}, "Punjab": {"global_perc": 0.0028614577537556633, "local_perc": 0.06766917293233082}, "TRIPURA": {"global_perc": 0.001142857142857143, "local_perc": 0.0018796992481203006}, "UTTAR PRADESH": {"global_perc": 0.0013299117762751232, "local_perc": 0.2669172932330827}, "West Bengal": {"global_perc": 0.0052464070814063355, "local_perc": 0.3966165413533835}}, "partition_field": "Stat_Nam", "Vil_Nam": "Bazgoo", "Stat_Nam": "JAMMU & KASHMIR"}, {"data": [["Prim_Heal_Cen_Doc_In_Pos_Num", 0], ["Prim_Heal_Cen_Par_Med_Staf_In_Pos_Num", 0], 99980001], "data_low": {"Stat_Nam": "JAMMU & KASHMIR", "Vil_Nam": "Bore", "Prim_Heal_Cen_Doc_In_Pos_Num": "", "Prim_Heal_Cen_Par_Med_Staf_In_Pos_Num": "", "id": 0}, "data_high": {"Stat_Nam": "JAMMU & KASHMIR", "Vil_Nam": "Palmar", "Prim_Heal_Cen_Doc_In_Pos_Num": "Phc_pos", "Prim_Heal_Cen_Par_Med_Staf_In_Pos_Num": "Phc_ppos", "id": 4582}, "perc": 96.62563731984423, "metric": 9.664496534646386e-07, "value_global_local": {"null": {"global_perc": 0.9662563731984424, "local_perc": 1.0}}, "partition_field": "Dist_Other", "Vil_Nam": "Bore", "Stat_Nam": "JAMMU & KASHMIR"}]