[{"data": [["Hos_Allop_Doc_In_Pos_Num", 0], ["Hos_Allop_Num", 1.0], 0.0], "data_low": {"Stat_Nam": "JAMMU & KASHMIR", "Vil_Nam": "Desa", "Hos_Allop_Num": "1", "Hos_Allop_Doc_In_Pos_Num": "", "id": 4047}, "data_high": {"Stat_Nam": "HIMACHAL PRADESH", "Vil_Nam": "Mahliat  (33)", "Hos_Allop_Num": "1", "Hos_Allop_Doc_In_Pos_Num": "0", "id": 6583}, "perc": 0.11096390862740375, "metric": 99.88903709046278, "value_global_local": {"ANDAMAN & NICOBAR ISLANDS": {"global_perc": 0.0018018018018018018, "local_perc": 0.001447178002894356}, "Arunachal Pradesh": {"global_perc": 0.001789228842368939, "local_perc": 0.01447178002894356}, "HIMACHAL PRADESH": {"global_perc": 0.0011599806669888835, "local_perc": 0.03473227206946455}, "JAMMU & KASHMIR": {"global_perc": 0.00015260186174271325, "local_perc": 0.001447178002894356}, "JHARKHAND": {"global_perc": 0.0015743656232635674, "local_perc": 0.07380607814761216}, "MADHYA PRADESH": {"global_perc": 0.001202120102726627, "local_perc": 0.0955137481910275}, "MIZORAM": {"global_perc": 0.007228915662650603, "local_perc": 0.008683068017366137}, "NAGALAND": {"global_perc": 0.0007002801120448179, "local_perc": 0.001447178002894356}, "TRIPURA": {"global_perc": 0.0034285714285714284, "local_perc": 0.004341534008683068}, "UTTAR PRADESH": {"global_perc": 0.0007867083746979602, "local_perc": 0.12156295224312591}, "West Bengal": {"global_perc": 0.011039832910637029, "local_perc": 0.6425470332850941}}, "partition_field": "Stat_Nam", "Vil_Nam": "Desa", "Stat_Nam": "JAMMU & KASHMIR"}, {"data": [["Hos_Allop_Doc_In_Pos_Num", 1.0], ["Hos_Allop_Num", 5.0], 0.2], "data_low": {"Stat_Nam": "West Bengal", "Vil_Nam": "Gokulchanda", "Hos_Allop_Num": "5", "Hos_Allop_Doc_In_Pos_Num": "1", "id": 307279}, "data_high": {"Stat_Nam": "West Bengal", "Vil_Nam": "Gokulchanda", "Hos_Allop_Num": "5", "Hos_Allop_Doc_In_Pos_Num": "1", "id": 307279}, "perc": 0.0003211690553615159, "metric": 99.99967963110208, "value_global_local": {}, "partition_field": null, "Vil_Nam": "Gokulchanda", "Stat_Nam": "West Bengal"}, {"data": [["Hos_Allop_Doc_In_Pos_Num", 3.0], ["Hos_Allop_Num", 9.0], 0.3333333333333333], "data_low": {"Stat_Nam": "West Bengal", "Vil_Nam": "Krishnapur", "Hos_Allop_Num": "9", "Hos_Allop_Doc_In_Pos_Num": "3", "id": 341739}, "data_high": {"Stat_Nam": "West Bengal", "Vil_Nam": "Krishnapur", "Hos_Allop_Num": "9", "Hos_Allop_Doc_In_Pos_Num": "3", "id": 341739}, "perc": 0.00016058452768075794, "metric": 99.99984008227126, "value_global_local": {}, "partition_field": null, "Vil_Nam": "Krishnapur", "Stat_Nam": "West Bengal"}, {"data": [["Hos_Allop_Doc_In_Pos_Num", 1.0], ["Hos_Allop_Num", 2.0], 0.5], "data_low": {"Stat_Nam": "HIMACHAL PRADESH", "Vil_Nam": "Tali Bhujal (12)", "Hos_Allop_Num": "2", "Hos_Allop_Doc_In_Pos_Num": "1", "id": 22383}, "data_high": {"Stat_Nam": "HIMACHAL PRADESH", "Vil_Nam": "Tali Bhujal (12)", "Hos_Allop_Num": "2", "Hos_Allop_Doc_In_Pos_Num": "1", "id": 22383}, "perc": 0.006905134690272592, "metric": 99.9930953653752, "value_global_local": {"ASSAM": {"global_perc": 0.00015154385300246258, "local_perc": 0.09302325581395349}, "HIMACHAL PRADESH": {"global_perc": 4.833252779120348e-05, "local_perc": 0.023255813953488372}, "JHARKHAND": {"global_perc": 3.086991418163858e-05, "local_perc": 0.023255813953488372}, "Punjab": {"global_perc": 0.0015896987520864795, "local_perc": 0.46511627906976744}, "UTTAR PRADESH": {"global_perc": 0.00011238691067113716, "local_perc": 0.27906976744186046}, "UTTARAKHAND": {"global_perc": 0.00029774310724706724, "local_perc": 0.11627906976744186}}, "partition_field": "Stat_Nam", "Vil_Nam": "Tali Bhujal (12)", "Stat_Nam": "HIMACHAL PRADESH"}, {"data": [["Hos_Allop_Doc_In_Pos_Num", 1.0], ["Hos_Allop_Num", 1.0], 1.0], "data_low": {"Stat_Nam": "JAMMU & KASHMIR", "Vil_Nam": "Dudi", "Hos_Allop_Num": "1", "Hos_Allop_Doc_In_Pos_Num": "1", "id": 10}, "data_high": {"Stat_Nam": "JHARKHAND", "Vil_Nam": "Khonhar", "Hos_Allop_Num": "3", "Hos_Allop_Doc_In_Pos_Num": "3", "id": 345149}, "perc": 0.6015496406921194, "metric": 99.39845035930789, "value_global_local": {"ANDAMAN & NICOBAR ISLANDS": {"global_perc": 0.0018018018018018018, "local_perc": 0.00026695141484249865}, "ANDHRA PRADESH": {"global_perc": 0.0018705035971223023, "local_perc": 0.013881473571809931}, "ASSAM": {"global_perc": 0.001591210456525857, "local_perc": 0.011211959423384944}, "Arunachal Pradesh": {"global_perc": 0.0007156915369475756, "local_perc": 0.0010678056593699946}, "HIMACHAL PRADESH": {"global_perc": 0.0009666505558240696, "local_perc": 0.005339028296849973}, "JAMMU & KASHMIR": {"global_perc": 0.007782694948878377, "local_perc": 0.013614522156967433}, "JHARKHAND": {"global_perc": 0.017719330740260542, "local_perc": 0.15323011211959423}, "KERALA": {"global_perc": 0.004911591355599214, "local_perc": 0.0013347570742124934}, "MADHYA PRADESH": {"global_perc": 0.0016938965083875199, "local_perc": 0.024826481580352375}, "MANIPUR": {"global_perc": 0.0007748934521503294, "local_perc": 0.0005339028296849973}, "Maharashtra": {"global_perc": 0.0415664720027482, "local_perc": 0.4845168179391351}, "NCT OF DELHI": {"global_perc": 0.008928571428571428, "local_perc": 0.00026695141484249865}, "Punjab": {"global_perc": 0.023050631905253954, "local_perc": 0.07741591030432461}, "TRIPURA": {"global_perc": 0.017142857142857144, "local_perc": 0.00400427122263748}, "UTTAR PRADESH": {"global_perc": 0.003390338471912638, "local_perc": 0.09663641217298452}, "UTTARAKHAND": {"global_perc": 0.019234204728160544, "local_perc": 0.08622530699412707}, "West Bengal": {"global_perc": 0.002386990899597195, "local_perc": 0.02562733582487987}}, "partition_field": "Stat_Nam", "Vil_Nam": "Dudi", "Stat_Nam": "JAMMU & KASHMIR"}, {"data": [["Hos_Allop_Doc_In_Pos_Num", 3.0], ["Hos_Allop_Num", 2.0], 1.5], "data_low": {"Stat_Nam": "UTTAR PRADESH", "Vil_Nam": "Devkali", "Hos_Allop_Num": "2", "Hos_Allop_Doc_In_Pos_Num": "3", "id": 143328}, "data_high": {"Stat_Nam": "UTTAR PRADESH", "Vil_Nam": "Devkali", "Hos_Allop_Num": "2", "Hos_Allop_Doc_In_Pos_Num": "3", "id": 143328}, "perc": 0.00016058452768075794, "metric": 99.9998389153731, "value_global_local": {}, "partition_field": null, "Vil_Nam": "Devkali", "Stat_Nam": "UTTAR PRADESH"}, {"data": [["Hos_Allop_Doc_In_Pos_Num", 2.0], ["Hos_Allop_Num", 1.0], 2.0], "data_low": {"Stat_Nam": "JAMMU & KASHMIR", "Vil_Nam": "Sogam", "Hos_Allop_Num": "1", "Hos_Allop_Doc_In_Pos_Num": "2", "id": 36}, "data_high": {"Stat_Nam": "UTTAR PRADESH", "Vil_Nam": "Parsuwa", "Hos_Allop_Num": "2", "Hos_Allop_Doc_In_Pos_Num": "4", "id": 151528}, "perc": 0.06407322654462243, "metric": 99.9359257738962, "value_global_local": {"ANDHRA PRADESH": {"global_perc": 0.00046762589928057557, "local_perc": 0.03258145363408521}, "ASSAM": {"global_perc": 0.0017048683462777042, "local_perc": 0.11278195488721804}, "Arunachal Pradesh": {"global_perc": 0.0007156915369475756, "local_perc": 0.010025062656641603}, "GOA": {"global_perc": 0.005988023952095809, "local_perc": 0.005012531328320802}, "HIMACHAL PRADESH": {"global_perc": 0.0009666505558240696, "local_perc": 0.05012531328320802}, "JAMMU & KASHMIR": {"global_perc": 0.0039676484053105445, "local_perc": 0.06516290726817042}, "JHARKHAND": {"global_perc": 0.0005556584552694943, "local_perc": 0.045112781954887216}, "KERALA": {"global_perc": 0.004911591355599214, "local_perc": 0.012531328320802004}, "MADHYA PRADESH": {"global_perc": 0.0007103436970657341, "local_perc": 0.09774436090225563}, "Punjab": {"global_perc": 0.0009538192512518877, "local_perc": 0.03007518796992481}, "SIKKIM": {"global_perc": 0.0022172949002217295, "local_perc": 0.002506265664160401}, "TRIPURA": {"global_perc": 0.026285714285714287, "local_perc": 0.05764411027568922}, "Tamil Nadu": {"global_perc": 6.258213905751299e-05, "local_perc": 0.002506265664160401}, "UTTAR PRADESH": {"global_perc": 0.0010770412272650646, "local_perc": 0.2882205513784461}, "UTTARAKHAND": {"global_perc": 0.0025605907223247783, "local_perc": 0.10776942355889724}, "West Bengal": {"global_perc": 0.0007956636331990651, "local_perc": 0.08020050125313283}}, "partition_field": "Stat_Nam", "Vil_Nam": "Sogam", "Stat_Nam": "JAMMU & KASHMIR"}, {"data": [["Hos_Allop_Doc_In_Pos_Num", 5.0], ["Hos_Allop_Num", 2.0], 2.5], "data_low": {"Stat_Nam": "UTTAR PRADESH", "Vil_Nam": "Haswan", "Hos_Allop_Num": "2", "Hos_Allop_Doc_In_Pos_Num": "5", "id": 143032}, "data_high": {"Stat_Nam": "UTTAR PRADESH", "Vil_Nam": "Haswan", "Hos_Allop_Num": "2", "Hos_Allop_Doc_In_Pos_Num": "5", "id": 143032}, "perc": 0.0004817535830422739, "metric": 99.99951674612414, "value_global_local": {}, "partition_field": null, "Vil_Nam": "Haswan", "Stat_Nam": "UTTAR PRADESH"}, {"data": [["Hos_Allop_Doc_In_Pos_Num", 3.0], ["Hos_Allop_Num", 1.0], 3.0], "data_low": {"Stat_Nam": "JAMMU & KASHMIR", "Vil_Nam": "Tokuna", "Hos_Allop_Num": "1", "Hos_Allop_Doc_In_Pos_Num": "3", "id": 2968}, "data_high": {"Stat_Nam": "Punjab", "Vil_Nam": "Sujanpur ( Rural ) (229)", "Hos_Allop_Num": "2", "Hos_Allop_Doc_In_Pos_Num": "6", "id": 27336}, "perc": 0.020875988598498534, "metric": 99.97912201141904, "value_global_local": {"ANDAMAN & NICOBAR ISLANDS": {"global_perc": 0.0018018018018018018, "local_perc": 0.007692307692307693}, "ANDHRA PRADESH": {"global_perc": 0.00017985611510791367, "local_perc": 0.038461538461538464}, "ASSAM": {"global_perc": 0.0002273157795036939, "local_perc": 0.046153846153846156}, "HIMACHAL PRADESH": {"global_perc": 0.0005316578057032382, "local_perc": 0.08461538461538462}, "JAMMU & KASHMIR": {"global_perc": 0.0003052037234854265, "local_perc": 0.015384615384615385}, "JHARKHAND": {"global_perc": 0.0003395690559980243, "local_perc": 0.08461538461538462}, "KERALA": {"global_perc": 0.007858546168958742, "local_perc": 0.06153846153846154}, "MADHYA PRADESH": {"global_perc": 0.00010928364570242063, "local_perc": 0.046153846153846156}, "Punjab": {"global_perc": 0.0003974246880216199, "local_perc": 0.038461538461538464}, "TRIPURA": {"global_perc": 0.0034285714285714284, "local_perc": 0.023076923076923078}, "Tamil Nadu": {"global_perc": 0.00012516427811502597, "local_perc": 0.015384615384615385}, "UTTAR PRADESH": {"global_perc": 0.0004027197632382415, "local_perc": 0.33076923076923076}, "UTTARAKHAND": {"global_perc": 0.00041684035014589413, "local_perc": 0.05384615384615385}, "West Bengal": {"global_perc": 0.0004972897707494157, "local_perc": 0.15384615384615385}}, "partition_field": "Stat_Nam", "Vil_Nam": "Tokuna", "Stat_Nam": "JAMMU & KASHMIR"}, {"data": [["Hos_Allop_Doc_In_Pos_Num", 7.0], ["Hos_Allop_Num", 2.0], 3.5], "data_low": {"Stat_Nam": "UTTAR PRADESH", "Vil_Nam": "Karmoopur", "Hos_Allop_Num": "2", "Hos_Allop_Doc_In_Pos_Num": "7", "id": 147287}, "data_high": {"Stat_Nam": "UTTAR PRADESH", "Vil_Nam": "Karmoopur", "Hos_Allop_Num": "2", "Hos_Allop_Doc_In_Pos_Num": "7", "id": 147287}, "perc": 0.00016058452768075794, "metric": 99.99983691497627, "value_global_local": {}, "partition_field": null, "Vil_Nam": "Karmoopur", "Stat_Nam": "UTTAR PRADESH"}, {"data": [["Hos_Allop_Doc_In_Pos_Num", 4.0], ["Hos_Allop_Num", 1.0], 4.0], "data_low": {"Stat_Nam": "JAMMU & KASHMIR", "Vil_Nam": "Mahan Pora", "Hos_Allop_Num": "1", "Hos_Allop_Doc_In_Pos_Num": "4", "id": 1733}, "data_high": {"Stat_Nam": "UTTAR PRADESH", "Vil_Nam": "Garhia Gosain", "Hos_Allop_Num": "2", "Hos_Allop_Doc_In_Pos_Num": "8", "id": 147288}, "perc": 0.01493436107431049, "metric": 99.98506263877373, "value_global_local": {"ANDHRA PRADESH": {"global_perc": 7.194244604316547e-05, "local_perc": 0.021505376344086023}, "HIMACHAL PRADESH": {"global_perc": 0.0004349927501208313, "local_perc": 0.0967741935483871}, "JAMMU & KASHMIR": {"global_perc": 0.000610407446970853, "local_perc": 0.043010752688172046}, "JHARKHAND": {"global_perc": 0.00015434957090819287, "local_perc": 0.053763440860215055}, "KERALA": {"global_perc": 0.0009823182711198428, "local_perc": 0.010752688172043012}, "Punjab": {"global_perc": 0.00023845481281297194, "local_perc": 0.03225806451612903}, "RAJASTHAN": {"global_perc": 0.0007163323782234957, "local_perc": 0.34408602150537637}, "TRIPURA": {"global_perc": 0.002285714285714286, "local_perc": 0.021505376344086023}, "Tamil Nadu": {"global_perc": 6.258213905751299e-05, "local_perc": 0.010752688172043012}, "UTTAR PRADESH": {"global_perc": 0.00016858036600670575, "local_perc": 0.1935483870967742}, "UTTARAKHAND": {"global_perc": 0.0001190972428988269, "local_perc": 0.021505376344086023}, "West Bengal": {"global_perc": 0.000348102839524591, "local_perc": 0.15053763440860216}}, "partition_field": "Stat_Nam", "Vil_Nam": "Mahan Pora", "Stat_Nam": "JAMMU & KASHMIR"}, {"data": [["Hos_Allop_Doc_In_Pos_Num", 5.0], ["Hos_Allop_Num", 1.0], 5.0], "data_low": {"Stat_Nam": "JAMMU & KASHMIR", "Vil_Nam": "Billawar", "Hos_Allop_Num": "1", "Hos_Allop_Doc_In_Pos_Num": "5", "id": 1675}, "data_high": {"Stat_Nam": "JAMMU & KASHMIR", "Vil_Nam": "Billawar", "Hos_Allop_Num": "1", "Hos_Allop_Doc_In_Pos_Num": "5", "id": 1675}, "perc": 0.005941627524188044, "metric": 99.99405437191339, "value_global_local": {"HARYANA": {"global_perc": 0.000146177459435755, "local_perc": 0.02702702702702703}, "HIMACHAL PRADESH": {"global_perc": 9.666505558240696e-05, "local_perc": 0.05405405405405406}, "JAMMU & KASHMIR": {"global_perc": 0.00015260186174271325, "local_perc": 0.02702702702702703}, "JHARKHAND": {"global_perc": 0.0001234796567265543, "local_perc": 0.10810810810810811}, "KERALA": {"global_perc": 0.0009823182711198428, "local_perc": 0.02702702702702703}, "MADHYA PRADESH": {"global_perc": 1.821394095040344e-05, "local_perc": 0.02702702702702703}, "Punjab": {"global_perc": 0.00015896987520864795, "local_perc": 0.05405405405405406}, "TRIPURA": {"global_perc": 0.0034285714285714284, "local_perc": 0.08108108108108109}, "Tamil Nadu": {"global_perc": 0.00018774641717253895, "local_perc": 0.08108108108108109}, "UTTAR PRADESH": {"global_perc": 0.00011238691067113716, "local_perc": 0.32432432432432434}, "UTTARAKHAND": {"global_perc": 5.954862144941345e-05, "local_perc": 0.02702702702702703}, "West Bengal": {"global_perc": 0.0001491869312248247, "local_perc": 0.16216216216216217}}, "partition_field": "Stat_Nam", "Vil_Nam": "Billawar", "Stat_Nam": "JAMMU & KASHMIR"}, {"data": [["Hos_Allop_Doc_In_Pos_Num", 6.0], ["Hos_Allop_Num", 1.0], 6.0], "data_low": {"Stat_Nam": "JAMMU & KASHMIR", "Vil_Nam": "Shamsi Pora", "Hos_Allop_Num": "1", "Hos_Allop_Doc_In_Pos_Num": "6", "id": 3662}, "data_high": {"Stat_Nam": "JAMMU & KASHMIR", "Vil_Nam": "Shamsi Pora", "Hos_Allop_Num": "1", "Hos_Allop_Doc_In_Pos_Num": "6", "id": 3662}, "perc": 0.010437994299249267, "metric": 99.98955700522261, "value_global_local": {"JAMMU & KASHMIR": {"global_perc": 0.0003052037234854265, "local_perc": 0.03076923076923077}, "JHARKHAND": {"global_perc": 6.173982836327716e-05, "local_perc": 0.03076923076923077}, "KERALA": {"global_perc": 0.0029469548133595285, "local_perc": 0.046153846153846156}, "MADHYA PRADESH": {"global_perc": 1.821394095040344e-05, "local_perc": 0.015384615384615385}, "ODISHA": {"global_perc": 0.0006431118819792256, "local_perc": 0.5076923076923077}, "RAJASTHAN": {"global_perc": 4.477077363896848e-05, "local_perc": 0.03076923076923077}, "TRIPURA": {"global_perc": 0.0034285714285714284, "local_perc": 0.046153846153846156}, "UTTAR PRADESH": {"global_perc": 0.00010302133478187574, "local_perc": 0.16923076923076924}, "West Bengal": {"global_perc": 0.00019891590829976627, "local_perc": 0.12307692307692308}}, "partition_field": "Stat_Nam", "Vil_Nam": "Shamsi Pora", "Stat_Nam": "JAMMU & KASHMIR"}, {"data": [["Hos_Allop_Doc_In_Pos_Num", 7.0], ["Hos_Allop_Num", 1.0], 7.0], "data_low": {"Stat_Nam": "Punjab", "Vil_Nam": "Shankar (21)", "Hos_Allop_Num": "1", "Hos_Allop_Doc_In_Pos_Num": "7", "id": 29788}, "data_high": {"Stat_Nam": "Punjab", "Vil_Nam": "Shankar (21)", "Hos_Allop_Num": "1", "Hos_Allop_Doc_In_Pos_Num": "7", "id": 29788}, "perc": 0.010759163354610784, "metric": 99.98923483609089, "value_global_local": {"KERALA": {"global_perc": 0.0009823182711198428, "local_perc": 0.014925373134328358}, "ODISHA": {"global_perc": 0.0011692943308713193, "local_perc": 0.8955223880597015}, "Punjab": {"global_perc": 7.948493760432397e-05, "local_perc": 0.014925373134328358}, "TRIPURA": {"global_perc": 0.001142857142857143, "local_perc": 0.014925373134328358}, "UTTAR PRADESH": {"global_perc": 1.8731151778522863e-05, "local_perc": 0.029850746268656716}, "West Bengal": {"global_perc": 4.972897707494157e-05, "local_perc": 0.029850746268656716}}, "partition_field": "Stat_Nam", "Vil_Nam": "Shankar (21)", "Stat_Nam": "Punjab"}, {"data": [["Hos_Allop_Doc_In_Pos_Num", 8.0], ["Hos_Allop_Num", 1.0], 8.0], "data_low": {"Stat_Nam": "HIMACHAL PRADESH", "Vil_Nam": "Baijnath  (870)", "Hos_Allop_Num": "1", "Hos_Allop_Doc_In_Pos_Num": "8", "id": 11923}, "data_high": {"Stat_Nam": "HIMACHAL PRADESH", "Vil_Nam": "Baijnath  (870)", "Hos_Allop_Num": "1", "Hos_Allop_Doc_In_Pos_Num": "8", "id": 11923}, "perc": 0.004496366775061223, "metric": 99.99549663213953, "value_global_local": {"HIMACHAL PRADESH": {"global_perc": 9.666505558240696e-05, "local_perc": 0.07142857142857142}, "KERALA": {"global_perc": 0.0009823182711198428, "local_perc": 0.03571428571428571}, "ODISHA": {"global_perc": 0.00027283534386997446, "local_perc": 0.5}, "UTTAR PRADESH": {"global_perc": 1.8731151778522863e-05, "local_perc": 0.07142857142857142}, "West Bengal": {"global_perc": 0.00022378039683723706, "local_perc": 0.32142857142857145}}, "partition_field": "Stat_Nam", "Vil_Nam": "Baijnath  (870)", "Stat_Nam": "HIMACHAL PRADESH"}, {"data": [["Hos_Allop_Doc_In_Pos_Num", 9.0], ["Hos_Allop_Num", 1.0], 9.0], "data_low": {"Stat_Nam": "ODISHA", "Vil_Nam": "Gadapur", "Hos_Allop_Num": "1", "Hos_Allop_Doc_In_Pos_Num": "9", "id": 414913}, "data_high": {"Stat_Nam": "ODISHA", "Vil_Nam": "Gadapur", "Hos_Allop_Num": "1", "Hos_Allop_Doc_In_Pos_Num": "9", "id": 414913}, "perc": 0.0003211690553615159, "metric": 99.99967082937009, "value_global_local": {}, "partition_field": null, "Vil_Nam": "Gadapur", "Stat_Nam": "ODISHA"}, {"data": [["Hos_Allop_Doc_In_Pos_Num", 20.0], ["Hos_Allop_Num", 2.0], 10.0], "data_low": {"Stat_Nam": "UTTAR PRADESH", "Vil_Nam": "Dadra", "Hos_Allop_Num": "1", "Hos_Allop_Doc_In_Pos_Num": "10", "id": 163980}, "data_high": {"Stat_Nam": "UTTAR PRADESH", "Vil_Nam": "Kuiyan", "Hos_Allop_Num": "2", "Hos_Allop_Doc_In_Pos_Num": "20", "id": 150883}, "perc": 0.0016058452768075795, "metric": 99.99838515306747, "value_global_local": {}, "partition_field": null, "Vil_Nam": "Kuiyan", "Stat_Nam": "UTTAR PRADESH"}, {"data": [["Hos_Allop_Doc_In_Pos_Num", 12.0], ["Hos_Allop_Num", 1.0], 12.0], "data_low": {"Stat_Nam": "Punjab", "Vil_Nam": "Mehatpur (47)", "Hos_Allop_Num": "1", "Hos_Allop_Doc_In_Pos_Num": "12", "id": 29835}, "data_high": {"Stat_Nam": "Punjab", "Vil_Nam": "Mehatpur (47)", "Hos_Allop_Num": "1", "Hos_Allop_Doc_In_Pos_Num": "12", "id": 29835}, "perc": 0.0006423381107230318, "metric": 99.99934665975962, "value_global_local": {}, "partition_field": null, "Vil_Nam": "Mehatpur (47)", "Stat_Nam": "Punjab"}, {"data": [["Hos_Allop_Doc_In_Pos_Num", 14.0], ["Hos_Allop_Num", 1.0], 14.0], "data_low": {"Stat_Nam": "West Bengal", "Vil_Nam": "Tehatta", "Hos_Allop_Num": "1", "Hos_Allop_Doc_In_Pos_Num": "14", "id": 319714}, "data_high": {"Stat_Nam": "West Bengal", "Vil_Nam": "Tehatta", "Hos_Allop_Num": "1", "Hos_Allop_Doc_In_Pos_Num": "14", "id": 319714}, "perc": 0.00016058452768075794, "metric": 99.99982641289282, "value_global_local": {}, "partition_field": null, "Vil_Nam": "Tehatta", "Stat_Nam": "West Bengal"}, {"data": [["Hos_Allop_Doc_In_Pos_Num", 15.0], ["Hos_Allop_Num", 1.0], 15.0], "data_low": {"Stat_Nam": "UTTAR PRADESH", "Vil_Nam": "Raniyddeeh", "Hos_Allop_Num": "1", "Hos_Allop_Doc_In_Pos_Num": "15", "id": 185802}, "data_high": {"Stat_Nam": "UTTAR PRADESH", "Vil_Nam": "Raniyddeeh", "Hos_Allop_Num": "1", "Hos_Allop_Doc_In_Pos_Num": "15", "id": 185802}, "perc": 0.0003211690553615159, "metric": 99.99966482818918, "value_global_local": {}, "partition_field": null, "Vil_Nam": "Raniyddeeh", "Stat_Nam": "UTTAR PRADESH"}, {"data": [["Hos_Allop_Doc_In_Pos_Num", 17.0], ["Hos_Allop_Num", 1.0], 17.0], "data_low": {"Stat_Nam": "UTTAR PRADESH", "Vil_Nam": "Jalaluddin Nagar Uparhar", "Hos_Allop_Num": "1", "Hos_Allop_Doc_In_Pos_Num": "17", "id": 165552}, "data_high": {"Stat_Nam": "UTTAR PRADESH", "Vil_Nam": "Jalaluddin Nagar Uparhar", "Hos_Allop_Num": "1", "Hos_Allop_Doc_In_Pos_Num": "17", "id": 165552}, "perc": 0.00016058452768075794, "metric": 99.99982341229754, "value_global_local": {}, "partition_field": null, "Vil_Nam": "Jalaluddin Nagar Uparhar", "Stat_Nam": "UTTAR PRADESH"}, {"data": [["Hos_Allop_Doc_In_Pos_Num", 18.0], ["Hos_Allop_Num", 1.0], 18.0], "data_low": {"Stat_Nam": "UTTAR PRADESH", "Vil_Nam": "Ramnagar Sikari", "Hos_Allop_Num": "1", "Hos_Allop_Doc_In_Pos_Num": "18", "id": 210648}, "data_high": {"Stat_Nam": "UTTAR PRADESH", "Vil_Nam": "Ramnagar Sikari", "Hos_Allop_Num": "1", "Hos_Allop_Doc_In_Pos_Num": "18", "id": 210648}, "perc": 0.00016058452768075794, "metric": 99.99982241209912, "value_global_local": {}, "partition_field": null, "Vil_Nam": "Ramnagar Sikari", "Stat_Nam": "UTTAR PRADESH"}, {"data": [["Hos_Allop_Doc_In_Pos_Num", 19.0], ["Hos_Allop_Num", 1.0], 19.0], "data_low": {"Stat_Nam": "UTTAR PRADESH", "Vil_Nam": "Saddar Pur", "Hos_Allop_Num": "1", "Hos_Allop_Doc_In_Pos_Num": "19", "id": 166309}, "data_high": {"Stat_Nam": "UTTAR PRADESH", "Vil_Nam": "Saddar Pur", "Hos_Allop_Num": "1", "Hos_Allop_Doc_In_Pos_Num": "19", "id": 166309}, "perc": 0.00016058452768075794, "metric": 99.99982141190068, "value_global_local": {}, "partition_field": null, "Vil_Nam": "Saddar Pur", "Stat_Nam": "UTTAR PRADESH"}, {"data": [["Hos_Allop_Doc_In_Pos_Num", 27.0], ["Hos_Allop_Num", 1.0], 27.0], "data_low": {"Stat_Nam": "KERALA", "Vil_Nam": "Mananthavady", "Hos_Allop_Num": "1", "Hos_Allop_Doc_In_Pos_Num": "27", "id": 605235}, "data_high": {"Stat_Nam": "KERALA", "Vil_Nam": "Mananthavady", "Hos_Allop_Num": "1", "Hos_Allop_Doc_In_Pos_Num": "27", "id": 605235}, "perc": 0.00016058452768075794, "metric": 99.99981341031331, "value_global_local": {}, "partition_field": null, "Vil_Nam": "Mananthavady", "Stat_Nam": "KERALA"}, {"data": [["Hos_Allop_Doc_In_Pos_Num", 41.0], ["Hos_Allop_Num", 1.0], 41.0], "data_low": {"Stat_Nam": "HARYANA", "Vil_Nam": "Mandikhera(53)", "Hos_Allop_Num": "1", "Hos_Allop_Doc_In_Pos_Num": "41", "id": 62846}, "data_high": {"Stat_Nam": "HARYANA", "Vil_Nam": "Mandikhera(53)", "Hos_Allop_Num": "1", "Hos_Allop_Doc_In_Pos_Num": "41", "id": 62846}, "perc": 0.0003211690553615159, "metric": 99.99963882307192, "value_global_local": {}, "partition_field": null, "Vil_Nam": "Mandikhera(53)", "Stat_Nam": "HARYANA"}, {"data": [["Hos_Allop_Doc_In_Pos_Num", 225.0], ["Hos_Allop_Num", 1.0], 225.0], "data_low": {"Stat_Nam": "HARYANA", "Vil_Nam": "Khanpur Kalan (56)", "Hos_Allop_Num": "1", "Hos_Allop_Doc_In_Pos_Num": "225", "id": 59329}, "data_high": {"Stat_Nam": "HARYANA", "Vil_Nam": "Khanpur Kalan (56)", "Hos_Allop_Num": "1", "Hos_Allop_Doc_In_Pos_Num": "225", "id": 59329}, "perc": 0.00016058452768075794, "metric": 99.99961537102539, "value_global_local": {}, "partition_field": null, "Vil_Nam": "Khanpur Kalan (56)", "Stat_Nam": "HARYANA"}, {"data": [["Hos_Allop_Doc_In_Pos_Num", 227.0], ["Hos_Allop_Num", 1.0], 227.0], "data_low": {"Stat_Nam": "KERALA", "Vil_Nam": "Velappaya", "Hos_Allop_Num": "1", "Hos_Allop_Doc_In_Pos_Num": "227", "id": 605594}, "data_high": {"Stat_Nam": "KERALA", "Vil_Nam": "Velappaya", "Hos_Allop_Num": "1", "Hos_Allop_Doc_In_Pos_Num": "227", "id": 605594}, "perc": 0.00016058452768075794, "metric": 99.99961337062852, "value_global_local": {}, "partition_field": null, "Vil_Nam": "Velappaya", "Stat_Nam": "KERALA"}, {"data": [["Hos_Allop_Doc_In_Pos_Num", 1.0], ["Hos_Allop_Num", 0.0], 9999], "data_low": {"Stat_Nam": "UTTAR PRADESH", "Vil_Nam": "Mundha Pande", "Hos_Allop_Num": "0", "Hos_Allop_Doc_In_Pos_Num": "1", "id": 114617}, "data_high": {"Stat_Nam": "UTTAR PRADESH", "Vil_Nam": "Firojpur", "Hos_Allop_Num": "0", "Hos_Allop_Doc_In_Pos_Num": "5", "id": 161861}, "perc": 0.0006423381107230318, "metric": 99.9893577262231, "value_global_local": {}, "partition_field": null, "Vil_Nam": "Mundha Pande", "Stat_Nam": "UTTAR PRADESH"}, {"data": [["Hos_Allop_Doc_In_Pos_Num", 0], ["Hos_Allop_Num", 0], 99980001], "data_low": {"Stat_Nam": "JAMMU & KASHMIR", "Vil_Nam": "Bore", "Hos_Allop_Num": "", "Hos_Allop_Doc_In_Pos_Num": "", "id": 0}, "data_high": {"Stat_Nam": "JAMMU & KASHMIR", "Vil_Nam": "Palmar", "Hos_Allop_Num": "HAll_Num", "Hos_Allop_Doc_In_Pos_Num": "HAll_pos", "id": 4582}, "perc": 99.14279979124011, "metric": 9.916263132587898e-07, "value_global_local": {"null": {"global_perc": 0.9914279979124011, "local_perc": 1.0}}, "partition_field": "Dist_Other", "Vil_Nam": "Bore", "Stat_Nam": "JAMMU & KASHMIR"}]