[{"data": [["Mob_Heal_Clin_Doc_In_Pos_Num", 0], ["Mob_Heal_Clin_Doc_Tot_Stren_Num", 2.0], 0.0], "data_low": {"Stat_Nam": "HIMACHAL PRADESH", "Vil_Nam": "Tali Bhujal (12)", "Mob_Heal_Clin_Doc_Tot_Stren_Num": "2", "Mob_Heal_Clin_Doc_In_Pos_Num": "", "id": 22383}, "data_high": {"Stat_Nam": "UTTAR PRADESH", "Vil_Nam": "Tanda", "Mob_Heal_Clin_Doc_Tot_Stren_Num": "11", "Mob_Heal_Clin_Doc_In_Pos_Num": "1", "id": 182589}, "perc": 0.07483238989923321, "metric": 99.92516860955233, "value_global_local": {"CHHATTISGARH": {"global_perc": 0.0006956176090629037, "local_perc": 0.030042918454935622}, "HIMACHAL PRADESH": {"global_perc": 4.833252779120348e-05, "local_perc": 0.002145922746781116}, "JHARKHAND": {"global_perc": 0.0003704389701796629, "local_perc": 0.02575107296137339}, "MADHYA PRADESH": {"global_perc": 0.0009653388703713822, "local_perc": 0.11373390557939914}, "MIZORAM": {"global_perc": 0.0012048192771084338, "local_perc": 0.002145922746781116}, "UTTAR PRADESH": {"global_perc": 0.0033809728960233765, "local_perc": 0.7746781115879828}, "West Bengal": {"global_perc": 0.0005967477248992988, "local_perc": 0.05150214592274678}}, "partition_field": "Stat_Nam", "Vil_Nam": "Tali Bhujal (12)", "Stat_Nam": "HIMACHAL PRADESH"}, {"data": [["Mob_Heal_Clin_Doc_In_Pos_Num", 1.0], ["Mob_Heal_Clin_Doc_Tot_Stren_Num", 4.0], 0.25], "data_low": {"Stat_Nam": "JHARKHAND", "Vil_Nam": "Ketat Kalan", "Mob_Heal_Clin_Doc_Tot_Stren_Num": "4", "Mob_Heal_Clin_Doc_In_Pos_Num": "1", "id": 363611}, "data_high": {"Stat_Nam": "JHARKHAND", "Vil_Nam": "Bhusko", "Mob_Heal_Clin_Doc_Tot_Stren_Num": "6", "Mob_Heal_Clin_Doc_In_Pos_Num": "2", "id": 358287}, "perc": 0.002087598859849853, "metric": 99.99791315127453, "value_global_local": {}, "partition_field": null, "Vil_Nam": "Ketat Kalan", "Stat_Nam": "JHARKHAND"}, {"data": [["Mob_Heal_Clin_Doc_In_Pos_Num", 1.0], ["Mob_Heal_Clin_Doc_Tot_Stren_Num", 2.0], 0.5], "data_low": {"Stat_Nam": "HIMACHAL PRADESH", "Vil_Nam": "Paliur  (233)", "Mob_Heal_Clin_Doc_Tot_Stren_Num": "2", "Mob_Heal_Clin_Doc_In_Pos_Num": "1", "id": 7877}, "data_high": {"Stat_Nam": "UTTAR PRADESH", "Vil_Nam": "Kotawa", "Mob_Heal_Clin_Doc_Tot_Stren_Num": "5", "Mob_Heal_Clin_Doc_In_Pos_Num": "3", "id": 199054}, "perc": 0.025854108956602034, "metric": 99.9741463910141, "value_global_local": {"CHHATTISGARH": {"global_perc": 4.9686972075921695e-05, "local_perc": 0.006211180124223602}, "HIMACHAL PRADESH": {"global_perc": 4.833252779120348e-05, "local_perc": 0.006211180124223602}, "JHARKHAND": {"global_perc": 0.0003395690559980243, "local_perc": 0.06832298136645963}, "MADHYA PRADESH": {"global_perc": 0.000455348523760086, "local_perc": 0.15527950310559005}, "ODISHA": {"global_perc": 7.795295539142128e-05, "local_perc": 0.024844720496894408}, "Punjab": {"global_perc": 0.0008743343136475638, "local_perc": 0.06832298136645963}, "RAJASTHAN": {"global_perc": 0.0015669770773638968, "local_perc": 0.43478260869565216}, "TRIPURA": {"global_perc": 0.0034285714285714284, "local_perc": 0.018633540372670808}, "UTTAR PRADESH": {"global_perc": 0.0001217524865603986, "local_perc": 0.08074534161490683}, "UTTARAKHAND": {"global_perc": 0.001071875186089442, "local_perc": 0.11180124223602485}, "West Bengal": {"global_perc": 9.945795414988313e-05, "local_perc": 0.024844720496894408}}, "partition_field": "Stat_Nam", "Vil_Nam": "Paliur  (233)", "Stat_Nam": "HIMACHAL PRADESH"}, {"data": [["Mob_Heal_Clin_Doc_In_Pos_Num", 2.0], ["Mob_Heal_Clin_Doc_Tot_Stren_Num", 3.0], 0.6666666666666666], "data_low": {"Stat_Nam": "Punjab", "Vil_Nam": "Dugri Raj Putan (237)", "Mob_Heal_Clin_Doc_Tot_Stren_Num": "3", "Mob_Heal_Clin_Doc_In_Pos_Num": "2", "id": 30924}, "data_high": {"Stat_Nam": "UTTAR PRADESH", "Vil_Nam": "Kathra", "Mob_Heal_Clin_Doc_Tot_Stren_Num": "8", "Mob_Heal_Clin_Doc_In_Pos_Num": "6", "id": 179591}, "perc": 0.0014452607491268216, "metric": 99.99855507264606, "value_global_local": {}, "partition_field": null, "Vil_Nam": "Dugri Raj Putan (237)", "Stat_Nam": "Punjab"}, {"data": [["Mob_Heal_Clin_Doc_In_Pos_Num", 4.0], ["Mob_Heal_Clin_Doc_Tot_Stren_Num", 5.0], 0.8], "data_low": {"Stat_Nam": "UTTAR PRADESH", "Vil_Nam": "Manimau", "Mob_Heal_Clin_Doc_Tot_Stren_Num": "5", "Mob_Heal_Clin_Doc_In_Pos_Num": "4", "id": 146332}, "data_high": {"Stat_Nam": "UTTAR PRADESH", "Vil_Nam": "Manimau", "Mob_Heal_Clin_Doc_Tot_Stren_Num": "5", "Mob_Heal_Clin_Doc_In_Pos_Num": "4", "id": 146332}, "perc": 0.0004817535830422739, "metric": 99.999518446456, "value_global_local": {}, "partition_field": null, "Vil_Nam": "Manimau", "Stat_Nam": "UTTAR PRADESH"}, {"data": [["Mob_Heal_Clin_Doc_In_Pos_Num", 1.0], ["Mob_Heal_Clin_Doc_Tot_Stren_Num", 1.0], 1.0], "data_low": {"Stat_Nam": "JAMMU & KASHMIR", "Vil_Nam": "Maidan Pora", "Mob_Heal_Clin_Doc_Tot_Stren_Num": "1", "Mob_Heal_Clin_Doc_In_Pos_Num": "1", "id": 20}, "data_high": {"Stat_Nam": "Punjab", "Vil_Nam": "Saron (27)", "Mob_Heal_Clin_Doc_Tot_Stren_Num": "7", "Mob_Heal_Clin_Doc_In_Pos_Num": "7", "id": 39491}, "perc": 0.6762214460636717, "metric": 99.32377855393632, "value_global_local": {"ANDHRA PRADESH": {"global_perc": 0.0010071942446043165, "local_perc": 0.006649251959154595}, "ASSAM": {"global_perc": 0.005493464671339269, "local_perc": 0.03443362621705058}, "Arunachal Pradesh": {"global_perc": 0.0007156915369475756, "local_perc": 0.000949893137022085}, "CHANDIGARH": {"global_perc": 1.0, "local_perc": 0.0011873664212776064}, "CHHATTISGARH": {"global_perc": 0.0020371658551127892, "local_perc": 0.009736404654476371}, "HIMACHAL PRADESH": {"global_perc": 0.0002416626389560174, "local_perc": 0.0011873664212776064}, "JAMMU & KASHMIR": {"global_perc": 0.005341065160994964, "local_perc": 0.008311564948943244}, "JHARKHAND": {"global_perc": 0.009044884855220103, "local_perc": 0.06957967228686773}, "KARNATAKA": {"global_perc": 0.0030334014996591684, "local_perc": 0.021135122298741392}, "KERALA": {"global_perc": 0.0412573673870334, "local_perc": 0.009973877938731893}, "MADHYA PRADESH": {"global_perc": 0.021164599384368796, "local_perc": 0.2759439563049157}, "MIZORAM": {"global_perc": 0.0024096385542168677, "local_perc": 0.0004749465685110425}, "Maharashtra": {"global_perc": 0.028718653383716937, "local_perc": 0.29779149845642366}, "NAGALAND": {"global_perc": 0.0007002801120448179, "local_perc": 0.00023747328425552126}, "NCT OF DELHI": {"global_perc": 0.044642857142857144, "local_perc": 0.0011873664212776064}, "ODISHA": {"global_perc": 3.897647769571064e-05, "local_perc": 0.0004749465685110425}, "Punjab": {"global_perc": 0.0503934504411414, "local_perc": 0.15055806221800047}, "RAJASTHAN": {"global_perc": 0.00029101002865329514, "local_perc": 0.0030871526953217764}, "TRIPURA": {"global_perc": 0.009142857142857144, "local_perc": 0.00189978627404417}, "UTTAR PRADESH": {"global_perc": 0.0023975874276509265, "local_perc": 0.06079316076941344}, "UTTARAKHAND": {"global_perc": 0.0055380217947954506, "local_perc": 0.022085015435763477}, "West Bengal": {"global_perc": 0.0023372619225222537, "local_perc": 0.022322488720018997}}, "partition_field": "Stat_Nam", "Vil_Nam": "Maidan Pora", "Stat_Nam": "JAMMU & KASHMIR"}, {"data": [["Mob_Heal_Clin_Doc_In_Pos_Num", 4.0], ["Mob_Heal_Clin_Doc_Tot_Stren_Num", 3.0], 1.3333333333333333], "data_low": {"Stat_Nam": "TRIPURA", "Vil_Nam": "Purba Debendranagar (Part)", "Mob_Heal_Clin_Doc_Tot_Stren_Num": "3", "Mob_Heal_Clin_Doc_In_Pos_Num": "4", "id": 270932}, "data_high": {"Stat_Nam": "TRIPURA", "Vil_Nam": "Purba Debendranagar (Part)", "Mob_Heal_Clin_Doc_Tot_Stren_Num": "3", "Mob_Heal_Clin_Doc_In_Pos_Num": "4", "id": 270932}, "perc": 0.0003211690553615159, "metric": 99.9996784975457, "value_global_local": {}, "partition_field": null, "Vil_Nam": "Purba Debendranagar (Part)", "Stat_Nam": "TRIPURA"}, {"data": [["Mob_Heal_Clin_Doc_In_Pos_Num", 2.0], ["Mob_Heal_Clin_Doc_Tot_Stren_Num", 1.0], 2.0], "data_low": {"Stat_Nam": "Punjab", "Vil_Nam": "masanian (51)", "Mob_Heal_Clin_Doc_Tot_Stren_Num": "1", "Mob_Heal_Clin_Doc_In_Pos_Num": "2", "id": 30134}, "data_high": {"Stat_Nam": "Punjab", "Vil_Nam": "masanian (51)", "Mob_Heal_Clin_Doc_Tot_Stren_Num": "1", "Mob_Heal_Clin_Doc_In_Pos_Num": "2", "id": 30134}, "perc": 0.0027299369705728856, "metric": 99.9972690628567, "value_global_local": {}, "partition_field": null, "Vil_Nam": "masanian (51)", "Stat_Nam": "Punjab"}, {"data": [["Mob_Heal_Clin_Doc_In_Pos_Num", 3.0], ["Mob_Heal_Clin_Doc_Tot_Stren_Num", 1.0], 3.0], "data_low": {"Stat_Nam": "UTTAR PRADESH", "Vil_Nam": "Bani", "Mob_Heal_Clin_Doc_Tot_Stren_Num": "1", "Mob_Heal_Clin_Doc_In_Pos_Num": "3", "id": 144603}, "data_high": {"Stat_Nam": "UTTAR PRADESH", "Vil_Nam": "Bani", "Mob_Heal_Clin_Doc_Tot_Stren_Num": "1", "Mob_Heal_Clin_Doc_In_Pos_Num": "3", "id": 144603}, "perc": 0.00016058452768075794, "metric": 99.99983741507548, "value_global_local": {}, "partition_field": null, "Vil_Nam": "Bani", "Stat_Nam": "UTTAR PRADESH"}, {"data": [["Mob_Heal_Clin_Doc_In_Pos_Num", 4.0], ["Mob_Heal_Clin_Doc_Tot_Stren_Num", 1.0], 4.0], "data_low": {"Stat_Nam": "MADHYA PRADESH", "Vil_Nam": "Van", "Mob_Heal_Clin_Doc_Tot_Stren_Num": "1", "Mob_Heal_Clin_Doc_In_Pos_Num": "4", "id": 475660}, "data_high": {"Stat_Nam": "MADHYA PRADESH", "Vil_Nam": "Van", "Mob_Heal_Clin_Doc_Tot_Stren_Num": "1", "Mob_Heal_Clin_Doc_In_Pos_Num": "4", "id": 475660}, "perc": 0.00016058452768075794, "metric": 99.99983641487705, "value_global_local": {}, "partition_field": null, "Vil_Nam": "Van", "Stat_Nam": "MADHYA PRADESH"}, {"data": [["Mob_Heal_Clin_Doc_In_Pos_Num", 8.0], ["Mob_Heal_Clin_Doc_Tot_Stren_Num", 1.0], 8.0], "data_low": {"Stat_Nam": "UTTAR PRADESH", "Vil_Nam": "Baghnath", "Mob_Heal_Clin_Doc_Tot_Stren_Num": "1", "Mob_Heal_Clin_Doc_In_Pos_Num": "8", "id": 188179}, "data_high": {"Stat_Nam": "UTTAR PRADESH", "Vil_Nam": "Baghnath", "Mob_Heal_Clin_Doc_Tot_Stren_Num": "1", "Mob_Heal_Clin_Doc_In_Pos_Num": "8", "id": 188179}, "perc": 0.00016058452768075794, "metric": 99.99983241408336, "value_global_local": {}, "partition_field": null, "Vil_Nam": "Baghnath", "Stat_Nam": "UTTAR PRADESH"}, {"data": [["Mob_Heal_Clin_Doc_In_Pos_Num", 1.0], ["Mob_Heal_Clin_Doc_Tot_Stren_Num", 0], 9999], "data_low": {"Stat_Nam": "HIMACHAL PRADESH", "Vil_Nam": "Charog (54)", "Mob_Heal_Clin_Doc_Tot_Stren_Num": "", "Mob_Heal_Clin_Doc_In_Pos_Num": "1", "id": 20353}, "data_high": {"Stat_Nam": "West Bengal", "Vil_Nam": "Phutigoda", "Mob_Heal_Clin_Doc_Tot_Stren_Num": "0", "Mob_Heal_Clin_Doc_In_Pos_Num": "4", "id": 332956}, "perc": 0.0019270143321690955, "metric": 99.98807317846928, "value_global_local": {}, "partition_field": null, "Vil_Nam": "Charog (54)", "Stat_Nam": "HIMACHAL PRADESH"}, {"data": [["Mob_Heal_Clin_Doc_In_Pos_Num", 0], ["Mob_Heal_Clin_Doc_Tot_Stren_Num", 0], 99980001], "data_low": {"Stat_Nam": "JAMMU & KASHMIR", "Vil_Nam": "Bore", "Mob_Heal_Clin_Doc_Tot_Stren_Num": "", "Mob_Heal_Clin_Doc_In_Pos_Num": "", "id": 0}, "data_high": {"Stat_Nam": "JAMMU & KASHMIR", "Vil_Nam": "Palmar", "Mob_Heal_Clin_Doc_Tot_Stren_Num": "Mob_st", "Mob_Heal_Clin_Doc_In_Pos_Num": "Mob_pos", "id": 4582}, "perc": 99.21361756794734, "metric": 9.923346326826635e-07, "value_global_local": {"": {"global_perc": 1.0, "local_perc": 3.237146908200988e-06}, "ANDAMAN & NICOBAR ISLANDS": {"global_perc": 1.0, "local_perc": 0.0008983082670257741}, "ANDHRA PRADESH": {"global_perc": 0.9989928057553957, "local_perc": 0.04495102196727892}, "ASSAM": {"global_perc": 0.9945065353286607, "local_perc": 0.04248755317013797}, "Arunachal Pradesh": {"global_perc": 0.9991053855788156, "local_perc": 0.009038114167697158}, "BIHAR": {"global_perc": 1.0, "local_perc": 0.07263186517930557}, "CHHATTISGARH": {"global_perc": 0.9970187816754447, "local_perc": 0.032478294929980514}, "DAMAN & DIU": {"global_perc": 1.0, "local_perc": 3.075289562790939e-05}, "Dadra & Nagar Haveli": {"global_perc": 1.0, "local_perc": 0.0001052072745165321}, "GOA": {"global_perc": 1.0, "local_perc": 0.000540603533669565}, "HARYANA": {"global_perc": 1.0, "local_perc": 0.01107266099950148}, "HIMACHAL PRADESH": {"global_perc": 0.9996133397776704, "local_perc": 0.03347533617770641}, "JAMMU & KASHMIR": {"global_perc": 0.994658934839005, "local_perc": 0.01054986177382702}, "JHARKHAND": {"global_perc": 0.989998147805149, "local_perc": 0.05190765067300284}, "KARNATAKA": {"global_perc": 0.9969665985003409, "local_perc": 0.04734489210589355}, "KERALA": {"global_perc": 0.9587426326129665, "local_perc": 0.001579727691202082}, "LAKSHADWEEP": {"global_perc": 1.0, "local_perc": 3.3990042536110374e-05}, "MADHYA PRADESH": {"global_perc": 0.9772143598710453, "local_perc": 0.0868397029593997}, "MANIPUR": {"global_perc": 1.0, "local_perc": 0.004177538085033375}, "MIZORAM": {"global_perc": 0.9963855421686747, "local_perc": 0.0013385602465411086}, "Maharashtra": {"global_perc": 0.9712813466162831, "local_perc": 0.06864531876185605}, "Meghalaya": {"global_perc": 1.0, "local_perc": 0.011069423852593279}, "NAGALAND": {"global_perc": 0.9992997198879552, "local_perc": 0.002309704319001405}, "NCT OF DELHI": {"global_perc": 0.9553571428571429, "local_perc": 0.00017318735958875286}, "ODISHA": {"global_perc": 0.9998830705669128, "local_perc": 0.08304414820953404}, "PUDUCHERRY": {"global_perc": 1.0, "local_perc": 0.00014567161086904447}, "Punjab": {"global_perc": 0.9484142754947937, "local_perc": 0.019312818454327096}, "RAJASTHAN": {"global_perc": 0.9981420128939829, "local_perc": 0.07217057174488693}, "SIKKIM": {"global_perc": 1.0, "local_perc": 0.0007299766277993227}, "TRIPURA": {"global_perc": 0.9817142857142858, "local_perc": 0.0013903545970723244}, "Tamil Nadu": {"global_perc": 1.0, "local_perc": 0.025863185223071794}, "UTTAR PRADESH": {"global_perc": 0.9938842789443123, "local_perc": 0.17176463352259852}, "UTTARAKHAND": {"global_perc": 0.9933305543976657, "local_perc": 0.02699942378785034}, "West Bengal": {"global_perc": 0.9969416679098911, "local_perc": 0.06489670264215931}}, "partition_field": "Stat_Nam", "Vil_Nam": "Bore", "Stat_Nam": "JAMMU & KASHMIR"}]