[{"data": [["Mat_An_Chil_Wel_Cen_Doc_In_Pos_Num", 0], ["Mat_An_Chil_Wel_Cen_Par_Med_Staf_Tot_Stren_Num", 1.0], 0.0], "data_low": {"Stat_Nam": "JAMMU & KASHMIR", "Vil_Nam": "Solina", "Mat_An_Chil_Wel_Cen_Doc_In_Pos_Num": "", "Mat_An_Chil_Wel_Cen_Par_Med_Staf_Tot_Stren_Num": "1", "id": 73}, "data_high": {"Stat_Nam": "BIHAR", "Vil_Nam": "Hasanpur", "Mat_An_Chil_Wel_Cen_Doc_In_Pos_Num": "2", "Mat_An_Chil_Wel_Cen_Par_Med_Staf_Tot_Stren_Num": "21", "id": 235814}, "perc": 1.4287205427757035, "metric": 98.57128044313427, "value_global_local": {"ANDAMAN & NICOBAR ISLANDS": {"global_perc": 0.010810810810810811, "local_perc": 0.0006743846240305721}, "ASSAM": {"global_perc": 0.00011365788975184695, "local_perc": 0.00033719231201528605}, "BIHAR": {"global_perc": 0.05869768685653162, "local_perc": 0.29605484994942116}, "CHHATTISGARH": {"global_perc": 0.027675643446288384, "local_perc": 0.06260537259750477}, "Dadra & Nagar Haveli": {"global_perc": 0.015384615384615385, "local_perc": 0.00011239743733842868}, "GOA": {"global_perc": 0.0029940119760479044, "local_perc": 0.00011239743733842868}, "HIMACHAL PRADESH": {"global_perc": 0.00014499758337361044, "local_perc": 0.00033719231201528605}, "JAMMU & KASHMIR": {"global_perc": 0.0039676484053105445, "local_perc": 0.0029223333707991458}, "JHARKHAND": {"global_perc": 0.007377909489411619, "local_perc": 0.026862987523884455}, "KARNATAKA": {"global_perc": 0.0005112474437627812, "local_perc": 0.0016859615600764303}, "MADHYA PRADESH": {"global_perc": 0.000874269165619365, "local_perc": 0.005395076992244577}, "MIZORAM": {"global_perc": 0.018072289156626505, "local_perc": 0.0016859615600764303}, "NAGALAND": {"global_perc": 0.0028011204481792717, "local_perc": 0.00044958974935371473}, "PUDUCHERRY": {"global_perc": 0.4444444444444444, "local_perc": 0.004495897493537147}, "RAJASTHAN": {"global_perc": 0.006872313753581662, "local_perc": 0.03450601326289761}, "SIKKIM": {"global_perc": 0.09312638580931264, "local_perc": 0.004720692368214005}, "TRIPURA": {"global_perc": 0.018285714285714287, "local_perc": 0.001798358997414859}, "UTTAR PRADESH": {"global_perc": 0.035963811414763895, "local_perc": 0.43160615937956615}, "UTTARAKHAND": {"global_perc": 0.013398439826118025, "local_perc": 0.025289423401146455}, "West Bengal": {"global_perc": 0.021756427470286936, "local_perc": 0.0983477576711251}}, "partition_field": "Stat_Nam", "Vil_Nam": "Solina", "Stat_Nam": "JAMMU & KASHMIR"}, {"data": [["Mat_An_Chil_Wel_Cen_Doc_In_Pos_Num", 2.0], ["Mat_An_Chil_Wel_Cen_Par_Med_Staf_Tot_Stren_Num", 19.0], 0.10526315789473684], "data_low": {"Stat_Nam": "Punjab", "Vil_Nam": "Katani Kalan (212)", "Mat_An_Chil_Wel_Cen_Doc_In_Pos_Num": "1", "Mat_An_Chil_Wel_Cen_Par_Med_Staf_Tot_Stren_Num": "9", "id": 33180}, "data_high": {"Stat_Nam": "PUDUCHERRY", "Vil_Nam": "Nedungadu", "Mat_An_Chil_Wel_Cen_Doc_In_Pos_Num": "6", "Mat_An_Chil_Wel_Cen_Par_Med_Staf_Tot_Stren_Num": "30", "id": 622157}, "perc": 0.12943112931069092, "metric": 99.87056976444681, "value_global_local": {"ANDAMAN & NICOBAR ISLANDS": {"global_perc": 0.0018018018018018018, "local_perc": 0.0012406947890818859}, "ASSAM": {"global_perc": 0.0004167455957567721, "local_perc": 0.013647642679900745}, "Arunachal Pradesh": {"global_perc": 0.0001789228842368939, "local_perc": 0.0012406947890818859}, "BIHAR": {"global_perc": 0.00037883852564959665, "local_perc": 0.02109181141439206}, "GOA": {"global_perc": 0.0029940119760479044, "local_perc": 0.0012406947890818859}, "HARYANA": {"global_perc": 0.000146177459435755, "local_perc": 0.0012406947890818859}, "JAMMU & KASHMIR": {"global_perc": 0.0003052037234854265, "local_perc": 0.0024813895781637717}, "JHARKHAND": {"global_perc": 0.0006173982836327715, "local_perc": 0.02481389578163772}, "KARNATAKA": {"global_perc": 0.019393319700068166, "local_perc": 0.705955334987593}, "MADHYA PRADESH": {"global_perc": 0.0004917764056608929, "local_perc": 0.033498759305210915}, "ODISHA": {"global_perc": 0.00011692943308713192, "local_perc": 0.007444168734491315}, "PUDUCHERRY": {"global_perc": 0.1111111111111111, "local_perc": 0.01240694789081886}, "Punjab": {"global_perc": 0.0013512439392735077, "local_perc": 0.02109181141439206}, "RAJASTHAN": {"global_perc": 0.0007163323782234957, "local_perc": 0.03970223325062035}, "SIKKIM": {"global_perc": 0.013303769401330377, "local_perc": 0.007444168734491315}, "TRIPURA": {"global_perc": 0.002285714285714286, "local_perc": 0.0024813895781637717}, "Tamil Nadu": {"global_perc": 0.0005632392515176168, "local_perc": 0.011166253101736972}, "UTTAR PRADESH": {"global_perc": 0.0005151066739093787, "local_perc": 0.06823821339950373}, "UTTARAKHAND": {"global_perc": 0.0007145834573929614, "local_perc": 0.01488833746898263}, "West Bengal": {"global_perc": 0.0001740514197622955, "local_perc": 0.008684863523573201}}, "partition_field": "Stat_Nam", "Vil_Nam": "Nettapakkam", "Stat_Nam": "PUDUCHERRY"}, {"data": [["Mat_An_Chil_Wel_Cen_Doc_In_Pos_Num", 3.0], ["Mat_An_Chil_Wel_Cen_Par_Med_Staf_Tot_Stren_Num", 14.0], 0.21428571428571427], "data_low": {"Stat_Nam": "JAMMU & KASHMIR", "Vil_Nam": "Diskit", "Mat_An_Chil_Wel_Cen_Doc_In_Pos_Num": "1", "Mat_An_Chil_Wel_Cen_Par_Med_Staf_Tot_Stren_Num": "4", "id": 915}, "data_high": {"Stat_Nam": "PUDUCHERRY", "Vil_Nam": "Thirunallar", "Mat_An_Chil_Wel_Cen_Doc_In_Pos_Num": "7", "Mat_An_Chil_Wel_Cen_Par_Med_Staf_Tot_Stren_Num": "24", "id": 622165}, "perc": 0.09908065357902766, "metric": 99.90092013151379, "value_global_local": {"ASSAM": {"global_perc": 0.0002273157795036939, "local_perc": 0.009724473257698542}, "Arunachal Pradesh": {"global_perc": 0.0001789228842368939, "local_perc": 0.0016207455429497568}, "BIHAR": {"global_perc": 0.00022284619155858625, "local_perc": 0.01620745542949757}, "Dadra & Nagar Haveli": {"global_perc": 0.015384615384615385, "local_perc": 0.0016207455429497568}, "HARYANA": {"global_perc": 0.00029235491887151, "local_perc": 0.0032414910858995136}, "HIMACHAL PRADESH": {"global_perc": 4.833252779120348e-05, "local_perc": 0.0016207455429497568}, "JAMMU & KASHMIR": {"global_perc": 0.0007630093087135663, "local_perc": 0.008103727714748784}, "JHARKHAND": {"global_perc": 0.0005247885410878558, "local_perc": 0.027552674230145867}, "KARNATAKA": {"global_perc": 0.01087252897068848, "local_perc": 0.5170178282009724}, "MADHYA PRADESH": {"global_perc": 0.0006010600513633135, "local_perc": 0.05348460291734198}, "MIZORAM": {"global_perc": 0.0012048192771084338, "local_perc": 0.0016207455429497568}, "ODISHA": {"global_perc": 0.0005261824488920937, "local_perc": 0.04376012965964344}, "PUDUCHERRY": {"global_perc": 0.1111111111111111, "local_perc": 0.01620745542949757}, "Punjab": {"global_perc": 0.0017486686272951276, "local_perc": 0.03565640194489465}, "RAJASTHAN": {"global_perc": 0.0005148638968481375, "local_perc": 0.03727714748784441}, "TRIPURA": {"global_perc": 0.004571428571428572, "local_perc": 0.006482982171799027}, "Tamil Nadu": {"global_perc": 0.0004380749734025909, "local_perc": 0.011345218800648298}, "UTTAR PRADESH": {"global_perc": 0.0009365575889261431, "local_perc": 0.1620745542949757}, "UTTARAKHAND": {"global_perc": 0.0007145834573929614, "local_perc": 0.019448946515397084}, "West Bengal": {"global_perc": 0.00039783181659953253, "local_perc": 0.02593192868719611}}, "partition_field": "Stat_Nam", "Vil_Nam": "Vizhidiur", "Stat_Nam": "PUDUCHERRY"}, {"data": [["Mat_An_Chil_Wel_Cen_Doc_In_Pos_Num", 6.0], ["Mat_An_Chil_Wel_Cen_Par_Med_Staf_Tot_Stren_Num", 19.0], 0.3157894736842105], "data_low": {"Stat_Nam": "JAMMU & KASHMIR", "Vil_Nam": "Garand Khurd", "Mat_An_Chil_Wel_Cen_Doc_In_Pos_Num": "1", "Mat_An_Chil_Wel_Cen_Par_Med_Staf_Tot_Stren_Num": "3", "id": 646}, "data_high": {"Stat_Nam": "PUDUCHERRY", "Vil_Nam": "Mannadipet", "Mat_An_Chil_Wel_Cen_Doc_In_Pos_Num": "6", "Mat_An_Chil_Wel_Cen_Par_Med_Staf_Tot_Stren_Num": "19", "id": 622093}, "perc": 1.0780039343209282, "metric": 98.92199674264916, "value_global_local": {"": {"global_perc": 0.012816820829445666, "local_perc": 0.9944883062714137}, "BACHAHALLI": {"global_perc": 1.0, "local_perc": 0.00014896469536719798}, "BADETH MALLA": {"global_perc": 1.0, "local_perc": 0.00014896469536719798}, "BADIWALA": {"global_perc": 1.0, "local_perc": 0.00014896469536719798}, "BAHERAKHAL": {"global_perc": 0.5, "local_perc": 0.00014896469536719798}, "BHALUKAGURI": {"global_perc": 1.0, "local_perc": 0.00014896469536719798}, "BHUMAL GADI": {"global_perc": 1.0, "local_perc": 0.00014896469536719798}, "CHINDALU": {"global_perc": 1.0, "local_perc": 0.00014896469536719798}, "CHIRKUWEDA": {"global_perc": 1.0, "local_perc": 0.00014896469536719798}, "DEVIDALI": {"global_perc": 1.0, "local_perc": 0.00014896469536719798}, "DHNGULI": {"global_perc": 1.0, "local_perc": 0.00014896469536719798}, "DUIKASAI": {"global_perc": 1.0, "local_perc": 0.00014896469536719798}, "DUNGRI MALLI": {"global_perc": 0.5, "local_perc": 0.00014896469536719798}, "GHURET": {"global_perc": 1.0, "local_perc": 0.00014896469536719798}, "GOVINDAMPALAYAM": {"global_perc": 0.5, "local_perc": 0.00014896469536719798}, "GUMMIDIPOONDI": {"global_perc": 0.5, "local_perc": 0.00014896469536719798}, "KAKWARA": {"global_perc": 1.0, "local_perc": 0.00014896469536719798}, "KANDA MALLA": {"global_perc": 0.3333333333333333, "local_perc": 0.00014896469536719798}, "KHIRAIRIKHAL": {"global_perc": 0.2, "local_perc": 0.00014896469536719798}, "KOTTARAM": {"global_perc": 1.0, "local_perc": 0.00014896469536719798}, "KUKURBAGHI": {"global_perc": 0.0625, "local_perc": 0.00014896469536719798}, "KULLATHILVAI": {"global_perc": 0.3333333333333333, "local_perc": 0.00014896469536719798}, "KUMIZHI": {"global_perc": 1.0, "local_perc": 0.00014896469536719798}, "MELPAKKAM": {"global_perc": 0.5, "local_perc": 0.00014896469536719798}, "N.A.": {"global_perc": 9.471490812653911e-05, "local_perc": 0.00014896469536719798}, "NAUGAON": {"global_perc": 0.125, "local_perc": 0.00014896469536719798}, "NERIGAM": {"global_perc": 1.0, "local_perc": 0.00014896469536719798}, "PERIYAKULAM": {"global_perc": 1.0, "local_perc": 0.00014896469536719798}, "PREMNAGAR": {"global_perc": 0.25, "local_perc": 0.00014896469536719798}, "PULSIYA": {"global_perc": 1.0, "local_perc": 0.00014896469536719798}, "RINGWARI": {"global_perc": 0.3333333333333333, "local_perc": 0.00014896469536719798}, "SAWAYA RAI HITHER": {"global_perc": 1.0, "local_perc": 0.00014896469536719798}, "SERIYA DHAR": {"global_perc": 0.5, "local_perc": 0.00014896469536719798}, "SIRUVADI": {"global_perc": 1.0, "local_perc": 0.00014896469536719798}, "SUNKA": {"global_perc": 1.0, "local_perc": 0.00014896469536719798}, "THAGACHAGERE": {"global_perc": 1.0, "local_perc": 0.00014896469536719798}, "THIRUMANAVAYAL": {"global_perc": 0.5, "local_perc": 0.00014896469536719798}, "TINSUKIA": {"global_perc": 0.5, "local_perc": 0.00014896469536719798}}, "partition_field": "Near_Vil_Tow_Nam_hav_Prim_School", "Vil_Nam": "Mannadipet", "Stat_Nam": "PUDUCHERRY"}, {"data": [["Mat_An_Chil_Wel_Cen_Doc_In_Pos_Num", 5.0], ["Mat_An_Chil_Wel_Cen_Par_Med_Staf_Tot_Stren_Num", 12.0], 0.4166666666666667], "data_low": {"Stat_Nam": "JAMMU & KASHMIR", "Vil_Nam": "Gulnaz (Panzan)", "Mat_An_Chil_Wel_Cen_Doc_In_Pos_Num": "1", "Mat_An_Chil_Wel_Cen_Par_Med_Staf_Tot_Stren_Num": "2", "id": 768}, "data_high": {"Stat_Nam": "West Bengal", "Vil_Nam": "Sumuria", "Mat_An_Chil_Wel_Cen_Doc_In_Pos_Num": "7", "Mat_An_Chil_Wel_Cen_Par_Med_Staf_Tot_Stren_Num": "15", "id": 318065}, "perc": 0.6604841623509575, "metric": 99.33951641724548, "value_global_local": {"ASSAM": {"global_perc": 0.0009092631180147756, "local_perc": 0.005835156819839533}, "Arunachal Pradesh": {"global_perc": 0.0028627661477903022, "local_perc": 0.0038901045465596887}, "BIHAR": {"global_perc": 0.00973837857111022, "local_perc": 0.1062484804279115}, "CHHATTISGARH": {"global_perc": 0.0018881049388850245, "local_perc": 0.009238998298079261}, "DAMAN & DIU": {"global_perc": 0.05263157894736842, "local_perc": 0.00024313153415998054}, "GOA": {"global_perc": 0.0029940119760479044, "local_perc": 0.00024313153415998054}, "HARYANA": {"global_perc": 0.00935535740388832, "local_perc": 0.015560418186238755}, "HIMACHAL PRADESH": {"global_perc": 0.002609956500724988, "local_perc": 0.01312910284463895}, "JAMMU & KASHMIR": {"global_perc": 0.0051884632992522505, "local_perc": 0.008266472161439338}, "JHARKHAND": {"global_perc": 0.004074828671976292, "local_perc": 0.032093362509117436}, "KARNATAKA": {"global_perc": 0.013565098841172461, "local_perc": 0.09676635059567226}, "KERALA": {"global_perc": 0.6660117878192534, "local_perc": 0.1648431801604668}, "MADHYA PRADESH": {"global_perc": 0.00402528095003916, "local_perc": 0.0537320690493557}, "MANIPUR": {"global_perc": 0.0007748934521503294, "local_perc": 0.0004862630683199611}, "ODISHA": {"global_perc": 0.004092530158049617, "local_perc": 0.05105762217359591}, "PUDUCHERRY": {"global_perc": 0.022222222222222223, "local_perc": 0.0004862630683199611}, "Punjab": {"global_perc": 0.012002225578252921, "local_perc": 0.03671286165815706}, "RAJASTHAN": {"global_perc": 4.477077363896848e-05, "local_perc": 0.0004862630683199611}, "SIKKIM": {"global_perc": 0.004434589800443459, "local_perc": 0.0004862630683199611}, "TRIPURA": {"global_perc": 0.018285714285714287, "local_perc": 0.0038901045465596887}, "Tamil Nadu": {"global_perc": 0.015395206208148195, "local_perc": 0.05981035740335521}, "UTTAR PRADESH": {"global_perc": 0.01165077640624122, "local_perc": 0.3024556284950158}, "UTTARAKHAND": {"global_perc": 0.005716667659143691, "local_perc": 0.023340627279358133}, "West Bengal": {"global_perc": 0.0010940374956487145, "local_perc": 0.010697787503039144}}, "partition_field": "Stat_Nam", "Vil_Nam": "Hoyar", "Stat_Nam": "JHARKHAND"}, {"data": [["Mat_An_Chil_Wel_Cen_Doc_In_Pos_Num", 4.0], ["Mat_An_Chil_Wel_Cen_Par_Med_Staf_Tot_Stren_Num", 7.0], 0.5714285714285714], "data_low": {"Stat_Nam": "JAMMU & KASHMIR", "Vil_Nam": "Dard Pora", "Mat_An_Chil_Wel_Cen_Doc_In_Pos_Num": "2", "Mat_An_Chil_Wel_Cen_Par_Med_Staf_Tot_Stren_Num": "3", "id": 83}, "data_high": {"Stat_Nam": "MADHYA PRADESH", "Vil_Nam": "Pakariya", "Mat_An_Chil_Wel_Cen_Doc_In_Pos_Num": "6", "Mat_An_Chil_Wel_Cen_Par_Med_Staf_Tot_Stren_Num": "10", "id": 462169}, "perc": 0.05299289413465012, "metric": 99.94700753429535, "value_global_local": {"ASSAM": {"global_perc": 7.577192650123129e-05, "local_perc": 0.006060606060606061}, "Arunachal Pradesh": {"global_perc": 0.0005367686527106817, "local_perc": 0.00909090909090909}, "BIHAR": {"global_perc": 0.000779961670455052, "local_perc": 0.10606060606060606}, "HARYANA": {"global_perc": 0.000146177459435755, "local_perc": 0.0030303030303030303}, "HIMACHAL PRADESH": {"global_perc": 0.00014499758337361044, "local_perc": 0.00909090909090909}, "JAMMU & KASHMIR": {"global_perc": 0.0019838242026552723, "local_perc": 0.03939393939393939}, "JHARKHAND": {"global_perc": 0.0006791381119960486, "local_perc": 0.06666666666666667}, "KARNATAKA": {"global_perc": 0.0009202453987730061, "local_perc": 0.08181818181818182}, "MADHYA PRADESH": {"global_perc": 0.0009471249294209788, "local_perc": 0.15757575757575756}, "MANIPUR": {"global_perc": 0.0003874467260751647, "local_perc": 0.0030303030303030303}, "Punjab": {"global_perc": 0.0009538192512518877, "local_perc": 0.03636363636363636}, "RAJASTHAN": {"global_perc": 0.0020818409742120346, "local_perc": 0.2818181818181818}, "SIKKIM": {"global_perc": 0.004434589800443459, "local_perc": 0.006060606060606061}, "TRIPURA": {"global_perc": 0.001142857142857143, "local_perc": 0.0030303030303030303}, "Tamil Nadu": {"global_perc": 0.0011890606420927466, "local_perc": 0.05757575757575758}, "UTTAR PRADESH": {"global_perc": 0.00027160170078858147, "local_perc": 0.08787878787878788}, "UTTARAKHAND": {"global_perc": 0.0005954862144941345, "local_perc": 0.030303030303030304}, "West Bengal": {"global_perc": 0.00012432244268735393, "local_perc": 0.015151515151515152}}, "partition_field": "Stat_Nam", "Vil_Nam": "Dadahur (62)", "Stat_Nam": "Punjab"}, {"data": [["Mat_An_Chil_Wel_Cen_Doc_In_Pos_Num", 9.0], ["Mat_An_Chil_Wel_Cen_Par_Med_Staf_Tot_Stren_Num", 13.0], 0.6923076923076923], "data_low": {"Stat_Nam": "UTTAR PRADESH", "Vil_Nam": "Sakrapar", "Mat_An_Chil_Wel_Cen_Doc_In_Pos_Num": "10", "Mat_An_Chil_Wel_Cen_Par_Med_Staf_Tot_Stren_Num": "14", "id": 190278}, "data_high": {"Stat_Nam": "West Bengal", "Vil_Nam": "Goalpota", "Mat_An_Chil_Wel_Cen_Doc_In_Pos_Num": "9", "Mat_An_Chil_Wel_Cen_Par_Med_Staf_Tot_Stren_Num": "13", "id": 330938}, "perc": 0.007386888273314867, "metric": 99.9926134194578, "value_global_local": {"ASSAM": {"global_perc": 7.577192650123129e-05, "local_perc": 0.043478260869565216}, "BIHAR": {"global_perc": 0.00013370771493515177, "local_perc": 0.13043478260869565}, "JAMMU & KASHMIR": {"global_perc": 0.0010682130321989928, "local_perc": 0.15217391304347827}, "KARNATAKA": {"global_perc": 6.81663258350375e-05, "local_perc": 0.043478260869565216}, "MADHYA PRADESH": {"global_perc": 0.00021856729140484125, "local_perc": 0.2608695652173913}, "MANIPUR": {"global_perc": 0.0003874467260751647, "local_perc": 0.021739130434782608}, "RAJASTHAN": {"global_perc": 4.477077363896848e-05, "local_perc": 0.043478260869565216}, "TRIPURA": {"global_perc": 0.002285714285714286, "local_perc": 0.043478260869565216}, "UTTAR PRADESH": {"global_perc": 0.00010302133478187574, "local_perc": 0.2391304347826087}, "West Bengal": {"global_perc": 2.4864488537470783e-05, "local_perc": 0.021739130434782608}}, "partition_field": "Stat_Nam", "Vil_Nam": "Goalpota", "Stat_Nam": "West Bengal"}, {"data": [["Mat_An_Chil_Wel_Cen_Doc_In_Pos_Num", 4.0], ["Mat_An_Chil_Wel_Cen_Par_Med_Staf_Tot_Stren_Num", 5.0], 0.8], "data_low": {"Stat_Nam": "Punjab", "Vil_Nam": "Chatha Nanhera (31)", "Mat_An_Chil_Wel_Cen_Doc_In_Pos_Num": "4", "Mat_An_Chil_Wel_Cen_Par_Med_Staf_Tot_Stren_Num": "5", "id": 39585}, "data_high": {"Stat_Nam": "TRIPURA", "Vil_Nam": "Jirania", "Mat_An_Chil_Wel_Cen_Doc_In_Pos_Num": "8", "Mat_An_Chil_Wel_Cen_Par_Med_Staf_Tot_Stren_Num": "9", "id": 270933}, "perc": 0.0009635071660845478, "metric": 99.99903669287198, "value_global_local": {}, "partition_field": null, "Vil_Nam": "Chatha Nanhera (31)", "Stat_Nam": "Punjab"}, {"data": [["Mat_An_Chil_Wel_Cen_Doc_In_Pos_Num", 2.0], ["Mat_An_Chil_Wel_Cen_Par_Med_Staf_Tot_Stren_Num", 2.0], 1.0], "data_low": {"Stat_Nam": "JAMMU & KASHMIR", "Vil_Nam": "Hamchi Pora", "Mat_An_Chil_Wel_Cen_Doc_In_Pos_Num": "1", "Mat_An_Chil_Wel_Cen_Par_Med_Staf_Tot_Stren_Num": "1", "id": 385}, "data_high": {"Stat_Nam": "Punjab", "Vil_Nam": "Lakho Ke Behram (252)", "Mat_An_Chil_Wel_Cen_Doc_In_Pos_Num": "8", "Mat_An_Chil_Wel_Cen_Par_Med_Staf_Tot_Stren_Num": "8", "id": 34533}, "perc": 1.4776988237183346, "metric": 98.52230117628167, "value_global_local": {"": {"global_perc": 0.01715564873156478, "local_perc": 0.9710932405998696}, "AAMILLAHVA": {"global_perc": 1.0, "local_perc": 0.00010867202782003912}, "ADHAKARI": {"global_perc": 1.0, "local_perc": 0.00010867202782003912}, "AHMEDPUR": {"global_perc": 0.3333333333333333, "local_perc": 0.00010867202782003912}, "ALABALPUR": {"global_perc": 0.5, "local_perc": 0.00010867202782003912}, "AMARDOMA": {"global_perc": 0.25, "local_perc": 0.00010867202782003912}, "AMARPUR": {"global_perc": 0.06666666666666667, "local_perc": 0.00010867202782003912}, "AMROH": {"global_perc": 0.1, "local_perc": 0.00010867202782003912}, "ANANDPUR": {"global_perc": 0.2, "local_perc": 0.00010867202782003912}, "ANANTNAG": {"global_perc": 0.5, "local_perc": 0.00010867202782003912}, "ANDRANA": {"global_perc": 0.5, "local_perc": 0.00010867202782003912}, "ARASUR": {"global_perc": 0.25, "local_perc": 0.00010867202782003912}, "Amonggre": {"global_perc": 0.25, "local_perc": 0.00010867202782003912}, "B.B.NAGAR": {"global_perc": 0.5, "local_perc": 0.00010867202782003912}, "BADGAON": {"global_perc": 0.16666666666666666, "local_perc": 0.00010867202782003912}, "BAHARAGORA": {"global_perc": 0.125, "local_perc": 0.00010867202782003912}, "BAIKUNTH PUR": {"global_perc": 0.25, "local_perc": 0.00010867202782003912}, "BAJIPUR": {"global_perc": 1.0, "local_perc": 0.00010867202782003912}, "BALLAGAN": {"global_perc": 1.0, "local_perc": 0.00010867202782003912}, "BALRAMPUR": {"global_perc": 0.1, "local_perc": 0.00010867202782003912}, "BANDULAHAR": {"global_perc": 1.0, "local_perc": 0.00010867202782003912}, "BANE DI HATTI": {"global_perc": 0.14285714285714285, "local_perc": 0.00010867202782003912}, "BANGA": {"global_perc": 0.5, "local_perc": 0.00010867202782003912}, "BANGRA": {"global_perc": 0.3333333333333333, "local_perc": 0.00021734405564007825}, "BANIA CHHAPAR": {"global_perc": 0.4, "local_perc": 0.00021734405564007825}, "BANKATI": {"global_perc": 0.1, "local_perc": 0.00010867202782003912}, "BARA BOARIJOR": {"global_perc": 1.0, "local_perc": 0.00021734405564007825}, "BARABARU": {"global_perc": 1.0, "local_perc": 0.0003260160834601174}, "BARDIH": {"global_perc": 0.16666666666666666, "local_perc": 0.00010867202782003912}, "BARDIKANPUR": {"global_perc": 1.0, "local_perc": 0.00010867202782003912}, "BARGADAHA": {"global_perc": 1.0, "local_perc": 0.00010867202782003912}, "BARKABARAN": {"global_perc": 1.0, "local_perc": 0.00010867202782003912}, "BARKABARU": {"global_perc": 1.0, "local_perc": 0.00010867202782003912}, "BARMANDA": {"global_perc": 0.3333333333333333, "local_perc": 0.00010867202782003912}, "BATIJODA": {"global_perc": 0.25, "local_perc": 0.00010867202782003912}, "BAUSI": {"global_perc": 0.5, "local_perc": 0.00010867202782003912}, "BEGUNIA": {"global_perc": 0.5, "local_perc": 0.00010867202782003912}, "BELPAHARI": {"global_perc": 0.2, "local_perc": 0.00010867202782003912}, "BETU QUADIM": {"global_perc": 1.0, "local_perc": 0.00010867202782003912}, "BHAIYADIH": {"global_perc": 1.0, "local_perc": 0.00010867202782003912}, "BHALT": {"global_perc": 1.0, "local_perc": 0.00010867202782003912}, "BHAWARNA": {"global_perc": 0.5, "local_perc": 0.00021734405564007825}, "BHITLU": {"global_perc": 0.3333333333333333, "local_perc": 0.00010867202782003912}, "BODASA": {"global_perc": 0.6666666666666666, "local_perc": 0.00021734405564007825}, "BRUNDADEIPUR": {"global_perc": 1.0, "local_perc": 0.00010867202782003912}, "BUDGADDA": {"global_perc": 0.5, "local_perc": 0.00021734405564007825}, "BUDGAM": {"global_perc": 1.0, "local_perc": 0.00010867202782003912}, "CHAINPUR": {"global_perc": 0.043478260869565216, "local_perc": 0.00010867202782003912}, "CHAK BAMUN": {"global_perc": 0.6666666666666666, "local_perc": 0.00021734405564007825}, "CHAKAPADA": {"global_perc": 0.3333333333333333, "local_perc": 0.00010867202782003912}, "CHALANGI": {"global_perc": 1.0, "local_perc": 0.00010867202782003912}, "CHELA": {"global_perc": 0.25, "local_perc": 0.00010867202782003912}, "CHHANGLA": {"global_perc": 0.2, "local_perc": 0.00010867202782003912}, "CHILOI": {"global_perc": 0.3333333333333333, "local_perc": 0.00010867202782003912}, "CHIPRA": {"global_perc": 0.6666666666666666, "local_perc": 0.00021734405564007825}, "CHITAUNI": {"global_perc": 0.5, "local_perc": 0.00010867202782003912}, "CHOPARA": {"global_perc": 0.25, "local_perc": 0.00010867202782003912}, "DALU": {"global_perc": 0.07692307692307693, "local_perc": 0.00010867202782003912}, "DARMIGAD": {"global_perc": 1.0, "local_perc": 0.00010867202782003912}, "DHANPURA": {"global_perc": 0.125, "local_perc": 0.00010867202782003912}, "DIFFERPAT": {"global_perc": 1.0, "local_perc": 0.00010867202782003912}, "DORIHAR": {"global_perc": 0.5, "local_perc": 0.00010867202782003912}, "Dhaliwal Bet": {"global_perc": 1.0, "local_perc": 0.00021734405564007825}, "EKDERBA": {"global_perc": 0.5, "local_perc": 0.00010867202782003912}, "ERKI": {"global_perc": 1.0, "local_perc": 0.00010867202782003912}, "FAKRA": {"global_perc": 1.0, "local_perc": 0.00010867202782003912}, "FATEHPUR": {"global_perc": 0.015873015873015872, "local_perc": 0.00010867202782003912}, "FRANGAMATIA": {"global_perc": 1.0, "local_perc": 0.00010867202782003912}, "G. NANDIPUR": {"global_perc": 1.0, "local_perc": 0.00010867202782003912}, "GANEOR": {"global_perc": 1.0, "local_perc": 0.00010867202782003912}, "GANGAIKONDAN": {"global_perc": 1.0, "local_perc": 0.00010867202782003912}, "GARHWA": {"global_perc": 0.14285714285714285, "local_perc": 0.00010867202782003912}, "GARUD": {"global_perc": 0.25, "local_perc": 0.00010867202782003912}, "GHES": {"global_perc": 1.0, "local_perc": 0.00010867202782003912}, "GIPU": {"global_perc": 0.5, "local_perc": 0.00010867202782003912}, "GOKULPUR": {"global_perc": 0.1, "local_perc": 0.00010867202782003912}, "GOPICHAK": {"global_perc": 1.0, "local_perc": 0.00010867202782003912}, "GORIYADIH": {"global_perc": 1.0, "local_perc": 0.00010867202782003912}, "GOVINDPUR": {"global_perc": 0.037037037037037035, "local_perc": 0.00010867202782003912}, "GUDDALUR": {"global_perc": 1.0, "local_perc": 0.00010867202782003912}, "GUMRU": {"global_perc": 0.3333333333333333, "local_perc": 0.00010867202782003912}, "GUSHAL": {"global_perc": 1.0, "local_perc": 0.00010867202782003912}, "GUTJORA": {"global_perc": 1.0, "local_perc": 0.00010867202782003912}, "HALLIDAYGANJ": {"global_perc": 0.2, "local_perc": 0.00010867202782003912}, "HARIHARPUR": {"global_perc": 0.03225806451612903, "local_perc": 0.00010867202782003912}, "HATGAON": {"global_perc": 0.5, "local_perc": 0.00010867202782003912}, "HATIMODA": {"global_perc": 1.0, "local_perc": 0.00010867202782003912}, "HAZARA SINGHWALA": {"global_perc": 1.0, "local_perc": 0.00010867202782003912}, "HERMA": {"global_perc": 1.0, "local_perc": 0.00010867202782003912}, "HIGUTAR JAGDISHPUR": {"global_perc": 1.0, "local_perc": 0.00010867202782003912}, "HITUTOLI": {"global_perc": 1.0, "local_perc": 0.00010867202782003912}, "HUDOLI": {"global_perc": 0.5, "local_perc": 0.00010867202782003912}, "HULIYAR": {"global_perc": 0.5, "local_perc": 0.00010867202782003912}, "IBRAHIMPUR": {"global_perc": 0.1, "local_perc": 0.00010867202782003912}, "ICHA": {"global_perc": 0.5, "local_perc": 0.00010867202782003912}, "IDAR": {"global_perc": 0.5, "local_perc": 0.00010867202782003912}, "INDRAGADA": {"global_perc": 0.3333333333333333, "local_perc": 0.00010867202782003912}, "ISMILPUR": {"global_perc": 1.0, "local_perc": 0.00010867202782003912}, "ITKHORI": {"global_perc": 0.5, "local_perc": 0.00010867202782003912}, "JAGDISPUR": {"global_perc": 1.0, "local_perc": 0.00010867202782003912}, "JAIDPUR": {"global_perc": 1.0, "local_perc": 0.00010867202782003912}, "JAIND": {"global_perc": 0.5, "local_perc": 0.00010867202782003912}, "JAMBANI": {"global_perc": 0.2, "local_perc": 0.00010867202782003912}, "JAMBGI(K.D)": {"global_perc": 1.0, "local_perc": 0.00010867202782003912}, "JAMRI": {"global_perc": 0.25, "local_perc": 0.00010867202782003912}, "JANKI DHAR": {"global_perc": 1.0, "local_perc": 0.00010867202782003912}, "JARDA": {"global_perc": 0.3333333333333333, "local_perc": 0.00010867202782003912}, "JHAMKE": {"global_perc": 1.0, "local_perc": 0.00010867202782003912}, "JHUNGIAN": {"global_perc": 1.0, "local_perc": 0.00010867202782003912}, "JKARIYA": {"global_perc": 1.0, "local_perc": 0.00010867202782003912}, "Jansua": {"global_perc": 0.5, "local_perc": 0.00010867202782003912}, "KADGIDOHI": {"global_perc": 1.0, "local_perc": 0.00010867202782003912}, "KANA SUAN": {"global_perc": 0.5, "local_perc": 0.00010867202782003912}, "KANDHALA SHEIKAN": {"global_perc": 1.0, "local_perc": 0.00010867202782003912}, "KANDI": {"global_perc": 0.08333333333333333, "local_perc": 0.00010867202782003912}, "KANNAPUR HATTI": {"global_perc": 1.0, "local_perc": 0.00010867202782003912}, "KARNU": {"global_perc": 0.125, "local_perc": 0.00010867202782003912}, "KARSANDA": {"global_perc": 1.0, "local_perc": 0.00010867202782003912}, "KAULI": {"global_perc": 0.14285714285714285, "local_perc": 0.00010867202782003912}, "KHAIRA BUHLA": {"global_perc": 0.3333333333333333, "local_perc": 0.00010867202782003912}, "KHAIRHI": {"global_perc": 0.16666666666666666, "local_perc": 0.00010867202782003912}, "KHALSIBERIA": {"global_perc": 0.5, "local_perc": 0.00010867202782003912}, "KHARAICH": {"global_perc": 1.0, "local_perc": 0.00010867202782003912}, "KHARUHL": {"global_perc": 0.25, "local_perc": 0.00010867202782003912}, "KHEKADA": {"global_perc": 0.5, "local_perc": 0.00010867202782003912}, "KHIRANWALI": {"global_perc": 0.5, "local_perc": 0.00010867202782003912}, "KHUDAGANJ": {"global_perc": 0.3333333333333333, "local_perc": 0.00010867202782003912}, "KHUN KHUN SARKI": {"global_perc": 0.5, "local_perc": 0.00010867202782003912}, "KHUNTI": {"global_perc": 0.3333333333333333, "local_perc": 0.00021734405564007825}, "KIRIBURU": {"global_perc": 1.0, "local_perc": 0.00010867202782003912}, "KISHANPUR": {"global_perc": 0.1111111111111111, "local_perc": 0.00010867202782003912}, "KOKADIH": {"global_perc": 1.0, "local_perc": 0.00010867202782003912}, "KOLAMBI": {"global_perc": 0.5, "local_perc": 0.00010867202782003912}, "KONE": {"global_perc": 1.0, "local_perc": 0.00010867202782003912}, "KOT GANGURAI": {"global_perc": 1.0, "local_perc": 0.00010867202782003912}, "KOTHI": {"global_perc": 0.05405405405405406, "local_perc": 0.00021734405564007825}, "KRISHAN GARH": {"global_perc": 0.1111111111111111, "local_perc": 0.00010867202782003912}, "KUMKUMA": {"global_perc": 0.6666666666666666, "local_perc": 0.00021734405564007825}, "KUNDA": {"global_perc": 0.0625, "local_perc": 0.00010867202782003912}, "KURALI": {"global_perc": 0.5, "local_perc": 0.00010867202782003912}, "KURKNALA": {"global_perc": 0.5, "local_perc": 0.00010867202782003912}, "KURKUTIYA": {"global_perc": 1.0, "local_perc": 0.00010867202782003912}, "KURSI": {"global_perc": 0.3333333333333333, "local_perc": 0.00010867202782003912}, "LALGANJ": {"global_perc": 0.12, "local_perc": 0.0003260160834601174}, "LODHBHARWARI": {"global_perc": 1.0, "local_perc": 0.00010867202782003912}, "LOHNA": {"global_perc": 0.3333333333333333, "local_perc": 0.00010867202782003912}, "LOTOR": {"global_perc": 1.0, "local_perc": 0.00010867202782003912}, "MADHOPUR": {"global_perc": 0.03225806451612903, "local_perc": 0.00010867202782003912}, "MAHUADANR": {"global_perc": 0.16666666666666666, "local_perc": 0.00010867202782003912}, "MAHUAKOL": {"global_perc": 1.0, "local_perc": 0.00010867202782003912}, "MAKUNDAPUR": {"global_perc": 0.1111111111111111, "local_perc": 0.00010867202782003912}, "MAMBATTU": {"global_perc": 1.0, "local_perc": 0.00010867202782003912}, "MAMKHIR": {"global_perc": 1.0, "local_perc": 0.00010867202782003912}, "MANGAT KHERA": {"global_perc": 1.0, "local_perc": 0.00010867202782003912}, "MARANGHADA": {"global_perc": 0.3333333333333333, "local_perc": 0.00010867202782003912}, "MASAURI": {"global_perc": 0.25, "local_perc": 0.00010867202782003912}, "MASTI PALKOT": {"global_perc": 1.0, "local_perc": 0.00010867202782003912}, "MATHIA": {"global_perc": 0.25, "local_perc": 0.00010867202782003912}, "MAULAKHOR": {"global_perc": 1.0, "local_perc": 0.00010867202782003912}, "MAYURHAND": {"global_perc": 0.25, "local_perc": 0.00010867202782003912}, "MERKHARA": {"global_perc": 1.0, "local_perc": 0.00010867202782003912}, "MERLE": {"global_perc": 1.0, "local_perc": 0.00010867202782003912}, "MUBARAKPUR": {"global_perc": 0.08333333333333333, "local_perc": 0.00010867202782003912}, "MUNAN": {"global_perc": 1.0, "local_perc": 0.00010867202782003912}, "MUNIMPUR": {"global_perc": 0.3333333333333333, "local_perc": 0.00010867202782003912}, "Mianpur": {"global_perc": 0.3333333333333333, "local_perc": 0.00010867202782003912}, "N.A.": {"global_perc": 0.0012312938056450084, "local_perc": 0.0014127363616605086}, "NAIDUMANGALAM": {"global_perc": 1.0, "local_perc": 0.00010867202782003912}, "NARAPAKKAM": {"global_perc": 1.0, "local_perc": 0.00010867202782003912}, "NARAYANPUR": {"global_perc": 0.011235955056179775, "local_perc": 0.00010867202782003912}, "NAWADA": {"global_perc": 0.03225806451612903, "local_perc": 0.00010867202782003912}, "NAYAGOAN": {"global_perc": 0.5, "local_perc": 0.00010867202782003912}, "NERKUNDRAM": {"global_perc": 1.0, "local_perc": 0.00010867202782003912}, "NOTAR": {"global_perc": 1.0, "local_perc": 0.00010867202782003912}, "OBRA": {"global_perc": 1.0, "local_perc": 0.00010867202782003912}, "PABAPUR": {"global_perc": 1.0, "local_perc": 0.00010867202782003912}, "PADROUNA BUJURG": {"global_perc": 1.0, "local_perc": 0.00010867202782003912}, "PAIGAMBARPUR": {"global_perc": 1.0, "local_perc": 0.00010867202782003912}, "PALIYA": {"global_perc": 0.125, "local_perc": 0.00010867202782003912}, "PALLIKKADU": {"global_perc": 1.0, "local_perc": 0.00010867202782003912}, "PANDEPURA KALA": {"global_perc": 1.0, "local_perc": 0.00021734405564007825}, "PANDRA": {"global_perc": 0.3333333333333333, "local_perc": 0.00010867202782003912}, "PARSHURAMPUR": {"global_perc": 0.5, "local_perc": 0.00010867202782003912}, "PATAHATU": {"global_perc": 1.0, "local_perc": 0.00010867202782003912}, "PATLOT": {"global_perc": 1.0, "local_perc": 0.00010867202782003912}, "PHULBARI": {"global_perc": 0.2, "local_perc": 0.00010867202782003912}, "PIPARAHI": {"global_perc": 1.0, "local_perc": 0.00010867202782003912}, "PUNAJUR STATE FOREST": {"global_perc": 1.0, "local_perc": 0.00010867202782003912}, "PURUNABALICHUA": {"global_perc": 1.0, "local_perc": 0.00010867202782003912}, "RAMGARHA": {"global_perc": 1.0, "local_perc": 0.00010867202782003912}, "RATANARI": {"global_perc": 1.0, "local_perc": 0.00010867202782003912}, "RATNAG": {"global_perc": 0.3333333333333333, "local_perc": 0.00010867202782003912}, "ROHELA HAJI UTTAR": {"global_perc": 0.5, "local_perc": 0.00010867202782003912}, "ROORKEE": {"global_perc": 0.3333333333333333, "local_perc": 0.00010867202782003912}, "ROWAHALI": {"global_perc": 1.0, "local_perc": 0.00010867202782003912}, "ROWAHLI": {"global_perc": 0.5, "local_perc": 0.00010867202782003912}, "SADAT MALAUT": {"global_perc": 1.0, "local_perc": 0.00010867202782003912}, "SAGAHRIYA": {"global_perc": 1.0, "local_perc": 0.00010867202782003912}, "SAIDPUR": {"global_perc": 0.0625, "local_perc": 0.00010867202782003912}, "SAJAI": {"global_perc": 0.5, "local_perc": 0.00010867202782003912}, "SAJIVAN": {"global_perc": 0.5, "local_perc": 0.00010867202782003912}, "SAKHRUA BUJURG": {"global_perc": 1.0, "local_perc": 0.00010867202782003912}, "SALIAGOCHHA": {"global_perc": 1.0, "local_perc": 0.00010867202782003912}, "SANKESHWAR TOWN": {"global_perc": 1.0, "local_perc": 0.00010867202782003912}, "SANSARIPUR": {"global_perc": 0.3333333333333333, "local_perc": 0.00010867202782003912}, "SAPARUM": {"global_perc": 1.0, "local_perc": 0.00021734405564007825}, "SAPERU": {"global_perc": 0.5, "local_perc": 0.00010867202782003912}, "SARDAM": {"global_perc": 0.25, "local_perc": 0.00010867202782003912}, "SARKAMI": {"global_perc": 0.5, "local_perc": 0.00010867202782003912}, "SEMUAR KHANPUR": {"global_perc": 1.0, "local_perc": 0.00010867202782003912}, "SEWAL": {"global_perc": 1.0, "local_perc": 0.00010867202782003912}, "SHASHIN": {"global_perc": 1.0, "local_perc": 0.00010867202782003912}, "SILADON": {"global_perc": 0.3333333333333333, "local_perc": 0.00010867202782003912}, "SISIA": {"global_perc": 0.3333333333333333, "local_perc": 0.00010867202782003912}, "SODAG": {"global_perc": 1.0, "local_perc": 0.00010867202782003912}, "SUNNAM JOTE": {"global_perc": 1.0, "local_perc": 0.00010867202782003912}, "SURAPUR": {"global_perc": 0.5, "local_perc": 0.00010867202782003912}, "TAJPUR": {"global_perc": 0.08333333333333333, "local_perc": 0.00010867202782003912}, "TAMBA": {"global_perc": 0.5, "local_perc": 0.00010867202782003912}, "TARNA": {"global_perc": 0.5, "local_perc": 0.00010867202782003912}, "TIBBI KALAN": {"global_perc": 0.25, "local_perc": 0.00010867202782003912}, "TILAW KASDHAN": {"global_perc": 1.0, "local_perc": 0.00010867202782003912}, "TIPIJHARI": {"global_perc": 1.0, "local_perc": 0.00010867202782003912}, "TIUYRAK": {"global_perc": 1.0, "local_perc": 0.00010867202782003912}, "TIYRAKALA": {"global_perc": 1.0, "local_perc": 0.00021734405564007825}, "TOE MAKHOWAL": {"global_perc": 0.5, "local_perc": 0.00010867202782003912}, "TOLA SIPAHIYA": {"global_perc": 0.5, "local_perc": 0.00010867202782003912}, "TUKBERA": {"global_perc": 0.5, "local_perc": 0.00010867202782003912}, "TUSMU": {"global_perc": 1.0, "local_perc": 0.00010867202782003912}, "Tengkigittim": {"global_perc": 0.16666666666666666, "local_perc": 0.00010867202782003912}, "Tibbi Kalan": {"global_perc": 1.0, "local_perc": 0.00010867202782003912}, "UDAMANDA": {"global_perc": 1.0, "local_perc": 0.00021734405564007825}, "URMAR": {"global_perc": 1.0, "local_perc": 0.00010867202782003912}, "VELLALAPATTI": {"global_perc": 0.5, "local_perc": 0.00010867202782003912}, "WAHWALPUR": {"global_perc": 1.0, "local_perc": 0.00010867202782003912}}, "partition_field": "Near_Vil_Tow_Nam_hav_Prim_School", "Vil_Nam": "Gundi Zuni Reshi", "Stat_Nam": "JAMMU & KASHMIR"}, {"data": [["Mat_An_Chil_Wel_Cen_Doc_In_Pos_Num", 9.0], ["Mat_An_Chil_Wel_Cen_Par_Med_Staf_Tot_Stren_Num", 8.0], 1.125], "data_low": {"Stat_Nam": "BIHAR", "Vil_Nam": "Tengharhi", "Mat_An_Chil_Wel_Cen_Doc_In_Pos_Num": "6", "Mat_An_Chil_Wel_Cen_Par_Med_Staf_Tot_Stren_Num": "5", "id": 227739}, "data_high": {"Stat_Nam": "UTTAR PRADESH", "Vil_Nam": "Sarosi", "Mat_An_Chil_Wel_Cen_Doc_In_Pos_Num": "9", "Mat_An_Chil_Wel_Cen_Par_Med_Staf_Tot_Stren_Num": "8", "id": 141358}, "perc": 0.0017664298044883376, "metric": 99.99823344517272, "value_global_local": {}, "partition_field": null, "Vil_Nam": "Sarosi", "Stat_Nam": "UTTAR PRADESH"}, {"data": [["Mat_An_Chil_Wel_Cen_Doc_In_Pos_Num", 5.0], ["Mat_An_Chil_Wel_Cen_Par_Med_Staf_Tot_Stren_Num", 4.0], 1.25], "data_low": {"Stat_Nam": "BIHAR", "Vil_Nam": "Bishunpur Ganga urf Baikatpur", "Mat_An_Chil_Wel_Cen_Doc_In_Pos_Num": "4", "Mat_An_Chil_Wel_Cen_Par_Med_Staf_Tot_Stren_Num": "3", "id": 227647}, "data_high": {"Stat_Nam": "UTTAR PRADESH", "Vil_Nam": "Bhinga Dehati", "Mat_An_Chil_Wel_Cen_Doc_In_Pos_Num": "5", "Mat_An_Chil_Wel_Cen_Par_Med_Staf_Tot_Stren_Num": "4", "id": 171911}, "perc": 0.0016058452768075795, "metric": 99.9983939046772, "value_global_local": {}, "partition_field": null, "Vil_Nam": "Bhinga Dehati", "Stat_Nam": "UTTAR PRADESH"}, {"data": [["Mat_An_Chil_Wel_Cen_Doc_In_Pos_Num", 3.0], ["Mat_An_Chil_Wel_Cen_Par_Med_Staf_Tot_Stren_Num", 2.0], 1.5], "data_low": {"Stat_Nam": "JAMMU & KASHMIR", "Vil_Nam": "Shoolora", "Mat_An_Chil_Wel_Cen_Doc_In_Pos_Num": "3", "Mat_An_Chil_Wel_Cen_Par_Med_Staf_Tot_Stren_Num": "2", "id": 93}, "data_high": {"Stat_Nam": "JAMMU & KASHMIR", "Vil_Nam": "Shoolora", "Mat_An_Chil_Wel_Cen_Doc_In_Pos_Num": "3", "Mat_An_Chil_Wel_Cen_Par_Med_Staf_Tot_Stren_Num": "2", "id": 93}, "perc": 0.003211690553615159, "metric": 99.99678780936243, "value_global_local": {}, "partition_field": null, "Vil_Nam": "Shoolora", "Stat_Nam": "JAMMU & KASHMIR"}, {"data": [["Mat_An_Chil_Wel_Cen_Doc_In_Pos_Num", 2.0], ["Mat_An_Chil_Wel_Cen_Par_Med_Staf_Tot_Stren_Num", 1.0], 2.0], "data_low": {"Stat_Nam": "TRIPURA", "Vil_Nam": "Debendrachandranagar (Part)", "Mat_An_Chil_Wel_Cen_Doc_In_Pos_Num": "10", "Mat_An_Chil_Wel_Cen_Par_Med_Staf_Tot_Stren_Num": "5", "id": 270790}, "data_high": {"Stat_Nam": "Punjab", "Vil_Nam": "Heir (347)", "Mat_An_Chil_Wel_Cen_Doc_In_Pos_Num": "6", "Mat_An_Chil_Wel_Cen_Par_Med_Staf_Tot_Stren_Num": "3", "id": 37406}, "perc": 0.02039423501545626, "metric": 99.9796047649885, "value_global_local": {"BIHAR": {"global_perc": 0.000356553906493738, "local_perc": 0.12598425196850394}, "HARYANA": {"global_perc": 0.000730887297178775, "local_perc": 0.03937007874015748}, "HIMACHAL PRADESH": {"global_perc": 0.00014499758337361044, "local_perc": 0.023622047244094488}, "JAMMU & KASHMIR": {"global_perc": 0.0009156111704562796, "local_perc": 0.047244094488188976}, "JHARKHAND": {"global_perc": 0.0007717478545409644, "local_perc": 0.1968503937007874}, "MADHYA PRADESH": {"global_perc": 0.0005464182285121031, "local_perc": 0.23622047244094488}, "Punjab": {"global_perc": 0.00015896987520864795, "local_perc": 0.015748031496062992}, "TRIPURA": {"global_perc": 0.002285714285714286, "local_perc": 0.015748031496062992}, "UTTAR PRADESH": {"global_perc": 0.00019667709367449004, "local_perc": 0.16535433070866143}, "UTTARAKHAND": {"global_perc": 0.0005954862144941345, "local_perc": 0.07874015748031496}, "West Bengal": {"global_perc": 0.0001740514197622955, "local_perc": 0.05511811023622047}}, "partition_field": "Stat_Nam", "Vil_Nam": "Palar", "Stat_Nam": "JAMMU & KASHMIR"}, {"data": [["Mat_An_Chil_Wel_Cen_Doc_In_Pos_Num", 5.0], ["Mat_An_Chil_Wel_Cen_Par_Med_Staf_Tot_Stren_Num", 2.0], 2.5], "data_low": {"Stat_Nam": "West Bengal", "Vil_Nam": "Durgu", "Mat_An_Chil_Wel_Cen_Doc_In_Pos_Num": "5", "Mat_An_Chil_Wel_Cen_Par_Med_Staf_Tot_Stren_Num": "2", "id": 329563}, "data_high": {"Stat_Nam": "West Bengal", "Vil_Nam": "Durgu", "Mat_An_Chil_Wel_Cen_Doc_In_Pos_Num": "5", "Mat_An_Chil_Wel_Cen_Par_Med_Staf_Tot_Stren_Num": "2", "id": 329563}, "perc": 0.0008029226384037898, "metric": 99.9991955770736, "value_global_local": {}, "partition_field": null, "Vil_Nam": "Durgu", "Stat_Nam": "West Bengal"}, {"data": [["Mat_An_Chil_Wel_Cen_Doc_In_Pos_Num", 3.0], ["Mat_An_Chil_Wel_Cen_Par_Med_Staf_Tot_Stren_Num", 1.0], 3.0], "data_low": {"Stat_Nam": "UTTAR PRADESH", "Vil_Nam": "Asrafpur Barva", "Mat_An_Chil_Wel_Cen_Doc_In_Pos_Num": "3", "Mat_An_Chil_Wel_Cen_Par_Med_Staf_Tot_Stren_Num": "1", "id": 167286}, "data_high": {"Stat_Nam": "UTTAR PRADESH", "Vil_Nam": "Asrafpur Barva", "Mat_An_Chil_Wel_Cen_Doc_In_Pos_Num": "3", "Mat_An_Chil_Wel_Cen_Par_Med_Staf_Tot_Stren_Num": "1", "id": 167286}, "perc": 0.0030511060259344014, "metric": 99.99694689363504, "value_global_local": {}, "partition_field": null, "Vil_Nam": "Asrafpur Barva", "Stat_Nam": "UTTAR PRADESH"}, {"data": [["Mat_An_Chil_Wel_Cen_Doc_In_Pos_Num", 4.0], ["Mat_An_Chil_Wel_Cen_Par_Med_Staf_Tot_Stren_Num", 1.0], 4.0], "data_low": {"Stat_Nam": "Punjab", "Vil_Nam": "Sekhwan (474)", "Mat_An_Chil_Wel_Cen_Doc_In_Pos_Num": "4", "Mat_An_Chil_Wel_Cen_Par_Med_Staf_Tot_Stren_Num": "1", "id": 28186}, "data_high": {"Stat_Nam": "Punjab", "Vil_Nam": "Sekhwan (474)", "Mat_An_Chil_Wel_Cen_Doc_In_Pos_Num": "4", "Mat_An_Chil_Wel_Cen_Par_Med_Staf_Tot_Stren_Num": "1", "id": 28186}, "perc": 0.0017664298044883376, "metric": 99.99823056964843, "value_global_local": {}, "partition_field": null, "Vil_Nam": "Sekhwan (474)", "Stat_Nam": "Punjab"}, {"data": [["Mat_An_Chil_Wel_Cen_Doc_In_Pos_Num", 5.0], ["Mat_An_Chil_Wel_Cen_Par_Med_Staf_Tot_Stren_Num", 1.0], 5.0], "data_low": {"Stat_Nam": "Punjab", "Vil_Nam": "Khizarabad (322)", "Mat_An_Chil_Wel_Cen_Doc_In_Pos_Num": "5", "Mat_An_Chil_Wel_Cen_Par_Med_Staf_Tot_Stren_Num": "1", "id": 38774}, "data_high": {"Stat_Nam": "Punjab", "Vil_Nam": "Khizarabad (322)", "Mat_An_Chil_Wel_Cen_Doc_In_Pos_Num": "5", "Mat_An_Chil_Wel_Cen_Par_Med_Staf_Tot_Stren_Num": "1", "id": 38774}, "perc": 0.0008029226384037898, "metric": 99.9991930765936, "value_global_local": {}, "partition_field": null, "Vil_Nam": "Khizarabad (322)", "Stat_Nam": "Punjab"}, {"data": [["Mat_An_Chil_Wel_Cen_Doc_In_Pos_Num", 6.0], ["Mat_An_Chil_Wel_Cen_Par_Med_Staf_Tot_Stren_Num", 1.0], 6.0], "data_low": {"Stat_Nam": "BIHAR", "Vil_Nam": "Minapur", "Mat_An_Chil_Wel_Cen_Doc_In_Pos_Num": "6", "Mat_An_Chil_Wel_Cen_Par_Med_Staf_Tot_Stren_Num": "1", "id": 227811}, "data_high": {"Stat_Nam": "BIHAR", "Vil_Nam": "Minapur", "Mat_An_Chil_Wel_Cen_Doc_In_Pos_Num": "6", "Mat_An_Chil_Wel_Cen_Par_Med_Staf_Tot_Stren_Num": "1", "id": 227811}, "perc": 0.0008029226384037898, "metric": 99.99919207640161, "value_global_local": {}, "partition_field": null, "Vil_Nam": "Minapur", "Stat_Nam": "BIHAR"}, {"data": [["Mat_An_Chil_Wel_Cen_Doc_In_Pos_Num", 8.0], ["Mat_An_Chil_Wel_Cen_Par_Med_Staf_Tot_Stren_Num", 1.0], 8.0], "data_low": {"Stat_Nam": "BIHAR", "Vil_Nam": "Parsauni", "Mat_An_Chil_Wel_Cen_Doc_In_Pos_Num": "8", "Mat_An_Chil_Wel_Cen_Par_Med_Staf_Tot_Stren_Num": "1", "id": 230253}, "data_high": {"Stat_Nam": "BIHAR", "Vil_Nam": "Parsauni", "Mat_An_Chil_Wel_Cen_Doc_In_Pos_Num": "8", "Mat_An_Chil_Wel_Cen_Par_Med_Staf_Tot_Stren_Num": "1", "id": 230253}, "perc": 0.00016058452768075794, "metric": 99.99983241408336, "value_global_local": {}, "partition_field": null, "Vil_Nam": "Parsauni", "Stat_Nam": "BIHAR"}, {"data": [["Mat_An_Chil_Wel_Cen_Doc_In_Pos_Num", 1.0], ["Mat_An_Chil_Wel_Cen_Par_Med_Staf_Tot_Stren_Num", 0], 9999], "data_low": {"Stat_Nam": "JAMMU & KASHMIR", "Vil_Nam": "Trapay", "Mat_An_Chil_Wel_Cen_Doc_In_Pos_Num": "1", "Mat_An_Chil_Wel_Cen_Par_Med_Staf_Tot_Stren_Num": "", "id": 379}, "data_high": {"Stat_Nam": "UTTAR PRADESH", "Vil_Nam": "Ranibari", "Mat_An_Chil_Wel_Cen_Doc_In_Pos_Num": "9", "Mat_An_Chil_Wel_Cen_Par_Med_Staf_Tot_Stren_Num": "0", "id": 210432}, "perc": 0.1446866594403629, "metric": 99.84532780932545, "value_global_local": {"ANDAMAN & NICOBAR ISLANDS": {"global_perc": 0.0036036036036036037, "local_perc": 0.0022197558268590455}, "BIHAR": {"global_perc": 0.0010028078620136383, "local_perc": 0.049944506104328525}, "HIMACHAL PRADESH": {"global_perc": 0.0011599806669888835, "local_perc": 0.026637069922308545}, "JAMMU & KASHMIR": {"global_perc": 0.0004578055852281398, "local_perc": 0.003329633740288568}, "JHARKHAND": {"global_perc": 0.0016361054516268445, "local_perc": 0.058823529411764705}, "MADHYA PRADESH": {"global_perc": 0.002167458973098009, "local_perc": 0.1320754716981132}, "MIZORAM": {"global_perc": 0.0012048192771084338, "local_perc": 0.0011098779134295228}, "NAGALAND": {"global_perc": 0.0007002801120448179, "local_perc": 0.0011098779134295228}, "TRIPURA": {"global_perc": 0.001142857142857143, "local_perc": 0.0011098779134295228}, "UTTAR PRADESH": {"global_perc": 0.004898196190083728, "local_perc": 0.5804661487236404}, "UTTARAKHAND": {"global_perc": 0.00017864586434824034, "local_perc": 0.003329633740288568}, "West Bengal": {"global_perc": 0.0031329255557213187, "local_perc": 0.13984461709211987}}, "partition_field": "Stat_Nam", "Vil_Nam": "Trapay", "Stat_Nam": "JAMMU & KASHMIR"}, {"data": [["Mat_An_Chil_Wel_Cen_Doc_In_Pos_Num", 0], ["Mat_An_Chil_Wel_Cen_Par_Med_Staf_Tot_Stren_Num", 0], 99980001], "data_low": {"Stat_Nam": "JAMMU & KASHMIR", "Vil_Nam": "Bore", "Mat_An_Chil_Wel_Cen_Doc_In_Pos_Num": "", "Mat_An_Chil_Wel_Cen_Par_Med_Staf_Tot_Stren_Num": "", "id": 0}, "data_high": {"Stat_Nam": "JAMMU & KASHMIR", "Vil_Nam": "Palmar", "Mat_An_Chil_Wel_Cen_Doc_In_Pos_Num": "Mat_pos", "Mat_An_Chil_Wel_Cen_Par_Med_Staf_Tot_Stren_Num": "Mat_pst", "id": 4582}, "perc": 94.88618571600627, "metric": 9.490516580011463e-07, "value_global_local": {"null": {"global_perc": 0.9488618571600627, "local_perc": 1.0}}, "partition_field": "Dist_Other", "Vil_Nam": "Bore", "Stat_Nam": "JAMMU & KASHMIR"}]