[{"data": [["Vet_Hos_Doc_In_Pos_Num", 0], ["Vet_Hos_Par_Med_Staf_Tot_Stren_Num", 2.0], 0.0], "data_low": {"Stat_Nam": "JAMMU & KASHMIR", "Vil_Nam": "Gagal", "Vet_Hos_Doc_In_Pos_Num": "", "Vet_Hos_Par_Med_Staf_Tot_Stren_Num": "2", "id": 41}, "data_high": {"Stat_Nam": "West Bengal", "Vil_Nam": "Pedong Khasmahal", "Vet_Hos_Doc_In_Pos_Num": "1", "Vet_Hos_Par_Med_Staf_Tot_Stren_Num": "37", "id": 305010}, "perc": 0.3222931470552812, "metric": 99.67770784992118, "value_global_local": {"ANDAMAN & NICOBAR ISLANDS": {"global_perc": 0.014414414414414415, "local_perc": 0.003986048829098156}, "ASSAM": {"global_perc": 3.7885963250615644e-05, "local_perc": 0.0004982561036372695}, "Arunachal Pradesh": {"global_perc": 0.0001789228842368939, "local_perc": 0.0004982561036372695}, "BIHAR": {"global_perc": 0.00011142309577929313, "local_perc": 0.002491280518186348}, "CHHATTISGARH": {"global_perc": 0.01321673457219517, "local_perc": 0.1325361235675137}, "HARYANA": {"global_perc": 0.010086244701067096, "local_perc": 0.0343796711509716}, "HIMACHAL PRADESH": {"global_perc": 0.00444659255679072, "local_perc": 0.0458395615346288}, "JAMMU & KASHMIR": {"global_perc": 0.00930871356630551, "local_perc": 0.030393622321873443}, "JHARKHAND": {"global_perc": 0.0006173982836327715, "local_perc": 0.009965122072745391}, "KARNATAKA": {"global_perc": 0.027675528289025222, "local_perc": 0.4045839561534629}, "MADHYA PRADESH": {"global_perc": 0.0017303243902883267, "local_perc": 0.04733432984554061}, "MANIPUR": {"global_perc": 0.001162340178225494, "local_perc": 0.0014947683109118087}, "MIZORAM": {"global_perc": 0.00963855421686747, "local_perc": 0.003986048829098156}, "NAGALAND": {"global_perc": 0.0035014005602240898, "local_perc": 0.002491280518186348}, "PUDUCHERRY": {"global_perc": 0.12222222222222222, "local_perc": 0.005480817140009965}, "RAJASTHAN": {"global_perc": 0.007320021489971347, "local_perc": 0.16292974588938713}, "TRIPURA": {"global_perc": 0.024, "local_perc": 0.01046337817638266}, "UTTAR PRADESH": {"global_perc": 0.0008429018300335287, "local_perc": 0.04484304932735426}, "West Bengal": {"global_perc": 0.002784822716196728, "local_perc": 0.05580468360737419}}, "partition_field": "Stat_Nam", "Vil_Nam": "Gagal", "Stat_Nam": "JAMMU & KASHMIR"}, {"data": [["Vet_Hos_Doc_In_Pos_Num", 1.0], ["Vet_Hos_Par_Med_Staf_Tot_Stren_Num", 9.0], 0.1111111111111111], "data_low": {"Stat_Nam": "JHARKHAND", "Vil_Nam": "Rampur", "Vet_Hos_Doc_In_Pos_Num": "1", "Vet_Hos_Par_Med_Staf_Tot_Stren_Num": "9", "id": 360961}, "data_high": {"Stat_Nam": "West Bengal", "Vil_Nam": "Muraripur", "Vet_Hos_Doc_In_Pos_Num": "3", "Vet_Hos_Par_Med_Staf_Tot_Stren_Num": "22", "id": 316233}, "perc": 0.04801477377654663, "metric": 99.95198611486329, "value_global_local": {"ANDAMAN & NICOBAR ISLANDS": {"global_perc": 0.007207207207207207, "local_perc": 0.013377926421404682}, "ASSAM": {"global_perc": 0.0007956052282629285, "local_perc": 0.07023411371237458}, "Arunachal Pradesh": {"global_perc": 0.0001789228842368939, "local_perc": 0.0033444816053511705}, "BIHAR": {"global_perc": 0.000178276953246869, "local_perc": 0.026755852842809364}, "CHHATTISGARH": {"global_perc": 0.00029812183245553017, "local_perc": 0.020066889632107024}, "HARYANA": {"global_perc": 0.000146177459435755, "local_perc": 0.0033444816053511705}, "HIMACHAL PRADESH": {"global_perc": 0.0009183180280328661, "local_perc": 0.06354515050167224}, "JAMMU & KASHMIR": {"global_perc": 0.0021364260643979855, "local_perc": 0.046822742474916385}, "JHARKHAND": {"global_perc": 6.173982836327716e-05, "local_perc": 0.006688963210702341}, "KARNATAKA": {"global_perc": 0.0005794137695978187, "local_perc": 0.056856187290969896}, "KERALA": {"global_perc": 0.010805500982318271, "local_perc": 0.03678929765886288}, "MADHYA PRADESH": {"global_perc": 0.00025499517330564815, "local_perc": 0.046822742474916385}, "MANIPUR": {"global_perc": 0.001162340178225494, "local_perc": 0.010033444816053512}, "Maharashtra": {"global_perc": 2.2901637467078896e-05, "local_perc": 0.0033444816053511705}, "NAGALAND": {"global_perc": 0.0007002801120448179, "local_perc": 0.0033444816053511705}, "Punjab": {"global_perc": 7.948493760432397e-05, "local_perc": 0.0033444816053511705}, "RAJASTHAN": {"global_perc": 0.00047009312320916904, "local_perc": 0.07023411371237458}, "TRIPURA": {"global_perc": 0.0034285714285714284, "local_perc": 0.010033444816053512}, "Tamil Nadu": {"global_perc": 0.00018774641717253895, "local_perc": 0.010033444816053512}, "UTTAR PRADESH": {"global_perc": 0.00019667709367449004, "local_perc": 0.07023411371237458}, "UTTARAKHAND": {"global_perc": 0.007145834573929613, "local_perc": 0.4013377926421405}, "West Bengal": {"global_perc": 0.0001740514197622955, "local_perc": 0.023411371237458192}}, "partition_field": "Stat_Nam", "Vil_Nam": "Rampur", "Stat_Nam": "JHARKHAND"}, {"data": [["Vet_Hos_Doc_In_Pos_Num", 1.0], ["Vet_Hos_Par_Med_Staf_Tot_Stren_Num", 4.0], 0.25], "data_low": {"Stat_Nam": "JAMMU & KASHMIR", "Vil_Nam": "Jahama", "Vet_Hos_Doc_In_Pos_Num": "1", "Vet_Hos_Par_Med_Staf_Tot_Stren_Num": "4", "id": 269}, "data_high": {"Stat_Nam": "RAJASTHAN", "Vil_Nam": "Barmer City (Rural)", "Vet_Hos_Doc_In_Pos_Num": "3", "Vet_Hos_Par_Med_Staf_Tot_Stren_Num": "11", "id": 87680}, "perc": 0.34943193223332936, "metric": 99.65056881529544, "value_global_local": {"ANDAMAN & NICOBAR ISLANDS": {"global_perc": 0.010810810810810811, "local_perc": 0.0027573529411764708}, "ANDHRA PRADESH": {"global_perc": 0.008129496402877698, "local_perc": 0.10386029411764706}, "ASSAM": {"global_perc": 0.010797499526425459, "local_perc": 0.13097426470588236}, "Arunachal Pradesh": {"global_perc": 0.0005367686527106817, "local_perc": 0.0013786764705882354}, "BIHAR": {"global_perc": 0.0012925079110398003, "local_perc": 0.02665441176470588}, "CHANDIGARH": {"global_perc": 0.2, "local_perc": 0.00045955882352941176}, "CHHATTISGARH": {"global_perc": 0.0009440524694425122, "local_perc": 0.008731617647058824}, "GOA": {"global_perc": 0.0029940119760479044, "local_perc": 0.00045955882352941176}, "HARYANA": {"global_perc": 0.00818593772840228, "local_perc": 0.025735294117647058}, "HIMACHAL PRADESH": {"global_perc": 0.0073465442242629285, "local_perc": 0.06985294117647059}, "JAMMU & KASHMIR": {"global_perc": 0.018464825270868304, "local_perc": 0.05560661764705882}, "JHARKHAND": {"global_perc": 0.0004321787985429401, "local_perc": 0.006433823529411764}, "KARNATAKA": {"global_perc": 0.008384458077709612, "local_perc": 0.1130514705882353}, "KERALA": {"global_perc": 0.13359528487229863, "local_perc": 0.0625}, "MADHYA PRADESH": {"global_perc": 0.0014389013350818716, "local_perc": 0.03630514705882353}, "MANIPUR": {"global_perc": 0.005036807438977141, "local_perc": 0.0059742647058823525}, "MIZORAM": {"global_perc": 0.0012048192771084338, "local_perc": 0.00045955882352941176}, "Maharashtra": {"global_perc": 0.00025191801213786787, "local_perc": 0.00505514705882353}, "NAGALAND": {"global_perc": 0.0014005602240896359, "local_perc": 0.0009191176470588235}, "Punjab": {"global_perc": 0.003179397504172959, "local_perc": 0.01838235294117647}, "RAJASTHAN": {"global_perc": 0.004141296561604585, "local_perc": 0.08501838235294118}, "SIKKIM": {"global_perc": 0.0022172949002217295, "local_perc": 0.00045955882352941176}, "TRIPURA": {"global_perc": 0.010285714285714285, "local_perc": 0.004136029411764706}, "Tamil Nadu": {"global_perc": 0.003191689091933162, "local_perc": 0.0234375}, "UTTAR PRADESH": {"global_perc": 0.0024256841553187106, "local_perc": 0.11902573529411764}, "UTTARAKHAND": {"global_perc": 0.01071875186089442, "local_perc": 0.08272058823529412}, "West Bengal": {"global_perc": 0.0005221542592868865, "local_perc": 0.009650735294117647}}, "partition_field": "Stat_Nam", "Vil_Nam": "Jahama", "Stat_Nam": "JAMMU & KASHMIR"}, {"data": [["Vet_Hos_Doc_In_Pos_Num", 3.0], ["Vet_Hos_Par_Med_Staf_Tot_Stren_Num", 8.0], 0.375], "data_low": {"Stat_Nam": "JAMMU & KASHMIR", "Vil_Nam": "Bernate", "Vet_Hos_Doc_In_Pos_Num": "2", "Vet_Hos_Par_Med_Staf_Tot_Stren_Num": "5", "id": 2554}, "data_high": {"Stat_Nam": "UTTARAKHAND", "Vil_Nam": "Jauligrant", "Vet_Hos_Doc_In_Pos_Num": "4", "Vet_Hos_Par_Med_Staf_Tot_Stren_Num": "10", "id": 45051}, "perc": 0.007708057328676382, "metric": 99.99229256774817, "value_global_local": {"ASSAM": {"global_perc": 7.577192650123129e-05, "local_perc": 0.041666666666666664}, "BIHAR": {"global_perc": 0.0003119846681820208, "local_perc": 0.2916666666666667}, "CHHATTISGARH": {"global_perc": 4.9686972075921695e-05, "local_perc": 0.020833333333333332}, "HIMACHAL PRADESH": {"global_perc": 0.00014499758337361044, "local_perc": 0.0625}, "JAMMU & KASHMIR": {"global_perc": 0.0003052037234854265, "local_perc": 0.041666666666666664}, "KARNATAKA": {"global_perc": 3.408316291751875e-05, "local_perc": 0.020833333333333332}, "KERALA": {"global_perc": 0.004911591355599214, "local_perc": 0.10416666666666667}, "Maharashtra": {"global_perc": 2.2901637467078896e-05, "local_perc": 0.020833333333333332}, "RAJASTHAN": {"global_perc": 2.238538681948424e-05, "local_perc": 0.020833333333333332}, "Tamil Nadu": {"global_perc": 0.00018774641717253895, "local_perc": 0.0625}, "UTTAR PRADESH": {"global_perc": 4.682787944630715e-05, "local_perc": 0.10416666666666667}, "UTTARAKHAND": {"global_perc": 0.00017864586434824034, "local_perc": 0.0625}, "West Bengal": {"global_perc": 0.0001740514197622955, "local_perc": 0.14583333333333334}}, "partition_field": "Stat_Nam", "Vil_Nam": "Mahanth Maniari", "Stat_Nam": "BIHAR"}, {"data": [["Vet_Hos_Doc_In_Pos_Num", 1.0], ["Vet_Hos_Par_Med_Staf_Tot_Stren_Num", 2.0], 0.5], "data_low": {"Stat_Nam": "JAMMU & KASHMIR", "Vil_Nam": "Dudi", "Vet_Hos_Doc_In_Pos_Num": "1", "Vet_Hos_Par_Med_Staf_Tot_Stren_Num": "2", "id": 10}, "data_high": {"Stat_Nam": "HIMACHAL PRADESH", "Vil_Nam": "Badghawar  (276)", "Vet_Hos_Doc_In_Pos_Num": "4", "Vet_Hos_Par_Med_Staf_Tot_Stren_Num": "8", "id": 11515}, "perc": 1.3078003934320928, "metric": 98.69220010012761, "value_global_local": {"": {"global_perc": 0.015320286132261298, "local_perc": 0.9798624754420432}, "ALAMPUR": {"global_perc": 0.07142857142857142, "local_perc": 0.00012278978388998034}, "AMBALA": {"global_perc": 0.2, "local_perc": 0.00012278978388998034}, "AMLEHAR": {"global_perc": 0.3333333333333333, "local_perc": 0.00012278978388998034}, "AMRUT": {"global_perc": 0.14285714285714285, "local_perc": 0.00012278978388998034}, "ANDRANA": {"global_perc": 0.5, "local_perc": 0.00012278978388998034}, "BAHADURPUR": {"global_perc": 0.023809523809523808, "local_perc": 0.00012278978388998034}, "BAIJUWAPUR": {"global_perc": 1.0, "local_perc": 0.00012278978388998034}, "BAIRGHATTA": {"global_perc": 0.5, "local_perc": 0.00012278978388998034}, "BAIRHATTA": {"global_perc": 0.5, "local_perc": 0.00012278978388998034}, "BALAK RUPI": {"global_perc": 1.0, "local_perc": 0.0002455795677799607}, "BALH BHURIAN": {"global_perc": 1.0, "local_perc": 0.00012278978388998034}, "BANDLA": {"global_perc": 0.3333333333333333, "local_perc": 0.00012278978388998034}, "BANGANA": {"global_perc": 0.0625, "local_perc": 0.00012278978388998034}, "BARAMATI": {"global_perc": 1.0, "local_perc": 0.00012278978388998034}, "BARAPATI": {"global_perc": 1.0, "local_perc": 0.00012278978388998034}, "BARIGARH": {"global_perc": 1.0, "local_perc": 0.00012278978388998034}, "BAROG LAHR": {"global_perc": 0.14285714285714285, "local_perc": 0.00012278978388998034}, "BEHDALA": {"global_perc": 0.3333333333333333, "local_perc": 0.00012278978388998034}, "BELHAN": {"global_perc": 0.3333333333333333, "local_perc": 0.00012278978388998034}, "BHAGWANPUR": {"global_perc": 0.034482758620689655, "local_perc": 0.00012278978388998034}, "BHAKHRA": {"global_perc": 1.0, "local_perc": 0.00012278978388998034}, "BHATWARA": {"global_perc": 0.3333333333333333, "local_perc": 0.0002455795677799607}, "BHERI": {"global_perc": 0.16666666666666666, "local_perc": 0.00012278978388998034}, "BHOTA": {"global_perc": 0.16666666666666666, "local_perc": 0.0002455795677799607}, "BIGHBEHARA": {"global_perc": 0.25, "local_perc": 0.00012278978388998034}, "BOSWAN": {"global_perc": 1.0, "local_perc": 0.00012278978388998034}, "BRAKHARI": {"global_perc": 1.0, "local_perc": 0.00012278978388998034}, "BRUA": {"global_perc": 0.5, "local_perc": 0.00012278978388998034}, "CHAIDE": {"global_perc": 0.1, "local_perc": 0.0002455795677799607}, "CHAMKOTE": {"global_perc": 0.5, "local_perc": 0.00012278978388998034}, "CHAMUWA GUNTH": {"global_perc": 1.0, "local_perc": 0.00012278978388998034}, "CHAURA": {"global_perc": 0.0625, "local_perc": 0.00012278978388998034}, "CHAUTHI BAND": {"global_perc": 1.0, "local_perc": 0.00012278978388998034}, "CHIKKUR": {"global_perc": 1.0, "local_perc": 0.00012278978388998034}, "CHINTAKI": {"global_perc": 1.0, "local_perc": 0.00012278978388998034}, "CHIPGI": {"global_perc": 1.0, "local_perc": 0.00012278978388998034}, "CHOKHARA": {"global_perc": 1.0, "local_perc": 0.00012278978388998034}, "DADHWALKAR": {"global_perc": 0.5, "local_perc": 0.00012278978388998034}, "DAIRA": {"global_perc": 1.0, "local_perc": 0.00012278978388998034}, "DANGRI": {"global_perc": 0.125, "local_perc": 0.00012278978388998034}, "DARAMAN": {"global_perc": 0.14285714285714285, "local_perc": 0.00012278978388998034}, "DHAULADEVI": {"global_perc": 1.0, "local_perc": 0.00012278978388998034}, "DHOLARA": {"global_perc": 0.5, "local_perc": 0.00012278978388998034}, "DRUP KAYARA": {"global_perc": 1.0, "local_perc": 0.00012278978388998034}, "ETAUNJA": {"global_perc": 0.3333333333333333, "local_perc": 0.00012278978388998034}, "GAJODIH": {"global_perc": 1.0, "local_perc": 0.00012278978388998034}, "GANDAR": {"global_perc": 1.0, "local_perc": 0.00012278978388998034}, "GANGDIH": {"global_perc": 1.0, "local_perc": 0.00012278978388998034}, "GARH": {"global_perc": 0.1, "local_perc": 0.00012278978388998034}, "GATWAR": {"global_perc": 1.0, "local_perc": 0.00012278978388998034}, "GOVARDHANPUR": {"global_perc": 1.0, "local_perc": 0.0004911591355599214}, "GURURA": {"global_perc": 1.0, "local_perc": 0.00012278978388998034}, "GUTAKBARA": {"global_perc": 1.0, "local_perc": 0.00012278978388998034}, "HAR": {"global_perc": 0.1111111111111111, "local_perc": 0.00012278978388998034}, "HARHUA": {"global_perc": 0.3333333333333333, "local_perc": 0.00012278978388998034}, "HARIPUR KALAN": {"global_perc": 1.0, "local_perc": 0.00012278978388998034}, "HAVASPUR": {"global_perc": 1.0, "local_perc": 0.0002455795677799607}, "HUDOLI": {"global_perc": 0.5, "local_perc": 0.00012278978388998034}, "IRUSALAKUPPAM": {"global_perc": 1.0, "local_perc": 0.00012278978388998034}, "ISMAILPUR": {"global_perc": 0.08333333333333333, "local_perc": 0.00012278978388998034}, "JAIJAR": {"global_perc": 0.14285714285714285, "local_perc": 0.00012278978388998034}, "JAMBGI(K.D)": {"global_perc": 1.0, "local_perc": 0.00012278978388998034}, "K. CHINGKHONG": {"global_perc": 0.25, "local_perc": 0.00012278978388998034}, "KALUR": {"global_perc": 1.0, "local_perc": 0.00012278978388998034}, "KANAH BAJNAL": {"global_perc": 0.14285714285714285, "local_perc": 0.00012278978388998034}, "KASEHDA": {"global_perc": 1.0, "local_perc": 0.00012278978388998034}, "KASLA": {"global_perc": 0.16666666666666666, "local_perc": 0.00012278978388998034}, "KHAIRA": {"global_perc": 0.058823529411764705, "local_perc": 0.00012278978388998034}, "KHAIRA BUHLA": {"global_perc": 0.3333333333333333, "local_perc": 0.00012278978388998034}, "KHARIKURD": {"global_perc": 1.0, "local_perc": 0.00012278978388998034}, "KHERI": {"global_perc": 0.07692307692307693, "local_perc": 0.00012278978388998034}, "KHUMARIPUR": {"global_perc": 1.0, "local_perc": 0.00012278978388998034}, "KISHANPUR": {"global_perc": 0.2222222222222222, "local_perc": 0.0002455795677799607}, "KISHUNPUR": {"global_perc": 0.06666666666666667, "local_perc": 0.00012278978388998034}, "KONI": {"global_perc": 0.16666666666666666, "local_perc": 0.00012278978388998034}, "KORU": {"global_perc": 1.0, "local_perc": 0.00012278978388998034}, "KOSARIAN": {"global_perc": 0.5, "local_perc": 0.00012278978388998034}, "KOTHI": {"global_perc": 0.02702702702702703, "local_perc": 0.00012278978388998034}, "KOTLU": {"global_perc": 0.3333333333333333, "local_perc": 0.00012278978388998034}, "KUBERPUR KUTULOOPUR": {"global_perc": 1.0, "local_perc": 0.00012278978388998034}, "KUHN KHAS": {"global_perc": 0.5, "local_perc": 0.00012278978388998034}, "Kurumpilav": {"global_perc": 1.0, "local_perc": 0.00012278978388998034}, "LAHRU": {"global_perc": 0.25, "local_perc": 0.0002455795677799607}, "LAKHWAR": {"global_perc": 0.25, "local_perc": 0.00012278978388998034}, "LAMBA GAON": {"global_perc": 0.5, "local_perc": 0.00012278978388998034}, "LATIANA": {"global_perc": 1.0, "local_perc": 0.00012278978388998034}, "LOHARI ENAYATGANJ": {"global_perc": 1.0, "local_perc": 0.00012278978388998034}, "LOPOKE": {"global_perc": 0.5, "local_perc": 0.00012278978388998034}, "M.DURAISWAMIPURAM": {"global_perc": 1.0, "local_perc": 0.00012278978388998034}, "MAHURI": {"global_perc": 0.25, "local_perc": 0.00012278978388998034}, "MALOTHI": {"global_perc": 1.0, "local_perc": 0.00012278978388998034}, "MANDRE PUR": {"global_perc": 1.0, "local_perc": 0.00012278978388998034}, "MANGLORE": {"global_perc": 0.2, "local_perc": 0.00012278978388998034}, "MAYAPUR": {"global_perc": 0.6, "local_perc": 0.00036836935166994106}, "MOHANPUR": {"global_perc": 0.12, "local_perc": 0.0011051080550098231}, "MUSIRIYAM": {"global_perc": 1.0, "local_perc": 0.00012278978388998034}, "N.A.": {"global_perc": 0.0014207236218980867, "local_perc": 0.0018418467583497054}, "NAGWA": {"global_perc": 0.5, "local_perc": 0.00012278978388998034}, "NAKKAMBADI": {"global_perc": 0.5, "local_perc": 0.00012278978388998034}, "NARAHUN": {"global_perc": 0.125, "local_perc": 0.00012278978388998034}, "PALASI": {"global_perc": 0.25, "local_perc": 0.00012278978388998034}, "PALLIKKADU": {"global_perc": 1.0, "local_perc": 0.00012278978388998034}, "PAPLAH": {"global_perc": 0.42857142857142855, "local_perc": 0.00036836935166994106}, "PAREWA T. KISHANI": {"global_perc": 1.0, "local_perc": 0.00012278978388998034}, "PHULHAR KHURD": {"global_perc": 1.0, "local_perc": 0.00012278978388998034}, "PRANPUR": {"global_perc": 0.09090909090909091, "local_perc": 0.00012278978388998034}, "PULLERI": {"global_perc": 0.5, "local_perc": 0.00012278978388998034}, "RAGHUPUR": {"global_perc": 0.2, "local_perc": 0.00012278978388998034}, "RAMGARHA": {"global_perc": 1.0, "local_perc": 0.00012278978388998034}, "RANIPOKHRI": {"global_perc": 0.25, "local_perc": 0.00012278978388998034}, "SAIFPUR KARAMCHANDPUR": {"global_perc": 1.0, "local_perc": 0.00012278978388998034}, "SAMDAWAR": {"global_perc": 1.0, "local_perc": 0.00012278978388998034}, "SARWABAZAR": {"global_perc": 1.0, "local_perc": 0.00012278978388998034}, "SHAKOH": {"global_perc": 1.0, "local_perc": 0.00012278978388998034}, "SIRHIR": {"global_perc": 1.0, "local_perc": 0.00012278978388998034}, "SIRUVADI": {"global_perc": 1.0, "local_perc": 0.00012278978388998034}, "SITA PUR": {"global_perc": 1.0, "local_perc": 0.00012278978388998034}, "SOMANDURAI": {"global_perc": 1.0, "local_perc": 0.00012278978388998034}, "SOMESHWAR": {"global_perc": 0.3333333333333333, "local_perc": 0.00012278978388998034}, "SURARYOR": {"global_perc": 1.0, "local_perc": 0.00012278978388998034}, "SYAHI DEVI GUNTH": {"global_perc": 1.0, "local_perc": 0.00012278978388998034}, "TANDI": {"global_perc": 0.25, "local_perc": 0.00012278978388998034}, "TIHRA": {"global_perc": 0.14285714285714285, "local_perc": 0.00012278978388998034}, "UMARPUR": {"global_perc": 0.125, "local_perc": 0.00012278978388998034}, "UNERA": {"global_perc": 1.0, "local_perc": 0.00012278978388998034}, "USILAMPATTI": {"global_perc": 1.0, "local_perc": 0.00012278978388998034}, "VADASERI NORTH": {"global_perc": 1.0, "local_perc": 0.00012278978388998034}, "VARAKALPATTU": {"global_perc": 1.0, "local_perc": 0.00012278978388998034}}, "partition_field": "Near_Vil_Tow_Nam_hav_Prim_School", "Vil_Nam": "Dudi", "Stat_Nam": "JAMMU & KASHMIR"}, {"data": [["Vet_Hos_Doc_In_Pos_Num", 2.0], ["Vet_Hos_Par_Med_Staf_Tot_Stren_Num", 3.0], 0.6666666666666666], "data_low": {"Stat_Nam": "JAMMU & KASHMIR", "Vil_Nam": "Dard Pora", "Vet_Hos_Doc_In_Pos_Num": "2", "Vet_Hos_Par_Med_Staf_Tot_Stren_Num": "3", "id": 83}, "data_high": {"Stat_Nam": "RAJASTHAN", "Vil_Nam": "Tiwari", "Vet_Hos_Doc_In_Pos_Num": "4", "Vet_Hos_Par_Med_Staf_Tot_Stren_Num": "6", "id": 84095}, "perc": 0.04560600586133526, "metric": 99.95439432738661, "value_global_local": {"ANDHRA PRADESH": {"global_perc": 0.0001079136690647482, "local_perc": 0.01056338028169014}, "ASSAM": {"global_perc": 0.00011365788975184695, "local_perc": 0.01056338028169014}, "BIHAR": {"global_perc": 0.0006685385746757588, "local_perc": 0.1056338028169014}, "CHHATTISGARH": {"global_perc": 9.937394415184339e-05, "local_perc": 0.007042253521126761}, "HARYANA": {"global_perc": 0.000146177459435755, "local_perc": 0.0035211267605633804}, "HIMACHAL PRADESH": {"global_perc": 0.0005799903334944418, "local_perc": 0.04225352112676056}, "JAMMU & KASHMIR": {"global_perc": 0.0015260186174271325, "local_perc": 0.035211267605633804}, "JHARKHAND": {"global_perc": 6.173982836327716e-05, "local_perc": 0.007042253521126761}, "KARNATAKA": {"global_perc": 3.408316291751875e-05, "local_perc": 0.0035211267605633804}, "KERALA": {"global_perc": 0.0068762278978389, "local_perc": 0.02464788732394366}, "MADHYA PRADESH": {"global_perc": 0.00291423055206455, "local_perc": 0.5633802816901409}, "MANIPUR": {"global_perc": 0.0019372336303758234, "local_perc": 0.017605633802816902}, "Punjab": {"global_perc": 0.00023845481281297194, "local_perc": 0.01056338028169014}, "RAJASTHAN": {"global_perc": 8.954154727793696e-05, "local_perc": 0.014084507042253521}, "Tamil Nadu": {"global_perc": 0.00018774641717253895, "local_perc": 0.01056338028169014}, "UTTAR PRADESH": {"global_perc": 0.00027160170078858147, "local_perc": 0.10211267605633803}, "UTTARAKHAND": {"global_perc": 0.0004763889715953076, "local_perc": 0.028169014084507043}, "West Bengal": {"global_perc": 2.4864488537470783e-05, "local_perc": 0.0035211267605633804}}, "partition_field": "Stat_Nam", "Vil_Nam": "Dard Pora", "Stat_Nam": "JAMMU & KASHMIR"}, {"data": [["Vet_Hos_Doc_In_Pos_Num", 4.0], ["Vet_Hos_Par_Med_Staf_Tot_Stren_Num", 5.0], 0.8], "data_low": {"Stat_Nam": "Punjab", "Vil_Nam": "Harnampur (372)", "Vet_Hos_Doc_In_Pos_Num": "4", "Vet_Hos_Par_Med_Staf_Tot_Stren_Num": "5", "id": 38513}, "data_high": {"Stat_Nam": "Punjab", "Vil_Nam": "Harnampur (372)", "Vet_Hos_Doc_In_Pos_Num": "4", "Vet_Hos_Par_Med_Staf_Tot_Stren_Num": "5", "id": 38513}, "perc": 0.00016058452768075794, "metric": 99.999839615512, "value_global_local": {}, "partition_field": null, "Vil_Nam": "Harnampur (372)", "Stat_Nam": "Punjab"}, {"data": [["Vet_Hos_Doc_In_Pos_Num", 1.0], ["Vet_Hos_Par_Med_Staf_Tot_Stren_Num", 1.0], 1.0], "data_low": {"Stat_Nam": "JAMMU & KASHMIR", "Vil_Nam": "Batter Gam", "Vet_Hos_Doc_In_Pos_Num": "1", "Vet_Hos_Par_Med_Staf_Tot_Stren_Num": "1", "id": 60}, "data_high": {"Stat_Nam": "JAMMU & KASHMIR", "Vil_Nam": "Khanan", "Vet_Hos_Doc_In_Pos_Num": "5", "Vet_Hos_Par_Med_Staf_Tot_Stren_Num": "5", "id": 2857}, "perc": 2.499337588823317, "metric": 97.50066241117668, "value_global_local": {"": {"global_perc": 0.029289008174658942, "local_perc": 0.9802107427396556}, "ADHARPUR": {"global_perc": 0.25, "local_perc": 6.425083526085839e-05}, "AHMEDGARH": {"global_perc": 1.0, "local_perc": 6.425083526085839e-05}, "AILIYARA MALLA": {"global_perc": 1.0, "local_perc": 6.425083526085839e-05}, "ALABKPUR": {"global_perc": 1.0, "local_perc": 6.425083526085839e-05}, "ANACHI": {"global_perc": 0.5, "local_perc": 6.425083526085839e-05}, "AREKALHOSAHALLI": {"global_perc": 0.5, "local_perc": 6.425083526085839e-05}, "ATARDEEH": {"global_perc": 1.0, "local_perc": 6.425083526085839e-05}, "ATTARI": {"global_perc": 0.2, "local_perc": 6.425083526085839e-05}, "ATTIBELE": {"global_perc": 0.5, "local_perc": 6.425083526085839e-05}, "B.B.NAGAR": {"global_perc": 0.5, "local_perc": 6.425083526085839e-05}, "BABHANI": {"global_perc": 0.010416666666666666, "local_perc": 0.00012850167052171679}, "BADHGAWAN": {"global_perc": 1.0, "local_perc": 6.425083526085839e-05}, "BADIYANI  KHURD": {"global_perc": 1.0, "local_perc": 6.425083526085839e-05}, "BADOL": {"global_perc": 0.5, "local_perc": 6.425083526085839e-05}, "BAGAHI": {"global_perc": 0.2, "local_perc": 6.425083526085839e-05}, "BAGGA": {"global_perc": 1.0, "local_perc": 6.425083526085839e-05}, "BAHADURGARH": {"global_perc": 1.0, "local_perc": 6.425083526085839e-05}, "BAKAMI": {"global_perc": 1.0, "local_perc": 6.425083526085839e-05}, "BAKHRUNDA": {"global_perc": 0.2, "local_perc": 6.425083526085839e-05}, "BALLAGAN": {"global_perc": 1.0, "local_perc": 6.425083526085839e-05}, "BALRAMPUR": {"global_perc": 0.1, "local_perc": 6.425083526085839e-05}, "BANDULAHAR": {"global_perc": 1.0, "local_perc": 6.425083526085839e-05}, "BANGA": {"global_perc": 0.5, "local_perc": 6.425083526085839e-05}, "BANGRA": {"global_perc": 0.6666666666666666, "local_perc": 0.00025700334104343357}, "BANSDIH": {"global_perc": 0.1, "local_perc": 6.425083526085839e-05}, "BARARA": {"global_perc": 0.5, "local_perc": 6.425083526085839e-05}, "BASAVANAHALLI": {"global_perc": 0.2, "local_perc": 6.425083526085839e-05}, "BASEDOUR": {"global_perc": 0.3333333333333333, "local_perc": 6.425083526085839e-05}, "BASINI": {"global_perc": 1.0, "local_perc": 6.425083526085839e-05}, "BASSI": {"global_perc": 0.09090909090909091, "local_perc": 6.425083526085839e-05}, "BATOL": {"global_perc": 0.14285714285714285, "local_perc": 6.425083526085839e-05}, "BAWAL": {"global_perc": 0.5, "local_perc": 6.425083526085839e-05}, "BAZARKUNANG": {"global_perc": 0.25, "local_perc": 6.425083526085839e-05}, "BEAR KHURD": {"global_perc": 0.1, "local_perc": 6.425083526085839e-05}, "BEGUMSARAI": {"global_perc": 1.0, "local_perc": 6.425083526085839e-05}, "BHAGESARA": {"global_perc": 1.0, "local_perc": 6.425083526085839e-05}, "BHAGWAN PUR": {"global_perc": 0.16666666666666666, "local_perc": 6.425083526085839e-05}, "BHAIRPUR": {"global_perc": 0.5, "local_perc": 6.425083526085839e-05}, "BHALAWAG": {"global_perc": 0.5, "local_perc": 6.425083526085839e-05}, "BHALUANI": {"global_perc": 0.5, "local_perc": 6.425083526085839e-05}, "BHARPAHI": {"global_perc": 0.5, "local_perc": 6.425083526085839e-05}, "BHATHAR": {"global_perc": 0.5, "local_perc": 6.425083526085839e-05}, "BHAWAN SINGH NAWAR": {"global_perc": 0.5, "local_perc": 6.425083526085839e-05}, "BHUNGWAR": {"global_perc": 1.0, "local_perc": 0.00012850167052171679}, "BHURIA BHOOR": {"global_perc": 1.0, "local_perc": 6.425083526085839e-05}, "BOHALA": {"global_perc": 1.0, "local_perc": 6.425083526085839e-05}, "BOPPANAHALLI": {"global_perc": 1.0, "local_perc": 6.425083526085839e-05}, "BORAGAONWADI": {"global_perc": 1.0, "local_perc": 6.425083526085839e-05}, "CHAK BAMUN": {"global_perc": 0.6666666666666666, "local_perc": 0.00012850167052171679}, "CHAK NIVRANI": {"global_perc": 1.0, "local_perc": 6.425083526085839e-05}, "CHALAGERI": {"global_perc": 0.3333333333333333, "local_perc": 6.425083526085839e-05}, "CHAMDAR": {"global_perc": 0.25, "local_perc": 6.425083526085839e-05}, "CHAND": {"global_perc": 0.2, "local_perc": 6.425083526085839e-05}, "CHANDDIH": {"global_perc": 0.5, "local_perc": 6.425083526085839e-05}, "CHARKHI": {"global_perc": 0.5, "local_perc": 6.425083526085839e-05}, "CHASU": {"global_perc": 0.2, "local_perc": 6.425083526085839e-05}, "CHENNAKAL": {"global_perc": 0.3333333333333333, "local_perc": 6.425083526085839e-05}, "CHERUIRAM JAILAL": {"global_perc": 0.5, "local_perc": 6.425083526085839e-05}, "CHETANPURA": {"global_perc": 1.0, "local_perc": 6.425083526085839e-05}, "CHHANGLA": {"global_perc": 0.2, "local_perc": 6.425083526085839e-05}, "CHINGUS": {"global_perc": 1.0, "local_perc": 6.425083526085839e-05}, "CHOWDAPUR": {"global_perc": 1.0, "local_perc": 6.425083526085839e-05}, "DABHIYAR": {"global_perc": 1.0, "local_perc": 6.425083526085839e-05}, "DANASALI": {"global_perc": 0.5, "local_perc": 6.425083526085839e-05}, "DEOTH": {"global_perc": 0.3333333333333333, "local_perc": 6.425083526085839e-05}, "DEVPUR SANWAL": {"global_perc": 0.08333333333333333, "local_perc": 6.425083526085839e-05}, "DHARWAD": {"global_perc": 0.14285714285714285, "local_perc": 6.425083526085839e-05}, "DHIRAR": {"global_perc": 0.5, "local_perc": 6.425083526085839e-05}, "DODMANE": {"global_perc": 0.125, "local_perc": 6.425083526085839e-05}, "DUHAK KHURD": {"global_perc": 0.3333333333333333, "local_perc": 6.425083526085839e-05}, "Dhaliwal Bet": {"global_perc": 1.0, "local_perc": 0.00012850167052171679}, "ELLENABAD": {"global_perc": 1.0, "local_perc": 6.425083526085839e-05}, "FATEHPUR": {"global_perc": 0.015873015873015872, "local_perc": 6.425083526085839e-05}, "FULANG": {"global_perc": 0.3333333333333333, "local_perc": 6.425083526085839e-05}, "FURRA": {"global_perc": 0.3333333333333333, "local_perc": 6.425083526085839e-05}, "GAGAL": {"global_perc": 0.2, "local_perc": 6.425083526085839e-05}, "GAGOTI": {"global_perc": 0.25, "local_perc": 6.425083526085839e-05}, "GAHARI": {"global_perc": 1.0, "local_perc": 6.425083526085839e-05}, "GAHNI": {"global_perc": 0.3333333333333333, "local_perc": 6.425083526085839e-05}, "GAON": {"global_perc": 0.2, "local_perc": 0.00019275250578257516}, "GARALAG": {"global_perc": 1.0, "local_perc": 6.425083526085839e-05}, "GARHWA": {"global_perc": 0.14285714285714285, "local_perc": 6.425083526085839e-05}, "GARNI": {"global_perc": 0.07692307692307693, "local_perc": 6.425083526085839e-05}, "GARRICHAK": {"global_perc": 1.0, "local_perc": 6.425083526085839e-05}, "GAWON": {"global_perc": 1.0, "local_perc": 6.425083526085839e-05}, "GIGENAHALLI": {"global_perc": 0.5, "local_perc": 6.425083526085839e-05}, "GOLLARAGUDI": {"global_perc": 0.5, "local_perc": 6.425083526085839e-05}, "GOPALPUR": {"global_perc": 0.008333333333333333, "local_perc": 6.425083526085839e-05}, "GUDDADUR": {"global_perc": 1.0, "local_perc": 6.425083526085839e-05}, "GUMRU": {"global_perc": 0.3333333333333333, "local_perc": 6.425083526085839e-05}, "HABAN": {"global_perc": 1.0, "local_perc": 6.425083526085839e-05}, "HARDI": {"global_perc": 0.125, "local_perc": 6.425083526085839e-05}, "HAREHR": {"global_perc": 0.5, "local_perc": 6.425083526085839e-05}, "HARGURAIYA": {"global_perc": 1.0, "local_perc": 6.425083526085839e-05}, "HARHUA": {"global_perc": 0.3333333333333333, "local_perc": 6.425083526085839e-05}, "HARIHARPUR": {"global_perc": 0.03225806451612903, "local_perc": 6.425083526085839e-05}, "HARIRAMPUR": {"global_perc": 0.14285714285714285, "local_perc": 6.425083526085839e-05}, "HARNOT": {"global_perc": 1.0, "local_perc": 6.425083526085839e-05}, "HUBLI": {"global_perc": 0.2, "local_perc": 6.425083526085839e-05}, "HUNASANAKODIHALLI": {"global_perc": 1.0, "local_perc": 6.425083526085839e-05}, "IBRAHIMPUR": {"global_perc": 0.1, "local_perc": 6.425083526085839e-05}, "ISHAPUR": {"global_perc": 0.3333333333333333, "local_perc": 6.425083526085839e-05}, "ISMAILA-11B": {"global_perc": 1.0, "local_perc": 6.425083526085839e-05}, "JAGATPUR": {"global_perc": 0.047619047619047616, "local_perc": 6.425083526085839e-05}, "JAIDPUR": {"global_perc": 1.0, "local_perc": 6.425083526085839e-05}, "JANDRU": {"global_perc": 0.5, "local_perc": 6.425083526085839e-05}, "JANGAL GHAT": {"global_perc": 1.0, "local_perc": 6.425083526085839e-05}, "JANGLIANA": {"global_perc": 0.5, "local_perc": 6.425083526085839e-05}, "JATEHRI": {"global_perc": 1.0, "local_perc": 6.425083526085839e-05}, "JATHLANA": {"global_perc": 0.5, "local_perc": 6.425083526085839e-05}, "JHAKHYOY": {"global_perc": 1.0, "local_perc": 6.425083526085839e-05}, "JHAMKE": {"global_perc": 1.0, "local_perc": 6.425083526085839e-05}, "JHARAL": {"global_perc": 0.5, "local_perc": 6.425083526085839e-05}, "JISPA": {"global_perc": 0.5, "local_perc": 6.425083526085839e-05}, "JUGRAJPUR": {"global_perc": 1.0, "local_perc": 6.425083526085839e-05}, "KAFALI": {"global_perc": 1.0, "local_perc": 6.425083526085839e-05}, "KALAGARU": {"global_perc": 0.16666666666666666, "local_perc": 6.425083526085839e-05}, "KALAYAT": {"global_perc": 1.0, "local_perc": 0.00012850167052171679}, "KALEWAL BAGTAN": {"global_perc": 0.5, "local_perc": 6.425083526085839e-05}, "KANADU": {"global_perc": 1.0, "local_perc": 6.425083526085839e-05}, "KANDHALA SHEIKAN": {"global_perc": 1.0, "local_perc": 6.425083526085839e-05}, "KARIALA": {"global_perc": 0.5, "local_perc": 6.425083526085839e-05}, "KARLI KALH": {"global_perc": 0.2, "local_perc": 6.425083526085839e-05}, "KATKA": {"global_perc": 0.5, "local_perc": 6.425083526085839e-05}, "KAUL": {"global_perc": 1.0, "local_perc": 6.425083526085839e-05}, "KAYALPUR": {"global_perc": 1.0, "local_perc": 6.425083526085839e-05}, "KEELAIYUR": {"global_perc": 1.0, "local_perc": 6.425083526085839e-05}, "KHAI": {"global_perc": 1.0, "local_perc": 6.425083526085839e-05}, "KHAIRHI": {"global_perc": 0.6666666666666666, "local_perc": 0.00025700334104343357}, "KHALI": {"global_perc": 0.3333333333333333, "local_perc": 6.425083526085839e-05}, "KHANDHAR": {"global_perc": 1.0, "local_perc": 6.425083526085839e-05}, "KHANYOL  BAGRA": {"global_perc": 1.0, "local_perc": 6.425083526085839e-05}, "KHEIRI": {"global_perc": 0.5, "local_perc": 6.425083526085839e-05}, "KHIRANWALI": {"global_perc": 0.5, "local_perc": 6.425083526085839e-05}, "KHUDA": {"global_perc": 0.5, "local_perc": 6.425083526085839e-05}, "KHUTHI": {"global_perc": 0.5, "local_perc": 6.425083526085839e-05}, "KOKKARAPATTY": {"global_perc": 1.0, "local_perc": 6.425083526085839e-05}, "KONE": {"global_perc": 1.0, "local_perc": 6.425083526085839e-05}, "KOPPA S.K": {"global_perc": 1.0, "local_perc": 6.425083526085839e-05}, "KOSLI": {"global_perc": 0.3333333333333333, "local_perc": 6.425083526085839e-05}, "KOT GANGURAI": {"global_perc": 1.0, "local_perc": 6.425083526085839e-05}, "KOT KAWAL": {"global_perc": 1.0, "local_perc": 6.425083526085839e-05}, "KOTI": {"global_perc": 0.045454545454545456, "local_perc": 6.425083526085839e-05}, "KUMBARHAL": {"global_perc": 1.0, "local_perc": 6.425083526085839e-05}, "KUNNAVAKKAM": {"global_perc": 0.5, "local_perc": 6.425083526085839e-05}, "KURAVEDIYA": {"global_perc": 1.0, "local_perc": 6.425083526085839e-05}, "LAHRU": {"global_perc": 0.125, "local_perc": 6.425083526085839e-05}, "LALGANJ": {"global_perc": 0.16, "local_perc": 0.00025700334104343357}, "LAMACHAUR KHAS": {"global_perc": 0.25, "local_perc": 6.425083526085839e-05}, "LATHYANI": {"global_perc": 0.125, "local_perc": 6.425083526085839e-05}, "MACHAGOWDANAHALLI": {"global_perc": 0.1111111111111111, "local_perc": 6.425083526085839e-05}, "MAGOD": {"global_perc": 0.5, "local_perc": 6.425083526085839e-05}, "MAHALAU": {"global_perc": 1.0, "local_perc": 6.425083526085839e-05}, "MAJHOLI": {"global_perc": 0.16666666666666666, "local_perc": 6.425083526085839e-05}, "MALIHAPUR": {"global_perc": 1.0, "local_perc": 6.425083526085839e-05}, "MALUR": {"global_perc": 0.5, "local_perc": 6.425083526085839e-05}, "MANGEWAL": {"global_perc": 0.5, "local_perc": 6.425083526085839e-05}, "MANJGRAN": {"global_perc": 0.5, "local_perc": 6.425083526085839e-05}, "MANOH": {"global_perc": 0.14285714285714285, "local_perc": 6.425083526085839e-05}, "MARAGUNDA": {"global_perc": 0.5, "local_perc": 6.425083526085839e-05}, "MARAVANVAYAL": {"global_perc": 1.0, "local_perc": 6.425083526085839e-05}, "MASTI PALKOT": {"global_perc": 1.0, "local_perc": 6.425083526085839e-05}, "MATERNI": {"global_perc": 0.125, "local_perc": 6.425083526085839e-05}, "MAYURHAND": {"global_perc": 0.25, "local_perc": 6.425083526085839e-05}, "MEHAL": {"global_perc": 0.25, "local_perc": 6.425083526085839e-05}, "MEHMA SARJA": {"global_perc": 1.0, "local_perc": 6.425083526085839e-05}, "MELVAITHINANKUPPAM": {"global_perc": 1.0, "local_perc": 6.425083526085839e-05}, "MERLE": {"global_perc": 1.0, "local_perc": 6.425083526085839e-05}, "MILKI": {"global_perc": 0.125, "local_perc": 6.425083526085839e-05}, "MIRGANDTHAKARPORA": {"global_perc": 1.0, "local_perc": 6.425083526085839e-05}, "MO. SARAI ALI": {"global_perc": 1.0, "local_perc": 6.425083526085839e-05}, "MOHAM WALA": {"global_perc": 1.0, "local_perc": 6.425083526085839e-05}, "MOHANPUR": {"global_perc": 0.05333333333333334, "local_perc": 0.00025700334104343357}, "MOSIM PUR": {"global_perc": 1.0, "local_perc": 6.425083526085839e-05}, "MULEKALENAHALLI": {"global_perc": 0.1111111111111111, "local_perc": 6.425083526085839e-05}, "MUNAN": {"global_perc": 1.0, "local_perc": 6.425083526085839e-05}, "MUNCHINGI PUTTU": {"global_perc": 0.1111111111111111, "local_perc": 6.425083526085839e-05}, "MUSAPUR": {"global_perc": 0.3333333333333333, "local_perc": 6.425083526085839e-05}, "N.A.": {"global_perc": 0.0013260087137715476, "local_perc": 0.0008995116936520175}, "NAHRA": {"global_perc": 1.0, "local_perc": 6.425083526085839e-05}, "NAIN KALAN": {"global_perc": 1.0, "local_perc": 6.425083526085839e-05}, "NAKACHANIPAL": {"global_perc": 1.0, "local_perc": 6.425083526085839e-05}, "NALATHWAD": {"global_perc": 0.25, "local_perc": 6.425083526085839e-05}, "OBRA": {"global_perc": 1.0, "local_perc": 6.425083526085839e-05}, "OCH KHURD": {"global_perc": 1.0, "local_perc": 0.00012850167052171679}, "PANDEPURA KALA": {"global_perc": 1.0, "local_perc": 0.00012850167052171679}, "PANJAILA": {"global_perc": 0.6666666666666666, "local_perc": 0.00012850167052171679}, "PANJEHRA": {"global_perc": 0.16666666666666666, "local_perc": 6.425083526085839e-05}, "PARASANAHALLI": {"global_perc": 0.5, "local_perc": 6.425083526085839e-05}, "PARTAWAL": {"global_perc": 1.0, "local_perc": 6.425083526085839e-05}, "PATTI MULTANI": {"global_perc": 0.5, "local_perc": 6.425083526085839e-05}, "PATUKHAR": {"global_perc": 0.6, "local_perc": 0.00019275250578257516}, "PEMMANAHALLI": {"global_perc": 0.5, "local_perc": 6.425083526085839e-05}, "PHILLAUR": {"global_perc": 0.16666666666666666, "local_perc": 6.425083526085839e-05}, "POKHARIA": {"global_perc": 0.125, "local_perc": 6.425083526085839e-05}, "POWARKHALI": {"global_perc": 0.14285714285714285, "local_perc": 6.425083526085839e-05}, "PREMNAGAR": {"global_perc": 0.25, "local_perc": 6.425083526085839e-05}, "PULIYANGULAM": {"global_perc": 0.5, "local_perc": 6.425083526085839e-05}, "PULWAMA": {"global_perc": 0.16666666666666666, "local_perc": 6.425083526085839e-05}, "PURA KOTHI": {"global_perc": 0.5, "local_perc": 6.425083526085839e-05}, "PURANA JUNGA": {"global_perc": 1.0, "local_perc": 6.425083526085839e-05}, "PURANDHA": {"global_perc": 0.25, "local_perc": 6.425083526085839e-05}, "Push wari": {"global_perc": 1.0, "local_perc": 6.425083526085839e-05}, "RAKH": {"global_perc": 0.3333333333333333, "local_perc": 6.425083526085839e-05}, "RAKHOTA": {"global_perc": 0.3333333333333333, "local_perc": 6.425083526085839e-05}, "RAMNAGAR": {"global_perc": 0.019230769230769232, "local_perc": 6.425083526085839e-05}, "RANA NAGAR": {"global_perc": 1.0, "local_perc": 6.425083526085839e-05}, "RATANARI": {"global_perc": 1.0, "local_perc": 6.425083526085839e-05}, "RAWAL BAZAR": {"global_perc": 0.16666666666666666, "local_perc": 6.425083526085839e-05}, "RAWIN BASI": {"global_perc": 0.25, "local_perc": 6.425083526085839e-05}, "RENDAMPULIKADU": {"global_perc": 0.5, "local_perc": 6.425083526085839e-05}, "ROHELA HAJI UTTAR": {"global_perc": 0.5, "local_perc": 6.425083526085839e-05}, "ROHTAK": {"global_perc": 1.0, "local_perc": 6.425083526085839e-05}, "ROR": {"global_perc": 1.0, "local_perc": 6.425083526085839e-05}, "ROSE": {"global_perc": 0.3333333333333333, "local_perc": 6.425083526085839e-05}, "RUDAKOTA": {"global_perc": 0.2, "local_perc": 6.425083526085839e-05}, "RUDAPUR": {"global_perc": 1.0, "local_perc": 6.425083526085839e-05}, "RUDRAPUR": {"global_perc": 0.07142857142857142, "local_perc": 6.425083526085839e-05}, "RUER": {"global_perc": 1.0, "local_perc": 6.425083526085839e-05}, "RUPAPUR": {"global_perc": 0.3333333333333333, "local_perc": 6.425083526085839e-05}, "SADAKAR": {"global_perc": 1.0, "local_perc": 6.425083526085839e-05}, "SAGANUR": {"global_perc": 0.5, "local_perc": 6.425083526085839e-05}, "SAGLOT": {"global_perc": 0.25, "local_perc": 6.425083526085839e-05}, "SAHRICHAK": {"global_perc": 1.0, "local_perc": 6.425083526085839e-05}, "SAMAILA": {"global_perc": 0.25, "local_perc": 6.425083526085839e-05}, "SAMSALLIPUR": {"global_perc": 1.0, "local_perc": 6.425083526085839e-05}, "SARDAM": {"global_perc": 0.25, "local_perc": 6.425083526085839e-05}, "SARIFABAD": {"global_perc": 0.5, "local_perc": 6.425083526085839e-05}, "SAROG": {"global_perc": 1.0, "local_perc": 6.425083526085839e-05}, "SATHIA": {"global_perc": 0.2, "local_perc": 6.425083526085839e-05}, "SATHUKUDAL (KILPATHI)": {"global_perc": 1.0, "local_perc": 6.425083526085839e-05}, "SAWAYA RAI HITHER": {"global_perc": 1.0, "local_perc": 6.425083526085839e-05}, "SEEGEHALLI": {"global_perc": 0.18181818181818182, "local_perc": 0.00012850167052171679}, "SELRAPUR": {"global_perc": 1.0, "local_perc": 6.425083526085839e-05}, "SEWAL": {"global_perc": 1.0, "local_perc": 6.425083526085839e-05}, "SHAMTHLA": {"global_perc": 1.0, "local_perc": 6.425083526085839e-05}, "SHER KHAN WALA": {"global_perc": 0.5, "local_perc": 6.425083526085839e-05}, "SHERPUR": {"global_perc": 0.043478260869565216, "local_perc": 6.425083526085839e-05}, "SHIV PUR": {"global_perc": 1.0, "local_perc": 6.425083526085839e-05}, "SHIVPUR": {"global_perc": 0.09090909090909091, "local_perc": 0.00012850167052171679}, "SOMANAKATTI": {"global_perc": 1.0, "local_perc": 6.425083526085839e-05}, "SUAN": {"global_perc": 0.5, "local_perc": 6.425083526085839e-05}, "SURAPUR": {"global_perc": 0.5, "local_perc": 6.425083526085839e-05}, "TARNA": {"global_perc": 0.5, "local_perc": 6.425083526085839e-05}, "TETRI": {"global_perc": 0.5, "local_perc": 6.425083526085839e-05}, "THARRIYA": {"global_perc": 1.0, "local_perc": 6.425083526085839e-05}, "THATTA": {"global_perc": 1.0, "local_perc": 6.425083526085839e-05}, "THENNERI": {"global_perc": 0.5, "local_perc": 6.425083526085839e-05}, "THIRUMANGALAM PUDUPALAYAM": {"global_perc": 1.0, "local_perc": 6.425083526085839e-05}, "TIALI": {"global_perc": 1.0, "local_perc": 6.425083526085839e-05}, "TIKRI": {"global_perc": 0.0625, "local_perc": 6.425083526085839e-05}, "TILAW KASDHAN": {"global_perc": 1.0, "local_perc": 6.425083526085839e-05}, "TINGHARA": {"global_perc": 1.0, "local_perc": 6.425083526085839e-05}, "TOOPER": {"global_perc": 1.0, "local_perc": 0.00012850167052171679}, "TRILOKIPUR": {"global_perc": 0.5, "local_perc": 6.425083526085839e-05}, "UDAMANDA": {"global_perc": 1.0, "local_perc": 0.00012850167052171679}, "UKURA": {"global_perc": 1.0, "local_perc": 6.425083526085839e-05}, "URMAR": {"global_perc": 1.0, "local_perc": 6.425083526085839e-05}, "USODU": {"global_perc": 0.25, "local_perc": 0.00012850167052171679}, "VADAKATTUPATTI": {"global_perc": 1.0, "local_perc": 6.425083526085839e-05}, "VANIYANTHANGAL": {"global_perc": 1.0, "local_perc": 6.425083526085839e-05}, "VARANAVASI": {"global_perc": 0.3333333333333333, "local_perc": 6.425083526085839e-05}, "VELLALAPATTI": {"global_perc": 0.5, "local_perc": 6.425083526085839e-05}, "Velur": {"global_perc": 1.0, "local_perc": 6.425083526085839e-05}, "WAGDHARI": {"global_perc": 1.0, "local_perc": 6.425083526085839e-05}, "WAHWALPUR": {"global_perc": 1.0, "local_perc": 6.425083526085839e-05}}, "partition_field": "Near_Vil_Tow_Nam_hav_Prim_School", "Vil_Nam": "Batter Gam", "Stat_Nam": "JAMMU & KASHMIR"}, {"data": [["Vet_Hos_Doc_In_Pos_Num", 5.0], ["Vet_Hos_Par_Med_Staf_Tot_Stren_Num", 4.0], 1.25], "data_low": {"Stat_Nam": "UTTAR PRADESH", "Vil_Nam": "Baulia", "Vet_Hos_Doc_In_Pos_Num": "4", "Vet_Hos_Par_Med_Staf_Tot_Stren_Num": "3", "id": 187917}, "data_high": {"Stat_Nam": "MADHYA PRADESH", "Vil_Nam": "Sesai Sadak", "Vet_Hos_Doc_In_Pos_Num": "5", "Vet_Hos_Par_Med_Staf_Tot_Stren_Num": "4", "id": 453333}, "perc": 0.0006423381107230318, "metric": 99.99935741184088, "value_global_local": {}, "partition_field": null, "Vil_Nam": "Sesai Sadak", "Stat_Nam": "MADHYA PRADESH"}, {"data": [["Vet_Hos_Doc_In_Pos_Num", 3.0], ["Vet_Hos_Par_Med_Staf_Tot_Stren_Num", 2.0], 1.5], "data_low": {"Stat_Nam": "JAMMU & KASHMIR", "Vil_Nam": "Tukroo", "Vet_Hos_Doc_In_Pos_Num": "3", "Vet_Hos_Par_Med_Staf_Tot_Stren_Num": "2", "id": 3257}, "data_high": {"Stat_Nam": "JAMMU & KASHMIR", "Vil_Nam": "Tukroo", "Vet_Hos_Doc_In_Pos_Num": "3", "Vet_Hos_Par_Med_Staf_Tot_Stren_Num": "2", "id": 3257}, "perc": 0.023605925569071422, "metric": 99.97639357444896, "value_global_local": {"BIHAR": {"global_perc": 0.00013370771493515177, "local_perc": 0.04081632653061224}, "HIMACHAL PRADESH": {"global_perc": 0.0007249879168680521, "local_perc": 0.10204081632653061}, "JAMMU & KASHMIR": {"global_perc": 0.00015260186174271325, "local_perc": 0.006802721088435374}, "JHARKHAND": {"global_perc": 3.086991418163858e-05, "local_perc": 0.006802721088435374}, "KERALA": {"global_perc": 0.0009823182711198428, "local_perc": 0.006802721088435374}, "MADHYA PRADESH": {"global_perc": 0.00021856729140484125, "local_perc": 0.08163265306122448}, "Punjab": {"global_perc": 0.00023845481281297194, "local_perc": 0.02040816326530612}, "RAJASTHAN": {"global_perc": 0.0017460601719197708, "local_perc": 0.5306122448979592}, "TRIPURA": {"global_perc": 0.004571428571428572, "local_perc": 0.027210884353741496}, "Tamil Nadu": {"global_perc": 6.258213905751299e-05, "local_perc": 0.006802721088435374}, "UTTAR PRADESH": {"global_perc": 0.00014048363833892147, "local_perc": 0.10204081632653061}, "UTTARAKHAND": {"global_perc": 0.0005954862144941345, "local_perc": 0.06802721088435375}}, "partition_field": "Stat_Nam", "Vil_Nam": "Tukroo", "Stat_Nam": "JAMMU & KASHMIR"}, {"data": [["Vet_Hos_Doc_In_Pos_Num", 2.0], ["Vet_Hos_Par_Med_Staf_Tot_Stren_Num", 1.0], 2.0], "data_low": {"Stat_Nam": "JAMMU & KASHMIR", "Vil_Nam": "Chak Sardar Desa Singh", "Vet_Hos_Doc_In_Pos_Num": "2", "Vet_Hos_Par_Med_Staf_Tot_Stren_Num": "1", "id": 1881}, "data_high": {"Stat_Nam": "HIMACHAL PRADESH", "Vil_Nam": "Kasba Bathri  (82A)", "Vet_Hos_Doc_In_Pos_Num": "4", "Vet_Hos_Par_Med_Staf_Tot_Stren_Num": "2", "id": 7323}, "perc": 0.07435063631619093, "metric": 99.92564836422743, "value_global_local": {"ANDHRA PRADESH": {"global_perc": 0.0003237410071942446, "local_perc": 0.019438444924406047}, "BIHAR": {"global_perc": 0.00020056157240272763, "local_perc": 0.019438444924406047}, "CHHATTISGARH": {"global_perc": 0.00014906091622776508, "local_perc": 0.0064794816414686825}, "HARYANA": {"global_perc": 0.021195731618184475, "local_perc": 0.31317494600431967}, "HIMACHAL PRADESH": {"global_perc": 0.0011599806669888835, "local_perc": 0.05183585313174946}, "JAMMU & KASHMIR": {"global_perc": 0.0003052037234854265, "local_perc": 0.004319654427645789}, "JHARKHAND": {"global_perc": 0.0007100080261776872, "local_perc": 0.04967602591792657}, "KERALA": {"global_perc": 0.005893909626719057, "local_perc": 0.012958963282937365}, "MADHYA PRADESH": {"global_perc": 0.0012749758665282407, "local_perc": 0.1511879049676026}, "Maharashtra": {"global_perc": 2.2901637467078896e-05, "local_perc": 0.0021598272138228943}, "Punjab": {"global_perc": 0.0028614577537556633, "local_perc": 0.07775377969762419}, "RAJASTHAN": {"global_perc": 0.0014102793696275072, "local_perc": 0.13606911447084233}, "TRIPURA": {"global_perc": 0.019428571428571427, "local_perc": 0.0367170626349892}, "Tamil Nadu": {"global_perc": 0.0004380749734025909, "local_perc": 0.01511879049676026}, "UTTAR PRADESH": {"global_perc": 0.0003277951561241501, "local_perc": 0.0755939524838013}, "UTTARAKHAND": {"global_perc": 0.0005954862144941345, "local_perc": 0.02159827213822894}, "West Bengal": {"global_perc": 7.459346561241235e-05, "local_perc": 0.0064794816414686825}}, "partition_field": "Stat_Nam", "Vil_Nam": "Chak Sardar Desa Singh", "Stat_Nam": "JAMMU & KASHMIR"}, {"data": [["Vet_Hos_Doc_In_Pos_Num", 5.0], ["Vet_Hos_Par_Med_Staf_Tot_Stren_Num", 2.0], 2.5], "data_low": {"Stat_Nam": "RAJASTHAN", "Vil_Nam": "Roondal", "Vet_Hos_Doc_In_Pos_Num": "5", "Vet_Hos_Par_Med_Staf_Tot_Stren_Num": "2", "id": 79809}, "data_high": {"Stat_Nam": "RAJASTHAN", "Vil_Nam": "Roondal", "Vet_Hos_Doc_In_Pos_Num": "5", "Vet_Hos_Par_Med_Staf_Tot_Stren_Num": "2", "id": 79809}, "perc": 0.0004817535830422739, "metric": 99.99951674612414, "value_global_local": {}, "partition_field": null, "Vil_Nam": "Roondal", "Stat_Nam": "RAJASTHAN"}, {"data": [["Vet_Hos_Doc_In_Pos_Num", 3.0], ["Vet_Hos_Par_Med_Staf_Tot_Stren_Num", 1.0], 3.0], "data_low": {"Stat_Nam": "HIMACHAL PRADESH", "Vil_Nam": "Patta (252)", "Vet_Hos_Doc_In_Pos_Num": "3", "Vet_Hos_Par_Med_Staf_Tot_Stren_Num": "1", "id": 21222}, "data_high": {"Stat_Nam": "RAJASTHAN", "Vil_Nam": "Nimaj", "Vet_Hos_Doc_In_Pos_Num": "6", "Vet_Hos_Par_Med_Staf_Tot_Stren_Num": "2", "id": 89824}, "perc": 0.008832149022441688, "metric": 99.99116585075419, "value_global_local": {"BIHAR": {"global_perc": 2.2284619155858625e-05, "local_perc": 0.01818181818181818}, "CHHATTISGARH": {"global_perc": 4.9686972075921695e-05, "local_perc": 0.01818181818181818}, "HIMACHAL PRADESH": {"global_perc": 4.833252779120348e-05, "local_perc": 0.01818181818181818}, "JHARKHAND": {"global_perc": 0.0003704389701796629, "local_perc": 0.21818181818181817}, "MADHYA PRADESH": {"global_perc": 0.00014571152760322752, "local_perc": 0.14545454545454545}, "Punjab": {"global_perc": 0.0005563945632302679, "local_perc": 0.12727272727272726}, "RAJASTHAN": {"global_perc": 0.00022385386819484242, "local_perc": 0.18181818181818182}, "TRIPURA": {"global_perc": 0.001142857142857143, "local_perc": 0.01818181818181818}, "UTTAR PRADESH": {"global_perc": 0.0001217524865603986, "local_perc": 0.23636363636363636}, "UTTARAKHAND": {"global_perc": 5.954862144941345e-05, "local_perc": 0.01818181818181818}}, "partition_field": "Stat_Nam", "Vil_Nam": "Patta (252)", "Stat_Nam": "HIMACHAL PRADESH"}, {"data": [["Vet_Hos_Doc_In_Pos_Num", 4.0], ["Vet_Hos_Par_Med_Staf_Tot_Stren_Num", 1.0], 4.0], "data_low": {"Stat_Nam": "RAJASTHAN", "Vil_Nam": "Jaimalsar", "Vet_Hos_Doc_In_Pos_Num": "4", "Vet_Hos_Par_Med_Staf_Tot_Stren_Num": "1", "id": 68623}, "data_high": {"Stat_Nam": "RAJASTHAN", "Vil_Nam": "Jaimalsar", "Vet_Hos_Doc_In_Pos_Num": "4", "Vet_Hos_Par_Med_Staf_Tot_Stren_Num": "1", "id": 68623}, "perc": 0.0016058452768075795, "metric": 99.99839115417129, "value_global_local": {}, "partition_field": null, "Vil_Nam": "Jaimalsar", "Stat_Nam": "RAJASTHAN"}, {"data": [["Vet_Hos_Doc_In_Pos_Num", 5.0], ["Vet_Hos_Par_Med_Staf_Tot_Stren_Num", 1.0], 5.0], "data_low": {"Stat_Nam": "UTTAR PRADESH", "Vil_Nam": "Shambhu Chhapra", "Vet_Hos_Doc_In_Pos_Num": "5", "Vet_Hos_Par_Med_Staf_Tot_Stren_Num": "1", "id": 187641}, "data_high": {"Stat_Nam": "UTTAR PRADESH", "Vil_Nam": "Shambhu Chhapra", "Vet_Hos_Doc_In_Pos_Num": "5", "Vet_Hos_Par_Med_Staf_Tot_Stren_Num": "1", "id": 187641}, "perc": 0.0003211690553615159, "metric": 99.99967483015736, "value_global_local": {}, "partition_field": null, "Vil_Nam": "Shambhu Chhapra", "Stat_Nam": "UTTAR PRADESH"}, {"data": [["Vet_Hos_Doc_In_Pos_Num", 6.0], ["Vet_Hos_Par_Med_Staf_Tot_Stren_Num", 1.0], 6.0], "data_low": {"Stat_Nam": "UTTAR PRADESH", "Vil_Nam": "Devalpur", "Vet_Hos_Doc_In_Pos_Num": "6", "Vet_Hos_Par_Med_Staf_Tot_Stren_Num": "1", "id": 168928}, "data_high": {"Stat_Nam": "UTTAR PRADESH", "Vil_Nam": "Devalpur", "Vet_Hos_Doc_In_Pos_Num": "6", "Vet_Hos_Par_Med_Staf_Tot_Stren_Num": "1", "id": 168928}, "perc": 0.00016058452768075794, "metric": 99.9998344144802, "value_global_local": {}, "partition_field": null, "Vil_Nam": "Devalpur", "Stat_Nam": "UTTAR PRADESH"}, {"data": [["Vet_Hos_Doc_In_Pos_Num", 2.0], ["Vet_Hos_Par_Med_Staf_Tot_Stren_Num", 0], 9999], "data_low": {"Stat_Nam": "JAMMU & KASHMIR", "Vil_Nam": "Shoga Pora", "Vet_Hos_Doc_In_Pos_Num": "1", "Vet_Hos_Par_Med_Staf_Tot_Stren_Num": "", "id": 707}, "data_high": {"Stat_Nam": "UTTAR PRADESH", "Vil_Nam": "Ankari Pur", "Vet_Hos_Doc_In_Pos_Num": "8", "Vet_Hos_Par_Med_Staf_Tot_Stren_Num": "0", "id": 165720}, "perc": 0.2246577542253804, "metric": 99.76536471164984, "value_global_local": {"ANDAMAN & NICOBAR ISLANDS": {"global_perc": 0.005405405405405406, "local_perc": 0.002144388849177984}, "Arunachal Pradesh": {"global_perc": 0.0001789228842368939, "local_perc": 0.0007147962830593281}, "BIHAR": {"global_perc": 0.0018050541516245488, "local_perc": 0.057898498927805575}, "CHHATTISGARH": {"global_perc": 0.017440127198648514, "local_perc": 0.25089349535382416}, "HIMACHAL PRADESH": {"global_perc": 0.009666505558240696, "local_perc": 0.14295925661186562}, "JAMMU & KASHMIR": {"global_perc": 0.003509842820082405, "local_perc": 0.016440314510364547}, "JHARKHAND": {"global_perc": 3.086991418163858e-05, "local_perc": 0.0007147962830593281}, "MADHYA PRADESH": {"global_perc": 0.0041345645957415805, "local_perc": 0.16225875625446748}, "MIZORAM": {"global_perc": 0.0036144578313253013, "local_perc": 0.002144388849177984}, "TRIPURA": {"global_perc": 0.008, "local_perc": 0.005003573981415297}, "UTTAR PRADESH": {"global_perc": 0.003652574596811958, "local_perc": 0.278770550393138}, "West Bengal": {"global_perc": 0.002784822716196728, "local_perc": 0.08005718370264475}}, "partition_field": "Stat_Nam", "Vil_Nam": "Wadar Pain", "Stat_Nam": "JAMMU & KASHMIR"}, {"data": [["Vet_Hos_Doc_In_Pos_Num", 0], ["Vet_Hos_Par_Med_Staf_Tot_Stren_Num", 0], 99980001], "data_low": {"Stat_Nam": "JAMMU & KASHMIR", "Vil_Nam": "Bore", "Vet_Hos_Doc_In_Pos_Num": "", "Vet_Hos_Par_Med_Staf_Tot_Stren_Num": "", "id": 0}, "data_high": {"Stat_Nam": "JAMMU & KASHMIR", "Vil_Nam": "Palmar", "Vet_Hos_Doc_In_Pos_Num": "Vet_pos", "Vet_Hos_Par_Med_Staf_Tot_Stren_Num": "Vet_pst", "id": 4582}, "perc": 95.08498936127503, "metric": 9.510400921207736e-07, "value_global_local": {"null": {"global_perc": 0.9508498936127504, "local_perc": 1.0}}, "partition_field": "Dist_Other", "Vil_Nam": "Bore", "Stat_Nam": "JAMMU & KASHMIR"}]