[{"data": [["Fam_Wel_Cen_Doc_Tot_Stren_Num", 0.0], ["Fam_Wel_Cen_Par_Med_Staf_Tot_Stren_Num", 2.0], 0.0], "data_low": {"Stat_Nam": "HIMACHAL PRADESH", "Vil_Nam": "Muhal Gojra (20/20)", "Fam_Wel_Cen_Doc_Tot_Stren_Num": "", "Fam_Wel_Cen_Par_Med_Staf_Tot_Stren_Num": "1", "id": 12596}, "data_high": {"Stat_Nam": "West Bengal", "Vil_Nam": "Hum Tukdah Khasmahal", "Fam_Wel_Cen_Doc_Tot_Stren_Num": "1", "Fam_Wel_Cen_Par_Med_Staf_Tot_Stren_Num": "35", "id": 304938}, "perc": 1.4426913966839296, "metric": 98.5573095890863, "value_global_local": {"ANDAMAN & NICOBAR ISLANDS": {"global_perc": 0.016216216216216217, "local_perc": 0.001001780943900267}, "Arunachal Pradesh": {"global_perc": 0.0001789228842368939, "local_perc": 0.00011130899376669635}, "BIHAR": {"global_perc": 0.04343272273476846, "local_perc": 0.2169412288512912}, "GOA": {"global_perc": 0.0029940119760479044, "local_perc": 0.00011130899376669635}, "HARYANA": {"global_perc": 0.004531501242508405, "local_perc": 0.003450578806767587}, "HIMACHAL PRADESH": {"global_perc": 0.0004349927501208313, "local_perc": 0.001001780943900267}, "JAMMU & KASHMIR": {"global_perc": 0.00015260186174271325, "local_perc": 0.00011130899376669635}, "KARNATAKA": {"global_perc": 0.20453306066802998, "local_perc": 0.6679652715939448}, "MIZORAM": {"global_perc": 0.0024096385542168677, "local_perc": 0.0002226179875333927}, "NAGALAND": {"global_perc": 0.004201680672268907, "local_perc": 0.0006678539626001781}, "PUDUCHERRY": {"global_perc": 0.022222222222222223, "local_perc": 0.0002226179875333927}, "SIKKIM": {"global_perc": 0.31263858093126384, "local_perc": 0.015694568121104185}, "TRIPURA": {"global_perc": 0.0034285714285714284, "local_perc": 0.00033392698130008905}, "Tamil Nadu": {"global_perc": 0.0010013142249202078, "local_perc": 0.0017809439002671415}, "UTTAR PRADESH": {"global_perc": 0.001002116620150973, "local_perc": 0.011910062333036509}, "UTTARAKHAND": {"global_perc": 0.010063717024950873, "local_perc": 0.018811219946571683}, "West Bengal": {"global_perc": 0.01332736585608434, "local_perc": 0.05966162065894924}}, "partition_field": "Stat_Nam", "Vil_Nam": "Keshwan", "Stat_Nam": "JAMMU & KASHMIR"}, {"data": [["Fam_Wel_Cen_Doc_Tot_Stren_Num", 2.0], ["Fam_Wel_Cen_Par_Med_Staf_Tot_Stren_Num", 19.0], 0.10526315789473684], "data_low": {"Stat_Nam": "RAJASTHAN", "Vil_Nam": "1 DBL-A", "Fam_Wel_Cen_Doc_Tot_Stren_Num": "1", "Fam_Wel_Cen_Par_Med_Staf_Tot_Stren_Num": "9", "id": 67219}, "data_high": {"Stat_Nam": "PUDUCHERRY", "Vil_Nam": "Karikalampakkam", "Fam_Wel_Cen_Doc_Tot_Stren_Num": "7", "Fam_Wel_Cen_Par_Med_Staf_Tot_Stren_Num": "39", "id": 622125}, "perc": 0.07017543859649122, "metric": 99.9298254556913, "value_global_local": {"": {"global_perc": 0.0008197696965508238, "local_perc": 0.977116704805492}, "ANDIPATTI": {"global_perc": 0.25, "local_perc": 0.002288329519450801}, "BASOLI MALLI": {"global_perc": 0.5, "local_perc": 0.002288329519450801}, "DHNGULI": {"global_perc": 1.0, "local_perc": 0.002288329519450801}, "DUNGRI MALLI": {"global_perc": 0.5, "local_perc": 0.002288329519450801}, "GHINDWARA": {"global_perc": 0.14285714285714285, "local_perc": 0.002288329519450801}, "GUDRI": {"global_perc": 0.25, "local_perc": 0.002288329519450801}, "KAFOL GAON TALLA": {"global_perc": 0.5, "local_perc": 0.002288329519450801}, "KANDI": {"global_perc": 0.08333333333333333, "local_perc": 0.002288329519450801}, "MALAU": {"global_perc": 1.0, "local_perc": 0.002288329519450801}, "VADAKATTUPATTI": {"global_perc": 1.0, "local_perc": 0.002288329519450801}}, "partition_field": "Near_Vil_Tow_Nam_hav_Prim_School", "Vil_Nam": "Nettapakkam", "Stat_Nam": "PUDUCHERRY"}, {"data": [["Fam_Wel_Cen_Doc_Tot_Stren_Num", 3.0], ["Fam_Wel_Cen_Par_Med_Staf_Tot_Stren_Num", 14.0], 0.21428571428571427], "data_low": {"Stat_Nam": "JAMMU & KASHMIR", "Vil_Nam": "Husan Gam", "Fam_Wel_Cen_Doc_Tot_Stren_Num": "1", "Fam_Wel_Cen_Par_Med_Staf_Tot_Stren_Num": "4", "id": 2690}, "data_high": {"Stat_Nam": "UTTAR PRADESH", "Vil_Nam": "Banwaripur", "Fam_Wel_Cen_Doc_Tot_Stren_Num": "7", "Fam_Wel_Cen_Par_Med_Staf_Tot_Stren_Num": "24", "id": 214182}, "perc": 0.22128547914408445, "metric": 99.77871530498835, "value_global_local": {"": {"global_perc": 0.0026167355887559084, "local_perc": 0.9891146589259797}, "BASANTPUR": {"global_perc": 0.02564102564102564, "local_perc": 0.000725689404934688}, "BASAULI": {"global_perc": 0.3333333333333333, "local_perc": 0.000725689404934688}, "BORAGAONWADI": {"global_perc": 1.0, "local_perc": 0.000725689404934688}, "DABARI": {"global_perc": 1.0, "local_perc": 0.000725689404934688}, "DAWAL GARH": {"global_perc": 0.25, "local_perc": 0.000725689404934688}, "DUNGRI MALLI": {"global_perc": 0.5, "local_perc": 0.000725689404934688}, "GAGELISAUR": {"global_perc": 1.0, "local_perc": 0.000725689404934688}, "GHURET": {"global_perc": 1.0, "local_perc": 0.000725689404934688}, "GRASTANGANJ": {"global_perc": 1.0, "local_perc": 0.000725689404934688}, "GURPHALI": {"global_perc": 1.0, "local_perc": 0.000725689404934688}, "KOLARI": {"global_perc": 1.0, "local_perc": 0.000725689404934688}, "KULLATHILVAI": {"global_perc": 0.3333333333333333, "local_perc": 0.000725689404934688}, "KUMIZHI": {"global_perc": 1.0, "local_perc": 0.000725689404934688}, "SAGANUR": {"global_perc": 0.5, "local_perc": 0.000725689404934688}, "SANKRAIL": {"global_perc": 1.0, "local_perc": 0.000725689404934688}}, "partition_field": "Near_Vil_Tow_Nam_hav_Prim_School", "Vil_Nam": "Mudbi", "Stat_Nam": "KARNATAKA"}, {"data": [["Fam_Wel_Cen_Doc_Tot_Stren_Num", 6.0], ["Fam_Wel_Cen_Par_Med_Staf_Tot_Stren_Num", 19.0], 0.3157894736842105], "data_low": {"Stat_Nam": "JAMMU & KASHMIR", "Vil_Nam": "Ration Pora", "Fam_Wel_Cen_Doc_Tot_Stren_Num": "1", "Fam_Wel_Cen_Par_Med_Staf_Tot_Stren_Num": "3", "id": 82}, "data_high": {"Stat_Nam": "Tamil Nadu", "Vil_Nam": "Desavilakku", "Fam_Wel_Cen_Doc_Tot_Stren_Num": "9", "Fam_Wel_Cen_Par_Med_Staf_Tot_Stren_Num": "27", "id": 611290}, "perc": 0.42410373760488174, "metric": 99.57589694384015, "value_global_local": {"ANDHRA PRADESH": {"global_perc": 0.000539568345323741, "local_perc": 0.005679666792881484}, "ASSAM": {"global_perc": 0.012085622276946392, "local_perc": 0.12078758046194624}, "BIHAR": {"global_perc": 0.001314792530195659, "local_perc": 0.022340022718667172}, "GOA": {"global_perc": 0.0029940119760479044, "local_perc": 0.0003786444528587656}, "HARYANA": {"global_perc": 0.000146177459435755, "local_perc": 0.0003786444528587656}, "HIMACHAL PRADESH": {"global_perc": 9.666505558240696e-05, "local_perc": 0.0007572889057175312}, "JAMMU & KASHMIR": {"global_perc": 0.0028994353731115518, "local_perc": 0.007194244604316547}, "JHARKHAND": {"global_perc": 0.00030869914181638574, "local_perc": 0.003786444528587656}, "KARNATAKA": {"global_perc": 0.0007839127471029312, "local_perc": 0.00870882241575161}, "MADHYA PRADESH": {"global_perc": 0.00034606487805766535, "local_perc": 0.007194244604316547}, "MANIPUR": {"global_perc": 0.0003874467260751647, "local_perc": 0.0003786444528587656}, "NCT OF DELHI": {"global_perc": 0.008928571428571428, "local_perc": 0.0003786444528587656}, "PUDUCHERRY": {"global_perc": 0.022222222222222223, "local_perc": 0.0007572889057175312}, "Punjab": {"global_perc": 0.0022255782529210714, "local_perc": 0.010602044680045438}, "RAJASTHAN": {"global_perc": 0.030063574498567336, "local_perc": 0.5085195001893222}, "SIKKIM": {"global_perc": 0.0066518847006651885, "local_perc": 0.001135933358576297}, "TRIPURA": {"global_perc": 0.002285714285714286, "local_perc": 0.0007572889057175312}, "Tamil Nadu": {"global_perc": 0.0399899868577508, "local_perc": 0.24195380537675124}, "UTTAR PRADESH": {"global_perc": 0.0008335362541442673, "local_perc": 0.03369935630443014}, "UTTARAKHAND": {"global_perc": 0.003096528315369499, "local_perc": 0.01968951154865581}, "West Bengal": {"global_perc": 0.00032323835098712017, "local_perc": 0.004922377887163953}}, "partition_field": "Stat_Nam", "Vil_Nam": "Mannadipet", "Stat_Nam": "PUDUCHERRY"}, {"data": [["Fam_Wel_Cen_Doc_Tot_Stren_Num", 3.0], ["Fam_Wel_Cen_Par_Med_Staf_Tot_Stren_Num", 7.0], 0.42857142857142855], "data_low": {"Stat_Nam": "JAMMU & KASHMIR", "Vil_Nam": "Sogam", "Fam_Wel_Cen_Doc_Tot_Stren_Num": "1", "Fam_Wel_Cen_Par_Med_Staf_Tot_Stren_Num": "2", "id": 36}, "data_high": {"Stat_Nam": "Tamil Nadu", "Vil_Nam": "Chickadasampalayam", "Fam_Wel_Cen_Doc_Tot_Stren_Num": "9", "Fam_Wel_Cen_Par_Med_Staf_Tot_Stren_Num": "20", "id": 621552}, "perc": 0.40611827050463684, "metric": 99.5938822987171, "value_global_local": {"ANDHRA PRADESH": {"global_perc": 0.0011870503597122303, "local_perc": 0.013048635824436536}, "ASSAM": {"global_perc": 0.0009092631180147756, "local_perc": 0.009489916963226572}, "Arunachal Pradesh": {"global_perc": 0.001610305958132045, "local_perc": 0.0035587188612099642}, "BIHAR": {"global_perc": 0.02284173463475509, "local_perc": 0.4052985369711348}, "CHANDIGARH": {"global_perc": 0.2, "local_perc": 0.00039541320680110717}, "HARYANA": {"global_perc": 0.00175412951322906, "local_perc": 0.004744958481613286}, "HIMACHAL PRADESH": {"global_perc": 0.0002899951667472209, "local_perc": 0.002372479240806643}, "JAMMU & KASHMIR": {"global_perc": 0.018922630856096443, "local_perc": 0.049031237643337285}, "JHARKHAND": {"global_perc": 0.002901771933074026, "local_perc": 0.03716884143930407}, "KARNATAKA": {"global_perc": 0.006305385139740968, "local_perc": 0.07315144325820483}, "MADHYA PRADESH": {"global_perc": 0.002568165674006885, "local_perc": 0.05575326215895611}, "MANIPUR": {"global_perc": 0.0003874467260751647, "local_perc": 0.00039541320680110717}, "NCT OF DELHI": {"global_perc": 0.017857142857142856, "local_perc": 0.0007908264136022143}, "PUDUCHERRY": {"global_perc": 0.06666666666666667, "local_perc": 0.002372479240806643}, "Punjab": {"global_perc": 0.003656307129798903, "local_perc": 0.01818900751285093}, "RAJASTHAN": {"global_perc": 0.00011192693409742121, "local_perc": 0.0019770660340055358}, "SIKKIM": {"global_perc": 0.0022172949002217295, "local_perc": 0.00039541320680110717}, "TRIPURA": {"global_perc": 0.002285714285714286, "local_perc": 0.0007908264136022143}, "Tamil Nadu": {"global_perc": 0.0007509856686901558, "local_perc": 0.004744958481613286}, "UTTAR PRADESH": {"global_perc": 0.0067713113679360145, "local_perc": 0.2858837485172005}, "UTTARAKHAND": {"global_perc": 0.0027392365866730187, "local_perc": 0.01818900751285093}, "West Bengal": {"global_perc": 0.0007707991446615943, "local_perc": 0.012257809410834321}}, "partition_field": "Stat_Nam", "Vil_Nam": "Kathoomar", "Stat_Nam": "RAJASTHAN"}, {"data": [["Fam_Wel_Cen_Doc_Tot_Stren_Num", 12.0], ["Fam_Wel_Cen_Par_Med_Staf_Tot_Stren_Num", 22.0], 0.5454545454545454], "data_low": {"Stat_Nam": "Tamil Nadu", "Vil_Nam": "Pamban", "Fam_Wel_Cen_Doc_Tot_Stren_Num": "12", "Fam_Wel_Cen_Par_Med_Staf_Tot_Stren_Num": "22", "id": 619437}, "data_high": {"Stat_Nam": "JHARKHAND", "Vil_Nam": "Lothmana", "Fam_Wel_Cen_Doc_Tot_Stren_Num": "7", "Fam_Wel_Cen_Par_Med_Staf_Tot_Stren_Num": "11", "id": 371207}, "perc": 0.0030511060259344014, "metric": 99.99694934859657, "value_global_local": {}, "partition_field": null, "Vil_Nam": "Pamban", "Stat_Nam": "Tamil Nadu"}, {"data": [["Fam_Wel_Cen_Doc_Tot_Stren_Num", 2.0], ["Fam_Wel_Cen_Par_Med_Staf_Tot_Stren_Num", 3.0], 0.6666666666666666], "data_low": {"Stat_Nam": "UTTAR PRADESH", "Vil_Nam": "Ramnagar Sikari", "Fam_Wel_Cen_Doc_Tot_Stren_Num": "18", "Fam_Wel_Cen_Par_Med_Staf_Tot_Stren_Num": "25", "id": 210648}, "data_high": {"Stat_Nam": "West Bengal", "Vil_Nam": "Goalpota", "Fam_Wel_Cen_Doc_Tot_Stren_Num": "9", "Fam_Wel_Cen_Par_Med_Staf_Tot_Stren_Num": "13", "id": 330938}, "perc": 0.03613151872817054, "metric": 99.96386881455136, "value_global_local": {"ANDHRA PRADESH": {"global_perc": 0.0004316546762589928, "local_perc": 0.05333333333333334}, "ASSAM": {"global_perc": 0.00011365788975184695, "local_perc": 0.013333333333333334}, "BIHAR": {"global_perc": 0.001314792530195659, "local_perc": 0.26222222222222225}, "HARYANA": {"global_perc": 0.000146177459435755, "local_perc": 0.0044444444444444444}, "JAMMU & KASHMIR": {"global_perc": 0.0027468335113688385, "local_perc": 0.08}, "JHARKHAND": {"global_perc": 3.086991418163858e-05, "local_perc": 0.0044444444444444444}, "KARNATAKA": {"global_perc": 3.408316291751875e-05, "local_perc": 0.0044444444444444444}, "MADHYA PRADESH": {"global_perc": 0.0004735624647104894, "local_perc": 0.11555555555555555}, "Punjab": {"global_perc": 0.00015896987520864795, "local_perc": 0.008888888888888889}, "RAJASTHAN": {"global_perc": 0.0009401862464183381, "local_perc": 0.18666666666666668}, "SIKKIM": {"global_perc": 0.004434589800443459, "local_perc": 0.008888888888888889}, "TRIPURA": {"global_perc": 0.005714285714285714, "local_perc": 0.022222222222222223}, "UTTAR PRADESH": {"global_perc": 0.0003277951561241501, "local_perc": 0.15555555555555556}, "UTTARAKHAND": {"global_perc": 0.0008932293217412017, "local_perc": 0.06666666666666667}, "West Bengal": {"global_perc": 7.459346561241235e-05, "local_perc": 0.013333333333333334}}, "partition_field": "Stat_Nam", "Vil_Nam": "Gushi", "Stat_Nam": "JAMMU & KASHMIR"}, {"data": [["Fam_Wel_Cen_Doc_Tot_Stren_Num", 4.0], ["Fam_Wel_Cen_Par_Med_Staf_Tot_Stren_Num", 5.0], 0.8], "data_low": {"Stat_Nam": "RAJASTHAN", "Vil_Nam": "30 GG", "Fam_Wel_Cen_Doc_Tot_Stren_Num": "4", "Fam_Wel_Cen_Par_Med_Staf_Tot_Stren_Num": "5", "id": 64073}, "data_high": {"Stat_Nam": "UTTAR PRADESH", "Vil_Nam": "Bhinga Dehati", "Fam_Wel_Cen_Doc_Tot_Stren_Num": "9", "Fam_Wel_Cen_Par_Med_Staf_Tot_Stren_Num": "10", "id": 171911}, "perc": 0.002087598859849853, "metric": 99.99791260117598, "value_global_local": {}, "partition_field": null, "Vil_Nam": "30 GG", "Stat_Nam": "RAJASTHAN"}, {"data": [["Fam_Wel_Cen_Doc_Tot_Stren_Num", 3.0], ["Fam_Wel_Cen_Par_Med_Staf_Tot_Stren_Num", 3.0], 1.0], "data_low": {"Stat_Nam": "JAMMU & KASHMIR", "Vil_Nam": "Krala Gund", "Fam_Wel_Cen_Doc_Tot_Stren_Num": "1", "Fam_Wel_Cen_Par_Med_Staf_Tot_Stren_Num": "1", "id": 296}, "data_high": {"Stat_Nam": "JHARKHAND", "Vil_Nam": "Sarjomhatu", "Fam_Wel_Cen_Doc_Tot_Stren_Num": "7", "Fam_Wel_Cen_Par_Med_Staf_Tot_Stren_Num": "7", "id": 375144}, "perc": 1.8924886587177325, "metric": 98.10751134128226, "value_global_local": {"ANDHRA PRADESH": {"global_perc": 0.0002158273381294964, "local_perc": 0.0005091217649554518}, "ASSAM": {"global_perc": 0.011138473195681, "local_perc": 0.02494696648281714}, "Arunachal Pradesh": {"global_perc": 0.0005367686527106817, "local_perc": 0.0002545608824777259}, "BIHAR": {"global_perc": 0.027008958416900656, "local_perc": 0.10284259652100128}, "GOA": {"global_perc": 0.11976047904191617, "local_perc": 0.0033941450997030122}, "HARYANA": {"global_perc": 0.003362081567022365, "local_perc": 0.001951633432329232}, "HIMACHAL PRADESH": {"global_perc": 0.008071532141130981, "local_perc": 0.014170555791260076}, "JAMMU & KASHMIR": {"global_perc": 0.009461315428048222, "local_perc": 0.005260924904539669}, "JHARKHAND": {"global_perc": 0.015064518120639624, "local_perc": 0.04140857021637675}, "KARNATAKA": {"global_perc": 0.025051124744376277, "local_perc": 0.06236741620704285}, "KERALA": {"global_perc": 0.5648330058939096, "local_perc": 0.0487908358082308}, "MADHYA PRADESH": {"global_perc": 0.012786186547183213, "local_perc": 0.05956724649978787}, "MANIPUR": {"global_perc": 0.0003874467260751647, "local_perc": 8.485362749257531e-05}, "Maharashtra": {"global_perc": 0.04273445551356922, "local_perc": 0.1583368689011455}, "Meghalaya": {"global_perc": 0.019154847199883022, "local_perc": 0.011115825201527365}, "NCT OF DELHI": {"global_perc": 0.044642857142857144, "local_perc": 0.00042426813746287653}, "ODISHA": {"global_perc": 0.008652778048447761, "local_perc": 0.03767501060670344}, "PUDUCHERRY": {"global_perc": 0.2777777777777778, "local_perc": 0.0021213406873143827}, "Punjab": {"global_perc": 0.03242985454256418, "local_perc": 0.03462028001697073}, "RAJASTHAN": {"global_perc": 0.00017908309455587392, "local_perc": 0.0006788290199406025}, "SIKKIM": {"global_perc": 0.004434589800443459, "local_perc": 0.00016970725498515062}, "TRIPURA": {"global_perc": 0.017142857142857144, "local_perc": 0.0012728044123886295}, "UTTAR PRADESH": {"global_perc": 0.041133609305636205, "local_perc": 0.37267713194739077}, "UTTARAKHAND": {"global_perc": 0.006073959387840172, "local_perc": 0.008655070004242682}, "West Bengal": {"global_perc": 0.001964294594460192, "local_perc": 0.006703436571913449}}, "partition_field": "Stat_Nam", "Vil_Nam": "Shat Gund Bala", "Stat_Nam": "JAMMU & KASHMIR"}, {"data": [["Fam_Wel_Cen_Doc_Tot_Stren_Num", 6.0], ["Fam_Wel_Cen_Par_Med_Staf_Tot_Stren_Num", 5.0], 1.2], "data_low": {"Stat_Nam": "UTTAR PRADESH", "Vil_Nam": "Babhani Gaharwar", "Fam_Wel_Cen_Doc_Tot_Stren_Num": "6", "Fam_Wel_Cen_Par_Med_Staf_Tot_Stren_Num": "5", "id": 210774}, "data_high": {"Stat_Nam": "UTTAR PRADESH", "Vil_Nam": "Babhani Gaharwar", "Fam_Wel_Cen_Doc_Tot_Stren_Num": "6", "Fam_Wel_Cen_Par_Med_Staf_Tot_Stren_Num": "5", "id": 210774}, "perc": 0.0003211690553615159, "metric": 99.99967863090527, "value_global_local": {}, "partition_field": null, "Vil_Nam": "Babhani Gaharwar", "Stat_Nam": "UTTAR PRADESH"}, {"data": [["Fam_Wel_Cen_Doc_Tot_Stren_Num", 4.0], ["Fam_Wel_Cen_Par_Med_Staf_Tot_Stren_Num", 3.0], 1.3333333333333333], "data_low": {"Stat_Nam": "RAJASTHAN", "Vil_Nam": "60 Lnp", "Fam_Wel_Cen_Doc_Tot_Stren_Num": "4", "Fam_Wel_Cen_Par_Med_Staf_Tot_Stren_Num": "3", "id": 64537}, "data_high": {"Stat_Nam": "UTTAR PRADESH", "Vil_Nam": "Dulahpur", "Fam_Wel_Cen_Doc_Tot_Stren_Num": "7", "Fam_Wel_Cen_Par_Med_Staf_Tot_Stren_Num": "5", "id": 210775}, "perc": 0.0030511060259344014, "metric": 99.99694856058423, "value_global_local": {}, "partition_field": null, "Vil_Nam": "60 Lnp", "Stat_Nam": "RAJASTHAN"}, {"data": [["Fam_Wel_Cen_Doc_Tot_Stren_Num", 3.0], ["Fam_Wel_Cen_Par_Med_Staf_Tot_Stren_Num", 2.0], 1.5], "data_low": {"Stat_Nam": "JAMMU & KASHMIR", "Vil_Nam": "Tikri", "Fam_Wel_Cen_Doc_Tot_Stren_Num": "3", "Fam_Wel_Cen_Par_Med_Staf_Tot_Stren_Num": "2", "id": 4829}, "data_high": {"Stat_Nam": "UTTAR PRADESH", "Vil_Nam": "Patkhauli", "Fam_Wel_Cen_Doc_Tot_Stren_Num": "8", "Fam_Wel_Cen_Par_Med_Staf_Tot_Stren_Num": "5", "id": 210726}, "perc": 0.0024087679152113694, "metric": 99.99759073199682, "value_global_local": {}, "partition_field": null, "Vil_Nam": "Tikri", "Stat_Nam": "JAMMU & KASHMIR"}, {"data": [["Fam_Wel_Cen_Doc_Tot_Stren_Num", 5.0], ["Fam_Wel_Cen_Par_Med_Staf_Tot_Stren_Num", 3.0], 1.6666666666666667], "data_low": {"Stat_Nam": "UTTAR PRADESH", "Vil_Nam": "Mamari Mu. Daranagar", "Fam_Wel_Cen_Doc_Tot_Stren_Num": "5", "Fam_Wel_Cen_Par_Med_Staf_Tot_Stren_Num": "3", "id": 211313}, "data_high": {"Stat_Nam": "UTTAR PRADESH", "Vil_Nam": "Mamari Mu. Daranagar", "Fam_Wel_Cen_Doc_Tot_Stren_Num": "5", "Fam_Wel_Cen_Par_Med_Staf_Tot_Stren_Num": "3", "id": 211313}, "perc": 0.00016058452768075794, "metric": 99.99983874867337, "value_global_local": {}, "partition_field": null, "Vil_Nam": "Mamari Mu. Daranagar", "Stat_Nam": "UTTAR PRADESH"}, {"data": [["Fam_Wel_Cen_Doc_Tot_Stren_Num", 2.0], ["Fam_Wel_Cen_Par_Med_Staf_Tot_Stren_Num", 1.0], 2.0], "data_low": {"Stat_Nam": "UTTAR PRADESH", "Vil_Nam": "Kotawa", "Fam_Wel_Cen_Doc_Tot_Stren_Num": "10", "Fam_Wel_Cen_Par_Med_Staf_Tot_Stren_Num": "5", "id": 199054}, "data_high": {"Stat_Nam": "UTTAR PRADESH", "Vil_Nam": "Bar", "Fam_Wel_Cen_Doc_Tot_Stren_Num": "6", "Fam_Wel_Cen_Par_Med_Staf_Tot_Stren_Num": "3", "id": 152208}, "perc": 0.023124171986029146, "metric": 99.97687482804523, "value_global_local": {"ASSAM": {"global_perc": 7.577192650123129e-05, "local_perc": 0.013888888888888888}, "BIHAR": {"global_perc": 0.0005794000980523243, "local_perc": 0.18055555555555555}, "HARYANA": {"global_perc": 0.00029235491887151, "local_perc": 0.013888888888888888}, "HIMACHAL PRADESH": {"global_perc": 9.666505558240696e-05, "local_perc": 0.013888888888888888}, "JAMMU & KASHMIR": {"global_perc": 0.0003052037234854265, "local_perc": 0.013888888888888888}, "JHARKHAND": {"global_perc": 0.0005865283694511329, "local_perc": 0.13194444444444445}, "MADHYA PRADESH": {"global_perc": 0.0006921297561153307, "local_perc": 0.2638888888888889}, "MANIPUR": {"global_perc": 0.0003874467260751647, "local_perc": 0.006944444444444444}, "Punjab": {"global_perc": 0.0007948493760432398, "local_perc": 0.06944444444444445}, "TRIPURA": {"global_perc": 0.0034285714285714284, "local_perc": 0.020833333333333332}, "UTTAR PRADESH": {"global_perc": 0.0002996984284563658, "local_perc": 0.2222222222222222}, "UTTARAKHAND": {"global_perc": 0.00017864586434824034, "local_perc": 0.020833333333333332}, "West Bengal": {"global_perc": 9.945795414988313e-05, "local_perc": 0.027777777777777776}}, "partition_field": "Stat_Nam", "Vil_Nam": "Gana Pora", "Stat_Nam": "JAMMU & KASHMIR"}, {"data": [["Fam_Wel_Cen_Doc_Tot_Stren_Num", 5.0], ["Fam_Wel_Cen_Par_Med_Staf_Tot_Stren_Num", 2.0], 2.5], "data_low": {"Stat_Nam": "UTTARAKHAND", "Vil_Nam": "Sirodi", "Fam_Wel_Cen_Doc_Tot_Stren_Num": "5", "Fam_Wel_Cen_Par_Med_Staf_Tot_Stren_Num": "2", "id": 54239}, "data_high": {"Stat_Nam": "UTTARAKHAND", "Vil_Nam": "Sirodi", "Fam_Wel_Cen_Doc_Tot_Stren_Num": "5", "Fam_Wel_Cen_Par_Med_Staf_Tot_Stren_Num": "2", "id": 54239}, "perc": 0.0008029226384037898, "metric": 99.9991955770736, "value_global_local": {}, "partition_field": null, "Vil_Nam": "Sirodi", "Stat_Nam": "UTTARAKHAND"}, {"data": [["Fam_Wel_Cen_Doc_Tot_Stren_Num", 6.0], ["Fam_Wel_Cen_Par_Med_Staf_Tot_Stren_Num", 2.0], 3.0], "data_low": {"Stat_Nam": "UTTARAKHAND", "Vil_Nam": "Dall Kanya", "Fam_Wel_Cen_Doc_Tot_Stren_Num": "3", "Fam_Wel_Cen_Par_Med_Staf_Tot_Stren_Num": "1", "id": 54771}, "data_high": {"Stat_Nam": "HIMACHAL PRADESH", "Vil_Nam": "Bathri Jarai  (82)", "Fam_Wel_Cen_Doc_Tot_Stren_Num": "6", "Fam_Wel_Cen_Par_Med_Staf_Tot_Stren_Num": "2", "id": 7324}, "perc": 0.002569352442892127, "metric": 99.99742864720845, "value_global_local": {}, "partition_field": null, "Vil_Nam": "Bathri Jarai  (82)", "Stat_Nam": "HIMACHAL PRADESH"}, {"data": [["Fam_Wel_Cen_Doc_Tot_Stren_Num", 4.0], ["Fam_Wel_Cen_Par_Med_Staf_Tot_Stren_Num", 1.0], 4.0], "data_low": {"Stat_Nam": "Punjab", "Vil_Nam": "Manak rai (29)", "Fam_Wel_Cen_Doc_Tot_Stren_Num": "4", "Fam_Wel_Cen_Par_Med_Staf_Tot_Stren_Num": "1", "id": 30431}, "data_high": {"Stat_Nam": "West Bengal", "Vil_Nam": "Matipur", "Fam_Wel_Cen_Doc_Tot_Stren_Num": "8", "Fam_Wel_Cen_Par_Med_Staf_Tot_Stren_Num": "2", "id": 329137}, "perc": 0.002569352442892127, "metric": 99.99742764703412, "value_global_local": {}, "partition_field": null, "Vil_Nam": "Manak rai (29)", "Stat_Nam": "Punjab"}, {"data": [["Fam_Wel_Cen_Doc_Tot_Stren_Num", 5.0], ["Fam_Wel_Cen_Par_Med_Staf_Tot_Stren_Num", 1.0], 5.0], "data_low": {"Stat_Nam": "UTTAR PRADESH", "Vil_Nam": "Maniyar Chak", "Fam_Wel_Cen_Doc_Tot_Stren_Num": "5", "Fam_Wel_Cen_Par_Med_Staf_Tot_Stren_Num": "1", "id": 198766}, "data_high": {"Stat_Nam": "UTTAR PRADESH", "Vil_Nam": "Maniyar Chak", "Fam_Wel_Cen_Doc_Tot_Stren_Num": "5", "Fam_Wel_Cen_Par_Med_Staf_Tot_Stren_Num": "1", "id": 198766}, "perc": 0.0006423381107230318, "metric": 99.99935366111485, "value_global_local": {}, "partition_field": null, "Vil_Nam": "Maniyar Chak", "Stat_Nam": "UTTAR PRADESH"}, {"data": [["Fam_Wel_Cen_Doc_Tot_Stren_Num", 6.0], ["Fam_Wel_Cen_Par_Med_Staf_Tot_Stren_Num", 1.0], 6.0], "data_low": {"Stat_Nam": "UTTAR PRADESH", "Vil_Nam": "Mathauli", "Fam_Wel_Cen_Doc_Tot_Stren_Num": "6", "Fam_Wel_Cen_Par_Med_Staf_Tot_Stren_Num": "1", "id": 188050}, "data_high": {"Stat_Nam": "UTTAR PRADESH", "Vil_Nam": "Mathauli", "Fam_Wel_Cen_Doc_Tot_Stren_Num": "6", "Fam_Wel_Cen_Par_Med_Staf_Tot_Stren_Num": "1", "id": 188050}, "perc": 0.0003211690553615159, "metric": 99.99967382996054, "value_global_local": {}, "partition_field": null, "Vil_Nam": "Mathauli", "Stat_Nam": "UTTAR PRADESH"}, {"data": [["Fam_Wel_Cen_Doc_Tot_Stren_Num", 7.0], ["Fam_Wel_Cen_Par_Med_Staf_Tot_Stren_Num", 1.0], 7.0], "data_low": {"Stat_Nam": "UTTAR PRADESH", "Vil_Nam": "Lonia", "Fam_Wel_Cen_Doc_Tot_Stren_Num": "7", "Fam_Wel_Cen_Par_Med_Staf_Tot_Stren_Num": "1", "id": 184276}, "data_high": {"Stat_Nam": "UTTAR PRADESH", "Vil_Nam": "Lonia", "Fam_Wel_Cen_Doc_Tot_Stren_Num": "7", "Fam_Wel_Cen_Par_Med_Staf_Tot_Stren_Num": "1", "id": 184276}, "perc": 0.00016058452768075794, "metric": 99.99983341428178, "value_global_local": {}, "partition_field": null, "Vil_Nam": "Lonia", "Stat_Nam": "UTTAR PRADESH"}, {"data": [["Fam_Wel_Cen_Doc_Tot_Stren_Num", 9.0], ["Fam_Wel_Cen_Par_Med_Staf_Tot_Stren_Num", 1.0], 9.0], "data_low": {"Stat_Nam": "JHARKHAND", "Vil_Nam": "Kantu", "Fam_Wel_Cen_Doc_Tot_Stren_Num": "9", "Fam_Wel_Cen_Par_Med_Staf_Tot_Stren_Num": "1", "id": 371875}, "data_high": {"Stat_Nam": "JHARKHAND", "Vil_Nam": "Kantu", "Fam_Wel_Cen_Doc_Tot_Stren_Num": "9", "Fam_Wel_Cen_Par_Med_Staf_Tot_Stren_Num": "1", "id": 371875}, "perc": 0.00016058452768075794, "metric": 99.99983141388493, "value_global_local": {}, "partition_field": null, "Vil_Nam": "Kantu", "Stat_Nam": "JHARKHAND"}, {"data": [["Fam_Wel_Cen_Doc_Tot_Stren_Num", 2.0], ["Fam_Wel_Cen_Par_Med_Staf_Tot_Stren_Num", 0.0], 9999], "data_low": {"Stat_Nam": "HIMACHAL PRADESH", "Vil_Nam": "Mahliat  (33)", "Fam_Wel_Cen_Doc_Tot_Stren_Num": "1", "Fam_Wel_Cen_Par_Med_Staf_Tot_Stren_Num": "0", "id": 6583}, "data_high": {"Stat_Nam": "UTTAR PRADESH", "Vil_Nam": "Jagatpur", "Fam_Wel_Cen_Doc_Tot_Stren_Num": "8", "Fam_Wel_Cen_Par_Med_Staf_Tot_Stren_Num": "0", "id": 147286}, "perc": 0.07740174234212534, "metric": 99.91260599793206, "value_global_local": {"HARYANA": {"global_perc": 0.000146177459435755, "local_perc": 0.002074688796680498}, "HIMACHAL PRADESH": {"global_perc": 0.001304978250362494, "local_perc": 0.056016597510373446}, "JAMMU & KASHMIR": {"global_perc": 0.00015260186174271325, "local_perc": 0.002074688796680498}, "MIZORAM": {"global_perc": 0.0012048192771084338, "local_perc": 0.002074688796680498}, "TRIPURA": {"global_perc": 0.001142857142857143, "local_perc": 0.002074688796680498}, "UTTAR PRADESH": {"global_perc": 0.003062543315788488, "local_perc": 0.6784232365145229}, "UTTARAKHAND": {"global_perc": 0.001846007264931817, "local_perc": 0.06431535269709543}, "West Bengal": {"global_perc": 0.002312397433984783, "local_perc": 0.19294605809128632}}, "partition_field": "Stat_Nam", "Vil_Nam": "Purmandal", "Stat_Nam": "JAMMU & KASHMIR"}, {"data": [["Fam_Wel_Cen_Doc_Tot_Stren_Num", 0], ["Fam_Wel_Cen_Par_Med_Staf_Tot_Stren_Num", 0], 99980001], "data_low": {"Stat_Nam": "JAMMU & KASHMIR", "Vil_Nam": "Bore", "Fam_Wel_Cen_Doc_Tot_Stren_Num": "", "Fam_Wel_Cen_Par_Med_Staf_Tot_Stren_Num": "", "id": 0}, "data_high": {"Stat_Nam": "JAMMU & KASHMIR", "Vil_Nam": "Palmar", "Fam_Wel_Cen_Doc_Tot_Stren_Num": "Fam_st", "Fam_Wel_Cen_Par_Med_Staf_Tot_Stren_Num": "Fam_pst", "id": 4582}, "perc": 95.38817294953631, "metric": 9.5407253446153e-07, "value_global_local": {"null": {"global_perc": 0.9538817294953631, "local_perc": 1.0}}, "partition_field": "Dist_Other", "Vil_Nam": "Bore", "Stat_Nam": "JAMMU & KASHMIR"}]