[{"data": [["TB_Clin_Doc_In_Pos_Num", 0.0], ["TB_Clin_Doc_Tot_Stren_Num", 1.0], 0.0], "data_low": {"Stat_Nam": "UTTAR PRADESH", "Vil_Nam": "Muktora", "TB_Clin_Doc_Tot_Stren_Num": "2", "TB_Clin_Doc_In_Pos_Num": "", "id": 152078}, "data_high": {"Stat_Nam": "HIMACHAL PRADESH", "Vil_Nam": "Gohar (63)", "TB_Clin_Doc_Tot_Stren_Num": "1", "TB_Clin_Doc_In_Pos_Num": "0", "id": 15261}, "perc": 0.1100004014613192, "metric": 99.89000059763849, "value_global_local": {"ANDAMAN & NICOBAR ISLANDS": {"global_perc": 0.0018018018018018018, "local_perc": 0.00145985401459854}, "BIHAR": {"global_perc": 0.009493247760395776, "local_perc": 0.621897810218978}, "CHHATTISGARH": {"global_perc": 0.00029812183245553017, "local_perc": 0.008759124087591242}, "HIMACHAL PRADESH": {"global_perc": 4.833252779120348e-05, "local_perc": 0.00145985401459854}, "JHARKHAND": {"global_perc": 0.002222633821077977, "local_perc": 0.10510948905109489}, "KARNATAKA": {"global_perc": 0.00027266530334015, "local_perc": 0.01167883211678832}, "KERALA": {"global_perc": 0.003929273084479371, "local_perc": 0.00583941605839416}, "MADHYA PRADESH": {"global_perc": 0.00021856729140484125, "local_perc": 0.017518248175182483}, "MIZORAM": {"global_perc": 0.0012048192771084338, "local_perc": 0.00145985401459854}, "RAJASTHAN": {"global_perc": 0.0006267908309455588, "local_perc": 0.040875912408759124}, "TRIPURA": {"global_perc": 0.005714285714285714, "local_perc": 0.0072992700729927005}, "UTTAR PRADESH": {"global_perc": 0.00028096727667784293, "local_perc": 0.043795620437956206}, "West Bengal": {"global_perc": 0.0022626684569098414, "local_perc": 0.13284671532846715}}, "partition_field": "Stat_Nam", "Vil_Nam": "Gohar (63)", "Stat_Nam": "HIMACHAL PRADESH"}, {"data": [["TB_Clin_Doc_In_Pos_Num", 1.0], ["TB_Clin_Doc_Tot_Stren_Num", 7.0], 0.14285714285714285], "data_low": {"Stat_Nam": "Punjab", "Vil_Nam": "Ayali Khurd (153)", "TB_Clin_Doc_Tot_Stren_Num": "7", "TB_Clin_Doc_In_Pos_Num": "1", "id": 33424}, "data_high": {"Stat_Nam": "Punjab", "Vil_Nam": "Ayali Khurd (153)", "TB_Clin_Doc_Tot_Stren_Num": "7", "TB_Clin_Doc_In_Pos_Num": "1", "id": 33424}, "perc": 0.00016058452768075794, "metric": 99.99984027278525, "value_global_local": {}, "partition_field": null, "Vil_Nam": "Ayali Khurd (153)", "Stat_Nam": "Punjab"}, {"data": [["TB_Clin_Doc_In_Pos_Num", 1.0], ["TB_Clin_Doc_Tot_Stren_Num", 4.0], 0.25], "data_low": {"Stat_Nam": "JHARKHAND", "Vil_Nam": "Dorabandh", "TB_Clin_Doc_Tot_Stren_Num": "4", "TB_Clin_Doc_In_Pos_Num": "1", "id": 355480}, "data_high": {"Stat_Nam": "UTTARAKHAND", "Vil_Nam": "Jauligrant", "TB_Clin_Doc_Tot_Stren_Num": "6", "TB_Clin_Doc_In_Pos_Num": "2", "id": 45051}, "perc": 0.0024087679152113694, "metric": 99.99759198221675, "value_global_local": {}, "partition_field": null, "Vil_Nam": "Dorabandh", "Stat_Nam": "JHARKHAND"}, {"data": [["TB_Clin_Doc_In_Pos_Num", 2.0], ["TB_Clin_Doc_Tot_Stren_Num", 5.0], 0.4], "data_low": {"Stat_Nam": "JAMMU & KASHMIR", "Vil_Nam": "Singh Pora", "TB_Clin_Doc_Tot_Stren_Num": "2", "TB_Clin_Doc_In_Pos_Num": "1", "id": 2330}, "data_high": {"Stat_Nam": "West Bengal", "Vil_Nam": "Matipur", "TB_Clin_Doc_Tot_Stren_Num": "8", "TB_Clin_Doc_In_Pos_Num": "4", "id": 329137}, "perc": 0.03420450439600145, "metric": 99.96579609551875, "value_global_local": {"ANDHRA PRADESH": {"global_perc": 3.597122302158273e-05, "local_perc": 0.004694835680751174}, "ASSAM": {"global_perc": 3.7885963250615644e-05, "local_perc": 0.004694835680751174}, "BIHAR": {"global_perc": 0.0004234077639613139, "local_perc": 0.0892018779342723}, "CHHATTISGARH": {"global_perc": 4.9686972075921695e-05, "local_perc": 0.004694835680751174}, "JAMMU & KASHMIR": {"global_perc": 0.0003052037234854265, "local_perc": 0.009389671361502348}, "JHARKHAND": {"global_perc": 0.00015434957090819287, "local_perc": 0.023474178403755867}, "KARNATAKA": {"global_perc": 0.003885480572597137, "local_perc": 0.5352112676056338}, "KERALA": {"global_perc": 0.0009823182711198428, "local_perc": 0.004694835680751174}, "MADHYA PRADESH": {"global_perc": 1.821394095040344e-05, "local_perc": 0.004694835680751174}, "ODISHA": {"global_perc": 0.00037027653810925106, "local_perc": 0.0892018779342723}, "PUDUCHERRY": {"global_perc": 0.011111111111111112, "local_perc": 0.004694835680751174}, "Punjab": {"global_perc": 0.00023845481281297194, "local_perc": 0.014084507042253521}, "RAJASTHAN": {"global_perc": 6.715616045845272e-05, "local_perc": 0.014084507042253521}, "SIKKIM": {"global_perc": 0.011086474501108648, "local_perc": 0.023474178403755867}, "TRIPURA": {"global_perc": 0.001142857142857143, "local_perc": 0.004694835680751174}, "UTTAR PRADESH": {"global_perc": 0.0001779459418959672, "local_perc": 0.0892018779342723}, "UTTARAKHAND": {"global_perc": 0.0003572917286964807, "local_perc": 0.028169014084507043}, "West Bengal": {"global_perc": 0.00027350937391217863, "local_perc": 0.051643192488262914}}, "partition_field": "Stat_Nam", "Vil_Nam": "Rasulpur", "Stat_Nam": "UTTARAKHAND"}, {"data": [["TB_Clin_Doc_In_Pos_Num", 3.0], ["TB_Clin_Doc_Tot_Stren_Num", 5.0], 0.6], "data_low": {"Stat_Nam": "UTTAR PRADESH", "Vil_Nam": "Mishrouli", "TB_Clin_Doc_Tot_Stren_Num": "15", "TB_Clin_Doc_In_Pos_Num": "10", "id": 190279}, "data_high": {"Stat_Nam": "UTTAR PRADESH", "Vil_Nam": "Goithaha", "TB_Clin_Doc_Tot_Stren_Num": "5", "TB_Clin_Doc_In_Pos_Num": "3", "id": 181092}, "perc": 0.003854028664338191, "metric": 99.99614637140026, "value_global_local": {"KARNATAKA": {"global_perc": 0.00017041581458759374, "local_perc": 0.20833333333333334}, "SIKKIM": {"global_perc": 0.004434589800443459, "local_perc": 0.08333333333333333}, "TRIPURA": {"global_perc": 0.002285714285714286, "local_perc": 0.08333333333333333}, "UTTAR PRADESH": {"global_perc": 7.492460711409145e-05, "local_perc": 0.3333333333333333}, "UTTARAKHAND": {"global_perc": 0.0001190972428988269, "local_perc": 0.08333333333333333}, "West Bengal": {"global_perc": 0.00012432244268735393, "local_perc": 0.20833333333333334}}, "partition_field": "Stat_Nam", "Vil_Nam": "Goithaha", "Stat_Nam": "UTTAR PRADESH"}, {"data": [["TB_Clin_Doc_In_Pos_Num", 5.0], ["TB_Clin_Doc_Tot_Stren_Num", 7.0], 0.7142857142857143], "data_low": {"Stat_Nam": "UTTAR PRADESH", "Vil_Nam": "Narayanpur", "TB_Clin_Doc_Tot_Stren_Num": "4", "TB_Clin_Doc_In_Pos_Num": "3", "id": 140300}, "data_high": {"Stat_Nam": "West Bengal", "Vil_Nam": "Tentuldanga", "TB_Clin_Doc_Tot_Stren_Num": "7", "TB_Clin_Doc_In_Pos_Num": "5", "id": 335275}, "perc": 0.0027299369705728856, "metric": 99.99727034879307, "value_global_local": {}, "partition_field": null, "Vil_Nam": "Tentuldanga", "Stat_Nam": "West Bengal"}, {"data": [["TB_Clin_Doc_In_Pos_Num", 1.0], ["TB_Clin_Doc_Tot_Stren_Num", 1.0], 1.0], "data_low": {"Stat_Nam": "JAMMU & KASHMIR", "Vil_Nam": "Halmat Pora", "TB_Clin_Doc_Tot_Stren_Num": "1", "TB_Clin_Doc_In_Pos_Num": "1", "id": 55}, "data_high": {"Stat_Nam": "West Bengal", "Vil_Nam": "Goalpota", "TB_Clin_Doc_Tot_Stren_Num": "9", "TB_Clin_Doc_In_Pos_Num": "9", "id": 330938}, "perc": 1.3484282789353246, "metric": 98.65157172106467, "value_global_local": {"": {"global_perc": 0.01570617303860021, "local_perc": 0.9742765273311897}, "ADHARPUR": {"global_perc": 0.25, "local_perc": 0.00011909015124449208}, "AILEE": {"global_perc": 1.0, "local_perc": 0.00011909015124449208}, "AKBARNAGAR": {"global_perc": 0.1111111111111111, "local_perc": 0.00011909015124449208}, "ALAKDIHA": {"global_perc": 0.5, "local_perc": 0.00011909015124449208}, "AMRAPARA": {"global_perc": 1.0, "local_perc": 0.00011909015124449208}, "ANDIPATTI": {"global_perc": 0.25, "local_perc": 0.00011909015124449208}, "AREKALHOSAHALLI": {"global_perc": 0.5, "local_perc": 0.00011909015124449208}, "B.BAGEWADI": {"global_perc": 0.5, "local_perc": 0.00011909015124449208}, "BABHANI": {"global_perc": 0.010416666666666666, "local_perc": 0.00023818030248898416}, "BACHAHALLI": {"global_perc": 1.0, "local_perc": 0.00011909015124449208}, "BADHGAWAN": {"global_perc": 1.0, "local_perc": 0.00011909015124449208}, "BAGHA": {"global_perc": 0.25, "local_perc": 0.00011909015124449208}, "BAJODIH": {"global_perc": 1.0, "local_perc": 0.00011909015124449208}, "BALIA": {"global_perc": 0.08333333333333333, "local_perc": 0.00011909015124449208}, "BALLAGAN": {"global_perc": 1.0, "local_perc": 0.00011909015124449208}, "BALMARPADA": {"global_perc": 1.0, "local_perc": 0.00011909015124449208}, "BANDULAHAR": {"global_perc": 1.0, "local_perc": 0.00011909015124449208}, "BARAP": {"global_perc": 0.3333333333333333, "local_perc": 0.00011909015124449208}, "BASAVANAHALLI": {"global_perc": 0.2, "local_perc": 0.00011909015124449208}, "BASEDOUR": {"global_perc": 0.3333333333333333, "local_perc": 0.00011909015124449208}, "BASINI": {"global_perc": 1.0, "local_perc": 0.00011909015124449208}, "BASODIH": {"global_perc": 1.0, "local_perc": 0.00011909015124449208}, "BASOLI MALLI": {"global_perc": 0.5, "local_perc": 0.00011909015124449208}, "BASUDEWPUR": {"global_perc": 1.0, "local_perc": 0.00011909015124449208}, "BEGUMSARAI": {"global_perc": 1.0, "local_perc": 0.00011909015124449208}, "BELDIHRI": {"global_perc": 0.3333333333333333, "local_perc": 0.00011909015124449208}, "BHANDRA": {"global_perc": 0.3333333333333333, "local_perc": 0.00011909015124449208}, "BHAURA DANDA": {"global_perc": 1.0, "local_perc": 0.00011909015124449208}, "BIGHAPUR": {"global_perc": 1.0, "local_perc": 0.00011909015124449208}, "BIKHARA": {"global_perc": 1.0, "local_perc": 0.00011909015124449208}, "BILISIRI": {"global_perc": 0.5, "local_perc": 0.00011909015124449208}, "BORAGAONWADI": {"global_perc": 1.0, "local_perc": 0.00011909015124449208}, "BUDGADDA": {"global_perc": 0.5, "local_perc": 0.00023818030248898416}, "CHAK BAMUN": {"global_perc": 0.3333333333333333, "local_perc": 0.00011909015124449208}, "CHAND": {"global_perc": 0.2, "local_perc": 0.00011909015124449208}, "CHANDDIH": {"global_perc": 0.5, "local_perc": 0.00011909015124449208}, "CHANDOLI": {"global_perc": 0.5, "local_perc": 0.00011909015124449208}, "CHATIKONA": {"global_perc": 0.2857142857142857, "local_perc": 0.00023818030248898416}, "CHHANGLA": {"global_perc": 0.2, "local_perc": 0.00011909015124449208}, "CHILOI": {"global_perc": 0.3333333333333333, "local_perc": 0.00011909015124449208}, "CHIRKUWEDA": {"global_perc": 1.0, "local_perc": 0.00011909015124449208}, "CHORA": {"global_perc": 0.25, "local_perc": 0.00011909015124449208}, "CHORAIN": {"global_perc": 1.0, "local_perc": 0.00011909015124449208}, "DADADAHALLI": {"global_perc": 1.0, "local_perc": 0.00011909015124449208}, "DAMERIKIA": {"global_perc": 1.0, "local_perc": 0.00011909015124449208}, "DANMOCHHE": {"global_perc": 0.5, "local_perc": 0.00011909015124449208}, "DARAPUR": {"global_perc": 0.2, "local_perc": 0.00011909015124449208}, "DEDUWA": {"global_perc": 1.0, "local_perc": 0.00011909015124449208}, "DEGO DEHARI": {"global_perc": 1.0, "local_perc": 0.00011909015124449208}, "DHUNA": {"global_perc": 0.3333333333333333, "local_perc": 0.00011909015124449208}, "DUIKASAI": {"global_perc": 1.0, "local_perc": 0.00011909015124449208}, "DURGI": {"global_perc": 0.6666666666666666, "local_perc": 0.00047636060497796833}, "ERKI": {"global_perc": 1.0, "local_perc": 0.00011909015124449208}, "ETAUNJA": {"global_perc": 0.3333333333333333, "local_perc": 0.00011909015124449208}, "FATEHPUR": {"global_perc": 0.015873015873015872, "local_perc": 0.00011909015124449208}, "FRANGAMATIA": {"global_perc": 1.0, "local_perc": 0.00011909015124449208}, "FULANG": {"global_perc": 0.3333333333333333, "local_perc": 0.00011909015124449208}, "GACHRA": {"global_perc": 1.0, "local_perc": 0.00011909015124449208}, "GANGATI": {"global_perc": 1.0, "local_perc": 0.00023818030248898416}, "GAON": {"global_perc": 0.06666666666666667, "local_perc": 0.00011909015124449208}, "GARHWA": {"global_perc": 0.14285714285714285, "local_perc": 0.00011909015124449208}, "GIRIYA": {"global_perc": 0.5, "local_perc": 0.00011909015124449208}, "GOPICHAK": {"global_perc": 1.0, "local_perc": 0.00011909015124449208}, "GOVINDAMPALAYAM": {"global_perc": 0.5, "local_perc": 0.00011909015124449208}, "GUMMIDIPOONDI": {"global_perc": 0.5, "local_perc": 0.00011909015124449208}, "GUMRU": {"global_perc": 0.3333333333333333, "local_perc": 0.00011909015124449208}, "GYANPUR": {"global_perc": 0.034482758620689655, "local_perc": 0.00011909015124449208}, "HARCHANDAPUR": {"global_perc": 1.0, "local_perc": 0.00011909015124449208}, "HARHUA": {"global_perc": 0.6666666666666666, "local_perc": 0.00023818030248898416}, "HARIHARPUR": {"global_perc": 0.03225806451612903, "local_perc": 0.00011909015124449208}, "HARIRAMPUR": {"global_perc": 0.14285714285714285, "local_perc": 0.00011909015124449208}, "HARNA": {"global_perc": 0.5, "local_perc": 0.00011909015124449208}, "HULIYAR": {"global_perc": 0.5, "local_perc": 0.00011909015124449208}, "HUNASANAKODIHALLI": {"global_perc": 1.0, "local_perc": 0.00011909015124449208}, "IBRAHIMPUR": {"global_perc": 0.1, "local_perc": 0.00011909015124449208}, "IDAR": {"global_perc": 0.5, "local_perc": 0.00011909015124449208}, "ISHAPUR": {"global_perc": 0.3333333333333333, "local_perc": 0.00011909015124449208}, "ITKHORI": {"global_perc": 0.5, "local_perc": 0.00011909015124449208}, "JAIDPUR": {"global_perc": 1.0, "local_perc": 0.00011909015124449208}, "JAMBANI": {"global_perc": 0.2, "local_perc": 0.00011909015124449208}, "JAMBGI(K.D)": {"global_perc": 1.0, "local_perc": 0.00011909015124449208}, "JARANGA": {"global_perc": 0.5, "local_perc": 0.00011909015124449208}, "JHAMKE": {"global_perc": 1.0, "local_perc": 0.00011909015124449208}, "JOGERISUGA": {"global_perc": 1.0, "local_perc": 0.00011909015124449208}, "K. NUAGAON": {"global_perc": 1.0, "local_perc": 0.0003572704537334762}, "KACHURI": {"global_perc": 0.5, "local_perc": 0.00011909015124449208}, "KAKARIA": {"global_perc": 0.25, "local_perc": 0.00011909015124449208}, "KAMUPUR": {"global_perc": 0.5, "local_perc": 0.00011909015124449208}, "KANAUDI": {"global_perc": 0.5, "local_perc": 0.00011909015124449208}, "KANDARMUNDA": {"global_perc": 1.0, "local_perc": 0.00023818030248898416}, "KANDHALA SHEIKAN": {"global_perc": 1.0, "local_perc": 0.00011909015124449208}, "KANIMOH": {"global_perc": 0.16666666666666666, "local_perc": 0.00011909015124449208}, "KANNAPUR HATTI": {"global_perc": 1.0, "local_perc": 0.00011909015124449208}, "KARJA": {"global_perc": 0.5, "local_perc": 0.00011909015124449208}, "KARLI KALH": {"global_perc": 0.2, "local_perc": 0.00011909015124449208}, "KARMUPUR": {"global_perc": 0.5, "local_perc": 0.00011909015124449208}, "KAULI": {"global_perc": 0.14285714285714285, "local_perc": 0.00011909015124449208}, "KESARE": {"global_perc": 1.0, "local_perc": 0.00011909015124449208}, "KHARAJ": {"global_perc": 0.6666666666666666, "local_perc": 0.00023818030248898416}, "KHARAR": {"global_perc": 0.1111111111111111, "local_perc": 0.00011909015124449208}, "KHARGIPUR": {"global_perc": 0.25, "local_perc": 0.00011909015124449208}, "KHUN KHUN SARKI": {"global_perc": 0.5, "local_perc": 0.00011909015124449208}, "KONE": {"global_perc": 1.0, "local_perc": 0.00011909015124449208}, "KORI": {"global_perc": 0.2, "local_perc": 0.00011909015124449208}, "KOSDA": {"global_perc": 0.14285714285714285, "local_perc": 0.00011909015124449208}, "KOT GANGURAI": {"global_perc": 1.0, "local_perc": 0.00011909015124449208}, "KOTTARAM": {"global_perc": 1.0, "local_perc": 0.00011909015124449208}, "KUBANDHAMUNI": {"global_perc": 0.5, "local_perc": 0.00011909015124449208}, "KUDKI": {"global_perc": 0.5, "local_perc": 0.00011909015124449208}, "KUDUTULI": {"global_perc": 0.6666666666666666, "local_perc": 0.00023818030248898416}, "KUKURBAGHI": {"global_perc": 0.0625, "local_perc": 0.00011909015124449208}, "KULLATHILVAI": {"global_perc": 0.3333333333333333, "local_perc": 0.00011909015124449208}, "KUMIZHI": {"global_perc": 1.0, "local_perc": 0.00011909015124449208}, "KURJUN": {"global_perc": 1.0, "local_perc": 0.00011909015124449208}, "KURMADIH": {"global_perc": 1.0, "local_perc": 0.00011909015124449208}, "KURSI": {"global_perc": 0.3333333333333333, "local_perc": 0.00011909015124449208}, "KUTTI": {"global_perc": 1.0, "local_perc": 0.00011909015124449208}, "LANJI": {"global_perc": 1.0, "local_perc": 0.00011909015124449208}, "MACHAGOWDANAHALLI": {"global_perc": 0.1111111111111111, "local_perc": 0.00011909015124449208}, "MACHONG": {"global_perc": 1.0, "local_perc": 0.00011909015124449208}, "MADHOPUR": {"global_perc": 0.03225806451612903, "local_perc": 0.00011909015124449208}, "MAJHWALIA": {"global_perc": 1.0, "local_perc": 0.00011909015124449208}, "MALIHAPUR": {"global_perc": 1.0, "local_perc": 0.00011909015124449208}, "MARARI KALA": {"global_perc": 0.5, "local_perc": 0.00011909015124449208}, "MASAUNI": {"global_perc": 0.3333333333333333, "local_perc": 0.00011909015124449208}, "MAYURHAND": {"global_perc": 0.75, "local_perc": 0.0003572704537334762}, "MELPAKKAM": {"global_perc": 0.5, "local_perc": 0.00011909015124449208}, "MERLE": {"global_perc": 1.0, "local_perc": 0.00011909015124449208}, "MISRAULI": {"global_perc": 1.0, "local_perc": 0.00011909015124449208}, "MORWA": {"global_perc": 1.0, "local_perc": 0.00011909015124449208}, "MULEKALENAHALLI": {"global_perc": 0.1111111111111111, "local_perc": 0.00011909015124449208}, "MULTANIPUR": {"global_perc": 1.0, "local_perc": 0.00011909015124449208}, "MUNAN": {"global_perc": 1.0, "local_perc": 0.00011909015124449208}, "MUNDARGAON": {"global_perc": 1.0, "local_perc": 0.00011909015124449208}, "MUNIPUR": {"global_perc": 0.5, "local_perc": 0.00011909015124449208}, "N.A.": {"global_perc": 0.0009471490812653912, "local_perc": 0.0011909015124449208}, "NAGENAHALLI": {"global_perc": 0.16666666666666666, "local_perc": 0.00011909015124449208}, "NALATHWAD": {"global_perc": 0.25, "local_perc": 0.00011909015124449208}, "NAYADIH": {"global_perc": 0.3333333333333333, "local_perc": 0.00011909015124449208}, "NOTAR": {"global_perc": 1.0, "local_perc": 0.00011909015124449208}, "OBRA": {"global_perc": 1.0, "local_perc": 0.00011909015124449208}, "PAIBANSAHI": {"global_perc": 1.0, "local_perc": 0.00011909015124449208}, "PALAKHAMAN": {"global_perc": 1.0, "local_perc": 0.00011909015124449208}, "PALLIKKADU": {"global_perc": 1.0, "local_perc": 0.00011909015124449208}, "PANDEPURA KALA": {"global_perc": 1.0, "local_perc": 0.00023818030248898416}, "PARTAWAL": {"global_perc": 1.0, "local_perc": 0.00011909015124449208}, "PHULANG": {"global_perc": 1.0, "local_perc": 0.00011909015124449208}, "PUHO": {"global_perc": 1.0, "local_perc": 0.00011909015124449208}, "PUNAJUR STATE FOREST": {"global_perc": 1.0, "local_perc": 0.00011909015124449208}, "PURAUNI BUZURG": {"global_perc": 1.0, "local_perc": 0.00011909015124449208}, "PURIKONA": {"global_perc": 0.16666666666666666, "local_perc": 0.00011909015124449208}, "RAGHOPUR": {"global_perc": 0.16666666666666666, "local_perc": 0.00011909015124449208}, "RAIKWA": {"global_perc": 1.0, "local_perc": 0.00011909015124449208}, "RAINAGAR": {"global_perc": 1.0, "local_perc": 0.00011909015124449208}, "RAMDIH": {"global_perc": 0.3333333333333333, "local_perc": 0.00011909015124449208}, "RAMGARHA": {"global_perc": 1.0, "local_perc": 0.00011909015124449208}, "RANIPOKHRI": {"global_perc": 0.5, "local_perc": 0.00023818030248898416}, "RATNAG": {"global_perc": 0.3333333333333333, "local_perc": 0.00011909015124449208}, "Rahmatpur": {"global_perc": 0.5, "local_perc": 0.00011909015124449208}, "SAHIBGANJ": {"global_perc": 0.05263157894736842, "local_perc": 0.00011909015124449208}, "SAINIPADA": {"global_perc": 1.0, "local_perc": 0.00023818030248898416}, "SALIAGOCHHA": {"global_perc": 1.0, "local_perc": 0.00011909015124449208}, "SAMTHAR": {"global_perc": 0.3333333333333333, "local_perc": 0.00011909015124449208}, "SANKESHWAR TOWN": {"global_perc": 1.0, "local_perc": 0.00011909015124449208}, "SAPAKAMBA": {"global_perc": 1.0, "local_perc": 0.00011909015124449208}, "SARAIA": {"global_perc": 0.5, "local_perc": 0.00023818030248898416}, "SARDAM": {"global_perc": 0.25, "local_perc": 0.00011909015124449208}, "SARUA": {"global_perc": 0.3333333333333333, "local_perc": 0.00011909015124449208}, "SEWAL": {"global_perc": 1.0, "local_perc": 0.00011909015124449208}, "SHIVPUR": {"global_perc": 0.18181818181818182, "local_perc": 0.00047636060497796833}, "SIRUVADI": {"global_perc": 1.0, "local_perc": 0.00011909015124449208}, "SOMINAKOPPA": {"global_perc": 0.16666666666666666, "local_perc": 0.00011909015124449208}, "SUNDA": {"global_perc": 0.5, "local_perc": 0.00011909015124449208}, "SUNKA": {"global_perc": 1.0, "local_perc": 0.00011909015124449208}, "TAMBA": {"global_perc": 0.5, "local_perc": 0.00011909015124449208}, "TARNA": {"global_perc": 0.5, "local_perc": 0.00011909015124449208}, "TEGRA": {"global_perc": 1.0, "local_perc": 0.00011909015124449208}, "TELAIMAL": {"global_perc": 0.5, "local_perc": 0.00011909015124449208}, "TETRI": {"global_perc": 0.5, "local_perc": 0.00011909015124449208}, "THAGACHAGERE": {"global_perc": 1.0, "local_perc": 0.00011909015124449208}, "THALAGHATTAPURA": {"global_perc": 0.2, "local_perc": 0.00011909015124449208}, "URMAR": {"global_perc": 1.0, "local_perc": 0.00011909015124449208}, "USODU": {"global_perc": 0.125, "local_perc": 0.00011909015124449208}, "VADAKATTUPATTI": {"global_perc": 1.0, "local_perc": 0.00011909015124449208}, "VELLALAPATTI": {"global_perc": 0.5, "local_perc": 0.00011909015124449208}}, "partition_field": "Near_Vil_Tow_Nam_hav_Prim_School", "Vil_Nam": "Halmat Pora", "Stat_Nam": "JAMMU & KASHMIR"}, {"data": [["TB_Clin_Doc_In_Pos_Num", 4.0], ["TB_Clin_Doc_Tot_Stren_Num", 3.0], 1.3333333333333333], "data_low": {"Stat_Nam": "UTTAR PRADESH", "Vil_Nam": "Bharthana", "TB_Clin_Doc_Tot_Stren_Num": "3", "TB_Clin_Doc_In_Pos_Num": "4", "id": 147007}, "data_high": {"Stat_Nam": "UTTAR PRADESH", "Vil_Nam": "Bharthana", "TB_Clin_Doc_Tot_Stren_Num": "3", "TB_Clin_Doc_In_Pos_Num": "4", "id": 147007}, "perc": 0.00016058452768075794, "metric": 99.99983908207285, "value_global_local": {}, "partition_field": null, "Vil_Nam": "Bharthana", "Stat_Nam": "UTTAR PRADESH"}, {"data": [["TB_Clin_Doc_In_Pos_Num", 3.0], ["TB_Clin_Doc_Tot_Stren_Num", 2.0], 1.5], "data_low": {"Stat_Nam": "UTTAR PRADESH", "Vil_Nam": "Nisbhi", "TB_Clin_Doc_Tot_Stren_Num": "2", "TB_Clin_Doc_In_Pos_Num": "3", "id": 141027}, "data_high": {"Stat_Nam": "UTTAR PRADESH", "Vil_Nam": "Nisbhi", "TB_Clin_Doc_Tot_Stren_Num": "2", "TB_Clin_Doc_In_Pos_Num": "3", "id": 141027}, "perc": 0.0012846762214460635, "metric": 99.99871482368496, "value_global_local": {}, "partition_field": null, "Vil_Nam": "Nisbhi", "Stat_Nam": "UTTAR PRADESH"}, {"data": [["TB_Clin_Doc_In_Pos_Num", 2.0], ["TB_Clin_Doc_Tot_Stren_Num", 1.0], 2.0], "data_low": {"Stat_Nam": "UTTAR PRADESH", "Vil_Nam": "Hastinapur Kaurwan", "TB_Clin_Doc_Tot_Stren_Num": "1", "TB_Clin_Doc_In_Pos_Num": "2", "id": 118132}, "data_high": {"Stat_Nam": "UTTAR PRADESH", "Vil_Nam": "Auna", "TB_Clin_Doc_Tot_Stren_Num": "2", "TB_Clin_Doc_In_Pos_Num": "4", "id": 140402}, "perc": 0.0011240916937653056, "metric": 99.99887490811744, "value_global_local": {}, "partition_field": null, "Vil_Nam": "Hastinapur Kaurwan", "Stat_Nam": "UTTAR PRADESH"}, {"data": [["TB_Clin_Doc_In_Pos_Num", 5.0], ["TB_Clin_Doc_Tot_Stren_Num", 2.0], 2.5], "data_low": {"Stat_Nam": "UTTAR PRADESH", "Vil_Nam": "Dayalpur", "TB_Clin_Doc_Tot_Stren_Num": "2", "TB_Clin_Doc_In_Pos_Num": "5", "id": 141026}, "data_high": {"Stat_Nam": "UTTAR PRADESH", "Vil_Nam": "Dayalpur", "TB_Clin_Doc_Tot_Stren_Num": "2", "TB_Clin_Doc_In_Pos_Num": "5", "id": 141026}, "perc": 0.0006423381107230318, "metric": 99.99935616159887, "value_global_local": {}, "partition_field": null, "Vil_Nam": "Dayalpur", "Stat_Nam": "UTTAR PRADESH"}, {"data": [["TB_Clin_Doc_In_Pos_Num", 6.0], ["TB_Clin_Doc_Tot_Stren_Num", 2.0], 3.0], "data_low": {"Stat_Nam": "UTTAR PRADESH", "Vil_Nam": "Bhawaneepur", "TB_Clin_Doc_Tot_Stren_Num": "2", "TB_Clin_Doc_In_Pos_Num": "6", "id": 141033}, "data_high": {"Stat_Nam": "UTTAR PRADESH", "Vil_Nam": "Bhawaneepur", "TB_Clin_Doc_Tot_Stren_Num": "2", "TB_Clin_Doc_In_Pos_Num": "6", "id": 141033}, "perc": 0.00016058452768075794, "metric": 99.99983741507548, "value_global_local": {}, "partition_field": null, "Vil_Nam": "Bhawaneepur", "Stat_Nam": "UTTAR PRADESH"}, {"data": [["TB_Clin_Doc_In_Pos_Num", 4.0], ["TB_Clin_Doc_Tot_Stren_Num", 1.0], 4.0], "data_low": {"Stat_Nam": "UTTAR PRADESH", "Vil_Nam": "Tosawa Parsia", "TB_Clin_Doc_Tot_Stren_Num": "1", "TB_Clin_Doc_In_Pos_Num": "4", "id": 210632}, "data_high": {"Stat_Nam": "UTTAR PRADESH", "Vil_Nam": "Tosawa Parsia", "TB_Clin_Doc_Tot_Stren_Num": "1", "TB_Clin_Doc_In_Pos_Num": "4", "id": 210632}, "perc": 0.00016058452768075794, "metric": 99.99983641487705, "value_global_local": {}, "partition_field": null, "Vil_Nam": "Tosawa Parsia", "Stat_Nam": "UTTAR PRADESH"}, {"data": [["TB_Clin_Doc_In_Pos_Num", 1.0], ["TB_Clin_Doc_Tot_Stren_Num", 0.0], 9999], "data_low": {"Stat_Nam": "HIMACHAL PRADESH", "Vil_Nam": "Chuari Khas  (220)", "TB_Clin_Doc_Tot_Stren_Num": "0", "TB_Clin_Doc_In_Pos_Num": "1", "id": 7466}, "data_high": {"Stat_Nam": "UTTAR PRADESH", "Vil_Nam": "Rahi", "TB_Clin_Doc_Tot_Stren_Num": "0", "TB_Clin_Doc_In_Pos_Num": "3", "id": 143651}, "perc": 0.0016058452768075795, "metric": 99.98839431540773, "value_global_local": {}, "partition_field": null, "Vil_Nam": "Chuari Khas  (220)", "Stat_Nam": "HIMACHAL PRADESH"}, {"data": [["TB_Clin_Doc_In_Pos_Num", 0], ["TB_Clin_Doc_Tot_Stren_Num", 0], 99980001], "data_low": {"Stat_Nam": "JAMMU & KASHMIR", "Vil_Nam": "Bore", "TB_Clin_Doc_Tot_Stren_Num": "", "TB_Clin_Doc_In_Pos_Num": "", "id": 0}, "data_high": {"Stat_Nam": "JAMMU & KASHMIR", "Vil_Nam": "Palmar", "TB_Clin_Doc_Tot_Stren_Num": "Tb_st", "TB_Clin_Doc_In_Pos_Num": "Tb_pos", "id": 4582}, "perc": 98.49307479224376, "metric": 9.851277636238848e-07, "value_global_local": {"null": {"global_perc": 0.9849307479224376, "local_perc": 1.0}}, "partition_field": "Dist_Other", "Vil_Nam": "Bore", "Stat_Nam": "JAMMU & KASHMIR"}]