[{"data": [["Mat_An_Chil_Wel_Cen_Doc_In_Pos_Num", 0], ["Mat_An_Chil_Wel_Cen_Doc_Tot_Stren_Num", 2.0], 0.0], "data_low": {"Stat_Nam": "JAMMU & KASHMIR", "Vil_Nam": "Arigam", "Mat_An_Chil_Wel_Cen_Doc_Tot_Stren_Num": "2", "Mat_An_Chil_Wel_Cen_Doc_In_Pos_Num": "", "id": 591}, "data_high": {"Stat_Nam": "JAMMU & KASHMIR", "Vil_Nam": "Jamola", "Mat_An_Chil_Wel_Cen_Doc_Tot_Stren_Num": "1", "Mat_An_Chil_Wel_Cen_Doc_In_Pos_Num": "0", "id": 1450}, "perc": 0.7741780079489341, "metric": 99.22582298450777, "value_global_local": {"ANDAMAN & NICOBAR ISLANDS": {"global_perc": 0.005405405405405406, "local_perc": 0.0006222775357809583}, "ASSAM": {"global_perc": 0.00011365788975184695, "local_perc": 0.0006222775357809583}, "BIHAR": {"global_perc": 0.007866470562018096, "local_perc": 0.07322132337689276}, "CHHATTISGARH": {"global_perc": 0.0019377919109609461, "local_perc": 0.008089607965152458}, "HIMACHAL PRADESH": {"global_perc": 0.00033832769453842436, "local_perc": 0.001451980916822236}, "JAMMU & KASHMIR": {"global_perc": 0.0009156111704562796, "local_perc": 0.0012445550715619166}, "JHARKHAND": {"global_perc": 0.002469593134531086, "local_perc": 0.016594067620825555}, "KARNATAKA": {"global_perc": 0.00030674846625766873, "local_perc": 0.001866832607342875}, "MADHYA PRADESH": {"global_perc": 0.0018396080359907472, "local_perc": 0.020950010371292262}, "MIZORAM": {"global_perc": 0.0036144578313253013, "local_perc": 0.0006222775357809583}, "NAGALAND": {"global_perc": 0.0007002801120448179, "local_perc": 0.00020742584526031943}, "RAJASTHAN": {"global_perc": 0.006648459885386819, "local_perc": 0.06160547604231487}, "TRIPURA": {"global_perc": 0.005714285714285714, "local_perc": 0.0010371292263015972}, "UTTAR PRADESH": {"global_perc": 0.03473692097327065, "local_perc": 0.7693424600705248}, "UTTARAKHAND": {"global_perc": 0.0029774310724706723, "local_perc": 0.010371292263015973}, "West Bengal": {"global_perc": 0.0038539957233079715, "local_perc": 0.03215100601534951}}, "partition_field": "Stat_Nam", "Vil_Nam": "Arigam", "Stat_Nam": "JAMMU & KASHMIR"}, {"data": [["Mat_An_Chil_Wel_Cen_Doc_In_Pos_Num", 1.0], ["Mat_An_Chil_Wel_Cen_Doc_Tot_Stren_Num", 7.0], 0.14285714285714285], "data_low": {"Stat_Nam": "Punjab", "Vil_Nam": "Ayali Khurd (153)", "Mat_An_Chil_Wel_Cen_Doc_Tot_Stren_Num": "7", "Mat_An_Chil_Wel_Cen_Doc_In_Pos_Num": "1", "id": 33424}, "data_high": {"Stat_Nam": "Punjab", "Vil_Nam": "Ayali Khurd (153)", "Mat_An_Chil_Wel_Cen_Doc_Tot_Stren_Num": "7", "Mat_An_Chil_Wel_Cen_Doc_In_Pos_Num": "1", "id": 33424}, "perc": 0.0016058452768075795, "metric": 99.99839501202372, "value_global_local": {}, "partition_field": null, "Vil_Nam": "Ayali Khurd (153)", "Stat_Nam": "Punjab"}, {"data": [["Mat_An_Chil_Wel_Cen_Doc_In_Pos_Num", 1.0], ["Mat_An_Chil_Wel_Cen_Doc_Tot_Stren_Num", 4.0], 0.25], "data_low": {"Stat_Nam": "Punjab", "Vil_Nam": "Kakhanwali (25)", "Mat_An_Chil_Wel_Cen_Doc_Tot_Stren_Num": "4", "Mat_An_Chil_Wel_Cen_Doc_In_Pos_Num": "1", "id": 35099}, "data_high": {"Stat_Nam": "HIMACHAL PRADESH", "Vil_Nam": "Bhagair (69)", "Mat_An_Chil_Wel_Cen_Doc_Tot_Stren_Num": "7", "Mat_An_Chil_Wel_Cen_Doc_In_Pos_Num": "2", "id": 13100}, "perc": 0.01493436107431049, "metric": 99.98506638896369, "value_global_local": {"BIHAR": {"global_perc": 4.456923831171725e-05, "local_perc": 0.021505376344086023}, "HIMACHAL PRADESH": {"global_perc": 4.833252779120348e-05, "local_perc": 0.010752688172043012}, "JHARKHAND": {"global_perc": 0.0014200160523553744, "local_perc": 0.4946236559139785}, "KARNATAKA": {"global_perc": 0.00020449897750511248, "local_perc": 0.06451612903225806}, "MADHYA PRADESH": {"global_perc": 0.00036427881900806877, "local_perc": 0.21505376344086022}, "Punjab": {"global_perc": 0.0003974246880216199, "local_perc": 0.053763440860215055}, "RAJASTHAN": {"global_perc": 2.238538681948424e-05, "local_perc": 0.010752688172043012}, "TRIPURA": {"global_perc": 0.0034285714285714284, "local_perc": 0.03225806451612903}, "UTTAR PRADESH": {"global_perc": 7.492460711409145e-05, "local_perc": 0.08602150537634409}, "West Bengal": {"global_perc": 2.4864488537470783e-05, "local_perc": 0.010752688172043012}}, "partition_field": "Stat_Nam", "Vil_Nam": "Kakhanwali (25)", "Stat_Nam": "Punjab"}, {"data": [["Mat_An_Chil_Wel_Cen_Doc_In_Pos_Num", 3.0], ["Mat_An_Chil_Wel_Cen_Doc_Tot_Stren_Num", 8.0], 0.375], "data_low": {"Stat_Nam": "UTTARAKHAND", "Vil_Nam": "Makanpur Mahmood Alampur", "Mat_An_Chil_Wel_Cen_Doc_Tot_Stren_Num": "5", "Mat_An_Chil_Wel_Cen_Doc_In_Pos_Num": "2", "id": 56046}, "data_high": {"Stat_Nam": "UTTAR PRADESH", "Vil_Nam": "Bhedi Danda", "Mat_An_Chil_Wel_Cen_Doc_Tot_Stren_Num": "8", "Mat_An_Chil_Wel_Cen_Doc_In_Pos_Num": "3", "id": 153211}, "perc": 0.0022481833875306113, "metric": 99.99775244172343, "value_global_local": {}, "partition_field": null, "Vil_Nam": "Bhedi Danda", "Stat_Nam": "UTTAR PRADESH"}, {"data": [["Mat_An_Chil_Wel_Cen_Doc_In_Pos_Num", 1.0], ["Mat_An_Chil_Wel_Cen_Doc_Tot_Stren_Num", 2.0], 0.5], "data_low": {"Stat_Nam": "JAMMU & KASHMIR", "Vil_Nam": "Gulnaz (Panzan)", "Mat_An_Chil_Wel_Cen_Doc_Tot_Stren_Num": "2", "Mat_An_Chil_Wel_Cen_Doc_In_Pos_Num": "1", "id": 768}, "data_high": {"Stat_Nam": "UTTAR PRADESH", "Vil_Nam": "Thansera", "Mat_An_Chil_Wel_Cen_Doc_Tot_Stren_Num": "8", "Mat_An_Chil_Wel_Cen_Doc_In_Pos_Num": "4", "id": 124139}, "perc": 0.09635071660845478, "metric": 99.9036497830097, "value_global_local": {"ASSAM": {"global_perc": 0.00018942981625307822, "local_perc": 0.008333333333333333}, "BIHAR": {"global_perc": 0.0012479386727280832, "local_perc": 0.09333333333333334}, "HARYANA": {"global_perc": 0.000438532378307265, "local_perc": 0.005}, "HIMACHAL PRADESH": {"global_perc": 9.666505558240696e-05, "local_perc": 0.0033333333333333335}, "JAMMU & KASHMIR": {"global_perc": 0.0010682130321989928, "local_perc": 0.011666666666666667}, "JHARKHAND": {"global_perc": 0.0011113169105389886, "local_perc": 0.06}, "KARNATAKA": {"global_perc": 0.0037150647580095433, "local_perc": 0.18166666666666667}, "MADHYA PRADESH": {"global_perc": 0.0015299710398338888, "local_perc": 0.14}, "MIZORAM": {"global_perc": 0.0012048192771084338, "local_perc": 0.0016666666666666668}, "ODISHA": {"global_perc": 0.0005261824488920937, "local_perc": 0.045}, "PUDUCHERRY": {"global_perc": 0.011111111111111112, "local_perc": 0.0016666666666666668}, "Punjab": {"global_perc": 0.0008743343136475638, "local_perc": 0.018333333333333333}, "RAJASTHAN": {"global_perc": 0.0006044054441260745, "local_perc": 0.045}, "SIKKIM": {"global_perc": 0.011086474501108648, "local_perc": 0.008333333333333333}, "TRIPURA": {"global_perc": 0.014857142857142857, "local_perc": 0.021666666666666667}, "Tamil Nadu": {"global_perc": 0.0006884035296326428, "local_perc": 0.018333333333333333}, "UTTAR PRADESH": {"global_perc": 0.0006462247363590387, "local_perc": 0.115}, "UTTARAKHAND": {"global_perc": 0.006967188709581373, "local_perc": 0.195}, "West Bengal": {"global_perc": 0.00039783181659953253, "local_perc": 0.02666666666666667}}, "partition_field": "Stat_Nam", "Vil_Nam": "Gulnaz (Panzan)", "Stat_Nam": "JAMMU & KASHMIR"}, {"data": [["Mat_An_Chil_Wel_Cen_Doc_In_Pos_Num", 4.0], ["Mat_An_Chil_Wel_Cen_Doc_Tot_Stren_Num", 6.0], 0.6666666666666666], "data_low": {"Stat_Nam": "UTTAR PRADESH", "Vil_Nam": "Sakrapar", "Mat_An_Chil_Wel_Cen_Doc_Tot_Stren_Num": "14", "Mat_An_Chil_Wel_Cen_Doc_In_Pos_Num": "10", "id": 190278}, "data_high": {"Stat_Nam": "Punjab", "Vil_Nam": "Heir (347)", "Mat_An_Chil_Wel_Cen_Doc_Tot_Stren_Num": "8", "Mat_An_Chil_Wel_Cen_Doc_In_Pos_Num": "6", "id": 37406}, "perc": 0.028905214982536433, "metric": 99.9710951183211, "value_global_local": {"ASSAM": {"global_perc": 0.00011365788975184695, "local_perc": 0.016666666666666666}, "Arunachal Pradesh": {"global_perc": 0.0003578457684737878, "local_perc": 0.011111111111111112}, "BIHAR": {"global_perc": 0.0013593617685073761, "local_perc": 0.3388888888888889}, "HARYANA": {"global_perc": 0.00029235491887151, "local_perc": 0.011111111111111112}, "HIMACHAL PRADESH": {"global_perc": 9.666505558240696e-05, "local_perc": 0.011111111111111112}, "JAMMU & KASHMIR": {"global_perc": 0.0013734167556844193, "local_perc": 0.05}, "JHARKHAND": {"global_perc": 0.00021608939927147004, "local_perc": 0.03888888888888889}, "KARNATAKA": {"global_perc": 0.00027266530334015, "local_perc": 0.044444444444444446}, "MADHYA PRADESH": {"global_perc": 0.00036427881900806877, "local_perc": 0.1111111111111111}, "PUDUCHERRY": {"global_perc": 0.011111111111111112, "local_perc": 0.005555555555555556}, "Punjab": {"global_perc": 0.00047690962562594387, "local_perc": 0.03333333333333333}, "RAJASTHAN": {"global_perc": 6.715616045845272e-05, "local_perc": 0.016666666666666666}, "SIKKIM": {"global_perc": 0.004434589800443459, "local_perc": 0.011111111111111112}, "TRIPURA": {"global_perc": 0.001142857142857143, "local_perc": 0.005555555555555556}, "UTTAR PRADESH": {"global_perc": 0.0003277951561241501, "local_perc": 0.19444444444444445}, "UTTARAKHAND": {"global_perc": 0.0006550348359435479, "local_perc": 0.06111111111111111}, "West Bengal": {"global_perc": 0.0001740514197622955, "local_perc": 0.03888888888888889}}, "partition_field": "Stat_Nam", "Vil_Nam": "Sungal", "Stat_Nam": "JAMMU & KASHMIR"}, {"data": [["Mat_An_Chil_Wel_Cen_Doc_In_Pos_Num", 7.0], ["Mat_An_Chil_Wel_Cen_Doc_Tot_Stren_Num", 9.0], 0.7777777777777778], "data_low": {"Stat_Nam": "TRIPURA", "Vil_Nam": "Debendrachandranagar (Part)", "Mat_An_Chil_Wel_Cen_Doc_Tot_Stren_Num": "12", "Mat_An_Chil_Wel_Cen_Doc_In_Pos_Num": "10", "id": 270790}, "data_high": {"Stat_Nam": "UTTAR PRADESH", "Vil_Nam": "Biraich", "Mat_An_Chil_Wel_Cen_Doc_Tot_Stren_Num": "9", "Mat_An_Chil_Wel_Cen_Doc_In_Pos_Num": "7", "id": 204150}, "perc": 0.0057810429965072865, "metric": 99.99421917925731, "value_global_local": {"BIHAR": {"global_perc": 0.00022284619155858625, "local_perc": 0.2777777777777778}, "HIMACHAL PRADESH": {"global_perc": 4.833252779120348e-05, "local_perc": 0.027777777777777776}, "JAMMU & KASHMIR": {"global_perc": 0.00015260186174271325, "local_perc": 0.027777777777777776}, "KARNATAKA": {"global_perc": 3.408316291751875e-05, "local_perc": 0.027777777777777776}, "MADHYA PRADESH": {"global_perc": 7.285576380161376e-05, "local_perc": 0.1111111111111111}, "Punjab": {"global_perc": 7.948493760432397e-05, "local_perc": 0.027777777777777776}, "TRIPURA": {"global_perc": 0.002285714285714286, "local_perc": 0.05555555555555555}, "UTTAR PRADESH": {"global_perc": 0.00014048363833892147, "local_perc": 0.4166666666666667}, "West Bengal": {"global_perc": 2.4864488537470783e-05, "local_perc": 0.027777777777777776}}, "partition_field": "Stat_Nam", "Vil_Nam": "Biraich", "Stat_Nam": "UTTAR PRADESH"}, {"data": [["Mat_An_Chil_Wel_Cen_Doc_In_Pos_Num", 3.0], ["Mat_An_Chil_Wel_Cen_Doc_Tot_Stren_Num", 3.0], 1.0], "data_low": {"Stat_Nam": "JAMMU & KASHMIR", "Vil_Nam": "Trapay", "Mat_An_Chil_Wel_Cen_Doc_Tot_Stren_Num": "1", "Mat_An_Chil_Wel_Cen_Doc_In_Pos_Num": "1", "id": 379}, "data_high": {"Stat_Nam": "UTTAR PRADESH", "Vil_Nam": "Sarosi", "Mat_An_Chil_Wel_Cen_Doc_Tot_Stren_Num": "9", "Mat_An_Chil_Wel_Cen_Doc_In_Pos_Num": "9", "id": 141358}, "perc": 3.5111806977397726, "metric": 96.48881930226023, "value_global_local": {"": {"global_perc": 0.041047999723543706, "local_perc": 0.9778641664761034}, "AAMILLAHVA": {"global_perc": 1.0, "local_perc": 4.5735193231191405e-05}, "ADHAKARI": {"global_perc": 1.0, "local_perc": 4.5735193231191405e-05}, "AHMEDPUR": {"global_perc": 0.3333333333333333, "local_perc": 4.5735193231191405e-05}, "ALABALPUR": {"global_perc": 0.5, "local_perc": 4.5735193231191405e-05}, "ALIPUR BIHTA": {"global_perc": 1.0, "local_perc": 4.5735193231191405e-05}, "AMARDOMA": {"global_perc": 0.25, "local_perc": 4.5735193231191405e-05}, "AMARPUR": {"global_perc": 0.06666666666666667, "local_perc": 4.5735193231191405e-05}, "AMROH": {"global_perc": 0.1, "local_perc": 4.5735193231191405e-05}, "ANANDPUR": {"global_perc": 0.2, "local_perc": 4.5735193231191405e-05}, "ANANTNAG": {"global_perc": 0.5, "local_perc": 4.5735193231191405e-05}, "ANDIPATTI": {"global_perc": 0.25, "local_perc": 4.5735193231191405e-05}, "ANDRANA": {"global_perc": 0.5, "local_perc": 4.5735193231191405e-05}, "ARASUR": {"global_perc": 0.25, "local_perc": 4.5735193231191405e-05}, "AREKALHOSAHALLI": {"global_perc": 0.5, "local_perc": 4.5735193231191405e-05}, "ATARDEEH": {"global_perc": 1.0, "local_perc": 4.5735193231191405e-05}, "ATHAN": {"global_perc": 1.0, "local_perc": 4.5735193231191405e-05}, "Amonggre": {"global_perc": 0.25, "local_perc": 4.5735193231191405e-05}, "B.B.NAGAR": {"global_perc": 0.5, "local_perc": 4.5735193231191405e-05}, "B.BAGEWADI": {"global_perc": 0.5, "local_perc": 4.5735193231191405e-05}, "BACHAHALLI": {"global_perc": 1.0, "local_perc": 4.5735193231191405e-05}, "BADGAON": {"global_perc": 0.16666666666666666, "local_perc": 4.5735193231191405e-05}, "BADIWALA": {"global_perc": 1.0, "local_perc": 4.5735193231191405e-05}, "BADIYANI  KHURD": {"global_perc": 1.0, "local_perc": 4.5735193231191405e-05}, "BADKI CHILMI": {"global_perc": 0.25, "local_perc": 4.5735193231191405e-05}, "BADOLI": {"global_perc": 0.09090909090909091, "local_perc": 4.5735193231191405e-05}, "BAHARAGORA": {"global_perc": 0.125, "local_perc": 4.5735193231191405e-05}, "BAIJUWAPUR": {"global_perc": 1.0, "local_perc": 4.5735193231191405e-05}, "BAIKUNTH PUR": {"global_perc": 0.25, "local_perc": 4.5735193231191405e-05}, "BAITIKALA": {"global_perc": 0.3333333333333333, "local_perc": 4.5735193231191405e-05}, "BAJIPUR": {"global_perc": 1.0, "local_perc": 4.5735193231191405e-05}, "BALIA": {"global_perc": 0.08333333333333333, "local_perc": 4.5735193231191405e-05}, "BALLAGAN": {"global_perc": 1.0, "local_perc": 4.5735193231191405e-05}, "BALRAMPUR": {"global_perc": 0.1, "local_perc": 4.5735193231191405e-05}, "BALUA": {"global_perc": 0.07142857142857142, "local_perc": 4.5735193231191405e-05}, "BANDULAHAR": {"global_perc": 1.0, "local_perc": 4.5735193231191405e-05}, "BANE DI HATTI": {"global_perc": 0.14285714285714285, "local_perc": 4.5735193231191405e-05}, "BANGA": {"global_perc": 0.5, "local_perc": 4.5735193231191405e-05}, "BANGANA": {"global_perc": 0.0625, "local_perc": 4.5735193231191405e-05}, "BANGRA": {"global_perc": 0.3333333333333333, "local_perc": 9.147038646238281e-05}, "BANIA CHHAPAR": {"global_perc": 0.4, "local_perc": 9.147038646238281e-05}, "BANKATI": {"global_perc": 0.1, "local_perc": 4.5735193231191405e-05}, "BARA BOARIJOR": {"global_perc": 1.0, "local_perc": 9.147038646238281e-05}, "BARABARU": {"global_perc": 1.0, "local_perc": 0.0001372055796935742}, "BARDIH": {"global_perc": 0.16666666666666666, "local_perc": 4.5735193231191405e-05}, "BARDIKANPUR": {"global_perc": 1.0, "local_perc": 4.5735193231191405e-05}, "BARGADAHA": {"global_perc": 1.0, "local_perc": 4.5735193231191405e-05}, "BARKABARAN": {"global_perc": 1.0, "local_perc": 4.5735193231191405e-05}, "BARKABARU": {"global_perc": 1.0, "local_perc": 4.5735193231191405e-05}, "BARMANDA": {"global_perc": 0.3333333333333333, "local_perc": 4.5735193231191405e-05}, "BASAVANAHALLI": {"global_perc": 0.2, "local_perc": 4.5735193231191405e-05}, "BASEDOUR": {"global_perc": 0.3333333333333333, "local_perc": 4.5735193231191405e-05}, "BASINI": {"global_perc": 1.0, "local_perc": 4.5735193231191405e-05}, "BASKHARI": {"global_perc": 0.5, "local_perc": 4.5735193231191405e-05}, "BASODIH": {"global_perc": 1.0, "local_perc": 4.5735193231191405e-05}, "BATIJODA": {"global_perc": 0.25, "local_perc": 4.5735193231191405e-05}, "BAUSI": {"global_perc": 0.5, "local_perc": 4.5735193231191405e-05}, "BEGUNIA": {"global_perc": 0.5, "local_perc": 4.5735193231191405e-05}, "BELPAHARI": {"global_perc": 0.2, "local_perc": 4.5735193231191405e-05}, "BETU QUADIM": {"global_perc": 1.0, "local_perc": 4.5735193231191405e-05}, "BHABHI": {"global_perc": 1.0, "local_perc": 4.5735193231191405e-05}, "BHAGWANPUR": {"global_perc": 0.034482758620689655, "local_perc": 4.5735193231191405e-05}, "BHAISLOT": {"global_perc": 1.0, "local_perc": 4.5735193231191405e-05}, "BHAKHRA": {"global_perc": 1.0, "local_perc": 4.5735193231191405e-05}, "BHALT": {"global_perc": 1.0, "local_perc": 4.5735193231191405e-05}, "BHALUKAGURI": {"global_perc": 1.0, "local_perc": 4.5735193231191405e-05}, "BHANDRA": {"global_perc": 0.3333333333333333, "local_perc": 4.5735193231191405e-05}, "BHARIGADA": {"global_perc": 1.0, "local_perc": 4.5735193231191405e-05}, "BHAWARNA": {"global_perc": 0.5, "local_perc": 9.147038646238281e-05}, "BHIKAMPUR,BAKERPUR": {"global_perc": 1.0, "local_perc": 4.5735193231191405e-05}, "BHITLU": {"global_perc": 0.3333333333333333, "local_perc": 4.5735193231191405e-05}, "BICHIYA": {"global_perc": 0.5, "local_perc": 4.5735193231191405e-05}, "BIGHAPUR": {"global_perc": 1.0, "local_perc": 4.5735193231191405e-05}, "BIKHARA": {"global_perc": 1.0, "local_perc": 4.5735193231191405e-05}, "BILISIRI": {"global_perc": 0.5, "local_perc": 4.5735193231191405e-05}, "BISHASHARPUR": {"global_perc": 1.0, "local_perc": 4.5735193231191405e-05}, "BODASA": {"global_perc": 0.6666666666666666, "local_perc": 9.147038646238281e-05}, "BORAGAONWADI": {"global_perc": 1.0, "local_perc": 4.5735193231191405e-05}, "BOSWAN": {"global_perc": 1.0, "local_perc": 4.5735193231191405e-05}, "BRAKHARI": {"global_perc": 1.0, "local_perc": 4.5735193231191405e-05}, "BRUNDADEIPUR": {"global_perc": 1.0, "local_perc": 4.5735193231191405e-05}, "BUDGADDA": {"global_perc": 0.5, "local_perc": 9.147038646238281e-05}, "BUDGAM": {"global_perc": 1.0, "local_perc": 4.5735193231191405e-05}, "CHAINPUR": {"global_perc": 0.043478260869565216, "local_perc": 4.5735193231191405e-05}, "CHAK BAMUN": {"global_perc": 0.6666666666666666, "local_perc": 9.147038646238281e-05}, "CHAKAPADA": {"global_perc": 0.3333333333333333, "local_perc": 4.5735193231191405e-05}, "CHALANGI": {"global_perc": 1.0, "local_perc": 4.5735193231191405e-05}, "CHAND": {"global_perc": 0.4, "local_perc": 9.147038646238281e-05}, "CHANDDIH": {"global_perc": 0.5, "local_perc": 4.5735193231191405e-05}, "CHANDRI": {"global_perc": 0.1111111111111111, "local_perc": 4.5735193231191405e-05}, "CHELA": {"global_perc": 0.25, "local_perc": 4.5735193231191405e-05}, "CHHANGLA": {"global_perc": 0.2, "local_perc": 4.5735193231191405e-05}, "CHILOI": {"global_perc": 0.3333333333333333, "local_perc": 4.5735193231191405e-05}, "CHIPRA": {"global_perc": 0.6666666666666666, "local_perc": 9.147038646238281e-05}, "CHIRKUWEDA": {"global_perc": 1.0, "local_perc": 4.5735193231191405e-05}, "CHITAUNI": {"global_perc": 0.5, "local_perc": 4.5735193231191405e-05}, "CHOPARA": {"global_perc": 0.25, "local_perc": 4.5735193231191405e-05}, "DADADAHALLI": {"global_perc": 1.0, "local_perc": 4.5735193231191405e-05}, "DADAULI": {"global_perc": 1.0, "local_perc": 4.5735193231191405e-05}, "DAIRA": {"global_perc": 1.0, "local_perc": 4.5735193231191405e-05}, "DALU": {"global_perc": 0.07692307692307693, "local_perc": 4.5735193231191405e-05}, "DARKOHLI": {"global_perc": 0.2, "local_perc": 4.5735193231191405e-05}, "DHANPURA": {"global_perc": 0.125, "local_perc": 4.5735193231191405e-05}, "DHARAPURAM": {"global_perc": 1.0, "local_perc": 4.5735193231191405e-05}, "DHNGULI": {"global_perc": 1.0, "local_perc": 4.5735193231191405e-05}, "DHUNA": {"global_perc": 0.6666666666666666, "local_perc": 9.147038646238281e-05}, "DIFFERPAT": {"global_perc": 1.0, "local_perc": 4.5735193231191405e-05}, "DORIHAR": {"global_perc": 0.5, "local_perc": 4.5735193231191405e-05}, "DUIKASAI": {"global_perc": 1.0, "local_perc": 4.5735193231191405e-05}, "DUNGRI MALLI": {"global_perc": 0.5, "local_perc": 4.5735193231191405e-05}, "Dhaliwal Bet": {"global_perc": 1.0, "local_perc": 9.147038646238281e-05}, "EKDERBA": {"global_perc": 0.5, "local_perc": 4.5735193231191405e-05}, "ERKI": {"global_perc": 1.0, "local_perc": 4.5735193231191405e-05}, "FAKRA": {"global_perc": 1.0, "local_perc": 4.5735193231191405e-05}, "FATEHPUR": {"global_perc": 0.015873015873015872, "local_perc": 4.5735193231191405e-05}, "FATEHPUR CHADRAI": {"global_perc": 1.0, "local_perc": 4.5735193231191405e-05}, "FRANGAMATIA": {"global_perc": 1.0, "local_perc": 4.5735193231191405e-05}, "G. NANDIPUR": {"global_perc": 1.0, "local_perc": 4.5735193231191405e-05}, "GAHARI": {"global_perc": 1.0, "local_perc": 4.5735193231191405e-05}, "GAJODIH": {"global_perc": 1.0, "local_perc": 4.5735193231191405e-05}, "GAMHARIA": {"global_perc": 0.058823529411764705, "local_perc": 4.5735193231191405e-05}, "GANEOR": {"global_perc": 1.0, "local_perc": 4.5735193231191405e-05}, "GANGAIKONDAN": {"global_perc": 1.0, "local_perc": 4.5735193231191405e-05}, "GANGDIH": {"global_perc": 1.0, "local_perc": 4.5735193231191405e-05}, "GANGHARA": {"global_perc": 0.5, "local_perc": 4.5735193231191405e-05}, "GARHWA": {"global_perc": 0.14285714285714285, "local_perc": 4.5735193231191405e-05}, "GARRICHAK": {"global_perc": 1.0, "local_perc": 4.5735193231191405e-05}, "GARUD": {"global_perc": 0.25, "local_perc": 4.5735193231191405e-05}, "GAUHARPUR": {"global_perc": 0.3333333333333333, "local_perc": 4.5735193231191405e-05}, "GHUMARI": {"global_perc": 1.0, "local_perc": 4.5735193231191405e-05}, "GHURET": {"global_perc": 1.0, "local_perc": 4.5735193231191405e-05}, "GIPU": {"global_perc": 0.5, "local_perc": 4.5735193231191405e-05}, "GOKULPUR": {"global_perc": 0.1, "local_perc": 4.5735193231191405e-05}, "GOPICHAK": {"global_perc": 1.0, "local_perc": 4.5735193231191405e-05}, "GORIYADIH": {"global_perc": 1.0, "local_perc": 4.5735193231191405e-05}, "GOVARDHANPUR": {"global_perc": 1.0, "local_perc": 0.00018294077292476562}, "GOVINDAMPALAYAM": {"global_perc": 0.5, "local_perc": 4.5735193231191405e-05}, "GOVINDPUR": {"global_perc": 0.037037037037037035, "local_perc": 4.5735193231191405e-05}, "GUDDALUR": {"global_perc": 1.0, "local_perc": 4.5735193231191405e-05}, "GULAULA KHERA": {"global_perc": 1.0, "local_perc": 4.5735193231191405e-05}, "GUMMIDIPOONDI": {"global_perc": 0.5, "local_perc": 4.5735193231191405e-05}, "GUMRU": {"global_perc": 0.3333333333333333, "local_perc": 4.5735193231191405e-05}, "GUSHAL": {"global_perc": 1.0, "local_perc": 4.5735193231191405e-05}, "GUTAKBARA": {"global_perc": 1.0, "local_perc": 4.5735193231191405e-05}, "GUTJORA": {"global_perc": 1.0, "local_perc": 4.5735193231191405e-05}, "HALLIDAYGANJ": {"global_perc": 0.2, "local_perc": 4.5735193231191405e-05}, "HARDASPUR": {"global_perc": 0.25, "local_perc": 4.5735193231191405e-05}, "HARHUA": {"global_perc": 0.6666666666666666, "local_perc": 9.147038646238281e-05}, "HARIHARPUR": {"global_perc": 0.06451612903225806, "local_perc": 9.147038646238281e-05}, "HARIRAMPUR": {"global_perc": 0.14285714285714285, "local_perc": 4.5735193231191405e-05}, "HARITANGANJ": {"global_perc": 1.0, "local_perc": 4.5735193231191405e-05}, "HATGAON": {"global_perc": 0.5, "local_perc": 4.5735193231191405e-05}, "HATIMODA": {"global_perc": 1.0, "local_perc": 4.5735193231191405e-05}, "HAZARA SINGHWALA": {"global_perc": 1.0, "local_perc": 4.5735193231191405e-05}, "HERMA": {"global_perc": 1.0, "local_perc": 4.5735193231191405e-05}, "HIGUTAR JAGDISHPUR": {"global_perc": 1.0, "local_perc": 4.5735193231191405e-05}, "HITUTOLI": {"global_perc": 1.0, "local_perc": 4.5735193231191405e-05}, "HONOKO": {"global_perc": 1.0, "local_perc": 4.5735193231191405e-05}, "HULIYAR": {"global_perc": 0.5, "local_perc": 4.5735193231191405e-05}, "HUNASANAKODIHALLI": {"global_perc": 1.0, "local_perc": 4.5735193231191405e-05}, "IBRAHIMPUR": {"global_perc": 0.1, "local_perc": 4.5735193231191405e-05}, "ICHA": {"global_perc": 0.5, "local_perc": 4.5735193231191405e-05}, "IDAR": {"global_perc": 0.5, "local_perc": 4.5735193231191405e-05}, "IMLIGAON": {"global_perc": 1.0, "local_perc": 4.5735193231191405e-05}, "INDRAGADA": {"global_perc": 0.3333333333333333, "local_perc": 4.5735193231191405e-05}, "ISHAPUR": {"global_perc": 0.3333333333333333, "local_perc": 4.5735193231191405e-05}, "ISMAILPUR": {"global_perc": 0.08333333333333333, "local_perc": 4.5735193231191405e-05}, "ISMILPUR": {"global_perc": 1.0, "local_perc": 4.5735193231191405e-05}, "ITKHORI": {"global_perc": 0.5, "local_perc": 4.5735193231191405e-05}, "JAGDISPUR": {"global_perc": 1.0, "local_perc": 4.5735193231191405e-05}, "JAIDPUR": {"global_perc": 1.0, "local_perc": 4.5735193231191405e-05}, "JAIND": {"global_perc": 0.5, "local_perc": 4.5735193231191405e-05}, "JALALPUR NAURANGA": {"global_perc": 0.5, "local_perc": 4.5735193231191405e-05}, "JAMBANI": {"global_perc": 0.2, "local_perc": 4.5735193231191405e-05}, "JAMBGI(K.D)": {"global_perc": 1.0, "local_perc": 4.5735193231191405e-05}, "JAMRI": {"global_perc": 0.25, "local_perc": 4.5735193231191405e-05}, "JANKI DHAR": {"global_perc": 1.0, "local_perc": 4.5735193231191405e-05}, "JARDA": {"global_perc": 0.3333333333333333, "local_perc": 4.5735193231191405e-05}, "JEETARI": {"global_perc": 1.0, "local_perc": 4.5735193231191405e-05}, "JHAMKE": {"global_perc": 1.0, "local_perc": 4.5735193231191405e-05}, "JHANJIDIH": {"global_perc": 1.0, "local_perc": 4.5735193231191405e-05}, "JHUNGIAN": {"global_perc": 1.0, "local_perc": 4.5735193231191405e-05}, "JKARIYA": {"global_perc": 1.0, "local_perc": 4.5735193231191405e-05}, "JOSYANA": {"global_perc": 0.2, "local_perc": 4.5735193231191405e-05}, "Jansua": {"global_perc": 0.5, "local_perc": 4.5735193231191405e-05}, "KACHNAL": {"global_perc": 1.0, "local_perc": 4.5735193231191405e-05}, "KADGIDOHI": {"global_perc": 1.0, "local_perc": 4.5735193231191405e-05}, "KANA SUAN": {"global_perc": 0.5, "local_perc": 4.5735193231191405e-05}, "KANAUDI": {"global_perc": 0.5, "local_perc": 4.5735193231191405e-05}, "KANDARWALKALA": {"global_perc": 1.0, "local_perc": 4.5735193231191405e-05}, "KANDHALA SHEIKAN": {"global_perc": 1.0, "local_perc": 4.5735193231191405e-05}, "KANDI": {"global_perc": 0.08333333333333333, "local_perc": 4.5735193231191405e-05}, "KANNAPUR HATTI": {"global_perc": 1.0, "local_perc": 4.5735193231191405e-05}, "KARLI KALH": {"global_perc": 0.2, "local_perc": 4.5735193231191405e-05}, "KARNU": {"global_perc": 0.125, "local_perc": 4.5735193231191405e-05}, "KARSANDA": {"global_perc": 1.0, "local_perc": 4.5735193231191405e-05}, "KAULI": {"global_perc": 0.14285714285714285, "local_perc": 4.5735193231191405e-05}, "KAZAURA": {"global_perc": 1.0, "local_perc": 4.5735193231191405e-05}, "KESARE": {"global_perc": 1.0, "local_perc": 4.5735193231191405e-05}, "KHAIRA BUHLA": {"global_perc": 0.3333333333333333, "local_perc": 4.5735193231191405e-05}, "KHAIRHI": {"global_perc": 0.16666666666666666, "local_perc": 4.5735193231191405e-05}, "KHALSIBERIA": {"global_perc": 0.5, "local_perc": 4.5735193231191405e-05}, "KHARAICH": {"global_perc": 1.0, "local_perc": 4.5735193231191405e-05}, "KHARUHL": {"global_perc": 0.25, "local_perc": 4.5735193231191405e-05}, "KHIRANWALI": {"global_perc": 0.5, "local_perc": 4.5735193231191405e-05}, "KHUDAGANJ": {"global_perc": 0.6666666666666666, "local_perc": 9.147038646238281e-05}, "KHUN KHUN SARKI": {"global_perc": 0.5, "local_perc": 4.5735193231191405e-05}, "KHUNTI": {"global_perc": 0.3333333333333333, "local_perc": 9.147038646238281e-05}, "KHUTADIH": {"global_perc": 1.0, "local_perc": 4.5735193231191405e-05}, "KIRIBURU": {"global_perc": 1.0, "local_perc": 4.5735193231191405e-05}, "KISHANPUR": {"global_perc": 0.3333333333333333, "local_perc": 0.0001372055796935742}, "KOKADIH": {"global_perc": 1.0, "local_perc": 4.5735193231191405e-05}, "KOLAMBI": {"global_perc": 0.5, "local_perc": 4.5735193231191405e-05}, "KONCH": {"global_perc": 0.3333333333333333, "local_perc": 4.5735193231191405e-05}, "KONE": {"global_perc": 1.0, "local_perc": 4.5735193231191405e-05}, "KOT BEJA": {"global_perc": 0.5, "local_perc": 4.5735193231191405e-05}, "KOT GANGURAI": {"global_perc": 1.0, "local_perc": 4.5735193231191405e-05}, "KOTHI": {"global_perc": 0.05405405405405406, "local_perc": 9.147038646238281e-05}, "KOTTARAM": {"global_perc": 1.0, "local_perc": 4.5735193231191405e-05}, "KRISHAN GARH": {"global_perc": 0.1111111111111111, "local_perc": 4.5735193231191405e-05}, "KUKURBAGHI": {"global_perc": 0.0625, "local_perc": 4.5735193231191405e-05}, "KULLATHILVAI": {"global_perc": 0.3333333333333333, "local_perc": 4.5735193231191405e-05}, "KUMIZHI": {"global_perc": 1.0, "local_perc": 4.5735193231191405e-05}, "KUMKUMA": {"global_perc": 0.6666666666666666, "local_perc": 9.147038646238281e-05}, "KUNDA": {"global_perc": 0.0625, "local_perc": 4.5735193231191405e-05}, "KUPWARA": {"global_perc": 0.3333333333333333, "local_perc": 4.5735193231191405e-05}, "KURALI": {"global_perc": 0.5, "local_perc": 4.5735193231191405e-05}, "KURKNALA": {"global_perc": 0.5, "local_perc": 4.5735193231191405e-05}, "KURKUTIYA": {"global_perc": 1.0, "local_perc": 4.5735193231191405e-05}, "KURMADIH": {"global_perc": 1.0, "local_perc": 4.5735193231191405e-05}, "KURSI": {"global_perc": 0.3333333333333333, "local_perc": 4.5735193231191405e-05}, "LALGANJ": {"global_perc": 0.12, "local_perc": 0.0001372055796935742}, "LASRANA": {"global_perc": 0.3333333333333333, "local_perc": 4.5735193231191405e-05}, "LODHBHARWARI": {"global_perc": 1.0, "local_perc": 4.5735193231191405e-05}, "LOHNA": {"global_perc": 0.3333333333333333, "local_perc": 4.5735193231191405e-05}, "LOTOR": {"global_perc": 1.0, "local_perc": 4.5735193231191405e-05}, "MACHAGOWDANAHALLI": {"global_perc": 0.1111111111111111, "local_perc": 4.5735193231191405e-05}, "MACHONG": {"global_perc": 1.0, "local_perc": 4.5735193231191405e-05}, "MADHOPUR": {"global_perc": 0.06451612903225806, "local_perc": 9.147038646238281e-05}, "MAHUADANR": {"global_perc": 0.16666666666666666, "local_perc": 4.5735193231191405e-05}, "MAHUAKOL": {"global_perc": 1.0, "local_perc": 4.5735193231191405e-05}, "MAJHIGAWA": {"global_perc": 0.25, "local_perc": 4.5735193231191405e-05}, "MAJHOLA": {"global_perc": 0.5, "local_perc": 4.5735193231191405e-05}, "MAKUNDAPUR": {"global_perc": 0.1111111111111111, "local_perc": 4.5735193231191405e-05}, "MALAU": {"global_perc": 1.0, "local_perc": 4.5735193231191405e-05}, "MALHA": {"global_perc": 1.0, "local_perc": 4.5735193231191405e-05}, "MAMBATTU": {"global_perc": 1.0, "local_perc": 4.5735193231191405e-05}, "MAMKHIR": {"global_perc": 1.0, "local_perc": 4.5735193231191405e-05}, "MANDRE PUR": {"global_perc": 1.0, "local_perc": 4.5735193231191405e-05}, "MANGAT KHERA": {"global_perc": 1.0, "local_perc": 4.5735193231191405e-05}, "MANGLORE": {"global_perc": 0.2, "local_perc": 4.5735193231191405e-05}, "MARANGHADA": {"global_perc": 0.3333333333333333, "local_perc": 4.5735193231191405e-05}, "MASAURI": {"global_perc": 0.25, "local_perc": 4.5735193231191405e-05}, "MASTI PALKOT": {"global_perc": 1.0, "local_perc": 4.5735193231191405e-05}, "MATHIA": {"global_perc": 0.25, "local_perc": 4.5735193231191405e-05}, "MAULAKHOR": {"global_perc": 1.0, "local_perc": 4.5735193231191405e-05}, "MAYURHAND": {"global_perc": 0.25, "local_perc": 4.5735193231191405e-05}, "MELPAKKAM": {"global_perc": 0.5, "local_perc": 4.5735193231191405e-05}, "MERKHARA": {"global_perc": 1.0, "local_perc": 4.5735193231191405e-05}, "MERLE": {"global_perc": 1.0, "local_perc": 4.5735193231191405e-05}, "MIRPUR RATANPUR": {"global_perc": 1.0, "local_perc": 4.5735193231191405e-05}, "MO. SARAI ALI": {"global_perc": 1.0, "local_perc": 4.5735193231191405e-05}, "MOHANCAMP": {"global_perc": 0.3333333333333333, "local_perc": 4.5735193231191405e-05}, "MOKRAM": {"global_perc": 1.0, "local_perc": 4.5735193231191405e-05}, "MUBARAKPUR": {"global_perc": 0.08333333333333333, "local_perc": 4.5735193231191405e-05}, "MUKIMPUR": {"global_perc": 1.0, "local_perc": 4.5735193231191405e-05}, "MULEKALENAHALLI": {"global_perc": 0.1111111111111111, "local_perc": 4.5735193231191405e-05}, "MUNAN": {"global_perc": 1.0, "local_perc": 4.5735193231191405e-05}, "MUNDERI": {"global_perc": 0.5, "local_perc": 4.5735193231191405e-05}, "MUNIMPUR": {"global_perc": 0.3333333333333333, "local_perc": 4.5735193231191405e-05}, "Mianpur": {"global_perc": 0.3333333333333333, "local_perc": 4.5735193231191405e-05}, "N.A.": {"global_perc": 0.005209319946959652, "local_perc": 0.002515435627715527}, "NAGARI": {"global_perc": 0.3333333333333333, "local_perc": 4.5735193231191405e-05}, "NAGENAHALLI": {"global_perc": 0.16666666666666666, "local_perc": 4.5735193231191405e-05}, "NAGLA BANWARI": {"global_perc": 1.0, "local_perc": 4.5735193231191405e-05}, "NAGWA": {"global_perc": 0.5, "local_perc": 4.5735193231191405e-05}, "NAIDUMANGALAM": {"global_perc": 1.0, "local_perc": 4.5735193231191405e-05}, "NALATHWAD": {"global_perc": 0.25, "local_perc": 4.5735193231191405e-05}, "NARAPAKKAM": {"global_perc": 1.0, "local_perc": 4.5735193231191405e-05}, "NARAYANPUR": {"global_perc": 0.011235955056179775, "local_perc": 4.5735193231191405e-05}, "NAWADA": {"global_perc": 0.06451612903225806, "local_perc": 9.147038646238281e-05}, "NAYAGOAN": {"global_perc": 0.5, "local_perc": 4.5735193231191405e-05}, "NERIGAM": {"global_perc": 1.0, "local_perc": 4.5735193231191405e-05}, "NERKUNDRAM": {"global_perc": 1.0, "local_perc": 4.5735193231191405e-05}, "NOTAR": {"global_perc": 1.0, "local_perc": 4.5735193231191405e-05}, "OBRA": {"global_perc": 1.0, "local_perc": 4.5735193231191405e-05}, "PABAPUR": {"global_perc": 1.0, "local_perc": 4.5735193231191405e-05}, "PADROUNA BUJURG": {"global_perc": 1.0, "local_perc": 4.5735193231191405e-05}, "PAIGAMBARPUR": {"global_perc": 1.0, "local_perc": 4.5735193231191405e-05}, "PALIYA": {"global_perc": 0.125, "local_perc": 4.5735193231191405e-05}, "PALLIKKADU": {"global_perc": 1.0, "local_perc": 4.5735193231191405e-05}, "PALRI CHHINA": {"global_perc": 1.0, "local_perc": 4.5735193231191405e-05}, "PANDRA": {"global_perc": 0.3333333333333333, "local_perc": 4.5735193231191405e-05}, "PAPRENDA": {"global_perc": 1.0, "local_perc": 4.5735193231191405e-05}, "PARAG SAHA": {"global_perc": 1.0, "local_perc": 4.5735193231191405e-05}, "PARAGSAHA": {"global_perc": 1.0, "local_perc": 4.5735193231191405e-05}, "PARSED PUR": {"global_perc": 1.0, "local_perc": 4.5735193231191405e-05}, "PARSHURAMPUR": {"global_perc": 0.5, "local_perc": 4.5735193231191405e-05}, "PARTAWAL": {"global_perc": 1.0, "local_perc": 4.5735193231191405e-05}, "PATAHATU": {"global_perc": 1.0, "local_perc": 4.5735193231191405e-05}, "PATHOLI": {"global_perc": 1.0, "local_perc": 4.5735193231191405e-05}, "PATLOT": {"global_perc": 1.0, "local_perc": 4.5735193231191405e-05}, "PERIYAKULAM": {"global_perc": 1.0, "local_perc": 4.5735193231191405e-05}, "PHULBARI": {"global_perc": 0.2, "local_perc": 4.5735193231191405e-05}, "PIPARAHI": {"global_perc": 1.0, "local_perc": 4.5735193231191405e-05}, "PRANPUR": {"global_perc": 0.09090909090909091, "local_perc": 4.5735193231191405e-05}, "PREMNAGAR": {"global_perc": 0.25, "local_perc": 4.5735193231191405e-05}, "PUA PUR": {"global_perc": 1.0, "local_perc": 4.5735193231191405e-05}, "PUHO": {"global_perc": 1.0, "local_perc": 4.5735193231191405e-05}, "PUNAJUR STATE FOREST": {"global_perc": 1.0, "local_perc": 4.5735193231191405e-05}, "PUREMANSARAM": {"global_perc": 1.0, "local_perc": 4.5735193231191405e-05}, "PURUNABALICHUA": {"global_perc": 1.0, "local_perc": 4.5735193231191405e-05}, "RADHAMADHABPUR": {"global_perc": 0.5, "local_perc": 4.5735193231191405e-05}, "RAGHUPUR": {"global_perc": 0.2, "local_perc": 4.5735193231191405e-05}, "RAJAPUR": {"global_perc": 0.038461538461538464, "local_perc": 4.5735193231191405e-05}, "RAMGARH": {"global_perc": 0.01694915254237288, "local_perc": 4.5735193231191405e-05}, "RAMGARHA": {"global_perc": 1.0, "local_perc": 4.5735193231191405e-05}, "RANDAD": {"global_perc": 1.0, "local_perc": 4.5735193231191405e-05}, "RANIPOKHRI": {"global_perc": 0.75, "local_perc": 0.0001372055796935742}, "RASANPUR": {"global_perc": 1.0, "local_perc": 4.5735193231191405e-05}, "RATANARI": {"global_perc": 1.0, "local_perc": 4.5735193231191405e-05}, "RATNAG": {"global_perc": 0.3333333333333333, "local_perc": 4.5735193231191405e-05}, "RINGWARI": {"global_perc": 0.3333333333333333, "local_perc": 4.5735193231191405e-05}, "ROHELA HAJI UTTAR": {"global_perc": 0.5, "local_perc": 4.5735193231191405e-05}, "ROORKEE": {"global_perc": 0.3333333333333333, "local_perc": 4.5735193231191405e-05}, "ROWAHALI": {"global_perc": 1.0, "local_perc": 4.5735193231191405e-05}, "ROWAHLI": {"global_perc": 0.5, "local_perc": 4.5735193231191405e-05}, "RUDAPUR": {"global_perc": 1.0, "local_perc": 4.5735193231191405e-05}, "RUDRAPUR": {"global_perc": 0.07142857142857142, "local_perc": 4.5735193231191405e-05}, "RUPAS MAHAJI": {"global_perc": 0.5, "local_perc": 4.5735193231191405e-05}, "Rahmatpur": {"global_perc": 0.5, "local_perc": 4.5735193231191405e-05}, "SADAT MALAUT": {"global_perc": 1.0, "local_perc": 4.5735193231191405e-05}, "SAGAHRIYA": {"global_perc": 1.0, "local_perc": 4.5735193231191405e-05}, "SAHRICHAK": {"global_perc": 1.0, "local_perc": 4.5735193231191405e-05}, "SAIDPUR": {"global_perc": 0.0625, "local_perc": 4.5735193231191405e-05}, "SAIFPUR KARAMCHANDPUR": {"global_perc": 1.0, "local_perc": 4.5735193231191405e-05}, "SAJAI": {"global_perc": 0.5, "local_perc": 4.5735193231191405e-05}, "SAJIVAN": {"global_perc": 0.5, "local_perc": 4.5735193231191405e-05}, "SAKHRUA BUJURG": {"global_perc": 1.0, "local_perc": 4.5735193231191405e-05}, "SALIAGOCHHA": {"global_perc": 1.0, "local_perc": 4.5735193231191405e-05}, "SANKESHWAR TOWN": {"global_perc": 1.0, "local_perc": 4.5735193231191405e-05}, "SANSARIPUR": {"global_perc": 0.3333333333333333, "local_perc": 4.5735193231191405e-05}, "SAPARUM": {"global_perc": 1.0, "local_perc": 9.147038646238281e-05}, "SAPERU": {"global_perc": 0.5, "local_perc": 4.5735193231191405e-05}, "SARAIYAMAFI": {"global_perc": 0.5, "local_perc": 4.5735193231191405e-05}, "SARDAM": {"global_perc": 0.25, "local_perc": 4.5735193231191405e-05}, "SARKAMI": {"global_perc": 0.5, "local_perc": 4.5735193231191405e-05}, "SAWAYA RAI HITHER": {"global_perc": 1.0, "local_perc": 4.5735193231191405e-05}, "SEMRIYA": {"global_perc": 0.5, "local_perc": 4.5735193231191405e-05}, "SEMUAR KHANPUR": {"global_perc": 1.0, "local_perc": 4.5735193231191405e-05}, "SEWAL": {"global_perc": 1.0, "local_perc": 4.5735193231191405e-05}, "SHAHJAHANPUR": {"global_perc": 0.3333333333333333, "local_perc": 4.5735193231191405e-05}, "SHASHIN": {"global_perc": 1.0, "local_perc": 4.5735193231191405e-05}, "SHISHGARH": {"global_perc": 1.0, "local_perc": 4.5735193231191405e-05}, "SHIV PUR": {"global_perc": 1.0, "local_perc": 4.5735193231191405e-05}, "SHIVPUR": {"global_perc": 0.09090909090909091, "local_perc": 9.147038646238281e-05}, "SILADON": {"global_perc": 0.3333333333333333, "local_perc": 4.5735193231191405e-05}, "SIRFIFA PAVAR": {"global_perc": 1.0, "local_perc": 4.5735193231191405e-05}, "SIRUVADI": {"global_perc": 1.0, "local_perc": 4.5735193231191405e-05}, "SISIA": {"global_perc": 0.3333333333333333, "local_perc": 4.5735193231191405e-05}, "SITA PUR": {"global_perc": 1.0, "local_perc": 4.5735193231191405e-05}, "SIYUM": {"global_perc": 0.03125, "local_perc": 4.5735193231191405e-05}, "SODAG": {"global_perc": 1.0, "local_perc": 4.5735193231191405e-05}, "SOMINAKOPPA": {"global_perc": 0.16666666666666666, "local_perc": 4.5735193231191405e-05}, "SUNKA": {"global_perc": 1.0, "local_perc": 4.5735193231191405e-05}, "SUNNAM JOTE": {"global_perc": 1.0, "local_perc": 4.5735193231191405e-05}, "SURAPUR": {"global_perc": 0.5, "local_perc": 4.5735193231191405e-05}, "TABADS": {"global_perc": 1.0, "local_perc": 4.5735193231191405e-05}, "TAJANG": {"global_perc": 0.1, "local_perc": 4.5735193231191405e-05}, "TAJPUR": {"global_perc": 0.08333333333333333, "local_perc": 4.5735193231191405e-05}, "TAMBA": {"global_perc": 0.5, "local_perc": 4.5735193231191405e-05}, "TARNA": {"global_perc": 0.5, "local_perc": 4.5735193231191405e-05}, "TAWAN": {"global_perc": 1.0, "local_perc": 4.5735193231191405e-05}, "THAGACHAGERE": {"global_perc": 1.0, "local_perc": 4.5735193231191405e-05}, "THALAGHATTAPURA": {"global_perc": 0.2, "local_perc": 4.5735193231191405e-05}, "THIRUMANAVAYAL": {"global_perc": 0.5, "local_perc": 4.5735193231191405e-05}, "TIBBI KALAN": {"global_perc": 0.25, "local_perc": 4.5735193231191405e-05}, "TILAW KASDHAN": {"global_perc": 1.0, "local_perc": 4.5735193231191405e-05}, "TINSUKIA": {"global_perc": 0.5, "local_perc": 4.5735193231191405e-05}, "TIPIJHARI": {"global_perc": 1.0, "local_perc": 4.5735193231191405e-05}, "TIRUKOSTIYUR": {"global_perc": 1.0, "local_perc": 4.5735193231191405e-05}, "TIUYRAK": {"global_perc": 1.0, "local_perc": 4.5735193231191405e-05}, "TIYRAKALA": {"global_perc": 1.0, "local_perc": 9.147038646238281e-05}, "TOE MAKHOWAL": {"global_perc": 0.5, "local_perc": 4.5735193231191405e-05}, "TOLA SIPAHIYA": {"global_perc": 0.5, "local_perc": 4.5735193231191405e-05}, "TUKBERA": {"global_perc": 0.5, "local_perc": 4.5735193231191405e-05}, "TUSMU": {"global_perc": 1.0, "local_perc": 4.5735193231191405e-05}, "Tengkigittim": {"global_perc": 0.16666666666666666, "local_perc": 4.5735193231191405e-05}, "Tibbi Kalan": {"global_perc": 1.0, "local_perc": 4.5735193231191405e-05}, "UCHARHAR": {"global_perc": 1.0, "local_perc": 4.5735193231191405e-05}, "UNERA": {"global_perc": 1.0, "local_perc": 4.5735193231191405e-05}, "URMAR": {"global_perc": 1.0, "local_perc": 4.5735193231191405e-05}, "USODU": {"global_perc": 0.125, "local_perc": 4.5735193231191405e-05}, "VADAKATTUPATTI": {"global_perc": 1.0, "local_perc": 4.5735193231191405e-05}, "VELLALAPATTI": {"global_perc": 0.5, "local_perc": 4.5735193231191405e-05}, "VILANDAPUR": {"global_perc": 0.25, "local_perc": 4.5735193231191405e-05}, "VINAURA": {"global_perc": 1.0, "local_perc": 4.5735193231191405e-05}, "WAHWALPUR": {"global_perc": 1.0, "local_perc": 4.5735193231191405e-05}}, "partition_field": "Near_Vil_Tow_Nam_hav_Prim_School", "Vil_Nam": "Push Wari", "Stat_Nam": "JAMMU & KASHMIR"}, {"data": [["Mat_An_Chil_Wel_Cen_Doc_In_Pos_Num", 3.0], ["Mat_An_Chil_Wel_Cen_Doc_Tot_Stren_Num", 2.0], 1.5], "data_low": {"Stat_Nam": "Punjab", "Vil_Nam": "Kotliablu (80)", "Mat_An_Chil_Wel_Cen_Doc_Tot_Stren_Num": "2", "Mat_An_Chil_Wel_Cen_Doc_In_Pos_Num": "3", "id": 35141}, "data_high": {"Stat_Nam": "Punjab", "Vil_Nam": "Kotliablu (80)", "Mat_An_Chil_Wel_Cen_Doc_Tot_Stren_Num": "2", "Mat_An_Chil_Wel_Cen_Doc_In_Pos_Num": "3", "id": 35141}, "perc": 0.0003211690553615159, "metric": 99.99967833084622, "value_global_local": {}, "partition_field": null, "Vil_Nam": "Kotliablu (80)", "Stat_Nam": "Punjab"}, {"data": [["Mat_An_Chil_Wel_Cen_Doc_In_Pos_Num", 2.0], ["Mat_An_Chil_Wel_Cen_Doc_Tot_Stren_Num", 1.0], 2.0], "data_low": {"Stat_Nam": "JAMMU & KASHMIR", "Vil_Nam": "Konju", "Mat_An_Chil_Wel_Cen_Doc_Tot_Stren_Num": "1", "Mat_An_Chil_Wel_Cen_Doc_In_Pos_Num": "2", "id": 3213}, "data_high": {"Stat_Nam": "UTTAR PRADESH", "Vil_Nam": "Bilar", "Mat_An_Chil_Wel_Cen_Doc_Tot_Stren_Num": "2", "Mat_An_Chil_Wel_Cen_Doc_In_Pos_Num": "4", "id": 122303}, "perc": 0.0040146131920189496, "metric": 99.9959843866481, "value_global_local": {"Arunachal Pradesh": {"global_perc": 0.0007156915369475756, "local_perc": 0.16}, "JAMMU & KASHMIR": {"global_perc": 0.00015260186174271325, "local_perc": 0.04}, "MADHYA PRADESH": {"global_perc": 0.00010928364570242063, "local_perc": 0.24}, "ODISHA": {"global_perc": 1.948823884785532e-05, "local_perc": 0.04}, "UTTAR PRADESH": {"global_perc": 0.00011238691067113716, "local_perc": 0.48}, "UTTARAKHAND": {"global_perc": 5.954862144941345e-05, "local_perc": 0.04}}, "partition_field": "Stat_Nam", "Vil_Nam": "Konju", "Stat_Nam": "JAMMU & KASHMIR"}, {"data": [["Mat_An_Chil_Wel_Cen_Doc_In_Pos_Num", 3.0], ["Mat_An_Chil_Wel_Cen_Doc_Tot_Stren_Num", 1.0], 3.0], "data_low": {"Stat_Nam": "UTTAR PRADESH", "Vil_Nam": "Har Chandpur", "Mat_An_Chil_Wel_Cen_Doc_Tot_Stren_Num": "1", "Mat_An_Chil_Wel_Cen_Doc_In_Pos_Num": "3", "id": 147282}, "data_high": {"Stat_Nam": "UTTAR PRADESH", "Vil_Nam": "Har Chandpur", "Mat_An_Chil_Wel_Cen_Doc_Tot_Stren_Num": "1", "Mat_An_Chil_Wel_Cen_Doc_In_Pos_Num": "3", "id": 147282}, "perc": 0.0008029226384037898, "metric": 99.9991950769776, "value_global_local": {}, "partition_field": null, "Vil_Nam": "Har Chandpur", "Stat_Nam": "UTTAR PRADESH"}, {"data": [["Mat_An_Chil_Wel_Cen_Doc_In_Pos_Num", 5.0], ["Mat_An_Chil_Wel_Cen_Doc_Tot_Stren_Num", 1.0], 5.0], "data_low": {"Stat_Nam": "UTTAR PRADESH", "Vil_Nam": "Bhatahat", "Mat_An_Chil_Wel_Cen_Doc_Tot_Stren_Num": "1", "Mat_An_Chil_Wel_Cen_Doc_In_Pos_Num": "5", "id": 184733}, "data_high": {"Stat_Nam": "UTTAR PRADESH", "Vil_Nam": "Bhatahat", "Mat_An_Chil_Wel_Cen_Doc_Tot_Stren_Num": "1", "Mat_An_Chil_Wel_Cen_Doc_In_Pos_Num": "5", "id": 184733}, "perc": 0.00016058452768075794, "metric": 99.99983541467863, "value_global_local": {}, "partition_field": null, "Vil_Nam": "Bhatahat", "Stat_Nam": "UTTAR PRADESH"}, {"data": [["Mat_An_Chil_Wel_Cen_Doc_In_Pos_Num", 6.0], ["Mat_An_Chil_Wel_Cen_Doc_Tot_Stren_Num", 1.0], 6.0], "data_low": {"Stat_Nam": "UTTAR PRADESH", "Vil_Nam": "Garhia Gosain", "Mat_An_Chil_Wel_Cen_Doc_Tot_Stren_Num": "1", "Mat_An_Chil_Wel_Cen_Doc_In_Pos_Num": "6", "id": 147288}, "data_high": {"Stat_Nam": "UTTAR PRADESH", "Vil_Nam": "Garhia Gosain", "Mat_An_Chil_Wel_Cen_Doc_Tot_Stren_Num": "1", "Mat_An_Chil_Wel_Cen_Doc_In_Pos_Num": "6", "id": 147288}, "perc": 0.00016058452768075794, "metric": 99.9998344144802, "value_global_local": {}, "partition_field": null, "Vil_Nam": "Garhia Gosain", "Stat_Nam": "UTTAR PRADESH"}, {"data": [["Mat_An_Chil_Wel_Cen_Doc_In_Pos_Num", 1.0], ["Mat_An_Chil_Wel_Cen_Doc_Tot_Stren_Num", 0.0], 9999], "data_low": {"Stat_Nam": "UTTAR PRADESH", "Vil_Nam": "Behat Dehat", "Mat_An_Chil_Wel_Cen_Doc_Tot_Stren_Num": "0", "Mat_An_Chil_Wel_Cen_Doc_In_Pos_Num": "1", "id": 108371}, "data_high": {"Stat_Nam": "UTTAR PRADESH", "Vil_Nam": "Chandanpur", "Mat_An_Chil_Wel_Cen_Doc_Tot_Stren_Num": "0", "Mat_An_Chil_Wel_Cen_Doc_In_Pos_Num": "8", "id": 183148}, "perc": 0.02344534104139066, "metric": 99.96655700359271, "value_global_local": {"CHHATTISGARH": {"global_perc": 4.9686972075921695e-05, "local_perc": 0.00684931506849315}, "UTTAR PRADESH": {"global_perc": 0.001348642928053646, "local_perc": 0.9863013698630136}, "West Bengal": {"global_perc": 2.4864488537470783e-05, "local_perc": 0.00684931506849315}}, "partition_field": "Stat_Nam", "Vil_Nam": "Behat Dehat", "Stat_Nam": "UTTAR PRADESH"}, {"data": [["Mat_An_Chil_Wel_Cen_Doc_In_Pos_Num", 0], ["Mat_An_Chil_Wel_Cen_Doc_Tot_Stren_Num", 0], 99980001], "data_low": {"Stat_Nam": "JAMMU & KASHMIR", "Vil_Nam": "Bore", "Mat_An_Chil_Wel_Cen_Doc_Tot_Stren_Num": "", "Mat_An_Chil_Wel_Cen_Doc_In_Pos_Num": "", "id": 0}, "data_high": {"Stat_Nam": "JAMMU & KASHMIR", "Vil_Nam": "Palmar", "Mat_An_Chil_Wel_Cen_Doc_Tot_Stren_Num": "Mat_st", "Mat_An_Chil_Wel_Cen_Doc_In_Pos_Num": "Mat_pos", "id": 4582}, "perc": 95.53591071500261, "metric": 9.555502076360513e-07, "value_global_local": {"null": {"global_perc": 0.9553591071500261, "local_perc": 1.0}}, "partition_field": "Dist_Other", "Vil_Nam": "Bore", "Stat_Nam": "JAMMU & KASHMIR"}]