[{"data": [["Mat_An_Chil_Wel_Cen_Doc_In_Pos_Num", 0.0], ["Mat_An_Chil_Wel_Cen_Num", 1.0], 0.0], "data_low": {"Stat_Nam": "JAMMU & KASHMIR", "Vil_Nam": "Doni Wari", "Mat_An_Chil_Wel_Cen_Num": "1", "Mat_An_Chil_Wel_Cen_Doc_In_Pos_Num": "", "id": 45}, "data_high": {"Stat_Nam": "JAMMU & KASHMIR", "Vil_Nam": "Putushy", "Mat_An_Chil_Wel_Cen_Num": "1", "Mat_An_Chil_Wel_Cen_Doc_In_Pos_Num": "0", "id": 40}, "perc": 1.7588823316873419, "metric": 98.24111865092034, "value_global_local": {"ANDAMAN & NICOBAR ISLANDS": {"global_perc": 0.023423423423423424, "local_perc": 0.0011868894366840136}, "ASSAM": {"global_perc": 0.00011365788975184695, "local_perc": 0.0002738975623116954}, "BIHAR": {"global_perc": 0.058675402237375766, "local_perc": 0.24039076052223135}, "CHHATTISGARH": {"global_perc": 0.027675643446288384, "local_perc": 0.050853647402538116}, "Dadra & Nagar Haveli": {"global_perc": 0.046153846153846156, "local_perc": 0.0002738975623116954}, "GOA": {"global_perc": 0.0029940119760479044, "local_perc": 9.129918743723181e-05}, "HIMACHAL PRADESH": {"global_perc": 0.003914934751087482, "local_perc": 0.007395234182415777}, "JAMMU & KASHMIR": {"global_perc": 0.009461315428048222, "local_perc": 0.005660549621108372}, "JHARKHAND": {"global_perc": 0.007624868802864728, "local_perc": 0.022550899296996257}, "KARNATAKA": {"global_perc": 0.00030674846625766873, "local_perc": 0.0008216926869350862}, "MADHYA PRADESH": {"global_perc": 0.007121650911607744, "local_perc": 0.03569798228795764}, "MIZORAM": {"global_perc": 0.03614457831325301, "local_perc": 0.002738975623116954}, "NAGALAND": {"global_perc": 0.0028011204481792717, "local_perc": 0.00036519674974892725}, "PUDUCHERRY": {"global_perc": 0.4222222222222222, "local_perc": 0.003469369122614809}, "RAJASTHAN": {"global_perc": 0.006648459885386819, "local_perc": 0.027115858668857847}, "SIKKIM": {"global_perc": 0.08869179600886919, "local_perc": 0.0036519674974892723}, "TRIPURA": {"global_perc": 0.016, "local_perc": 0.0012781886241212453}, "UTTAR PRADESH": {"global_perc": 0.03886713994043494, "local_perc": 0.378891627864512}, "UTTARAKHAND": {"global_perc": 0.013398439826118025, "local_perc": 0.020542317173377157}, "West Bengal": {"global_perc": 0.05358297279824954, "local_perc": 0.19674974892723454}}, "partition_field": "Stat_Nam", "Vil_Nam": "Putushy", "Stat_Nam": "JAMMU & KASHMIR"}, {"data": [["Mat_An_Chil_Wel_Cen_Doc_In_Pos_Num", 1.0], ["Mat_An_Chil_Wel_Cen_Num", 4.0], 0.25], "data_low": {"Stat_Nam": "Punjab", "Vil_Nam": "Mohan Ke Hithar (172)", "Mat_An_Chil_Wel_Cen_Num": "4", "Mat_An_Chil_Wel_Cen_Doc_In_Pos_Num": "1", "id": 34620}, "data_high": {"Stat_Nam": "Punjab", "Vil_Nam": "Mohan Ke Hithar (172)", "Mat_An_Chil_Wel_Cen_Num": "4", "Mat_An_Chil_Wel_Cen_Doc_In_Pos_Num": "1", "id": 34620}, "perc": 0.0017664298044883376, "metric": 99.99823432033229, "value_global_local": {}, "partition_field": null, "Vil_Nam": "Mohan Ke Hithar (172)", "Stat_Nam": "Punjab"}, {"data": [["Mat_An_Chil_Wel_Cen_Doc_In_Pos_Num", 2.0], ["Mat_An_Chil_Wel_Cen_Num", 4.0], 0.5], "data_low": {"Stat_Nam": "JAMMU & KASHMIR", "Vil_Nam": "Seh Pora", "Mat_An_Chil_Wel_Cen_Num": "2", "Mat_An_Chil_Wel_Cen_Doc_In_Pos_Num": "1", "id": 2899}, "data_high": {"Stat_Nam": "TRIPURA", "Vil_Nam": "Rajkang", "Mat_An_Chil_Wel_Cen_Num": "5", "Mat_An_Chil_Wel_Cen_Doc_In_Pos_Num": "3", "id": 271090}, "perc": 0.004496366775061223, "metric": 99.99550413330246, "value_global_local": {"ASSAM": {"global_perc": 7.577192650123129e-05, "local_perc": 0.07142857142857142}, "HARYANA": {"global_perc": 0.000146177459435755, "local_perc": 0.03571428571428571}, "JAMMU & KASHMIR": {"global_perc": 0.0003052037234854265, "local_perc": 0.07142857142857142}, "Punjab": {"global_perc": 0.0006358795008345918, "local_perc": 0.2857142857142857}, "TRIPURA": {"global_perc": 0.002285714285714286, "local_perc": 0.07142857142857142}, "UTTARAKHAND": {"global_perc": 0.00041684035014589413, "local_perc": 0.25}, "West Bengal": {"global_perc": 0.0001491869312248247, "local_perc": 0.21428571428571427}}, "partition_field": "Stat_Nam", "Vil_Nam": "Chander Hama", "Stat_Nam": "JAMMU & KASHMIR"}, {"data": [["Mat_An_Chil_Wel_Cen_Doc_In_Pos_Num", 2.0], ["Mat_An_Chil_Wel_Cen_Num", 3.0], 0.6666666666666666], "data_low": {"Stat_Nam": "JAMMU & KASHMIR", "Vil_Nam": "Fraw Haknar", "Mat_An_Chil_Wel_Cen_Num": "3", "Mat_An_Chil_Wel_Cen_Doc_In_Pos_Num": "2", "id": 2877}, "data_high": {"Stat_Nam": "JAMMU & KASHMIR", "Vil_Nam": "Fraw Haknar", "Mat_An_Chil_Wel_Cen_Num": "3", "Mat_An_Chil_Wel_Cen_Doc_In_Pos_Num": "2", "id": 2877}, "perc": 0.0008029226384037898, "metric": 99.99919741075892, "value_global_local": {}, "partition_field": null, "Vil_Nam": "Fraw Haknar", "Stat_Nam": "JAMMU & KASHMIR"}, {"data": [["Mat_An_Chil_Wel_Cen_Doc_In_Pos_Num", 1.0], ["Mat_An_Chil_Wel_Cen_Num", 1.0], 1.0], "data_low": {"Stat_Nam": "JAMMU & KASHMIR", "Vil_Nam": "Trapay", "Mat_An_Chil_Wel_Cen_Num": "1", "Mat_An_Chil_Wel_Cen_Doc_In_Pos_Num": "1", "id": 379}, "data_high": {"Stat_Nam": "West Bengal", "Vil_Nam": "Balupur", "Mat_An_Chil_Wel_Cen_Num": "7", "Mat_An_Chil_Wel_Cen_Doc_In_Pos_Num": "7", "id": 311006}, "perc": 3.3767714480709783, "metric": 96.62322855192902, "value_global_local": {"": {"global_perc": 0.0394986925921233, "local_perc": 0.9784097393950922}, "ADHAKARI": {"global_perc": 1.0, "local_perc": 4.7555640098915734e-05}, "AHMEDPUR": {"global_perc": 0.3333333333333333, "local_perc": 4.7555640098915734e-05}, "ALABALPUR": {"global_perc": 0.5, "local_perc": 4.7555640098915734e-05}, "ALIPUR BIHTA": {"global_perc": 1.0, "local_perc": 4.7555640098915734e-05}, "AMARPUR": {"global_perc": 0.06666666666666667, "local_perc": 4.7555640098915734e-05}, "AMROH": {"global_perc": 0.1, "local_perc": 4.7555640098915734e-05}, "ANACHI": {"global_perc": 0.5, "local_perc": 4.7555640098915734e-05}, "ANANDPUR": {"global_perc": 0.2, "local_perc": 4.7555640098915734e-05}, "ANDIPATTI": {"global_perc": 0.25, "local_perc": 4.7555640098915734e-05}, "ANDRANA": {"global_perc": 0.5, "local_perc": 4.7555640098915734e-05}, "ARASUR": {"global_perc": 0.25, "local_perc": 4.7555640098915734e-05}, "AREKALHOSAHALLI": {"global_perc": 0.5, "local_perc": 4.7555640098915734e-05}, "ATARDEEH": {"global_perc": 1.0, "local_perc": 4.7555640098915734e-05}, "ATHAN": {"global_perc": 1.0, "local_perc": 4.7555640098915734e-05}, "Amonggre": {"global_perc": 0.25, "local_perc": 4.7555640098915734e-05}, "B.B.NAGAR": {"global_perc": 0.5, "local_perc": 4.7555640098915734e-05}, "BACHAHALLI": {"global_perc": 1.0, "local_perc": 4.7555640098915734e-05}, "BADETH MALLA": {"global_perc": 1.0, "local_perc": 4.7555640098915734e-05}, "BADGAON": {"global_perc": 0.16666666666666666, "local_perc": 4.7555640098915734e-05}, "BADIWALA": {"global_perc": 1.0, "local_perc": 4.7555640098915734e-05}, "BADKI CHILMI": {"global_perc": 0.25, "local_perc": 4.7555640098915734e-05}, "BADOLI": {"global_perc": 0.09090909090909091, "local_perc": 4.7555640098915734e-05}, "BAHARAGORA": {"global_perc": 0.125, "local_perc": 4.7555640098915734e-05}, "BAHERAKHAL": {"global_perc": 0.5, "local_perc": 4.7555640098915734e-05}, "BAIJUWAPUR": {"global_perc": 1.0, "local_perc": 4.7555640098915734e-05}, "BAIKUNTH PUR": {"global_perc": 0.25, "local_perc": 4.7555640098915734e-05}, "BAITIKALA": {"global_perc": 0.3333333333333333, "local_perc": 4.7555640098915734e-05}, "BAJIPUR": {"global_perc": 1.0, "local_perc": 4.7555640098915734e-05}, "BALDIHA": {"global_perc": 0.5, "local_perc": 4.7555640098915734e-05}, "BALIA": {"global_perc": 0.08333333333333333, "local_perc": 4.7555640098915734e-05}, "BALLAGAN": {"global_perc": 1.0, "local_perc": 4.7555640098915734e-05}, "BALRAMPUR": {"global_perc": 0.1, "local_perc": 4.7555640098915734e-05}, "BALUA": {"global_perc": 0.07142857142857142, "local_perc": 4.7555640098915734e-05}, "BANE DI HATTI": {"global_perc": 0.14285714285714285, "local_perc": 4.7555640098915734e-05}, "BANGA": {"global_perc": 0.5, "local_perc": 4.7555640098915734e-05}, "BANGANA": {"global_perc": 0.0625, "local_perc": 4.7555640098915734e-05}, "BANGRA": {"global_perc": 0.3333333333333333, "local_perc": 9.511128019783147e-05}, "BANIA CHHAPAR": {"global_perc": 0.4, "local_perc": 9.511128019783147e-05}, "BANKATI": {"global_perc": 0.1, "local_perc": 4.7555640098915734e-05}, "BARA BOARIJOR": {"global_perc": 1.0, "local_perc": 9.511128019783147e-05}, "BARABARU": {"global_perc": 1.0, "local_perc": 0.00014266692029674718}, "BARDIH": {"global_perc": 0.16666666666666666, "local_perc": 4.7555640098915734e-05}, "BARDIKANPUR": {"global_perc": 1.0, "local_perc": 4.7555640098915734e-05}, "BARGADAHA": {"global_perc": 1.0, "local_perc": 4.7555640098915734e-05}, "BARKABARAN": {"global_perc": 1.0, "local_perc": 4.7555640098915734e-05}, "BARKABARU": {"global_perc": 1.0, "local_perc": 4.7555640098915734e-05}, "BARMANDA": {"global_perc": 0.3333333333333333, "local_perc": 4.7555640098915734e-05}, "BASAVANAHALLI": {"global_perc": 0.2, "local_perc": 4.7555640098915734e-05}, "BASEDOUR": {"global_perc": 0.3333333333333333, "local_perc": 4.7555640098915734e-05}, "BASINI": {"global_perc": 1.0, "local_perc": 4.7555640098915734e-05}, "BASODIH": {"global_perc": 1.0, "local_perc": 4.7555640098915734e-05}, "BATIJODA": {"global_perc": 0.25, "local_perc": 4.7555640098915734e-05}, "BAUSI": {"global_perc": 0.5, "local_perc": 4.7555640098915734e-05}, "BEGUNIA": {"global_perc": 0.5, "local_perc": 4.7555640098915734e-05}, "BELPAHARI": {"global_perc": 0.2, "local_perc": 4.7555640098915734e-05}, "BETU QUADIM": {"global_perc": 1.0, "local_perc": 4.7555640098915734e-05}, "BHABHI": {"global_perc": 1.0, "local_perc": 4.7555640098915734e-05}, "BHAGWANPUR": {"global_perc": 0.034482758620689655, "local_perc": 4.7555640098915734e-05}, "BHAISLOT": {"global_perc": 1.0, "local_perc": 4.7555640098915734e-05}, "BHAIYADIH": {"global_perc": 1.0, "local_perc": 4.7555640098915734e-05}, "BHAKHRA": {"global_perc": 1.0, "local_perc": 4.7555640098915734e-05}, "BHALUKAGURI": {"global_perc": 1.0, "local_perc": 4.7555640098915734e-05}, "BHANDRA": {"global_perc": 0.3333333333333333, "local_perc": 4.7555640098915734e-05}, "BHARIGADA": {"global_perc": 1.0, "local_perc": 4.7555640098915734e-05}, "BHAWARNA": {"global_perc": 0.5, "local_perc": 9.511128019783147e-05}, "BHITLU": {"global_perc": 0.3333333333333333, "local_perc": 4.7555640098915734e-05}, "BHUMAL GADI": {"global_perc": 1.0, "local_perc": 4.7555640098915734e-05}, "BICHIYA": {"global_perc": 0.5, "local_perc": 4.7555640098915734e-05}, "BIKHARA": {"global_perc": 1.0, "local_perc": 4.7555640098915734e-05}, "BILISIRI": {"global_perc": 0.5, "local_perc": 4.7555640098915734e-05}, "BIRIYA": {"global_perc": 1.0, "local_perc": 4.7555640098915734e-05}, "BISHASHARPUR": {"global_perc": 1.0, "local_perc": 4.7555640098915734e-05}, "BODASA": {"global_perc": 0.6666666666666666, "local_perc": 9.511128019783147e-05}, "BOSWAN": {"global_perc": 1.0, "local_perc": 4.7555640098915734e-05}, "BRAKHARI": {"global_perc": 1.0, "local_perc": 4.7555640098915734e-05}, "BRUNDADEIPUR": {"global_perc": 1.0, "local_perc": 4.7555640098915734e-05}, "BUDGADDA": {"global_perc": 0.5, "local_perc": 9.511128019783147e-05}, "CHAINPUR": {"global_perc": 0.043478260869565216, "local_perc": 4.7555640098915734e-05}, "CHAK BAMUN": {"global_perc": 0.6666666666666666, "local_perc": 9.511128019783147e-05}, "CHAKAPADA": {"global_perc": 0.3333333333333333, "local_perc": 4.7555640098915734e-05}, "CHALANGI": {"global_perc": 1.0, "local_perc": 4.7555640098915734e-05}, "CHANDDIH": {"global_perc": 0.5, "local_perc": 4.7555640098915734e-05}, "CHANDRI": {"global_perc": 0.1111111111111111, "local_perc": 4.7555640098915734e-05}, "CHELA": {"global_perc": 0.25, "local_perc": 4.7555640098915734e-05}, "CHHANGLA": {"global_perc": 0.2, "local_perc": 4.7555640098915734e-05}, "CHILOI": {"global_perc": 0.3333333333333333, "local_perc": 4.7555640098915734e-05}, "CHINDALU": {"global_perc": 1.0, "local_perc": 4.7555640098915734e-05}, "CHIPRA": {"global_perc": 0.6666666666666666, "local_perc": 9.511128019783147e-05}, "CHIRKUWEDA": {"global_perc": 1.0, "local_perc": 4.7555640098915734e-05}, "CHITAUNI": {"global_perc": 0.5, "local_perc": 4.7555640098915734e-05}, "CHOPARA": {"global_perc": 0.25, "local_perc": 4.7555640098915734e-05}, "DABARI": {"global_perc": 1.0, "local_perc": 4.7555640098915734e-05}, "DADADAHALLI": {"global_perc": 1.0, "local_perc": 4.7555640098915734e-05}, "DADAULI": {"global_perc": 1.0, "local_perc": 4.7555640098915734e-05}, "DAIRA": {"global_perc": 1.0, "local_perc": 4.7555640098915734e-05}, "DALU": {"global_perc": 0.07692307692307693, "local_perc": 4.7555640098915734e-05}, "DARKOHLI": {"global_perc": 0.2, "local_perc": 4.7555640098915734e-05}, "DARMIGAD": {"global_perc": 1.0, "local_perc": 4.7555640098915734e-05}, "DEVIDALI": {"global_perc": 1.0, "local_perc": 4.7555640098915734e-05}, "DHANPURA": {"global_perc": 0.125, "local_perc": 4.7555640098915734e-05}, "DHARAPURAM": {"global_perc": 1.0, "local_perc": 4.7555640098915734e-05}, "DHNGULI": {"global_perc": 1.0, "local_perc": 4.7555640098915734e-05}, "DHUNA": {"global_perc": 0.6666666666666666, "local_perc": 9.511128019783147e-05}, "DIFFERPAT": {"global_perc": 1.0, "local_perc": 4.7555640098915734e-05}, "DORIHAR": {"global_perc": 0.5, "local_perc": 4.7555640098915734e-05}, "DUIKASAI": {"global_perc": 1.0, "local_perc": 4.7555640098915734e-05}, "DUNGRI MALLI": {"global_perc": 0.5, "local_perc": 4.7555640098915734e-05}, "Dhaliwal Bet": {"global_perc": 1.0, "local_perc": 9.511128019783147e-05}, "ERKI": {"global_perc": 1.0, "local_perc": 4.7555640098915734e-05}, "FAKRA": {"global_perc": 1.0, "local_perc": 4.7555640098915734e-05}, "FATEHPUR": {"global_perc": 0.015873015873015872, "local_perc": 4.7555640098915734e-05}, "FATEHPUR CHADRAI": {"global_perc": 1.0, "local_perc": 4.7555640098915734e-05}, "FRANGAMATIA": {"global_perc": 1.0, "local_perc": 4.7555640098915734e-05}, "G. NANDIPUR": {"global_perc": 1.0, "local_perc": 4.7555640098915734e-05}, "GAHARI": {"global_perc": 1.0, "local_perc": 4.7555640098915734e-05}, "GAMHARIA": {"global_perc": 0.058823529411764705, "local_perc": 4.7555640098915734e-05}, "GANDHA": {"global_perc": 0.5, "local_perc": 4.7555640098915734e-05}, "GANEOR": {"global_perc": 1.0, "local_perc": 4.7555640098915734e-05}, "GANGAIKONDAN": {"global_perc": 1.0, "local_perc": 4.7555640098915734e-05}, "GANGDIH": {"global_perc": 1.0, "local_perc": 4.7555640098915734e-05}, "GANGHARA": {"global_perc": 0.5, "local_perc": 4.7555640098915734e-05}, "GANGOH": {"global_perc": 0.125, "local_perc": 4.7555640098915734e-05}, "GARHWA": {"global_perc": 0.14285714285714285, "local_perc": 4.7555640098915734e-05}, "GARRICHAK": {"global_perc": 1.0, "local_perc": 4.7555640098915734e-05}, "GARUD": {"global_perc": 0.25, "local_perc": 4.7555640098915734e-05}, "GAUHARPUR": {"global_perc": 0.3333333333333333, "local_perc": 4.7555640098915734e-05}, "GHES": {"global_perc": 1.0, "local_perc": 4.7555640098915734e-05}, "GHURET": {"global_perc": 1.0, "local_perc": 4.7555640098915734e-05}, "GIPU": {"global_perc": 0.5, "local_perc": 4.7555640098915734e-05}, "GOKULPUR": {"global_perc": 0.1, "local_perc": 4.7555640098915734e-05}, "GOPICHAK": {"global_perc": 1.0, "local_perc": 4.7555640098915734e-05}, "GORIYADIH": {"global_perc": 1.0, "local_perc": 4.7555640098915734e-05}, "GOVARDHANPUR": {"global_perc": 1.0, "local_perc": 0.00019022256039566293}, "GOVINDAMPALAYAM": {"global_perc": 0.5, "local_perc": 4.7555640098915734e-05}, "GOVINDPUR": {"global_perc": 0.037037037037037035, "local_perc": 4.7555640098915734e-05}, "GUDDALUR": {"global_perc": 1.0, "local_perc": 4.7555640098915734e-05}, "GULAULA KHERA": {"global_perc": 1.0, "local_perc": 4.7555640098915734e-05}, "GUMMIDIPOONDI": {"global_perc": 0.5, "local_perc": 4.7555640098915734e-05}, "GUMRU": {"global_perc": 0.3333333333333333, "local_perc": 4.7555640098915734e-05}, "GUSHAL": {"global_perc": 1.0, "local_perc": 4.7555640098915734e-05}, "GUTAKBARA": {"global_perc": 1.0, "local_perc": 4.7555640098915734e-05}, "GUTJORA": {"global_perc": 1.0, "local_perc": 4.7555640098915734e-05}, "HALLIDAYGANJ": {"global_perc": 0.2, "local_perc": 4.7555640098915734e-05}, "HARDASPUR": {"global_perc": 0.25, "local_perc": 4.7555640098915734e-05}, "HARHUA": {"global_perc": 0.3333333333333333, "local_perc": 4.7555640098915734e-05}, "HARIHARPUR": {"global_perc": 0.03225806451612903, "local_perc": 4.7555640098915734e-05}, "HATIMODA": {"global_perc": 1.0, "local_perc": 4.7555640098915734e-05}, "HAZARA SINGHWALA": {"global_perc": 1.0, "local_perc": 4.7555640098915734e-05}, "HERMA": {"global_perc": 1.0, "local_perc": 4.7555640098915734e-05}, "HIGUTAR JAGDISHPUR": {"global_perc": 1.0, "local_perc": 4.7555640098915734e-05}, "HITUTOLI": {"global_perc": 1.0, "local_perc": 4.7555640098915734e-05}, "HONOKO": {"global_perc": 1.0, "local_perc": 4.7555640098915734e-05}, "HUDOLI": {"global_perc": 0.5, "local_perc": 4.7555640098915734e-05}, "HULIYAR": {"global_perc": 0.5, "local_perc": 4.7555640098915734e-05}, "HUNASANAKODIHALLI": {"global_perc": 1.0, "local_perc": 4.7555640098915734e-05}, "IBRAHIMPUR": {"global_perc": 0.1, "local_perc": 4.7555640098915734e-05}, "ICHA": {"global_perc": 0.5, "local_perc": 4.7555640098915734e-05}, "IDAR": {"global_perc": 0.5, "local_perc": 4.7555640098915734e-05}, "IMLIGAON": {"global_perc": 1.0, "local_perc": 4.7555640098915734e-05}, "INDRAGADA": {"global_perc": 0.3333333333333333, "local_perc": 4.7555640098915734e-05}, "ISHAPUR": {"global_perc": 0.3333333333333333, "local_perc": 4.7555640098915734e-05}, "ISMAILPUR": {"global_perc": 0.08333333333333333, "local_perc": 4.7555640098915734e-05}, "ITKHORI": {"global_perc": 0.5, "local_perc": 4.7555640098915734e-05}, "JAGDISPUR": {"global_perc": 1.0, "local_perc": 4.7555640098915734e-05}, "JAIDPUR": {"global_perc": 1.0, "local_perc": 4.7555640098915734e-05}, "JAIND": {"global_perc": 0.5, "local_perc": 4.7555640098915734e-05}, "JALALPUR NAURANGA": {"global_perc": 0.5, "local_perc": 4.7555640098915734e-05}, "JAMBANI": {"global_perc": 0.2, "local_perc": 4.7555640098915734e-05}, "JAMBGI(K.D)": {"global_perc": 1.0, "local_perc": 4.7555640098915734e-05}, "JAMRI": {"global_perc": 0.25, "local_perc": 4.7555640098915734e-05}, "JANKI DHAR": {"global_perc": 1.0, "local_perc": 4.7555640098915734e-05}, "JARDA": {"global_perc": 0.3333333333333333, "local_perc": 4.7555640098915734e-05}, "JHAMKE": {"global_perc": 1.0, "local_perc": 4.7555640098915734e-05}, "JHUNGIAN": {"global_perc": 1.0, "local_perc": 4.7555640098915734e-05}, "JKARIYA": {"global_perc": 1.0, "local_perc": 4.7555640098915734e-05}, "JOSYANA": {"global_perc": 0.2, "local_perc": 4.7555640098915734e-05}, "Jansua": {"global_perc": 0.5, "local_perc": 4.7555640098915734e-05}, "KACHNAL": {"global_perc": 1.0, "local_perc": 4.7555640098915734e-05}, "KADGIDOHI": {"global_perc": 1.0, "local_perc": 4.7555640098915734e-05}, "KAKRALA": {"global_perc": 0.5, "local_perc": 4.7555640098915734e-05}, "KAKWARA": {"global_perc": 1.0, "local_perc": 4.7555640098915734e-05}, "KANA SUAN": {"global_perc": 0.5, "local_perc": 4.7555640098915734e-05}, "KANAUDI": {"global_perc": 0.5, "local_perc": 4.7555640098915734e-05}, "KANDA MALLA": {"global_perc": 0.3333333333333333, "local_perc": 4.7555640098915734e-05}, "KANDHALA SHEIKAN": {"global_perc": 1.0, "local_perc": 4.7555640098915734e-05}, "KANDI": {"global_perc": 0.08333333333333333, "local_perc": 4.7555640098915734e-05}, "KANNAPUR HATTI": {"global_perc": 1.0, "local_perc": 4.7555640098915734e-05}, "KARNU": {"global_perc": 0.125, "local_perc": 4.7555640098915734e-05}, "KARSANDA": {"global_perc": 1.0, "local_perc": 4.7555640098915734e-05}, "KAULI": {"global_perc": 0.14285714285714285, "local_perc": 4.7555640098915734e-05}, "KAZAURA": {"global_perc": 1.0, "local_perc": 4.7555640098915734e-05}, "KERA": {"global_perc": 0.5, "local_perc": 4.7555640098915734e-05}, "KESARE": {"global_perc": 1.0, "local_perc": 4.7555640098915734e-05}, "KHAIRA BUHLA": {"global_perc": 0.3333333333333333, "local_perc": 4.7555640098915734e-05}, "KHALSIBERIA": {"global_perc": 0.5, "local_perc": 4.7555640098915734e-05}, "KHARAICH": {"global_perc": 1.0, "local_perc": 4.7555640098915734e-05}, "KHARUHL": {"global_perc": 0.25, "local_perc": 4.7555640098915734e-05}, "KHIRAIRIKHAL": {"global_perc": 0.2, "local_perc": 4.7555640098915734e-05}, "KHIRANWALI": {"global_perc": 0.5, "local_perc": 4.7555640098915734e-05}, "KHUDAGANJ": {"global_perc": 0.6666666666666666, "local_perc": 9.511128019783147e-05}, "KHUN KHUN SARKI": {"global_perc": 0.5, "local_perc": 4.7555640098915734e-05}, "KHUNTI": {"global_perc": 0.3333333333333333, "local_perc": 9.511128019783147e-05}, "KIRIBURU": {"global_perc": 1.0, "local_perc": 4.7555640098915734e-05}, "KISHANPUR": {"global_perc": 0.2222222222222222, "local_perc": 9.511128019783147e-05}, "KOKADIH": {"global_perc": 1.0, "local_perc": 4.7555640098915734e-05}, "KOLAMBI": {"global_perc": 0.5, "local_perc": 4.7555640098915734e-05}, "KONCH": {"global_perc": 0.3333333333333333, "local_perc": 4.7555640098915734e-05}, "KONE": {"global_perc": 1.0, "local_perc": 4.7555640098915734e-05}, "KOT GANGURAI": {"global_perc": 1.0, "local_perc": 4.7555640098915734e-05}, "KOTHI": {"global_perc": 0.05405405405405406, "local_perc": 9.511128019783147e-05}, "KOTTARAM": {"global_perc": 1.0, "local_perc": 4.7555640098915734e-05}, "KRISHAN GARH": {"global_perc": 0.1111111111111111, "local_perc": 4.7555640098915734e-05}, "KUKURBAGHI": {"global_perc": 0.0625, "local_perc": 4.7555640098915734e-05}, "KULLATHILVAI": {"global_perc": 0.3333333333333333, "local_perc": 4.7555640098915734e-05}, "KUMIZHI": {"global_perc": 1.0, "local_perc": 4.7555640098915734e-05}, "KUMKUMA": {"global_perc": 0.6666666666666666, "local_perc": 9.511128019783147e-05}, "KUNDA": {"global_perc": 0.0625, "local_perc": 4.7555640098915734e-05}, "KURALI": {"global_perc": 0.5, "local_perc": 4.7555640098915734e-05}, "KURKNALA": {"global_perc": 0.5, "local_perc": 4.7555640098915734e-05}, "KURKUTIYA": {"global_perc": 1.0, "local_perc": 4.7555640098915734e-05}, "KURMADIH": {"global_perc": 1.0, "local_perc": 4.7555640098915734e-05}, "LASRANA": {"global_perc": 0.3333333333333333, "local_perc": 4.7555640098915734e-05}, "LODHBHARWARI": {"global_perc": 1.0, "local_perc": 4.7555640098915734e-05}, "LOHNA": {"global_perc": 0.3333333333333333, "local_perc": 4.7555640098915734e-05}, "LOTOR": {"global_perc": 1.0, "local_perc": 4.7555640098915734e-05}, "MACHAGOWDANAHALLI": {"global_perc": 0.1111111111111111, "local_perc": 4.7555640098915734e-05}, "MACHONG": {"global_perc": 1.0, "local_perc": 4.7555640098915734e-05}, "MADHOPUR": {"global_perc": 0.06451612903225806, "local_perc": 9.511128019783147e-05}, "MAHUADANR": {"global_perc": 0.16666666666666666, "local_perc": 4.7555640098915734e-05}, "MAHUAKOL": {"global_perc": 1.0, "local_perc": 4.7555640098915734e-05}, "MAJHIGAWA": {"global_perc": 0.25, "local_perc": 4.7555640098915734e-05}, "MAJHOLA": {"global_perc": 0.5, "local_perc": 4.7555640098915734e-05}, "MAKUNDAPUR": {"global_perc": 0.1111111111111111, "local_perc": 4.7555640098915734e-05}, "MALAU": {"global_perc": 1.0, "local_perc": 4.7555640098915734e-05}, "MAMBATTU": {"global_perc": 1.0, "local_perc": 4.7555640098915734e-05}, "MAMKHIR": {"global_perc": 1.0, "local_perc": 4.7555640098915734e-05}, "MANDRE PUR": {"global_perc": 1.0, "local_perc": 4.7555640098915734e-05}, "MANGAT KHERA": {"global_perc": 1.0, "local_perc": 4.7555640098915734e-05}, "MARANGHADA": {"global_perc": 0.3333333333333333, "local_perc": 4.7555640098915734e-05}, "MASAURI": {"global_perc": 0.25, "local_perc": 4.7555640098915734e-05}, "MASTI PALKOT": {"global_perc": 1.0, "local_perc": 4.7555640098915734e-05}, "MATHIA": {"global_perc": 0.25, "local_perc": 4.7555640098915734e-05}, "MAULAKHOR": {"global_perc": 1.0, "local_perc": 4.7555640098915734e-05}, "MAYURHAND": {"global_perc": 0.25, "local_perc": 4.7555640098915734e-05}, "MELPAKKAM": {"global_perc": 0.5, "local_perc": 4.7555640098915734e-05}, "MERKHARA": {"global_perc": 1.0, "local_perc": 4.7555640098915734e-05}, "MERLE": {"global_perc": 1.0, "local_perc": 4.7555640098915734e-05}, "MIRPUR RATANPUR": {"global_perc": 1.0, "local_perc": 4.7555640098915734e-05}, "MO. SARAI ALI": {"global_perc": 1.0, "local_perc": 4.7555640098915734e-05}, "MOHANCAMP": {"global_perc": 0.3333333333333333, "local_perc": 4.7555640098915734e-05}, "MOKRAM": {"global_perc": 1.0, "local_perc": 4.7555640098915734e-05}, "MUKIMPUR": {"global_perc": 1.0, "local_perc": 4.7555640098915734e-05}, "MULEKALENAHALLI": {"global_perc": 0.1111111111111111, "local_perc": 4.7555640098915734e-05}, "MUNAN": {"global_perc": 1.0, "local_perc": 4.7555640098915734e-05}, "MUNDERI": {"global_perc": 0.5, "local_perc": 4.7555640098915734e-05}, "MUNIMPUR": {"global_perc": 0.3333333333333333, "local_perc": 4.7555640098915734e-05}, "Mianpur": {"global_perc": 0.3333333333333333, "local_perc": 4.7555640098915734e-05}, "N.A.": {"global_perc": 0.005019890130706573, "local_perc": 0.002520448925242534}, "NAGARI": {"global_perc": 0.3333333333333333, "local_perc": 4.7555640098915734e-05}, "NAGENAHALLI": {"global_perc": 0.16666666666666666, "local_perc": 4.7555640098915734e-05}, "NAGWA": {"global_perc": 0.5, "local_perc": 4.7555640098915734e-05}, "NAIDUMANGALAM": {"global_perc": 1.0, "local_perc": 4.7555640098915734e-05}, "NALATHWAD": {"global_perc": 0.25, "local_perc": 4.7555640098915734e-05}, "NARAPAKKAM": {"global_perc": 1.0, "local_perc": 4.7555640098915734e-05}, "NARAYANPUR": {"global_perc": 0.011235955056179775, "local_perc": 4.7555640098915734e-05}, "NAUGAON": {"global_perc": 0.125, "local_perc": 4.7555640098915734e-05}, "NAWADA": {"global_perc": 0.06451612903225806, "local_perc": 9.511128019783147e-05}, "NAYAGOAN": {"global_perc": 0.5, "local_perc": 4.7555640098915734e-05}, "NERIGAM": {"global_perc": 1.0, "local_perc": 4.7555640098915734e-05}, "NERKUNDRAM": {"global_perc": 1.0, "local_perc": 4.7555640098915734e-05}, "NOTAR": {"global_perc": 1.0, "local_perc": 4.7555640098915734e-05}, "OBRA": {"global_perc": 1.0, "local_perc": 4.7555640098915734e-05}, "PABAPUR": {"global_perc": 1.0, "local_perc": 4.7555640098915734e-05}, "PADROUNA BUJURG": {"global_perc": 1.0, "local_perc": 4.7555640098915734e-05}, "PAIGAMBARPUR": {"global_perc": 1.0, "local_perc": 4.7555640098915734e-05}, "PALLIKKADU": {"global_perc": 1.0, "local_perc": 4.7555640098915734e-05}, "PALRI CHHINA": {"global_perc": 1.0, "local_perc": 4.7555640098915734e-05}, "PANDRA": {"global_perc": 0.3333333333333333, "local_perc": 4.7555640098915734e-05}, "PARAG SAHA": {"global_perc": 1.0, "local_perc": 4.7555640098915734e-05}, "PARAGSAHA": {"global_perc": 1.0, "local_perc": 4.7555640098915734e-05}, "PARSED PUR": {"global_perc": 1.0, "local_perc": 4.7555640098915734e-05}, "PARSHURAMPUR": {"global_perc": 0.5, "local_perc": 4.7555640098915734e-05}, "PARTAWAL": {"global_perc": 1.0, "local_perc": 4.7555640098915734e-05}, "PATAHATU": {"global_perc": 1.0, "local_perc": 4.7555640098915734e-05}, "PATHOLI": {"global_perc": 1.0, "local_perc": 4.7555640098915734e-05}, "PATLOT": {"global_perc": 1.0, "local_perc": 4.7555640098915734e-05}, "PERIYAKULAM": {"global_perc": 1.0, "local_perc": 4.7555640098915734e-05}, "PHULBARI": {"global_perc": 0.2, "local_perc": 4.7555640098915734e-05}, "PIPARAHI": {"global_perc": 1.0, "local_perc": 4.7555640098915734e-05}, "PRANPUR": {"global_perc": 0.09090909090909091, "local_perc": 4.7555640098915734e-05}, "PREMNAGAR": {"global_perc": 0.25, "local_perc": 4.7555640098915734e-05}, "PUA PUR": {"global_perc": 1.0, "local_perc": 4.7555640098915734e-05}, "PULSIYA": {"global_perc": 1.0, "local_perc": 4.7555640098915734e-05}, "PUNAJUR STATE FOREST": {"global_perc": 1.0, "local_perc": 4.7555640098915734e-05}, "PUREMANSARAM": {"global_perc": 1.0, "local_perc": 4.7555640098915734e-05}, "PURUNABALICHUA": {"global_perc": 1.0, "local_perc": 4.7555640098915734e-05}, "RADHAMADHABPUR": {"global_perc": 0.5, "local_perc": 4.7555640098915734e-05}, "RAGHUPUR": {"global_perc": 0.2, "local_perc": 4.7555640098915734e-05}, "RAMGARH": {"global_perc": 0.01694915254237288, "local_perc": 4.7555640098915734e-05}, "RANDAD": {"global_perc": 1.0, "local_perc": 4.7555640098915734e-05}, "RANIPOKHRI": {"global_perc": 0.25, "local_perc": 4.7555640098915734e-05}, "RASANPUR": {"global_perc": 1.0, "local_perc": 4.7555640098915734e-05}, "RATANARI": {"global_perc": 1.0, "local_perc": 4.7555640098915734e-05}, "RATNAG": {"global_perc": 0.3333333333333333, "local_perc": 4.7555640098915734e-05}, "RINGWARI": {"global_perc": 0.3333333333333333, "local_perc": 4.7555640098915734e-05}, "ROHELA HAJI UTTAR": {"global_perc": 0.5, "local_perc": 4.7555640098915734e-05}, "ROORKEE": {"global_perc": 0.3333333333333333, "local_perc": 4.7555640098915734e-05}, "ROWAHALI": {"global_perc": 1.0, "local_perc": 4.7555640098915734e-05}, "ROWAHLI": {"global_perc": 0.5, "local_perc": 4.7555640098915734e-05}, "RUDAPUR": {"global_perc": 1.0, "local_perc": 4.7555640098915734e-05}, "RUDRAPUR": {"global_perc": 0.07142857142857142, "local_perc": 4.7555640098915734e-05}, "RUPAS MAHAJI": {"global_perc": 0.5, "local_perc": 4.7555640098915734e-05}, "Rahmatpur": {"global_perc": 0.5, "local_perc": 4.7555640098915734e-05}, "Rangchali Gaon": {"global_perc": 1.0, "local_perc": 4.7555640098915734e-05}, "SADAT MALAUT": {"global_perc": 1.0, "local_perc": 4.7555640098915734e-05}, "SAGAHRIYA": {"global_perc": 1.0, "local_perc": 4.7555640098915734e-05}, "SAHRICHAK": {"global_perc": 1.0, "local_perc": 4.7555640098915734e-05}, "SAIDPUR": {"global_perc": 0.0625, "local_perc": 4.7555640098915734e-05}, "SAIFPUR KARAMCHANDPUR": {"global_perc": 1.0, "local_perc": 4.7555640098915734e-05}, "SAJAI": {"global_perc": 0.5, "local_perc": 4.7555640098915734e-05}, "SAKHRUA BUJURG": {"global_perc": 1.0, "local_perc": 4.7555640098915734e-05}, "SALIAGOCHHA": {"global_perc": 1.0, "local_perc": 4.7555640098915734e-05}, "SAMRER": {"global_perc": 0.3333333333333333, "local_perc": 4.7555640098915734e-05}, "SANKESHWAR TOWN": {"global_perc": 1.0, "local_perc": 4.7555640098915734e-05}, "SANSARIPUR": {"global_perc": 0.3333333333333333, "local_perc": 4.7555640098915734e-05}, "SAPARUM": {"global_perc": 1.0, "local_perc": 9.511128019783147e-05}, "SAPERU": {"global_perc": 0.5, "local_perc": 4.7555640098915734e-05}, "SARAIYAMAFI": {"global_perc": 0.5, "local_perc": 4.7555640098915734e-05}, "SARDAM": {"global_perc": 0.25, "local_perc": 4.7555640098915734e-05}, "SARKAMI": {"global_perc": 0.5, "local_perc": 4.7555640098915734e-05}, "SEMUAR KHANPUR": {"global_perc": 1.0, "local_perc": 4.7555640098915734e-05}, "SERIYA DHAR": {"global_perc": 0.5, "local_perc": 4.7555640098915734e-05}, "SEWAL": {"global_perc": 1.0, "local_perc": 4.7555640098915734e-05}, "SHAHJAHANPUR": {"global_perc": 0.3333333333333333, "local_perc": 4.7555640098915734e-05}, "SHASHIN": {"global_perc": 1.0, "local_perc": 4.7555640098915734e-05}, "SHISHGARH": {"global_perc": 1.0, "local_perc": 4.7555640098915734e-05}, "SHIV PUR": {"global_perc": 1.0, "local_perc": 4.7555640098915734e-05}, "SILADON": {"global_perc": 0.3333333333333333, "local_perc": 4.7555640098915734e-05}, "SIRFIFA PAVAR": {"global_perc": 1.0, "local_perc": 4.7555640098915734e-05}, "SIRUVADI": {"global_perc": 1.0, "local_perc": 4.7555640098915734e-05}, "SISIA": {"global_perc": 0.3333333333333333, "local_perc": 4.7555640098915734e-05}, "SITA PUR": {"global_perc": 1.0, "local_perc": 4.7555640098915734e-05}, "SIYUM": {"global_perc": 0.03125, "local_perc": 4.7555640098915734e-05}, "SODAG": {"global_perc": 1.0, "local_perc": 4.7555640098915734e-05}, "SOMINAKOPPA": {"global_perc": 0.16666666666666666, "local_perc": 4.7555640098915734e-05}, "SUNKA": {"global_perc": 1.0, "local_perc": 4.7555640098915734e-05}, "SUNNAM JOTE": {"global_perc": 1.0, "local_perc": 4.7555640098915734e-05}, "SURAJPUR EARVA": {"global_perc": 1.0, "local_perc": 4.7555640098915734e-05}, "SURAPUR": {"global_perc": 0.5, "local_perc": 4.7555640098915734e-05}, "TABADS": {"global_perc": 1.0, "local_perc": 4.7555640098915734e-05}, "TAJANG": {"global_perc": 0.1, "local_perc": 4.7555640098915734e-05}, "TAJPUR": {"global_perc": 0.08333333333333333, "local_perc": 4.7555640098915734e-05}, "TARNA": {"global_perc": 0.5, "local_perc": 4.7555640098915734e-05}, "THAGACHAGERE": {"global_perc": 1.0, "local_perc": 4.7555640098915734e-05}, "THALAGHATTAPURA": {"global_perc": 0.2, "local_perc": 4.7555640098915734e-05}, "THIRUMANAVAYAL": {"global_perc": 0.5, "local_perc": 4.7555640098915734e-05}, "TIBBI KALAN": {"global_perc": 0.25, "local_perc": 4.7555640098915734e-05}, "TINSUKIA": {"global_perc": 0.5, "local_perc": 4.7555640098915734e-05}, "TIPIJHARI": {"global_perc": 1.0, "local_perc": 4.7555640098915734e-05}, "TIRUKOSTIYUR": {"global_perc": 1.0, "local_perc": 4.7555640098915734e-05}, "TIUYRAK": {"global_perc": 1.0, "local_perc": 4.7555640098915734e-05}, "TIYRAKALA": {"global_perc": 1.0, "local_perc": 9.511128019783147e-05}, "TOE MAKHOWAL": {"global_perc": 0.5, "local_perc": 4.7555640098915734e-05}, "TOLA SIPAHIYA": {"global_perc": 0.5, "local_perc": 4.7555640098915734e-05}, "TUKBERA": {"global_perc": 0.5, "local_perc": 4.7555640098915734e-05}, "TUSMU": {"global_perc": 1.0, "local_perc": 4.7555640098915734e-05}, "Tengkigittim": {"global_perc": 0.16666666666666666, "local_perc": 4.7555640098915734e-05}, "Tibbi Kalan": {"global_perc": 1.0, "local_perc": 4.7555640098915734e-05}, "UCHARHAR": {"global_perc": 1.0, "local_perc": 4.7555640098915734e-05}, "UDAMANDA": {"global_perc": 1.0, "local_perc": 9.511128019783147e-05}, "UNERA": {"global_perc": 1.0, "local_perc": 4.7555640098915734e-05}, "URMAR": {"global_perc": 1.0, "local_perc": 4.7555640098915734e-05}, "VADAKATTUPATTI": {"global_perc": 1.0, "local_perc": 4.7555640098915734e-05}, "VELLALAPATTI": {"global_perc": 0.5, "local_perc": 4.7555640098915734e-05}, "VILANDAPUR": {"global_perc": 0.25, "local_perc": 4.7555640098915734e-05}, "VINAURA": {"global_perc": 1.0, "local_perc": 4.7555640098915734e-05}, "WAHWALPUR": {"global_perc": 1.0, "local_perc": 4.7555640098915734e-05}}, "partition_field": "Near_Vil_Tow_Nam_hav_Prim_School", "Vil_Nam": "Trapay", "Stat_Nam": "JAMMU & KASHMIR"}, {"data": [["Mat_An_Chil_Wel_Cen_Doc_In_Pos_Num", 3.0], ["Mat_An_Chil_Wel_Cen_Num", 2.0], 1.5], "data_low": {"Stat_Nam": "TRIPURA", "Vil_Nam": "Baikunthapur", "Mat_An_Chil_Wel_Cen_Num": "2", "Mat_An_Chil_Wel_Cen_Doc_In_Pos_Num": "3", "id": 270802}, "data_high": {"Stat_Nam": "TRIPURA", "Vil_Nam": "Baikunthapur", "Mat_An_Chil_Wel_Cen_Num": "2", "Mat_An_Chil_Wel_Cen_Doc_In_Pos_Num": "3", "id": 270802}, "perc": 0.0004817535830422739, "metric": 99.99951774631934, "value_global_local": {}, "partition_field": null, "Vil_Nam": "Baikunthapur", "Stat_Nam": "TRIPURA"}, {"data": [["Mat_An_Chil_Wel_Cen_Doc_In_Pos_Num", 7.0], ["Mat_An_Chil_Wel_Cen_Num", 4.0], 1.75], "data_low": {"Stat_Nam": "Punjab", "Vil_Nam": "Janal (118)", "Mat_An_Chil_Wel_Cen_Num": "4", "Mat_An_Chil_Wel_Cen_Doc_In_Pos_Num": "7", "id": 39578}, "data_high": {"Stat_Nam": "Punjab", "Vil_Nam": "Janal (118)", "Mat_An_Chil_Wel_Cen_Num": "4", "Mat_An_Chil_Wel_Cen_Doc_In_Pos_Num": "7", "id": 39578}, "perc": 0.00016058452768075794, "metric": 99.99983866532351, "value_global_local": {}, "partition_field": null, "Vil_Nam": "Janal (118)", "Stat_Nam": "Punjab"}, {"data": [["Mat_An_Chil_Wel_Cen_Doc_In_Pos_Num", 2.0], ["Mat_An_Chil_Wel_Cen_Num", 1.0], 2.0], "data_low": {"Stat_Nam": "West Bengal", "Vil_Nam": "Sonagar", "Mat_An_Chil_Wel_Cen_Num": "6", "Mat_An_Chil_Wel_Cen_Doc_In_Pos_Num": "12", "id": 333147}, "data_high": {"Stat_Nam": "JAMMU & KASHMIR", "Vil_Nam": "Jij", "Mat_An_Chil_Wel_Cen_Num": "3", "Mat_An_Chil_Wel_Cen_Doc_In_Pos_Num": "6", "id": 5135}, "perc": 0.21903729575655384, "metric": 99.78096170623422, "value_global_local": {"ANDAMAN & NICOBAR ISLANDS": {"global_perc": 0.005405405405405406, "local_perc": 0.0021994134897360706}, "ASSAM": {"global_perc": 0.0002273157795036939, "local_perc": 0.004398826979472141}, "Arunachal Pradesh": {"global_perc": 0.0014313830738951511, "local_perc": 0.005865102639296188}, "BIHAR": {"global_perc": 0.003810669875651825, "local_perc": 0.125366568914956}, "Dadra & Nagar Haveli": {"global_perc": 0.015384615384615385, "local_perc": 0.0007331378299120235}, "HARYANA": {"global_perc": 0.00233883935097208, "local_perc": 0.011730205278592375}, "HIMACHAL PRADESH": {"global_perc": 0.001014983083615273, "local_perc": 0.015395894428152493}, "JAMMU & KASHMIR": {"global_perc": 0.007324889363650237, "local_perc": 0.03519061583577713}, "JHARKHAND": {"global_perc": 0.002685682533802556, "local_perc": 0.06378299120234604}, "KARNATAKA": {"global_perc": 0.007464212678936605, "local_perc": 0.16055718475073313}, "MADHYA PRADESH": {"global_perc": 0.0036610021310310914, "local_perc": 0.14736070381231672}, "NAGALAND": {"global_perc": 0.0021008403361344537, "local_perc": 0.0021994134897360706}, "ODISHA": {"global_perc": 9.744119423927659e-05, "local_perc": 0.0036656891495601175}, "PUDUCHERRY": {"global_perc": 0.12222222222222222, "local_perc": 0.008064516129032258}, "Punjab": {"global_perc": 0.004371671568237819, "local_perc": 0.04032258064516129}, "RAJASTHAN": {"global_perc": 0.002260924068767908, "local_perc": 0.07404692082111437}, "SIKKIM": {"global_perc": 0.013303769401330377, "local_perc": 0.004398826979472141}, "TRIPURA": {"global_perc": 0.005714285714285714, "local_perc": 0.0036656891495601175}, "Tamil Nadu": {"global_perc": 0.0014393891983227986, "local_perc": 0.01686217008797654}, "UTTAR PRADESH": {"global_perc": 0.0026129956731039392, "local_perc": 0.20454545454545456}, "UTTARAKHAND": {"global_perc": 0.002143750372178884, "local_perc": 0.026392961876832845}, "West Bengal": {"global_perc": 0.0014670048237107763, "local_perc": 0.04325513196480939}}, "partition_field": "Stat_Nam", "Vil_Nam": "Dard Pora", "Stat_Nam": "JAMMU & KASHMIR"}, {"data": [["Mat_An_Chil_Wel_Cen_Doc_In_Pos_Num", 17.0], ["Mat_An_Chil_Wel_Cen_Num", 7.0], 2.4285714285714284], "data_low": {"Stat_Nam": "UTTAR PRADESH", "Vil_Nam": "Jagdishpur Upraudh", "Mat_An_Chil_Wel_Cen_Num": "7", "Mat_An_Chil_Wel_Cen_Doc_In_Pos_Num": "17", "id": 210776}, "data_high": {"Stat_Nam": "UTTAR PRADESH", "Vil_Nam": "Jagdishpur Upraudh", "Mat_An_Chil_Wel_Cen_Num": "7", "Mat_An_Chil_Wel_Cen_Doc_In_Pos_Num": "17", "id": 210776}, "perc": 0.00016058452768075794, "metric": 99.99983798661744, "value_global_local": {}, "partition_field": null, "Vil_Nam": "Jagdishpur Upraudh", "Stat_Nam": "UTTAR PRADESH"}, {"data": [["Mat_An_Chil_Wel_Cen_Doc_In_Pos_Num", 3.0], ["Mat_An_Chil_Wel_Cen_Num", 1.0], 3.0], "data_low": {"Stat_Nam": "JAMMU & KASHMIR", "Vil_Nam": "Push Wari", "Mat_An_Chil_Wel_Cen_Num": "1", "Mat_An_Chil_Wel_Cen_Doc_In_Pos_Num": "3", "id": 14}, "data_high": {"Stat_Nam": "JAMMU & KASHMIR", "Vil_Nam": "Push Wari", "Mat_An_Chil_Wel_Cen_Num": "1", "Mat_An_Chil_Wel_Cen_Doc_In_Pos_Num": "3", "id": 14}, "perc": 0.05106587980248103, "metric": 99.94893212081898, "value_global_local": {"ANDAMAN & NICOBAR ISLANDS": {"global_perc": 0.0018018018018018018, "local_perc": 0.0031446540880503146}, "ASSAM": {"global_perc": 0.00018942981625307822, "local_perc": 0.015723270440251572}, "Arunachal Pradesh": {"global_perc": 0.0003578457684737878, "local_perc": 0.006289308176100629}, "BIHAR": {"global_perc": 0.0010919463386370727, "local_perc": 0.1540880503144654}, "HARYANA": {"global_perc": 0.00029235491887151, "local_perc": 0.006289308176100629}, "JAMMU & KASHMIR": {"global_perc": 0.0028994353731115518, "local_perc": 0.059748427672955975}, "JHARKHAND": {"global_perc": 0.0001234796567265543, "local_perc": 0.012578616352201259}, "KARNATAKA": {"global_perc": 0.00047716428084526244, "local_perc": 0.0440251572327044}, "MADHYA PRADESH": {"global_perc": 0.0009835528113217857, "local_perc": 0.16981132075471697}, "MANIPUR": {"global_perc": 0.0015497869043006587, "local_perc": 0.012578616352201259}, "MIZORAM": {"global_perc": 0.0012048192771084338, "local_perc": 0.0031446540880503146}, "PUDUCHERRY": {"global_perc": 0.05555555555555555, "local_perc": 0.015723270440251572}, "Punjab": {"global_perc": 0.0006358795008345918, "local_perc": 0.025157232704402517}, "RAJASTHAN": {"global_perc": 0.0010744985673352436, "local_perc": 0.1509433962264151}, "SIKKIM": {"global_perc": 0.0022172949002217295, "local_perc": 0.0031446540880503146}, "TRIPURA": {"global_perc": 0.004571428571428572, "local_perc": 0.012578616352201259}, "UTTAR PRADESH": {"global_perc": 0.0007211493434731302, "local_perc": 0.24213836477987422}, "UTTARAKHAND": {"global_perc": 0.00041684035014589413, "local_perc": 0.0220125786163522}, "West Bengal": {"global_perc": 0.00032323835098712017, "local_perc": 0.040880503144654086}}, "partition_field": "Stat_Nam", "Vil_Nam": "Push Wari", "Stat_Nam": "JAMMU & KASHMIR"}, {"data": [["Mat_An_Chil_Wel_Cen_Doc_In_Pos_Num", 4.0], ["Mat_An_Chil_Wel_Cen_Num", 1.0], 4.0], "data_low": {"Stat_Nam": "JAMMU & KASHMIR", "Vil_Nam": "Gagal", "Mat_An_Chil_Wel_Cen_Num": "1", "Mat_An_Chil_Wel_Cen_Doc_In_Pos_Num": "4", "id": 41}, "data_high": {"Stat_Nam": "JAMMU & KASHMIR", "Vil_Nam": "Gagal", "Mat_An_Chil_Wel_Cen_Num": "1", "Mat_An_Chil_Wel_Cen_Doc_In_Pos_Num": "4", "id": 41}, "perc": 0.017503713517202618, "metric": 99.98249328640793, "value_global_local": {"ASSAM": {"global_perc": 3.7885963250615644e-05, "local_perc": 0.009174311926605505}, "BIHAR": {"global_perc": 0.0005571154788964656, "local_perc": 0.22935779816513763}, "GOA": {"global_perc": 0.005988023952095809, "local_perc": 0.01834862385321101}, "HIMACHAL PRADESH": {"global_perc": 9.666505558240696e-05, "local_perc": 0.01834862385321101}, "JAMMU & KASHMIR": {"global_perc": 0.0010682130321989928, "local_perc": 0.06422018348623854}, "JHARKHAND": {"global_perc": 0.0002469593134531086, "local_perc": 0.07339449541284404}, "KARNATAKA": {"global_perc": 0.000136332651670075, "local_perc": 0.03669724770642202}, "MADHYA PRADESH": {"global_perc": 0.00021856729140484125, "local_perc": 0.11009174311926606}, "Punjab": {"global_perc": 0.0005563945632302679, "local_perc": 0.06422018348623854}, "TRIPURA": {"global_perc": 0.002285714285714286, "local_perc": 0.01834862385321101}, "UTTAR PRADESH": {"global_perc": 0.0003277951561241501, "local_perc": 0.3211009174311927}, "UTTARAKHAND": {"global_perc": 5.954862144941345e-05, "local_perc": 0.009174311926605505}, "West Bengal": {"global_perc": 7.459346561241235e-05, "local_perc": 0.027522935779816515}}, "partition_field": "Stat_Nam", "Vil_Nam": "Gagal", "Stat_Nam": "JAMMU & KASHMIR"}, {"data": [["Mat_An_Chil_Wel_Cen_Doc_In_Pos_Num", 17.0], ["Mat_An_Chil_Wel_Cen_Num", 4.0], 4.25], "data_low": {"Stat_Nam": "UTTAR PRADESH", "Vil_Nam": "Baliha Khurd", "Mat_An_Chil_Wel_Cen_Num": "4", "Mat_An_Chil_Wel_Cen_Doc_In_Pos_Num": "17", "id": 210778}, "data_high": {"Stat_Nam": "UTTAR PRADESH", "Vil_Nam": "Baliha Khurd", "Mat_An_Chil_Wel_Cen_Num": "4", "Mat_An_Chil_Wel_Cen_Doc_In_Pos_Num": "17", "id": 210778}, "perc": 0.00016058452768075794, "metric": 99.99983616482744, "value_global_local": {}, "partition_field": null, "Vil_Nam": "Baliha Khurd", "Stat_Nam": "UTTAR PRADESH"}, {"data": [["Mat_An_Chil_Wel_Cen_Doc_In_Pos_Num", 5.0], ["Mat_An_Chil_Wel_Cen_Num", 1.0], 5.0], "data_low": {"Stat_Nam": "JAMMU & KASHMIR", "Vil_Nam": "Kanthi", "Mat_An_Chil_Wel_Cen_Num": "1", "Mat_An_Chil_Wel_Cen_Doc_In_Pos_Num": "5", "id": 5114}, "data_high": {"Stat_Nam": "JAMMU & KASHMIR", "Vil_Nam": "Kanthi", "Mat_An_Chil_Wel_Cen_Num": "1", "Mat_An_Chil_Wel_Cen_Doc_In_Pos_Num": "5", "id": 5114}, "perc": 0.005941627524188044, "metric": 99.99405437191339, "value_global_local": {"BIHAR": {"global_perc": 0.00022284619155858625, "local_perc": 0.2702702702702703}, "HIMACHAL PRADESH": {"global_perc": 4.833252779120348e-05, "local_perc": 0.02702702702702703}, "JAMMU & KASHMIR": {"global_perc": 0.0003052037234854265, "local_perc": 0.05405405405405406}, "JHARKHAND": {"global_perc": 0.0001234796567265543, "local_perc": 0.10810810810810811}, "MADHYA PRADESH": {"global_perc": 9.106970475201719e-05, "local_perc": 0.13513513513513514}, "PUDUCHERRY": {"global_perc": 0.011111111111111112, "local_perc": 0.02702702702702703}, "Punjab": {"global_perc": 7.948493760432397e-05, "local_perc": 0.02702702702702703}, "UTTAR PRADESH": {"global_perc": 8.429018300335288e-05, "local_perc": 0.24324324324324326}, "UTTARAKHAND": {"global_perc": 5.954862144941345e-05, "local_perc": 0.02702702702702703}, "West Bengal": {"global_perc": 7.459346561241235e-05, "local_perc": 0.08108108108108109}}, "partition_field": "Stat_Nam", "Vil_Nam": "Kanthi", "Stat_Nam": "JAMMU & KASHMIR"}, {"data": [["Mat_An_Chil_Wel_Cen_Doc_In_Pos_Num", 6.0], ["Mat_An_Chil_Wel_Cen_Num", 1.0], 6.0], "data_low": {"Stat_Nam": "JAMMU & KASHMIR", "Vil_Nam": "Pallan Wala", "Mat_An_Chil_Wel_Cen_Num": "1", "Mat_An_Chil_Wel_Cen_Doc_In_Pos_Num": "6", "id": 5459}, "data_high": {"Stat_Nam": "JAMMU & KASHMIR", "Vil_Nam": "Pallan Wala", "Mat_An_Chil_Wel_Cen_Num": "1", "Mat_An_Chil_Wel_Cen_Doc_In_Pos_Num": "6", "id": 5459}, "perc": 0.004175197719699706, "metric": 99.99581980148895, "value_global_local": {"BIHAR": {"global_perc": 0.00020056157240272763, "local_perc": 0.34615384615384615}, "Dadra & Nagar Haveli": {"global_perc": 0.015384615384615385, "local_perc": 0.038461538461538464}, "JAMMU & KASHMIR": {"global_perc": 0.00015260186174271325, "local_perc": 0.038461538461538464}, "JHARKHAND": {"global_perc": 3.086991418163858e-05, "local_perc": 0.038461538461538464}, "MADHYA PRADESH": {"global_perc": 7.285576380161376e-05, "local_perc": 0.15384615384615385}, "PUDUCHERRY": {"global_perc": 0.03333333333333333, "local_perc": 0.11538461538461539}, "TRIPURA": {"global_perc": 0.001142857142857143, "local_perc": 0.038461538461538464}, "UTTAR PRADESH": {"global_perc": 4.682787944630715e-05, "local_perc": 0.19230769230769232}, "West Bengal": {"global_perc": 2.4864488537470783e-05, "local_perc": 0.038461538461538464}}, "partition_field": "Stat_Nam", "Vil_Nam": "Pallan Wala", "Stat_Nam": "JAMMU & KASHMIR"}, {"data": [["Mat_An_Chil_Wel_Cen_Doc_In_Pos_Num", 7.0], ["Mat_An_Chil_Wel_Cen_Num", 1.0], 7.0], "data_low": {"Stat_Nam": "UTTAR PRADESH", "Vil_Nam": "Biraich", "Mat_An_Chil_Wel_Cen_Num": "1", "Mat_An_Chil_Wel_Cen_Doc_In_Pos_Num": "7", "id": 204150}, "data_high": {"Stat_Nam": "UTTAR PRADESH", "Vil_Nam": "Biraich", "Mat_An_Chil_Wel_Cen_Num": "1", "Mat_An_Chil_Wel_Cen_Doc_In_Pos_Num": "7", "id": 204150}, "perc": 0.0009635071660845478, "metric": 99.99903049169156, "value_global_local": {}, "partition_field": null, "Vil_Nam": "Biraich", "Stat_Nam": "UTTAR PRADESH"}, {"data": [["Mat_An_Chil_Wel_Cen_Doc_In_Pos_Num", 8.0], ["Mat_An_Chil_Wel_Cen_Num", 1.0], 8.0], "data_low": {"Stat_Nam": "Punjab", "Vil_Nam": "Lakho Ke Behram (252)", "Mat_An_Chil_Wel_Cen_Num": "1", "Mat_An_Chil_Wel_Cen_Doc_In_Pos_Num": "8", "id": 34533}, "data_high": {"Stat_Nam": "Punjab", "Vil_Nam": "Lakho Ke Behram (252)", "Mat_An_Chil_Wel_Cen_Num": "1", "Mat_An_Chil_Wel_Cen_Doc_In_Pos_Num": "8", "id": 34533}, "perc": 0.0006423381107230318, "metric": 99.99935066053403, "value_global_local": {}, "partition_field": null, "Vil_Nam": "Lakho Ke Behram (252)", "Stat_Nam": "Punjab"}, {"data": [["Mat_An_Chil_Wel_Cen_Doc_In_Pos_Num", 9.0], ["Mat_An_Chil_Wel_Cen_Num", 1.0], 9.0], "data_low": {"Stat_Nam": "UTTAR PRADESH", "Vil_Nam": "Sarosi", "Mat_An_Chil_Wel_Cen_Num": "1", "Mat_An_Chil_Wel_Cen_Doc_In_Pos_Num": "9", "id": 141358}, "data_high": {"Stat_Nam": "UTTAR PRADESH", "Vil_Nam": "Sarosi", "Mat_An_Chil_Wel_Cen_Num": "1", "Mat_An_Chil_Wel_Cen_Doc_In_Pos_Num": "9", "id": 141358}, "perc": 0.0003211690553615159, "metric": 99.99967082937009, "value_global_local": {}, "partition_field": null, "Vil_Nam": "Sarosi", "Stat_Nam": "UTTAR PRADESH"}, {"data": [["Mat_An_Chil_Wel_Cen_Doc_In_Pos_Num", 10.0], ["Mat_An_Chil_Wel_Cen_Num", 1.0], 10.0], "data_low": {"Stat_Nam": "JAMMU & KASHMIR", "Vil_Nam": "Gund -I-Hado", "Mat_An_Chil_Wel_Cen_Num": "1", "Mat_An_Chil_Wel_Cen_Doc_In_Pos_Num": "10", "id": 3450}, "data_high": {"Stat_Nam": "JAMMU & KASHMIR", "Vil_Nam": "Gund -I-Hado", "Mat_An_Chil_Wel_Cen_Num": "1", "Mat_An_Chil_Wel_Cen_Doc_In_Pos_Num": "10", "id": 3450}, "perc": 0.0008029226384037898, "metric": 99.99918807563361, "value_global_local": {}, "partition_field": null, "Vil_Nam": "Gund -I-Hado", "Stat_Nam": "JAMMU & KASHMIR"}, {"data": [["Mat_An_Chil_Wel_Cen_Doc_In_Pos_Num", 11.0], ["Mat_An_Chil_Wel_Cen_Num", 1.0], 11.0], "data_low": {"Stat_Nam": "UTTAR PRADESH", "Vil_Nam": "Lonia", "Mat_An_Chil_Wel_Cen_Num": "1", "Mat_An_Chil_Wel_Cen_Doc_In_Pos_Num": "11", "id": 184276}, "data_high": {"Stat_Nam": "UTTAR PRADESH", "Vil_Nam": "Lonia", "Mat_An_Chil_Wel_Cen_Num": "1", "Mat_An_Chil_Wel_Cen_Doc_In_Pos_Num": "11", "id": 184276}, "perc": 0.00016058452768075794, "metric": 99.99982941348809, "value_global_local": {}, "partition_field": null, "Vil_Nam": "Lonia", "Stat_Nam": "UTTAR PRADESH"}, {"data": [["Mat_An_Chil_Wel_Cen_Doc_In_Pos_Num", 14.0], ["Mat_An_Chil_Wel_Cen_Num", 1.0], 14.0], "data_low": {"Stat_Nam": "JAMMU & KASHMIR", "Vil_Nam": "Bajpur", "Mat_An_Chil_Wel_Cen_Num": "1", "Mat_An_Chil_Wel_Cen_Doc_In_Pos_Num": "14", "id": 6292}, "data_high": {"Stat_Nam": "JAMMU & KASHMIR", "Vil_Nam": "Bajpur", "Mat_An_Chil_Wel_Cen_Num": "1", "Mat_An_Chil_Wel_Cen_Doc_In_Pos_Num": "14", "id": 6292}, "perc": 0.0003211690553615159, "metric": 99.999665828386, "value_global_local": {}, "partition_field": null, "Vil_Nam": "Bajpur", "Stat_Nam": "JAMMU & KASHMIR"}, {"data": [["Mat_An_Chil_Wel_Cen_Doc_In_Pos_Num", 17.0], ["Mat_An_Chil_Wel_Cen_Num", 1.0], 17.0], "data_low": {"Stat_Nam": "UTTAR PRADESH", "Vil_Nam": "Lalganj", "Mat_An_Chil_Wel_Cen_Num": "1", "Mat_An_Chil_Wel_Cen_Doc_In_Pos_Num": "17", "id": 210777}, "data_high": {"Stat_Nam": "UTTAR PRADESH", "Vil_Nam": "Lalganj", "Mat_An_Chil_Wel_Cen_Num": "1", "Mat_An_Chil_Wel_Cen_Doc_In_Pos_Num": "17", "id": 210777}, "perc": 0.0014452607491268216, "metric": 99.99853873628169, "value_global_local": {}, "partition_field": null, "Vil_Nam": "Lalganj", "Stat_Nam": "UTTAR PRADESH"}, {"data": [["Mat_An_Chil_Wel_Cen_Doc_In_Pos_Num", 1.0], ["Mat_An_Chil_Wel_Cen_Num", 0], 9999], "data_low": {"Stat_Nam": "Punjab", "Vil_Nam": "Bathoi Khurd  (24)", "Mat_An_Chil_Wel_Cen_Num": "", "Mat_An_Chil_Wel_Cen_Doc_In_Pos_Num": "1", "id": 36453}, "data_high": {"Stat_Nam": "UTTAR PRADESH", "Vil_Nam": "Ranibari", "Mat_An_Chil_Wel_Cen_Num": "0", "Mat_An_Chil_Wel_Cen_Doc_In_Pos_Num": "9", "id": 210432}, "perc": 0.0027299369705728856, "metric": 99.98727033612315, "value_global_local": {}, "partition_field": null, "Vil_Nam": "Bathoi Khurd  (24)", "Stat_Nam": "Punjab"}, {"data": [["Mat_An_Chil_Wel_Cen_Doc_In_Pos_Num", 0], ["Mat_An_Chil_Wel_Cen_Num", 0], 99980001], "data_low": {"Stat_Nam": "JAMMU & KASHMIR", "Vil_Nam": "Bore", "Mat_An_Chil_Wel_Cen_Num": "", "Mat_An_Chil_Wel_Cen_Doc_In_Pos_Num": "", "id": 0}, "data_high": {"Stat_Nam": "JAMMU & KASHMIR", "Vil_Nam": "Palmar", "Mat_An_Chil_Wel_Cen_Num": "Mat_Num", "Mat_An_Chil_Wel_Cen_Doc_In_Pos_Num": "Mat_pos", "id": 4582}, "perc": 94.5512063912642, "metric": 9.45701194694569e-07, "value_global_local": {"null": {"global_perc": 0.945512063912642, "local_perc": 1.0}}, "partition_field": "Dist_Other", "Vil_Nam": "Bore", "Stat_Nam": "JAMMU & KASHMIR"}]