[{"data": [["Prim_Heal_Cen_Doc_In_Pos_Num", 0], ["Prim_Heal_Cen_Par_Med_Staf_Tot_Stren_Num", 4.0], 0.0], "data_low": {"Stat_Nam": "JAMMU & KASHMIR", "Vil_Nam": "Arigam", "Prim_Heal_Cen_Doc_In_Pos_Num": "", "Prim_Heal_Cen_Par_Med_Staf_Tot_Stren_Num": "4", "id": 591}, "data_high": {"Stat_Nam": "West Bengal", "Vil_Nam": "Kurkutia", "Prim_Heal_Cen_Doc_In_Pos_Num": "6", "Prim_Heal_Cen_Par_Med_Staf_Tot_Stren_Num": "82", "id": 327291}, "perc": 0.35200128467622144, "metric": 99.6479997120031, "value_global_local": {"ANDAMAN & NICOBAR ISLANDS": {"global_perc": 0.0036036036036036037, "local_perc": 0.0009124087591240876}, "ANDHRA PRADESH": {"global_perc": 0.001474820143884892, "local_perc": 0.018704379562043797}, "ASSAM": {"global_perc": 0.00037885963250615644, "local_perc": 0.004562043795620438}, "Arunachal Pradesh": {"global_perc": 0.0001789228842368939, "local_perc": 0.0004562043795620438}, "BIHAR": {"global_perc": 8.91384766234345e-05, "local_perc": 0.0018248175182481751}, "CHHATTISGARH": {"global_perc": 0.002732783464175693, "local_perc": 0.02509124087591241}, "GOA": {"global_perc": 0.0029940119760479044, "local_perc": 0.0004562043795620438}, "HARYANA": {"global_perc": 0.00497003362081567, "local_perc": 0.01551094890510949}, "HIMACHAL PRADESH": {"global_perc": 0.0013533107781536974, "local_perc": 0.012773722627737226}, "JAMMU & KASHMIR": {"global_perc": 0.007630093087135663, "local_perc": 0.02281021897810219}, "JHARKHAND": {"global_perc": 0.0025004630487127245, "local_perc": 0.03695255474452555}, "KARNATAKA": {"global_perc": 0.0005112474437627812, "local_perc": 0.006843065693430657}, "KERALA": {"global_perc": 0.14341846758349705, "local_perc": 0.0666058394160584}, "MADHYA PRADESH": {"global_perc": 5.464182285121031e-05, "local_perc": 0.0013686131386861315}, "MANIPUR": {"global_perc": 0.0015497869043006587, "local_perc": 0.0018248175182481751}, "MIZORAM": {"global_perc": 0.01927710843373494, "local_perc": 0.0072992700729927005}, "Maharashtra": {"global_perc": 0.002633688308714073, "local_perc": 0.052463503649635035}, "NAGALAND": {"global_perc": 0.03571428571428571, "local_perc": 0.023266423357664233}, "PUDUCHERRY": {"global_perc": 0.03333333333333333, "local_perc": 0.0013686131386861315}, "Punjab": {"global_perc": 0.0003179397504172959, "local_perc": 0.0018248175182481751}, "RAJASTHAN": {"global_perc": 0.020818409742120344, "local_perc": 0.42427007299270075}, "SIKKIM": {"global_perc": 0.0066518847006651885, "local_perc": 0.0013686131386861315}, "TRIPURA": {"global_perc": 0.005714285714285714, "local_perc": 0.002281021897810219}, "Tamil Nadu": {"global_perc": 0.0025658677013580323, "local_perc": 0.018704379562043797}, "UTTAR PRADESH": {"global_perc": 0.003306048288909285, "local_perc": 0.16104014598540145}, "West Bengal": {"global_perc": 0.0048734397533442735, "local_perc": 0.08941605839416059}}, "partition_field": "Stat_Nam", "Vil_Nam": "Arigam", "Stat_Nam": "JAMMU & KASHMIR"}, {"data": [["Prim_Heal_Cen_Doc_In_Pos_Num", 3.0], ["Prim_Heal_Cen_Par_Med_Staf_Tot_Stren_Num", 29.0], 0.10344827586206896], "data_low": {"Stat_Nam": "JAMMU & KASHMIR", "Vil_Nam": "Gushi", "Prim_Heal_Cen_Doc_In_Pos_Num": "1", "Prim_Heal_Cen_Par_Med_Staf_Tot_Stren_Num": "9", "id": 59}, "data_high": {"Stat_Nam": "KERALA", "Vil_Nam": "Nenmeni", "Prim_Heal_Cen_Doc_In_Pos_Num": "6", "Prim_Heal_Cen_Par_Med_Staf_Tot_Stren_Num": "36", "id": 605260}, "perc": 0.7963386727688787, "metric": 99.20366221682117, "value_global_local": {"": {"global_perc": 0.009449429616916053, "local_perc": 0.9925388183101431}, "ANACHI": {"global_perc": 0.5, "local_perc": 0.00020165355918531962}, "ANDIPATTI": {"global_perc": 0.25, "local_perc": 0.00020165355918531962}, "AREKALHOSAHALLI": {"global_perc": 0.5, "local_perc": 0.00020165355918531962}, "BHANPURKHA": {"global_perc": 1.0, "local_perc": 0.00020165355918531962}, "BHATKOT": {"global_perc": 0.16666666666666666, "local_perc": 0.00020165355918531962}, "BOLLA": {"global_perc": 1.0, "local_perc": 0.00040330711837063924}, "DADADAHALLI": {"global_perc": 1.0, "local_perc": 0.00020165355918531962}, "GAON": {"global_perc": 0.06666666666666667, "local_perc": 0.00020165355918531962}, "JAMINBIL KUNDA": {"global_perc": 1.0, "local_perc": 0.00020165355918531962}, "JANUBAZAR": {"global_perc": 1.0, "local_perc": 0.00020165355918531962}, "KANHAULI KHAS": {"global_perc": 1.0, "local_perc": 0.00020165355918531962}, "KANKRADNAG": {"global_perc": 1.0, "local_perc": 0.00020165355918531962}, "KARALA GAON": {"global_perc": 0.2, "local_perc": 0.00020165355918531962}, "KHILASU": {"global_perc": 1.0, "local_perc": 0.00020165355918531962}, "KUKURBAGHI": {"global_perc": 0.0625, "local_perc": 0.00020165355918531962}, "MACHAGOWDANAHALLI": {"global_perc": 0.1111111111111111, "local_perc": 0.00020165355918531962}, "MAJHWALIYA": {"global_perc": 1.0, "local_perc": 0.00020165355918531962}, "MARHEEN": {"global_perc": 0.3333333333333333, "local_perc": 0.00020165355918531962}, "MARIPAR": {"global_perc": 1.0, "local_perc": 0.00020165355918531962}, "MELTHA": {"global_perc": 0.5, "local_perc": 0.00020165355918531962}, "MULEKALENAHALLI": {"global_perc": 0.1111111111111111, "local_perc": 0.00020165355918531962}, "N.A.": {"global_perc": 0.0007577192650123129, "local_perc": 0.001613228473482557}, "OLAMPUR CHHAPARA": {"global_perc": 1.0, "local_perc": 0.00020165355918531962}, "RAM LACHHAN": {"global_perc": 1.0, "local_perc": 0.00020165355918531962}, "SIKRIA": {"global_perc": 0.5, "local_perc": 0.00020165355918531962}, "THALAGHATTAPURA": {"global_perc": 0.2, "local_perc": 0.00020165355918531962}, "THILL": {"global_perc": 0.14285714285714285, "local_perc": 0.00020165355918531962}, "UDAYA RAMPUR": {"global_perc": 1.0, "local_perc": 0.00020165355918531962}, "VADAKATTUPATTI": {"global_perc": 1.0, "local_perc": 0.00020165355918531962}}, "partition_field": "Near_Vil_Tow_Nam_hav_Prim_School", "Vil_Nam": "Bagda", "Stat_Nam": "West Bengal"}, {"data": [["Prim_Heal_Cen_Doc_In_Pos_Num", 6.0], ["Prim_Heal_Cen_Par_Med_Staf_Tot_Stren_Num", 29.0], 0.20689655172413793], "data_low": {"Stat_Nam": "JAMMU & KASHMIR", "Vil_Nam": "Maidan Pora", "Prim_Heal_Cen_Doc_In_Pos_Num": "1", "Prim_Heal_Cen_Par_Med_Staf_Tot_Stren_Num": "4", "id": 20}, "data_high": {"Stat_Nam": "Tamil Nadu", "Vil_Nam": "Desavilakku", "Prim_Heal_Cen_Doc_In_Pos_Num": "8", "Prim_Heal_Cen_Par_Med_Staf_Tot_Stren_Num": "27", "id": 611290}, "perc": 0.4430527118712112, "metric": 99.55694807787629, "value_global_local": {"": {"global_perc": 0.005218112494672457, "local_perc": 0.9851395433127945}, "AMBALA": {"global_perc": 0.2, "local_perc": 0.0003624501631025734}, "Atiya": {"global_perc": 1.0, "local_perc": 0.0003624501631025734}, "B.BAGEWADI": {"global_perc": 0.5, "local_perc": 0.0003624501631025734}, "BHEEMAWALA": {"global_perc": 1.0, "local_perc": 0.0003624501631025734}, "BILISIRI": {"global_perc": 0.5, "local_perc": 0.0003624501631025734}, "BISNAH": {"global_perc": 0.2, "local_perc": 0.0003624501631025734}, "BORAGAONWADI": {"global_perc": 1.0, "local_perc": 0.0003624501631025734}, "DALU": {"global_perc": 0.07692307692307693, "local_perc": 0.0003624501631025734}, "DHOOMAKOT": {"global_perc": 0.5, "local_perc": 0.0003624501631025734}, "DIFFERPAT": {"global_perc": 1.0, "local_perc": 0.0003624501631025734}, "Fulertol": {"global_perc": 1.0, "local_perc": 0.0003624501631025734}, "GADIARA": {"global_perc": 0.08333333333333333, "local_perc": 0.0003624501631025734}, "GANGATI": {"global_perc": 1.0, "local_perc": 0.0007249003262051468}, "HAFIZPUR": {"global_perc": 0.25, "local_perc": 0.0003624501631025734}, "KACHNAL": {"global_perc": 1.0, "local_perc": 0.0003624501631025734}, "KADIPUR": {"global_perc": 0.125, "local_perc": 0.0003624501631025734}, "KARADIE": {"global_perc": 1.0, "local_perc": 0.0003624501631025734}, "KESARE": {"global_perc": 1.0, "local_perc": 0.0003624501631025734}, "KHOKHKHAR": {"global_perc": 0.25, "local_perc": 0.0003624501631025734}, "KITAJHOR": {"global_perc": 1.0, "local_perc": 0.0003624501631025734}, "KULLATHILVAI": {"global_perc": 0.3333333333333333, "local_perc": 0.0003624501631025734}, "KUMIZHI": {"global_perc": 1.0, "local_perc": 0.0003624501631025734}, "KUTHAL GAON": {"global_perc": 0.14285714285714285, "local_perc": 0.0003624501631025734}, "MANGWAL": {"global_perc": 0.3333333333333333, "local_perc": 0.0003624501631025734}, "MARHEEN": {"global_perc": 0.3333333333333333, "local_perc": 0.0003624501631025734}, "MIRPUR RATANPUR": {"global_perc": 1.0, "local_perc": 0.0003624501631025734}, "N.A.": {"global_perc": 0.00037885963250615644, "local_perc": 0.0014498006524102935}, "NAGENAHALLI": {"global_perc": 0.16666666666666666, "local_perc": 0.0003624501631025734}, "P.S. CHAKDA": {"global_perc": 1.0, "local_perc": 0.0003624501631025734}, "PAHARPUR": {"global_perc": 0.04, "local_perc": 0.0003624501631025734}, "PANG": {"global_perc": 0.3333333333333333, "local_perc": 0.0003624501631025734}, "PANIPAT": {"global_perc": 0.2, "local_perc": 0.0003624501631025734}, "RIHALKAR": {"global_perc": 0.3333333333333333, "local_perc": 0.0003624501631025734}, "SOMINAKOPPA": {"global_perc": 0.16666666666666666, "local_perc": 0.0003624501631025734}, "SOVERGHAT": {"global_perc": 1.0, "local_perc": 0.0003624501631025734}, "TAGUV": {"global_perc": 0.3333333333333333, "local_perc": 0.0003624501631025734}, "USODU": {"global_perc": 0.125, "local_perc": 0.0003624501631025734}}, "partition_field": "Near_Vil_Tow_Nam_hav_Prim_School", "Vil_Nam": "Jhabal Kalan (44)", "Stat_Nam": "Punjab"}, {"data": [["Prim_Heal_Cen_Doc_In_Pos_Num", 4.0], ["Prim_Heal_Cen_Par_Med_Staf_Tot_Stren_Num", 13.0], 0.3076923076923077], "data_low": {"Stat_Nam": "JAMMU & KASHMIR", "Vil_Nam": "Gungloosa (Gugloosa)", "Prim_Heal_Cen_Doc_In_Pos_Num": "1", "Prim_Heal_Cen_Par_Med_Staf_Tot_Stren_Num": "3", "id": 71}, "data_high": {"Stat_Nam": "Tamil Nadu", "Vil_Nam": "Vadakuthu", "Prim_Heal_Cen_Doc_In_Pos_Num": "9", "Prim_Heal_Cen_Par_Med_Staf_Tot_Stren_Num": "27", "id": 614041}, "perc": 0.5702356577943715, "metric": 99.42976503070322, "value_global_local": {"ANDAMAN & NICOBAR ISLANDS": {"global_perc": 0.0036036036036036037, "local_perc": 0.000563221627710504}, "ANDHRA PRADESH": {"global_perc": 0.015575539568345323, "local_perc": 0.12193748239932413}, "ASSAM": {"global_perc": 0.017351771168781966, "local_perc": 0.12897775274570544}, "Arunachal Pradesh": {"global_perc": 0.005904455179817499, "local_perc": 0.009293156857223317}, "BIHAR": {"global_perc": 0.002629585060391318, "local_perc": 0.03323007603491974}, "CHHATTISGARH": {"global_perc": 0.003577461989466362, "local_perc": 0.020275978597578147}, "Dadra & Nagar Haveli": {"global_perc": 0.015384615384615385, "local_perc": 0.000281610813855252}, "GOA": {"global_perc": 0.0029940119760479044, "local_perc": 0.000281610813855252}, "HARYANA": {"global_perc": 0.006870340593480485, "local_perc": 0.013235708251196845}, "HIMACHAL PRADESH": {"global_perc": 0.002851619139681005, "local_perc": 0.01661503801745987}, "JAMMU & KASHMIR": {"global_perc": 0.014191973142072333, "local_perc": 0.02618980568853844}, "JHARKHAND": {"global_perc": 0.0013891461381737359, "local_perc": 0.012672486623486343}, "KARNATAKA": {"global_perc": 0.007464212678936605, "local_perc": 0.0616727682343002}, "KERALA": {"global_perc": 0.04911591355599214, "local_perc": 0.014080540692762602}, "MADHYA PRADESH": {"global_perc": 0.0013114037484290475, "local_perc": 0.020275978597578147}, "MANIPUR": {"global_perc": 0.008523827973653622, "local_perc": 0.006195437904815545}, "MIZORAM": {"global_perc": 0.0036144578313253013, "local_perc": 0.0008448324415657561}, "Maharashtra": {"global_perc": 0.016878506813237146, "local_perc": 0.20754716981132076}, "NAGALAND": {"global_perc": 0.0056022408963585435, "local_perc": 0.002252886510842016}, "ODISHA": {"global_perc": 0.002065753317872664, "local_perc": 0.029850746268656716}, "PUDUCHERRY": {"global_perc": 0.022222222222222223, "local_perc": 0.000563221627710504}, "Punjab": {"global_perc": 0.0015896987520864795, "local_perc": 0.005632216277105041}, "RAJASTHAN": {"global_perc": 0.0003133954154727794, "local_perc": 0.003942551393973529}, "SIKKIM": {"global_perc": 0.004434589800443459, "local_perc": 0.000563221627710504}, "TRIPURA": {"global_perc": 0.0034285714285714284, "local_perc": 0.0008448324415657561}, "Tamil Nadu": {"global_perc": 0.030039426747606235, "local_perc": 0.13517319065052097}, "UTTAR PRADESH": {"global_perc": 0.0027628448873321223, "local_perc": 0.08307519008729936}, "UTTARAKHAND": {"global_perc": 0.00518073006609897, "local_perc": 0.02450014080540693}, "West Bengal": {"global_perc": 0.0017156497090854842, "local_perc": 0.01943114615601239}}, "partition_field": "Stat_Nam", "Vil_Nam": "Nunar", "Stat_Nam": "JAMMU & KASHMIR"}, {"data": [["Prim_Heal_Cen_Doc_In_Pos_Num", 7.0], ["Prim_Heal_Cen_Par_Med_Staf_Tot_Stren_Num", 17.0], 0.4117647058823529], "data_low": {"Stat_Nam": "JAMMU & KASHMIR", "Vil_Nam": "Teki Pora", "Prim_Heal_Cen_Doc_In_Pos_Num": "1", "Prim_Heal_Cen_Par_Med_Staf_Tot_Stren_Num": "2", "id": 32}, "data_high": {"Stat_Nam": "UTTAR PRADESH", "Vil_Nam": "Bhawanpur", "Prim_Heal_Cen_Doc_In_Pos_Num": "7", "Prim_Heal_Cen_Par_Med_Staf_Tot_Stren_Num": "17", "id": 118496}, "perc": 0.5406881047011121, "metric": 99.45931248047067, "value_global_local": {"ANDAMAN & NICOBAR ISLANDS": {"global_perc": 0.0018018018018018018, "local_perc": 0.000297000297000297}, "ANDHRA PRADESH": {"global_perc": 0.022158273381294964, "local_perc": 0.18295218295218296}, "ASSAM": {"global_perc": 0.000644061375260466, "local_perc": 0.005049005049005049}, "Arunachal Pradesh": {"global_perc": 0.007872606906423331, "local_perc": 0.013068013068013067}, "BIHAR": {"global_perc": 0.010741186433123858, "local_perc": 0.14315414315414315}, "CHANDIGARH": {"global_perc": 0.2, "local_perc": 0.000297000297000297}, "CHHATTISGARH": {"global_perc": 0.0029315313524793797, "local_perc": 0.017523017523017523}, "GOA": {"global_perc": 0.0029940119760479044, "local_perc": 0.000297000297000297}, "HARYANA": {"global_perc": 0.005116211080251425, "local_perc": 0.010395010395010396}, "HIMACHAL PRADESH": {"global_perc": 0.003238279362010633, "local_perc": 0.0198990198990199}, "JAMMU & KASHMIR": {"global_perc": 0.023348084846635128, "local_perc": 0.04544104544104544}, "JHARKHAND": {"global_perc": 0.003210471074890412, "local_perc": 0.03088803088803089}, "KARNATAKA": {"global_perc": 0.013565098841172461, "local_perc": 0.1182061182061182}, "KERALA": {"global_perc": 0.06679764243614932, "local_perc": 0.020196020196020195}, "MADHYA PRADESH": {"global_perc": 0.003897783363386336, "local_perc": 0.06355806355806355}, "MANIPUR": {"global_perc": 0.006974041069352964, "local_perc": 0.005346005346005346}, "Maharashtra": {"global_perc": 0.0007786556738806824, "local_perc": 0.010098010098010098}, "Meghalaya": {"global_perc": 0.010381634741921334, "local_perc": 0.021087021087021086}, "NAGALAND": {"global_perc": 0.0063025210084033615, "local_perc": 0.002673002673002673}, "NCT OF DELHI": {"global_perc": 0.026785714285714284, "local_perc": 0.000891000891000891}, "ODISHA": {"global_perc": 1.948823884785532e-05, "local_perc": 0.000297000297000297}, "PUDUCHERRY": {"global_perc": 0.011111111111111112, "local_perc": 0.000297000297000297}, "Punjab": {"global_perc": 0.004689611318655115, "local_perc": 0.017523017523017523}, "SIKKIM": {"global_perc": 0.008869179600886918, "local_perc": 0.001188001188001188}, "TRIPURA": {"global_perc": 0.030857142857142857, "local_perc": 0.008019008019008018}, "Tamil Nadu": {"global_perc": 0.0003754928343450779, "local_perc": 0.001782001782001782}, "UTTAR PRADESH": {"global_perc": 0.0067900425197145375, "local_perc": 0.2153252153252153}, "UTTARAKHAND": {"global_perc": 0.0025010421008753647, "local_perc": 0.012474012474012475}, "West Bengal": {"global_perc": 0.002660500273509374, "local_perc": 0.031779031779031776}}, "partition_field": "Stat_Nam", "Vil_Nam": "Bhawanpur", "Stat_Nam": "UTTAR PRADESH"}, {"data": [["Prim_Heal_Cen_Doc_In_Pos_Num", 5.0], ["Prim_Heal_Cen_Par_Med_Staf_Tot_Stren_Num", 9.0], 0.5555555555555556], "data_low": {"Stat_Nam": "West Bengal", "Vil_Nam": "Chanditala", "Prim_Heal_Cen_Doc_In_Pos_Num": "12", "Prim_Heal_Cen_Par_Med_Staf_Tot_Stren_Num": "20", "id": 323944}, "data_high": {"Stat_Nam": "BIHAR", "Vil_Nam": "Sursand Asli", "Prim_Heal_Cen_Doc_In_Pos_Num": "6", "Prim_Heal_Cen_Par_Med_Staf_Tot_Stren_Num": "10", "id": 218273}, "perc": 0.02537235537355976, "metric": 99.97462808904699, "value_global_local": {"ANDHRA PRADESH": {"global_perc": 0.00014388489208633093, "local_perc": 0.02531645569620253}, "BIHAR": {"global_perc": 0.0006016847172081829, "local_perc": 0.17088607594936708}, "CHHATTISGARH": {"global_perc": 0.00019874788830368678, "local_perc": 0.02531645569620253}, "HARYANA": {"global_perc": 0.001315597134921795, "local_perc": 0.056962025316455694}, "HIMACHAL PRADESH": {"global_perc": 0.00038666022232962784, "local_perc": 0.05063291139240506}, "JAMMU & KASHMIR": {"global_perc": 0.0007630093087135663, "local_perc": 0.03164556962025317}, "JHARKHAND": {"global_perc": 0.00021608939927147004, "local_perc": 0.04430379746835443}, "KARNATAKA": {"global_perc": 0.00010224948875255624, "local_perc": 0.0189873417721519}, "KERALA": {"global_perc": 0.0009823182711198428, "local_perc": 0.006329113924050633}, "MADHYA PRADESH": {"global_perc": 0.00029142305520645504, "local_perc": 0.10126582278481013}, "MANIPUR": {"global_perc": 0.0019372336303758234, "local_perc": 0.03164556962025317}, "Maharashtra": {"global_perc": 2.2901637467078896e-05, "local_perc": 0.006329113924050633}, "ODISHA": {"global_perc": 0.0005066942100442383, "local_perc": 0.16455696202531644}, "Punjab": {"global_perc": 0.00015896987520864795, "local_perc": 0.012658227848101266}, "TRIPURA": {"global_perc": 0.011428571428571429, "local_perc": 0.06329113924050633}, "UTTAR PRADESH": {"global_perc": 3.7462303557045726e-05, "local_perc": 0.02531645569620253}, "UTTARAKHAND": {"global_perc": 0.0012505210504376823, "local_perc": 0.13291139240506328}, "West Bengal": {"global_perc": 0.00012432244268735393, "local_perc": 0.03164556962025317}}, "partition_field": "Stat_Nam", "Vil_Nam": "Up Mahal Nerua (89/1)", "Stat_Nam": "HIMACHAL PRADESH"}, {"data": [["Prim_Heal_Cen_Doc_In_Pos_Num", 2.0], ["Prim_Heal_Cen_Par_Med_Staf_Tot_Stren_Num", 3.0], 0.6666666666666666], "data_low": {"Stat_Nam": "JAMMU & KASHMIR", "Vil_Nam": "Pazi Pora", "Prim_Heal_Cen_Doc_In_Pos_Num": "2", "Prim_Heal_Cen_Par_Med_Staf_Tot_Stren_Num": "3", "id": 106}, "data_high": {"Stat_Nam": "West Bengal", "Vil_Nam": "Alfa", "Prim_Heal_Cen_Doc_In_Pos_Num": "9", "Prim_Heal_Cen_Par_Med_Staf_Tot_Stren_Num": "13", "id": 320003}, "perc": 0.08254044722790958, "metric": 99.91745988589689, "value_global_local": {"ANDAMAN & NICOBAR ISLANDS": {"global_perc": 0.005405405405405406, "local_perc": 0.005836575875486381}, "ANDHRA PRADESH": {"global_perc": 0.0022661870503597123, "local_perc": 0.122568093385214}, "Arunachal Pradesh": {"global_perc": 0.0001789228842368939, "local_perc": 0.0019455252918287938}, "BIHAR": {"global_perc": 0.0016936310558452556, "local_perc": 0.14785992217898833}, "CHHATTISGARH": {"global_perc": 0.0010931133856702773, "local_perc": 0.042801556420233464}, "HARYANA": {"global_perc": 0.001900306972664815, "local_perc": 0.02529182879377432}, "HIMACHAL PRADESH": {"global_perc": 0.0007249879168680521, "local_perc": 0.029182879377431907}, "JAMMU & KASHMIR": {"global_perc": 0.0038150465435678317, "local_perc": 0.048638132295719845}, "JHARKHAND": {"global_perc": 0.0007408779403593258, "local_perc": 0.04669260700389105}, "KARNATAKA": {"global_perc": 0.0008861622358554874, "local_perc": 0.05058365758754864}, "KERALA": {"global_perc": 0.004911591355599214, "local_perc": 0.009727626459143969}, "MADHYA PRADESH": {"global_perc": 0.001202120102726627, "local_perc": 0.12840466926070038}, "MANIPUR": {"global_perc": 0.005036807438977141, "local_perc": 0.02529182879377432}, "Maharashtra": {"global_perc": 0.00020611473720371008, "local_perc": 0.017509727626459144}, "Meghalaya": {"global_perc": 0.0020470829068577278, "local_perc": 0.027237354085603113}, "Punjab": {"global_perc": 0.00023845481281297194, "local_perc": 0.005836575875486381}, "SIKKIM": {"global_perc": 0.004434589800443459, "local_perc": 0.0038910505836575876}, "TRIPURA": {"global_perc": 0.025142857142857144, "local_perc": 0.042801556420233464}, "UTTAR PRADESH": {"global_perc": 0.0008241706782550059, "local_perc": 0.17120622568093385}, "UTTARAKHAND": {"global_perc": 0.0004763889715953076, "local_perc": 0.01556420233463035}, "West Bengal": {"global_perc": 0.00039783181659953253, "local_perc": 0.0311284046692607}}, "partition_field": "Stat_Nam", "Vil_Nam": "Pazi Pora", "Stat_Nam": "JAMMU & KASHMIR"}, {"data": [["Prim_Heal_Cen_Doc_In_Pos_Num", 7.0], ["Prim_Heal_Cen_Par_Med_Staf_Tot_Stren_Num", 9.0], 0.7777777777777778], "data_low": {"Stat_Nam": "HARYANA", "Vil_Nam": "Kharhar(21)", "Prim_Heal_Cen_Doc_In_Pos_Num": "10", "Prim_Heal_Cen_Par_Med_Staf_Tot_Stren_Num": "12", "id": 61367}, "data_high": {"Stat_Nam": "CHHATTISGARH", "Vil_Nam": "Loharsi", "Prim_Heal_Cen_Doc_In_Pos_Num": "8", "Prim_Heal_Cen_Par_Med_Staf_Tot_Stren_Num": "10", "id": 436519}, "perc": 0.00947448713316472, "metric": 99.99052573511246, "value_global_local": {"Arunachal Pradesh": {"global_perc": 0.0001789228842368939, "local_perc": 0.01694915254237288}, "BIHAR": {"global_perc": 0.0001559923340910104, "local_perc": 0.11864406779661017}, "CHHATTISGARH": {"global_perc": 4.9686972075921695e-05, "local_perc": 0.01694915254237288}, "GOA": {"global_perc": 0.005988023952095809, "local_perc": 0.03389830508474576}, "HARYANA": {"global_perc": 0.000438532378307265, "local_perc": 0.05084745762711865}, "JAMMU & KASHMIR": {"global_perc": 0.0004578055852281398, "local_perc": 0.05084745762711865}, "JHARKHAND": {"global_perc": 0.00027782922763474715, "local_perc": 0.15254237288135594}, "MADHYA PRADESH": {"global_perc": 1.821394095040344e-05, "local_perc": 0.01694915254237288}, "MANIPUR": {"global_perc": 0.002324680356450988, "local_perc": 0.1016949152542373}, "Punjab": {"global_perc": 7.948493760432397e-05, "local_perc": 0.01694915254237288}, "TRIPURA": {"global_perc": 0.002285714285714286, "local_perc": 0.03389830508474576}, "UTTAR PRADESH": {"global_perc": 3.7462303557045726e-05, "local_perc": 0.06779661016949153}, "West Bengal": {"global_perc": 0.0004724252822119449, "local_perc": 0.3220338983050847}}, "partition_field": "Stat_Nam", "Vil_Nam": "Habibpur", "Stat_Nam": "West Bengal"}, {"data": [["Prim_Heal_Cen_Doc_In_Pos_Num", 9.0], ["Prim_Heal_Cen_Par_Med_Staf_Tot_Stren_Num", 10.0], 0.9], "data_low": {"Stat_Nam": "JAMMU & KASHMIR", "Vil_Nam": "Dedi Koot", "Prim_Heal_Cen_Doc_In_Pos_Num": "1", "Prim_Heal_Cen_Par_Med_Staf_Tot_Stren_Num": "1", "id": 102}, "data_high": {"Stat_Nam": "CHHATTISGARH", "Vil_Nam": "Kopra", "Prim_Heal_Cen_Doc_In_Pos_Num": "9", "Prim_Heal_Cen_Par_Med_Staf_Tot_Stren_Num": "10", "id": 442433}, "perc": 0.5066441848327914, "metric": 99.49335591468045, "value_global_local": {"ANDHRA PRADESH": {"global_perc": 0.001618705035971223, "local_perc": 0.014263074484944533}, "ASSAM": {"global_perc": 0.00037885963250615644, "local_perc": 0.003169572107765452}, "Arunachal Pradesh": {"global_perc": 0.0008946144211844695, "local_perc": 0.001584786053882726}, "BIHAR": {"global_perc": 0.009649240094486785, "local_perc": 0.13724247226624406}, "CHANDIGARH": {"global_perc": 0.2, "local_perc": 0.0003169572107765452}, "CHHATTISGARH": {"global_perc": 0.0013415482460498857, "local_perc": 0.00855784469096672}, "DAMAN & DIU": {"global_perc": 0.05263157894736842, "local_perc": 0.0003169572107765452}, "GOA": {"global_perc": 0.0029940119760479044, "local_perc": 0.0003169572107765452}, "HARYANA": {"global_perc": 0.00204648443210057, "local_perc": 0.0044374009508716325}, "HIMACHAL PRADESH": {"global_perc": 0.008264862252295795, "local_perc": 0.05419968304278922}, "JAMMU & KASHMIR": {"global_perc": 0.015107584312528613, "local_perc": 0.03137876386687797}, "JHARKHAND": {"global_perc": 0.012594924986108539, "local_perc": 0.12931854199683043}, "KARNATAKA": {"global_perc": 0.0185412406271302, "local_perc": 0.17242472266244058}, "KERALA": {"global_perc": 0.08447937131630648, "local_perc": 0.027258320126782885}, "MADHYA PRADESH": {"global_perc": 0.0031510117844197947, "local_perc": 0.05483359746434231}, "MANIPUR": {"global_perc": 0.0030995738086013174, "local_perc": 0.0025356576862123614}, "MIZORAM": {"global_perc": 0.0024096385542168677, "local_perc": 0.0006339144215530904}, "Maharashtra": {"global_perc": 0.0003893278369403412, "local_perc": 0.005388272583201268}, "Punjab": {"global_perc": 0.06017009776647325, "local_perc": 0.23993660855784468}, "SIKKIM": {"global_perc": 0.0066518847006651885, "local_perc": 0.0009508716323296355}, "TRIPURA": {"global_perc": 0.009142857142857144, "local_perc": 0.0025356576862123614}, "UTTAR PRADESH": {"global_perc": 0.0023788562758724034, "local_perc": 0.08050713153724247}, "UTTARAKHAND": {"global_perc": 0.00017864586434824034, "local_perc": 0.0009508716323296355}, "West Bengal": {"global_perc": 0.0021134815256850167, "local_perc": 0.02694136291600634}}, "partition_field": "Stat_Nam", "Vil_Nam": "Kopra", "Stat_Nam": "CHHATTISGARH"}, {"data": [["Prim_Heal_Cen_Doc_In_Pos_Num", 6.0], ["Prim_Heal_Cen_Par_Med_Staf_Tot_Stren_Num", 5.0], 1.2], "data_low": {"Stat_Nam": "BIHAR", "Vil_Nam": "Sonbhadar", "Prim_Heal_Cen_Doc_In_Pos_Num": "10", "Prim_Heal_Cen_Par_Med_Staf_Tot_Stren_Num": "8", "id": 259817}, "data_high": {"Stat_Nam": "West Bengal", "Vil_Nam": "Bangaljhi", "Prim_Heal_Cen_Doc_In_Pos_Num": "6", "Prim_Heal_Cen_Par_Med_Staf_Tot_Stren_Num": "5", "id": 320026}, "perc": 0.002569352442892127, "metric": 99.99743044752225, "value_global_local": {}, "partition_field": null, "Vil_Nam": "Bangaljhi", "Stat_Nam": "West Bengal"}, {"data": [["Prim_Heal_Cen_Doc_In_Pos_Num", 4.0], ["Prim_Heal_Cen_Par_Med_Staf_Tot_Stren_Num", 3.0], 1.3333333333333333], "data_low": {"Stat_Nam": "JAMMU & KASHMIR", "Vil_Nam": "Gee Garial", "Prim_Heal_Cen_Doc_In_Pos_Num": "4", "Prim_Heal_Cen_Par_Med_Staf_Tot_Stren_Num": "3", "id": 5509}, "data_high": {"Stat_Nam": "BIHAR", "Vil_Nam": "Ginjas", "Prim_Heal_Cen_Doc_In_Pos_Num": "7", "Prim_Heal_Cen_Par_Med_Staf_Tot_Stren_Num": "5", "id": 227399}, "perc": 0.0027299369705728856, "metric": 99.99726972963853, "value_global_local": {}, "partition_field": null, "Vil_Nam": "Gee Garial", "Stat_Nam": "JAMMU & KASHMIR"}, {"data": [["Prim_Heal_Cen_Doc_In_Pos_Num", 3.0], ["Prim_Heal_Cen_Par_Med_Staf_Tot_Stren_Num", 2.0], 1.5], "data_low": {"Stat_Nam": "JAMMU & KASHMIR", "Vil_Nam": "Soiteng", "Prim_Heal_Cen_Doc_In_Pos_Num": "3", "Prim_Heal_Cen_Par_Med_Staf_Tot_Stren_Num": "2", "id": 2799}, "data_high": {"Stat_Nam": "JHARKHAND", "Vil_Nam": "Kamdara", "Prim_Heal_Cen_Doc_In_Pos_Num": "8", "Prim_Heal_Cen_Par_Med_Staf_Tot_Stren_Num": "5", "id": 373621}, "perc": 0.008510979967080171, "metric": 99.99148851997546, "value_global_local": {"Arunachal Pradesh": {"global_perc": 0.0005367686527106817, "local_perc": 0.05660377358490566}, "BIHAR": {"global_perc": 0.0003119846681820208, "local_perc": 0.2641509433962264}, "CHHATTISGARH": {"global_perc": 0.00014906091622776508, "local_perc": 0.05660377358490566}, "HARYANA": {"global_perc": 0.00029235491887151, "local_perc": 0.03773584905660377}, "HIMACHAL PRADESH": {"global_perc": 9.666505558240696e-05, "local_perc": 0.03773584905660377}, "JAMMU & KASHMIR": {"global_perc": 0.0003052037234854265, "local_perc": 0.03773584905660377}, "JHARKHAND": {"global_perc": 0.00021608939927147004, "local_perc": 0.1320754716981132}, "KERALA": {"global_perc": 0.0009823182711198428, "local_perc": 0.018867924528301886}, "MADHYA PRADESH": {"global_perc": 0.00012749758665282407, "local_perc": 0.1320754716981132}, "Punjab": {"global_perc": 7.948493760432397e-05, "local_perc": 0.018867924528301886}, "TRIPURA": {"global_perc": 0.001142857142857143, "local_perc": 0.018867924528301886}, "UTTAR PRADESH": {"global_perc": 3.7462303557045726e-05, "local_perc": 0.07547169811320754}, "West Bengal": {"global_perc": 0.0001491869312248247, "local_perc": 0.11320754716981132}}, "partition_field": "Stat_Nam", "Vil_Nam": "Soiteng", "Stat_Nam": "JAMMU & KASHMIR"}, {"data": [["Prim_Heal_Cen_Doc_In_Pos_Num", 5.0], ["Prim_Heal_Cen_Par_Med_Staf_Tot_Stren_Num", 3.0], 1.6666666666666667], "data_low": {"Stat_Nam": "JAMMU & KASHMIR", "Vil_Nam": "Tikri", "Prim_Heal_Cen_Doc_In_Pos_Num": "5", "Prim_Heal_Cen_Par_Med_Staf_Tot_Stren_Num": "3", "id": 4829}, "data_high": {"Stat_Nam": "JAMMU & KASHMIR", "Vil_Nam": "Tikri", "Prim_Heal_Cen_Doc_In_Pos_Num": "5", "Prim_Heal_Cen_Par_Med_Staf_Tot_Stren_Num": "3", "id": 4829}, "perc": 0.0008029226384037898, "metric": 99.99919641056692, "value_global_local": {}, "partition_field": null, "Vil_Nam": "Tikri", "Stat_Nam": "JAMMU & KASHMIR"}, {"data": [["Prim_Heal_Cen_Doc_In_Pos_Num", 2.0], ["Prim_Heal_Cen_Par_Med_Staf_Tot_Stren_Num", 1.0], 2.0], "data_low": {"Stat_Nam": "JAMMU & KASHMIR", "Vil_Nam": "Brenwar", "Prim_Heal_Cen_Doc_In_Pos_Num": "2", "Prim_Heal_Cen_Par_Med_Staf_Tot_Stren_Num": "1", "id": 812}, "data_high": {"Stat_Nam": "West Bengal", "Vil_Nam": "Bujruk Bandhail", "Prim_Heal_Cen_Doc_In_Pos_Num": "8", "Prim_Heal_Cen_Par_Med_Staf_Tot_Stren_Num": "4", "id": 311224}, "perc": 0.024248263679794452, "metric": 99.9757507363627, "value_global_local": {"ANDHRA PRADESH": {"global_perc": 0.00017985611510791367, "local_perc": 0.033112582781456956}, "Arunachal Pradesh": {"global_perc": 0.0001789228842368939, "local_perc": 0.006622516556291391}, "BIHAR": {"global_perc": 0.000356553906493738, "local_perc": 0.10596026490066225}, "CHHATTISGARH": {"global_perc": 0.00034780880453145184, "local_perc": 0.046357615894039736}, "HARYANA": {"global_perc": 0.00058470983774302, "local_perc": 0.026490066225165563}, "HIMACHAL PRADESH": {"global_perc": 0.0004349927501208313, "local_perc": 0.059602649006622516}, "JAMMU & KASHMIR": {"global_perc": 0.0018312223409125592, "local_perc": 0.07947019867549669}, "JHARKHAND": {"global_perc": 0.0007100080261776872, "local_perc": 0.152317880794702}, "KERALA": {"global_perc": 0.0009823182711198428, "local_perc": 0.006622516556291391}, "MADHYA PRADESH": {"global_perc": 0.00025499517330564815, "local_perc": 0.09271523178807947}, "MANIPUR": {"global_perc": 0.0007748934521503294, "local_perc": 0.013245033112582781}, "Maharashtra": {"global_perc": 9.160654986831558e-05, "local_perc": 0.026490066225165563}, "Punjab": {"global_perc": 0.0014307288768778317, "local_perc": 0.11920529801324503}, "TRIPURA": {"global_perc": 0.001142857142857143, "local_perc": 0.006622516556291391}, "UTTAR PRADESH": {"global_perc": 0.00020604266956375148, "local_perc": 0.1456953642384106}, "UTTARAKHAND": {"global_perc": 0.0001190972428988269, "local_perc": 0.013245033112582781}, "West Bengal": {"global_perc": 0.00024864488537470786, "local_perc": 0.06622516556291391}}, "partition_field": "Stat_Nam", "Vil_Nam": "Brenwar", "Stat_Nam": "JAMMU & KASHMIR"}, {"data": [["Prim_Heal_Cen_Doc_In_Pos_Num", 7.0], ["Prim_Heal_Cen_Par_Med_Staf_Tot_Stren_Num", 3.0], 2.3333333333333335], "data_low": {"Stat_Nam": "HARYANA", "Vil_Nam": "Bhoj Jabial (324)", "Prim_Heal_Cen_Doc_In_Pos_Num": "7", "Prim_Heal_Cen_Par_Med_Staf_Tot_Stren_Num": "3", "id": 56793}, "data_high": {"Stat_Nam": "HARYANA", "Vil_Nam": "Bhoj Jabial (324)", "Prim_Heal_Cen_Doc_In_Pos_Num": "7", "Prim_Heal_Cen_Par_Med_Staf_Tot_Stren_Num": "3", "id": 56793}, "perc": 0.00016058452768075794, "metric": 99.99983808187443, "value_global_local": {}, "partition_field": null, "Vil_Nam": "Bhoj Jabial (324)", "Stat_Nam": "HARYANA"}, {"data": [["Prim_Heal_Cen_Doc_In_Pos_Num", 5.0], ["Prim_Heal_Cen_Par_Med_Staf_Tot_Stren_Num", 2.0], 2.5], "data_low": {"Stat_Nam": "West Bengal", "Vil_Nam": "Chaktarini", "Prim_Heal_Cen_Doc_In_Pos_Num": "10", "Prim_Heal_Cen_Par_Med_Staf_Tot_Stren_Num": "4", "id": 337054}, "data_high": {"Stat_Nam": "JAMMU & KASHMIR", "Vil_Nam": "Kheri", "Prim_Heal_Cen_Doc_In_Pos_Num": "5", "Prim_Heal_Cen_Par_Med_Staf_Tot_Stren_Num": "2", "id": 6080}, "perc": 0.0014452607491268216, "metric": 99.99855323897252, "value_global_local": {}, "partition_field": null, "Vil_Nam": "Kheri", "Stat_Nam": "JAMMU & KASHMIR"}, {"data": [["Prim_Heal_Cen_Doc_In_Pos_Num", 3.0], ["Prim_Heal_Cen_Par_Med_Staf_Tot_Stren_Num", 1.0], 3.0], "data_low": {"Stat_Nam": "JAMMU & KASHMIR", "Vil_Nam": "Malanu", "Prim_Heal_Cen_Doc_In_Pos_Num": "3", "Prim_Heal_Cen_Par_Med_Staf_Tot_Stren_Num": "1", "id": 4237}, "data_high": {"Stat_Nam": "BIHAR", "Vil_Nam": "Hasanpura", "Prim_Heal_Cen_Doc_In_Pos_Num": "6", "Prim_Heal_Cen_Par_Med_Staf_Tot_Stren_Num": "2", "id": 231613}, "perc": 0.006102212051868803, "metric": 99.99389578767014, "value_global_local": {"BIHAR": {"global_perc": 4.456923831171725e-05, "local_perc": 0.05263157894736842}, "CHHATTISGARH": {"global_perc": 9.937394415184339e-05, "local_perc": 0.05263157894736842}, "HIMACHAL PRADESH": {"global_perc": 0.00014499758337361044, "local_perc": 0.07894736842105263}, "JAMMU & KASHMIR": {"global_perc": 0.0004578055852281398, "local_perc": 0.07894736842105263}, "JHARKHAND": {"global_perc": 0.00018521948508983145, "local_perc": 0.15789473684210525}, "MADHYA PRADESH": {"global_perc": 0.00014571152760322752, "local_perc": 0.21052631578947367}, "Punjab": {"global_perc": 0.0006358795008345918, "local_perc": 0.21052631578947367}, "UTTAR PRADESH": {"global_perc": 3.7462303557045726e-05, "local_perc": 0.10526315789473684}, "West Bengal": {"global_perc": 4.972897707494157e-05, "local_perc": 0.05263157894736842}}, "partition_field": "Stat_Nam", "Vil_Nam": "Malanu", "Stat_Nam": "JAMMU & KASHMIR"}, {"data": [["Prim_Heal_Cen_Doc_In_Pos_Num", 7.0], ["Prim_Heal_Cen_Par_Med_Staf_Tot_Stren_Num", 2.0], 3.5], "data_low": {"Stat_Nam": "JAMMU & KASHMIR", "Vil_Nam": "Gundna", "Prim_Heal_Cen_Doc_In_Pos_Num": "7", "Prim_Heal_Cen_Par_Med_Staf_Tot_Stren_Num": "2", "id": 4064}, "data_high": {"Stat_Nam": "JAMMU & KASHMIR", "Vil_Nam": "Gundna", "Prim_Heal_Cen_Doc_In_Pos_Num": "7", "Prim_Heal_Cen_Par_Med_Staf_Tot_Stren_Num": "2", "id": 4064}, "perc": 0.0004817535830422739, "metric": 99.99951574592893, "value_global_local": {}, "partition_field": null, "Vil_Nam": "Gundna", "Stat_Nam": "JAMMU & KASHMIR"}, {"data": [["Prim_Heal_Cen_Doc_In_Pos_Num", 4.0], ["Prim_Heal_Cen_Par_Med_Staf_Tot_Stren_Num", 1.0], 4.0], "data_low": {"Stat_Nam": "JAMMU & KASHMIR", "Vil_Nam": "Bagla", "Prim_Heal_Cen_Doc_In_Pos_Num": "4", "Prim_Heal_Cen_Par_Med_Staf_Tot_Stren_Num": "1", "id": 4060}, "data_high": {"Stat_Nam": "JHARKHAND", "Vil_Nam": "Bhogtachhorat", "Prim_Heal_Cen_Doc_In_Pos_Num": "8", "Prim_Heal_Cen_Par_Med_Staf_Tot_Stren_Num": "2", "id": 352286}, "perc": 0.0033722750812959167, "metric": 99.9966247244198, "value_global_local": {"ANDAMAN & NICOBAR ISLANDS": {"global_perc": 0.0018018018018018018, "local_perc": 0.047619047619047616}, "CHHATTISGARH": {"global_perc": 9.937394415184339e-05, "local_perc": 0.09523809523809523}, "JAMMU & KASHMIR": {"global_perc": 0.00015260186174271325, "local_perc": 0.047619047619047616}, "JHARKHAND": {"global_perc": 0.00027782922763474715, "local_perc": 0.42857142857142855}, "Punjab": {"global_perc": 7.948493760432397e-05, "local_perc": 0.047619047619047616}, "UTTAR PRADESH": {"global_perc": 9.365575889261431e-06, "local_perc": 0.047619047619047616}, "West Bengal": {"global_perc": 0.0001491869312248247, "local_perc": 0.2857142857142857}}, "partition_field": "Stat_Nam", "Vil_Nam": "Bagla", "Stat_Nam": "JAMMU & KASHMIR"}, {"data": [["Prim_Heal_Cen_Doc_In_Pos_Num", 5.0], ["Prim_Heal_Cen_Par_Med_Staf_Tot_Stren_Num", 1.0], 5.0], "data_low": {"Stat_Nam": "Punjab", "Vil_Nam": "Wadala Bangar (117)", "Prim_Heal_Cen_Doc_In_Pos_Num": "5", "Prim_Heal_Cen_Par_Med_Staf_Tot_Stren_Num": "1", "id": 27863}, "data_high": {"Stat_Nam": "Punjab", "Vil_Nam": "Wadala Bangar (117)", "Prim_Heal_Cen_Doc_In_Pos_Num": "5", "Prim_Heal_Cen_Par_Med_Staf_Tot_Stren_Num": "1", "id": 27863}, "perc": 0.0008029226384037898, "metric": 99.9991930765936, "value_global_local": {}, "partition_field": null, "Vil_Nam": "Wadala Bangar (117)", "Stat_Nam": "Punjab"}, {"data": [["Prim_Heal_Cen_Doc_In_Pos_Num", 6.0], ["Prim_Heal_Cen_Par_Med_Staf_Tot_Stren_Num", 1.0], 6.0], "data_low": {"Stat_Nam": "West Bengal", "Vil_Nam": "Lodhan", "Prim_Heal_Cen_Doc_In_Pos_Num": "6", "Prim_Heal_Cen_Par_Med_Staf_Tot_Stren_Num": "1", "id": 307777}, "data_high": {"Stat_Nam": "West Bengal", "Vil_Nam": "Lodhan", "Prim_Heal_Cen_Doc_In_Pos_Num": "6", "Prim_Heal_Cen_Par_Med_Staf_Tot_Stren_Num": "1", "id": 307777}, "perc": 0.00016058452768075794, "metric": 99.9998344144802, "value_global_local": {}, "partition_field": null, "Vil_Nam": "Lodhan", "Stat_Nam": "West Bengal"}, {"data": [["Prim_Heal_Cen_Doc_In_Pos_Num", 7.0], ["Prim_Heal_Cen_Par_Med_Staf_Tot_Stren_Num", 1.0], 7.0], "data_low": {"Stat_Nam": "West Bengal", "Vil_Nam": "Khamar Chandi", "Prim_Heal_Cen_Doc_In_Pos_Num": "7", "Prim_Heal_Cen_Par_Med_Staf_Tot_Stren_Num": "1", "id": 323685}, "data_high": {"Stat_Nam": "West Bengal", "Vil_Nam": "Khamar Chandi", "Prim_Heal_Cen_Doc_In_Pos_Num": "7", "Prim_Heal_Cen_Par_Med_Staf_Tot_Stren_Num": "1", "id": 323685}, "perc": 0.00016058452768075794, "metric": 99.99983341428178, "value_global_local": {}, "partition_field": null, "Vil_Nam": "Khamar Chandi", "Stat_Nam": "West Bengal"}, {"data": [["Prim_Heal_Cen_Doc_In_Pos_Num", 8.0], ["Prim_Heal_Cen_Par_Med_Staf_Tot_Stren_Num", 1.0], 8.0], "data_low": {"Stat_Nam": "West Bengal", "Vil_Nam": "Bandar Gachh", "Prim_Heal_Cen_Doc_In_Pos_Num": "8", "Prim_Heal_Cen_Par_Med_Staf_Tot_Stren_Num": "1", "id": 305477}, "data_high": {"Stat_Nam": "West Bengal", "Vil_Nam": "Bandar Gachh", "Prim_Heal_Cen_Doc_In_Pos_Num": "8", "Prim_Heal_Cen_Par_Med_Staf_Tot_Stren_Num": "1", "id": 305477}, "perc": 0.0003211690553615159, "metric": 99.9996718295669, "value_global_local": {}, "partition_field": null, "Vil_Nam": "Bandar Gachh", "Stat_Nam": "West Bengal"}, {"data": [["Prim_Heal_Cen_Doc_In_Pos_Num", 2.0], ["Prim_Heal_Cen_Par_Med_Staf_Tot_Stren_Num", 0.0], 9999], "data_low": {"Stat_Nam": "JAMMU & KASHMIR", "Vil_Nam": "Panikhar", "Prim_Heal_Cen_Doc_In_Pos_Num": "1", "Prim_Heal_Cen_Par_Med_Staf_Tot_Stren_Num": "0", "id": 1041}, "data_high": {"Stat_Nam": "UTTAR PRADESH", "Vil_Nam": "Nagra Dube", "Prim_Heal_Cen_Doc_In_Pos_Num": "7", "Prim_Heal_Cen_Par_Med_Staf_Tot_Stren_Num": "0", "id": 178776}, "perc": 0.07483238989923321, "metric": 99.91517509343971, "value_global_local": {"ANDAMAN & NICOBAR ISLANDS": {"global_perc": 0.0018018018018018018, "local_perc": 0.002145922746781116}, "Arunachal Pradesh": {"global_perc": 0.0003578457684737878, "local_perc": 0.004291845493562232}, "CHHATTISGARH": {"global_perc": 9.937394415184339e-05, "local_perc": 0.004291845493562232}, "HARYANA": {"global_perc": 0.000146177459435755, "local_perc": 0.002145922746781116}, "HIMACHAL PRADESH": {"global_perc": 0.0004833252779120348, "local_perc": 0.02145922746781116}, "JAMMU & KASHMIR": {"global_perc": 0.0018312223409125592, "local_perc": 0.02575107296137339}, "MADHYA PRADESH": {"global_perc": 0.0004735624647104894, "local_perc": 0.055793991416309016}, "MANIPUR": {"global_perc": 0.0019372336303758234, "local_perc": 0.01072961373390558}, "MIZORAM": {"global_perc": 0.00963855421686747, "local_perc": 0.017167381974248927}, "NAGALAND": {"global_perc": 0.0028011204481792717, "local_perc": 0.008583690987124463}, "Punjab": {"global_perc": 0.0023845481281297193, "local_perc": 0.06437768240343347}, "TRIPURA": {"global_perc": 0.001142857142857143, "local_perc": 0.002145922746781116}, "UTTAR PRADESH": {"global_perc": 0.0016483413565100118, "local_perc": 0.3776824034334764}, "West Bengal": {"global_perc": 0.004674523845044507, "local_perc": 0.4034334763948498}}, "partition_field": "Stat_Nam", "Vil_Nam": "Bazgoo", "Stat_Nam": "JAMMU & KASHMIR"}, {"data": [["Prim_Heal_Cen_Doc_In_Pos_Num", 0], ["Prim_Heal_Cen_Par_Med_Staf_Tot_Stren_Num", 0], 99980001], "data_low": {"Stat_Nam": "JAMMU & KASHMIR", "Vil_Nam": "Bore", "Prim_Heal_Cen_Doc_In_Pos_Num": "", "Prim_Heal_Cen_Par_Med_Staf_Tot_Stren_Num": "", "id": 0}, "data_high": {"Stat_Nam": "JAMMU & KASHMIR", "Vil_Nam": "Palmar", "Prim_Heal_Cen_Doc_In_Pos_Num": "Phc_pos", "Prim_Heal_Cen_Par_Med_Staf_Tot_Stren_Num": "Phc_pst", "id": 4582}, "perc": 96.54695090128065, "metric": 9.656626318825567e-07, "value_global_local": {"null": {"global_perc": 0.9654695090128066, "local_perc": 1.0}}, "partition_field": "Dist_Other", "Vil_Nam": "Bore", "Stat_Nam": "JAMMU & KASHMIR"}]