[{"data": [["Mat_An_Chil_Wel_Cen_Doc_Tot_Stren_Num", 0], ["Mat_An_Chil_Wel_Cen_Par_Med_Staf_In_Pos_Num", 1.0], 0.0], "data_low": {"Stat_Nam": "JAMMU & KASHMIR", "Vil_Nam": "Solina", "Mat_An_Chil_Wel_Cen_Doc_Tot_Stren_Num": "", "Mat_An_Chil_Wel_Cen_Par_Med_Staf_In_Pos_Num": "1", "id": 73}, "data_high": {"Stat_Nam": "BIHAR", "Vil_Nam": "Hasanpur", "Mat_An_Chil_Wel_Cen_Doc_Tot_Stren_Num": "2", "Mat_An_Chil_Wel_Cen_Par_Med_Staf_In_Pos_Num": "21", "id": 235814}, "perc": 0.6744550162591835, "metric": 99.32554597719495, "value_global_local": {"ANDAMAN & NICOBAR ISLANDS": {"global_perc": 0.009009009009009009, "local_perc": 0.0011904761904761906}, "BIHAR": {"global_perc": 0.05083121629451353, "local_perc": 0.5430952380952381}, "CHHATTISGARH": {"global_perc": 0.025787538507403358, "local_perc": 0.12357142857142857}, "Dadra & Nagar Haveli": {"global_perc": 0.046153846153846156, "local_perc": 0.0007142857142857143}, "GOA": {"global_perc": 0.0029940119760479044, "local_perc": 0.0002380952380952381}, "HIMACHAL PRADESH": {"global_perc": 4.833252779120348e-05, "local_perc": 0.0002380952380952381}, "JAMMU & KASHMIR": {"global_perc": 0.003052037234854265, "local_perc": 0.004761904761904762}, "JHARKHAND": {"global_perc": 0.0025930727912576402, "local_perc": 0.02}, "KARNATAKA": {"global_perc": 0.000136332651670075, "local_perc": 0.0009523809523809524}, "MADHYA PRADESH": {"global_perc": 0.0005828461104129101, "local_perc": 0.007619047619047619}, "MIZORAM": {"global_perc": 0.01325301204819277, "local_perc": 0.002619047619047619}, "NAGALAND": {"global_perc": 0.0021008403361344537, "local_perc": 0.0007142857142857143}, "PUDUCHERRY": {"global_perc": 0.43333333333333335, "local_perc": 0.009285714285714286}, "RAJASTHAN": {"global_perc": 4.477077363896848e-05, "local_perc": 0.0004761904761904762}, "SIKKIM": {"global_perc": 0.08869179600886919, "local_perc": 0.009523809523809525}, "TRIPURA": {"global_perc": 0.009142857142857144, "local_perc": 0.0019047619047619048}, "UTTAR PRADESH": {"global_perc": 0.0028377694944462135, "local_perc": 0.07214285714285715}, "UTTARAKHAND": {"global_perc": 0.010242362889299113, "local_perc": 0.040952380952380955}, "West Bengal": {"global_perc": 0.016708936297180368, "local_perc": 0.16}}, "partition_field": "Stat_Nam", "Vil_Nam": "Solina", "Stat_Nam": "JAMMU & KASHMIR"}, {"data": [["Mat_An_Chil_Wel_Cen_Doc_Tot_Stren_Num", 2.0], ["Mat_An_Chil_Wel_Cen_Par_Med_Staf_In_Pos_Num", 19.0], 0.10526315789473684], "data_low": {"Stat_Nam": "RAJASTHAN", "Vil_Nam": "Chhapra", "Mat_An_Chil_Wel_Cen_Doc_Tot_Stren_Num": "1", "Mat_An_Chil_Wel_Cen_Par_Med_Staf_In_Pos_Num": "9", "id": 70595}, "data_high": {"Stat_Nam": "GOA", "Vil_Nam": "Tuem", "Mat_An_Chil_Wel_Cen_Doc_Tot_Stren_Num": "4", "Mat_An_Chil_Wel_Cen_Par_Med_Staf_In_Pos_Num": "25", "id": 604748}, "perc": 0.07900758761893292, "metric": 99.92099330658982, "value_global_local": {"ANDAMAN & NICOBAR ISLANDS": {"global_perc": 0.0018018018018018018, "local_perc": 0.0020325203252032522}, "ASSAM": {"global_perc": 0.0003409736692555408, "local_perc": 0.018292682926829267}, "BIHAR": {"global_perc": 0.0001559923340910104, "local_perc": 0.014227642276422764}, "GOA": {"global_perc": 0.0029940119760479044, "local_perc": 0.0020325203252032522}, "HARYANA": {"global_perc": 0.000146177459435755, "local_perc": 0.0020325203252032522}, "JAMMU & KASHMIR": {"global_perc": 0.0003052037234854265, "local_perc": 0.0040650406504065045}, "JHARKHAND": {"global_perc": 3.086991418163858e-05, "local_perc": 0.0020325203252032522}, "KARNATAKA": {"global_perc": 0.011656441717791411, "local_perc": 0.6951219512195121}, "MADHYA PRADESH": {"global_perc": 0.00040070670090887567, "local_perc": 0.044715447154471545}, "ODISHA": {"global_perc": 1.948823884785532e-05, "local_perc": 0.0020325203252032522}, "PUDUCHERRY": {"global_perc": 0.1, "local_perc": 0.018292682926829267}, "Punjab": {"global_perc": 0.0006358795008345918, "local_perc": 0.016260162601626018}, "RAJASTHAN": {"global_perc": 0.000649176217765043, "local_perc": 0.05894308943089431}, "SIKKIM": {"global_perc": 0.0066518847006651885, "local_perc": 0.006097560975609756}, "TRIPURA": {"global_perc": 0.001142857142857143, "local_perc": 0.0020325203252032522}, "Tamil Nadu": {"global_perc": 0.0005006571124601039, "local_perc": 0.016260162601626018}, "UTTAR PRADESH": {"global_perc": 0.0003465263079026729, "local_perc": 0.07520325203252033}, "UTTARAKHAND": {"global_perc": 0.00029774310724706724, "local_perc": 0.01016260162601626}, "West Bengal": {"global_perc": 0.00012432244268735393, "local_perc": 0.01016260162601626}}, "partition_field": "Stat_Nam", "Vil_Nam": "Nettapakkam", "Stat_Nam": "PUDUCHERRY"}, {"data": [["Mat_An_Chil_Wel_Cen_Doc_Tot_Stren_Num", 3.0], ["Mat_An_Chil_Wel_Cen_Par_Med_Staf_In_Pos_Num", 14.0], 0.21428571428571427], "data_low": {"Stat_Nam": "HIMACHAL PRADESH", "Vil_Nam": "Up Mohal Siri Nagar (441/1)", "Mat_An_Chil_Wel_Cen_Doc_Tot_Stren_Num": "1", "Mat_An_Chil_Wel_Cen_Par_Med_Staf_In_Pos_Num": "4", "id": 22253}, "data_high": {"Stat_Nam": "PUDUCHERRY", "Vil_Nam": "Karikalampakkam", "Mat_An_Chil_Wel_Cen_Doc_Tot_Stren_Num": "7", "Mat_An_Chil_Wel_Cen_Par_Med_Staf_In_Pos_Num": "29", "id": 622125}, "perc": 0.08671564494760929, "metric": 99.91328514024238, "value_global_local": {"ASSAM": {"global_perc": 0.0002273157795036939, "local_perc": 0.011111111111111112}, "Arunachal Pradesh": {"global_perc": 0.0001789228842368939, "local_perc": 0.001851851851851852}, "BIHAR": {"global_perc": 0.00011142309577929313, "local_perc": 0.009259259259259259}, "Dadra & Nagar Haveli": {"global_perc": 0.015384615384615385, "local_perc": 0.001851851851851852}, "HIMACHAL PRADESH": {"global_perc": 4.833252779120348e-05, "local_perc": 0.001851851851851852}, "JAMMU & KASHMIR": {"global_perc": 0.0003052037234854265, "local_perc": 0.003703703703703704}, "JHARKHAND": {"global_perc": 9.260974254491573e-05, "local_perc": 0.005555555555555556}, "KARNATAKA": {"global_perc": 0.011622358554873893, "local_perc": 0.6314814814814815}, "MADHYA PRADESH": {"global_perc": 0.0002367812323552447, "local_perc": 0.024074074074074074}, "ODISHA": {"global_perc": 0.00044822949350067237, "local_perc": 0.04259259259259259}, "PUDUCHERRY": {"global_perc": 0.1111111111111111, "local_perc": 0.018518518518518517}, "Punjab": {"global_perc": 0.0008743343136475638, "local_perc": 0.020370370370370372}, "RAJASTHAN": {"global_perc": 0.0005148638968481375, "local_perc": 0.04259259259259259}, "TRIPURA": {"global_perc": 0.002285714285714286, "local_perc": 0.003703703703703704}, "Tamil Nadu": {"global_perc": 0.00031291069528756495, "local_perc": 0.009259259259259259}, "UTTAR PRADESH": {"global_perc": 0.0007305149193623916, "local_perc": 0.14444444444444443}, "UTTARAKHAND": {"global_perc": 0.0002381944857976538, "local_perc": 0.007407407407407408}, "West Bengal": {"global_perc": 0.00027350937391217863, "local_perc": 0.020370370370370372}}, "partition_field": "Stat_Nam", "Vil_Nam": "Ambagarathur", "Stat_Nam": "PUDUCHERRY"}, {"data": [["Mat_An_Chil_Wel_Cen_Doc_Tot_Stren_Num", 6.0], ["Mat_An_Chil_Wel_Cen_Par_Med_Staf_In_Pos_Num", 19.0], 0.3157894736842105], "data_low": {"Stat_Nam": "JAMMU & KASHMIR", "Vil_Nam": "Garand Khurd", "Mat_An_Chil_Wel_Cen_Doc_Tot_Stren_Num": "1", "Mat_An_Chil_Wel_Cen_Par_Med_Staf_In_Pos_Num": "3", "id": 646}, "data_high": {"Stat_Nam": "PUDUCHERRY", "Vil_Nam": "Mannadipet", "Mat_An_Chil_Wel_Cen_Doc_Tot_Stren_Num": "6", "Mat_An_Chil_Wel_Cen_Par_Med_Staf_In_Pos_Num": "19", "id": 622093}, "perc": 0.1310369745874985, "metric": 99.86896370886313, "value_global_local": {"ANDAMAN & NICOBAR ISLANDS": {"global_perc": 0.0018018018018018018, "local_perc": 0.0012254901960784314}, "ASSAM": {"global_perc": 0.005266148891835575, "local_perc": 0.17034313725490197}, "Arunachal Pradesh": {"global_perc": 0.0003578457684737878, "local_perc": 0.0024509803921568627}, "BIHAR": {"global_perc": 0.00046797700227303116, "local_perc": 0.025735294117647058}, "GOA": {"global_perc": 0.005988023952095809, "local_perc": 0.0024509803921568627}, "HARYANA": {"global_perc": 0.002777371729279345, "local_perc": 0.023284313725490197}, "HIMACHAL PRADESH": {"global_perc": 9.666505558240696e-05, "local_perc": 0.0024509803921568627}, "JAMMU & KASHMIR": {"global_perc": 0.001678620479169846, "local_perc": 0.013480392156862746}, "JHARKHAND": {"global_perc": 0.0001234796567265543, "local_perc": 0.004901960784313725}, "KARNATAKA": {"global_perc": 0.01005453306066803, "local_perc": 0.36151960784313725}, "MADHYA PRADESH": {"global_perc": 0.0005099903466112963, "local_perc": 0.03431372549019608}, "MIZORAM": {"global_perc": 0.0012048192771084338, "local_perc": 0.0012254901960784314}, "NAGALAND": {"global_perc": 0.0007002801120448179, "local_perc": 0.0012254901960784314}, "ODISHA": {"global_perc": 0.0002923235827178298, "local_perc": 0.01838235294117647}, "PUDUCHERRY": {"global_perc": 0.044444444444444446, "local_perc": 0.004901960784313725}, "Punjab": {"global_perc": 0.003735792067403227, "local_perc": 0.05759803921568627}, "RAJASTHAN": {"global_perc": 0.0006939469914040115, "local_perc": 0.03799019607843137}, "SIKKIM": {"global_perc": 0.004434589800443459, "local_perc": 0.0024509803921568627}, "TRIPURA": {"global_perc": 0.0034285714285714284, "local_perc": 0.003676470588235294}, "Tamil Nadu": {"global_perc": 0.004005256899680831, "local_perc": 0.0784313725490196}, "UTTAR PRADESH": {"global_perc": 0.0007773427988086988, "local_perc": 0.1017156862745098}, "UTTARAKHAND": {"global_perc": 0.0010123265646400286, "local_perc": 0.020833333333333332}, "West Bengal": {"global_perc": 0.0005967477248992988, "local_perc": 0.029411764705882353}}, "partition_field": "Stat_Nam", "Vil_Nam": "Mannadipet", "Stat_Nam": "PUDUCHERRY"}, {"data": [["Mat_An_Chil_Wel_Cen_Doc_Tot_Stren_Num", 5.0], ["Mat_An_Chil_Wel_Cen_Par_Med_Staf_In_Pos_Num", 12.0], 0.4166666666666667], "data_low": {"Stat_Nam": "JAMMU & KASHMIR", "Vil_Nam": "Wata Lar", "Mat_An_Chil_Wel_Cen_Doc_Tot_Stren_Num": "1", "Mat_An_Chil_Wel_Cen_Par_Med_Staf_In_Pos_Num": "2", "id": 2806}, "data_high": {"Stat_Nam": "PUDUCHERRY", "Vil_Nam": "Ramanathapuram", "Mat_An_Chil_Wel_Cen_Doc_Tot_Stren_Num": "6", "Mat_An_Chil_Wel_Cen_Par_Med_Staf_In_Pos_Num": "12", "id": 622107}, "perc": 1.5441808181781684, "metric": 98.45581975626233, "value_global_local": {"": {"global_perc": 0.018157802786833002, "local_perc": 0.9835690515806988}, "ALIPUR BIHTA": {"global_perc": 1.0, "local_perc": 0.00010399334442595674}, "ANDIPATTI": {"global_perc": 0.25, "local_perc": 0.00010399334442595674}, "ASHARAM PAR": {"global_perc": 0.5, "local_perc": 0.00010399334442595674}, "ATHAN": {"global_perc": 1.0, "local_perc": 0.00010399334442595674}, "AURANGABAD": {"global_perc": 0.058823529411764705, "local_perc": 0.00010399334442595674}, "BADIWALA": {"global_perc": 1.0, "local_perc": 0.00010399334442595674}, "BAIJUWAPUR": {"global_perc": 1.0, "local_perc": 0.00010399334442595674}, "BALUA": {"global_perc": 0.07142857142857142, "local_perc": 0.00010399334442595674}, "BASAVANAHALLI": {"global_perc": 0.2, "local_perc": 0.00010399334442595674}, "BASDIHAGOPAL": {"global_perc": 0.5, "local_perc": 0.00010399334442595674}, "BASEDOUR": {"global_perc": 0.3333333333333333, "local_perc": 0.00010399334442595674}, "BASINI": {"global_perc": 1.0, "local_perc": 0.00010399334442595674}, "BELHAN": {"global_perc": 0.3333333333333333, "local_perc": 0.00010399334442595674}, "BHAGWANPUR": {"global_perc": 0.034482758620689655, "local_perc": 0.00010399334442595674}, "BHAISLOT": {"global_perc": 1.0, "local_perc": 0.00010399334442595674}, "BHAKHRA": {"global_perc": 1.0, "local_perc": 0.00010399334442595674}, "BICHIYA": {"global_perc": 0.5, "local_perc": 0.00010399334442595674}, "BISHASHARPUR": {"global_perc": 1.0, "local_perc": 0.00010399334442595674}, "BOSWAN": {"global_perc": 1.0, "local_perc": 0.00010399334442595674}, "CHANAR BIGHA": {"global_perc": 0.2, "local_perc": 0.00010399334442595674}, "CHANDI": {"global_perc": 0.04, "local_perc": 0.00010399334442595674}, "CHANDRI": {"global_perc": 0.1111111111111111, "local_perc": 0.00010399334442595674}, "DAMADIH": {"global_perc": 0.5, "local_perc": 0.00010399334442595674}, "DHANPURWA": {"global_perc": 0.5, "local_perc": 0.00010399334442595674}, "DHNGULI": {"global_perc": 1.0, "local_perc": 0.00010399334442595674}, "DHUNA": {"global_perc": 0.6666666666666666, "local_perc": 0.00020798668885191348}, "DUNGRI MALLI": {"global_perc": 0.5, "local_perc": 0.00010399334442595674}, "EAKHARA": {"global_perc": 1.0, "local_perc": 0.00010399334442595674}, "FATEHPUR CHADRAI": {"global_perc": 1.0, "local_perc": 0.00010399334442595674}, "GAMHARIA": {"global_perc": 0.058823529411764705, "local_perc": 0.00010399334442595674}, "GANGDIH": {"global_perc": 1.0, "local_perc": 0.00010399334442595674}, "GANGHARA": {"global_perc": 0.5, "local_perc": 0.00010399334442595674}, "GAUHARPUR": {"global_perc": 0.3333333333333333, "local_perc": 0.00010399334442595674}, "GHUMARI": {"global_perc": 1.0, "local_perc": 0.00010399334442595674}, "GHURET": {"global_perc": 1.0, "local_perc": 0.00010399334442595674}, "GOH": {"global_perc": 0.2, "local_perc": 0.00010399334442595674}, "GOVARDHANPUR": {"global_perc": 1.0, "local_perc": 0.00041597337770382697}, "GOVINDAMPALAYAM": {"global_perc": 0.5, "local_perc": 0.00010399334442595674}, "GULAULA KHERA": {"global_perc": 1.0, "local_perc": 0.00010399334442595674}, "GUMMIDIPOONDI": {"global_perc": 0.5, "local_perc": 0.00010399334442595674}, "GURI": {"global_perc": 0.1111111111111111, "local_perc": 0.00010399334442595674}, "GUTAKBARA": {"global_perc": 1.0, "local_perc": 0.00010399334442595674}, "HARDASPUR": {"global_perc": 0.25, "local_perc": 0.00010399334442595674}, "HAUCAK": {"global_perc": 0.16666666666666666, "local_perc": 0.00010399334442595674}, "HONOKO": {"global_perc": 1.0, "local_perc": 0.00010399334442595674}, "HUNASANAKODIHALLI": {"global_perc": 1.0, "local_perc": 0.00010399334442595674}, "IMLIGAON": {"global_perc": 1.0, "local_perc": 0.00010399334442595674}, "INDAR": {"global_perc": 0.6666666666666666, "local_perc": 0.00020798668885191348}, "ISHAPUR": {"global_perc": 0.3333333333333333, "local_perc": 0.00010399334442595674}, "ISMAILPUR": {"global_perc": 0.08333333333333333, "local_perc": 0.00010399334442595674}, "JALALPUR NAURANGA": {"global_perc": 0.5, "local_perc": 0.00010399334442595674}, "JOSYANA": {"global_perc": 0.2, "local_perc": 0.00010399334442595674}, "KACHNAL": {"global_perc": 1.0, "local_perc": 0.00010399334442595674}, "KANDARWALKALA": {"global_perc": 1.0, "local_perc": 0.00010399334442595674}, "KARMA": {"global_perc": 0.058823529411764705, "local_perc": 0.00010399334442595674}, "KAZAURA": {"global_perc": 1.0, "local_perc": 0.00010399334442595674}, "KHEKADA": {"global_perc": 0.5, "local_perc": 0.00010399334442595674}, "KISHANPUR": {"global_perc": 0.2222222222222222, "local_perc": 0.00020798668885191348}, "KONI": {"global_perc": 0.16666666666666666, "local_perc": 0.00010399334442595674}, "KOSDA": {"global_perc": 0.14285714285714285, "local_perc": 0.00010399334442595674}, "KOTTARAM": {"global_perc": 1.0, "local_perc": 0.00010399334442595674}, "KULLATHILVAI": {"global_perc": 0.3333333333333333, "local_perc": 0.00010399334442595674}, "KUMIZHI": {"global_perc": 1.0, "local_perc": 0.00010399334442595674}, "KURMADIH": {"global_perc": 1.0, "local_perc": 0.00010399334442595674}, "MACHONG": {"global_perc": 1.0, "local_perc": 0.00010399334442595674}, "MADHOPUR": {"global_perc": 0.03225806451612903, "local_perc": 0.00010399334442595674}, "MAGALI": {"global_perc": 1.0, "local_perc": 0.00010399334442595674}, "MAHDIPUR": {"global_perc": 0.5, "local_perc": 0.00010399334442595674}, "MAJHIGAWA": {"global_perc": 0.25, "local_perc": 0.00010399334442595674}, "MAJHOLA": {"global_perc": 0.5, "local_perc": 0.00010399334442595674}, "MANDRE PUR": {"global_perc": 1.0, "local_perc": 0.00010399334442595674}, "MANGLORE": {"global_perc": 0.2, "local_perc": 0.00010399334442595674}, "MASAUNI": {"global_perc": 0.3333333333333333, "local_perc": 0.00010399334442595674}, "MEEHA SOTI": {"global_perc": 1.0, "local_perc": 0.00010399334442595674}, "MELPAKKAM": {"global_perc": 0.5, "local_perc": 0.00010399334442595674}, "MO. SARAI ALI": {"global_perc": 1.0, "local_perc": 0.00010399334442595674}, "MOHANCAMP": {"global_perc": 0.3333333333333333, "local_perc": 0.00010399334442595674}, "MOKRAM": {"global_perc": 1.0, "local_perc": 0.00010399334442595674}, "MUKIMPUR": {"global_perc": 1.0, "local_perc": 0.00010399334442595674}, "N.A.": {"global_perc": 0.003125591968175791, "local_perc": 0.0034317803660565724}, "NABINAGAR": {"global_perc": 0.25, "local_perc": 0.00010399334442595674}, "NADICHAINE": {"global_perc": 1.0, "local_perc": 0.00010399334442595674}, "NAGWA": {"global_perc": 0.5, "local_perc": 0.00010399334442595674}, "NALATHWAD": {"global_perc": 0.25, "local_perc": 0.00010399334442595674}, "NAWADA": {"global_perc": 0.03225806451612903, "local_perc": 0.00010399334442595674}, "NERIGAM": {"global_perc": 1.0, "local_perc": 0.00010399334442595674}, "OR": {"global_perc": 0.3333333333333333, "local_perc": 0.00010399334442595674}, "PANIHARI": {"global_perc": 0.3333333333333333, "local_perc": 0.00010399334442595674}, "PARRIA PARASSAWAN": {"global_perc": 0.4, "local_perc": 0.00020798668885191348}, "PATHOLI": {"global_perc": 1.0, "local_perc": 0.00010399334442595674}, "PERIYAKULAM": {"global_perc": 1.0, "local_perc": 0.00010399334442595674}, "PIPRA": {"global_perc": 0.05263157894736842, "local_perc": 0.00010399334442595674}, "PUHO": {"global_perc": 1.0, "local_perc": 0.00010399334442595674}, "PUREMANSARAM": {"global_perc": 1.0, "local_perc": 0.00010399334442595674}, "RAGHUPUR": {"global_perc": 0.2, "local_perc": 0.00010399334442595674}, "RANIPOKHRI": {"global_perc": 0.75, "local_perc": 0.0003119800332778702}, "REPEDA": {"global_perc": 1.0, "local_perc": 0.00010399334442595674}, "RINGWARI": {"global_perc": 0.3333333333333333, "local_perc": 0.00010399334442595674}, "RUPAS MAHAJI": {"global_perc": 0.5, "local_perc": 0.00010399334442595674}, "Rahmatpur": {"global_perc": 0.5, "local_perc": 0.00010399334442595674}, "SADURI": {"global_perc": 0.6666666666666666, "local_perc": 0.00020798668885191348}, "SAIFPUR KARAMCHANDPUR": {"global_perc": 1.0, "local_perc": 0.00010399334442595674}, "SHAHJAHANPUR": {"global_perc": 0.3333333333333333, "local_perc": 0.00010399334442595674}, "SHEKHPURA": {"global_perc": 0.1, "local_perc": 0.00010399334442595674}, "SHISHGARH": {"global_perc": 1.0, "local_perc": 0.00010399334442595674}, "SIRUVADI": {"global_perc": 1.0, "local_perc": 0.00010399334442595674}, "SITA PUR": {"global_perc": 1.0, "local_perc": 0.00010399334442595674}, "SIYUM": {"global_perc": 0.03125, "local_perc": 0.00010399334442595674}, "TAJANG": {"global_perc": 0.1, "local_perc": 0.00010399334442595674}, "TETARIYA": {"global_perc": 0.07692307692307693, "local_perc": 0.00010399334442595674}, "THIRUMANAVAYAL": {"global_perc": 0.5, "local_perc": 0.00010399334442595674}, "TIRUKOSTIYUR": {"global_perc": 1.0, "local_perc": 0.00010399334442595674}, "UNERA": {"global_perc": 1.0, "local_perc": 0.00010399334442595674}, "VADAKATTUPATTI": {"global_perc": 1.0, "local_perc": 0.00010399334442595674}, "VILANDAPUR": {"global_perc": 0.25, "local_perc": 0.00010399334442595674}, "VINAURA": {"global_perc": 1.0, "local_perc": 0.00010399334442595674}}, "partition_field": "Near_Vil_Tow_Nam_hav_Prim_School", "Vil_Nam": "Hoyar", "Stat_Nam": "JHARKHAND"}, {"data": [["Mat_An_Chil_Wel_Cen_Doc_Tot_Stren_Num", 5.0], ["Mat_An_Chil_Wel_Cen_Par_Med_Staf_In_Pos_Num", 9.0], 0.5555555555555556], "data_low": {"Stat_Nam": "JAMMU & KASHMIR", "Vil_Nam": "Dard Hari Khar Gund", "Mat_An_Chil_Wel_Cen_Doc_Tot_Stren_Num": "3", "Mat_An_Chil_Wel_Cen_Par_Med_Staf_In_Pos_Num": "5", "id": 77}, "data_high": {"Stat_Nam": "MADHYA PRADESH", "Vil_Nam": "Pakariya", "Mat_An_Chil_Wel_Cen_Doc_Tot_Stren_Num": "6", "Mat_An_Chil_Wel_Cen_Par_Med_Staf_In_Pos_Num": "10", "id": 462169}, "perc": 0.00867156449476093, "metric": 99.99132888000004, "value_global_local": {"ASSAM": {"global_perc": 3.7885963250615644e-05, "local_perc": 0.018518518518518517}, "Arunachal Pradesh": {"global_perc": 0.0001789228842368939, "local_perc": 0.018518518518518517}, "BIHAR": {"global_perc": 0.00011142309577929313, "local_perc": 0.09259259259259259}, "HARYANA": {"global_perc": 0.000146177459435755, "local_perc": 0.018518518518518517}, "HIMACHAL PRADESH": {"global_perc": 4.833252779120348e-05, "local_perc": 0.018518518518518517}, "JAMMU & KASHMIR": {"global_perc": 0.0003052037234854265, "local_perc": 0.037037037037037035}, "JHARKHAND": {"global_perc": 3.086991418163858e-05, "local_perc": 0.018518518518518517}, "KARNATAKA": {"global_perc": 0.00017041581458759374, "local_perc": 0.09259259259259259}, "MADHYA PRADESH": {"global_perc": 0.00036427881900806877, "local_perc": 0.37037037037037035}, "MANIPUR": {"global_perc": 0.0003874467260751647, "local_perc": 0.018518518518518517}, "Punjab": {"global_perc": 0.0003179397504172959, "local_perc": 0.07407407407407407}, "RAJASTHAN": {"global_perc": 6.715616045845272e-05, "local_perc": 0.05555555555555555}, "UTTAR PRADESH": {"global_perc": 3.7462303557045726e-05, "local_perc": 0.07407407407407407}, "UTTARAKHAND": {"global_perc": 0.0002381944857976538, "local_perc": 0.07407407407407407}, "West Bengal": {"global_perc": 2.4864488537470783e-05, "local_perc": 0.018518518518518517}}, "partition_field": "Stat_Nam", "Vil_Nam": "Rasulpur Kalan (169)", "Stat_Nam": "Punjab"}, {"data": [["Mat_An_Chil_Wel_Cen_Doc_Tot_Stren_Num", 4.0], ["Mat_An_Chil_Wel_Cen_Par_Med_Staf_In_Pos_Num", 6.0], 0.6666666666666666], "data_low": {"Stat_Nam": "JAMMU & KASHMIR", "Vil_Nam": "Dard Pora", "Mat_An_Chil_Wel_Cen_Doc_Tot_Stren_Num": "2", "Mat_An_Chil_Wel_Cen_Par_Med_Staf_In_Pos_Num": "3", "id": 83}, "data_high": {"Stat_Nam": "West Bengal", "Vil_Nam": "Goalpota", "Mat_An_Chil_Wel_Cen_Doc_Tot_Stren_Num": "9", "Mat_An_Chil_Wel_Cen_Par_Med_Staf_In_Pos_Num": "13", "id": 330938}, "perc": 0.048335942831908146, "metric": 99.95166439040693, "value_global_local": {"ASSAM": {"global_perc": 0.00018942981625307822, "local_perc": 0.016611295681063124}, "Arunachal Pradesh": {"global_perc": 0.0001789228842368939, "local_perc": 0.0033222591362126247}, "BIHAR": {"global_perc": 0.0008691001470784865, "local_perc": 0.12956810631229235}, "HIMACHAL PRADESH": {"global_perc": 9.666505558240696e-05, "local_perc": 0.006644518272425249}, "JAMMU & KASHMIR": {"global_perc": 0.0025942316496261253, "local_perc": 0.05647840531561462}, "JHARKHAND": {"global_perc": 6.173982836327716e-05, "local_perc": 0.006644518272425249}, "KARNATAKA": {"global_perc": 0.001874573960463531, "local_perc": 0.18272425249169436}, "KERALA": {"global_perc": 0.025540275049115914, "local_perc": 0.08637873754152824}, "MADHYA PRADESH": {"global_perc": 0.0008014134018177513, "local_perc": 0.1461794019933555}, "MANIPUR": {"global_perc": 0.0003874467260751647, "local_perc": 0.0033222591362126247}, "ODISHA": {"global_perc": 7.795295539142128e-05, "local_perc": 0.013289036544850499}, "Punjab": {"global_perc": 0.0006358795008345918, "local_perc": 0.026578073089700997}, "RAJASTHAN": {"global_perc": 0.0001566977077363897, "local_perc": 0.023255813953488372}, "SIKKIM": {"global_perc": 0.0066518847006651885, "local_perc": 0.009966777408637873}, "TRIPURA": {"global_perc": 0.001142857142857143, "local_perc": 0.0033222591362126247}, "Tamil Nadu": {"global_perc": 0.0013768070592652857, "local_perc": 0.07308970099667775}, "UTTAR PRADESH": {"global_perc": 0.0004963755221308559, "local_perc": 0.1760797342192691}, "UTTARAKHAND": {"global_perc": 0.0004763889715953076, "local_perc": 0.026578073089700997}, "West Bengal": {"global_perc": 7.459346561241235e-05, "local_perc": 0.009966777408637873}}, "partition_field": "Stat_Nam", "Vil_Nam": "Warnow", "Stat_Nam": "JAMMU & KASHMIR"}, {"data": [["Mat_An_Chil_Wel_Cen_Doc_Tot_Stren_Num", 4.0], ["Mat_An_Chil_Wel_Cen_Par_Med_Staf_In_Pos_Num", 5.0], 0.8], "data_low": {"Stat_Nam": "JAMMU & KASHMIR", "Vil_Nam": "Panzgam", "Mat_An_Chil_Wel_Cen_Doc_Tot_Stren_Num": "4", "Mat_An_Chil_Wel_Cen_Par_Med_Staf_In_Pos_Num": "5", "id": 85}, "data_high": {"Stat_Nam": "West Bengal", "Vil_Nam": "Sumuria", "Mat_An_Chil_Wel_Cen_Doc_Tot_Stren_Num": "9", "Mat_An_Chil_Wel_Cen_Par_Med_Staf_In_Pos_Num": "11", "id": 318065}, "perc": 0.0022481833875306113, "metric": 99.99775201664798, "value_global_local": {}, "partition_field": null, "Vil_Nam": "Panzgam", "Stat_Nam": "JAMMU & KASHMIR"}, {"data": [["Mat_An_Chil_Wel_Cen_Doc_Tot_Stren_Num", 2.0], ["Mat_An_Chil_Wel_Cen_Par_Med_Staf_In_Pos_Num", 2.0], 1.0], "data_low": {"Stat_Nam": "JAMMU & KASHMIR", "Vil_Nam": "Hamchi Pora", "Mat_An_Chil_Wel_Cen_Doc_Tot_Stren_Num": "1", "Mat_An_Chil_Wel_Cen_Par_Med_Staf_In_Pos_Num": "1", "id": 385}, "data_high": {"Stat_Nam": "Punjab", "Vil_Nam": "Lakho Ke Behram (252)", "Mat_An_Chil_Wel_Cen_Doc_Tot_Stren_Num": "8", "Mat_An_Chil_Wel_Cen_Par_Med_Staf_In_Pos_Num": "8", "id": 34533}, "perc": 1.6368380906499658, "metric": 98.36316190935004, "value_global_local": {"": {"global_perc": 0.019019808861192065, "local_perc": 0.971941528499951}, "ADHAKARI": {"global_perc": 1.0, "local_perc": 9.810654370646523e-05}, "AHMEDPUR": {"global_perc": 0.3333333333333333, "local_perc": 9.810654370646523e-05}, "ALABALPUR": {"global_perc": 0.5, "local_perc": 9.810654370646523e-05}, "AMARPUR": {"global_perc": 0.06666666666666667, "local_perc": 9.810654370646523e-05}, "AMROH": {"global_perc": 0.1, "local_perc": 9.810654370646523e-05}, "ANANDPUR": {"global_perc": 0.2, "local_perc": 9.810654370646523e-05}, "ANANTNAG": {"global_perc": 0.5, "local_perc": 9.810654370646523e-05}, "ANDRANA": {"global_perc": 0.5, "local_perc": 9.810654370646523e-05}, "ARASUR": {"global_perc": 0.25, "local_perc": 9.810654370646523e-05}, "ASOUTA": {"global_perc": 0.5, "local_perc": 9.810654370646523e-05}, "Amonggre": {"global_perc": 0.25, "local_perc": 9.810654370646523e-05}, "B.B.NAGAR": {"global_perc": 0.5, "local_perc": 9.810654370646523e-05}, "BADETH MALLA": {"global_perc": 1.0, "local_perc": 9.810654370646523e-05}, "BADGAON": {"global_perc": 0.16666666666666666, "local_perc": 9.810654370646523e-05}, "BADKI CHILMI": {"global_perc": 0.25, "local_perc": 9.810654370646523e-05}, "BADOLI": {"global_perc": 0.09090909090909091, "local_perc": 9.810654370646523e-05}, "BAHARAGORA": {"global_perc": 0.125, "local_perc": 9.810654370646523e-05}, "BAHERA": {"global_perc": 0.07692307692307693, "local_perc": 9.810654370646523e-05}, "BAHERAKHAL": {"global_perc": 0.5, "local_perc": 9.810654370646523e-05}, "BAIKUNTH PUR": {"global_perc": 0.25, "local_perc": 9.810654370646523e-05}, "BAJIPUR": {"global_perc": 1.0, "local_perc": 9.810654370646523e-05}, "BALIA": {"global_perc": 0.08333333333333333, "local_perc": 9.810654370646523e-05}, "BALLAGAN": {"global_perc": 1.0, "local_perc": 9.810654370646523e-05}, "BALRAMPUR": {"global_perc": 0.1, "local_perc": 9.810654370646523e-05}, "BAMBOOFLAT": {"global_perc": 1.0, "local_perc": 9.810654370646523e-05}, "BANDULAHAR": {"global_perc": 1.0, "local_perc": 9.810654370646523e-05}, "BANE DI HATTI": {"global_perc": 0.14285714285714285, "local_perc": 9.810654370646523e-05}, "BANGA": {"global_perc": 0.5, "local_perc": 9.810654370646523e-05}, "BANGANA": {"global_perc": 0.0625, "local_perc": 9.810654370646523e-05}, "BANGRA": {"global_perc": 0.3333333333333333, "local_perc": 0.00019621308741293045}, "BANIA CHHAPAR": {"global_perc": 0.4, "local_perc": 0.00019621308741293045}, "BANKATI": {"global_perc": 0.1, "local_perc": 9.810654370646523e-05}, "BARA BOARIJOR": {"global_perc": 1.0, "local_perc": 0.00019621308741293045}, "BARABARU": {"global_perc": 1.0, "local_perc": 0.00029431963111939565}, "BARAILA": {"global_perc": 0.4, "local_perc": 0.00019621308741293045}, "BARDIH": {"global_perc": 0.16666666666666666, "local_perc": 9.810654370646523e-05}, "BARDIKANPUR": {"global_perc": 1.0, "local_perc": 9.810654370646523e-05}, "BARGADAHA": {"global_perc": 1.0, "local_perc": 9.810654370646523e-05}, "BARKABARAN": {"global_perc": 1.0, "local_perc": 9.810654370646523e-05}, "BARKABARU": {"global_perc": 1.0, "local_perc": 9.810654370646523e-05}, "BARMANDA": {"global_perc": 0.3333333333333333, "local_perc": 9.810654370646523e-05}, "BATIJODA": {"global_perc": 0.25, "local_perc": 9.810654370646523e-05}, "BAUSI": {"global_perc": 0.5, "local_perc": 9.810654370646523e-05}, "BEGUNIA": {"global_perc": 0.5, "local_perc": 9.810654370646523e-05}, "BELPAHARI": {"global_perc": 0.2, "local_perc": 9.810654370646523e-05}, "BETU QUADIM": {"global_perc": 1.0, "local_perc": 9.810654370646523e-05}, "BHADAURA": {"global_perc": 0.14285714285714285, "local_perc": 9.810654370646523e-05}, "BHALT": {"global_perc": 1.0, "local_perc": 9.810654370646523e-05}, "BHARIGADA": {"global_perc": 1.0, "local_perc": 9.810654370646523e-05}, "BHAWARNA": {"global_perc": 0.5, "local_perc": 0.00019621308741293045}, "BHITLU": {"global_perc": 0.3333333333333333, "local_perc": 9.810654370646523e-05}, "BHUMAL GADI": {"global_perc": 1.0, "local_perc": 9.810654370646523e-05}, "BIRIYA": {"global_perc": 1.0, "local_perc": 9.810654370646523e-05}, "BODASA": {"global_perc": 0.6666666666666666, "local_perc": 0.00019621308741293045}, "BRAKHARI": {"global_perc": 1.0, "local_perc": 9.810654370646523e-05}, "BRUNDADEIPUR": {"global_perc": 1.0, "local_perc": 9.810654370646523e-05}, "BUDGADDA": {"global_perc": 0.5, "local_perc": 0.00019621308741293045}, "BUDGAM": {"global_perc": 1.0, "local_perc": 9.810654370646523e-05}, "CHAINPUR": {"global_perc": 0.043478260869565216, "local_perc": 9.810654370646523e-05}, "CHAK BAMUN": {"global_perc": 0.6666666666666666, "local_perc": 0.00019621308741293045}, "CHAKAPADA": {"global_perc": 0.3333333333333333, "local_perc": 9.810654370646523e-05}, "CHALANGI": {"global_perc": 1.0, "local_perc": 9.810654370646523e-05}, "CHAUNTRA": {"global_perc": 0.2, "local_perc": 9.810654370646523e-05}, "CHELA": {"global_perc": 0.25, "local_perc": 9.810654370646523e-05}, "CHHANGLA": {"global_perc": 0.2, "local_perc": 9.810654370646523e-05}, "CHILOI": {"global_perc": 0.3333333333333333, "local_perc": 9.810654370646523e-05}, "CHINDALU": {"global_perc": 1.0, "local_perc": 9.810654370646523e-05}, "CHIPRA": {"global_perc": 0.6666666666666666, "local_perc": 0.00019621308741293045}, "CHIRKUWEDA": {"global_perc": 1.0, "local_perc": 9.810654370646523e-05}, "CHITAUNI": {"global_perc": 0.5, "local_perc": 9.810654370646523e-05}, "CHOPARA": {"global_perc": 0.25, "local_perc": 9.810654370646523e-05}, "DAIRA": {"global_perc": 1.0, "local_perc": 9.810654370646523e-05}, "DALU": {"global_perc": 0.07692307692307693, "local_perc": 9.810654370646523e-05}, "DARKOHLI": {"global_perc": 0.2, "local_perc": 9.810654370646523e-05}, "DEVIDALI": {"global_perc": 1.0, "local_perc": 9.810654370646523e-05}, "DHANPURA": {"global_perc": 0.125, "local_perc": 9.810654370646523e-05}, "DIFFERPAT": {"global_perc": 1.0, "local_perc": 9.810654370646523e-05}, "DORIHAR": {"global_perc": 0.5, "local_perc": 9.810654370646523e-05}, "DUIKASAI": {"global_perc": 1.0, "local_perc": 9.810654370646523e-05}, "Dhaliwal Bet": {"global_perc": 1.0, "local_perc": 0.00019621308741293045}, "EKDERBA": {"global_perc": 0.5, "local_perc": 9.810654370646523e-05}, "ERKI": {"global_perc": 1.0, "local_perc": 9.810654370646523e-05}, "FAKRA": {"global_perc": 1.0, "local_perc": 9.810654370646523e-05}, "FATEHPUR": {"global_perc": 0.015873015873015872, "local_perc": 9.810654370646523e-05}, "FRANGAMATIA": {"global_perc": 1.0, "local_perc": 9.810654370646523e-05}, "G. NANDIPUR": {"global_perc": 1.0, "local_perc": 9.810654370646523e-05}, "GAJADHARPUR": {"global_perc": 0.125, "local_perc": 9.810654370646523e-05}, "GAJODIH": {"global_perc": 1.0, "local_perc": 9.810654370646523e-05}, "GANEOR": {"global_perc": 1.0, "local_perc": 9.810654370646523e-05}, "GANGAIKONDAN": {"global_perc": 1.0, "local_perc": 9.810654370646523e-05}, "GARHWA": {"global_perc": 0.14285714285714285, "local_perc": 9.810654370646523e-05}, "GARUD": {"global_perc": 0.25, "local_perc": 9.810654370646523e-05}, "GIPU": {"global_perc": 0.5, "local_perc": 9.810654370646523e-05}, "GOPICHAK": {"global_perc": 1.0, "local_perc": 9.810654370646523e-05}, "GORIYADIH": {"global_perc": 1.0, "local_perc": 9.810654370646523e-05}, "GOVINDPUR": {"global_perc": 0.037037037037037035, "local_perc": 9.810654370646523e-05}, "GUDDALUR": {"global_perc": 1.0, "local_perc": 9.810654370646523e-05}, "GUMRU": {"global_perc": 0.3333333333333333, "local_perc": 9.810654370646523e-05}, "GUSHAL": {"global_perc": 1.0, "local_perc": 9.810654370646523e-05}, "GUTJORA": {"global_perc": 1.0, "local_perc": 9.810654370646523e-05}, "HALLIDAYGANJ": {"global_perc": 0.2, "local_perc": 9.810654370646523e-05}, "HARIHARPUR": {"global_perc": 0.03225806451612903, "local_perc": 9.810654370646523e-05}, "HATGAON": {"global_perc": 0.5, "local_perc": 9.810654370646523e-05}, "HATIMODA": {"global_perc": 1.0, "local_perc": 9.810654370646523e-05}, "HAZARA SINGHWALA": {"global_perc": 1.0, "local_perc": 9.810654370646523e-05}, "HERMA": {"global_perc": 1.0, "local_perc": 9.810654370646523e-05}, "HITUTOLI": {"global_perc": 1.0, "local_perc": 9.810654370646523e-05}, "HULIYAR": {"global_perc": 0.5, "local_perc": 9.810654370646523e-05}, "IBRAHIMPUR": {"global_perc": 0.1, "local_perc": 9.810654370646523e-05}, "ICHA": {"global_perc": 0.5, "local_perc": 9.810654370646523e-05}, "IDAR": {"global_perc": 0.5, "local_perc": 9.810654370646523e-05}, "INDRAGADA": {"global_perc": 0.3333333333333333, "local_perc": 9.810654370646523e-05}, "ISMILPUR": {"global_perc": 1.0, "local_perc": 9.810654370646523e-05}, "ITKHORI": {"global_perc": 0.5, "local_perc": 9.810654370646523e-05}, "JAGDISPUR": {"global_perc": 1.0, "local_perc": 9.810654370646523e-05}, "JAIDPUR": {"global_perc": 1.0, "local_perc": 9.810654370646523e-05}, "JAIND": {"global_perc": 0.5, "local_perc": 9.810654370646523e-05}, "JAMBANI": {"global_perc": 0.2, "local_perc": 9.810654370646523e-05}, "JAMBGI(K.D)": {"global_perc": 1.0, "local_perc": 9.810654370646523e-05}, "JAMRI": {"global_perc": 0.25, "local_perc": 9.810654370646523e-05}, "JAMUAMWAN": {"global_perc": 1.0, "local_perc": 9.810654370646523e-05}, "JANKI DHAR": {"global_perc": 1.0, "local_perc": 9.810654370646523e-05}, "JHAMKE": {"global_perc": 1.0, "local_perc": 9.810654370646523e-05}, "JHUNGIAN": {"global_perc": 1.0, "local_perc": 9.810654370646523e-05}, "JKARIYA": {"global_perc": 1.0, "local_perc": 9.810654370646523e-05}, "Jansua": {"global_perc": 0.5, "local_perc": 9.810654370646523e-05}, "KADGIDOHI": {"global_perc": 1.0, "local_perc": 9.810654370646523e-05}, "KAKWARA": {"global_perc": 1.0, "local_perc": 9.810654370646523e-05}, "KANA SUAN": {"global_perc": 0.5, "local_perc": 9.810654370646523e-05}, "KANAUDI": {"global_perc": 0.5, "local_perc": 9.810654370646523e-05}, "KANDA MALLA": {"global_perc": 0.3333333333333333, "local_perc": 9.810654370646523e-05}, "KANDHALA SHEIKAN": {"global_perc": 1.0, "local_perc": 9.810654370646523e-05}, "KANDI": {"global_perc": 0.08333333333333333, "local_perc": 9.810654370646523e-05}, "KANKABATI": {"global_perc": 0.3333333333333333, "local_perc": 9.810654370646523e-05}, "KANNAPUR HATTI": {"global_perc": 1.0, "local_perc": 9.810654370646523e-05}, "KARNU": {"global_perc": 0.125, "local_perc": 9.810654370646523e-05}, "KARSANDA": {"global_perc": 1.0, "local_perc": 9.810654370646523e-05}, "KATGHARA KALAN": {"global_perc": 1.0, "local_perc": 9.810654370646523e-05}, "KAULI": {"global_perc": 0.14285714285714285, "local_perc": 9.810654370646523e-05}, "KESHOPUR": {"global_perc": 0.2, "local_perc": 9.810654370646523e-05}, "KHAIRA BUHLA": {"global_perc": 0.3333333333333333, "local_perc": 9.810654370646523e-05}, "KHALSIBERIA": {"global_perc": 0.5, "local_perc": 9.810654370646523e-05}, "KHARAICH": {"global_perc": 1.0, "local_perc": 9.810654370646523e-05}, "KHARUHL": {"global_perc": 0.25, "local_perc": 9.810654370646523e-05}, "KHIRAIRIKHAL": {"global_perc": 0.2, "local_perc": 9.810654370646523e-05}, "KHIRANWALI": {"global_perc": 0.5, "local_perc": 9.810654370646523e-05}, "KHUN KHUN SARKI": {"global_perc": 0.5, "local_perc": 9.810654370646523e-05}, "KHUNTI": {"global_perc": 0.3333333333333333, "local_perc": 0.00019621308741293045}, "KIRIBURU": {"global_perc": 1.0, "local_perc": 9.810654370646523e-05}, "KISHANPUR": {"global_perc": 0.1111111111111111, "local_perc": 9.810654370646523e-05}, "KOKADIH": {"global_perc": 1.0, "local_perc": 9.810654370646523e-05}, "KOLAMBI": {"global_perc": 0.5, "local_perc": 9.810654370646523e-05}, "KONCH": {"global_perc": 0.3333333333333333, "local_perc": 9.810654370646523e-05}, "KONE": {"global_perc": 1.0, "local_perc": 9.810654370646523e-05}, "KOT GANGURAI": {"global_perc": 1.0, "local_perc": 9.810654370646523e-05}, "KOTHI": {"global_perc": 0.05405405405405406, "local_perc": 0.00019621308741293045}, "KRISHAN GARH": {"global_perc": 0.1111111111111111, "local_perc": 9.810654370646523e-05}, "KUKURBAGHI": {"global_perc": 0.0625, "local_perc": 9.810654370646523e-05}, "KUMKUMA": {"global_perc": 0.6666666666666666, "local_perc": 0.00019621308741293045}, "KURALI": {"global_perc": 0.5, "local_perc": 9.810654370646523e-05}, "KURKNALA": {"global_perc": 0.5, "local_perc": 9.810654370646523e-05}, "KURKUTIYA": {"global_perc": 1.0, "local_perc": 9.810654370646523e-05}, "KURSI": {"global_perc": 0.3333333333333333, "local_perc": 9.810654370646523e-05}, "LASRANA": {"global_perc": 0.3333333333333333, "local_perc": 9.810654370646523e-05}, "LODHBHARWARI": {"global_perc": 1.0, "local_perc": 9.810654370646523e-05}, "LOHNA": {"global_perc": 0.3333333333333333, "local_perc": 9.810654370646523e-05}, "LOTOR": {"global_perc": 1.0, "local_perc": 9.810654370646523e-05}, "MADHOPUR": {"global_perc": 0.03225806451612903, "local_perc": 9.810654370646523e-05}, "MAHUADANR": {"global_perc": 0.16666666666666666, "local_perc": 9.810654370646523e-05}, "MAHUAKOL": {"global_perc": 1.0, "local_perc": 9.810654370646523e-05}, "MAKUNDAPUR": {"global_perc": 0.1111111111111111, "local_perc": 9.810654370646523e-05}, "MALAU": {"global_perc": 1.0, "local_perc": 9.810654370646523e-05}, "MAMBATTU": {"global_perc": 1.0, "local_perc": 9.810654370646523e-05}, "MAMKHIR": {"global_perc": 1.0, "local_perc": 9.810654370646523e-05}, "MANGAT KHERA": {"global_perc": 1.0, "local_perc": 9.810654370646523e-05}, "MARANGHADA": {"global_perc": 0.3333333333333333, "local_perc": 9.810654370646523e-05}, "MASAURI": {"global_perc": 0.25, "local_perc": 9.810654370646523e-05}, "MASTI PALKOT": {"global_perc": 1.0, "local_perc": 9.810654370646523e-05}, "MATHIA": {"global_perc": 0.25, "local_perc": 9.810654370646523e-05}, "MATHURAPUR": {"global_perc": 0.1, "local_perc": 9.810654370646523e-05}, "MAYURHAND": {"global_perc": 0.25, "local_perc": 9.810654370646523e-05}, "MERKHARA": {"global_perc": 1.0, "local_perc": 9.810654370646523e-05}, "MERLE": {"global_perc": 1.0, "local_perc": 9.810654370646523e-05}, "MISRAULI": {"global_perc": 1.0, "local_perc": 9.810654370646523e-05}, "MOHANPUR": {"global_perc": 0.013333333333333334, "local_perc": 9.810654370646523e-05}, "MUBARAKPUR": {"global_perc": 0.08333333333333333, "local_perc": 9.810654370646523e-05}, "MUNAN": {"global_perc": 1.0, "local_perc": 9.810654370646523e-05}, "MUNIMPUR": {"global_perc": 0.3333333333333333, "local_perc": 9.810654370646523e-05}, "Mianpur": {"global_perc": 0.3333333333333333, "local_perc": 9.810654370646523e-05}, "N.A.": {"global_perc": 0.0009471490812653912, "local_perc": 0.0009810654370646522}, "NAIDUMANGALAM": {"global_perc": 1.0, "local_perc": 9.810654370646523e-05}, "NARAPAKKAM": {"global_perc": 1.0, "local_perc": 9.810654370646523e-05}, "NARAYANPUR": {"global_perc": 0.011235955056179775, "local_perc": 9.810654370646523e-05}, "NAUGAON": {"global_perc": 0.125, "local_perc": 9.810654370646523e-05}, "NAWADA": {"global_perc": 0.03225806451612903, "local_perc": 9.810654370646523e-05}, "NERKUNDRAM": {"global_perc": 1.0, "local_perc": 9.810654370646523e-05}, "NOTAR": {"global_perc": 1.0, "local_perc": 9.810654370646523e-05}, "OBRA": {"global_perc": 1.0, "local_perc": 9.810654370646523e-05}, "PABAPUR": {"global_perc": 1.0, "local_perc": 9.810654370646523e-05}, "PADARIYA": {"global_perc": 0.07692307692307693, "local_perc": 9.810654370646523e-05}, "PAIGAMBARPUR": {"global_perc": 1.0, "local_perc": 9.810654370646523e-05}, "PALLIKKADU": {"global_perc": 1.0, "local_perc": 9.810654370646523e-05}, "PALRI CHHINA": {"global_perc": 1.0, "local_perc": 9.810654370646523e-05}, "PANDRA": {"global_perc": 0.3333333333333333, "local_perc": 9.810654370646523e-05}, "PARSHURAMPUR": {"global_perc": 0.5, "local_perc": 9.810654370646523e-05}, "PATAHATU": {"global_perc": 1.0, "local_perc": 9.810654370646523e-05}, "PATLOT": {"global_perc": 1.0, "local_perc": 9.810654370646523e-05}, "PHULBARI": {"global_perc": 0.2, "local_perc": 9.810654370646523e-05}, "PIPARAHI": {"global_perc": 1.0, "local_perc": 9.810654370646523e-05}, "PRANPUR": {"global_perc": 0.09090909090909091, "local_perc": 9.810654370646523e-05}, "PULSIYA": {"global_perc": 1.0, "local_perc": 9.810654370646523e-05}, "PUNAJUR STATE FOREST": {"global_perc": 1.0, "local_perc": 9.810654370646523e-05}, "PURUNABALICHUA": {"global_perc": 1.0, "local_perc": 9.810654370646523e-05}, "RAMGARHA": {"global_perc": 1.0, "local_perc": 9.810654370646523e-05}, "RASANPUR": {"global_perc": 1.0, "local_perc": 9.810654370646523e-05}, "RATANARI": {"global_perc": 1.0, "local_perc": 9.810654370646523e-05}, "RATNAG": {"global_perc": 0.3333333333333333, "local_perc": 9.810654370646523e-05}, "ROHELA HAJI UTTAR": {"global_perc": 0.5, "local_perc": 9.810654370646523e-05}, "ROORKEE": {"global_perc": 0.6666666666666666, "local_perc": 0.00019621308741293045}, "ROWAHALI": {"global_perc": 1.0, "local_perc": 9.810654370646523e-05}, "ROWAHLI": {"global_perc": 0.5, "local_perc": 9.810654370646523e-05}, "SADAT MALAUT": {"global_perc": 1.0, "local_perc": 9.810654370646523e-05}, "SAGAHRIYA": {"global_perc": 1.0, "local_perc": 9.810654370646523e-05}, "SAIDPUR": {"global_perc": 0.0625, "local_perc": 9.810654370646523e-05}, "SAKHRUA BUJURG": {"global_perc": 1.0, "local_perc": 9.810654370646523e-05}, "SALIAGOCHHA": {"global_perc": 1.0, "local_perc": 9.810654370646523e-05}, "SANKESHWAR TOWN": {"global_perc": 1.0, "local_perc": 9.810654370646523e-05}, "SANSARIPUR": {"global_perc": 0.3333333333333333, "local_perc": 9.810654370646523e-05}, "SAPARUM": {"global_perc": 1.0, "local_perc": 0.00019621308741293045}, "SAPERU": {"global_perc": 0.5, "local_perc": 9.810654370646523e-05}, "SARDAM": {"global_perc": 0.25, "local_perc": 9.810654370646523e-05}, "SARKAMI": {"global_perc": 0.5, "local_perc": 9.810654370646523e-05}, "SAWAYA RAI HITHER": {"global_perc": 1.0, "local_perc": 9.810654370646523e-05}, "SEMUAR KHANPUR": {"global_perc": 1.0, "local_perc": 9.810654370646523e-05}, "SERIYA DHAR": {"global_perc": 0.5, "local_perc": 9.810654370646523e-05}, "SEWAL": {"global_perc": 1.0, "local_perc": 9.810654370646523e-05}, "SHASHIN": {"global_perc": 1.0, "local_perc": 9.810654370646523e-05}, "SHIV PUR": {"global_perc": 1.0, "local_perc": 9.810654370646523e-05}, "SILADON": {"global_perc": 0.3333333333333333, "local_perc": 9.810654370646523e-05}, "SIMARIA": {"global_perc": 1.0, "local_perc": 9.810654370646523e-05}, "SISIA": {"global_perc": 0.3333333333333333, "local_perc": 9.810654370646523e-05}, "SODAG": {"global_perc": 1.0, "local_perc": 9.810654370646523e-05}, "SURAPUR": {"global_perc": 0.5, "local_perc": 9.810654370646523e-05}, "TABADS": {"global_perc": 1.0, "local_perc": 9.810654370646523e-05}, "TAJPUR": {"global_perc": 0.08333333333333333, "local_perc": 9.810654370646523e-05}, "TAMBA": {"global_perc": 0.5, "local_perc": 9.810654370646523e-05}, "TARNA": {"global_perc": 0.5, "local_perc": 9.810654370646523e-05}, "TIBBI KALAN": {"global_perc": 0.25, "local_perc": 9.810654370646523e-05}, "TIPIJHARI": {"global_perc": 1.0, "local_perc": 9.810654370646523e-05}, "TIUYRAK": {"global_perc": 1.0, "local_perc": 9.810654370646523e-05}, "TIYRAKALA": {"global_perc": 1.0, "local_perc": 0.00019621308741293045}, "TOE MAKHOWAL": {"global_perc": 0.5, "local_perc": 9.810654370646523e-05}, "TOLA SIPAHIYA": {"global_perc": 0.5, "local_perc": 9.810654370646523e-05}, "TUKBERA": {"global_perc": 0.5, "local_perc": 9.810654370646523e-05}, "TUSMU": {"global_perc": 1.0, "local_perc": 9.810654370646523e-05}, "Tengkigittim": {"global_perc": 0.16666666666666666, "local_perc": 9.810654370646523e-05}, "Tibbi Kalan": {"global_perc": 1.0, "local_perc": 9.810654370646523e-05}, "URMAR": {"global_perc": 1.0, "local_perc": 9.810654370646523e-05}, "VELLALAPATTI": {"global_perc": 0.5, "local_perc": 9.810654370646523e-05}}, "partition_field": "Near_Vil_Tow_Nam_hav_Prim_School", "Vil_Nam": "Gundi Zuni Reshi", "Stat_Nam": "JAMMU & KASHMIR"}, {"data": [["Mat_An_Chil_Wel_Cen_Doc_Tot_Stren_Num", 9.0], ["Mat_An_Chil_Wel_Cen_Par_Med_Staf_In_Pos_Num", 8.0], 1.125], "data_low": {"Stat_Nam": "MADHYA PRADESH", "Vil_Nam": "Nurabad", "Mat_An_Chil_Wel_Cen_Doc_Tot_Stren_Num": "6", "Mat_An_Chil_Wel_Cen_Par_Med_Staf_In_Pos_Num": "5", "id": 449778}, "data_high": {"Stat_Nam": "UTTAR PRADESH", "Vil_Nam": "Sarosi", "Mat_An_Chil_Wel_Cen_Doc_Tot_Stren_Num": "9", "Mat_An_Chil_Wel_Cen_Par_Med_Staf_In_Pos_Num": "8", "id": 141358}, "perc": 0.0004817535830422739, "metric": 99.99951812139255, "value_global_local": {}, "partition_field": null, "Vil_Nam": "Sarosi", "Stat_Nam": "UTTAR PRADESH"}, {"data": [["Mat_An_Chil_Wel_Cen_Doc_Tot_Stren_Num", 5.0], ["Mat_An_Chil_Wel_Cen_Par_Med_Staf_In_Pos_Num", 4.0], 1.25], "data_low": {"Stat_Nam": "UTTARAKHAND", "Vil_Nam": "Sirodi", "Mat_An_Chil_Wel_Cen_Doc_Tot_Stren_Num": "4", "Mat_An_Chil_Wel_Cen_Par_Med_Staf_In_Pos_Num": "3", "id": 54239}, "data_high": {"Stat_Nam": "BIHAR", "Vil_Nam": "Chhapra Gobindpur", "Mat_An_Chil_Wel_Cen_Doc_Tot_Stren_Num": "5", "Mat_An_Chil_Wel_Cen_Par_Med_Staf_In_Pos_Num": "4", "id": 228304}, "perc": 0.0024087679152113694, "metric": 99.9975909820408, "value_global_local": {}, "partition_field": null, "Vil_Nam": "Chhapra Gobindpur", "Stat_Nam": "BIHAR"}, {"data": [["Mat_An_Chil_Wel_Cen_Doc_Tot_Stren_Num", 7.0], ["Mat_An_Chil_Wel_Cen_Par_Med_Staf_In_Pos_Num", 5.0], 1.4], "data_low": {"Stat_Nam": "JAMMU & KASHMIR", "Vil_Nam": "Shoolora", "Mat_An_Chil_Wel_Cen_Doc_Tot_Stren_Num": "3", "Mat_An_Chil_Wel_Cen_Par_Med_Staf_In_Pos_Num": "2", "id": 93}, "data_high": {"Stat_Nam": "TRIPURA", "Vil_Nam": "Purba Debendranagar (Part)", "Mat_An_Chil_Wel_Cen_Doc_Tot_Stren_Num": "7", "Mat_An_Chil_Wel_Cen_Par_Med_Staf_In_Pos_Num": "5", "id": 270921}, "perc": 0.0171825444618411, "metric": 99.98281705552688, "value_global_local": {"BIHAR": {"global_perc": 0.00037883852564959665, "local_perc": 0.1588785046728972}, "HARYANA": {"global_perc": 0.00029235491887151, "local_perc": 0.018691588785046728}, "HIMACHAL PRADESH": {"global_perc": 4.833252779120348e-05, "local_perc": 0.009345794392523364}, "JAMMU & KASHMIR": {"global_perc": 0.0003052037234854265, "local_perc": 0.018691588785046728}, "JHARKHAND": {"global_perc": 0.0003704389701796629, "local_perc": 0.11214953271028037}, "KARNATAKA": {"global_perc": 6.81663258350375e-05, "local_perc": 0.018691588785046728}, "MADHYA PRADESH": {"global_perc": 0.0002367812323552447, "local_perc": 0.12149532710280374}, "Punjab": {"global_perc": 7.948493760432397e-05, "local_perc": 0.009345794392523364}, "RAJASTHAN": {"global_perc": 0.0008506446991404012, "local_perc": 0.35514018691588783}, "SIKKIM": {"global_perc": 0.0022172949002217295, "local_perc": 0.009345794392523364}, "TRIPURA": {"global_perc": 0.002285714285714286, "local_perc": 0.018691588785046728}, "UTTAR PRADESH": {"global_perc": 7.492460711409145e-05, "local_perc": 0.07476635514018691}, "UTTARAKHAND": {"global_perc": 0.0002381944857976538, "local_perc": 0.037383177570093455}, "West Bengal": {"global_perc": 9.945795414988313e-05, "local_perc": 0.037383177570093455}}, "partition_field": "Stat_Nam", "Vil_Nam": "Purba Debendranagar (Part)", "Stat_Nam": "TRIPURA"}, {"data": [["Mat_An_Chil_Wel_Cen_Doc_Tot_Stren_Num", 8.0], ["Mat_An_Chil_Wel_Cen_Par_Med_Staf_In_Pos_Num", 5.0], 1.6], "data_low": {"Stat_Nam": "UTTAR PRADESH", "Vil_Nam": "Bhinga Dehati", "Mat_An_Chil_Wel_Cen_Doc_Tot_Stren_Num": "5", "Mat_An_Chil_Wel_Cen_Par_Med_Staf_In_Pos_Num": "3", "id": 171911}, "data_high": {"Stat_Nam": "BIHAR", "Vil_Nam": "Mahanth Maniari", "Mat_An_Chil_Wel_Cen_Doc_Tot_Stren_Num": "8", "Mat_An_Chil_Wel_Cen_Par_Med_Staf_In_Pos_Num": "5", "id": 228569}, "perc": 0.0006423381107230318, "metric": 99.99935706177313, "value_global_local": {}, "partition_field": null, "Vil_Nam": "Mahanth Maniari", "Stat_Nam": "BIHAR"}, {"data": [["Mat_An_Chil_Wel_Cen_Doc_Tot_Stren_Num", 2.0], ["Mat_An_Chil_Wel_Cen_Par_Med_Staf_In_Pos_Num", 1.0], 2.0], "data_low": {"Stat_Nam": "JAMMU & KASHMIR", "Vil_Nam": "Palar", "Mat_An_Chil_Wel_Cen_Doc_Tot_Stren_Num": "2", "Mat_An_Chil_Wel_Cen_Par_Med_Staf_In_Pos_Num": "1", "id": 658}, "data_high": {"Stat_Nam": "BIHAR", "Vil_Nam": "Tengharhi", "Mat_An_Chil_Wel_Cen_Doc_Tot_Stren_Num": "8", "Mat_An_Chil_Wel_Cen_Par_Med_Staf_In_Pos_Num": "4", "id": 227739}, "perc": 0.04705126661046208, "metric": 99.95294773366011, "value_global_local": {"ASSAM": {"global_perc": 3.7885963250615644e-05, "local_perc": 0.0034129692832764505}, "BIHAR": {"global_perc": 0.0006908231938316174, "local_perc": 0.10580204778156997}, "HARYANA": {"global_perc": 0.000730887297178775, "local_perc": 0.017064846416382253}, "HIMACHAL PRADESH": {"global_perc": 9.666505558240696e-05, "local_perc": 0.006825938566552901}, "JAMMU & KASHMIR": {"global_perc": 0.0013734167556844193, "local_perc": 0.030716723549488054}, "JHARKHAND": {"global_perc": 0.0015743656232635674, "local_perc": 0.17406143344709898}, "KARNATAKA": {"global_perc": 0.00020449897750511248, "local_perc": 0.020477815699658702}, "MADHYA PRADESH": {"global_perc": 0.0011656922208258202, "local_perc": 0.21843003412969283}, "ODISHA": {"global_perc": 0.00025334710502211916, "local_perc": 0.04436860068259386}, "Punjab": {"global_perc": 0.0017486686272951276, "local_perc": 0.07508532423208192}, "RAJASTHAN": {"global_perc": 0.00013431232091690545, "local_perc": 0.020477815699658702}, "TRIPURA": {"global_perc": 0.008, "local_perc": 0.023890784982935155}, "Tamil Nadu": {"global_perc": 6.258213905751299e-05, "local_perc": 0.0034129692832764505}, "UTTAR PRADESH": {"global_perc": 0.00020604266956375148, "local_perc": 0.07508532423208192}, "UTTARAKHAND": {"global_perc": 0.0029178824510212586, "local_perc": 0.16723549488054607}, "West Bengal": {"global_perc": 9.945795414988313e-05, "local_perc": 0.013651877133105802}}, "partition_field": "Stat_Nam", "Vil_Nam": "Palar", "Stat_Nam": "JAMMU & KASHMIR"}, {"data": [["Mat_An_Chil_Wel_Cen_Doc_Tot_Stren_Num", 9.0], ["Mat_An_Chil_Wel_Cen_Par_Med_Staf_In_Pos_Num", 4.0], 2.25], "data_low": {"Stat_Nam": "BIHAR", "Vil_Nam": "Madhopur Hazari", "Mat_An_Chil_Wel_Cen_Doc_Tot_Stren_Num": "7", "Mat_An_Chil_Wel_Cen_Par_Med_Staf_In_Pos_Num": "3", "id": 226988}, "data_high": {"Stat_Nam": "BIHAR", "Vil_Nam": "Tola Utimpanre", "Mat_An_Chil_Wel_Cen_Doc_Tot_Stren_Num": "9", "Mat_An_Chil_Wel_Cen_Par_Med_Staf_In_Pos_Num": "4", "id": 216319}, "perc": 0.0012846762214460635, "metric": 99.99871407354458, "value_global_local": {}, "partition_field": null, "Vil_Nam": "Tola Utimpanre", "Stat_Nam": "BIHAR"}, {"data": [["Mat_An_Chil_Wel_Cen_Doc_Tot_Stren_Num", 5.0], ["Mat_An_Chil_Wel_Cen_Par_Med_Staf_In_Pos_Num", 2.0], 2.5], "data_low": {"Stat_Nam": "HIMACHAL PRADESH", "Vil_Nam": "Baldwara (478)", "Mat_An_Chil_Wel_Cen_Doc_Tot_Stren_Num": "5", "Mat_An_Chil_Wel_Cen_Par_Med_Staf_In_Pos_Num": "2", "id": 14030}, "data_high": {"Stat_Nam": "HIMACHAL PRADESH", "Vil_Nam": "Baldwara (478)", "Mat_An_Chil_Wel_Cen_Doc_Tot_Stren_Num": "5", "Mat_An_Chil_Wel_Cen_Par_Med_Staf_In_Pos_Num": "2", "id": 14030}, "perc": 0.0011240916937653056, "metric": 99.99887440802306, "value_global_local": {}, "partition_field": null, "Vil_Nam": "Baldwara (478)", "Stat_Nam": "HIMACHAL PRADESH"}, {"data": [["Mat_An_Chil_Wel_Cen_Doc_Tot_Stren_Num", 8.0], ["Mat_An_Chil_Wel_Cen_Par_Med_Staf_In_Pos_Num", 3.0], 2.6666666666666665], "data_low": {"Stat_Nam": "Punjab", "Vil_Nam": "Heir (347)", "Mat_An_Chil_Wel_Cen_Doc_Tot_Stren_Num": "8", "Mat_An_Chil_Wel_Cen_Par_Med_Staf_In_Pos_Num": "3", "id": 37406}, "data_high": {"Stat_Nam": "Punjab", "Vil_Nam": "Heir (347)", "Mat_An_Chil_Wel_Cen_Doc_Tot_Stren_Num": "8", "Mat_An_Chil_Wel_Cen_Par_Med_Staf_In_Pos_Num": "3", "id": 37406}, "perc": 0.0003211690553615159, "metric": 99.99967716394993, "value_global_local": {}, "partition_field": null, "Vil_Nam": "Heir (347)", "Stat_Nam": "Punjab"}, {"data": [["Mat_An_Chil_Wel_Cen_Doc_Tot_Stren_Num", 3.0], ["Mat_An_Chil_Wel_Cen_Par_Med_Staf_In_Pos_Num", 1.0], 3.0], "data_low": {"Stat_Nam": "Punjab", "Vil_Nam": "Siyonti Tarf Narot (78)", "Mat_An_Chil_Wel_Cen_Doc_Tot_Stren_Num": "3", "Mat_An_Chil_Wel_Cen_Par_Med_Staf_In_Pos_Num": "1", "id": 27491}, "data_high": {"Stat_Nam": "UTTAR PRADESH", "Vil_Nam": "Anwal Khera", "Mat_An_Chil_Wel_Cen_Doc_Tot_Stren_Num": "6", "Mat_An_Chil_Wel_Cen_Par_Med_Staf_In_Pos_Num": "2", "id": 123758}, "perc": 0.006905134690272592, "metric": 99.9930928650478, "value_global_local": {"BIHAR": {"global_perc": 4.456923831171725e-05, "local_perc": 0.046511627906976744}, "JHARKHAND": {"global_perc": 0.0001234796567265543, "local_perc": 0.09302325581395349}, "KARNATAKA": {"global_perc": 3.408316291751875e-05, "local_perc": 0.023255813953488372}, "MADHYA PRADESH": {"global_perc": 0.00040070670090887567, "local_perc": 0.5116279069767442}, "Punjab": {"global_perc": 7.948493760432397e-05, "local_perc": 0.023255813953488372}, "RAJASTHAN": {"global_perc": 0.00011192693409742121, "local_perc": 0.11627906976744186}, "TRIPURA": {"global_perc": 0.001142857142857143, "local_perc": 0.023255813953488372}, "UTTAR PRADESH": {"global_perc": 1.8731151778522863e-05, "local_perc": 0.046511627906976744}, "UTTARAKHAND": {"global_perc": 0.00017864586434824034, "local_perc": 0.06976744186046512}, "West Bengal": {"global_perc": 4.972897707494157e-05, "local_perc": 0.046511627906976744}}, "partition_field": "Stat_Nam", "Vil_Nam": "Siyonti Tarf Narot (78)", "Stat_Nam": "Punjab"}, {"data": [["Mat_An_Chil_Wel_Cen_Doc_Tot_Stren_Num", 7.0], ["Mat_An_Chil_Wel_Cen_Par_Med_Staf_In_Pos_Num", 2.0], 3.5], "data_low": {"Stat_Nam": "MADHYA PRADESH", "Vil_Nam": "Nateran", "Mat_An_Chil_Wel_Cen_Doc_Tot_Stren_Num": "7", "Mat_An_Chil_Wel_Cen_Par_Med_Staf_In_Pos_Num": "2", "id": 478993}, "data_high": {"Stat_Nam": "MADHYA PRADESH", "Vil_Nam": "Nateran", "Mat_An_Chil_Wel_Cen_Doc_Tot_Stren_Num": "7", "Mat_An_Chil_Wel_Cen_Par_Med_Staf_In_Pos_Num": "2", "id": 478993}, "perc": 0.00016058452768075794, "metric": 99.99983691497627, "value_global_local": {}, "partition_field": null, "Vil_Nam": "Nateran", "Stat_Nam": "MADHYA PRADESH"}, {"data": [["Mat_An_Chil_Wel_Cen_Doc_Tot_Stren_Num", 4.0], ["Mat_An_Chil_Wel_Cen_Par_Med_Staf_In_Pos_Num", 1.0], 4.0], "data_low": {"Stat_Nam": "TRIPURA", "Vil_Nam": "Debendrachandranagar (Part)", "Mat_An_Chil_Wel_Cen_Doc_Tot_Stren_Num": "12", "Mat_An_Chil_Wel_Cen_Par_Med_Staf_In_Pos_Num": "3", "id": 270790}, "data_high": {"Stat_Nam": "UTTAR PRADESH", "Vil_Nam": "Thansera", "Mat_An_Chil_Wel_Cen_Doc_Tot_Stren_Num": "8", "Mat_An_Chil_Wel_Cen_Par_Med_Staf_In_Pos_Num": "2", "id": 124139}, "perc": 0.009313902605483962, "metric": 99.9906830970739, "value_global_local": {"BIHAR": {"global_perc": 2.2284619155858625e-05, "local_perc": 0.017241379310344827}, "HARYANA": {"global_perc": 0.000146177459435755, "local_perc": 0.017241379310344827}, "JHARKHAND": {"global_perc": 0.0013274063098104587, "local_perc": 0.7413793103448276}, "MADHYA PRADESH": {"global_perc": 9.106970475201719e-05, "local_perc": 0.08620689655172414}, "Punjab": {"global_perc": 0.0003974246880216199, "local_perc": 0.08620689655172414}, "TRIPURA": {"global_perc": 0.001142857142857143, "local_perc": 0.017241379310344827}, "UTTAR PRADESH": {"global_perc": 9.365575889261431e-06, "local_perc": 0.017241379310344827}, "West Bengal": {"global_perc": 2.4864488537470783e-05, "local_perc": 0.017241379310344827}}, "partition_field": "Stat_Nam", "Vil_Nam": "Sekhwan (474)", "Stat_Nam": "Punjab"}, {"data": [["Mat_An_Chil_Wel_Cen_Doc_Tot_Stren_Num", 5.0], ["Mat_An_Chil_Wel_Cen_Par_Med_Staf_In_Pos_Num", 1.0], 5.0], "data_low": {"Stat_Nam": "Punjab", "Vil_Nam": "Khizarabad (322)", "Mat_An_Chil_Wel_Cen_Doc_Tot_Stren_Num": "5", "Mat_An_Chil_Wel_Cen_Par_Med_Staf_In_Pos_Num": "1", "id": 38774}, "data_high": {"Stat_Nam": "Punjab", "Vil_Nam": "Khizarabad (322)", "Mat_An_Chil_Wel_Cen_Doc_Tot_Stren_Num": "5", "Mat_An_Chil_Wel_Cen_Par_Med_Staf_In_Pos_Num": "1", "id": 38774}, "perc": 0.0030511060259344014, "metric": 99.996944893296, "value_global_local": {}, "partition_field": null, "Vil_Nam": "Khizarabad (322)", "Stat_Nam": "Punjab"}, {"data": [["Mat_An_Chil_Wel_Cen_Doc_Tot_Stren_Num", 6.0], ["Mat_An_Chil_Wel_Cen_Par_Med_Staf_In_Pos_Num", 1.0], 6.0], "data_low": {"Stat_Nam": "UTTAR PRADESH", "Vil_Nam": "Nainapur", "Mat_An_Chil_Wel_Cen_Doc_Tot_Stren_Num": "6", "Mat_An_Chil_Wel_Cen_Par_Med_Staf_In_Pos_Num": "1", "id": 150382}, "data_high": {"Stat_Nam": "UTTAR PRADESH", "Vil_Nam": "Nainapur", "Mat_An_Chil_Wel_Cen_Doc_Tot_Stren_Num": "6", "Mat_An_Chil_Wel_Cen_Par_Med_Staf_In_Pos_Num": "1", "id": 150382}, "perc": 0.0024087679152113694, "metric": 99.9975862312051, "value_global_local": {}, "partition_field": null, "Vil_Nam": "Nainapur", "Stat_Nam": "UTTAR PRADESH"}, {"data": [["Mat_An_Chil_Wel_Cen_Doc_Tot_Stren_Num", 7.0], ["Mat_An_Chil_Wel_Cen_Par_Med_Staf_In_Pos_Num", 1.0], 7.0], "data_low": {"Stat_Nam": "Punjab", "Vil_Nam": "Ayali Khurd (153)", "Mat_An_Chil_Wel_Cen_Doc_Tot_Stren_Num": "7", "Mat_An_Chil_Wel_Cen_Par_Med_Staf_In_Pos_Num": "1", "id": 33424}, "data_high": {"Stat_Nam": "Punjab", "Vil_Nam": "Ayali Khurd (153)", "Mat_An_Chil_Wel_Cen_Doc_Tot_Stren_Num": "7", "Mat_An_Chil_Wel_Cen_Par_Med_Staf_In_Pos_Num": "1", "id": 33424}, "perc": 0.0003211690553615159, "metric": 99.99967282976372, "value_global_local": {}, "partition_field": null, "Vil_Nam": "Ayali Khurd (153)", "Stat_Nam": "Punjab"}, {"data": [["Mat_An_Chil_Wel_Cen_Doc_Tot_Stren_Num", 8.0], ["Mat_An_Chil_Wel_Cen_Par_Med_Staf_In_Pos_Num", 1.0], 8.0], "data_low": {"Stat_Nam": "BIHAR", "Vil_Nam": "Parsauni", "Mat_An_Chil_Wel_Cen_Doc_Tot_Stren_Num": "8", "Mat_An_Chil_Wel_Cen_Par_Med_Staf_In_Pos_Num": "1", "id": 230253}, "data_high": {"Stat_Nam": "BIHAR", "Vil_Nam": "Parsauni", "Mat_An_Chil_Wel_Cen_Doc_Tot_Stren_Num": "8", "Mat_An_Chil_Wel_Cen_Par_Med_Staf_In_Pos_Num": "1", "id": 230253}, "perc": 0.00016058452768075794, "metric": 99.99983241408336, "value_global_local": {}, "partition_field": null, "Vil_Nam": "Parsauni", "Stat_Nam": "BIHAR"}, {"data": [["Mat_An_Chil_Wel_Cen_Doc_Tot_Stren_Num", 11.0], ["Mat_An_Chil_Wel_Cen_Par_Med_Staf_In_Pos_Num", 1.0], 11.0], "data_low": {"Stat_Nam": "UTTAR PRADESH", "Vil_Nam": "Bhadev", "Mat_An_Chil_Wel_Cen_Doc_Tot_Stren_Num": "11", "Mat_An_Chil_Wel_Cen_Par_Med_Staf_In_Pos_Num": "1", "id": 204041}, "data_high": {"Stat_Nam": "UTTAR PRADESH", "Vil_Nam": "Bhadev", "Mat_An_Chil_Wel_Cen_Doc_Tot_Stren_Num": "11", "Mat_An_Chil_Wel_Cen_Par_Med_Staf_In_Pos_Num": "1", "id": 204041}, "perc": 0.00016058452768075794, "metric": 99.99982941348809, "value_global_local": {}, "partition_field": null, "Vil_Nam": "Bhadev", "Stat_Nam": "UTTAR PRADESH"}, {"data": [["Mat_An_Chil_Wel_Cen_Doc_Tot_Stren_Num", 1.0], ["Mat_An_Chil_Wel_Cen_Par_Med_Staf_In_Pos_Num", 0], 9999], "data_low": {"Stat_Nam": "JAMMU & KASHMIR", "Vil_Nam": "Trapay", "Mat_An_Chil_Wel_Cen_Doc_Tot_Stren_Num": "1", "Mat_An_Chil_Wel_Cen_Par_Med_Staf_In_Pos_Num": "", "id": 379}, "data_high": {"Stat_Nam": "UTTAR PRADESH", "Vil_Nam": "Biraich", "Mat_An_Chil_Wel_Cen_Doc_Tot_Stren_Num": "9", "Mat_An_Chil_Wel_Cen_Par_Med_Staf_In_Pos_Num": "0", "id": 204150}, "perc": 0.8087036814002971, "metric": 99.18137718906705, "value_global_local": {"ANDAMAN & NICOBAR ISLANDS": {"global_perc": 0.007207207207207207, "local_perc": 0.0007942811755361397}, "BIHAR": {"global_perc": 0.0010696617194812142, "local_perc": 0.009531374106433678}, "HIMACHAL PRADESH": {"global_perc": 0.001498308361527308, "local_perc": 0.006155679110405083}, "JAMMU & KASHMIR": {"global_perc": 0.001220814893941706, "local_perc": 0.0015885623510722795}, "JHARKHAND": {"global_perc": 0.005217015496696919, "local_perc": 0.033558379666401905}, "MADHYA PRADESH": {"global_perc": 0.0037702857767335117, "local_perc": 0.04110405083399524}, "MIZORAM": {"global_perc": 0.004819277108433735, "local_perc": 0.0007942811755361397}, "NAGALAND": {"global_perc": 0.0014005602240896359, "local_perc": 0.0003971405877680699}, "TRIPURA": {"global_perc": 0.006857142857142857, "local_perc": 0.0011914217633042098}, "UTTAR PRADESH": {"global_perc": 0.04010339595781744, "local_perc": 0.8502779984114377}, "UTTARAKHAND": {"global_perc": 0.0002381944857976538, "local_perc": 0.0007942811755361397}, "West Bengal": {"global_perc": 0.0067382763936545825, "local_perc": 0.05381254964257347}}, "partition_field": "Stat_Nam", "Vil_Nam": "Trapay", "Stat_Nam": "JAMMU & KASHMIR"}, {"data": [["Mat_An_Chil_Wel_Cen_Doc_Tot_Stren_Num", 0], ["Mat_An_Chil_Wel_Cen_Par_Med_Staf_In_Pos_Num", 0], 99980001], "data_low": {"Stat_Nam": "JAMMU & KASHMIR", "Vil_Nam": "Bore", "Mat_An_Chil_Wel_Cen_Doc_Tot_Stren_Num": "", "Mat_An_Chil_Wel_Cen_Par_Med_Staf_In_Pos_Num": "", "id": 0}, "data_high": {"Stat_Nam": "JAMMU & KASHMIR", "Vil_Nam": "Palmar", "Mat_An_Chil_Wel_Cen_Doc_Tot_Stren_Num": "Mat_st", "Mat_An_Chil_Wel_Cen_Par_Med_Staf_In_Pos_Num": "Mat_ppos", "id": 4582}, "perc": 94.88682805411699, "metric": 9.490580826671225e-07, "value_global_local": {"null": {"global_perc": 0.9488682805411699, "local_perc": 1.0}}, "partition_field": "Dist_Other", "Vil_Nam": "Bore", "Stat_Nam": "JAMMU & KASHMIR"}]