[{"data": [["Mat_An_Chil_Wel_Cen_Doc_In_Pos_Num", 0], ["Mat_An_Chil_Wel_Cen_Par_Med_Staf_In_Pos_Num", 1.0], 0.0], "data_low": {"Stat_Nam": "JAMMU & KASHMIR", "Vil_Nam": "Solina", "Mat_An_Chil_Wel_Cen_Doc_In_Pos_Num": "", "Mat_An_Chil_Wel_Cen_Par_Med_Staf_In_Pos_Num": "1", "id": 73}, "data_high": {"Stat_Nam": "BIHAR", "Vil_Nam": "Hasanpur", "Mat_An_Chil_Wel_Cen_Doc_In_Pos_Num": "2", "Mat_An_Chil_Wel_Cen_Par_Med_Staf_In_Pos_Num": "21", "id": 235814}, "perc": 0.7966598418242402, "metric": 99.20334115040761, "value_global_local": {"ANDAMAN & NICOBAR ISLANDS": {"global_perc": 0.010810810810810811, "local_perc": 0.0012094335819391251}, "ASSAM": {"global_perc": 0.00011365788975184695, "local_perc": 0.0006047167909695626}, "BIHAR": {"global_perc": 0.05869768685653162, "local_perc": 0.530941342471276}, "CHHATTISGARH": {"global_perc": 0.027675643446288384, "local_perc": 0.11227575085668212}, "Dadra & Nagar Haveli": {"global_perc": 0.046153846153846156, "local_perc": 0.0006047167909695626}, "GOA": {"global_perc": 0.0029940119760479044, "local_perc": 0.00020157226365652087}, "HIMACHAL PRADESH": {"global_perc": 9.666505558240696e-05, "local_perc": 0.00040314452731304173}, "JAMMU & KASHMIR": {"global_perc": 0.003357240958339692, "local_perc": 0.004434589800443459}, "JHARKHAND": {"global_perc": 0.0035191702167067978, "local_perc": 0.02297923805684338}, "KARNATAKA": {"global_perc": 0.0004430811179277437, "local_perc": 0.002620439427534771}, "MADHYA PRADESH": {"global_perc": 0.0008378412837185582, "local_perc": 0.00927232412819996}, "MIZORAM": {"global_perc": 0.01325301204819277, "local_perc": 0.0022172949002217295}, "NAGALAND": {"global_perc": 0.0021008403361344537, "local_perc": 0.0006047167909695626}, "PUDUCHERRY": {"global_perc": 0.4444444444444444, "local_perc": 0.008062890546260835}, "RAJASTHAN": {"global_perc": 0.006693230659025788, "local_perc": 0.06027010683329974}, "SIKKIM": {"global_perc": 0.08869179600886919, "local_perc": 0.008062890546260835}, "TRIPURA": {"global_perc": 0.013714285714285714, "local_perc": 0.0024188671638782503}, "UTTAR PRADESH": {"global_perc": 0.0021915447580871748, "local_perc": 0.047167909695625884}, "UTTARAKHAND": {"global_perc": 0.013219793961769786, "local_perc": 0.044749042531747635}, "West Bengal": {"global_perc": 0.017380277487692077, "local_perc": 0.1408990122959081}}, "partition_field": "Stat_Nam", "Vil_Nam": "Solina", "Stat_Nam": "JAMMU & KASHMIR"}, {"data": [["Mat_An_Chil_Wel_Cen_Doc_In_Pos_Num", 2.0], ["Mat_An_Chil_Wel_Cen_Par_Med_Staf_In_Pos_Num", 19.0], 0.10526315789473684], "data_low": {"Stat_Nam": "RAJASTHAN", "Vil_Nam": "Chhapra", "Mat_An_Chil_Wel_Cen_Doc_In_Pos_Num": "1", "Mat_An_Chil_Wel_Cen_Par_Med_Staf_In_Pos_Num": "9", "id": 70595}, "data_high": {"Stat_Nam": "PUDUCHERRY", "Vil_Nam": "Karikalampakkam", "Mat_An_Chil_Wel_Cen_Doc_In_Pos_Num": "5", "Mat_An_Chil_Wel_Cen_Par_Med_Staf_In_Pos_Num": "29", "id": 622125}, "perc": 0.08751856758601309, "metric": 99.91248232654658, "value_global_local": {"ANDAMAN & NICOBAR ISLANDS": {"global_perc": 0.0018018018018018018, "local_perc": 0.001834862385321101}, "ASSAM": {"global_perc": 0.00037885963250615644, "local_perc": 0.01834862385321101}, "BIHAR": {"global_perc": 0.0001559923340910104, "local_perc": 0.012844036697247707}, "GOA": {"global_perc": 0.0029940119760479044, "local_perc": 0.001834862385321101}, "HARYANA": {"global_perc": 0.000146177459435755, "local_perc": 0.001834862385321101}, "JAMMU & KASHMIR": {"global_perc": 0.0003052037234854265, "local_perc": 0.003669724770642202}, "JHARKHAND": {"global_perc": 3.086991418163858e-05, "local_perc": 0.001834862385321101}, "KARNATAKA": {"global_perc": 0.013156100886162236, "local_perc": 0.708256880733945}, "MADHYA PRADESH": {"global_perc": 0.0004189206418592791, "local_perc": 0.04220183486238532}, "ODISHA": {"global_perc": 1.948823884785532e-05, "local_perc": 0.001834862385321101}, "PUDUCHERRY": {"global_perc": 0.1, "local_perc": 0.01651376146788991}, "Punjab": {"global_perc": 0.0007153644384389158, "local_perc": 0.01651376146788991}, "RAJASTHAN": {"global_perc": 0.0007163323782234957, "local_perc": 0.05871559633027523}, "SIKKIM": {"global_perc": 0.008869179600886918, "local_perc": 0.007339449541284404}, "TRIPURA": {"global_perc": 0.001142857142857143, "local_perc": 0.001834862385321101}, "Tamil Nadu": {"global_perc": 0.0005006571124601039, "local_perc": 0.014678899082568808}, "UTTAR PRADESH": {"global_perc": 0.0003465263079026729, "local_perc": 0.06788990825688074}, "UTTARAKHAND": {"global_perc": 0.0003572917286964807, "local_perc": 0.011009174311926606}, "West Bengal": {"global_perc": 0.0001491869312248247, "local_perc": 0.011009174311926606}}, "partition_field": "Stat_Nam", "Vil_Nam": "Nettapakkam", "Stat_Nam": "PUDUCHERRY"}, {"data": [["Mat_An_Chil_Wel_Cen_Doc_In_Pos_Num", 3.0], ["Mat_An_Chil_Wel_Cen_Par_Med_Staf_In_Pos_Num", 14.0], 0.21428571428571427], "data_low": {"Stat_Nam": "HIMACHAL PRADESH", "Vil_Nam": "Up Mohal Siri Nagar (441/1)", "Mat_An_Chil_Wel_Cen_Doc_In_Pos_Num": "1", "Mat_An_Chil_Wel_Cen_Par_Med_Staf_In_Pos_Num": "4", "id": 22253}, "data_high": {"Stat_Nam": "PUDUCHERRY", "Vil_Nam": "Thirunallar", "Mat_An_Chil_Wel_Cen_Doc_In_Pos_Num": "7", "Mat_An_Chil_Wel_Cen_Par_Med_Staf_In_Pos_Num": "24", "id": 622165}, "perc": 0.08719739853065157, "metric": 99.91280338665555, "value_global_local": {"ASSAM": {"global_perc": 0.00011365788975184695, "local_perc": 0.0055248618784530384}, "Arunachal Pradesh": {"global_perc": 0.0003578457684737878, "local_perc": 0.003683241252302026}, "BIHAR": {"global_perc": 0.0001559923340910104, "local_perc": 0.01289134438305709}, "Dadra & Nagar Haveli": {"global_perc": 0.015384615384615385, "local_perc": 0.001841620626151013}, "HIMACHAL PRADESH": {"global_perc": 4.833252779120348e-05, "local_perc": 0.001841620626151013}, "JAMMU & KASHMIR": {"global_perc": 0.000610407446970853, "local_perc": 0.007366482504604052}, "JHARKHAND": {"global_perc": 9.260974254491573e-05, "local_perc": 0.0055248618784530384}, "KARNATAKA": {"global_perc": 0.011281526925698705, "local_perc": 0.6095764272559853}, "MADHYA PRADESH": {"global_perc": 0.00030963699615685846, "local_perc": 0.03130755064456722}, "ODISHA": {"global_perc": 0.0005066942100442383, "local_perc": 0.04788213627992634}, "PUDUCHERRY": {"global_perc": 0.1, "local_perc": 0.016574585635359115}, "Punjab": {"global_perc": 0.0009538192512518877, "local_perc": 0.022099447513812154}, "RAJASTHAN": {"global_perc": 0.0004253223495702006, "local_perc": 0.034990791896869246}, "TRIPURA": {"global_perc": 0.0034285714285714284, "local_perc": 0.0055248618784530384}, "Tamil Nadu": {"global_perc": 0.00031291069528756495, "local_perc": 0.009208103130755065}, "UTTAR PRADESH": {"global_perc": 0.0007960739505872216, "local_perc": 0.15653775322283608}, "UTTARAKHAND": {"global_perc": 0.00017864586434824034, "local_perc": 0.0055248618784530384}, "West Bengal": {"global_perc": 0.0002983738624496494, "local_perc": 0.022099447513812154}}, "partition_field": "Stat_Nam", "Vil_Nam": "Ambagarathur", "Stat_Nam": "PUDUCHERRY"}, {"data": [["Mat_An_Chil_Wel_Cen_Doc_In_Pos_Num", 6.0], ["Mat_An_Chil_Wel_Cen_Par_Med_Staf_In_Pos_Num", 19.0], 0.3157894736842105], "data_low": {"Stat_Nam": "JAMMU & KASHMIR", "Vil_Nam": "Garand Khurd", "Mat_An_Chil_Wel_Cen_Doc_In_Pos_Num": "1", "Mat_An_Chil_Wel_Cen_Par_Med_Staf_In_Pos_Num": "3", "id": 646}, "data_high": {"Stat_Nam": "PUDUCHERRY", "Vil_Nam": "Mannadipet", "Mat_An_Chil_Wel_Cen_Doc_In_Pos_Num": "6", "Mat_An_Chil_Wel_Cen_Par_Med_Staf_In_Pos_Num": "19", "id": 622093}, "perc": 0.136015094945602, "metric": 99.86398558847095, "value_global_local": {"ANDAMAN & NICOBAR ISLANDS": {"global_perc": 0.0018018018018018018, "local_perc": 0.0011806375442739079}, "ASSAM": {"global_perc": 0.005341920818336806, "local_perc": 0.16646989374262103}, "Arunachal Pradesh": {"global_perc": 0.0001789228842368939, "local_perc": 0.0011806375442739079}, "BIHAR": {"global_perc": 0.0009359540045460623, "local_perc": 0.049586776859504134}, "GOA": {"global_perc": 0.005988023952095809, "local_perc": 0.0023612750885478157}, "HARYANA": {"global_perc": 0.0029235491887151, "local_perc": 0.023612750885478158}, "HIMACHAL PRADESH": {"global_perc": 0.00014499758337361044, "local_perc": 0.0035419126328217238}, "JAMMU & KASHMIR": {"global_perc": 0.0019838242026552723, "local_perc": 0.015348288075560802}, "JHARKHAND": {"global_perc": 0.00015434957090819287, "local_perc": 0.0059031877213695395}, "KARNATAKA": {"global_perc": 0.010020449897750512, "local_perc": 0.34710743801652894}, "MADHYA PRADESH": {"global_perc": 0.0005282042875616997, "local_perc": 0.03423848878394333}, "MIZORAM": {"global_perc": 0.0012048192771084338, "local_perc": 0.0011806375442739079}, "NAGALAND": {"global_perc": 0.0007002801120448179, "local_perc": 0.0011806375442739079}, "ODISHA": {"global_perc": 0.0002923235827178298, "local_perc": 0.01770956316410862}, "PUDUCHERRY": {"global_perc": 0.044444444444444446, "local_perc": 0.004722550177095631}, "Punjab": {"global_perc": 0.003894761942611875, "local_perc": 0.05785123966942149}, "RAJASTHAN": {"global_perc": 0.0004253223495702006, "local_perc": 0.02243211334120425}, "SIKKIM": {"global_perc": 0.004434589800443459, "local_perc": 0.0023612750885478157}, "TRIPURA": {"global_perc": 0.002285714285714286, "local_perc": 0.0023612750885478157}, "Tamil Nadu": {"global_perc": 0.0041304211777958575, "local_perc": 0.07792207792207792}, "UTTAR PRADESH": {"global_perc": 0.0008709985577013131, "local_perc": 0.10979929161747344}, "UTTARAKHAND": {"global_perc": 0.0013696182933365093, "local_perc": 0.02715466351829988}, "West Bengal": {"global_perc": 0.0005221542592868865, "local_perc": 0.024793388429752067}}, "partition_field": "Stat_Nam", "Vil_Nam": "Mannadipet", "Stat_Nam": "PUDUCHERRY"}, {"data": [["Mat_An_Chil_Wel_Cen_Doc_In_Pos_Num", 5.0], ["Mat_An_Chil_Wel_Cen_Par_Med_Staf_In_Pos_Num", 12.0], 0.4166666666666667], "data_low": {"Stat_Nam": "JAMMU & KASHMIR", "Vil_Nam": "Wata Lar", "Mat_An_Chil_Wel_Cen_Doc_In_Pos_Num": "1", "Mat_An_Chil_Wel_Cen_Par_Med_Staf_In_Pos_Num": "2", "id": 2806}, "data_high": {"Stat_Nam": "PUDUCHERRY", "Vil_Nam": "Ramanathapuram", "Mat_An_Chil_Wel_Cen_Doc_In_Pos_Num": "6", "Mat_An_Chil_Wel_Cen_Par_Med_Staf_In_Pos_Num": "12", "id": 622107}, "perc": 1.5393632823477457, "metric": 98.46063729212085, "value_global_local": {"": {"global_perc": 0.018130925091864123, "local_perc": 0.985186730648863}, "ALIPUR BIHTA": {"global_perc": 1.0, "local_perc": 0.00010431879824744419}, "ANDIPATTI": {"global_perc": 0.25, "local_perc": 0.00010431879824744419}, "ATHAN": {"global_perc": 1.0, "local_perc": 0.00010431879824744419}, "BADETH MALLA": {"global_perc": 1.0, "local_perc": 0.00010431879824744419}, "BADIWALA": {"global_perc": 1.0, "local_perc": 0.00010431879824744419}, "BAHERAKHAL": {"global_perc": 0.5, "local_perc": 0.00010431879824744419}, "BAIJUWAPUR": {"global_perc": 1.0, "local_perc": 0.00010431879824744419}, "BALUA": {"global_perc": 0.07142857142857142, "local_perc": 0.00010431879824744419}, "BASAVANAHALLI": {"global_perc": 0.2, "local_perc": 0.00010431879824744419}, "BASEDOUR": {"global_perc": 0.3333333333333333, "local_perc": 0.00010431879824744419}, "BASINI": {"global_perc": 1.0, "local_perc": 0.00010431879824744419}, "BHAGWANPUR": {"global_perc": 0.034482758620689655, "local_perc": 0.00010431879824744419}, "BHAISLOT": {"global_perc": 1.0, "local_perc": 0.00010431879824744419}, "BHAKHRA": {"global_perc": 1.0, "local_perc": 0.00010431879824744419}, "BHUMAL GADI": {"global_perc": 1.0, "local_perc": 0.00010431879824744419}, "BICHIYA": {"global_perc": 0.5, "local_perc": 0.00010431879824744419}, "BIRIYA": {"global_perc": 1.0, "local_perc": 0.00010431879824744419}, "BISHASHARPUR": {"global_perc": 1.0, "local_perc": 0.00010431879824744419}, "BOSWAN": {"global_perc": 1.0, "local_perc": 0.00010431879824744419}, "CHANDRI": {"global_perc": 0.1111111111111111, "local_perc": 0.00010431879824744419}, "CHINDALU": {"global_perc": 1.0, "local_perc": 0.00010431879824744419}, "DEVIDALI": {"global_perc": 1.0, "local_perc": 0.00010431879824744419}, "DHNGULI": {"global_perc": 1.0, "local_perc": 0.00010431879824744419}, "DHUNA": {"global_perc": 0.6666666666666666, "local_perc": 0.00020863759649488838}, "DUNGRI MALLI": {"global_perc": 0.5, "local_perc": 0.00010431879824744419}, "FATEHPUR CHADRAI": {"global_perc": 1.0, "local_perc": 0.00010431879824744419}, "GAMHARIA": {"global_perc": 0.058823529411764705, "local_perc": 0.00010431879824744419}, "GANDHA": {"global_perc": 0.5, "local_perc": 0.00010431879824744419}, "GANGDIH": {"global_perc": 1.0, "local_perc": 0.00010431879824744419}, "GANGHARA": {"global_perc": 0.5, "local_perc": 0.00010431879824744419}, "GANGOH": {"global_perc": 0.125, "local_perc": 0.00010431879824744419}, "GAUHARPUR": {"global_perc": 0.3333333333333333, "local_perc": 0.00010431879824744419}, "GHUMARI": {"global_perc": 1.0, "local_perc": 0.00010431879824744419}, "GHURET": {"global_perc": 1.0, "local_perc": 0.00010431879824744419}, "GOVARDHANPUR": {"global_perc": 1.0, "local_perc": 0.00041727519298977677}, "GOVINDAMPALAYAM": {"global_perc": 0.5, "local_perc": 0.00010431879824744419}, "GULAULA KHERA": {"global_perc": 1.0, "local_perc": 0.00010431879824744419}, "GUMMIDIPOONDI": {"global_perc": 0.5, "local_perc": 0.00010431879824744419}, "GUTAKBARA": {"global_perc": 1.0, "local_perc": 0.00010431879824744419}, "HARDASPUR": {"global_perc": 0.25, "local_perc": 0.00010431879824744419}, "HONOKO": {"global_perc": 1.0, "local_perc": 0.00010431879824744419}, "HUNASANAKODIHALLI": {"global_perc": 1.0, "local_perc": 0.00010431879824744419}, "IMLIGAON": {"global_perc": 1.0, "local_perc": 0.00010431879824744419}, "ISHAPUR": {"global_perc": 0.3333333333333333, "local_perc": 0.00010431879824744419}, "ISMAILPUR": {"global_perc": 0.08333333333333333, "local_perc": 0.00010431879824744419}, "JALALPUR NAURANGA": {"global_perc": 0.5, "local_perc": 0.00010431879824744419}, "JOSYANA": {"global_perc": 0.2, "local_perc": 0.00010431879824744419}, "KACHNAL": {"global_perc": 1.0, "local_perc": 0.00010431879824744419}, "KAKRALA": {"global_perc": 0.5, "local_perc": 0.00010431879824744419}, "KAKWARA": {"global_perc": 1.0, "local_perc": 0.00010431879824744419}, "KANDA MALLA": {"global_perc": 0.3333333333333333, "local_perc": 0.00010431879824744419}, "KANDARWALKALA": {"global_perc": 1.0, "local_perc": 0.00010431879824744419}, "KAZAURA": {"global_perc": 1.0, "local_perc": 0.00010431879824744419}, "KHIRAIRIKHAL": {"global_perc": 0.2, "local_perc": 0.00010431879824744419}, "KISHANPUR": {"global_perc": 0.2222222222222222, "local_perc": 0.00020863759649488838}, "KOTTARAM": {"global_perc": 1.0, "local_perc": 0.00010431879824744419}, "KULLATHILVAI": {"global_perc": 0.3333333333333333, "local_perc": 0.00010431879824744419}, "KUMIZHI": {"global_perc": 1.0, "local_perc": 0.00010431879824744419}, "KURMADIH": {"global_perc": 1.0, "local_perc": 0.00010431879824744419}, "MACHONG": {"global_perc": 1.0, "local_perc": 0.00010431879824744419}, "MADHOPUR": {"global_perc": 0.03225806451612903, "local_perc": 0.00010431879824744419}, "MAJHIGAWA": {"global_perc": 0.25, "local_perc": 0.00010431879824744419}, "MAJHOLA": {"global_perc": 0.5, "local_perc": 0.00010431879824744419}, "MANDRE PUR": {"global_perc": 1.0, "local_perc": 0.00010431879824744419}, "MANGLORE": {"global_perc": 0.2, "local_perc": 0.00010431879824744419}, "MELPAKKAM": {"global_perc": 0.5, "local_perc": 0.00010431879824744419}, "MO. SARAI ALI": {"global_perc": 1.0, "local_perc": 0.00010431879824744419}, "MOHANCAMP": {"global_perc": 0.3333333333333333, "local_perc": 0.00010431879824744419}, "MOKRAM": {"global_perc": 1.0, "local_perc": 0.00010431879824744419}, "MUKIMPUR": {"global_perc": 1.0, "local_perc": 0.00010431879824744419}, "N.A.": {"global_perc": 0.003315021784428869, "local_perc": 0.003651157938660547}, "NAGWA": {"global_perc": 0.5, "local_perc": 0.00010431879824744419}, "NALATHWAD": {"global_perc": 0.25, "local_perc": 0.00010431879824744419}, "NAUGAON": {"global_perc": 0.125, "local_perc": 0.00010431879824744419}, "NAWADA": {"global_perc": 0.03225806451612903, "local_perc": 0.00010431879824744419}, "NERIGAM": {"global_perc": 1.0, "local_perc": 0.00010431879824744419}, "PATHOLI": {"global_perc": 1.0, "local_perc": 0.00010431879824744419}, "PERIYAKULAM": {"global_perc": 1.0, "local_perc": 0.00010431879824744419}, "PUHO": {"global_perc": 1.0, "local_perc": 0.00010431879824744419}, "PULSIYA": {"global_perc": 1.0, "local_perc": 0.00010431879824744419}, "PUREMANSARAM": {"global_perc": 1.0, "local_perc": 0.00010431879824744419}, "RAGHUPUR": {"global_perc": 0.2, "local_perc": 0.00010431879824744419}, "RANIPOKHRI": {"global_perc": 0.75, "local_perc": 0.00031295639474233255}, "RINGWARI": {"global_perc": 0.3333333333333333, "local_perc": 0.00010431879824744419}, "RUPAS MAHAJI": {"global_perc": 0.5, "local_perc": 0.00010431879824744419}, "Rahmatpur": {"global_perc": 0.5, "local_perc": 0.00010431879824744419}, "SAIFPUR KARAMCHANDPUR": {"global_perc": 1.0, "local_perc": 0.00010431879824744419}, "SAMRER": {"global_perc": 0.3333333333333333, "local_perc": 0.00010431879824744419}, "SERIYA DHAR": {"global_perc": 0.5, "local_perc": 0.00010431879824744419}, "SHAHJAHANPUR": {"global_perc": 0.3333333333333333, "local_perc": 0.00010431879824744419}, "SHISHGARH": {"global_perc": 1.0, "local_perc": 0.00010431879824744419}, "SIRUVADI": {"global_perc": 1.0, "local_perc": 0.00010431879824744419}, "SITA PUR": {"global_perc": 1.0, "local_perc": 0.00010431879824744419}, "SIYUM": {"global_perc": 0.03125, "local_perc": 0.00010431879824744419}, "TAJANG": {"global_perc": 0.1, "local_perc": 0.00010431879824744419}, "THIRUMANAVAYAL": {"global_perc": 0.5, "local_perc": 0.00010431879824744419}, "TIRUKOSTIYUR": {"global_perc": 1.0, "local_perc": 0.00010431879824744419}, "UNERA": {"global_perc": 1.0, "local_perc": 0.00010431879824744419}, "VADAKATTUPATTI": {"global_perc": 1.0, "local_perc": 0.00010431879824744419}, "VILANDAPUR": {"global_perc": 0.25, "local_perc": 0.00010431879824744419}, "VINAURA": {"global_perc": 1.0, "local_perc": 0.00010431879824744419}}, "partition_field": "Near_Vil_Tow_Nam_hav_Prim_School", "Vil_Nam": "Hoyar", "Stat_Nam": "JHARKHAND"}, {"data": [["Mat_An_Chil_Wel_Cen_Doc_In_Pos_Num", 4.0], ["Mat_An_Chil_Wel_Cen_Par_Med_Staf_In_Pos_Num", 7.0], 0.5714285714285714], "data_low": {"Stat_Nam": "JAMMU & KASHMIR", "Vil_Nam": "Dard Pora", "Mat_An_Chil_Wel_Cen_Doc_In_Pos_Num": "2", "Mat_An_Chil_Wel_Cen_Par_Med_Staf_In_Pos_Num": "3", "id": 83}, "data_high": {"Stat_Nam": "West Bengal", "Vil_Nam": "Sumuria", "Mat_An_Chil_Wel_Cen_Doc_In_Pos_Num": "7", "Mat_An_Chil_Wel_Cen_Par_Med_Staf_In_Pos_Num": "11", "id": 318065}, "perc": 0.04271548436308162, "metric": 99.95728494411097, "value_global_local": {"ASSAM": {"global_perc": 0.00011365788975184695, "local_perc": 0.011278195488721804}, "Arunachal Pradesh": {"global_perc": 0.0005367686527106817, "local_perc": 0.011278195488721804}, "BIHAR": {"global_perc": 0.000713107812987476, "local_perc": 0.12030075187969924}, "HARYANA": {"global_perc": 0.000146177459435755, "local_perc": 0.0037593984962406013}, "HIMACHAL PRADESH": {"global_perc": 9.666505558240696e-05, "local_perc": 0.007518796992481203}, "JAMMU & KASHMIR": {"global_perc": 0.0018312223409125592, "local_perc": 0.045112781954887216}, "JHARKHAND": {"global_perc": 6.173982836327716e-05, "local_perc": 0.007518796992481203}, "KARNATAKA": {"global_perc": 0.0013292433537832311, "local_perc": 0.14661654135338345}, "KERALA": {"global_perc": 0.025540275049115914, "local_perc": 0.09774436090225563}, "MADHYA PRADESH": {"global_perc": 0.000874269165619365, "local_perc": 0.18045112781954886}, "MANIPUR": {"global_perc": 0.0003874467260751647, "local_perc": 0.0037593984962406013}, "ODISHA": {"global_perc": 7.795295539142128e-05, "local_perc": 0.015037593984962405}, "Punjab": {"global_perc": 0.0009538192512518877, "local_perc": 0.045112781954887216}, "RAJASTHAN": {"global_perc": 0.0001566977077363897, "local_perc": 0.02631578947368421}, "SIKKIM": {"global_perc": 0.0066518847006651885, "local_perc": 0.011278195488721804}, "Tamil Nadu": {"global_perc": 0.0012516427811502598, "local_perc": 0.07518796992481203}, "UTTAR PRADESH": {"global_perc": 0.00038398861145971867, "local_perc": 0.15413533834586465}, "UTTARAKHAND": {"global_perc": 0.00029774310724706724, "local_perc": 0.018796992481203006}, "West Bengal": {"global_perc": 0.00012432244268735393, "local_perc": 0.018796992481203006}}, "partition_field": "Stat_Nam", "Vil_Nam": "Bhawanipur Rajdham", "Stat_Nam": "BIHAR"}, {"data": [["Mat_An_Chil_Wel_Cen_Doc_In_Pos_Num", 9.0], ["Mat_An_Chil_Wel_Cen_Par_Med_Staf_In_Pos_Num", 13.0], 0.6923076923076923], "data_low": {"Stat_Nam": "JAMMU & KASHMIR", "Vil_Nam": "Lara Bal", "Mat_An_Chil_Wel_Cen_Doc_In_Pos_Num": "3", "Mat_An_Chil_Wel_Cen_Par_Med_Staf_In_Pos_Num": "4", "id": 230}, "data_high": {"Stat_Nam": "West Bengal", "Vil_Nam": "Goalpota", "Mat_An_Chil_Wel_Cen_Doc_In_Pos_Num": "9", "Mat_An_Chil_Wel_Cen_Par_Med_Staf_In_Pos_Num": "13", "id": 330938}, "perc": 0.007226303745634108, "metric": 99.99277400398597, "value_global_local": {"ASSAM": {"global_perc": 7.577192650123129e-05, "local_perc": 0.044444444444444446}, "BIHAR": {"global_perc": 0.0002451308107144449, "local_perc": 0.24444444444444444}, "JAMMU & KASHMIR": {"global_perc": 0.0009156111704562796, "local_perc": 0.13333333333333333}, "KARNATAKA": {"global_perc": 3.408316291751875e-05, "local_perc": 0.022222222222222223}, "MADHYA PRADESH": {"global_perc": 0.00018213940950403439, "local_perc": 0.2222222222222222}, "MANIPUR": {"global_perc": 0.0003874467260751647, "local_perc": 0.022222222222222223}, "Punjab": {"global_perc": 7.948493760432397e-05, "local_perc": 0.022222222222222223}, "RAJASTHAN": {"global_perc": 6.715616045845272e-05, "local_perc": 0.06666666666666667}, "TRIPURA": {"global_perc": 0.001142857142857143, "local_perc": 0.022222222222222223}, "UTTAR PRADESH": {"global_perc": 6.555903122483001e-05, "local_perc": 0.15555555555555556}, "UTTARAKHAND": {"global_perc": 5.954862144941345e-05, "local_perc": 0.022222222222222223}, "West Bengal": {"global_perc": 2.4864488537470783e-05, "local_perc": 0.022222222222222223}}, "partition_field": "Stat_Nam", "Vil_Nam": "Goalpota", "Stat_Nam": "West Bengal"}, {"data": [["Mat_An_Chil_Wel_Cen_Doc_In_Pos_Num", 4.0], ["Mat_An_Chil_Wel_Cen_Par_Med_Staf_In_Pos_Num", 5.0], 0.8], "data_low": {"Stat_Nam": "UTTAR PRADESH", "Vil_Nam": "Nawa Urf Teda", "Mat_An_Chil_Wel_Cen_Doc_In_Pos_Num": "4", "Mat_An_Chil_Wel_Cen_Par_Med_Staf_In_Pos_Num": "5", "id": 125757}, "data_high": {"Stat_Nam": "TRIPURA", "Vil_Nam": "Purba Debendranagar (Part)", "Mat_An_Chil_Wel_Cen_Doc_In_Pos_Num": "7", "Mat_An_Chil_Wel_Cen_Par_Med_Staf_In_Pos_Num": "8", "id": 270932}, "perc": 0.0008029226384037898, "metric": 99.9991972774, "value_global_local": {}, "partition_field": null, "Vil_Nam": "Nawa Urf Teda", "Stat_Nam": "UTTAR PRADESH"}, {"data": [["Mat_An_Chil_Wel_Cen_Doc_In_Pos_Num", 2.0], ["Mat_An_Chil_Wel_Cen_Par_Med_Staf_In_Pos_Num", 2.0], 1.0], "data_low": {"Stat_Nam": "JAMMU & KASHMIR", "Vil_Nam": "Hamchi Pora", "Mat_An_Chil_Wel_Cen_Doc_In_Pos_Num": "1", "Mat_An_Chil_Wel_Cen_Par_Med_Staf_In_Pos_Num": "1", "id": 385}, "data_high": {"Stat_Nam": "Punjab", "Vil_Nam": "Lakho Ke Behram (252)", "Mat_An_Chil_Wel_Cen_Doc_In_Pos_Num": "8", "Mat_An_Chil_Wel_Cen_Par_Med_Staf_In_Pos_Num": "8", "id": 34533}, "perc": 1.5599181018908828, "metric": 98.44008189810911, "value_global_local": {"": {"global_perc": 0.018129005256509203, "local_perc": 0.9721021206506074}, "ADHAKARI": {"global_perc": 1.0, "local_perc": 0.00010294420424130121}, "AHMEDPUR": {"global_perc": 0.3333333333333333, "local_perc": 0.00010294420424130121}, "ALABALPUR": {"global_perc": 0.5, "local_perc": 0.00010294420424130121}, "AMARPUR": {"global_perc": 0.06666666666666667, "local_perc": 0.00010294420424130121}, "AMROH": {"global_perc": 0.1, "local_perc": 0.00010294420424130121}, "ANANDPUR": {"global_perc": 0.2, "local_perc": 0.00010294420424130121}, "ANANTNAG": {"global_perc": 0.5, "local_perc": 0.00010294420424130121}, "ANDRANA": {"global_perc": 0.5, "local_perc": 0.00010294420424130121}, "ARASUR": {"global_perc": 0.25, "local_perc": 0.00010294420424130121}, "Amonggre": {"global_perc": 0.25, "local_perc": 0.00010294420424130121}, "B.B.NAGAR": {"global_perc": 0.5, "local_perc": 0.00010294420424130121}, "BADGAON": {"global_perc": 0.16666666666666666, "local_perc": 0.00010294420424130121}, "BADKI CHILMI": {"global_perc": 0.25, "local_perc": 0.00010294420424130121}, "BADOLI": {"global_perc": 0.09090909090909091, "local_perc": 0.00010294420424130121}, "BAHARAGORA": {"global_perc": 0.125, "local_perc": 0.00010294420424130121}, "BAIKUNTH PUR": {"global_perc": 0.25, "local_perc": 0.00010294420424130121}, "BAJIPUR": {"global_perc": 1.0, "local_perc": 0.00010294420424130121}, "BALIA": {"global_perc": 0.16666666666666666, "local_perc": 0.00020588840848260242}, "BALLAGAN": {"global_perc": 1.0, "local_perc": 0.00010294420424130121}, "BALRAMPUR": {"global_perc": 0.1, "local_perc": 0.00010294420424130121}, "BANDULAHAR": {"global_perc": 1.0, "local_perc": 0.00010294420424130121}, "BANE DI HATTI": {"global_perc": 0.14285714285714285, "local_perc": 0.00010294420424130121}, "BANGA": {"global_perc": 0.5, "local_perc": 0.00010294420424130121}, "BANGANA": {"global_perc": 0.0625, "local_perc": 0.00010294420424130121}, "BANGRA": {"global_perc": 0.3333333333333333, "local_perc": 0.00020588840848260242}, "BANIA CHHAPAR": {"global_perc": 0.4, "local_perc": 0.00020588840848260242}, "BANKATI": {"global_perc": 0.1, "local_perc": 0.00010294420424130121}, "BARA BOARIJOR": {"global_perc": 1.0, "local_perc": 0.00020588840848260242}, "BARABARU": {"global_perc": 1.0, "local_perc": 0.00030883261272390367}, "BARDIH": {"global_perc": 0.16666666666666666, "local_perc": 0.00010294420424130121}, "BARDIKANPUR": {"global_perc": 1.0, "local_perc": 0.00010294420424130121}, "BARGADAHA": {"global_perc": 1.0, "local_perc": 0.00010294420424130121}, "BARKABARAN": {"global_perc": 1.0, "local_perc": 0.00010294420424130121}, "BARKABARU": {"global_perc": 1.0, "local_perc": 0.00010294420424130121}, "BARMANDA": {"global_perc": 0.3333333333333333, "local_perc": 0.00010294420424130121}, "BATIJODA": {"global_perc": 0.25, "local_perc": 0.00010294420424130121}, "BAUSI": {"global_perc": 0.5, "local_perc": 0.00010294420424130121}, "BEGUNIA": {"global_perc": 0.5, "local_perc": 0.00010294420424130121}, "BELPAHARI": {"global_perc": 0.2, "local_perc": 0.00010294420424130121}, "BETU QUADIM": {"global_perc": 1.0, "local_perc": 0.00010294420424130121}, "BHAIYADIH": {"global_perc": 1.0, "local_perc": 0.00010294420424130121}, "BHALT": {"global_perc": 1.0, "local_perc": 0.00010294420424130121}, "BHARIGADA": {"global_perc": 1.0, "local_perc": 0.00010294420424130121}, "BHAWARNA": {"global_perc": 0.5, "local_perc": 0.00020588840848260242}, "BHITLU": {"global_perc": 0.3333333333333333, "local_perc": 0.00010294420424130121}, "BODASA": {"global_perc": 0.6666666666666666, "local_perc": 0.00020588840848260242}, "BRAKHARI": {"global_perc": 1.0, "local_perc": 0.00010294420424130121}, "BRUNDADEIPUR": {"global_perc": 1.0, "local_perc": 0.00010294420424130121}, "BUDGADDA": {"global_perc": 0.5, "local_perc": 0.00020588840848260242}, "BUDGAM": {"global_perc": 1.0, "local_perc": 0.00010294420424130121}, "CHAINPUR": {"global_perc": 0.043478260869565216, "local_perc": 0.00010294420424130121}, "CHAK BAMUN": {"global_perc": 0.6666666666666666, "local_perc": 0.00020588840848260242}, "CHAKAPADA": {"global_perc": 0.3333333333333333, "local_perc": 0.00010294420424130121}, "CHALANGI": {"global_perc": 1.0, "local_perc": 0.00010294420424130121}, "CHELA": {"global_perc": 0.25, "local_perc": 0.00010294420424130121}, "CHHANGLA": {"global_perc": 0.2, "local_perc": 0.00010294420424130121}, "CHILOI": {"global_perc": 0.3333333333333333, "local_perc": 0.00010294420424130121}, "CHIPRA": {"global_perc": 0.6666666666666666, "local_perc": 0.00020588840848260242}, "CHIRKUWEDA": {"global_perc": 1.0, "local_perc": 0.00010294420424130121}, "CHITAUNI": {"global_perc": 0.5, "local_perc": 0.00010294420424130121}, "CHOPARA": {"global_perc": 0.25, "local_perc": 0.00010294420424130121}, "DABARI": {"global_perc": 1.0, "local_perc": 0.00010294420424130121}, "DAIRA": {"global_perc": 1.0, "local_perc": 0.00010294420424130121}, "DALU": {"global_perc": 0.07692307692307693, "local_perc": 0.00010294420424130121}, "DARKOHLI": {"global_perc": 0.2, "local_perc": 0.00010294420424130121}, "DARMIGAD": {"global_perc": 1.0, "local_perc": 0.00010294420424130121}, "DHANPURA": {"global_perc": 0.125, "local_perc": 0.00010294420424130121}, "DIFFERPAT": {"global_perc": 1.0, "local_perc": 0.00010294420424130121}, "DORIHAR": {"global_perc": 0.5, "local_perc": 0.00010294420424130121}, "DUIKASAI": {"global_perc": 1.0, "local_perc": 0.00010294420424130121}, "Dhaliwal Bet": {"global_perc": 1.0, "local_perc": 0.00020588840848260242}, "EKDERBA": {"global_perc": 0.5, "local_perc": 0.00010294420424130121}, "ERKI": {"global_perc": 1.0, "local_perc": 0.00010294420424130121}, "FAKRA": {"global_perc": 1.0, "local_perc": 0.00010294420424130121}, "FATEHPUR": {"global_perc": 0.015873015873015872, "local_perc": 0.00010294420424130121}, "FRANGAMATIA": {"global_perc": 1.0, "local_perc": 0.00010294420424130121}, "FULANG": {"global_perc": 0.6666666666666666, "local_perc": 0.00020588840848260242}, "G. NANDIPUR": {"global_perc": 1.0, "local_perc": 0.00010294420424130121}, "GAJODIH": {"global_perc": 1.0, "local_perc": 0.00010294420424130121}, "GANEOR": {"global_perc": 1.0, "local_perc": 0.00010294420424130121}, "GANGAIKONDAN": {"global_perc": 1.0, "local_perc": 0.00010294420424130121}, "GARHWA": {"global_perc": 0.14285714285714285, "local_perc": 0.00010294420424130121}, "GARUD": {"global_perc": 0.25, "local_perc": 0.00010294420424130121}, "GHES": {"global_perc": 1.0, "local_perc": 0.00010294420424130121}, "GIPU": {"global_perc": 0.5, "local_perc": 0.00010294420424130121}, "GOPICHAK": {"global_perc": 1.0, "local_perc": 0.00010294420424130121}, "GORIYADIH": {"global_perc": 1.0, "local_perc": 0.00010294420424130121}, "GOVINDPUR": {"global_perc": 0.037037037037037035, "local_perc": 0.00010294420424130121}, "GUDDALUR": {"global_perc": 1.0, "local_perc": 0.00010294420424130121}, "GUMRU": {"global_perc": 0.3333333333333333, "local_perc": 0.00010294420424130121}, "GUSHAL": {"global_perc": 1.0, "local_perc": 0.00010294420424130121}, "GUTJORA": {"global_perc": 1.0, "local_perc": 0.00010294420424130121}, "HALLIDAYGANJ": {"global_perc": 0.2, "local_perc": 0.00010294420424130121}, "HARIHARPUR": {"global_perc": 0.03225806451612903, "local_perc": 0.00010294420424130121}, "HATGAON": {"global_perc": 0.5, "local_perc": 0.00010294420424130121}, "HATIMODA": {"global_perc": 1.0, "local_perc": 0.00010294420424130121}, "HAZARA SINGHWALA": {"global_perc": 1.0, "local_perc": 0.00010294420424130121}, "HERMA": {"global_perc": 1.0, "local_perc": 0.00010294420424130121}, "HITUTOLI": {"global_perc": 1.0, "local_perc": 0.00010294420424130121}, "HUDOLI": {"global_perc": 0.5, "local_perc": 0.00010294420424130121}, "HULIYAR": {"global_perc": 0.5, "local_perc": 0.00010294420424130121}, "IBRAHIMPUR": {"global_perc": 0.1, "local_perc": 0.00010294420424130121}, "ICHA": {"global_perc": 0.5, "local_perc": 0.00010294420424130121}, "IDAR": {"global_perc": 0.5, "local_perc": 0.00010294420424130121}, "INDRAGADA": {"global_perc": 0.3333333333333333, "local_perc": 0.00010294420424130121}, "ISMILPUR": {"global_perc": 1.0, "local_perc": 0.00010294420424130121}, "ITKHORI": {"global_perc": 0.5, "local_perc": 0.00010294420424130121}, "JAGDISPUR": {"global_perc": 1.0, "local_perc": 0.00010294420424130121}, "JAIDPUR": {"global_perc": 1.0, "local_perc": 0.00010294420424130121}, "JAIND": {"global_perc": 0.5, "local_perc": 0.00010294420424130121}, "JAMBANI": {"global_perc": 0.2, "local_perc": 0.00010294420424130121}, "JAMBGI(K.D)": {"global_perc": 1.0, "local_perc": 0.00010294420424130121}, "JAMRI": {"global_perc": 0.25, "local_perc": 0.00010294420424130121}, "JANKI DHAR": {"global_perc": 1.0, "local_perc": 0.00010294420424130121}, "JHAMKE": {"global_perc": 1.0, "local_perc": 0.00010294420424130121}, "JHUNGIAN": {"global_perc": 1.0, "local_perc": 0.00010294420424130121}, "JKARIYA": {"global_perc": 1.0, "local_perc": 0.00010294420424130121}, "Jansua": {"global_perc": 0.5, "local_perc": 0.00010294420424130121}, "KADGIDOHI": {"global_perc": 1.0, "local_perc": 0.00010294420424130121}, "KANA SUAN": {"global_perc": 0.5, "local_perc": 0.00010294420424130121}, "KANAUDI": {"global_perc": 0.5, "local_perc": 0.00010294420424130121}, "KANDHALA SHEIKAN": {"global_perc": 1.0, "local_perc": 0.00010294420424130121}, "KANDI": {"global_perc": 0.08333333333333333, "local_perc": 0.00010294420424130121}, "KANNAPUR HATTI": {"global_perc": 1.0, "local_perc": 0.00010294420424130121}, "KARNU": {"global_perc": 0.125, "local_perc": 0.00010294420424130121}, "KARSANDA": {"global_perc": 1.0, "local_perc": 0.00010294420424130121}, "KAULI": {"global_perc": 0.14285714285714285, "local_perc": 0.00010294420424130121}, "KERA": {"global_perc": 0.5, "local_perc": 0.00010294420424130121}, "KHAIRA BUHLA": {"global_perc": 0.3333333333333333, "local_perc": 0.00010294420424130121}, "KHALSIBERIA": {"global_perc": 0.5, "local_perc": 0.00010294420424130121}, "KHARAICH": {"global_perc": 1.0, "local_perc": 0.00010294420424130121}, "KHARUHL": {"global_perc": 0.25, "local_perc": 0.00010294420424130121}, "KHEKADA": {"global_perc": 0.5, "local_perc": 0.00010294420424130121}, "KHIRANWALI": {"global_perc": 0.5, "local_perc": 0.00010294420424130121}, "KHUN KHUN SARKI": {"global_perc": 0.5, "local_perc": 0.00010294420424130121}, "KHUNTI": {"global_perc": 0.3333333333333333, "local_perc": 0.00020588840848260242}, "KIRIBURU": {"global_perc": 1.0, "local_perc": 0.00010294420424130121}, "KISHANPUR": {"global_perc": 0.1111111111111111, "local_perc": 0.00010294420424130121}, "KOKADIH": {"global_perc": 1.0, "local_perc": 0.00010294420424130121}, "KOLAMBI": {"global_perc": 0.5, "local_perc": 0.00010294420424130121}, "KONCH": {"global_perc": 0.3333333333333333, "local_perc": 0.00010294420424130121}, "KONE": {"global_perc": 1.0, "local_perc": 0.00010294420424130121}, "KOT GANGURAI": {"global_perc": 1.0, "local_perc": 0.00010294420424130121}, "KOTHI": {"global_perc": 0.05405405405405406, "local_perc": 0.00020588840848260242}, "KRISHAN GARH": {"global_perc": 0.1111111111111111, "local_perc": 0.00010294420424130121}, "KUKURBAGHI": {"global_perc": 0.0625, "local_perc": 0.00010294420424130121}, "KUMKUMA": {"global_perc": 0.6666666666666666, "local_perc": 0.00020588840848260242}, "KURALI": {"global_perc": 0.5, "local_perc": 0.00010294420424130121}, "KURKNALA": {"global_perc": 0.5, "local_perc": 0.00010294420424130121}, "KURKUTIYA": {"global_perc": 1.0, "local_perc": 0.00010294420424130121}, "KURSI": {"global_perc": 0.3333333333333333, "local_perc": 0.00010294420424130121}, "LASRANA": {"global_perc": 0.3333333333333333, "local_perc": 0.00010294420424130121}, "LODHBHARWARI": {"global_perc": 1.0, "local_perc": 0.00010294420424130121}, "LOHNA": {"global_perc": 0.3333333333333333, "local_perc": 0.00010294420424130121}, "LOTOR": {"global_perc": 1.0, "local_perc": 0.00010294420424130121}, "MADHOPUR": {"global_perc": 0.03225806451612903, "local_perc": 0.00010294420424130121}, "MAHUADANR": {"global_perc": 0.16666666666666666, "local_perc": 0.00010294420424130121}, "MAHUAKOL": {"global_perc": 1.0, "local_perc": 0.00010294420424130121}, "MAHUWAI": {"global_perc": 1.0, "local_perc": 0.00010294420424130121}, "MAKUNDAPUR": {"global_perc": 0.1111111111111111, "local_perc": 0.00010294420424130121}, "MALAU": {"global_perc": 1.0, "local_perc": 0.00010294420424130121}, "MAMBATTU": {"global_perc": 1.0, "local_perc": 0.00010294420424130121}, "MAMKHIR": {"global_perc": 1.0, "local_perc": 0.00010294420424130121}, "MANGAT KHERA": {"global_perc": 1.0, "local_perc": 0.00010294420424130121}, "MARANGHADA": {"global_perc": 0.3333333333333333, "local_perc": 0.00010294420424130121}, "MASAURI": {"global_perc": 0.25, "local_perc": 0.00010294420424130121}, "MASTI PALKOT": {"global_perc": 1.0, "local_perc": 0.00010294420424130121}, "MATHIA": {"global_perc": 0.25, "local_perc": 0.00010294420424130121}, "MAYURHAND": {"global_perc": 0.25, "local_perc": 0.00010294420424130121}, "MERKHARA": {"global_perc": 1.0, "local_perc": 0.00010294420424130121}, "MERLE": {"global_perc": 1.0, "local_perc": 0.00010294420424130121}, "MUBARAKPUR": {"global_perc": 0.08333333333333333, "local_perc": 0.00010294420424130121}, "MUNAN": {"global_perc": 1.0, "local_perc": 0.00010294420424130121}, "MUNIMPUR": {"global_perc": 0.3333333333333333, "local_perc": 0.00010294420424130121}, "Mianpur": {"global_perc": 0.3333333333333333, "local_perc": 0.00010294420424130121}, "N.A.": {"global_perc": 0.0007577192650123129, "local_perc": 0.0008235536339304097}, "NAIDUMANGALAM": {"global_perc": 1.0, "local_perc": 0.00010294420424130121}, "NARAPAKKAM": {"global_perc": 1.0, "local_perc": 0.00010294420424130121}, "NARAYANPUR": {"global_perc": 0.011235955056179775, "local_perc": 0.00010294420424130121}, "NAWADA": {"global_perc": 0.03225806451612903, "local_perc": 0.00010294420424130121}, "NERKUNDRAM": {"global_perc": 1.0, "local_perc": 0.00010294420424130121}, "NOTAR": {"global_perc": 1.0, "local_perc": 0.00010294420424130121}, "OBRA": {"global_perc": 1.0, "local_perc": 0.00010294420424130121}, "PABAPUR": {"global_perc": 1.0, "local_perc": 0.00010294420424130121}, "PAIGAMBARPUR": {"global_perc": 1.0, "local_perc": 0.00010294420424130121}, "PALLIKKADU": {"global_perc": 1.0, "local_perc": 0.00010294420424130121}, "PALRI CHHINA": {"global_perc": 1.0, "local_perc": 0.00010294420424130121}, "PANDEPURA KALA": {"global_perc": 1.0, "local_perc": 0.00020588840848260242}, "PANDRA": {"global_perc": 0.3333333333333333, "local_perc": 0.00010294420424130121}, "PARSHURAMPUR": {"global_perc": 0.5, "local_perc": 0.00010294420424130121}, "PATAHATU": {"global_perc": 1.0, "local_perc": 0.00010294420424130121}, "PATLOT": {"global_perc": 1.0, "local_perc": 0.00010294420424130121}, "PHULANG": {"global_perc": 1.0, "local_perc": 0.00010294420424130121}, "PHULBARI": {"global_perc": 0.2, "local_perc": 0.00010294420424130121}, "PIPARAHI": {"global_perc": 1.0, "local_perc": 0.00010294420424130121}, "PRANPUR": {"global_perc": 0.09090909090909091, "local_perc": 0.00010294420424130121}, "PUNAJUR STATE FOREST": {"global_perc": 1.0, "local_perc": 0.00010294420424130121}, "PURUNABALICHUA": {"global_perc": 1.0, "local_perc": 0.00010294420424130121}, "RAMGARHA": {"global_perc": 1.0, "local_perc": 0.00010294420424130121}, "RASANPUR": {"global_perc": 1.0, "local_perc": 0.00010294420424130121}, "RATANARI": {"global_perc": 1.0, "local_perc": 0.00010294420424130121}, "RATNAG": {"global_perc": 0.3333333333333333, "local_perc": 0.00010294420424130121}, "ROHELA HAJI UTTAR": {"global_perc": 0.5, "local_perc": 0.00010294420424130121}, "ROORKEE": {"global_perc": 0.3333333333333333, "local_perc": 0.00010294420424130121}, "ROWAHALI": {"global_perc": 1.0, "local_perc": 0.00010294420424130121}, "ROWAHLI": {"global_perc": 0.5, "local_perc": 0.00010294420424130121}, "SADAKAR": {"global_perc": 1.0, "local_perc": 0.00010294420424130121}, "SADAT MALAUT": {"global_perc": 1.0, "local_perc": 0.00010294420424130121}, "SAGAHRIYA": {"global_perc": 1.0, "local_perc": 0.00010294420424130121}, "SAIDPUR": {"global_perc": 0.0625, "local_perc": 0.00010294420424130121}, "SAKHRUA BUJURG": {"global_perc": 1.0, "local_perc": 0.00010294420424130121}, "SALIAGOCHHA": {"global_perc": 1.0, "local_perc": 0.00010294420424130121}, "SANKESHWAR TOWN": {"global_perc": 1.0, "local_perc": 0.00010294420424130121}, "SANSARIPUR": {"global_perc": 0.3333333333333333, "local_perc": 0.00010294420424130121}, "SAPARUM": {"global_perc": 1.0, "local_perc": 0.00020588840848260242}, "SAPERU": {"global_perc": 0.5, "local_perc": 0.00010294420424130121}, "SARDAM": {"global_perc": 0.25, "local_perc": 0.00010294420424130121}, "SARKAMI": {"global_perc": 0.5, "local_perc": 0.00010294420424130121}, "SAWAYA RAI HITHER": {"global_perc": 1.0, "local_perc": 0.00010294420424130121}, "SEMUAR KHANPUR": {"global_perc": 1.0, "local_perc": 0.00010294420424130121}, "SEWAL": {"global_perc": 1.0, "local_perc": 0.00010294420424130121}, "SHASHIN": {"global_perc": 1.0, "local_perc": 0.00010294420424130121}, "SHIV PUR": {"global_perc": 1.0, "local_perc": 0.00010294420424130121}, "SILADON": {"global_perc": 0.3333333333333333, "local_perc": 0.00010294420424130121}, "SISIA": {"global_perc": 0.3333333333333333, "local_perc": 0.00010294420424130121}, "SODAG": {"global_perc": 1.0, "local_perc": 0.00010294420424130121}, "SURAPUR": {"global_perc": 0.5, "local_perc": 0.00010294420424130121}, "TABADS": {"global_perc": 1.0, "local_perc": 0.00010294420424130121}, "TAJPUR": {"global_perc": 0.08333333333333333, "local_perc": 0.00010294420424130121}, "TAMBA": {"global_perc": 0.5, "local_perc": 0.00010294420424130121}, "TARNA": {"global_perc": 0.5, "local_perc": 0.00010294420424130121}, "TIBBI KALAN": {"global_perc": 0.25, "local_perc": 0.00010294420424130121}, "TIPIJHARI": {"global_perc": 1.0, "local_perc": 0.00010294420424130121}, "TIUYRAK": {"global_perc": 1.0, "local_perc": 0.00010294420424130121}, "TIYRAKALA": {"global_perc": 1.0, "local_perc": 0.00020588840848260242}, "TOE MAKHOWAL": {"global_perc": 0.5, "local_perc": 0.00010294420424130121}, "TOLA SIPAHIYA": {"global_perc": 0.5, "local_perc": 0.00010294420424130121}, "TUKBERA": {"global_perc": 0.5, "local_perc": 0.00010294420424130121}, "TUSMU": {"global_perc": 1.0, "local_perc": 0.00010294420424130121}, "Tengkigittim": {"global_perc": 0.16666666666666666, "local_perc": 0.00010294420424130121}, "Tibbi Kalan": {"global_perc": 1.0, "local_perc": 0.00010294420424130121}, "UDAMANDA": {"global_perc": 1.0, "local_perc": 0.00020588840848260242}, "URMAR": {"global_perc": 1.0, "local_perc": 0.00010294420424130121}, "VELLALAPATTI": {"global_perc": 0.5, "local_perc": 0.00010294420424130121}}, "partition_field": "Near_Vil_Tow_Nam_hav_Prim_School", "Vil_Nam": "Gundi Zuni Reshi", "Stat_Nam": "JAMMU & KASHMIR"}, {"data": [["Mat_An_Chil_Wel_Cen_Doc_In_Pos_Num", 9.0], ["Mat_An_Chil_Wel_Cen_Par_Med_Staf_In_Pos_Num", 8.0], 1.125], "data_low": {"Stat_Nam": "BIHAR", "Vil_Nam": "Mahanth Maniari", "Mat_An_Chil_Wel_Cen_Doc_In_Pos_Num": "6", "Mat_An_Chil_Wel_Cen_Par_Med_Staf_In_Pos_Num": "5", "id": 228569}, "data_high": {"Stat_Nam": "UTTAR PRADESH", "Vil_Nam": "Sarosi", "Mat_An_Chil_Wel_Cen_Doc_In_Pos_Num": "9", "Mat_An_Chil_Wel_Cen_Par_Med_Staf_In_Pos_Num": "8", "id": 141358}, "perc": 0.0006423381107230318, "metric": 99.99935753686508, "value_global_local": {}, "partition_field": null, "Vil_Nam": "Sarosi", "Stat_Nam": "UTTAR PRADESH"}, {"data": [["Mat_An_Chil_Wel_Cen_Doc_In_Pos_Num", 4.0], ["Mat_An_Chil_Wel_Cen_Par_Med_Staf_In_Pos_Num", 3.0], 1.3333333333333333], "data_low": {"Stat_Nam": "Punjab", "Vil_Nam": "Daroli Bhai (61)", "Mat_An_Chil_Wel_Cen_Doc_In_Pos_Num": "4", "Mat_An_Chil_Wel_Cen_Par_Med_Staf_In_Pos_Num": "3", "id": 33867}, "data_high": {"Stat_Nam": "Punjab", "Vil_Nam": "Daroli Bhai (61)", "Mat_An_Chil_Wel_Cen_Doc_In_Pos_Num": "4", "Mat_An_Chil_Wel_Cen_Par_Med_Staf_In_Pos_Num": "3", "id": 33867}, "perc": 0.0006423381107230318, "metric": 99.99935732849141, "value_global_local": {}, "partition_field": null, "Vil_Nam": "Daroli Bhai (61)", "Stat_Nam": "Punjab"}, {"data": [["Mat_An_Chil_Wel_Cen_Doc_In_Pos_Num", 3.0], ["Mat_An_Chil_Wel_Cen_Par_Med_Staf_In_Pos_Num", 2.0], 1.5], "data_low": {"Stat_Nam": "JAMMU & KASHMIR", "Vil_Nam": "Shoolora", "Mat_An_Chil_Wel_Cen_Doc_In_Pos_Num": "3", "Mat_An_Chil_Wel_Cen_Par_Med_Staf_In_Pos_Num": "2", "id": 93}, "data_high": {"Stat_Nam": "BIHAR", "Vil_Nam": "Tengharhi", "Mat_An_Chil_Wel_Cen_Doc_In_Pos_Num": "6", "Mat_An_Chil_Wel_Cen_Par_Med_Staf_In_Pos_Num": "4", "id": 227739}, "perc": 0.010277409771568508, "metric": 99.98972209017981, "value_global_local": {"BIHAR": {"global_perc": 0.0002451308107144449, "local_perc": 0.171875}, "HARYANA": {"global_perc": 0.00029235491887151, "local_perc": 0.03125}, "JAMMU & KASHMIR": {"global_perc": 0.00015260186174271325, "local_perc": 0.015625}, "JHARKHAND": {"global_perc": 3.086991418163858e-05, "local_perc": 0.015625}, "MADHYA PRADESH": {"global_perc": 0.00010928364570242063, "local_perc": 0.09375}, "RAJASTHAN": {"global_perc": 0.0007611031518624642, "local_perc": 0.53125}, "UTTAR PRADESH": {"global_perc": 4.682787944630715e-05, "local_perc": 0.078125}, "UTTARAKHAND": {"global_perc": 5.954862144941345e-05, "local_perc": 0.015625}, "West Bengal": {"global_perc": 7.459346561241235e-05, "local_perc": 0.046875}}, "partition_field": "Stat_Nam", "Vil_Nam": "Shoolora", "Stat_Nam": "JAMMU & KASHMIR"}, {"data": [["Mat_An_Chil_Wel_Cen_Doc_In_Pos_Num", 5.0], ["Mat_An_Chil_Wel_Cen_Par_Med_Staf_In_Pos_Num", 3.0], 1.6666666666666667], "data_low": {"Stat_Nam": "UTTAR PRADESH", "Vil_Nam": "Bhinga Dehati", "Mat_An_Chil_Wel_Cen_Doc_In_Pos_Num": "5", "Mat_An_Chil_Wel_Cen_Par_Med_Staf_In_Pos_Num": "3", "id": 171911}, "data_high": {"Stat_Nam": "BIHAR", "Vil_Nam": "Tola Utimpanre", "Mat_An_Chil_Wel_Cen_Doc_In_Pos_Num": "7", "Mat_An_Chil_Wel_Cen_Par_Med_Staf_In_Pos_Num": "4", "id": 216319}, "perc": 0.0012846762214460635, "metric": 99.99871465698709, "value_global_local": {}, "partition_field": null, "Vil_Nam": "Bhinga Dehati", "Stat_Nam": "UTTAR PRADESH"}, {"data": [["Mat_An_Chil_Wel_Cen_Doc_In_Pos_Num", 2.0], ["Mat_An_Chil_Wel_Cen_Par_Med_Staf_In_Pos_Num", 1.0], 2.0], "data_low": {"Stat_Nam": "JAMMU & KASHMIR", "Vil_Nam": "Palar", "Mat_An_Chil_Wel_Cen_Doc_In_Pos_Num": "2", "Mat_An_Chil_Wel_Cen_Par_Med_Staf_In_Pos_Num": "1", "id": 658}, "data_high": {"Stat_Nam": "Punjab", "Vil_Nam": "Heir (347)", "Mat_An_Chil_Wel_Cen_Doc_In_Pos_Num": "6", "Mat_An_Chil_Wel_Cen_Par_Med_Staf_In_Pos_Num": "3", "id": 37406}, "perc": 0.026335862539644306, "metric": 99.97366313752374, "value_global_local": {"BIHAR": {"global_perc": 0.00040112314480545525, "local_perc": 0.10975609756097561}, "HARYANA": {"global_perc": 0.000730887297178775, "local_perc": 0.03048780487804878}, "HIMACHAL PRADESH": {"global_perc": 0.00014499758337361044, "local_perc": 0.018292682926829267}, "JAMMU & KASHMIR": {"global_perc": 0.0010682130321989928, "local_perc": 0.042682926829268296}, "JHARKHAND": {"global_perc": 0.0008643575970858801, "local_perc": 0.17073170731707318}, "MADHYA PRADESH": {"global_perc": 0.0007831994608673479, "local_perc": 0.2621951219512195}, "Punjab": {"global_perc": 0.0012717590016691836, "local_perc": 0.0975609756097561}, "RAJASTHAN": {"global_perc": 8.954154727793696e-05, "local_perc": 0.024390243902439025}, "TRIPURA": {"global_perc": 0.001142857142857143, "local_perc": 0.006097560975609756}, "UTTAR PRADESH": {"global_perc": 0.00019667709367449004, "local_perc": 0.12804878048780488}, "UTTARAKHAND": {"global_perc": 0.0007741320788423748, "local_perc": 0.07926829268292683}, "West Bengal": {"global_perc": 0.00012432244268735393, "local_perc": 0.03048780487804878}}, "partition_field": "Stat_Nam", "Vil_Nam": "Palar", "Stat_Nam": "JAMMU & KASHMIR"}, {"data": [["Mat_An_Chil_Wel_Cen_Doc_In_Pos_Num", 5.0], ["Mat_An_Chil_Wel_Cen_Par_Med_Staf_In_Pos_Num", 2.0], 2.5], "data_low": {"Stat_Nam": "West Bengal", "Vil_Nam": "Durgu", "Mat_An_Chil_Wel_Cen_Doc_In_Pos_Num": "5", "Mat_An_Chil_Wel_Cen_Par_Med_Staf_In_Pos_Num": "2", "id": 329563}, "data_high": {"Stat_Nam": "West Bengal", "Vil_Nam": "Durgu", "Mat_An_Chil_Wel_Cen_Doc_In_Pos_Num": "5", "Mat_An_Chil_Wel_Cen_Par_Med_Staf_In_Pos_Num": "2", "id": 329563}, "perc": 0.0003211690553615159, "metric": 99.9996773306494, "value_global_local": {}, "partition_field": null, "Vil_Nam": "Durgu", "Stat_Nam": "West Bengal"}, {"data": [["Mat_An_Chil_Wel_Cen_Doc_In_Pos_Num", 3.0], ["Mat_An_Chil_Wel_Cen_Par_Med_Staf_In_Pos_Num", 1.0], 3.0], "data_low": {"Stat_Nam": "RAJASTHAN", "Vil_Nam": "2 PTP(NUKERA)", "Mat_An_Chil_Wel_Cen_Doc_In_Pos_Num": "3", "Mat_An_Chil_Wel_Cen_Par_Med_Staf_In_Pos_Num": "1", "id": 66647}, "data_high": {"Stat_Nam": "RAJASTHAN", "Vil_Nam": "2 PTP(NUKERA)", "Mat_An_Chil_Wel_Cen_Doc_In_Pos_Num": "3", "Mat_An_Chil_Wel_Cen_Par_Med_Staf_In_Pos_Num": "1", "id": 66647}, "perc": 0.003854028664338191, "metric": 99.9961439710127, "value_global_local": {"BIHAR": {"global_perc": 4.456923831171725e-05, "local_perc": 0.08333333333333333}, "JHARKHAND": {"global_perc": 6.173982836327716e-05, "local_perc": 0.08333333333333333}, "MADHYA PRADESH": {"global_perc": 9.106970475201719e-05, "local_perc": 0.20833333333333334}, "RAJASTHAN": {"global_perc": 0.00011192693409742121, "local_perc": 0.20833333333333334}, "TRIPURA": {"global_perc": 0.0034285714285714284, "local_perc": 0.125}, "UTTAR PRADESH": {"global_perc": 6.555903122483001e-05, "local_perc": 0.2916666666666667}}, "partition_field": "Stat_Nam", "Vil_Nam": "2 PTP(NUKERA)", "Stat_Nam": "RAJASTHAN"}, {"data": [["Mat_An_Chil_Wel_Cen_Doc_In_Pos_Num", 10.0], ["Mat_An_Chil_Wel_Cen_Par_Med_Staf_In_Pos_Num", 3.0], 3.3333333333333335], "data_low": {"Stat_Nam": "TRIPURA", "Vil_Nam": "Debendrachandranagar (Part)", "Mat_An_Chil_Wel_Cen_Doc_In_Pos_Num": "10", "Mat_An_Chil_Wel_Cen_Par_Med_Staf_In_Pos_Num": "3", "id": 270790}, "data_high": {"Stat_Nam": "TRIPURA", "Vil_Nam": "Debendrachandranagar (Part)", "Mat_An_Chil_Wel_Cen_Doc_In_Pos_Num": "10", "Mat_An_Chil_Wel_Cen_Par_Med_Staf_In_Pos_Num": "3", "id": 270790}, "perc": 0.00016058452768075794, "metric": 99.999837081676, "value_global_local": {}, "partition_field": null, "Vil_Nam": "Debendrachandranagar (Part)", "Stat_Nam": "TRIPURA"}, {"data": [["Mat_An_Chil_Wel_Cen_Doc_In_Pos_Num", 4.0], ["Mat_An_Chil_Wel_Cen_Par_Med_Staf_In_Pos_Num", 1.0], 4.0], "data_low": {"Stat_Nam": "Punjab", "Vil_Nam": "Sekhwan (474)", "Mat_An_Chil_Wel_Cen_Doc_In_Pos_Num": "4", "Mat_An_Chil_Wel_Cen_Par_Med_Staf_In_Pos_Num": "1", "id": 28186}, "data_high": {"Stat_Nam": "Punjab", "Vil_Nam": "Sekhwan (474)", "Mat_An_Chil_Wel_Cen_Doc_In_Pos_Num": "4", "Mat_An_Chil_Wel_Cen_Par_Med_Staf_In_Pos_Num": "1", "id": 28186}, "perc": 0.002087598859849853, "metric": 99.99790940060271, "value_global_local": {}, "partition_field": null, "Vil_Nam": "Sekhwan (474)", "Stat_Nam": "Punjab"}, {"data": [["Mat_An_Chil_Wel_Cen_Doc_In_Pos_Num", 5.0], ["Mat_An_Chil_Wel_Cen_Par_Med_Staf_In_Pos_Num", 1.0], 5.0], "data_low": {"Stat_Nam": "Punjab", "Vil_Nam": "Khizarabad (322)", "Mat_An_Chil_Wel_Cen_Doc_In_Pos_Num": "5", "Mat_An_Chil_Wel_Cen_Par_Med_Staf_In_Pos_Num": "1", "id": 38774}, "data_high": {"Stat_Nam": "Punjab", "Vil_Nam": "Khizarabad (322)", "Mat_An_Chil_Wel_Cen_Doc_In_Pos_Num": "5", "Mat_An_Chil_Wel_Cen_Par_Med_Staf_In_Pos_Num": "1", "id": 38774}, "perc": 0.0006423381107230318, "metric": 99.99935366111485, "value_global_local": {}, "partition_field": null, "Vil_Nam": "Khizarabad (322)", "Stat_Nam": "Punjab"}, {"data": [["Mat_An_Chil_Wel_Cen_Doc_In_Pos_Num", 6.0], ["Mat_An_Chil_Wel_Cen_Par_Med_Staf_In_Pos_Num", 1.0], 6.0], "data_low": {"Stat_Nam": "BIHAR", "Vil_Nam": "Minapur", "Mat_An_Chil_Wel_Cen_Doc_In_Pos_Num": "6", "Mat_An_Chil_Wel_Cen_Par_Med_Staf_In_Pos_Num": "1", "id": 227811}, "data_high": {"Stat_Nam": "BIHAR", "Vil_Nam": "Minapur", "Mat_An_Chil_Wel_Cen_Doc_In_Pos_Num": "6", "Mat_An_Chil_Wel_Cen_Par_Med_Staf_In_Pos_Num": "1", "id": 227811}, "perc": 0.0006423381107230318, "metric": 99.99935266092125, "value_global_local": {}, "partition_field": null, "Vil_Nam": "Minapur", "Stat_Nam": "BIHAR"}, {"data": [["Mat_An_Chil_Wel_Cen_Doc_In_Pos_Num", 8.0], ["Mat_An_Chil_Wel_Cen_Par_Med_Staf_In_Pos_Num", 1.0], 8.0], "data_low": {"Stat_Nam": "BIHAR", "Vil_Nam": "Parsauni", "Mat_An_Chil_Wel_Cen_Doc_In_Pos_Num": "8", "Mat_An_Chil_Wel_Cen_Par_Med_Staf_In_Pos_Num": "1", "id": 230253}, "data_high": {"Stat_Nam": "BIHAR", "Vil_Nam": "Parsauni", "Mat_An_Chil_Wel_Cen_Doc_In_Pos_Num": "8", "Mat_An_Chil_Wel_Cen_Par_Med_Staf_In_Pos_Num": "1", "id": 230253}, "perc": 0.00016058452768075794, "metric": 99.99983241408336, "value_global_local": {}, "partition_field": null, "Vil_Nam": "Parsauni", "Stat_Nam": "BIHAR"}, {"data": [["Mat_An_Chil_Wel_Cen_Doc_In_Pos_Num", 1.0], ["Mat_An_Chil_Wel_Cen_Par_Med_Staf_In_Pos_Num", 0], 9999], "data_low": {"Stat_Nam": "JAMMU & KASHMIR", "Vil_Nam": "Trapay", "Mat_An_Chil_Wel_Cen_Doc_In_Pos_Num": "1", "Mat_An_Chil_Wel_Cen_Par_Med_Staf_In_Pos_Num": "", "id": 379}, "data_high": {"Stat_Nam": "UTTAR PRADESH", "Vil_Nam": "Ranibari", "Mat_An_Chil_Wel_Cen_Doc_In_Pos_Num": "9", "Mat_An_Chil_Wel_Cen_Par_Med_Staf_In_Pos_Num": "0", "id": 210432}, "perc": 0.17985467100244892, "metric": 99.81016331456449, "value_global_local": {"ANDAMAN & NICOBAR ISLANDS": {"global_perc": 0.0036036036036036037, "local_perc": 0.0017857142857142857}, "BIHAR": {"global_perc": 0.0010696617194812142, "local_perc": 0.04285714285714286}, "HIMACHAL PRADESH": {"global_perc": 0.001208313194780087, "local_perc": 0.022321428571428572}, "JAMMU & KASHMIR": {"global_perc": 0.000610407446970853, "local_perc": 0.0035714285714285713}, "JHARKHAND": {"global_perc": 0.0036735197876149902, "local_perc": 0.10625}, "MADHYA PRADESH": {"global_perc": 0.0021856729140484125, "local_perc": 0.10714285714285714}, "MIZORAM": {"global_perc": 0.0012048192771084338, "local_perc": 0.0008928571428571428}, "NAGALAND": {"global_perc": 0.0007002801120448179, "local_perc": 0.0008928571428571428}, "TRIPURA": {"global_perc": 0.004571428571428572, "local_perc": 0.0035714285714285713}, "UTTAR PRADESH": {"global_perc": 0.0060688931762414074, "local_perc": 0.5785714285714286}, "UTTARAKHAND": {"global_perc": 0.0002381944857976538, "local_perc": 0.0035714285714285713}, "West Bengal": {"global_perc": 0.003580486349395793, "local_perc": 0.12857142857142856}}, "partition_field": "Stat_Nam", "Vil_Nam": "Trapay", "Stat_Nam": "JAMMU & KASHMIR"}, {"data": [["Mat_An_Chil_Wel_Cen_Doc_In_Pos_Num", 0], ["Mat_An_Chil_Wel_Cen_Par_Med_Staf_In_Pos_Num", 0], 99980001], "data_low": {"Stat_Nam": "JAMMU & KASHMIR", "Vil_Nam": "Bore", "Mat_An_Chil_Wel_Cen_Doc_In_Pos_Num": "", "Mat_An_Chil_Wel_Cen_Par_Med_Staf_In_Pos_Num": "", "id": 0}, "data_high": {"Stat_Nam": "JAMMU & KASHMIR", "Vil_Nam": "Palmar", "Mat_An_Chil_Wel_Cen_Doc_In_Pos_Num": "Mat_pos", "Mat_An_Chil_Wel_Cen_Par_Med_Staf_In_Pos_Num": "Mat_ppos", "id": 4582}, "perc": 95.51567706451483, "metric": 9.553478306578016e-07, "value_global_local": {"null": {"global_perc": 0.9551567706451484, "local_perc": 1.0}}, "partition_field": "Dist_Other", "Vil_Nam": "Bore", "Stat_Nam": "JAMMU & KASHMIR"}]